"resp.id","profile","threshold","frequency"
2,"web|simple|low|multi_person",0.555390529699774,1
3,"web|simple|low|multi_person",0.618711655256822,1
4,"web|simple|low|multi_person",1,1
5,"web|simple|low|multi_person",0.524425184623628,1
6,"web|simple|low|multi_person",0.763064376243578,1
7,"web|simple|low|multi_person",1,1
8,"web|simple|low|multi_person",1,1
9,"web|simple|low|multi_person",0.949677734332641,1
10,"web|simple|low|multi_person",1,1
11,"web|simple|low|multi_person",0.643406738368296,1
13,"web|simple|low|multi_person",0.225811798720228,1
14,"web|simple|low|multi_person",1,1
15,"web|simple|low|multi_person",0.671200326819229,1
16,"web|simple|low|multi_person",1,1
17,"web|simple|low|multi_person",0.550710508620471,1
18,"web|simple|low|multi_person",1,1
19,"web|simple|low|multi_person",1,1
20,"web|simple|low|multi_person",0.453207985377818,1
21,"web|simple|low|multi_person",0.931615007671194,1
22,"web|simple|low|multi_person",0.49471120386169,1
23,"web|simple|low|multi_person",0,1
24,"web|simple|low|multi_person",1,1
26,"web|simple|low|multi_person",0.642943037368394,1
27,"web|simple|low|multi_person",1,1
28,"web|simple|low|multi_person",0,1
29,"web|simple|low|multi_person",1,1
31,"web|simple|low|multi_person",0.436595686623899,1
32,"web|simple|low|multi_person",1,1
33,"web|simple|low|multi_person",0.41994882293273,1
35,"web|simple|low|multi_person",1,1
36,"web|simple|low|multi_person",1,1
37,"web|simple|low|multi_person",0.845747994227897,1
38,"web|simple|low|multi_person",0.749386156986988,1
39,"web|simple|low|multi_person",1,1
41,"web|simple|low|multi_person",0.837159987754156,1
42,"web|simple|low|multi_person",1,1
43,"web|simple|low|multi_person",0.756138759671882,1
44,"web|simple|low|multi_person",0.859000741690189,1
45,"web|simple|low|multi_person",0.213994524833329,1
46,"web|simple|low|multi_person",0.0262092702425402,1
47,"web|simple|low|multi_person",0.186221677502809,1
48,"web|simple|low|multi_person",0.000896688144772079,1
49,"web|simple|low|multi_person",0.0595212350060529,1
50,"web|simple|low|multi_person",1,1
51,"web|simple|low|multi_person",0.75622215325823,1
52,"web|simple|low|multi_person",0.930670397826132,1
53,"web|simple|low|multi_person",0.826630811794953,1
54,"web|simple|low|multi_person",1,1
55,"web|simple|low|multi_person",0.418103499029656,1
56,"web|simple|low|multi_person",0,1
57,"web|simple|low|multi_person",1,1
58,"web|simple|low|multi_person",0.279766512842961,1
60,"web|simple|low|multi_person",0.372852215610174,1
61,"web|simple|low|multi_person",0.239949358769465,1
62,"web|simple|low|multi_person",1,1
63,"web|simple|low|multi_person",1,1
64,"web|simple|low|multi_person",0.119768625439052,1
65,"web|simple|low|multi_person",1,1
68,"web|simple|low|multi_person",1,1
69,"web|simple|low|multi_person",1,1
70,"web|simple|low|multi_person",0.460166947727437,1
71,"web|simple|low|multi_person",0.392744354721994,1
72,"web|simple|low|multi_person",1,1
73,"web|simple|low|multi_person",0.757645584020501,1
74,"web|simple|low|multi_person",1,1
75,"web|simple|low|multi_person",0.601743813540115,1
76,"web|simple|low|multi_person",0.14924881780932,1
77,"web|simple|low|multi_person",0.834002408098035,1
78,"web|simple|low|multi_person",1,1
79,"web|simple|low|multi_person",1,1
80,"web|simple|low|multi_person",0.269014143468459,1
81,"web|simple|low|multi_person",0.763064128074447,1
82,"web|simple|low|multi_person",1,1
83,"web|simple|low|multi_person",0.932308409113804,1
84,"web|simple|low|multi_person",1,1
86,"web|simple|low|multi_person",0.846764685739765,1
87,"web|simple|low|multi_person",0.747681725103112,1
88,"web|simple|low|multi_person",0.578097932214303,1
90,"web|simple|low|multi_person",0.896385103007658,1
91,"web|simple|low|multi_person",0,1
92,"web|simple|low|multi_person",0.928262952518777,1
93,"web|simple|low|multi_person",1,1
94,"web|simple|low|multi_person",1,1
95,"web|simple|low|multi_person",1,1
96,"web|simple|low|multi_person",0.398421127569936,1
97,"web|simple|low|multi_person",0.491225113028988,1
98,"web|simple|low|multi_person",0.298911848536055,1
99,"web|simple|low|multi_person",1,1
100,"web|simple|low|multi_person",0,1
101,"web|simple|low|multi_person",1,1
103,"web|simple|low|multi_person",1,1
104,"web|simple|low|multi_person",0.234761562127432,1
105,"web|simple|low|multi_person",0,1
106,"web|simple|low|multi_person",0.428666067571181,1
107,"web|simple|low|multi_person",0.668606900132526,1
108,"web|simple|low|multi_person",0.193885591259879,1
109,"web|simple|low|multi_person",0.425599893689076,1
110,"web|simple|low|multi_person",0.702861276488961,1
111,"web|simple|low|multi_person",0.762454255723791,1
112,"web|simple|low|multi_person",1,1
113,"web|simple|low|multi_person",0.413872527763905,1
114,"web|simple|low|multi_person",1,1
115,"web|simple|low|multi_person",1,1
116,"web|simple|low|multi_person",0.413076800053288,1
117,"web|simple|low|multi_person",0.451034815681268,1
118,"web|simple|low|multi_person",0.669881954456337,1
119,"web|simple|low|multi_person",0.934699827949006,1
120,"web|simple|low|multi_person",0.396827899149299,1
121,"web|simple|low|multi_person",0.862583075972948,1
122,"web|simple|low|multi_person",0.0373268651023439,1
123,"web|simple|low|multi_person",0.991705251172585,1
124,"web|simple|low|multi_person",1,1
125,"web|simple|low|multi_person",0,1
126,"web|simple|low|multi_person",0.378477764179156,1
127,"web|simple|low|multi_person",1,1
128,"web|simple|low|multi_person",0.0200514861888457,1
130,"web|simple|low|multi_person",0,1
131,"web|simple|low|multi_person",0.829380182737318,1
132,"web|simple|low|multi_person",0.685359136531384,1
133,"web|simple|low|multi_person",0.296375890349801,1
135,"web|simple|low|multi_person",0.326916414764904,1
136,"web|simple|low|multi_person",0.874723159774319,1
137,"web|simple|low|multi_person",0.0140576954314464,1
138,"web|simple|low|multi_person",1,1
140,"web|simple|low|multi_person",0.445274287313165,1
141,"web|simple|low|multi_person",0.764111697999885,1
142,"web|simple|low|multi_person",1,1
143,"web|simple|low|multi_person",1,1
144,"web|simple|low|multi_person",0.357189213562096,1
145,"web|simple|low|multi_person",0.910681759121714,1
146,"web|simple|low|multi_person",1,1
147,"web|simple|low|multi_person",0.818555491667917,1
148,"web|simple|low|multi_person",0,1
149,"web|simple|low|multi_person",1,1
150,"web|simple|low|multi_person",0.674860317146729,1
151,"web|simple|low|multi_person",1,1
152,"web|simple|low|multi_person",1,1
153,"web|simple|low|multi_person",0,1
154,"web|simple|low|multi_person",1,1
155,"web|simple|low|multi_person",1,1
156,"web|simple|low|multi_person",0.803558284540145,1
157,"web|simple|low|multi_person",0.753208548824704,1
158,"web|simple|low|multi_person",1,1
159,"web|simple|low|multi_person",1,1
160,"web|simple|low|multi_person",0.736922540887316,1
162,"web|simple|low|multi_person",1,1
163,"web|simple|low|multi_person",0.210190037102799,1
164,"web|simple|low|multi_person",0.853142907882233,1
165,"web|simple|low|multi_person",1,1
166,"web|simple|low|multi_person",0.618568856019436,1
167,"web|simple|low|multi_person",0.968438628815843,1
168,"web|simple|low|multi_person",0.631648353393335,1
169,"web|simple|low|multi_person",1,1
170,"web|simple|low|multi_person",1,1
171,"web|simple|low|multi_person",1,1
172,"web|simple|low|multi_person",0.0860613840997659,1
173,"web|simple|low|multi_person",0.222241140914512,1
174,"web|simple|low|multi_person",0,1
175,"web|simple|low|multi_person",0.998943212495973,1
176,"web|simple|low|multi_person",0.201912351455314,1
177,"web|simple|low|multi_person",0.604844027986854,1
178,"web|simple|low|multi_person",0.447008452368852,1
179,"web|simple|low|multi_person",0.22503170911823,1
180,"web|simple|low|multi_person",0.748239362693872,1
181,"web|simple|low|multi_person",0.805780811688068,1
183,"web|simple|low|multi_person",0,1
184,"web|simple|low|multi_person",0.236927490914971,1
186,"web|simple|low|multi_person",0.135037210249752,1
187,"web|simple|low|multi_person",0.927077357097392,1
188,"web|simple|low|multi_person",1,1
189,"web|simple|low|multi_person",1,1
190,"web|simple|low|multi_person",0.216951668083935,1
191,"web|simple|low|multi_person",0.684809691597809,1
192,"web|simple|low|multi_person",0.809289362447276,1
194,"web|simple|low|multi_person",0.23722994759913,1
195,"web|simple|low|multi_person",1,1
196,"web|simple|low|multi_person",0.973439444821754,1
197,"web|simple|low|multi_person",0.69088707989521,1
198,"web|simple|low|multi_person",0.750243733412931,1
199,"web|simple|low|multi_person",1,1
200,"web|simple|low|multi_person",0.246398178837212,1
201,"web|simple|low|multi_person",0.513895162311233,1
202,"web|simple|low|multi_person",1,1
203,"web|simple|low|multi_person",0.728372485979821,1
205,"web|simple|low|multi_person",0.320425548353566,1
206,"web|simple|low|multi_person",1,1
207,"web|simple|low|multi_person",1,1
208,"web|simple|low|multi_person",1,1
209,"web|simple|low|multi_person",0.498010177888704,1
210,"web|simple|low|multi_person",1,1
211,"web|simple|low|multi_person",0.295875419068304,1
212,"web|simple|low|multi_person",1,1
213,"web|simple|low|multi_person",0.860267155388291,1
214,"web|simple|low|multi_person",1,1
217,"web|simple|low|multi_person",1,1
219,"web|simple|low|multi_person",0.318005935358211,1
220,"web|simple|low|multi_person",1,1
221,"web|simple|low|multi_person",0,1
222,"web|simple|low|multi_person",1,1
223,"web|simple|low|multi_person",0.452828355905928,1
224,"web|simple|low|multi_person",0,1
225,"web|simple|low|multi_person",0.526211038719469,1
226,"web|simple|low|multi_person",0.0228470102966388,1
227,"web|simple|low|multi_person",0.995980020014152,1
228,"web|simple|low|multi_person",0.950040933958171,1
230,"web|simple|low|multi_person",0.220758378781928,1
231,"web|simple|low|multi_person",0.873290520451114,1
232,"web|simple|low|multi_person",1,1
233,"web|simple|low|multi_person",1,1
234,"web|simple|low|multi_person",0.516509869505736,1
235,"web|simple|low|multi_person",1,1
236,"web|simple|low|multi_person",0.996993958366272,1
237,"web|simple|low|multi_person",0.811625269137131,1
238,"web|simple|low|multi_person",1,1
239,"web|simple|low|multi_person",0.510355434083689,1
240,"web|simple|low|multi_person",1,1
241,"web|simple|low|multi_person",0.955914284764288,1
242,"web|simple|low|multi_person",0.0555201771015677,1
243,"web|simple|low|multi_person",0.343002924337078,1
245,"web|simple|low|multi_person",0.977023469205661,1
246,"web|simple|low|multi_person",0.176525439459374,1
247,"web|simple|low|multi_person",1,1
248,"web|simple|low|multi_person",0,1
249,"web|simple|low|multi_person",0.262551733543491,1
250,"web|simple|low|multi_person",0.984235723052966,1
251,"web|simple|low|multi_person",0.861639526430061,1
252,"web|simple|low|multi_person",0.410689710996095,1
253,"web|simple|low|multi_person",1,1
254,"web|simple|low|multi_person",0,1
256,"web|simple|low|multi_person",0.880497515161652,1
258,"web|simple|low|multi_person",1,1
259,"web|simple|low|multi_person",0.767718815249568,1
260,"web|simple|low|multi_person",0.00780574380886929,1
261,"web|simple|low|multi_person",1,1
263,"web|simple|low|multi_person",0,1
264,"web|simple|low|multi_person",0,1
265,"web|simple|low|multi_person",1,1
266,"web|simple|low|multi_person",1,1
267,"web|simple|low|multi_person",1,1
268,"web|simple|low|multi_person",0.349337189036953,1
269,"web|simple|low|multi_person",0.970700941299311,1
270,"web|simple|low|multi_person",0.607997231651675,1
271,"web|simple|low|multi_person",1,1
272,"web|simple|low|multi_person",1,1
273,"web|simple|low|multi_person",0,1
274,"web|simple|low|multi_person",0,1
275,"web|simple|low|multi_person",0.0275577734252972,1
276,"web|simple|low|multi_person",0,1
277,"web|simple|low|multi_person",1,1
279,"web|simple|low|multi_person",0.452567691201101,1
280,"web|simple|low|multi_person",0.307852830235128,1
281,"web|simple|low|multi_person",1,1
282,"web|simple|low|multi_person",0.810863023923302,1
283,"web|simple|low|multi_person",0,1
284,"web|simple|low|multi_person",1,1
285,"web|simple|low|multi_person",0,1
286,"web|simple|low|multi_person",0.178453792872728,1
287,"web|simple|low|multi_person",0.98498703542482,1
288,"web|simple|low|multi_person",0,1
289,"web|simple|low|multi_person",0.253379156897298,1
290,"web|simple|low|multi_person",0.669273607429926,1
291,"web|simple|low|multi_person",0.713391931565371,1
292,"web|simple|low|multi_person",0.107572952106082,1
293,"web|simple|low|multi_person",0.246681512012194,1
294,"web|simple|low|multi_person",0.836115181118478,1
295,"web|simple|low|multi_person",0.514737549928203,1
296,"web|simple|low|multi_person",0.180576135932734,1
297,"web|simple|low|multi_person",1,1
298,"web|simple|low|multi_person",1,1
299,"web|simple|low|multi_person",0.128644414729321,1
301,"web|simple|low|multi_person",1,1
302,"web|simple|low|multi_person",1,1
303,"web|simple|low|multi_person",0.439913480696979,1
304,"web|simple|low|multi_person",1,1
305,"web|simple|low|multi_person",0.582357992793949,1
306,"web|simple|low|multi_person",0.644379869193934,1
307,"web|simple|low|multi_person",0.879164295106923,1
308,"web|simple|low|multi_person",1,1
309,"web|simple|low|multi_person",1,1
310,"web|simple|low|multi_person",0.279970186181861,1
311,"web|simple|low|multi_person",0.809197239931948,1
312,"web|simple|low|multi_person",0.522591085922899,1
313,"web|simple|low|multi_person",1,1
314,"web|simple|low|multi_person",0.64943881959667,1
2,"mobile|two_factor|low|multi_person",0.4260647714961,1
3,"mobile|two_factor|low|multi_person",0.0927815488263624,1
4,"mobile|two_factor|low|multi_person",1,1
5,"mobile|two_factor|low|multi_person",1,1
6,"mobile|two_factor|low|multi_person",0.869457654171876,1
7,"mobile|two_factor|low|multi_person",1,1
8,"mobile|two_factor|low|multi_person",1,1
9,"mobile|two_factor|low|multi_person",0.428502734192954,1
10,"mobile|two_factor|low|multi_person",0.688470068828014,1
11,"mobile|two_factor|low|multi_person",1,1
13,"mobile|two_factor|low|multi_person",0.152993450746875,1
14,"mobile|two_factor|low|multi_person",1,1
15,"mobile|two_factor|low|multi_person",0.653288879481316,1
16,"mobile|two_factor|low|multi_person",1,1
17,"mobile|two_factor|low|multi_person",0.576780571060993,1
18,"mobile|two_factor|low|multi_person",0.940744928943877,1
19,"mobile|two_factor|low|multi_person",1,1
20,"mobile|two_factor|low|multi_person",0,1
21,"mobile|two_factor|low|multi_person",0.691127058930454,1
22,"mobile|two_factor|low|multi_person",0.0149953937626616,1
23,"mobile|two_factor|low|multi_person",0,1
24,"mobile|two_factor|low|multi_person",1,1
26,"mobile|two_factor|low|multi_person",0.920749759314751,1
27,"mobile|two_factor|low|multi_person",0.0119569286772021,1
28,"mobile|two_factor|low|multi_person",0,1
29,"mobile|two_factor|low|multi_person",1,1
31,"mobile|two_factor|low|multi_person",0.289740888975404,1
32,"mobile|two_factor|low|multi_person",1,1
33,"mobile|two_factor|low|multi_person",0.406329698655935,1
35,"mobile|two_factor|low|multi_person",0.215444441887288,1
36,"mobile|two_factor|low|multi_person",1,1
37,"mobile|two_factor|low|multi_person",0.859194973930041,1
38,"mobile|two_factor|low|multi_person",0.872055701663519,1
39,"mobile|two_factor|low|multi_person",0.966292927008336,1
41,"mobile|two_factor|low|multi_person",0.789376314403622,1
42,"mobile|two_factor|low|multi_person",0.902791331354601,1
43,"mobile|two_factor|low|multi_person",1,1
44,"mobile|two_factor|low|multi_person",0.681908795433921,1
45,"mobile|two_factor|low|multi_person",1,1
46,"mobile|two_factor|low|multi_person",1,1
47,"mobile|two_factor|low|multi_person",0.0837953737023684,1
48,"mobile|two_factor|low|multi_person",0.195929402989211,1
49,"mobile|two_factor|low|multi_person",0.11969136209342,1
50,"mobile|two_factor|low|multi_person",0.748728984671933,1
51,"mobile|two_factor|low|multi_person",0.485207208891394,1
52,"mobile|two_factor|low|multi_person",1,1
53,"mobile|two_factor|low|multi_person",0.944664793043774,1
54,"mobile|two_factor|low|multi_person",0.338719920961343,1
55,"mobile|two_factor|low|multi_person",0.514802765942054,1
56,"mobile|two_factor|low|multi_person",0.860357046584024,1
57,"mobile|two_factor|low|multi_person",1,1
58,"mobile|two_factor|low|multi_person",0.311439748519462,1
60,"mobile|two_factor|low|multi_person",0.279990292890621,1
61,"mobile|two_factor|low|multi_person",0.291190489403371,1
62,"mobile|two_factor|low|multi_person",1,1
63,"mobile|two_factor|low|multi_person",0.963908458449573,1
64,"mobile|two_factor|low|multi_person",0,1
65,"mobile|two_factor|low|multi_person",0.514766541362998,1
68,"mobile|two_factor|low|multi_person",1,1
69,"mobile|two_factor|low|multi_person",1,1
70,"mobile|two_factor|low|multi_person",0.585412541154784,1
71,"mobile|two_factor|low|multi_person",0,1
72,"mobile|two_factor|low|multi_person",1,1
73,"mobile|two_factor|low|multi_person",0.665458183242476,1
74,"mobile|two_factor|low|multi_person",0.83954679673458,1
75,"mobile|two_factor|low|multi_person",0.771483021016854,1
76,"mobile|two_factor|low|multi_person",0,1
77,"mobile|two_factor|low|multi_person",0.7249695208169,1
78,"mobile|two_factor|low|multi_person",0.870280055259651,1
79,"mobile|two_factor|low|multi_person",0.276894789178032,1
80,"mobile|two_factor|low|multi_person",0.35367198795563,1
81,"mobile|two_factor|low|multi_person",1,1
82,"mobile|two_factor|low|multi_person",1,1
83,"mobile|two_factor|low|multi_person",1,1
84,"mobile|two_factor|low|multi_person",1,1
86,"mobile|two_factor|low|multi_person",0.881127100785505,1
87,"mobile|two_factor|low|multi_person",0.323173148448688,1
88,"mobile|two_factor|low|multi_person",0.4983681876416,1
90,"mobile|two_factor|low|multi_person",0.510219926509481,1
91,"mobile|two_factor|low|multi_person",0,1
92,"mobile|two_factor|low|multi_person",0.933588249146516,1
93,"mobile|two_factor|low|multi_person",0.180953381504471,1
94,"mobile|two_factor|low|multi_person",0.255255892925606,1
95,"mobile|two_factor|low|multi_person",0.998152852668497,1
96,"mobile|two_factor|low|multi_person",1,1
97,"mobile|two_factor|low|multi_person",0.793446173804696,1
98,"mobile|two_factor|low|multi_person",0.239701189526292,1
99,"mobile|two_factor|low|multi_person",1,1
100,"mobile|two_factor|low|multi_person",1,1
101,"mobile|two_factor|low|multi_person",0.981200270804342,1
103,"mobile|two_factor|low|multi_person",0.112735830087407,1
104,"mobile|two_factor|low|multi_person",0.120215979990117,1
105,"mobile|two_factor|low|multi_person",1,1
106,"mobile|two_factor|low|multi_person",0,1
107,"mobile|two_factor|low|multi_person",0.572856615785596,1
108,"mobile|two_factor|low|multi_person",0.274829231631293,1
109,"mobile|two_factor|low|multi_person",0.50086479133762,1
110,"mobile|two_factor|low|multi_person",0.738636058303963,1
111,"mobile|two_factor|low|multi_person",0.772431294995262,1
112,"mobile|two_factor|low|multi_person",0.981521861973164,1
113,"mobile|two_factor|low|multi_person",0.313862976062958,1
114,"mobile|two_factor|low|multi_person",0.838106468683263,1
115,"mobile|two_factor|low|multi_person",1,1
116,"mobile|two_factor|low|multi_person",0.326206213360324,1
117,"mobile|two_factor|low|multi_person",0.462341722419747,1
118,"mobile|two_factor|low|multi_person",0.400092641344624,1
119,"mobile|two_factor|low|multi_person",0.417319510346656,1
120,"mobile|two_factor|low|multi_person",0,1
121,"mobile|two_factor|low|multi_person",0.968308588629541,1
122,"mobile|two_factor|low|multi_person",0.0509834575429868,1
123,"mobile|two_factor|low|multi_person",0.761117115905061,1
124,"mobile|two_factor|low|multi_person",1,1
125,"mobile|two_factor|low|multi_person",0.317352761564379,1
126,"mobile|two_factor|low|multi_person",0.276155610967681,1
127,"mobile|two_factor|low|multi_person",1,1
128,"mobile|two_factor|low|multi_person",1,1
130,"mobile|two_factor|low|multi_person",0.327103823739856,1
131,"mobile|two_factor|low|multi_person",0.374389633821914,1
132,"mobile|two_factor|low|multi_person",0.456834418292647,1
133,"mobile|two_factor|low|multi_person",0.173269922294754,1
135,"mobile|two_factor|low|multi_person",0.390189955845091,1
136,"mobile|two_factor|low|multi_person",0.670117248564151,1
137,"mobile|two_factor|low|multi_person",0.285671077741012,1
138,"mobile|two_factor|low|multi_person",1,1
140,"mobile|two_factor|low|multi_person",0.179240163722491,1
141,"mobile|two_factor|low|multi_person",1,1
142,"mobile|two_factor|low|multi_person",1,1
143,"mobile|two_factor|low|multi_person",1,1
144,"mobile|two_factor|low|multi_person",0.205680479894747,1
145,"mobile|two_factor|low|multi_person",0.752441855099348,1
146,"mobile|two_factor|low|multi_person",1,1
147,"mobile|two_factor|low|multi_person",0.555783839474099,1
148,"mobile|two_factor|low|multi_person",0,1
149,"mobile|two_factor|low|multi_person",0.567101837282336,1
150,"mobile|two_factor|low|multi_person",0.700457202402007,1
151,"mobile|two_factor|low|multi_person",0.976547140622644,1
152,"mobile|two_factor|low|multi_person",0.690986914176197,1
153,"mobile|two_factor|low|multi_person",1,1
154,"mobile|two_factor|low|multi_person",1,1
155,"mobile|two_factor|low|multi_person",1,1
156,"mobile|two_factor|low|multi_person",0.696798387258471,1
157,"mobile|two_factor|low|multi_person",0.771093430838972,1
158,"mobile|two_factor|low|multi_person",0.832218823732316,1
159,"mobile|two_factor|low|multi_person",1,1
160,"mobile|two_factor|low|multi_person",1,1
162,"mobile|two_factor|low|multi_person",0.587850395106136,1
163,"mobile|two_factor|low|multi_person",0.078527045598281,1
164,"mobile|two_factor|low|multi_person",0.768514274985547,1
165,"mobile|two_factor|low|multi_person",1,1
166,"mobile|two_factor|low|multi_person",0.736547895548201,1
167,"mobile|two_factor|low|multi_person",0.0112343004279799,1
168,"mobile|two_factor|low|multi_person",0.291800597139266,1
169,"mobile|two_factor|low|multi_person",0.610822300323334,1
170,"mobile|two_factor|low|multi_person",0.828904598306222,1
171,"mobile|two_factor|low|multi_person",0.557237974142363,1
172,"mobile|two_factor|low|multi_person",0.522986652742842,1
173,"mobile|two_factor|low|multi_person",0.179283507062638,1
174,"mobile|two_factor|low|multi_person",0,1
175,"mobile|two_factor|low|multi_person",0.803781411729896,1
176,"mobile|two_factor|low|multi_person",0.179241165563533,1
177,"mobile|two_factor|low|multi_person",0.566893887952197,1
178,"mobile|two_factor|low|multi_person",0.0713395657489322,1
179,"mobile|two_factor|low|multi_person",0.464001699367533,1
180,"mobile|two_factor|low|multi_person",0.582054616795588,1
181,"mobile|two_factor|low|multi_person",0.730970139734293,1
183,"mobile|two_factor|low|multi_person",0,1
184,"mobile|two_factor|low|multi_person",0.244587421643603,1
186,"mobile|two_factor|low|multi_person",0.0538881968417655,1
187,"mobile|two_factor|low|multi_person",0.766552383897988,1
188,"mobile|two_factor|low|multi_person",0.666896462142474,1
189,"mobile|two_factor|low|multi_person",0.266216978893674,1
190,"mobile|two_factor|low|multi_person",0.00483624818241424,1
191,"mobile|two_factor|low|multi_person",1,1
192,"mobile|two_factor|low|multi_person",0.332802169878454,1
194,"mobile|two_factor|low|multi_person",0.398090645991276,1
195,"mobile|two_factor|low|multi_person",0.586852536031741,1
196,"mobile|two_factor|low|multi_person",0.901842303588299,1
197,"mobile|two_factor|low|multi_person",0.459668606114625,1
198,"mobile|two_factor|low|multi_person",1,1
199,"mobile|two_factor|low|multi_person",1,1
200,"mobile|two_factor|low|multi_person",0.313858371293706,1
201,"mobile|two_factor|low|multi_person",0.575636383365102,1
202,"mobile|two_factor|low|multi_person",1,1
203,"mobile|two_factor|low|multi_person",0.771677920914532,1
205,"mobile|two_factor|low|multi_person",0.13239828602093,1
206,"mobile|two_factor|low|multi_person",1,1
207,"mobile|two_factor|low|multi_person",1,1
208,"mobile|two_factor|low|multi_person",0.82699249824869,1
209,"mobile|two_factor|low|multi_person",1,1
210,"mobile|two_factor|low|multi_person",0.560937073085322,1
211,"mobile|two_factor|low|multi_person",0.19407362385676,1
212,"mobile|two_factor|low|multi_person",1,1
213,"mobile|two_factor|low|multi_person",0.935551019081876,1
214,"mobile|two_factor|low|multi_person",0.961304142336445,1
217,"mobile|two_factor|low|multi_person",0.609500892710335,1
219,"mobile|two_factor|low|multi_person",0.333726324292204,1
220,"mobile|two_factor|low|multi_person",1,1
221,"mobile|two_factor|low|multi_person",0,1
222,"mobile|two_factor|low|multi_person",1,1
223,"mobile|two_factor|low|multi_person",0.303724293473403,1
224,"mobile|two_factor|low|multi_person",0.365652012406132,1
225,"mobile|two_factor|low|multi_person",0.0619587985520392,1
226,"mobile|two_factor|low|multi_person",0.645553736617282,1
227,"mobile|two_factor|low|multi_person",1,1
228,"mobile|two_factor|low|multi_person",0.620614748961272,1
230,"mobile|two_factor|low|multi_person",0,1
231,"mobile|two_factor|low|multi_person",0.757642462900122,1
232,"mobile|two_factor|low|multi_person",0.181431602728685,1
233,"mobile|two_factor|low|multi_person",0.582119618840966,1
234,"mobile|two_factor|low|multi_person",0.0421102670891242,1
235,"mobile|two_factor|low|multi_person",0.447381078409677,1
236,"mobile|two_factor|low|multi_person",1,1
237,"mobile|two_factor|low|multi_person",1,1
238,"mobile|two_factor|low|multi_person",1,1
239,"mobile|two_factor|low|multi_person",0.430509795165487,1
240,"mobile|two_factor|low|multi_person",1,1
241,"mobile|two_factor|low|multi_person",1,1
242,"mobile|two_factor|low|multi_person",0.244646583354659,1
243,"mobile|two_factor|low|multi_person",0.263691445213544,1
245,"mobile|two_factor|low|multi_person",0.788382121434193,1
246,"mobile|two_factor|low|multi_person",0,1
247,"mobile|two_factor|low|multi_person",1,1
248,"mobile|two_factor|low|multi_person",0,1
249,"mobile|two_factor|low|multi_person",0.247311852381822,1
250,"mobile|two_factor|low|multi_person",0.919010867374666,1
251,"mobile|two_factor|low|multi_person",0.631171657362642,1
252,"mobile|two_factor|low|multi_person",0.193282731526293,1
253,"mobile|two_factor|low|multi_person",1,1
254,"mobile|two_factor|low|multi_person",1,1
256,"mobile|two_factor|low|multi_person",1,1
258,"mobile|two_factor|low|multi_person",0.967646478560148,1
259,"mobile|two_factor|low|multi_person",0.731675725392901,1
260,"mobile|two_factor|low|multi_person",0.00624946065352585,1
261,"mobile|two_factor|low|multi_person",0.621025944017125,1
263,"mobile|two_factor|low|multi_person",0,1
264,"mobile|two_factor|low|multi_person",0,1
265,"mobile|two_factor|low|multi_person",0.793270450500801,1
266,"mobile|two_factor|low|multi_person",0.719167615792615,1
267,"mobile|two_factor|low|multi_person",0.951759472578807,1
268,"mobile|two_factor|low|multi_person",0.361007206074968,1
269,"mobile|two_factor|low|multi_person",1,1
270,"mobile|two_factor|low|multi_person",0.478658239189813,1
271,"mobile|two_factor|low|multi_person",1,1
272,"mobile|two_factor|low|multi_person",0.878981495488713,1
273,"mobile|two_factor|low|multi_person",0,1
274,"mobile|two_factor|low|multi_person",0.195555200046613,1
275,"mobile|two_factor|low|multi_person",0,1
276,"mobile|two_factor|low|multi_person",0,1
277,"mobile|two_factor|low|multi_person",0.471003056479563,1
279,"mobile|two_factor|low|multi_person",0.239679566640797,1
280,"mobile|two_factor|low|multi_person",0,1
281,"mobile|two_factor|low|multi_person",0.755671011199502,1
282,"mobile|two_factor|low|multi_person",0.636379252623526,1
283,"mobile|two_factor|low|multi_person",0.177502479270783,1
284,"mobile|two_factor|low|multi_person",0.805730844323452,1
285,"mobile|two_factor|low|multi_person",0,1
286,"mobile|two_factor|low|multi_person",0.0483871929157278,1
287,"mobile|two_factor|low|multi_person",0.823124219663716,1
288,"mobile|two_factor|low|multi_person",0,1
289,"mobile|two_factor|low|multi_person",0,1
290,"mobile|two_factor|low|multi_person",0.452662294293749,1
291,"mobile|two_factor|low|multi_person",0.591619486911181,1
292,"mobile|two_factor|low|multi_person",0.0915572382743452,1
293,"mobile|two_factor|low|multi_person",0.25714627049418,1
294,"mobile|two_factor|low|multi_person",0.696265385724813,1
295,"mobile|two_factor|low|multi_person",0,1
296,"mobile|two_factor|low|multi_person",0.144956067205051,1
297,"mobile|two_factor|low|multi_person",1,1
298,"mobile|two_factor|low|multi_person",0.958215663085374,1
299,"mobile|two_factor|low|multi_person",0.67608366015394,1
301,"mobile|two_factor|low|multi_person",1,1
302,"mobile|two_factor|low|multi_person",0.743751567635369,1
303,"mobile|two_factor|low|multi_person",0.308861592489614,1
304,"mobile|two_factor|low|multi_person",1,1
305,"mobile|two_factor|low|multi_person",1,1
306,"mobile|two_factor|low|multi_person",0.803074089482508,1
307,"mobile|two_factor|low|multi_person",1,1
308,"mobile|two_factor|low|multi_person",0.235909071735081,1
309,"mobile|two_factor|low|multi_person",1,1
310,"mobile|two_factor|low|multi_person",1,1
311,"mobile|two_factor|low|multi_person",0.663458604853089,1
312,"mobile|two_factor|low|multi_person",0.00128933566422588,1
313,"mobile|two_factor|low|multi_person",1,1
314,"mobile|two_factor|low|multi_person",0.174377120858044,1
2,"web|two_factor|low|multi_person",0.489827825295138,1
3,"web|two_factor|low|multi_person",0.217449784658181,1
4,"web|two_factor|low|multi_person",0.877490541043972,1
5,"web|two_factor|low|multi_person",0.595086605954545,1
6,"web|two_factor|low|multi_person",0.824203769604449,1
7,"web|two_factor|low|multi_person",1,1
8,"web|two_factor|low|multi_person",1,1
9,"web|two_factor|low|multi_person",0.264221561410694,1
10,"web|two_factor|low|multi_person",0.912159474643768,1
11,"web|two_factor|low|multi_person",0.577403697605487,1
13,"web|two_factor|low|multi_person",0.137768726018703,1
14,"web|two_factor|low|multi_person",1,1
15,"web|two_factor|low|multi_person",0.697396262169296,1
16,"web|two_factor|low|multi_person",1,1
17,"web|two_factor|low|multi_person",0.515924193588686,1
18,"web|two_factor|low|multi_person",0.942264063656136,1
19,"web|two_factor|low|multi_person",0.992248305045411,1
20,"web|two_factor|low|multi_person",0.21537252131878,1
21,"web|two_factor|low|multi_person",0.769520996154267,1
22,"web|two_factor|low|multi_person",0.457318871522168,1
23,"web|two_factor|low|multi_person",0,1
24,"web|two_factor|low|multi_person",1,1
26,"web|two_factor|low|multi_person",0.989727432580494,1
27,"web|two_factor|low|multi_person",1,1
28,"web|two_factor|low|multi_person",0,1
29,"web|two_factor|low|multi_person",1,1
31,"web|two_factor|low|multi_person",0.323991949080405,1
32,"web|two_factor|low|multi_person",1,1
33,"web|two_factor|low|multi_person",0.319696730450176,1
35,"web|two_factor|low|multi_person",0.820503926997425,1
36,"web|two_factor|low|multi_person",1,1
37,"web|two_factor|low|multi_person",0.888243212017985,1
38,"web|two_factor|low|multi_person",0.664178984326464,1
39,"web|two_factor|low|multi_person",0.943939316867082,1
41,"web|two_factor|low|multi_person",0.865981555171777,1
42,"web|two_factor|low|multi_person",0.856948250957448,1
43,"web|two_factor|low|multi_person",1,1
44,"web|two_factor|low|multi_person",0.477325155908456,1
45,"web|two_factor|low|multi_person",0.364542884535118,1
46,"web|two_factor|low|multi_person",0,1
47,"web|two_factor|low|multi_person",0.0148933899044283,1
48,"web|two_factor|low|multi_person",0,1
49,"web|two_factor|low|multi_person",0.17347226922437,1
50,"web|two_factor|low|multi_person",0.992249410719873,1
51,"web|two_factor|low|multi_person",0.696076109381123,1
52,"web|two_factor|low|multi_person",0.955901511365343,1
53,"web|two_factor|low|multi_person",0.840733096933047,1
54,"web|two_factor|low|multi_person",0.749275028827116,1
55,"web|two_factor|low|multi_person",0.394786245661626,1
56,"web|two_factor|low|multi_person",0,1
57,"web|two_factor|low|multi_person",1,1
58,"web|two_factor|low|multi_person",0.281832629312343,1
60,"web|two_factor|low|multi_person",0.310666488772091,1
61,"web|two_factor|low|multi_person",0.242642573583229,1
62,"web|two_factor|low|multi_person",1,1
63,"web|two_factor|low|multi_person",0.796099423508329,1
64,"web|two_factor|low|multi_person",0,1
65,"web|two_factor|low|multi_person",0.976834445729819,1
68,"web|two_factor|low|multi_person",1,1
69,"web|two_factor|low|multi_person",1,1
70,"web|two_factor|low|multi_person",0.490370336191827,1
71,"web|two_factor|low|multi_person",0,1
72,"web|two_factor|low|multi_person",1,1
73,"web|two_factor|low|multi_person",0.301717371398981,1
74,"web|two_factor|low|multi_person",1,1
75,"web|two_factor|low|multi_person",0.651445220782402,1
76,"web|two_factor|low|multi_person",0.126858818235153,1
77,"web|two_factor|low|multi_person",0.594124435596887,1
78,"web|two_factor|low|multi_person",0.70261357840116,1
79,"web|two_factor|low|multi_person",1,1
80,"web|two_factor|low|multi_person",0.21031462207102,1
81,"web|two_factor|low|multi_person",0.677129222550491,1
82,"web|two_factor|low|multi_person",0.908860189512692,1
83,"web|two_factor|low|multi_person",1,1
84,"web|two_factor|low|multi_person",1,1
86,"web|two_factor|low|multi_person",0.758709283860781,1
87,"web|two_factor|low|multi_person",0.692340282911526,1
88,"web|two_factor|low|multi_person",0.515956825480765,1
90,"web|two_factor|low|multi_person",0.661798758705885,1
91,"web|two_factor|low|multi_person",0,1
92,"web|two_factor|low|multi_person",0.890591895975706,1
93,"web|two_factor|low|multi_person",0.982138224846233,1
94,"web|two_factor|low|multi_person",0.9486365013098,1
95,"web|two_factor|low|multi_person",0.974932324628787,1
96,"web|two_factor|low|multi_person",0.124306189482415,1
97,"web|two_factor|low|multi_person",0.513910176381473,1
98,"web|two_factor|low|multi_person",0.321749193263154,1
99,"web|two_factor|low|multi_person",1,1
100,"web|two_factor|low|multi_person",0,1
101,"web|two_factor|low|multi_person",1,1
103,"web|two_factor|low|multi_person",1,1
104,"web|two_factor|low|multi_person",0.0605465576036088,1
105,"web|two_factor|low|multi_person",0,1
106,"web|two_factor|low|multi_person",0,1
107,"web|two_factor|low|multi_person",0.849061556100788,1
108,"web|two_factor|low|multi_person",0.148898066297719,1
109,"web|two_factor|low|multi_person",0.416783812620983,1
110,"web|two_factor|low|multi_person",0.614780876963296,1
111,"web|two_factor|low|multi_person",0.775828521489408,1
112,"web|two_factor|low|multi_person",1,1
113,"web|two_factor|low|multi_person",0.251610786920071,1
114,"web|two_factor|low|multi_person",1,1
115,"web|two_factor|low|multi_person",1,1
116,"web|two_factor|low|multi_person",0.399621344743003,1
117,"web|two_factor|low|multi_person",0.330621357856861,1
118,"web|two_factor|low|multi_person",0.553047202602714,1
119,"web|two_factor|low|multi_person",0.975041196686214,1
120,"web|two_factor|low|multi_person",0.180955837347187,1
121,"web|two_factor|low|multi_person",0.811036425658311,1
122,"web|two_factor|low|multi_person",0,1
123,"web|two_factor|low|multi_person",0.893886614208348,1
124,"web|two_factor|low|multi_person",1,1
125,"web|two_factor|low|multi_person",0,1
126,"web|two_factor|low|multi_person",0.266643026865019,1
127,"web|two_factor|low|multi_person",1,1
128,"web|two_factor|low|multi_person",0.189487953860347,1
130,"web|two_factor|low|multi_person",0,1
131,"web|two_factor|low|multi_person",0.485695976271254,1
132,"web|two_factor|low|multi_person",0.490346777977164,1
133,"web|two_factor|low|multi_person",0.227980016257054,1
135,"web|two_factor|low|multi_person",0.321902154590498,1
136,"web|two_factor|low|multi_person",0.637377817469865,1
137,"web|two_factor|low|multi_person",0,1
138,"web|two_factor|low|multi_person",1,1
140,"web|two_factor|low|multi_person",0.393862172319196,1
141,"web|two_factor|low|multi_person",0.7240522780297,1
142,"web|two_factor|low|multi_person",1,1
143,"web|two_factor|low|multi_person",1,1
144,"web|two_factor|low|multi_person",0.310693782416876,1
145,"web|two_factor|low|multi_person",0.822189246056334,1
146,"web|two_factor|low|multi_person",1,1
147,"web|two_factor|low|multi_person",0.694688841857598,1
148,"web|two_factor|low|multi_person",0,1
149,"web|two_factor|low|multi_person",1,1
150,"web|two_factor|low|multi_person",0.517184736269118,1
151,"web|two_factor|low|multi_person",0.91981487615912,1
152,"web|two_factor|low|multi_person",0.89266942619634,1
153,"web|two_factor|low|multi_person",0,1
154,"web|two_factor|low|multi_person",1,1
155,"web|two_factor|low|multi_person",1,1
156,"web|two_factor|low|multi_person",0.629701565698742,1
157,"web|two_factor|low|multi_person",0.6612666509324,1
158,"web|two_factor|low|multi_person",1,1
159,"web|two_factor|low|multi_person",1,1
160,"web|two_factor|low|multi_person",0.68194010947826,1
162,"web|two_factor|low|multi_person",1,1
163,"web|two_factor|low|multi_person",0.205384109669281,1
164,"web|two_factor|low|multi_person",0.845432490133484,1
165,"web|two_factor|low|multi_person",1,1
166,"web|two_factor|low|multi_person",0.561731888512293,1
167,"web|two_factor|low|multi_person",0.908434489241053,1
168,"web|two_factor|low|multi_person",0.562379456643464,1
169,"web|two_factor|low|multi_person",1,1
170,"web|two_factor|low|multi_person",1,1
171,"web|two_factor|low|multi_person",1,1
172,"web|two_factor|low|multi_person",0.0798524625596955,1
173,"web|two_factor|low|multi_person",0.178976810834264,1
174,"web|two_factor|low|multi_person",0,1
175,"web|two_factor|low|multi_person",0.407924798440749,1
176,"web|two_factor|low|multi_person",0.116611589405261,1
177,"web|two_factor|low|multi_person",0.4962036777721,1
178,"web|two_factor|low|multi_person",0.309611127327669,1
179,"web|two_factor|low|multi_person",0.35459469438105,1
180,"web|two_factor|low|multi_person",0.622629346709133,1
181,"web|two_factor|low|multi_person",0.681678148521763,1
183,"web|two_factor|low|multi_person",0,1
184,"web|two_factor|low|multi_person",0,1
186,"web|two_factor|low|multi_person",0.111200472913895,1
187,"web|two_factor|low|multi_person",0.727812072898376,1
188,"web|two_factor|low|multi_person",0.902866341702865,1
189,"web|two_factor|low|multi_person",1,1
190,"web|two_factor|low|multi_person",0,1
191,"web|two_factor|low|multi_person",0.672203112594055,1
192,"web|two_factor|low|multi_person",0.415535743151799,1
194,"web|two_factor|low|multi_person",0.15998615323955,1
195,"web|two_factor|low|multi_person",0.884002703138611,1
196,"web|two_factor|low|multi_person",0.775942039120625,1
197,"web|two_factor|low|multi_person",0.556853739917493,1
198,"web|two_factor|low|multi_person",0.702343457828207,1
199,"web|two_factor|low|multi_person",1,1
200,"web|two_factor|low|multi_person",0.200690857267981,1
201,"web|two_factor|low|multi_person",0.467806510969532,1
202,"web|two_factor|low|multi_person",1,1
203,"web|two_factor|low|multi_person",0.745635224113208,1
205,"web|two_factor|low|multi_person",0.412824055134184,1
206,"web|two_factor|low|multi_person",1,1
207,"web|two_factor|low|multi_person",1,1
208,"web|two_factor|low|multi_person",1,1
209,"web|two_factor|low|multi_person",0.589563542622625,1
210,"web|two_factor|low|multi_person",0.693328731796591,1
211,"web|two_factor|low|multi_person",0.0346915606012003,1
212,"web|two_factor|low|multi_person",1,1
213,"web|two_factor|low|multi_person",0.796276378059052,1
214,"web|two_factor|low|multi_person",0.920788770225121,1
217,"web|two_factor|low|multi_person",1,1
219,"web|two_factor|low|multi_person",0.229537283602518,1
220,"web|two_factor|low|multi_person",1,1
221,"web|two_factor|low|multi_person",0,1
222,"web|two_factor|low|multi_person",1,1
223,"web|two_factor|low|multi_person",0.350630680993528,1
224,"web|two_factor|low|multi_person",0.196180264880112,1
225,"web|two_factor|low|multi_person",0.30092879671348,1
226,"web|two_factor|low|multi_person",0,1
227,"web|two_factor|low|multi_person",1,1
228,"web|two_factor|low|multi_person",0.980892238207954,1
230,"web|two_factor|low|multi_person",0.277400608656518,1
231,"web|two_factor|low|multi_person",0.788578553970501,1
232,"web|two_factor|low|multi_person",0.981970020517002,1
233,"web|two_factor|low|multi_person",1,1
234,"web|two_factor|low|multi_person",0.391867483526472,1
235,"web|two_factor|low|multi_person",0.432620966172117,1
236,"web|two_factor|low|multi_person",0.924680890964832,1
237,"web|two_factor|low|multi_person",0.780951082099367,1
238,"web|two_factor|low|multi_person",1,1
239,"web|two_factor|low|multi_person",0.411399793454372,1
240,"web|two_factor|low|multi_person",1,1
241,"web|two_factor|low|multi_person",0.763284195006437,1
242,"web|two_factor|low|multi_person",0.0469035986217662,1
243,"web|two_factor|low|multi_person",0.327982451876642,1
245,"web|two_factor|low|multi_person",0.875043413278237,1
246,"web|two_factor|low|multi_person",0,1
247,"web|two_factor|low|multi_person",1,1
248,"web|two_factor|low|multi_person",0,1
249,"web|two_factor|low|multi_person",0.27346858848325,1
250,"web|two_factor|low|multi_person",0.929023178566589,1
251,"web|two_factor|low|multi_person",0.852312364659533,1
252,"web|two_factor|low|multi_person",0.00850997139513604,1
253,"web|two_factor|low|multi_person",1,1
254,"web|two_factor|low|multi_person",0.332408460514754,1
256,"web|two_factor|low|multi_person",1,1
258,"web|two_factor|low|multi_person",1,1
259,"web|two_factor|low|multi_person",0.731637476314741,1
260,"web|two_factor|low|multi_person",0,1
261,"web|two_factor|low|multi_person",0.89470173752722,1
263,"web|two_factor|low|multi_person",0,1
264,"web|two_factor|low|multi_person",0,1
265,"web|two_factor|low|multi_person",0.987775368177927,1
266,"web|two_factor|low|multi_person",1,1
267,"web|two_factor|low|multi_person",0.929400916331598,1
268,"web|two_factor|low|multi_person",0.221863208877236,1
269,"web|two_factor|low|multi_person",0.869708885205296,1
270,"web|two_factor|low|multi_person",0.506474592519793,1
271,"web|two_factor|low|multi_person",1,1
272,"web|two_factor|low|multi_person",1,1
273,"web|two_factor|low|multi_person",0,1
274,"web|two_factor|low|multi_person",0,1
275,"web|two_factor|low|multi_person",0,1
276,"web|two_factor|low|multi_person",0,1
277,"web|two_factor|low|multi_person",1,1
279,"web|two_factor|low|multi_person",0.462904052857744,1
280,"web|two_factor|low|multi_person",0.110452196355707,1
281,"web|two_factor|low|multi_person",0.788983075602967,1
282,"web|two_factor|low|multi_person",0.537762470644559,1
283,"web|two_factor|low|multi_person",0,1
284,"web|two_factor|low|multi_person",0.887264083770288,1
285,"web|two_factor|low|multi_person",0,1
286,"web|two_factor|low|multi_person",0.127842338054777,1
287,"web|two_factor|low|multi_person",0.627274867163542,1
288,"web|two_factor|low|multi_person",0,1
289,"web|two_factor|low|multi_person",0,1
290,"web|two_factor|low|multi_person",0.617121504695173,1
291,"web|two_factor|low|multi_person",0.646876873604498,1
292,"web|two_factor|low|multi_person",0.0945637708605606,1
293,"web|two_factor|low|multi_person",0.16340977652403,1
294,"web|two_factor|low|multi_person",0.757505062387767,1
295,"web|two_factor|low|multi_person",0.0540199896592664,1
296,"web|two_factor|low|multi_person",0.141569738173168,1
297,"web|two_factor|low|multi_person",1,1
298,"web|two_factor|low|multi_person",1,1
299,"web|two_factor|low|multi_person",0,1
301,"web|two_factor|low|multi_person",0.991263028496491,1
302,"web|two_factor|low|multi_person",0.670061200611745,1
303,"web|two_factor|low|multi_person",0.298074356637915,1
304,"web|two_factor|low|multi_person",0,1
305,"web|two_factor|low|multi_person",0.507085440860958,1
306,"web|two_factor|low|multi_person",0.6183303840845,1
307,"web|two_factor|low|multi_person",0.760610469951233,1
308,"web|two_factor|low|multi_person",0.921968729484035,1
309,"web|two_factor|low|multi_person",0.931231833489358,1
310,"web|two_factor|low|multi_person",0.15441484770793,1
311,"web|two_factor|low|multi_person",0.685137972016406,1
312,"web|two_factor|low|multi_person",0.178635589681899,1
313,"web|two_factor|low|multi_person",1,1
314,"web|two_factor|low|multi_person",0.305079950927521,1
2,"mobile|multi_factor|low|multi_person",0.459852792849183,1
3,"mobile|multi_factor|low|multi_person",0.0152758879818115,1
4,"mobile|multi_factor|low|multi_person",1,1
5,"mobile|multi_factor|low|multi_person",1,1
6,"mobile|multi_factor|low|multi_person",0.88735609990758,1
7,"mobile|multi_factor|low|multi_person",1,1
8,"mobile|multi_factor|low|multi_person",1,1
9,"mobile|multi_factor|low|multi_person",0.0166559546496914,1
10,"mobile|multi_factor|low|multi_person",0.700472387824888,1
11,"mobile|multi_factor|low|multi_person",1,1
13,"mobile|multi_factor|low|multi_person",0.143502702549693,1
14,"mobile|multi_factor|low|multi_person",1,1
15,"mobile|multi_factor|low|multi_person",0.725398177830877,1
16,"mobile|multi_factor|low|multi_person",1,1
17,"mobile|multi_factor|low|multi_person",0.568134199029048,1
18,"mobile|multi_factor|low|multi_person",0.869939578902404,1
19,"mobile|multi_factor|low|multi_person",1,1
20,"mobile|multi_factor|low|multi_person",0.0476996384616091,1
21,"mobile|multi_factor|low|multi_person",0.629164976899991,1
22,"mobile|multi_factor|low|multi_person",0,1
23,"mobile|multi_factor|low|multi_person",0.320757436718129,1
24,"mobile|multi_factor|low|multi_person",0.942938525615711,1
26,"mobile|multi_factor|low|multi_person",1,1
27,"mobile|multi_factor|low|multi_person",1,1
28,"mobile|multi_factor|low|multi_person",0,1
29,"mobile|multi_factor|low|multi_person",1,1
31,"mobile|multi_factor|low|multi_person",0.523391660278838,1
32,"mobile|multi_factor|low|multi_person",1,1
33,"mobile|multi_factor|low|multi_person",0.428963994772314,1
35,"mobile|multi_factor|low|multi_person",0.290278496797258,1
36,"mobile|multi_factor|low|multi_person",1,1
37,"mobile|multi_factor|low|multi_person",0.990041149455144,1
38,"mobile|multi_factor|low|multi_person",0.905920663606468,1
39,"mobile|multi_factor|low|multi_person",1,1
41,"mobile|multi_factor|low|multi_person",0.828402729016653,1
42,"mobile|multi_factor|low|multi_person",0.845079534210155,1
43,"mobile|multi_factor|low|multi_person",1,1
44,"mobile|multi_factor|low|multi_person",0.491639196980239,1
45,"mobile|multi_factor|low|multi_person",1,1
46,"mobile|multi_factor|low|multi_person",1,1
47,"mobile|multi_factor|low|multi_person",0.184466969215144,1
48,"mobile|multi_factor|low|multi_person",0.125652175595177,1
49,"mobile|multi_factor|low|multi_person",0.218720092049059,1
50,"mobile|multi_factor|low|multi_person",0.754387781459605,1
51,"mobile|multi_factor|low|multi_person",0.481792278036179,1
52,"mobile|multi_factor|low|multi_person",1,1
53,"mobile|multi_factor|low|multi_person",1,1
54,"mobile|multi_factor|low|multi_person",0.236161585395979,1
55,"mobile|multi_factor|low|multi_person",0.500781329051434,1
56,"mobile|multi_factor|low|multi_person",0.7575609348155,1
57,"mobile|multi_factor|low|multi_person",1,1
58,"mobile|multi_factor|low|multi_person",0.349511018888497,1
60,"mobile|multi_factor|low|multi_person",0.25695169886137,1
61,"mobile|multi_factor|low|multi_person",0.354099023402064,1
62,"mobile|multi_factor|low|multi_person",1,1
63,"mobile|multi_factor|low|multi_person",0.907371165892344,1
64,"mobile|multi_factor|low|multi_person",0.100988198362858,1
65,"mobile|multi_factor|low|multi_person",0.451907744067047,1
68,"mobile|multi_factor|low|multi_person",0.034013419967868,1
69,"mobile|multi_factor|low|multi_person",1,1
70,"mobile|multi_factor|low|multi_person",0.941304164323653,1
71,"mobile|multi_factor|low|multi_person",0,1
72,"mobile|multi_factor|low|multi_person",1,1
73,"mobile|multi_factor|low|multi_person",0.926200020263224,1
74,"mobile|multi_factor|low|multi_person",1,1
75,"mobile|multi_factor|low|multi_person",0.953266890159146,1
76,"mobile|multi_factor|low|multi_person",0,1
77,"mobile|multi_factor|low|multi_person",0.65957616350337,1
78,"mobile|multi_factor|low|multi_person",0.763873884750172,1
79,"mobile|multi_factor|low|multi_person",0.250818615975809,1
80,"mobile|multi_factor|low|multi_person",0.353635528413113,1
81,"mobile|multi_factor|low|multi_person",1,1
82,"mobile|multi_factor|low|multi_person",1,1
83,"mobile|multi_factor|low|multi_person",1,1
84,"mobile|multi_factor|low|multi_person",1,1
86,"mobile|multi_factor|low|multi_person",0.908686234643152,1
87,"mobile|multi_factor|low|multi_person",0.260548651857373,1
88,"mobile|multi_factor|low|multi_person",0.505695323108216,1
90,"mobile|multi_factor|low|multi_person",0.581602291827596,1
91,"mobile|multi_factor|low|multi_person",0,1
92,"mobile|multi_factor|low|multi_person",0.975383991756706,1
93,"mobile|multi_factor|low|multi_person",0.321024286149761,1
94,"mobile|multi_factor|low|multi_person",0.369354042366423,1
95,"mobile|multi_factor|low|multi_person",0.983961977953535,1
96,"mobile|multi_factor|low|multi_person",1,1
97,"mobile|multi_factor|low|multi_person",0.919292714470419,1
98,"mobile|multi_factor|low|multi_person",0.245493238770256,1
99,"mobile|multi_factor|low|multi_person",1,1
100,"mobile|multi_factor|low|multi_person",1,1
101,"mobile|multi_factor|low|multi_person",0.879040616311749,1
103,"mobile|multi_factor|low|multi_person",0.232008568942353,1
104,"mobile|multi_factor|low|multi_person",0.101600734476879,1
105,"mobile|multi_factor|low|multi_person",1,1
106,"mobile|multi_factor|low|multi_person",0,1
107,"mobile|multi_factor|low|multi_person",1,1
108,"mobile|multi_factor|low|multi_person",0.326792040709832,1
109,"mobile|multi_factor|low|multi_person",0.592038451666249,1
110,"mobile|multi_factor|low|multi_person",0.779693379660486,1
111,"mobile|multi_factor|low|multi_person",0.692954510233717,1
112,"mobile|multi_factor|low|multi_person",0.923048993379106,1
113,"mobile|multi_factor|low|multi_person",0.22740178198246,1
114,"mobile|multi_factor|low|multi_person",0.711384713064429,1
115,"mobile|multi_factor|low|multi_person",0.895443942624768,1
116,"mobile|multi_factor|low|multi_person",0.431398460382874,1
117,"mobile|multi_factor|low|multi_person",0.451631184171749,1
118,"mobile|multi_factor|low|multi_person",0.485174965753893,1
119,"mobile|multi_factor|low|multi_person",0.504079033930449,1
120,"mobile|multi_factor|low|multi_person",0,1
121,"mobile|multi_factor|low|multi_person",0.889265283562458,1
122,"mobile|multi_factor|low|multi_person",0.14664436604667,1
123,"mobile|multi_factor|low|multi_person",0.89183580744232,1
124,"mobile|multi_factor|low|multi_person",1,1
125,"mobile|multi_factor|low|multi_person",0.490202374914587,1
126,"mobile|multi_factor|low|multi_person",0.291553055975043,1
127,"mobile|multi_factor|low|multi_person",1,1
128,"mobile|multi_factor|low|multi_person",1,1
130,"mobile|multi_factor|low|multi_person",0.429038140106037,1
131,"mobile|multi_factor|low|multi_person",0.513285433062314,1
132,"mobile|multi_factor|low|multi_person",0.394329964930587,1
133,"mobile|multi_factor|low|multi_person",0.248769437025127,1
135,"mobile|multi_factor|low|multi_person",0.460645993559163,1
136,"mobile|multi_factor|low|multi_person",0.854236157232696,1
137,"mobile|multi_factor|low|multi_person",0.40514886926135,1
138,"mobile|multi_factor|low|multi_person",1,1
140,"mobile|multi_factor|low|multi_person",0.162289852801827,1
141,"mobile|multi_factor|low|multi_person",1,1
142,"mobile|multi_factor|low|multi_person",1,1
143,"mobile|multi_factor|low|multi_person",1,1
144,"mobile|multi_factor|low|multi_person",0.354542108832219,1
145,"mobile|multi_factor|low|multi_person",0.796908091337697,1
146,"mobile|multi_factor|low|multi_person",1,1
147,"mobile|multi_factor|low|multi_person",0.66491812340528,1
148,"mobile|multi_factor|low|multi_person",0,1
149,"mobile|multi_factor|low|multi_person",0.707318360056631,1
150,"mobile|multi_factor|low|multi_person",0.667323318681528,1
151,"mobile|multi_factor|low|multi_person",0.925059419426889,1
152,"mobile|multi_factor|low|multi_person",0.692756689082283,1
153,"mobile|multi_factor|low|multi_person",1,1
154,"mobile|multi_factor|low|multi_person",1,1
155,"mobile|multi_factor|low|multi_person",1,1
156,"mobile|multi_factor|low|multi_person",0.750935757411102,1
157,"mobile|multi_factor|low|multi_person",0.805249008695165,1
158,"mobile|multi_factor|low|multi_person",0.803696505829196,1
159,"mobile|multi_factor|low|multi_person",1,1
160,"mobile|multi_factor|low|multi_person",1,1
162,"mobile|multi_factor|low|multi_person",0.553448633478745,1
163,"mobile|multi_factor|low|multi_person",0.110607834653525,1
164,"mobile|multi_factor|low|multi_person",0.791857103025732,1
165,"mobile|multi_factor|low|multi_person",1,1
166,"mobile|multi_factor|low|multi_person",0.804720742653842,1
167,"mobile|multi_factor|low|multi_person",0.00636385382325258,1
168,"mobile|multi_factor|low|multi_person",0.315913716877381,1
169,"mobile|multi_factor|low|multi_person",0.65662554241996,1
170,"mobile|multi_factor|low|multi_person",0.832450653253708,1
171,"mobile|multi_factor|low|multi_person",1,1
172,"mobile|multi_factor|low|multi_person",0.735166937566484,1
173,"mobile|multi_factor|low|multi_person",0.141005221616053,1
174,"mobile|multi_factor|low|multi_person",0,1
175,"mobile|multi_factor|low|multi_person",0.85036085829559,1
176,"mobile|multi_factor|low|multi_person",0.311720574818065,1
177,"mobile|multi_factor|low|multi_person",0.526540093499726,1
178,"mobile|multi_factor|low|multi_person",0.138939056708087,1
179,"mobile|multi_factor|low|multi_person",1,1
180,"mobile|multi_factor|low|multi_person",0.563803946689493,1
181,"mobile|multi_factor|low|multi_person",0.692638585825607,1
183,"mobile|multi_factor|low|multi_person",0,1
184,"mobile|multi_factor|low|multi_person",0.344093999055707,1
186,"mobile|multi_factor|low|multi_person",0.127013024492044,1
187,"mobile|multi_factor|low|multi_person",0.558083058627269,1
188,"mobile|multi_factor|low|multi_person",0.603233343300323,1
189,"mobile|multi_factor|low|multi_person",0.342200980777861,1
190,"mobile|multi_factor|low|multi_person",0,1
191,"mobile|multi_factor|low|multi_person",1,1
192,"mobile|multi_factor|low|multi_person",0.412886642871129,1
194,"mobile|multi_factor|low|multi_person",0.403851009110678,1
195,"mobile|multi_factor|low|multi_person",0.464221007462312,1
196,"mobile|multi_factor|low|multi_person",0.901456065186544,1
197,"mobile|multi_factor|low|multi_person",0.584182122210875,1
198,"mobile|multi_factor|low|multi_person",1,1
199,"mobile|multi_factor|low|multi_person",1,1
200,"mobile|multi_factor|low|multi_person",0.279258185200447,1
201,"mobile|multi_factor|low|multi_person",0.588241889177981,1
202,"mobile|multi_factor|low|multi_person",1,1
203,"mobile|multi_factor|low|multi_person",0.793396916940322,1
205,"mobile|multi_factor|low|multi_person",0.138537141376186,1
206,"mobile|multi_factor|low|multi_person",0.995423192340581,1
207,"mobile|multi_factor|low|multi_person",1,1
208,"mobile|multi_factor|low|multi_person",0.928525418611339,1
209,"mobile|multi_factor|low|multi_person",1,1
210,"mobile|multi_factor|low|multi_person",0.931291431851329,1
211,"mobile|multi_factor|low|multi_person",0.126651961918213,1
212,"mobile|multi_factor|low|multi_person",1,1
213,"mobile|multi_factor|low|multi_person",0.908894928492436,1
214,"mobile|multi_factor|low|multi_person",0.944680287025213,1
217,"mobile|multi_factor|low|multi_person",0.61647420687028,1
219,"mobile|multi_factor|low|multi_person",0.318692027883504,1
220,"mobile|multi_factor|low|multi_person",1,1
221,"mobile|multi_factor|low|multi_person",0,1
222,"mobile|multi_factor|low|multi_person",0.97407520067385,1
223,"mobile|multi_factor|low|multi_person",0.251895605993821,1
224,"mobile|multi_factor|low|multi_person",0.622928590877553,1
225,"mobile|multi_factor|low|multi_person",0.103224044983331,1
226,"mobile|multi_factor|low|multi_person",1,1
227,"mobile|multi_factor|low|multi_person",1,1
228,"mobile|multi_factor|low|multi_person",0.644803177604711,1
230,"mobile|multi_factor|low|multi_person",0,1
231,"mobile|multi_factor|low|multi_person",0.738493394810023,1
232,"mobile|multi_factor|low|multi_person",0.0942945945691063,1
233,"mobile|multi_factor|low|multi_person",0.570559966311459,1
234,"mobile|multi_factor|low|multi_person",0,1
235,"mobile|multi_factor|low|multi_person",0.421058203358072,1
236,"mobile|multi_factor|low|multi_person",1,1
237,"mobile|multi_factor|low|multi_person",1,1
238,"mobile|multi_factor|low|multi_person",1,1
239,"mobile|multi_factor|low|multi_person",0.460257978703477,1
240,"mobile|multi_factor|low|multi_person",1,1
241,"mobile|multi_factor|low|multi_person",1,1
242,"mobile|multi_factor|low|multi_person",0.213883843208311,1
243,"mobile|multi_factor|low|multi_person",0.247740146141795,1
245,"mobile|multi_factor|low|multi_person",0.762102479290986,1
246,"mobile|multi_factor|low|multi_person",0.0244363965302532,1
247,"mobile|multi_factor|low|multi_person",1,1
248,"mobile|multi_factor|low|multi_person",0,1
249,"mobile|multi_factor|low|multi_person",0.231167055814071,1
250,"mobile|multi_factor|low|multi_person",0.98525678023078,1
251,"mobile|multi_factor|low|multi_person",0.609458566178259,1
252,"mobile|multi_factor|low|multi_person",0.121246234643178,1
253,"mobile|multi_factor|low|multi_person",1,1
254,"mobile|multi_factor|low|multi_person",1,1
256,"mobile|multi_factor|low|multi_person",1,1
258,"mobile|multi_factor|low|multi_person",0.931681257445722,1
259,"mobile|multi_factor|low|multi_person",0.777001413299425,1
260,"mobile|multi_factor|low|multi_person",0.316859888061503,1
261,"mobile|multi_factor|low|multi_person",0.441248610545874,1
263,"mobile|multi_factor|low|multi_person",0,1
264,"mobile|multi_factor|low|multi_person",0.19669961734518,1
265,"mobile|multi_factor|low|multi_person",0.841811836431811,1
266,"mobile|multi_factor|low|multi_person",0.720735496943874,1
267,"mobile|multi_factor|low|multi_person",0.921193865687706,1
268,"mobile|multi_factor|low|multi_person",0.384423866962467,1
269,"mobile|multi_factor|low|multi_person",1,1
270,"mobile|multi_factor|low|multi_person",0.512519940715975,1
271,"mobile|multi_factor|low|multi_person",1,1
272,"mobile|multi_factor|low|multi_person",0.940020805299208,1
273,"mobile|multi_factor|low|multi_person",0,1
274,"mobile|multi_factor|low|multi_person",0.439758091726532,1
275,"mobile|multi_factor|low|multi_person",0,1
276,"mobile|multi_factor|low|multi_person",0,1
277,"mobile|multi_factor|low|multi_person",0.885513647712137,1
279,"mobile|multi_factor|low|multi_person",0.25487435685838,1
280,"mobile|multi_factor|low|multi_person",0,1
281,"mobile|multi_factor|low|multi_person",0.668197717483543,1
282,"mobile|multi_factor|low|multi_person",0.610355677693551,1
283,"mobile|multi_factor|low|multi_person",0.249002827131701,1
284,"mobile|multi_factor|low|multi_person",0.787055117385499,1
285,"mobile|multi_factor|low|multi_person",0,1
286,"mobile|multi_factor|low|multi_person",0.150420838825523,1
287,"mobile|multi_factor|low|multi_person",0.881212901478978,1
288,"mobile|multi_factor|low|multi_person",0.194745785168957,1
289,"mobile|multi_factor|low|multi_person",0.0955420746651549,1
290,"mobile|multi_factor|low|multi_person",0.585066838417085,1
291,"mobile|multi_factor|low|multi_person",0.773290974358292,1
292,"mobile|multi_factor|low|multi_person",0.171009703014759,1
293,"mobile|multi_factor|low|multi_person",0.163837340662519,1
294,"mobile|multi_factor|low|multi_person",0.7004589915799,1
295,"mobile|multi_factor|low|multi_person",0,1
296,"mobile|multi_factor|low|multi_person",0.178985075351764,1
297,"mobile|multi_factor|low|multi_person",1,1
298,"mobile|multi_factor|low|multi_person",0.960757507896316,1
299,"mobile|multi_factor|low|multi_person",0.59966127569082,1
301,"mobile|multi_factor|low|multi_person",1,1
302,"mobile|multi_factor|low|multi_person",0.65920671823601,1
303,"mobile|multi_factor|low|multi_person",0.256582524387065,1
304,"mobile|multi_factor|low|multi_person",1,1
305,"mobile|multi_factor|low|multi_person",1,1
306,"mobile|multi_factor|low|multi_person",0.787060184814433,1
307,"mobile|multi_factor|low|multi_person",1,1
308,"mobile|multi_factor|low|multi_person",0.126172961388191,1
309,"mobile|multi_factor|low|multi_person",1,1
310,"mobile|multi_factor|low|multi_person",1,1
311,"mobile|multi_factor|low|multi_person",0.508209692418949,1
312,"mobile|multi_factor|low|multi_person",0,1
313,"mobile|multi_factor|low|multi_person",0.973614523228323,1
314,"mobile|multi_factor|low|multi_person",0.287065515142703,1
2,"mobile|simple|medium|multi_person",0.438032745111918,1
3,"mobile|simple|medium|multi_person",0.425633906653014,1
4,"mobile|simple|medium|multi_person",1,1
5,"mobile|simple|medium|multi_person",1,1
6,"mobile|simple|medium|multi_person",0.61048550863423,1
7,"mobile|simple|medium|multi_person",1,1
8,"mobile|simple|medium|multi_person",1,1
9,"mobile|simple|medium|multi_person",1,1
10,"mobile|simple|medium|multi_person",0.930203542638261,1
11,"mobile|simple|medium|multi_person",1,1
13,"mobile|simple|medium|multi_person",0.24944052150475,1
14,"mobile|simple|medium|multi_person",1,1
15,"mobile|simple|medium|multi_person",0.51641291960118,1
16,"mobile|simple|medium|multi_person",1,1
17,"mobile|simple|medium|multi_person",0.5090228629232,1
18,"mobile|simple|medium|multi_person",0.979039363112319,1
19,"mobile|simple|medium|multi_person",1,1
20,"mobile|simple|medium|multi_person",0.0219343475584722,1
21,"mobile|simple|medium|multi_person",0.79093912505492,1
22,"mobile|simple|medium|multi_person",0,1
23,"mobile|simple|medium|multi_person",0,1
24,"mobile|simple|medium|multi_person",1,1
26,"mobile|simple|medium|multi_person",0.328330503269979,1
27,"mobile|simple|medium|multi_person",0.00251442637251444,1
28,"mobile|simple|medium|multi_person",0,1
29,"mobile|simple|medium|multi_person",1,1
31,"mobile|simple|medium|multi_person",0.405310897383156,1
32,"mobile|simple|medium|multi_person",1,1
33,"mobile|simple|medium|multi_person",0.408873812088731,1
35,"mobile|simple|medium|multi_person",0.341796511548912,1
36,"mobile|simple|medium|multi_person",1,1
37,"mobile|simple|medium|multi_person",0.676078198941096,1
38,"mobile|simple|medium|multi_person",0.864465582976243,1
39,"mobile|simple|medium|multi_person",0.97343321437196,1
41,"mobile|simple|medium|multi_person",0.642794490242614,1
42,"mobile|simple|medium|multi_person",0.980270039813895,1
43,"mobile|simple|medium|multi_person",0.631614735009127,1
44,"mobile|simple|medium|multi_person",0.881990436857445,1
45,"mobile|simple|medium|multi_person",0.252143107942672,1
46,"mobile|simple|medium|multi_person",0.728451637462999,1
47,"mobile|simple|medium|multi_person",0.223759197139246,1
48,"mobile|simple|medium|multi_person",0,1
49,"mobile|simple|medium|multi_person",0,1
50,"mobile|simple|medium|multi_person",0.93770899970416,1
51,"mobile|simple|medium|multi_person",0.457127993198808,1
52,"mobile|simple|medium|multi_person",0.977404214957496,1
53,"mobile|simple|medium|multi_person",0.927713062562165,1
54,"mobile|simple|medium|multi_person",0.498297218077415,1
55,"mobile|simple|medium|multi_person",0.490961779436095,1
56,"mobile|simple|medium|multi_person",1,1
57,"mobile|simple|medium|multi_person",1,1
58,"mobile|simple|medium|multi_person",0.21557958367712,1
60,"mobile|simple|medium|multi_person",0.277590685183831,1
61,"mobile|simple|medium|multi_person",0.253348150451839,1
62,"mobile|simple|medium|multi_person",1,1
63,"mobile|simple|medium|multi_person",1,1
64,"mobile|simple|medium|multi_person",0,1
65,"mobile|simple|medium|multi_person",0.623484127572623,1
68,"mobile|simple|medium|multi_person",1,1
69,"mobile|simple|medium|multi_person",1,1
70,"mobile|simple|medium|multi_person",0.451269318538572,1
71,"mobile|simple|medium|multi_person",0.337391712154859,1
72,"mobile|simple|medium|multi_person",1,1
73,"mobile|simple|medium|multi_person",0.930677158421143,1
74,"mobile|simple|medium|multi_person",0.842018308028295,1
75,"mobile|simple|medium|multi_person",0.751639132066577,1
76,"mobile|simple|medium|multi_person",0,1
77,"mobile|simple|medium|multi_person",0.875486502565691,1
78,"mobile|simple|medium|multi_person",0.883989027490539,1
79,"mobile|simple|medium|multi_person",0.175999729550092,1
80,"mobile|simple|medium|multi_person",0.330532350167139,1
81,"mobile|simple|medium|multi_person",1,1
82,"mobile|simple|medium|multi_person",1,1
83,"mobile|simple|medium|multi_person",0.986551286668849,1
84,"mobile|simple|medium|multi_person",1,1
86,"mobile|simple|medium|multi_person",0.882556087726117,1
87,"mobile|simple|medium|multi_person",0.295031334741844,1
88,"mobile|simple|medium|multi_person",0.4658528064915,1
90,"mobile|simple|medium|multi_person",0.692707595645361,1
91,"mobile|simple|medium|multi_person",0,1
92,"mobile|simple|medium|multi_person",0.821015285154744,1
93,"mobile|simple|medium|multi_person",0.199607316303949,1
94,"mobile|simple|medium|multi_person",0.940304809333063,1
95,"mobile|simple|medium|multi_person",0.853086718959267,1
96,"mobile|simple|medium|multi_person",1,1
97,"mobile|simple|medium|multi_person",0.677889556119555,1
98,"mobile|simple|medium|multi_person",0.187968571974261,1
99,"mobile|simple|medium|multi_person",1,1
100,"mobile|simple|medium|multi_person",0.0830819726796808,1
101,"mobile|simple|medium|multi_person",1,1
103,"mobile|simple|medium|multi_person",0.23983929448072,1
104,"mobile|simple|medium|multi_person",0.186508180309831,1
105,"mobile|simple|medium|multi_person",1,1
106,"mobile|simple|medium|multi_person",0.216996251553447,1
107,"mobile|simple|medium|multi_person",0.352382834959371,1
108,"mobile|simple|medium|multi_person",0.188267830132011,1
109,"mobile|simple|medium|multi_person",0.454960156974336,1
110,"mobile|simple|medium|multi_person",0.611668192006185,1
111,"mobile|simple|medium|multi_person",0.612083157224919,1
112,"mobile|simple|medium|multi_person",0.990828339284365,1
113,"mobile|simple|medium|multi_person",0.365833956240709,1
114,"mobile|simple|medium|multi_person",0.992331908411018,1
115,"mobile|simple|medium|multi_person",1,1
116,"mobile|simple|medium|multi_person",0.34596132035298,1
117,"mobile|simple|medium|multi_person",0.440076682490599,1
118,"mobile|simple|medium|multi_person",0.515834363376158,1
119,"mobile|simple|medium|multi_person",0.359490531029754,1
120,"mobile|simple|medium|multi_person",0,1
121,"mobile|simple|medium|multi_person",0.892406066125086,1
122,"mobile|simple|medium|multi_person",0.0622003938540977,1
123,"mobile|simple|medium|multi_person",0.8606614060738,1
124,"mobile|simple|medium|multi_person",1,1
125,"mobile|simple|medium|multi_person",0.550147562857616,1
126,"mobile|simple|medium|multi_person",0.326625427758463,1
127,"mobile|simple|medium|multi_person",1,1
128,"mobile|simple|medium|multi_person",1,1
130,"mobile|simple|medium|multi_person",0.444439780249118,1
131,"mobile|simple|medium|multi_person",0.593725397742441,1
132,"mobile|simple|medium|multi_person",0.680518513565888,1
133,"mobile|simple|medium|multi_person",0.225913919688088,1
135,"mobile|simple|medium|multi_person",0.377138287594467,1
136,"mobile|simple|medium|multi_person",0.889640576730043,1
137,"mobile|simple|medium|multi_person",0,1
138,"mobile|simple|medium|multi_person",1,1
140,"mobile|simple|medium|multi_person",0.121206504244164,1
141,"mobile|simple|medium|multi_person",1,1
142,"mobile|simple|medium|multi_person",1,1
143,"mobile|simple|medium|multi_person",1,1
144,"mobile|simple|medium|multi_person",0.2678625884864,1
145,"mobile|simple|medium|multi_person",0.771729107141222,1
146,"mobile|simple|medium|multi_person",1,1
147,"mobile|simple|medium|multi_person",0.47690130556121,1
148,"mobile|simple|medium|multi_person",0.0460613721168521,1
149,"mobile|simple|medium|multi_person",0.848818171742874,1
150,"mobile|simple|medium|multi_person",0.761825099902603,1
151,"mobile|simple|medium|multi_person",0.933004952220798,1
152,"mobile|simple|medium|multi_person",0.687680051181433,1
153,"mobile|simple|medium|multi_person",1,1
154,"mobile|simple|medium|multi_person",1,1
155,"mobile|simple|medium|multi_person",1,1
156,"mobile|simple|medium|multi_person",0.746792066089155,1
157,"mobile|simple|medium|multi_person",0.837911319799698,1
158,"mobile|simple|medium|multi_person",0.899734466890259,1
159,"mobile|simple|medium|multi_person",1,1
160,"mobile|simple|medium|multi_person",1,1
162,"mobile|simple|medium|multi_person",0.562452554251201,1
163,"mobile|simple|medium|multi_person",0.0432745416279714,1
164,"mobile|simple|medium|multi_person",0.73635006185848,1
165,"mobile|simple|medium|multi_person",1,1
166,"mobile|simple|medium|multi_person",0.738123812790622,1
167,"mobile|simple|medium|multi_person",0.0367959021270345,1
168,"mobile|simple|medium|multi_person",0.368486565083684,1
169,"mobile|simple|medium|multi_person",0.637186341352897,1
170,"mobile|simple|medium|multi_person",0.817491025496515,1
171,"mobile|simple|medium|multi_person",0.735468262195791,1
172,"mobile|simple|medium|multi_person",0.276239160816841,1
173,"mobile|simple|medium|multi_person",0.181116565360232,1
174,"mobile|simple|medium|multi_person",0,1
175,"mobile|simple|medium|multi_person",1,1
176,"mobile|simple|medium|multi_person",0.213493371954087,1
177,"mobile|simple|medium|multi_person",0.588715082156734,1
178,"mobile|simple|medium|multi_person",0.149652935629339,1
179,"mobile|simple|medium|multi_person",0.424988588655531,1
180,"mobile|simple|medium|multi_person",0.621602660388076,1
181,"mobile|simple|medium|multi_person",0.626498303042015,1
183,"mobile|simple|medium|multi_person",0,1
184,"mobile|simple|medium|multi_person",0.296785713191901,1
186,"mobile|simple|medium|multi_person",0.0125596838853684,1
187,"mobile|simple|medium|multi_person",0.733715332927435,1
188,"mobile|simple|medium|multi_person",0.80999438321346,1
189,"mobile|simple|medium|multi_person",0.42084071865767,1
190,"mobile|simple|medium|multi_person",2.5551280425161e-05,1
191,"mobile|simple|medium|multi_person",1,1
192,"mobile|simple|medium|multi_person",0.555125147886319,1
194,"mobile|simple|medium|multi_person",0.397052032308018,1
195,"mobile|simple|medium|multi_person",0.554244586012012,1
196,"mobile|simple|medium|multi_person",1,1
197,"mobile|simple|medium|multi_person",0.548585631127554,1
198,"mobile|simple|medium|multi_person",1,1
199,"mobile|simple|medium|multi_person",1,1
200,"mobile|simple|medium|multi_person",0.299257899626024,1
201,"mobile|simple|medium|multi_person",0.53627876968831,1
202,"mobile|simple|medium|multi_person",1,1
203,"mobile|simple|medium|multi_person",0.723354934910563,1
205,"mobile|simple|medium|multi_person",0,1
206,"mobile|simple|medium|multi_person",0.997783025655578,1
207,"mobile|simple|medium|multi_person",1,1
208,"mobile|simple|medium|multi_person",0.894315055062664,1
209,"mobile|simple|medium|multi_person",1,1
210,"mobile|simple|medium|multi_person",0.713597863504769,1
211,"mobile|simple|medium|multi_person",0.351222739728587,1
212,"mobile|simple|medium|multi_person",1,1
213,"mobile|simple|medium|multi_person",0.900367156539395,1
214,"mobile|simple|medium|multi_person",1,1
217,"mobile|simple|medium|multi_person",0.558824696045524,1
219,"mobile|simple|medium|multi_person",0.341306139805781,1
220,"mobile|simple|medium|multi_person",1,1
221,"mobile|simple|medium|multi_person",0,1
222,"mobile|simple|medium|multi_person",1,1
223,"mobile|simple|medium|multi_person",0.341211828549158,1
224,"mobile|simple|medium|multi_person",0.186114916333469,1
225,"mobile|simple|medium|multi_person",0.0967343755339085,1
226,"mobile|simple|medium|multi_person",0.529016886777736,1
227,"mobile|simple|medium|multi_person",0.792552394163811,1
228,"mobile|simple|medium|multi_person",0.493855609029457,1
230,"mobile|simple|medium|multi_person",0,1
231,"mobile|simple|medium|multi_person",0.75403292385736,1
232,"mobile|simple|medium|multi_person",0.124725641917367,1
233,"mobile|simple|medium|multi_person",0.775388866362338,1
234,"mobile|simple|medium|multi_person",0,1
235,"mobile|simple|medium|multi_person",0.88965667148249,1
236,"mobile|simple|medium|multi_person",1,1
237,"mobile|simple|medium|multi_person",0.968447840121139,1
238,"mobile|simple|medium|multi_person",1,1
239,"mobile|simple|medium|multi_person",0.406624540262777,1
240,"mobile|simple|medium|multi_person",1,1
241,"mobile|simple|medium|multi_person",1,1
242,"mobile|simple|medium|multi_person",0.220509220805243,1
243,"mobile|simple|medium|multi_person",0.018343126067305,1
245,"mobile|simple|medium|multi_person",0.778076049092678,1
246,"mobile|simple|medium|multi_person",0,1
247,"mobile|simple|medium|multi_person",1,1
248,"mobile|simple|medium|multi_person",0,1
249,"mobile|simple|medium|multi_person",0.0704187922407623,1
250,"mobile|simple|medium|multi_person",0.785423338257316,1
251,"mobile|simple|medium|multi_person",0.545119009548047,1
252,"mobile|simple|medium|multi_person",0.419267617108837,1
253,"mobile|simple|medium|multi_person",1,1
254,"mobile|simple|medium|multi_person",1,1
256,"mobile|simple|medium|multi_person",1,1
258,"mobile|simple|medium|multi_person",0.944447852769985,1
259,"mobile|simple|medium|multi_person",0.675033352850633,1
260,"mobile|simple|medium|multi_person",0,1
261,"mobile|simple|medium|multi_person",0.847673209980094,1
263,"mobile|simple|medium|multi_person",0,1
264,"mobile|simple|medium|multi_person",0,1
265,"mobile|simple|medium|multi_person",0.7301904845641,1
266,"mobile|simple|medium|multi_person",0.724530564385627,1
267,"mobile|simple|medium|multi_person",0.861428633938474,1
268,"mobile|simple|medium|multi_person",0.388967056678464,1
269,"mobile|simple|medium|multi_person",1,1
270,"mobile|simple|medium|multi_person",0.432144228463358,1
271,"mobile|simple|medium|multi_person",1,1
272,"mobile|simple|medium|multi_person",0.928774503751,1
273,"mobile|simple|medium|multi_person",0,1
274,"mobile|simple|medium|multi_person",0.265403708942022,1
275,"mobile|simple|medium|multi_person",0,1
276,"mobile|simple|medium|multi_person",0,1
277,"mobile|simple|medium|multi_person",0,1
279,"mobile|simple|medium|multi_person",0.143326689450134,1
280,"mobile|simple|medium|multi_person",0,1
281,"mobile|simple|medium|multi_person",0.822914389731915,1
282,"mobile|simple|medium|multi_person",0.900544017485375,1
283,"mobile|simple|medium|multi_person",0.108705128064965,1
284,"mobile|simple|medium|multi_person",0.820994351970883,1
285,"mobile|simple|medium|multi_person",0,1
286,"mobile|simple|medium|multi_person",0.0873454417695313,1
287,"mobile|simple|medium|multi_person",1,1
288,"mobile|simple|medium|multi_person",0,1
289,"mobile|simple|medium|multi_person",0,1
290,"mobile|simple|medium|multi_person",0.391536861385702,1
291,"mobile|simple|medium|multi_person",0.572574886902732,1
292,"mobile|simple|medium|multi_person",0.0938484036633599,1
293,"mobile|simple|medium|multi_person",0.216025831429788,1
294,"mobile|simple|medium|multi_person",0.704791478024918,1
295,"mobile|simple|medium|multi_person",0.126379650769556,1
296,"mobile|simple|medium|multi_person",0.19609528152947,1
297,"mobile|simple|medium|multi_person",0.959609778834582,1
298,"mobile|simple|medium|multi_person",0.821512637873212,1
299,"mobile|simple|medium|multi_person",0.570033752156218,1
301,"mobile|simple|medium|multi_person",1,1
302,"mobile|simple|medium|multi_person",1,1
303,"mobile|simple|medium|multi_person",0.386353951911938,1
304,"mobile|simple|medium|multi_person",1,1
305,"mobile|simple|medium|multi_person",1,1
306,"mobile|simple|medium|multi_person",0.748516381337507,1
307,"mobile|simple|medium|multi_person",1,1
308,"mobile|simple|medium|multi_person",0.292839156031394,1
309,"mobile|simple|medium|multi_person",1,1
310,"mobile|simple|medium|multi_person",1,1
311,"mobile|simple|medium|multi_person",0.585651133743824,1
312,"mobile|simple|medium|multi_person",0.202289653038628,1
313,"mobile|simple|medium|multi_person",1,1
314,"mobile|simple|medium|multi_person",0.413581321924264,1
2,"mobile|multi_factor|medium|multi_person",0.406258062060366,1
3,"mobile|multi_factor|medium|multi_person",0,1
4,"mobile|multi_factor|medium|multi_person",0.945150675423925,1
5,"mobile|multi_factor|medium|multi_person",1,1
6,"mobile|multi_factor|medium|multi_person",0.689523347730805,1
7,"mobile|multi_factor|medium|multi_person",1,1
8,"mobile|multi_factor|medium|multi_person",1,1
9,"mobile|multi_factor|medium|multi_person",0,1
10,"mobile|multi_factor|medium|multi_person",0.704843098017057,1
11,"mobile|multi_factor|medium|multi_person",1,1
13,"mobile|multi_factor|medium|multi_person",0.151906700606043,1
14,"mobile|multi_factor|medium|multi_person",1,1
15,"mobile|multi_factor|medium|multi_person",0.614718153300809,1
16,"mobile|multi_factor|medium|multi_person",0.869143684643699,1
17,"mobile|multi_factor|medium|multi_person",0.46559017585947,1
18,"mobile|multi_factor|medium|multi_person",0.75675655983376,1
19,"mobile|multi_factor|medium|multi_person",1,1
20,"mobile|multi_factor|medium|multi_person",0,1
21,"mobile|multi_factor|medium|multi_person",0.566883031507529,1
22,"mobile|multi_factor|medium|multi_person",0,1
23,"mobile|multi_factor|medium|multi_person",0.0146806810918016,1
24,"mobile|multi_factor|medium|multi_person",0.712442184156857,1
26,"mobile|multi_factor|medium|multi_person",1,1
27,"mobile|multi_factor|medium|multi_person",1,1
28,"mobile|multi_factor|medium|multi_person",0,1
29,"mobile|multi_factor|medium|multi_person",1,1
31,"mobile|multi_factor|medium|multi_person",0.526357931143096,1
32,"mobile|multi_factor|medium|multi_person",0.877759705912215,1
33,"mobile|multi_factor|medium|multi_person",0.331256015722556,1
35,"mobile|multi_factor|medium|multi_person",0.215089472342624,1
36,"mobile|multi_factor|medium|multi_person",0.863894813898367,1
37,"mobile|multi_factor|medium|multi_person",0.849419592256287,1
38,"mobile|multi_factor|medium|multi_person",0.813123372258668,1
39,"mobile|multi_factor|medium|multi_person",0.949034820112215,1
41,"mobile|multi_factor|medium|multi_person",0.710642472273266,1
42,"mobile|multi_factor|medium|multi_person",0.720885557693016,1
43,"mobile|multi_factor|medium|multi_person",1,1
44,"mobile|multi_factor|medium|multi_person",0.310045252622031,1
45,"mobile|multi_factor|medium|multi_person",0.389964386459747,1
46,"mobile|multi_factor|medium|multi_person",0.923516482697731,1
47,"mobile|multi_factor|medium|multi_person",0.15310250505364,1
48,"mobile|multi_factor|medium|multi_person",0,1
49,"mobile|multi_factor|medium|multi_person",0.168403272794342,1
50,"mobile|multi_factor|medium|multi_person",0.727812851198998,1
51,"mobile|multi_factor|medium|multi_person",0.393567018466487,1
52,"mobile|multi_factor|medium|multi_person",1,1
53,"mobile|multi_factor|medium|multi_person",1,1
54,"mobile|multi_factor|medium|multi_person",0.132944230941671,1
55,"mobile|multi_factor|medium|multi_person",0.453623089177444,1
56,"mobile|multi_factor|medium|multi_person",0,1
57,"mobile|multi_factor|medium|multi_person",1,1
58,"mobile|multi_factor|medium|multi_person",0.255716970515537,1
60,"mobile|multi_factor|medium|multi_person",0.192366364316497,1
61,"mobile|multi_factor|medium|multi_person",0.318949899264296,1
62,"mobile|multi_factor|medium|multi_person",1,1
63,"mobile|multi_factor|medium|multi_person",0.734916958984021,1
64,"mobile|multi_factor|medium|multi_person",0,1
65,"mobile|multi_factor|medium|multi_person",0.42304556277057,1
68,"mobile|multi_factor|medium|multi_person",0,1
69,"mobile|multi_factor|medium|multi_person",0.955661848197303,1
70,"mobile|multi_factor|medium|multi_person",0.837364330171831,1
71,"mobile|multi_factor|medium|multi_person",0,1
72,"mobile|multi_factor|medium|multi_person",0.998552257878998,1
73,"mobile|multi_factor|medium|multi_person",0.735490782820371,1
74,"mobile|multi_factor|medium|multi_person",1,1
75,"mobile|multi_factor|medium|multi_person",0.983124408451156,1
76,"mobile|multi_factor|medium|multi_person",0,1
77,"mobile|multi_factor|medium|multi_person",0.570215172751013,1
78,"mobile|multi_factor|medium|multi_person",0.419721080784858,1
79,"mobile|multi_factor|medium|multi_person",0.107130951417136,1
80,"mobile|multi_factor|medium|multi_person",0.271796369227183,1
81,"mobile|multi_factor|medium|multi_person",1,1
82,"mobile|multi_factor|medium|multi_person",0.736342422335417,1
83,"mobile|multi_factor|medium|multi_person",0.847906087279534,1
84,"mobile|multi_factor|medium|multi_person",1,1
86,"mobile|multi_factor|medium|multi_person",0.82205981970478,1
87,"mobile|multi_factor|medium|multi_person",0.177065395958942,1
88,"mobile|multi_factor|medium|multi_person",0.411038835224577,1
90,"mobile|multi_factor|medium|multi_person",0.529503616661703,1
91,"mobile|multi_factor|medium|multi_person",0,1
92,"mobile|multi_factor|medium|multi_person",0.825139971221863,1
93,"mobile|multi_factor|medium|multi_person",0.29517221514074,1
94,"mobile|multi_factor|medium|multi_person",0.334869991803639,1
95,"mobile|multi_factor|medium|multi_person",0.797865939392311,1
96,"mobile|multi_factor|medium|multi_person",0.903391447205366,1
97,"mobile|multi_factor|medium|multi_person",0.826421160137764,1
98,"mobile|multi_factor|medium|multi_person",0.216597965945323,1
99,"mobile|multi_factor|medium|multi_person",1,1
100,"mobile|multi_factor|medium|multi_person",0.442752108066901,1
101,"mobile|multi_factor|medium|multi_person",0.818359759185982,1
103,"mobile|multi_factor|medium|multi_person",0.039925081356527,1
104,"mobile|multi_factor|medium|multi_person",0,1
105,"mobile|multi_factor|medium|multi_person",1,1
106,"mobile|multi_factor|medium|multi_person",0,1
107,"mobile|multi_factor|medium|multi_person",1,1
108,"mobile|multi_factor|medium|multi_person",0.19524311424839,1
109,"mobile|multi_factor|medium|multi_person",0.537317736234871,1
110,"mobile|multi_factor|medium|multi_person",0.564645113837044,1
111,"mobile|multi_factor|medium|multi_person",0.545980638228991,1
112,"mobile|multi_factor|medium|multi_person",0.766864254760603,1
113,"mobile|multi_factor|medium|multi_person",0.117111021316378,1
114,"mobile|multi_factor|medium|multi_person",0.520636142756159,1
115,"mobile|multi_factor|medium|multi_person",0.699389286424885,1
116,"mobile|multi_factor|medium|multi_person",0.437698112065244,1
117,"mobile|multi_factor|medium|multi_person",0.308952686418194,1
118,"mobile|multi_factor|medium|multi_person",0.484081935931805,1
119,"mobile|multi_factor|medium|multi_person",0.486591423350753,1
120,"mobile|multi_factor|medium|multi_person",0,1
121,"mobile|multi_factor|medium|multi_person",0.761816110743366,1
122,"mobile|multi_factor|medium|multi_person",0.102026007662928,1
123,"mobile|multi_factor|medium|multi_person",0.893561460646821,1
124,"mobile|multi_factor|medium|multi_person",1,1
125,"mobile|multi_factor|medium|multi_person",0.512658001508277,1
126,"mobile|multi_factor|medium|multi_person",0.230188135451687,1
127,"mobile|multi_factor|medium|multi_person",1,1
128,"mobile|multi_factor|medium|multi_person",1,1
130,"mobile|multi_factor|medium|multi_person",0.321097304108303,1
131,"mobile|multi_factor|medium|multi_person",0.388936990516778,1
132,"mobile|multi_factor|medium|multi_person",0.423001701649608,1
133,"mobile|multi_factor|medium|multi_person",0.233017560325713,1
135,"mobile|multi_factor|medium|multi_person",0.442580065134132,1
136,"mobile|multi_factor|medium|multi_person",0.836414143094135,1
137,"mobile|multi_factor|medium|multi_person",0,1
138,"mobile|multi_factor|medium|multi_person",1,1
140,"mobile|multi_factor|medium|multi_person",0.0528440783295308,1
141,"mobile|multi_factor|medium|multi_person",1,1
142,"mobile|multi_factor|medium|multi_person",0.902953394779315,1
143,"mobile|multi_factor|medium|multi_person",1,1
144,"mobile|multi_factor|medium|multi_person",0.370228786278651,1
145,"mobile|multi_factor|medium|multi_person",0.727702830314192,1
146,"mobile|multi_factor|medium|multi_person",1,1
147,"mobile|multi_factor|medium|multi_person",0.462168939682072,1
148,"mobile|multi_factor|medium|multi_person",0.0235495297433759,1
149,"mobile|multi_factor|medium|multi_person",0.621286898461535,1
150,"mobile|multi_factor|medium|multi_person",0.571015635304513,1
151,"mobile|multi_factor|medium|multi_person",0.737386648431638,1
152,"mobile|multi_factor|medium|multi_person",0.554093158031034,1
153,"mobile|multi_factor|medium|multi_person",1,1
154,"mobile|multi_factor|medium|multi_person",1,1
155,"mobile|multi_factor|medium|multi_person",1,1
156,"mobile|multi_factor|medium|multi_person",0.627072717400384,1
157,"mobile|multi_factor|medium|multi_person",0.780124999763587,1
158,"mobile|multi_factor|medium|multi_person",0.674661744686138,1
159,"mobile|multi_factor|medium|multi_person",1,1
160,"mobile|multi_factor|medium|multi_person",1,1
162,"mobile|multi_factor|medium|multi_person",0.477323146282609,1
163,"mobile|multi_factor|medium|multi_person",0.0705494032496978,1
164,"mobile|multi_factor|medium|multi_person",0.751982472149915,1
165,"mobile|multi_factor|medium|multi_person",1,1
166,"mobile|multi_factor|medium|multi_person",0.74945969238912,1
167,"mobile|multi_factor|medium|multi_person",0,1
168,"mobile|multi_factor|medium|multi_person",0.323330788071928,1
169,"mobile|multi_factor|medium|multi_person",0.610165695082523,1
170,"mobile|multi_factor|medium|multi_person",0.789416645672656,1
171,"mobile|multi_factor|medium|multi_person",1,1
172,"mobile|multi_factor|medium|multi_person",0.482210524100412,1
173,"mobile|multi_factor|medium|multi_person",0.0995739498333985,1
174,"mobile|multi_factor|medium|multi_person",0,1
175,"mobile|multi_factor|medium|multi_person",0.841737543314783,1
176,"mobile|multi_factor|medium|multi_person",0.260672019158567,1
177,"mobile|multi_factor|medium|multi_person",0.439720937489508,1
178,"mobile|multi_factor|medium|multi_person",0.0798551015473109,1
179,"mobile|multi_factor|medium|multi_person",1,1
180,"mobile|multi_factor|medium|multi_person",0.477741974297241,1
181,"mobile|multi_factor|medium|multi_person",0.464064085967023,1
183,"mobile|multi_factor|medium|multi_person",0,1
184,"mobile|multi_factor|medium|multi_person",0.126953472924856,1
186,"mobile|multi_factor|medium|multi_person",0.0618477741997891,1
187,"mobile|multi_factor|medium|multi_person",0.325980723457701,1
188,"mobile|multi_factor|medium|multi_person",0.517090943128051,1
189,"mobile|multi_factor|medium|multi_person",0.35548348312892,1
190,"mobile|multi_factor|medium|multi_person",0,1
191,"mobile|multi_factor|medium|multi_person",1,1
192,"mobile|multi_factor|medium|multi_person",0.241456001583517,1
194,"mobile|multi_factor|medium|multi_person",0.325568601067841,1
195,"mobile|multi_factor|medium|multi_person",0.258877772955803,1
196,"mobile|multi_factor|medium|multi_person",0.805467504519771,1
197,"mobile|multi_factor|medium|multi_person",0.539065807246087,1
198,"mobile|multi_factor|medium|multi_person",1,1
199,"mobile|multi_factor|medium|multi_person",1,1
200,"mobile|multi_factor|medium|multi_person",0.218950391963533,1
201,"mobile|multi_factor|medium|multi_person",0.502795624159488,1
202,"mobile|multi_factor|medium|multi_person",1,1
203,"mobile|multi_factor|medium|multi_person",0.762336669069739,1
205,"mobile|multi_factor|medium|multi_person",0,1
206,"mobile|multi_factor|medium|multi_person",0.854073172604254,1
207,"mobile|multi_factor|medium|multi_person",1,1
208,"mobile|multi_factor|medium|multi_person",0.857680355867146,1
209,"mobile|multi_factor|medium|multi_person",1,1
210,"mobile|multi_factor|medium|multi_person",0.642286808682493,1
211,"mobile|multi_factor|medium|multi_person",0.0226172193229364,1
212,"mobile|multi_factor|medium|multi_person",1,1
213,"mobile|multi_factor|medium|multi_person",0.809720288620715,1
214,"mobile|multi_factor|medium|multi_person",0.919288621340191,1
217,"mobile|multi_factor|medium|multi_person",0.56172461344665,1
219,"mobile|multi_factor|medium|multi_person",0.237803191641387,1
220,"mobile|multi_factor|medium|multi_person",1,1
221,"mobile|multi_factor|medium|multi_person",0,1
222,"mobile|multi_factor|medium|multi_person",0.825519981122458,1
223,"mobile|multi_factor|medium|multi_person",0.187185466157176,1
224,"mobile|multi_factor|medium|multi_person",0.654225074046155,1
225,"mobile|multi_factor|medium|multi_person",0,1
226,"mobile|multi_factor|medium|multi_person",1,1
227,"mobile|multi_factor|medium|multi_person",0.947408419739633,1
228,"mobile|multi_factor|medium|multi_person",0.54889534192268,1
230,"mobile|multi_factor|medium|multi_person",0,1
231,"mobile|multi_factor|medium|multi_person",0.650171889286648,1
232,"mobile|multi_factor|medium|multi_person",0,1
233,"mobile|multi_factor|medium|multi_person",0.357694989340512,1
234,"mobile|multi_factor|medium|multi_person",0,1
235,"mobile|multi_factor|medium|multi_person",0.210997837502259,1
236,"mobile|multi_factor|medium|multi_person",1,1
237,"mobile|multi_factor|medium|multi_person",1,1
238,"mobile|multi_factor|medium|multi_person",1,1
239,"mobile|multi_factor|medium|multi_person",0.33741708317145,1
240,"mobile|multi_factor|medium|multi_person",1,1
241,"mobile|multi_factor|medium|multi_person",1,1
242,"mobile|multi_factor|medium|multi_person",0.181129902179093,1
243,"mobile|multi_factor|medium|multi_person",0,1
245,"mobile|multi_factor|medium|multi_person",0.649816351022046,1
246,"mobile|multi_factor|medium|multi_person",0,1
247,"mobile|multi_factor|medium|multi_person",0.929565371419971,1
248,"mobile|multi_factor|medium|multi_person",0.00174251615401496,1
249,"mobile|multi_factor|medium|multi_person",0.0651908506127697,1
250,"mobile|multi_factor|medium|multi_person",0.796456706627054,1
251,"mobile|multi_factor|medium|multi_person",0.514078756593136,1
252,"mobile|multi_factor|medium|multi_person",0,1
253,"mobile|multi_factor|medium|multi_person",1,1
254,"mobile|multi_factor|medium|multi_person",1,1
256,"mobile|multi_factor|medium|multi_person",1,1
258,"mobile|multi_factor|medium|multi_person",0.874961641078131,1
259,"mobile|multi_factor|medium|multi_person",0.68427770182233,1
260,"mobile|multi_factor|medium|multi_person",0.239612776288313,1
261,"mobile|multi_factor|medium|multi_person",0.365632534411641,1
263,"mobile|multi_factor|medium|multi_person",0,1
264,"mobile|multi_factor|medium|multi_person",0.209657759960729,1
265,"mobile|multi_factor|medium|multi_person",0.740106333986058,1
266,"mobile|multi_factor|medium|multi_person",0.694778207208342,1
267,"mobile|multi_factor|medium|multi_person",0.754861837144097,1
268,"mobile|multi_factor|medium|multi_person",0.284909737406246,1
269,"mobile|multi_factor|medium|multi_person",1,1
270,"mobile|multi_factor|medium|multi_person",0.364483290857639,1
271,"mobile|multi_factor|medium|multi_person",1,1
272,"mobile|multi_factor|medium|multi_person",0.908230871882738,1
273,"mobile|multi_factor|medium|multi_person",0,1
274,"mobile|multi_factor|medium|multi_person",0.508329945950031,1
275,"mobile|multi_factor|medium|multi_person",0,1
276,"mobile|multi_factor|medium|multi_person",0,1
277,"mobile|multi_factor|medium|multi_person",0.568200447697043,1
279,"mobile|multi_factor|medium|multi_person",0.16885784132436,1
280,"mobile|multi_factor|medium|multi_person",0,1
281,"mobile|multi_factor|medium|multi_person",0.47871936294964,1
282,"mobile|multi_factor|medium|multi_person",0.601419889276657,1
283,"mobile|multi_factor|medium|multi_person",0.238031910981657,1
284,"mobile|multi_factor|medium|multi_person",0.669993596616317,1
285,"mobile|multi_factor|medium|multi_person",0,1
286,"mobile|multi_factor|medium|multi_person",0.138767632861375,1
287,"mobile|multi_factor|medium|multi_person",0.844717189372964,1
288,"mobile|multi_factor|medium|multi_person",0.153411502110606,1
289,"mobile|multi_factor|medium|multi_person",0,1
290,"mobile|multi_factor|medium|multi_person",0.471789302774286,1
291,"mobile|multi_factor|medium|multi_person",0.687731316388971,1
292,"mobile|multi_factor|medium|multi_person",0.160291687158252,1
293,"mobile|multi_factor|medium|multi_person",0.0394451661099628,1
294,"mobile|multi_factor|medium|multi_person",0.630374965149294,1
295,"mobile|multi_factor|medium|multi_person",0,1
296,"mobile|multi_factor|medium|multi_person",0.191117891916617,1
297,"mobile|multi_factor|medium|multi_person",0.910189754306564,1
298,"mobile|multi_factor|medium|multi_person",0.795051467414819,1
299,"mobile|multi_factor|medium|multi_person",0.352106269320252,1
301,"mobile|multi_factor|medium|multi_person",1,1
302,"mobile|multi_factor|medium|multi_person",0.600053973005952,1
303,"mobile|multi_factor|medium|multi_person",0.192235759750324,1
304,"mobile|multi_factor|medium|multi_person",1,1
305,"mobile|multi_factor|medium|multi_person",1,1
306,"mobile|multi_factor|medium|multi_person",0.706452991559998,1
307,"mobile|multi_factor|medium|multi_person",0.986782993407184,1
308,"mobile|multi_factor|medium|multi_person",0,1
309,"mobile|multi_factor|medium|multi_person",1,1
310,"mobile|multi_factor|medium|multi_person",0.979238279402052,1
311,"mobile|multi_factor|medium|multi_person",0.306342953394142,1
312,"mobile|multi_factor|medium|multi_person",0,1
313,"mobile|multi_factor|medium|multi_person",0.828094364871722,1
314,"mobile|multi_factor|medium|multi_person",0.181910847539773,1
2,"web|multi_factor|medium|multi_person",0.470021115859404,1
3,"web|multi_factor|medium|multi_person",0.0715346110416408,1
4,"web|multi_factor|medium|multi_person",0.525523241156058,1
5,"web|multi_factor|medium|multi_person",1,1
6,"web|multi_factor|medium|multi_person",0.644269463163378,1
7,"web|multi_factor|medium|multi_person",0.746055554701045,1
8,"web|multi_factor|medium|multi_person",1,1
9,"web|multi_factor|medium|multi_person",0,1
10,"web|multi_factor|medium|multi_person",0.928532503832812,1
11,"web|multi_factor|medium|multi_person",0.643451671869856,1
13,"web|multi_factor|medium|multi_person",0.136681975877871,1
14,"web|multi_factor|medium|multi_person",1,1
15,"web|multi_factor|medium|multi_person",0.658825535988788,1
16,"web|multi_factor|medium|multi_person",0.740277470451525,1
17,"web|multi_factor|medium|multi_person",0.404733798387162,1
18,"web|multi_factor|medium|multi_person",0.758275694546019,1
19,"web|multi_factor|medium|multi_person",1,1
20,"web|multi_factor|medium|multi_person",0.0876933139486637,1
21,"web|multi_factor|medium|multi_person",0.645276968731342,1
22,"web|multi_factor|medium|multi_person",0,1
23,"web|multi_factor|medium|multi_person",0,1
24,"web|multi_factor|medium|multi_person",0.708216385889583,1
26,"web|multi_factor|medium|multi_person",1,1
27,"web|multi_factor|medium|multi_person",1,1
28,"web|multi_factor|medium|multi_person",0,1
29,"web|multi_factor|medium|multi_person",1,1
31,"web|multi_factor|medium|multi_person",0.560608991248098,1
32,"web|multi_factor|medium|multi_person",1,1
33,"web|multi_factor|medium|multi_person",0.244623047516797,1
35,"web|multi_factor|medium|multi_person",0.820148957452761,1
36,"web|multi_factor|medium|multi_person",0.657315273537269,1
37,"web|multi_factor|medium|multi_person",0.878467830344231,1
38,"web|multi_factor|medium|multi_person",0.605246654921612,1
39,"web|multi_factor|medium|multi_person",0.92668120997096,1
41,"web|multi_factor|medium|multi_person",0.787247713041421,1
42,"web|multi_factor|medium|multi_person",0.675042477295863,1
43,"web|multi_factor|medium|multi_person",1,1
44,"web|multi_factor|medium|multi_person",0.105461613096566,1
45,"web|multi_factor|medium|multi_person",0,1
46,"web|multi_factor|medium|multi_person",0,1
47,"web|multi_factor|medium|multi_person",0.0842005212556999,1
48,"web|multi_factor|medium|multi_person",0,1
49,"web|multi_factor|medium|multi_person",0.222184179925292,1
50,"web|multi_factor|medium|multi_person",0.971333277246939,1
51,"web|multi_factor|medium|multi_person",0.604435918956217,1
52,"web|multi_factor|medium|multi_person",0.776771954040371,1
53,"web|multi_factor|medium|multi_person",0.910484740984772,1
54,"web|multi_factor|medium|multi_person",0.543499338807444,1
55,"web|multi_factor|medium|multi_person",0.333606568897016,1
56,"web|multi_factor|medium|multi_person",0,1
57,"web|multi_factor|medium|multi_person",0.889262316735226,1
58,"web|multi_factor|medium|multi_person",0.226109851308418,1
60,"web|multi_factor|medium|multi_person",0.223042560197967,1
61,"web|multi_factor|medium|multi_person",0.270401983444154,1
62,"web|multi_factor|medium|multi_person",0.739634757232708,1
63,"web|multi_factor|medium|multi_person",0.567107924042777,1
64,"web|multi_factor|medium|multi_person",0,1
65,"web|multi_factor|medium|multi_person",0.885113467137391,1
68,"web|multi_factor|medium|multi_person",0,1
69,"web|multi_factor|medium|multi_person",0.921328286353899,1
70,"web|multi_factor|medium|multi_person",0.742322125208875,1
71,"web|multi_factor|medium|multi_person",0,1
72,"web|multi_factor|medium|multi_person",1,1
73,"web|multi_factor|medium|multi_person",0.371749970976876,1
74,"web|multi_factor|medium|multi_person",1,1
75,"web|multi_factor|medium|multi_person",0.863086608216705,1
76,"web|multi_factor|medium|multi_person",0.213275485829302,1
77,"web|multi_factor|medium|multi_person",0.439370087531,1
78,"web|multi_factor|medium|multi_person",0.252054603926367,1
79,"web|multi_factor|medium|multi_person",0.936560557063044,1
80,"web|multi_factor|medium|multi_person",0.128439003342573,1
81,"web|multi_factor|medium|multi_person",0.456239565718888,1
82,"web|multi_factor|medium|multi_person",0.622066483007121,1
83,"web|multi_factor|medium|multi_person",0.276417909335808,1
84,"web|multi_factor|medium|multi_person",1,1
86,"web|multi_factor|medium|multi_person",0.699642002780056,1
87,"web|multi_factor|medium|multi_person",0.54623253042178,1
88,"web|multi_factor|medium|multi_person",0.428627473063743,1
90,"web|multi_factor|medium|multi_person",0.681082448858107,1
91,"web|multi_factor|medium|multi_person",0,1
92,"web|multi_factor|medium|multi_person",0.782143618051052,1
93,"web|multi_factor|medium|multi_person",1,1
94,"web|multi_factor|medium|multi_person",1,1
95,"web|multi_factor|medium|multi_person",0.774645411352602,1
96,"web|multi_factor|medium|multi_person",0,1
97,"web|multi_factor|medium|multi_person",0.546885162714541,1
98,"web|multi_factor|medium|multi_person",0.298645969682185,1
99,"web|multi_factor|medium|multi_person",1,1
100,"web|multi_factor|medium|multi_person",0,1
101,"web|multi_factor|medium|multi_person",0.89670942189139,1
103,"web|multi_factor|medium|multi_person",1,1
104,"web|multi_factor|medium|multi_person",0,1
105,"web|multi_factor|medium|multi_person",0,1
106,"web|multi_factor|medium|multi_person",0,1
107,"web|multi_factor|medium|multi_person",1,1
108,"web|multi_factor|medium|multi_person",0.0693119489148155,1
109,"web|multi_factor|medium|multi_person",0.453236757518234,1
110,"web|multi_factor|medium|multi_person",0.440789932496377,1
111,"web|multi_factor|medium|multi_person",0.549377864723136,1
112,"web|multi_factor|medium|multi_person",1,1
113,"web|multi_factor|medium|multi_person",0.0548588321734919,1
114,"web|multi_factor|medium|multi_person",0.782437895486377,1
115,"web|multi_factor|medium|multi_person",0.70469489897071,1
116,"web|multi_factor|medium|multi_person",0.511113243447923,1
117,"web|multi_factor|medium|multi_person",0.177232321855308,1
118,"web|multi_factor|medium|multi_person",0.637036497189895,1
119,"web|multi_factor|medium|multi_person",1,1
120,"web|multi_factor|medium|multi_person",0.0824586630235953,1
121,"web|multi_factor|medium|multi_person",0.604543947772136,1
122,"web|multi_factor|medium|multi_person",0.0325341205274327,1
123,"web|multi_factor|medium|multi_person",1,1
124,"web|multi_factor|medium|multi_person",1,1
125,"web|multi_factor|medium|multi_person",0,1
126,"web|multi_factor|medium|multi_person",0.220675551349025,1
127,"web|multi_factor|medium|multi_person",1,1
128,"web|multi_factor|medium|multi_person",0.490930380396236,1
130,"web|multi_factor|medium|multi_person",0,1
131,"web|multi_factor|medium|multi_person",0.500243332966118,1
132,"web|multi_factor|medium|multi_person",0.456514061334124,1
133,"web|multi_factor|medium|multi_person",0.287727654288013,1
135,"web|multi_factor|medium|multi_person",0.374292263879539,1
136,"web|multi_factor|medium|multi_person",0.80367471199985,1
137,"web|multi_factor|medium|multi_person",0,1
138,"web|multi_factor|medium|multi_person",0.60731793454568,1
140,"web|multi_factor|medium|multi_person",0.267466086926236,1
141,"web|multi_factor|medium|multi_person",0.631577435149134,1
142,"web|multi_factor|medium|multi_person",0.964053343644021,1
143,"web|multi_factor|medium|multi_person",1,1
144,"web|multi_factor|medium|multi_person",0.47524208880078,1
145,"web|multi_factor|medium|multi_person",0.797450221271178,1
146,"web|multi_factor|medium|multi_person",1,1
147,"web|multi_factor|medium|multi_person",0.60107394206557,1
148,"web|multi_factor|medium|multi_person",0.0274348018591517,1
149,"web|multi_factor|medium|multi_person",1,1
150,"web|multi_factor|medium|multi_person",0.387743169171624,1
151,"web|multi_factor|medium|multi_person",0.680654383968115,1
152,"web|multi_factor|medium|multi_person",0.755775670051177,1
153,"web|multi_factor|medium|multi_person",0.698107243077997,1
154,"web|multi_factor|medium|multi_person",1,1
155,"web|multi_factor|medium|multi_person",1,1
156,"web|multi_factor|medium|multi_person",0.559975895840655,1
157,"web|multi_factor|medium|multi_person",0.670298219857015,1
158,"web|multi_factor|medium|multi_person",1,1
159,"web|multi_factor|medium|multi_person",1,1
160,"web|multi_factor|medium|multi_person",0.735170809499384,1
162,"web|multi_factor|medium|multi_person",0.94890832680501,1
163,"web|multi_factor|medium|multi_person",0.197406467320697,1
164,"web|multi_factor|medium|multi_person",0.828900687297852,1
165,"web|multi_factor|medium|multi_person",1,1
166,"web|multi_factor|medium|multi_person",0.574643685353211,1
167,"web|multi_factor|medium|multi_person",0.86912150476059,1
168,"web|multi_factor|medium|multi_person",0.593909647576126,1
169,"web|multi_factor|medium|multi_person",1,1
170,"web|multi_factor|medium|multi_person",1,1
171,"web|multi_factor|medium|multi_person",1,1
172,"web|multi_factor|medium|multi_person",0.0390763339172657,1
173,"web|multi_factor|medium|multi_person",0.0992672536050242,1
174,"web|multi_factor|medium|multi_person",0,1
175,"web|multi_factor|medium|multi_person",0.445880930025635,1
176,"web|multi_factor|medium|multi_person",0.198042443000295,1
177,"web|multi_factor|medium|multi_person",0.369030727309411,1
178,"web|multi_factor|medium|multi_person",0.318126663126048,1
179,"web|multi_factor|medium|multi_person",1,1
180,"web|multi_factor|medium|multi_person",0.518316704210786,1
181,"web|multi_factor|medium|multi_person",0.414772094754494,1
183,"web|multi_factor|medium|multi_person",0,1
184,"web|multi_factor|medium|multi_person",0,1
186,"web|multi_factor|medium|multi_person",0.119160050271918,1
187,"web|multi_factor|medium|multi_person",0.287240412458089,1
188,"web|multi_factor|medium|multi_person",0.753060822688442,1
189,"web|multi_factor|medium|multi_person",1,1
190,"web|multi_factor|medium|multi_person",0,1
191,"web|multi_factor|medium|multi_person",0.722491532676707,1
192,"web|multi_factor|medium|multi_person",0.324189574856862,1
194,"web|multi_factor|medium|multi_person",0.0874641083161147,1
195,"web|multi_factor|medium|multi_person",0.556027940062673,1
196,"web|multi_factor|medium|multi_person",0.679567240052097,1
197,"web|multi_factor|medium|multi_person",0.636250941048955,1
198,"web|multi_factor|medium|multi_person",0.540462066551984,1
199,"web|multi_factor|medium|multi_person",1,1
200,"web|multi_factor|medium|multi_person",0.105782877937808,1
201,"web|multi_factor|medium|multi_person",0.394965751763917,1
202,"web|multi_factor|medium|multi_person",1,1
203,"web|multi_factor|medium|multi_person",0.736293972268415,1
205,"web|multi_factor|medium|multi_person",0,1
206,"web|multi_factor|medium|multi_person",0.889913570857116,1
207,"web|multi_factor|medium|multi_person",1,1
208,"web|multi_factor|medium|multi_person",1,1
209,"web|multi_factor|medium|multi_person",0.623951412243801,1
210,"web|multi_factor|medium|multi_person",0.774678467393762,1
211,"web|multi_factor|medium|multi_person",0,1
212,"web|multi_factor|medium|multi_person",1,1
213,"web|multi_factor|medium|multi_person",0.670445647597891,1
214,"web|multi_factor|medium|multi_person",0.878773249228867,1
217,"web|multi_factor|medium|multi_person",1,1
219,"web|multi_factor|medium|multi_person",0.133614150951701,1
220,"web|multi_factor|medium|multi_person",0.857504143082232,1
221,"web|multi_factor|medium|multi_person",0,1
222,"web|multi_factor|medium|multi_person",1,1
223,"web|multi_factor|medium|multi_person",0.234091853677302,1
224,"web|multi_factor|medium|multi_person",0.484753326520136,1
225,"web|multi_factor|medium|multi_person",0.151687378120653,1
226,"web|multi_factor|medium|multi_person",0.177097433773117,1
227,"web|multi_factor|medium|multi_person",0.98064171999966,1
228,"web|multi_factor|medium|multi_person",0.909172831169363,1
230,"web|multi_factor|medium|multi_person",0.10746594064504,1
231,"web|multi_factor|medium|multi_person",0.681107980357026,1
232,"web|multi_factor|medium|multi_person",0.619521348623764,1
233,"web|multi_factor|medium|multi_person",0.997413419381827,1
234,"web|multi_factor|medium|multi_person",0.0514621887288883,1
235,"web|multi_factor|medium|multi_person",0.196237725264699,1
236,"web|multi_factor|medium|multi_person",0.805086067756243,1
237,"web|multi_factor|medium|multi_person",0.165875865317408,1
238,"web|multi_factor|medium|multi_person",1,1
239,"web|multi_factor|medium|multi_person",0.318307081460334,1
240,"web|multi_factor|medium|multi_person",0.926043836125535,1
241,"web|multi_factor|medium|multi_person",0.416570066939045,1
242,"web|multi_factor|medium|multi_person",0,1
243,"web|multi_factor|medium|multi_person",0.0516623611982177,1
245,"web|multi_factor|medium|multi_person",0.73647764286609,1
246,"web|multi_factor|medium|multi_person",0,1
247,"web|multi_factor|medium|multi_person",0.881786912263086,1
248,"web|multi_factor|medium|multi_person",0.098570539871,1
249,"web|multi_factor|medium|multi_person",0.0913475867141968,1
250,"web|multi_factor|medium|multi_person",0.806469017818978,1
251,"web|multi_factor|medium|multi_person",0.735219463890027,1
252,"web|multi_factor|medium|multi_person",0,1
253,"web|multi_factor|medium|multi_person",1,1
254,"web|multi_factor|medium|multi_person",0.942028315511777,1
256,"web|multi_factor|medium|multi_person",0,1
258,"web|multi_factor|medium|multi_person",1,1
259,"web|multi_factor|medium|multi_person",0.684239452744169,1
260,"web|multi_factor|medium|multi_person",0.193694548326681,1
261,"web|multi_factor|medium|multi_person",0.639308327921735,1
263,"web|multi_factor|medium|multi_person",0,1
264,"web|multi_factor|medium|multi_person",0.146388827462418,1
265,"web|multi_factor|medium|multi_person",0.934611251663184,1
266,"web|multi_factor|medium|multi_person",1,1
267,"web|multi_factor|medium|multi_person",0.732503280896889,1
268,"web|multi_factor|medium|multi_person",0.145765740208514,1
269,"web|multi_factor|medium|multi_person",0.784939885100843,1
270,"web|multi_factor|medium|multi_person",0.392299644187619,1
271,"web|multi_factor|medium|multi_person",1,1
272,"web|multi_factor|medium|multi_person",1,1
273,"web|multi_factor|medium|multi_person",0,1
274,"web|multi_factor|medium|multi_person",0,1
275,"web|multi_factor|medium|multi_person",0,1
276,"web|multi_factor|medium|multi_person",0,1
277,"web|multi_factor|medium|multi_person",1,1
279,"web|multi_factor|medium|multi_person",0.392082327541307,1
280,"web|multi_factor|medium|multi_person",0.15345463336459,1
281,"web|multi_factor|medium|multi_person",0.512031427353104,1
282,"web|multi_factor|medium|multi_person",0.50280310729769,1
283,"web|multi_factor|medium|multi_person",0,1
284,"web|multi_factor|medium|multi_person",0.751526836063153,1
285,"web|multi_factor|medium|multi_person",0,1
286,"web|multi_factor|medium|multi_person",0.218222778000424,1
287,"web|multi_factor|medium|multi_person",0.648867836872789,1
288,"web|multi_factor|medium|multi_person",0,1
289,"web|multi_factor|medium|multi_person",0,1
290,"web|multi_factor|medium|multi_person",0.636248513175711,1
291,"web|multi_factor|medium|multi_person",0.742988703082288,1
292,"web|multi_factor|medium|multi_person",0.163298219744468,1
293,"web|multi_factor|medium|multi_person",0,1
294,"web|multi_factor|medium|multi_person",0.691614641812247,1
295,"web|multi_factor|medium|multi_person",0,1
296,"web|multi_factor|medium|multi_person",0.187731562884734,1
297,"web|multi_factor|medium|multi_person",1,1
298,"web|multi_factor|medium|multi_person",1,1
299,"web|multi_factor|medium|multi_person",0,1
301,"web|multi_factor|medium|multi_person",0.936280400086552,1
302,"web|multi_factor|medium|multi_person",0.526363605982328,1
303,"web|multi_factor|medium|multi_person",0.181448523898625,1
304,"web|multi_factor|medium|multi_person",0,1
305,"web|multi_factor|medium|multi_person",0.91801274152039,1
306,"web|multi_factor|medium|multi_person",0.52170928616199,1
307,"web|multi_factor|medium|multi_person",0.679464718817412,1
308,"web|multi_factor|medium|multi_person",0.600364395817577,1
309,"web|multi_factor|medium|multi_person",0.846749347043274,1
310,"web|multi_factor|medium|multi_person",0.0646520125443327,1
311,"web|multi_factor|medium|multi_person",0.328022320557459,1
312,"web|multi_factor|medium|multi_person",0.0198037973079003,1
313,"web|multi_factor|medium|multi_person",1,1
314,"web|multi_factor|medium|multi_person",0.312613677609249,1
2,"mobile|simple|high|multi_person",0.426892818174448,1
3,"mobile|simple|high|multi_person",0.433651224031698,1
4,"mobile|simple|high|multi_person",1,1
5,"mobile|simple|high|multi_person",1,1
6,"mobile|simple|high|multi_person",0.592141722488915,1
7,"mobile|simple|high|multi_person",1,1
8,"mobile|simple|high|multi_person",1,1
9,"mobile|simple|high|multi_person",1,1
10,"mobile|simple|high|multi_person",0.902483672502513,1
11,"mobile|simple|high|multi_person",1,1
13,"mobile|simple|high|multi_person",0.257696296948931,1
14,"mobile|simple|high|multi_person",1,1
15,"mobile|simple|high|multi_person",0.530018861897634,1
16,"mobile|simple|high|multi_person",1,1
17,"mobile|simple|high|multi_person",0.503016174586197,1
18,"mobile|simple|high|multi_person",0.947107037857375,1
19,"mobile|simple|high|multi_person",1,1
20,"mobile|simple|high|multi_person",0.0578765586203346,1
21,"mobile|simple|high|multi_person",0.742490530662695,1
22,"mobile|simple|high|multi_person",0,1
23,"mobile|simple|high|multi_person",0,1
24,"mobile|simple|high|multi_person",1,1
26,"mobile|simple|high|multi_person",0.431216820981567,1
27,"mobile|simple|high|multi_person",0.0233235706841189,1
28,"mobile|simple|high|multi_person",0,1
29,"mobile|simple|high|multi_person",1,1
31,"mobile|simple|high|multi_person",0.376322860438901,1
32,"mobile|simple|high|multi_person",0.911635093409184,1
33,"mobile|simple|high|multi_person",0.41196254726809,1
35,"mobile|simple|high|multi_person",0.397443171815585,1
36,"mobile|simple|high|multi_person",1,1
37,"mobile|simple|high|multi_person",0.770958804756352,1
38,"mobile|simple|high|multi_person",0.820839614708223,1
39,"mobile|simple|high|multi_person",0.956725707184953,1
41,"mobile|simple|high|multi_person",0.506764045139973,1
42,"mobile|simple|high|multi_person",0.917007624068504,1
43,"mobile|simple|high|multi_person",0.540658976513955,1
44,"mobile|simple|high|multi_person",0.874677883681368,1
45,"mobile|simple|high|multi_person",0.567392326861906,1
46,"mobile|simple|high|multi_person",0.6473298347432,1
47,"mobile|simple|high|multi_person",0.11205526197374,1
48,"mobile|simple|high|multi_person",0,1
49,"mobile|simple|high|multi_person",0,1
50,"mobile|simple|high|multi_person",0.8456008163913,1
51,"mobile|simple|high|multi_person",0.536405445143405,1
52,"mobile|simple|high|multi_person",1,1
53,"mobile|simple|high|multi_person",0.830850232444641,1
54,"mobile|simple|high|multi_person",0.383285130650383,1
55,"mobile|simple|high|multi_person",0.540513580645641,1
56,"mobile|simple|high|multi_person",1,1
57,"mobile|simple|high|multi_person",1,1
58,"mobile|simple|high|multi_person",0.226307341809506,1
60,"mobile|simple|high|multi_person",0.308245394198392,1
61,"mobile|simple|high|multi_person",0.172266932983524,1
62,"mobile|simple|high|multi_person",1,1
63,"mobile|simple|high|multi_person",0.993777684886836,1
64,"mobile|simple|high|multi_person",0,1
65,"mobile|simple|high|multi_person",0.639114761160236,1
68,"mobile|simple|high|multi_person",1,1
69,"mobile|simple|high|multi_person",1,1
70,"mobile|simple|high|multi_person",0.617816748259625,1
71,"mobile|simple|high|multi_person",0.297170699367334,1
72,"mobile|simple|high|multi_person",1,1
73,"mobile|simple|high|multi_person",1,1
74,"mobile|simple|high|multi_person",0.870551589883274,1
75,"mobile|simple|high|multi_person",0.781090953673146,1
76,"mobile|simple|high|multi_person",0,1
77,"mobile|simple|high|multi_person",0.812343485976303,1
78,"mobile|simple|high|multi_person",0.91422213587719,1
79,"mobile|simple|high|multi_person",0.189776983265478,1
80,"mobile|simple|high|multi_person",0.360351009205845,1
81,"mobile|simple|high|multi_person",1,1
82,"mobile|simple|high|multi_person",1,1
83,"mobile|simple|high|multi_person",0.59435286806492,1
84,"mobile|simple|high|multi_person",1,1
86,"mobile|simple|high|multi_person",0.905976142652079,1
87,"mobile|simple|high|multi_person",0.314426525430717,1
88,"mobile|simple|high|multi_person",0.476887539137126,1
90,"mobile|simple|high|multi_person",0.663275122839802,1
91,"mobile|simple|high|multi_person",0,1
92,"mobile|simple|high|multi_person",0.636042582370851,1
93,"mobile|simple|high|multi_person",0.193789720078003,1
94,"mobile|simple|high|multi_person",0.974183427183181,1
95,"mobile|simple|high|multi_person",0.800677934891475,1
96,"mobile|simple|high|multi_person",0.915154274221665,1
97,"mobile|simple|high|multi_person",0.670560635739942,1
98,"mobile|simple|high|multi_person",0.241438733514215,1
99,"mobile|simple|high|multi_person",1,1
100,"mobile|simple|high|multi_person",0.225920197281883,1
101,"mobile|simple|high|multi_person",1,1
103,"mobile|simple|high|multi_person",0.296719876431098,1
104,"mobile|simple|high|multi_person",0.176562401444652,1
105,"mobile|simple|high|multi_person",1,1
106,"mobile|simple|high|multi_person",0.282636903326622,1
107,"mobile|simple|high|multi_person",0.637451299688472,1
108,"mobile|simple|high|multi_person",0.275944241605656,1
109,"mobile|simple|high|multi_person",0.592918601495773,1
110,"mobile|simple|high|multi_person",0.615536386641168,1
111,"mobile|simple|high|multi_person",0.590172210554551,1
112,"mobile|simple|high|multi_person",0.941342107335614,1
113,"mobile|simple|high|multi_person",0.448134099442867,1
114,"mobile|simple|high|multi_person",0.917555550898127,1
115,"mobile|simple|high|multi_person",1,1
116,"mobile|simple|high|multi_person",0.336779042859118,1
117,"mobile|simple|high|multi_person",0.39697780064178,1
118,"mobile|simple|high|multi_person",0.532757090216945,1
119,"mobile|simple|high|multi_person",0.489869974331718,1
120,"mobile|simple|high|multi_person",0.0700722723227008,1
121,"mobile|simple|high|multi_person",0.843158184223398,1
122,"mobile|simple|high|multi_person",0.0722765756242311,1
123,"mobile|simple|high|multi_person",0.831579569429899,1
124,"mobile|simple|high|multi_person",1,1
125,"mobile|simple|high|multi_person",0.625580878466068,1
126,"mobile|simple|high|multi_person",0.302334659694536,1
127,"mobile|simple|high|multi_person",1,1
128,"mobile|simple|high|multi_person",0.992037234115124,1
130,"mobile|simple|high|multi_person",0.512599434823881,1
131,"mobile|simple|high|multi_person",0.452062985014864,1
132,"mobile|simple|high|multi_person",0.704109840094408,1
133,"mobile|simple|high|multi_person",0.271835584110295,1
135,"mobile|simple|high|multi_person",0.42504818226228,1
136,"mobile|simple|high|multi_person",0.911842052094727,1
137,"mobile|simple|high|multi_person",0.18104086582983,1
138,"mobile|simple|high|multi_person",1,1
140,"mobile|simple|high|multi_person",0.12956740569473,1
141,"mobile|simple|high|multi_person",1,1
142,"mobile|simple|high|multi_person",0.980325938405567,1
143,"mobile|simple|high|multi_person",1,1
144,"mobile|simple|high|multi_person",0.27331047520028,1
145,"mobile|simple|high|multi_person",0.806858983259552,1
146,"mobile|simple|high|multi_person",1,1
147,"mobile|simple|high|multi_person",0.507974128937618,1
148,"mobile|simple|high|multi_person",0.102594127685797,1
149,"mobile|simple|high|multi_person",0.819511764641112,1
150,"mobile|simple|high|multi_person",0.759082449151851,1
151,"mobile|simple|high|multi_person",0.89894980365056,1
152,"mobile|simple|high|multi_person",0.721587996434401,1
153,"mobile|simple|high|multi_person",1,1
154,"mobile|simple|high|multi_person",1,1
155,"mobile|simple|high|multi_person",1,1
156,"mobile|simple|high|multi_person",0.680974317541722,1
157,"mobile|simple|high|multi_person",0.832754488522898,1
158,"mobile|simple|high|multi_person",0.902695086654865,1
159,"mobile|simple|high|multi_person",1,1
160,"mobile|simple|high|multi_person",0.96214690948017,1
162,"mobile|simple|high|multi_person",0.595605645772928,1
163,"mobile|simple|high|multi_person",0.096190859308804,1
164,"mobile|simple|high|multi_person",0.724154101633809,1
165,"mobile|simple|high|multi_person",1,1
166,"mobile|simple|high|multi_person",0.721901775016923,1
167,"mobile|simple|high|multi_person",0.0692220648968897,1
168,"mobile|simple|high|multi_person",0.434612503767308,1
169,"mobile|simple|high|multi_person",0.659679193235297,1
170,"mobile|simple|high|multi_person",0.825394421100397,1
171,"mobile|simple|high|multi_person",0.77936091853829,1
172,"mobile|simple|high|multi_person",0.297974918751197,1
173,"mobile|simple|high|multi_person",0.196171059756693,1
174,"mobile|simple|high|multi_person",0,1
175,"mobile|simple|high|multi_person",1,1
176,"mobile|simple|high|multi_person",0.208484179375509,1
177,"mobile|simple|high|multi_person",0.598310162022778,1
178,"mobile|simple|high|multi_person",0.127485028000683,1
179,"mobile|simple|high|multi_person",0.500700041425767,1
180,"mobile|simple|high|multi_person",0.60192234884616,1
181,"mobile|simple|high|multi_person",0.633755253383914,1
183,"mobile|simple|high|multi_person",0,1
184,"mobile|simple|high|multi_person",0.325063422682119,1
186,"mobile|simple|high|multi_person",0.114829185824544,1
187,"mobile|simple|high|multi_person",0.702925990592924,1
188,"mobile|simple|high|multi_person",0.802529428327725,1
189,"mobile|simple|high|multi_person",0.543864663677211,1
190,"mobile|simple|high|multi_person",0.246322850538001,1
191,"mobile|simple|high|multi_person",1,1
192,"mobile|simple|high|multi_person",0.644809693381835,1
194,"mobile|simple|high|multi_person",0.429852950007283,1
195,"mobile|simple|high|multi_person",0.597795432547454,1
196,"mobile|simple|high|multi_person",0.883618335653636,1
197,"mobile|simple|high|multi_person",0.532659870976088,1
198,"mobile|simple|high|multi_person",1,1
199,"mobile|simple|high|multi_person",1,1
200,"mobile|simple|high|multi_person",0.306284938129202,1
201,"mobile|simple|high|multi_person",0.57975336206571,1
202,"mobile|simple|high|multi_person",1,1
203,"mobile|simple|high|multi_person",0.691990783424453,1
205,"mobile|simple|high|multi_person",0,1
206,"mobile|simple|high|multi_person",0.913136237681431,1
207,"mobile|simple|high|multi_person",1,1
208,"mobile|simple|high|multi_person",0.952228589548749,1
209,"mobile|simple|high|multi_person",1,1
210,"mobile|simple|high|multi_person",0.826727579779214,1
211,"mobile|simple|high|multi_person",0.388679700877828,1
212,"mobile|simple|high|multi_person",1,1
213,"mobile|simple|high|multi_person",0.859651533880055,1
214,"mobile|simple|high|multi_person",0.997370453839488,1
217,"mobile|simple|high|multi_person",0.561849800307939,1
219,"mobile|simple|high|multi_person",0.397968519405928,1
220,"mobile|simple|high|multi_person",1,1
221,"mobile|simple|high|multi_person",0,1
222,"mobile|simple|high|multi_person",1,1
223,"mobile|simple|high|multi_person",0.40491510622848,1
224,"mobile|simple|high|multi_person",0.368243100057635,1
225,"mobile|simple|high|multi_person",0.142441457643043,1
226,"mobile|simple|high|multi_person",0.187965803343775,1
227,"mobile|simple|high|multi_person",0.910760016758592,1
228,"mobile|simple|high|multi_person",0.482920802773228,1
230,"mobile|simple|high|multi_person",0,1
231,"mobile|simple|high|multi_person",0.739011334309219,1
232,"mobile|simple|high|multi_person",0.222146556348708,1
233,"mobile|simple|high|multi_person",0.861256683913597,1
234,"mobile|simple|high|multi_person",0,1
235,"mobile|simple|high|multi_person",0.95476373362904,1
236,"mobile|simple|high|multi_person",1,1
237,"mobile|simple|high|multi_person",0.96187986405892,1
238,"mobile|simple|high|multi_person",1,1
239,"mobile|simple|high|multi_person",0.483020236865276,1
240,"mobile|simple|high|multi_person",1,1
241,"mobile|simple|high|multi_person",1,1
242,"mobile|simple|high|multi_person",0.255376406313284,1
243,"mobile|simple|high|multi_person",0.12174725653562,1
245,"mobile|simple|high|multi_person",0.716581505521285,1
246,"mobile|simple|high|multi_person",0,1
247,"mobile|simple|high|multi_person",0.988088527673219,1
248,"mobile|simple|high|multi_person",0,1
249,"mobile|simple|high|multi_person",0.16056973486929,1
250,"mobile|simple|high|multi_person",0.847761881053242,1
251,"mobile|simple|high|multi_person",0.57289126919214,1
252,"mobile|simple|high|multi_person",0.290818146688523,1
253,"mobile|simple|high|multi_person",1,1
254,"mobile|simple|high|multi_person",1,1
256,"mobile|simple|high|multi_person",1,1
258,"mobile|simple|high|multi_person",0.898182731004298,1
259,"mobile|simple|high|multi_person",0.66057849801051,1
260,"mobile|simple|high|multi_person",0.0965067549794556,1
261,"mobile|simple|high|multi_person",0.88049455191514,1
263,"mobile|simple|high|multi_person",0,1
264,"mobile|simple|high|multi_person",0.07451593734877,1
265,"mobile|simple|high|multi_person",0.749759928207421,1
266,"mobile|simple|high|multi_person",0.710852604093465,1
267,"mobile|simple|high|multi_person",0.839204145996302,1
268,"mobile|simple|high|multi_person",0.407785629550247,1
269,"mobile|simple|high|multi_person",1,1
270,"mobile|simple|high|multi_person",0.462774296313595,1
271,"mobile|simple|high|multi_person",1,1
272,"mobile|simple|high|multi_person",0.916491116859842,1
273,"mobile|simple|high|multi_person",0,1
274,"mobile|simple|high|multi_person",0.204852397031372,1
275,"mobile|simple|high|multi_person",0,1
276,"mobile|simple|high|multi_person",0,1
277,"mobile|simple|high|multi_person",0,1
279,"mobile|simple|high|multi_person",0.142000545543887,1
280,"mobile|simple|high|multi_person",0,1
281,"mobile|simple|high|multi_person",0.726111330235474,1
282,"mobile|simple|high|multi_person",0.924281725217947,1
283,"mobile|simple|high|multi_person",0.192897229193822,1
284,"mobile|simple|high|multi_person",0.869983583971,1
285,"mobile|simple|high|multi_person",0,1
286,"mobile|simple|high|multi_person",0.0695592276166833,1
287,"mobile|simple|high|multi_person",1,1
288,"mobile|simple|high|multi_person",0,1
289,"mobile|simple|high|multi_person",0,1
290,"mobile|simple|high|multi_person",0.464096643008321,1
291,"mobile|simple|high|multi_person",0.468943041204428,1
292,"mobile|simple|high|multi_person",0.153209799227934,1
293,"mobile|simple|high|multi_person",0.274538338295108,1
294,"mobile|simple|high|multi_person",0.722338704931677,1
295,"mobile|simple|high|multi_person",0.182941487438337,1
296,"mobile|simple|high|multi_person",0.225573717318922,1
297,"mobile|simple|high|multi_person",0.871270077418309,1
298,"mobile|simple|high|multi_person",0.724962466105639,1
299,"mobile|simple|high|multi_person",0.540113889377855,1
301,"mobile|simple|high|multi_person",1,1
302,"mobile|simple|high|multi_person",1,1
303,"mobile|simple|high|multi_person",0.421245878024535,1
304,"mobile|simple|high|multi_person",1,1
305,"mobile|simple|high|multi_person",1,1
306,"mobile|simple|high|multi_person",0.782491373941319,1
307,"mobile|simple|high|multi_person",1,1
308,"mobile|simple|high|multi_person",0.376177353062732,1
309,"mobile|simple|high|multi_person",1,1
310,"mobile|simple|high|multi_person",1,1
311,"mobile|simple|high|multi_person",0.560249719601305,1
312,"mobile|simple|high|multi_person",0.196904975243339,1
313,"mobile|simple|high|multi_person",1,1
314,"mobile|simple|high|multi_person",0.44602310002191,1
2,"web|simple|high|multi_person",0.490655871973487,1
3,"web|simple|high|multi_person",0.558319459863516,1
4,"web|simple|high|multi_person",0.71182084029042,1
5,"web|simple|high|multi_person",0.501199947751574,1
6,"web|simple|high|multi_person",0.546887837921488,1
7,"web|simple|high|multi_person",1,1
8,"web|simple|high|multi_person",1,1
9,"web|simple|high|multi_person",0.960073475597506,1
10,"web|simple|high|multi_person",1,1
11,"web|simple|high|multi_person",0.560530190894317,1
13,"web|simple|high|multi_person",0.242471572220759,1
14,"web|simple|high|multi_person",1,1
15,"web|simple|high|multi_person",0.574126244585614,1
16,"web|simple|high|multi_person",0.980533278912487,1
17,"web|simple|high|multi_person",0.442159797113889,1
18,"web|simple|high|multi_person",0.948626172569635,1
19,"web|simple|high|multi_person",1,1
20,"web|simple|high|multi_person",0.293510215273535,1
21,"web|simple|high|multi_person",0.820884467886508,1
22,"web|simple|high|multi_person",0.0944540950331496,1
23,"web|simple|high|multi_person",0,1
24,"web|simple|high|multi_person",1,1
26,"web|simple|high|multi_person",0.500194494247311,1
27,"web|simple|high|multi_person",1,1
28,"web|simple|high|multi_person",0,1
29,"web|simple|high|multi_person",1,1
31,"web|simple|high|multi_person",0.410573920543902,1
32,"web|simple|high|multi_person",1,1
33,"web|simple|high|multi_person",0.325329579062332,1
35,"web|simple|high|multi_person",1,1
36,"web|simple|high|multi_person",1,1
37,"web|simple|high|multi_person",0.800007042844296,1
38,"web|simple|high|multi_person",0.612962897371168,1
39,"web|simple|high|multi_person",0.934372097043698,1
41,"web|simple|high|multi_person",0.583369285908128,1
42,"web|simple|high|multi_person",0.87116454367135,1
43,"web|simple|high|multi_person",0.563416547754165,1
44,"web|simple|high|multi_person",0.670094244155904,1
45,"web|simple|high|multi_person",0,1
46,"web|simple|high|multi_person",0,1
47,"web|simple|high|multi_person",0.0431532781758002,1
48,"web|simple|high|multi_person",0,1
49,"web|simple|high|multi_person",0.0468887782264264,1
50,"web|simple|high|multi_person",1,1
51,"web|simple|high|multi_person",0.747274345633134,1
52,"web|simple|high|multi_person",0.788007390042922,1
53,"web|simple|high|multi_person",0.726918536333914,1
54,"web|simple|high|multi_person",0.793840238516156,1
55,"web|simple|high|multi_person",0.420497060365212,1
56,"web|simple|high|multi_person",0,1
57,"web|simple|high|multi_person",1,1
58,"web|simple|high|multi_person",0.196700222602387,1
60,"web|simple|high|multi_person",0.338921590079863,1
61,"web|simple|high|multi_person",0.123719017163382,1
62,"web|simple|high|multi_person",0.903728033849791,1
63,"web|simple|high|multi_person",0.825968649945592,1
64,"web|simple|high|multi_person",0,1
65,"web|simple|high|multi_person",1,1
68,"web|simple|high|multi_person",1,1
69,"web|simple|high|multi_person",1,1
70,"web|simple|high|multi_person",0.522774543296668,1
71,"web|simple|high|multi_person",0.28883420024019,1
72,"web|simple|high|multi_person",1,1
73,"web|simple|high|multi_person",0.650697567524282,1
74,"web|simple|high|multi_person",1,1
75,"web|simple|high|multi_person",0.661053153438694,1
76,"web|simple|high|multi_person",0.217438485903029,1
77,"web|simple|high|multi_person",0.68149840075629,1
78,"web|simple|high|multi_person",0.746555659018699,1
79,"web|simple|high|multi_person",1,1
80,"web|simple|high|multi_person",0.216993643321235,1
81,"web|simple|high|multi_person",0.447155830935254,1
82,"web|simple|high|multi_person",0.887213369298439,1
83,"web|simple|high|multi_person",0.0228646901211938,1
84,"web|simple|high|multi_person",1,1
86,"web|simple|high|multi_person",0.783558325727355,1
87,"web|simple|high|multi_person",0.683593659893555,1
88,"web|simple|high|multi_person",0.494476176976292,1
90,"web|simple|high|multi_person",0.814853955036206,1
91,"web|simple|high|multi_person",0,1
92,"web|simple|high|multi_person",0.59304622920004,1
93,"web|simple|high|multi_person",0.994974563419765,1
94,"web|simple|high|multi_person",1,1
95,"web|simple|high|multi_person",0.777457406851766,1
96,"web|simple|high|multi_person",0,1
97,"web|simple|high|multi_person",0.391024638316719,1
98,"web|simple|high|multi_person",0.323486737251077,1
99,"web|simple|high|multi_person",1,1
100,"web|simple|high|multi_person",0,1
101,"web|simple|high|multi_person",1,1
103,"web|simple|high|multi_person",1,1
104,"web|simple|high|multi_person",0.116892979058144,1
105,"web|simple|high|multi_person",0,1
106,"web|simple|high|multi_person",0.403258709237894,1
107,"web|simple|high|multi_person",0.913656240003665,1
108,"web|simple|high|multi_person",0.150013076272081,1
109,"web|simple|high|multi_person",0.508837622779136,1
110,"web|simple|high|multi_person",0.491681205300502,1
111,"web|simple|high|multi_person",0.593569437048697,1
112,"web|simple|high|multi_person",1,1
113,"web|simple|high|multi_person",0.385881910299981,1
114,"web|simple|high|multi_person",1,1
115,"web|simple|high|multi_person",1,1
116,"web|simple|high|multi_person",0.410194174241797,1
117,"web|simple|high|multi_person",0.265257436078894,1
118,"web|simple|high|multi_person",0.685711651475035,1
119,"web|simple|high|multi_person",1,1
120,"web|simple|high|multi_person",0.391385030384118,1
121,"web|simple|high|multi_person",0.685886021252168,1
122,"web|simple|high|multi_person",0.00278468848873567,1
123,"web|simple|high|multi_person",0.964349067733186,1
124,"web|simple|high|multi_person",0.91657588481436,1
125,"web|simple|high|multi_person",0,1
126,"web|simple|high|multi_person",0.292822075591874,1
127,"web|simple|high|multi_person",1,1
128,"web|simple|high|multi_person",0,1
130,"web|simple|high|multi_person",0,1
131,"web|simple|high|multi_person",0.563369327464204,1
132,"web|simple|high|multi_person",0.737622199778924,1
133,"web|simple|high|multi_person",0.326545678072595,1
135,"web|simple|high|multi_person",0.356760381007687,1
136,"web|simple|high|multi_person",0.879102621000441,1
137,"web|simple|high|multi_person",0,1
138,"web|simple|high|multi_person",1,1
140,"web|simple|high|multi_person",0.344189414291435,1
141,"web|simple|high|multi_person",0.603280161743243,1
142,"web|simple|high|multi_person",1,1
143,"web|simple|high|multi_person",1,1
144,"web|simple|high|multi_person",0.378323777722409,1
145,"web|simple|high|multi_person",0.876606374216538,1
146,"web|simple|high|multi_person",1,1
147,"web|simple|high|multi_person",0.646879131321117,1
148,"web|simple|high|multi_person",0.106479399801573,1
149,"web|simple|high|multi_person",1,1
150,"web|simple|high|multi_person",0.575809983018962,1
151,"web|simple|high|multi_person",0.842217539187037,1
152,"web|simple|high|multi_person",0.923270508454544,1
153,"web|simple|high|multi_person",0,1
154,"web|simple|high|multi_person",1,1
155,"web|simple|high|multi_person",1,1
156,"web|simple|high|multi_person",0.613877495981994,1
157,"web|simple|high|multi_person",0.722927708616326,1
158,"web|simple|high|multi_person",1,1
159,"web|simple|high|multi_person",1,1
160,"web|simple|high|multi_person",0.615804676696722,1
162,"web|simple|high|multi_person",1,1
163,"web|simple|high|multi_person",0.223047923379804,1
164,"web|simple|high|multi_person",0.801072316781746,1
165,"web|simple|high|multi_person",1,1
166,"web|simple|high|multi_person",0.547085767981015,1
167,"web|simple|high|multi_person",0.966422253709962,1
168,"web|simple|high|multi_person",0.705191363271506,1
169,"web|simple|high|multi_person",1,1
170,"web|simple|high|multi_person",1,1
171,"web|simple|high|multi_person",1,1
172,"web|simple|high|multi_person",0,1
173,"web|simple|high|multi_person",0.195864363528319,1
174,"web|simple|high|multi_person",0,1
175,"web|simple|high|multi_person",0.661068104467479,1
176,"web|simple|high|multi_person",0.145854603217237,1
177,"web|simple|high|multi_person",0.527619951842681,1
178,"web|simple|high|multi_person",0.365756589579421,1
179,"web|simple|high|multi_person",0.391293036439284,1
180,"web|simple|high|multi_person",0.642497078759704,1
181,"web|simple|high|multi_person",0.584463262171384,1
183,"web|simple|high|multi_person",0,1
184,"web|simple|high|multi_person",0.0480646742743386,1
186,"web|simple|high|multi_person",0.172141461896673,1
187,"web|simple|high|multi_person",0.664185679593312,1
188,"web|simple|high|multi_person",1,1
189,"web|simple|high|multi_person",1,1
190,"web|simple|high|multi_person",0.0972865541743635,1
191,"web|simple|high|multi_person",0.565856697242151,1
192,"web|simple|high|multi_person",0.72754326665518,1
194,"web|simple|high|multi_person",0.191748457255557,1
195,"web|simple|high|multi_person",0.894945599654324,1
196,"web|simple|high|multi_person",0.757718071185962,1
197,"web|simple|high|multi_person",0.629845004778956,1
198,"web|simple|high|multi_person",0.576625576086264,1
199,"web|simple|high|multi_person",1,1
200,"web|simple|high|multi_person",0.193117424103477,1
201,"web|simple|high|multi_person",0.471923489670139,1
202,"web|simple|high|multi_person",1,1
203,"web|simple|high|multi_person",0.665948086623128,1
205,"web|simple|high|multi_person",0,1
206,"web|simple|high|multi_person",0.948976635934292,1
207,"web|simple|high|multi_person",1,1
208,"web|simple|high|multi_person",1,1
209,"web|simple|high|multi_person",0.413188860923451,1
210,"web|simple|high|multi_person",0.959119238490482,1
211,"web|simple|high|multi_person",0.229297637622268,1
212,"web|simple|high|multi_person",1,1
213,"web|simple|high|multi_person",0.72037689285723,1
214,"web|simple|high|multi_person",0.956855081728164,1
217,"web|simple|high|multi_person",1,1
219,"web|simple|high|multi_person",0.293779478716242,1
220,"web|simple|high|multi_person",1,1
221,"web|simple|high|multi_person",0,1
222,"web|simple|high|multi_person",1,1
223,"web|simple|high|multi_person",0.451821493748605,1
224,"web|simple|high|multi_person",0.198771352531616,1
225,"web|simple|high|multi_person",0.381411455804484,1
226,"web|simple|high|multi_person",0,1
227,"web|simple|high|multi_person",0.943993317018619,1
228,"web|simple|high|multi_person",0.843198292019911,1
230,"web|simple|high|multi_person",0.0432965951781484,1
231,"web|simple|high|multi_person",0.769947425379598,1
232,"web|simple|high|multi_person",1,1
233,"web|simple|high|multi_person",1,1
234,"web|simple|high|multi_person",0.340136206798175,1
235,"web|simple|high|multi_person",0.94000362139148,1
236,"web|simple|high|multi_person",0.87139313357645,1
237,"web|simple|high|multi_person",0.122160933300742,1
238,"web|simple|high|multi_person",1,1
239,"web|simple|high|multi_person",0.463910235154161,1
240,"web|simple|high|multi_person",1,1
241,"web|simple|high|multi_person",0.567008388900631,1
242,"web|simple|high|multi_person",0.0576334215803906,1
243,"web|simple|high|multi_person",0.186038263198718,1
245,"web|simple|high|multi_person",0.803242797365329,1
246,"web|simple|high|multi_person",0.0293134020523708,1
247,"web|simple|high|multi_person",0.940310068516334,1
248,"web|simple|high|multi_person",0,1
249,"web|simple|high|multi_person",0.186726470970717,1
250,"web|simple|high|multi_person",0.857774192245166,1
251,"web|simple|high|multi_person",0.794031976489031,1
252,"web|simple|high|multi_person",0.106045386557366,1
253,"web|simple|high|multi_person",1,1
254,"web|simple|high|multi_person",0,1
256,"web|simple|high|multi_person",0,1
258,"web|simple|high|multi_person",1,1
259,"web|simple|high|multi_person",0.660540248932349,1
260,"web|simple|high|multi_person",0.0505885270178234,1
261,"web|simple|high|multi_person",1,1
263,"web|simple|high|multi_person",0,1
264,"web|simple|high|multi_person",0.0112470048504592,1
265,"web|simple|high|multi_person",0.944264845884547,1
266,"web|simple|high|multi_person",1,1
267,"web|simple|high|multi_person",0.816845589749094,1
268,"web|simple|high|multi_person",0.268641632352515,1
269,"web|simple|high|multi_person",0.870113740426616,1
270,"web|simple|high|multi_person",0.490590649643576,1
271,"web|simple|high|multi_person",1,1
272,"web|simple|high|multi_person",1,1
273,"web|simple|high|multi_person",0,1
274,"web|simple|high|multi_person",0,1
275,"web|simple|high|multi_person",0.262288328625184,1
276,"web|simple|high|multi_person",0,1
277,"web|simple|high|multi_person",1,1
279,"web|simple|high|multi_person",0.365225031760834,1
280,"web|simple|high|multi_person",0.365282125041031,1
281,"web|simple|high|multi_person",0.759423394638938,1
282,"web|simple|high|multi_person",0.82566494323898,1
283,"web|simple|high|multi_person",0,1
284,"web|simple|high|multi_person",0.951516823417836,1
285,"web|simple|high|multi_person",0,1
286,"web|simple|high|multi_person",0.149014372755733,1
287,"web|simple|high|multi_person",0.898418474709023,1
288,"web|simple|high|multi_person",0,1
289,"web|simple|high|multi_person",0.0601827619893802,1
290,"web|simple|high|multi_person",0.628555853409746,1
291,"web|simple|high|multi_person",0.524200427897745,1
292,"web|simple|high|multi_person",0.15621633181415,1
293,"web|simple|high|multi_person",0.180801844324958,1
294,"web|simple|high|multi_person",0.78357838159463,1
295,"web|simple|high|multi_person",0.403632720853935,1
296,"web|simple|high|multi_person",0.222187388287039,1
297,"web|simple|high|multi_person",1,1
298,"web|simple|high|multi_person",1,1
299,"web|simple|high|multi_person",0,1
301,"web|simple|high|multi_person",0.938778239773506,1
302,"web|simple|high|multi_person",1,1
303,"web|simple|high|multi_person",0.410458642172836,1
304,"web|simple|high|multi_person",1,1
305,"web|simple|high|multi_person",0.746598106617741,1
306,"web|simple|high|multi_person",0.597747668543311,1
307,"web|simple|high|multi_person",0.763397240103828,1
308,"web|simple|high|multi_person",1,1
309,"web|simple|high|multi_person",0.918183966699161,1
310,"web|simple|high|multi_person",0.203543981305558,1
311,"web|simple|high|multi_person",0.581929086764622,1
312,"web|simple|high|multi_person",0.374251229261012,1
313,"web|simple|high|multi_person",1,1
314,"web|simple|high|multi_person",0.576725930091386,1
2,"mobile|two_factor|high|multi_person",0.361330113769813,1
3,"mobile|two_factor|high|multi_person",0.032389353433057,1
4,"mobile|two_factor|high|multi_person",0.939722554448012,1
5,"mobile|two_factor|high|multi_person",1,1
6,"mobile|two_factor|high|multi_person",0.653281115849786,1
7,"mobile|two_factor|high|multi_person",1,1
8,"mobile|two_factor|high|multi_person",1,1
9,"mobile|two_factor|high|multi_person",0.438898475457819,1
10,"mobile|two_factor|high|multi_person",0.665120908884434,1
11,"mobile|two_factor|high|multi_person",0.97558666601551,1
13,"mobile|two_factor|high|multi_person",0.169653224247406,1
14,"mobile|two_factor|high|multi_person",1,1
15,"mobile|two_factor|high|multi_person",0.556214797247702,1
16,"mobile|two_factor|high|multi_person",0.952092596507022,1
17,"mobile|two_factor|high|multi_person",0.468229859554412,1
18,"mobile|two_factor|high|multi_person",0.79562958462029,1
19,"mobile|two_factor|high|multi_person",0.977370453899817,1
20,"mobile|two_factor|high|multi_person",0,1
21,"mobile|two_factor|high|multi_person",0.580396519145767,1
22,"mobile|two_factor|high|multi_person",0,1
23,"mobile|two_factor|high|multi_person",0,1
24,"mobile|two_factor|high|multi_person",0.73701035404703,1
26,"mobile|two_factor|high|multi_person",0.778001216193667,1
27,"mobile|two_factor|high|multi_person",0,1
28,"mobile|two_factor|high|multi_person",0,1
29,"mobile|two_factor|high|multi_person",0.966548677511836,1
31,"mobile|two_factor|high|multi_person",0.263719122895407,1
32,"mobile|two_factor|high|multi_person",0.843913495867705,1
33,"mobile|two_factor|high|multi_person",0.311710454785537,1
35,"mobile|two_factor|high|multi_person",0.195902077699328,1
36,"mobile|two_factor|high|multi_person",0.796615393575644,1
37,"mobile|two_factor|high|multi_person",0.81345402254644,1
38,"mobile|two_factor|high|multi_person",0.735632442047699,1
39,"mobile|two_factor|high|multi_person",0.896058686490034,1
41,"mobile|two_factor|high|multi_person",0.535585612557594,1
42,"mobile|two_factor|high|multi_person",0.715334939092071,1
43,"mobile|two_factor|high|multi_person",0.820954232394558,1
44,"mobile|two_factor|high|multi_person",0.493002297899636,1
45,"mobile|two_factor|high|multi_person",0.717940686563695,1
46,"mobile|two_factor|high|multi_person",0.263630815989332,1
47,"mobile|two_factor|high|multi_person",0,1
48,"mobile|two_factor|high|multi_person",0,1
49,"mobile|two_factor|high|multi_person",0.107058905313794,1
50,"mobile|two_factor|high|multi_person",0.630045871098467,1
51,"mobile|two_factor|high|multi_person",0.476259401266299,1
52,"mobile|two_factor|high|multi_person",1,1
53,"mobile|two_factor|high|multi_person",0.844952517582736,1
54,"mobile|two_factor|high|multi_person",0.120490479080002,1
55,"mobile|two_factor|high|multi_person",0.51719632727761,1
56,"mobile|two_factor|high|multi_person",0,1
57,"mobile|two_factor|high|multi_person",1,1
58,"mobile|two_factor|high|multi_person",0.228373458278889,1
60,"mobile|two_factor|high|multi_person",0.246059667360309,1
61,"mobile|two_factor|high|multi_person",0.174960147797288,1
62,"mobile|two_factor|high|multi_person",1,1
63,"mobile|two_factor|high|multi_person",0.744192732284059,1
64,"mobile|two_factor|high|multi_person",0,1
65,"mobile|two_factor|high|multi_person",0.501534993654135,1
68,"mobile|two_factor|high|multi_person",0.611128483591106,1
69,"mobile|two_factor|high|multi_person",0.948683823402287,1
70,"mobile|two_factor|high|multi_person",0.648020136724015,1
71,"mobile|two_factor|high|multi_person",0,1
72,"mobile|two_factor|high|multi_person",1,1
73,"mobile|two_factor|high|multi_person",0.558510166746257,1
74,"mobile|two_factor|high|multi_person",0.874968056289322,1
75,"mobile|two_factor|high|multi_person",0.830792360915433,1
76,"mobile|two_factor|high|multi_person",0,1
77,"mobile|two_factor|high|multi_person",0.572465513475156,1
78,"mobile|two_factor|high|multi_person",0.556360359680987,1
79,"mobile|two_factor|high|multi_person",0.146984378334745,1
80,"mobile|two_factor|high|multi_person",0.301651487808406,1
81,"mobile|two_factor|high|multi_person",0.91708786881166,1
82,"mobile|two_factor|high|multi_person",0.60656923834621,1
83,"mobile|two_factor|high|multi_person",0.712022244456261,1
84,"mobile|two_factor|high|multi_person",1,1
86,"mobile|two_factor|high|multi_person",0.817920740773095,1
87,"mobile|two_factor|high|multi_person",0.259085083239131,1
88,"mobile|two_factor|high|multi_person",0.414746432403588,1
90,"mobile|two_factor|high|multi_person",0.428688778538029,1
91,"mobile|two_factor|high|multi_person",0,1
92,"mobile|two_factor|high|multi_person",0.59837152582778,1
93,"mobile|two_factor|high|multi_person",0.149283714269503,1
94,"mobile|two_factor|high|multi_person",0.25465046021294,1
95,"mobile|two_factor|high|multi_person",0.75964803003948,1
96,"mobile|two_factor|high|multi_person",0.641039336134144,1
97,"mobile|two_factor|high|multi_person",0.693245699092428,1
98,"mobile|two_factor|high|multi_person",0.264276078241315,1
99,"mobile|two_factor|high|multi_person",1,1
100,"mobile|two_factor|high|multi_person",0.365647295093209,1
101,"mobile|two_factor|high|multi_person",0.848187062736814,1
103,"mobile|two_factor|high|multi_person",0,1
104,"mobile|two_factor|high|multi_person",0.00234739692082875,1
105,"mobile|two_factor|high|multi_person",1,1
106,"mobile|two_factor|high|multi_person",0,1
107,"mobile|two_factor|high|multi_person",0.817905955656734,1
108,"mobile|two_factor|high|multi_person",0.230956716643496,1
109,"mobile|two_factor|high|multi_person",0.58410252042768,1
110,"mobile|two_factor|high|multi_person",0.527455987115504,1
111,"mobile|two_factor|high|multi_person",0.603546476320167,1
112,"mobile|two_factor|high|multi_person",0.775850891405911,1
113,"mobile|two_factor|high|multi_person",0.285872358599033,1
114,"mobile|two_factor|high|multi_person",0.572581540862103,1
115,"mobile|two_factor|high|multi_person",0.780446651152037,1
116,"mobile|two_factor|high|multi_person",0.323323587548833,1
117,"mobile|two_factor|high|multi_person",0.276564342817373,1
118,"mobile|two_factor|high|multi_person",0.415922338363322,1
119,"mobile|two_factor|high|multi_person",0.530211343068925,1
120,"mobile|two_factor|high|multi_person",0,1
121,"mobile|two_factor|high|multi_person",0.791611533908761,1
122,"mobile|two_factor|high|multi_person",0.0164412809293786,1
123,"mobile|two_factor|high|multi_person",0.733760932465661,1
124,"mobile|two_factor|high|multi_person",1,1
125,"mobile|two_factor|high|multi_person",0.415241703766521,1
126,"mobile|two_factor|high|multi_person",0.190499922380398,1
127,"mobile|two_factor|high|multi_person",1,1
128,"mobile|two_factor|high|multi_person",1,1
130,"mobile|two_factor|high|multi_person",0.287322642316885,1
131,"mobile|two_factor|high|multi_person",0.1083787785488,1
132,"mobile|two_factor|high|multi_person",0.509097481540188,1
133,"mobile|two_factor|high|multi_person",0.203439710017547,1
135,"mobile|two_factor|high|multi_person",0.420033922087874,1
136,"mobile|two_factor|high|multi_person",0.674496709790273,1
137,"mobile|two_factor|high|multi_person",0.0250069044168282,1
138,"mobile|two_factor|high|multi_person",1,1
140,"mobile|two_factor|high|multi_person",0.0781552907007609,1
141,"mobile|two_factor|high|multi_person",1,1
142,"mobile|two_factor|high|multi_person",0.87371456238583,1
143,"mobile|two_factor|high|multi_person",1,1
144,"mobile|two_factor|high|multi_person",0.22681504405506,1
145,"mobile|two_factor|high|multi_person",0.718366470194173,1
146,"mobile|two_factor|high|multi_person",1,1
147,"mobile|two_factor|high|multi_person",0.384107479127299,1
148,"mobile|two_factor|high|multi_person",0.0338684374529284,1
149,"mobile|two_factor|high|multi_person",0.451763968585478,1
150,"mobile|two_factor|high|multi_person",0.60140686827424,1
151,"mobile|two_factor|high|multi_person",0.754819221057155,1
152,"mobile|two_factor|high|multi_person",0.586231328377917,1
153,"mobile|two_factor|high|multi_person",1,1
154,"mobile|two_factor|high|multi_person",1,1
155,"mobile|two_factor|high|multi_person",0.959400541263091,1
156,"mobile|two_factor|high|multi_person",0.50711759870032,1
157,"mobile|two_factor|high|multi_person",0.740812590630593,1
158,"mobile|two_factor|high|multi_person",0.706144682353863,1
159,"mobile|two_factor|high|multi_person",1,1
160,"mobile|two_factor|high|multi_person",0.907164478071114,1
162,"mobile|two_factor|high|multi_person",0.544877999431727,1
163,"mobile|two_factor|high|multi_person",0.0913849318752858,1
164,"mobile|two_factor|high|multi_person",0.71644368388506,1
165,"mobile|two_factor|high|multi_person",1,1
166,"mobile|two_factor|high|multi_person",0.66506480750978,1
167,"mobile|two_factor|high|multi_person",0.00921792532209919,1
168,"mobile|two_factor|high|multi_person",0.365343607017437,1
169,"mobile|two_factor|high|multi_person",0.586855304868297,1
170,"mobile|two_factor|high|multi_person",0.793773986329051,1
171,"mobile|two_factor|high|multi_person",0.71101069808028,1
172,"mobile|two_factor|high|multi_person",0.291765997211127,1
173,"mobile|two_factor|high|multi_person",0.152906729676445,1
174,"mobile|two_factor|high|multi_person",0,1
175,"mobile|two_factor|high|multi_person",0.465906303701403,1
176,"mobile|two_factor|high|multi_person",0.123183417325457,1
177,"mobile|two_factor|high|multi_person",0.489669811808023,1
178,"mobile|two_factor|high|multi_person",0,1
179,"mobile|two_factor|high|multi_person",0.630263026688587,1
180,"mobile|two_factor|high|multi_person",0.47631233286142,1
181,"mobile|two_factor|high|multi_person",0.509652590217608,1
183,"mobile|two_factor|high|multi_person",0,1
184,"mobile|two_factor|high|multi_person",0.0557246050029706,1
186,"mobile|two_factor|high|multi_person",0.0909924484886862,1
187,"mobile|two_factor|high|multi_person",0.503660706393908,1
188,"mobile|two_factor|high|multi_person",0.573289107084466,1
189,"mobile|two_factor|high|multi_person",0.402523426264274,1
190,"mobile|two_factor|high|multi_person",0,1
191,"mobile|two_factor|high|multi_person",1,1
192,"mobile|two_factor|high|multi_person",0.251056074086357,1
194,"mobile|two_factor|high|multi_person",0.352609155647703,1
195,"mobile|two_factor|high|multi_person",0.425060148060675,1
196,"mobile|two_factor|high|multi_person",0.686120929952507,1
197,"mobile|two_factor|high|multi_person",0.398626530998371,1
198,"mobile|two_factor|high|multi_person",1,1
199,"mobile|two_factor|high|multi_person",1,1
200,"mobile|two_factor|high|multi_person",0.260577616559971,1
201,"mobile|two_factor|high|multi_person",0.533664710724008,1
202,"mobile|two_factor|high|multi_person",1,1
203,"mobile|two_factor|high|multi_person",0.709253521557839,1
205,"mobile|two_factor|high|multi_person",0,1
206,"mobile|two_factor|high|multi_person",0.835458295357505,1
207,"mobile|two_factor|high|multi_person",1,1
208,"mobile|two_factor|high|multi_person",0.814060969990582,1
209,"mobile|two_factor|high|multi_person",1,1
210,"mobile|two_factor|high|multi_person",0.385062166190931,1
211,"mobile|two_factor|high|multi_person",0.127495842410725,1
212,"mobile|two_factor|high|multi_person",1,1
213,"mobile|two_factor|high|multi_person",0.795660756550815,1
214,"mobile|two_factor|high|multi_person",0.846709139689484,1
217,"mobile|two_factor|high|multi_person",0.55777640354912,1
219,"mobile|two_factor|high|multi_person",0.309499867650235,1
220,"mobile|two_factor|high|multi_person",1,1
221,"mobile|two_factor|high|multi_person",0,1
222,"mobile|two_factor|high|multi_person",0.88268590018287,1
223,"mobile|two_factor|high|multi_person",0.30271743131608,1
224,"mobile|two_factor|high|multi_person",0.5790766792989,1
225,"mobile|two_factor|high|multi_person",0,1
226,"mobile|two_factor|high|multi_person",0,1
227,"mobile|two_factor|high|multi_person",1,1
228,"mobile|two_factor|high|multi_person",0.513772107023012,1
230,"mobile|two_factor|high|multi_person",0,1
231,"mobile|two_factor|high|multi_person",0.654299367828606,1
232,"mobile|two_factor|high|multi_person",0.00354085342636609,1
233,"mobile|two_factor|high|multi_person",0.455122459421278,1
234,"mobile|two_factor|high|multi_person",0,1
235,"mobile|two_factor|high|multi_person",0.302427774700414,1
236,"mobile|two_factor|high|multi_person",1,1
237,"mobile|two_factor|high|multi_person",0.931205677021156,1
238,"mobile|two_factor|high|multi_person",1,1
239,"mobile|two_factor|high|multi_person",0.384064596235959,1
240,"mobile|two_factor|high|multi_person",1,1
241,"mobile|two_factor|high|multi_person",1,1
242,"mobile|two_factor|high|multi_person",0.246759827833482,1
243,"mobile|two_factor|high|multi_person",0.106726784075183,1
245,"mobile|two_factor|high|multi_person",0.614601449593861,1
246,"mobile|two_factor|high|multi_person",0,1
247,"mobile|two_factor|high|multi_person",0.98432403221251,1
248,"mobile|two_factor|high|multi_person",0,1
249,"mobile|two_factor|high|multi_person",0.171486589809048,1
250,"mobile|two_factor|high|multi_person",0.792549336566866,1
251,"mobile|two_factor|high|multi_person",0.563564107421612,1
252,"mobile|two_factor|high|multi_person",0,1
253,"mobile|two_factor|high|multi_person",1,1
254,"mobile|two_factor|high|multi_person",1,1
256,"mobile|two_factor|high|multi_person",1,1
258,"mobile|two_factor|high|multi_person",0.86466174042687,1
259,"mobile|two_factor|high|multi_person",0.624497159075683,1
260,"mobile|two_factor|high|multi_person",0.0490322438624799,1
261,"mobile|two_factor|high|multi_person",0.578231209817938,1
263,"mobile|two_factor|high|multi_person",0,1
264,"mobile|two_factor|high|multi_person",0.0929151237535197,1
265,"mobile|two_factor|high|multi_person",0.71113439169837,1
266,"mobile|two_factor|high|multi_person",0.679532365764921,1
267,"mobile|two_factor|high|multi_person",0.763202956093027,1
268,"mobile|two_factor|high|multi_person",0.280311649390531,1
269,"mobile|two_factor|high|multi_person",1,1
270,"mobile|two_factor|high|multi_person",0.361251657181714,1
271,"mobile|two_factor|high|multi_person",1,1
272,"mobile|two_factor|high|multi_person",0.834908175181085,1
273,"mobile|two_factor|high|multi_person",0,1
274,"mobile|two_factor|high|multi_person",0.203575742359462,1
275,"mobile|two_factor|high|multi_person",0,1
276,"mobile|two_factor|high|multi_person",0,1
277,"mobile|two_factor|high|multi_person",0.274853709816784,1
279,"mobile|two_factor|high|multi_person",0.152336907200529,1
280,"mobile|two_factor|high|multi_person",0,1
281,"mobile|two_factor|high|multi_person",0.469389597169159,1
282,"mobile|two_factor|high|multi_person",0.651181171939204,1
283,"mobile|two_factor|high|multi_person",0.250723664249595,1
284,"mobile|two_factor|high|multi_person",0.737658555554387,1
285,"mobile|two_factor|high|multi_person",0,1
286,"mobile|two_factor|high|multi_person",0.0189477727987324,1
287,"mobile|two_factor|high|multi_person",0.736555658947919,1
288,"mobile|two_factor|high|multi_person",0,1
289,"mobile|two_factor|high|multi_person",0,1
290,"mobile|two_factor|high|multi_person",0.411944540273568,1
291,"mobile|two_factor|high|multi_person",0.402427983243555,1
292,"mobile|two_factor|high|multi_person",0.140200617982413,1
293,"mobile|two_factor|high|multi_person",0.191266602806944,1
294,"mobile|two_factor|high|multi_person",0.643728586200965,1
295,"mobile|two_factor|high|multi_person",0,1
296,"mobile|two_factor|high|multi_person",0.186567319559356,1
297,"mobile|two_factor|high|multi_person",0.841368111217419,1
298,"mobile|two_factor|high|multi_person",0.695959450836305,1
299,"mobile|two_factor|high|multi_person",0.398608791005009,1
301,"mobile|two_factor|high|multi_person",1,1
302,"mobile|two_factor|high|multi_person",0.769807895043831,1
303,"mobile|two_factor|high|multi_person",0.279406753965471,1
304,"mobile|two_factor|high|multi_person",1,1
305,"mobile|two_factor|high|multi_person",1,1
306,"mobile|two_factor|high|multi_person",0.756441888831885,1
307,"mobile|two_factor|high|multi_person",0.95216168953791,1
308,"mobile|two_factor|high|multi_person",0.107379045446852,1
309,"mobile|two_factor|high|multi_person",1,1
310,"mobile|two_factor|high|multi_person",0.992574909689346,1
311,"mobile|two_factor|high|multi_person",0.436190451685763,1
312,"mobile|two_factor|high|multi_person",0,1
313,"mobile|two_factor|high|multi_person",0.820581736291236,1
314,"mobile|two_factor|high|multi_person",0.10166423135276,1
2,"mobile|multi_factor|high|multi_person",0.395118135122896,1
3,"mobile|multi_factor|high|multi_person",0,1
4,"mobile|multi_factor|high|multi_person",0.936215197523734,1
5,"mobile|multi_factor|high|multi_person",1,1
6,"mobile|multi_factor|high|multi_person",0.67117956158549,1
7,"mobile|multi_factor|high|multi_person",1,1
8,"mobile|multi_factor|high|multi_person",1,1
9,"mobile|multi_factor|high|multi_person",0.0270516959145563,1
10,"mobile|multi_factor|high|multi_person",0.677123227881309,1
11,"mobile|multi_factor|high|multi_person",1,1
13,"mobile|multi_factor|high|multi_person",0.160162476050224,1
14,"mobile|multi_factor|high|multi_person",1,1
15,"mobile|multi_factor|high|multi_person",0.628324095597263,1
16,"mobile|multi_factor|high|multi_person",0.813989888043566,1
17,"mobile|multi_factor|high|multi_person",0.459583487522467,1
18,"mobile|multi_factor|high|multi_person",0.724824234578816,1
19,"mobile|multi_factor|high|multi_person",1,1
20,"mobile|multi_factor|high|multi_person",0,1
21,"mobile|multi_factor|high|multi_person",0.518434437115304,1
22,"mobile|multi_factor|high|multi_person",0,1
23,"mobile|multi_factor|high|multi_person",0.13866089816996,1
24,"mobile|multi_factor|high|multi_person",0.592603311540056,1
26,"mobile|multi_factor|high|multi_person",1,1
27,"mobile|multi_factor|high|multi_person",1,1
28,"mobile|multi_factor|high|multi_person",0,1
29,"mobile|multi_factor|high|multi_person",1,1
31,"mobile|multi_factor|high|multi_person",0.497369894198841,1
32,"mobile|multi_factor|high|multi_person",0.779775964511044,1
33,"mobile|multi_factor|high|multi_person",0.334344750901916,1
35,"mobile|multi_factor|high|multi_person",0.270736132609297,1
36,"mobile|multi_factor|high|multi_person",0.766769387759904,1
37,"mobile|multi_factor|high|multi_person",0.944300198071543,1
38,"mobile|multi_factor|high|multi_person",0.769497403990648,1
39,"mobile|multi_factor|high|multi_person",0.932327312925208,1
41,"mobile|multi_factor|high|multi_person",0.574612027170625,1
42,"mobile|multi_factor|high|multi_person",0.657623141947625,1
43,"mobile|multi_factor|high|multi_person",0.94293257828841,1
44,"mobile|multi_factor|high|multi_person",0.302732699445954,1
45,"mobile|multi_factor|high|multi_person",0.705213605378982,1
46,"mobile|multi_factor|high|multi_person",0.842394679977932,1
47,"mobile|multi_factor|high|multi_person",0.0413985698881348,1
48,"mobile|multi_factor|high|multi_person",0,1
49,"mobile|multi_factor|high|multi_person",0.206087635269432,1
50,"mobile|multi_factor|high|multi_person",0.635704667886139,1
51,"mobile|multi_factor|high|multi_person",0.472844470411084,1
52,"mobile|multi_factor|high|multi_person",1,1
53,"mobile|multi_factor|high|multi_person",0.917553606977975,1
54,"mobile|multi_factor|high|multi_person",0.0179321435146384,1
55,"mobile|multi_factor|high|multi_person",0.503174890386991,1
56,"mobile|multi_factor|high|multi_person",0,1
57,"mobile|multi_factor|high|multi_person",1,1
58,"mobile|multi_factor|high|multi_person",0.266444728647923,1
60,"mobile|multi_factor|high|multi_person",0.223021073331058,1
61,"mobile|multi_factor|high|multi_person",0.237868681795981,1
62,"mobile|multi_factor|high|multi_person",1,1
63,"mobile|multi_factor|high|multi_person",0.68765543972683,1
64,"mobile|multi_factor|high|multi_person",0,1
65,"mobile|multi_factor|high|multi_person",0.438676196358183,1
68,"mobile|multi_factor|high|multi_person",0,1
69,"mobile|multi_factor|high|multi_person",0.835059348109644,1
70,"mobile|multi_factor|high|multi_person",1,1
71,"mobile|multi_factor|high|multi_person",0,1
72,"mobile|multi_factor|high|multi_person",0.889189861254541,1
73,"mobile|multi_factor|high|multi_person",0.819252003767006,1
74,"mobile|multi_factor|high|multi_person",1,1
75,"mobile|multi_factor|high|multi_person",1,1
76,"mobile|multi_factor|high|multi_person",0,1
77,"mobile|multi_factor|high|multi_person",0.507072156161626,1
78,"mobile|multi_factor|high|multi_person",0.449954189171508,1
79,"mobile|multi_factor|high|multi_person",0.120908205132522,1
80,"mobile|multi_factor|high|multi_person",0.301615028265889,1
81,"mobile|multi_factor|high|multi_person",0.959134790996457,1
82,"mobile|multi_factor|high|multi_person",0.59081885835196,1
83,"mobile|multi_factor|high|multi_person",0.455707668675605,1
84,"mobile|multi_factor|high|multi_person",1,1
86,"mobile|multi_factor|high|multi_person",0.845479874630743,1
87,"mobile|multi_factor|high|multi_person",0.196460586647816,1
88,"mobile|multi_factor|high|multi_person",0.422073567870204,1
90,"mobile|multi_factor|high|multi_person",0.500071143856144,1
91,"mobile|multi_factor|high|multi_person",0,1
92,"mobile|multi_factor|high|multi_person",0.640167268437969,1
93,"mobile|multi_factor|high|multi_person",0.289354618914794,1
94,"mobile|multi_factor|high|multi_person",0.368748609653757,1
95,"mobile|multi_factor|high|multi_person",0.745457155324519,1
96,"mobile|multi_factor|high|multi_person",0.748958839639027,1
97,"mobile|multi_factor|high|multi_person",0.819092239758151,1
98,"mobile|multi_factor|high|multi_person",0.270068127485278,1
99,"mobile|multi_factor|high|multi_person",1,1
100,"mobile|multi_factor|high|multi_person",0.585590332669103,1
101,"mobile|multi_factor|high|multi_person",0.746027408244221,1
103,"mobile|multi_factor|high|multi_person",0.0968056633069046,1
104,"mobile|multi_factor|high|multi_person",0,1
105,"mobile|multi_factor|high|multi_person",1,1
106,"mobile|multi_factor|high|multi_person",0,1
107,"mobile|multi_factor|high|multi_person",1,1
108,"mobile|multi_factor|high|multi_person",0.282919525722035,1
109,"mobile|multi_factor|high|multi_person",0.675276180756308,1
110,"mobile|multi_factor|high|multi_person",0.568513308472028,1
111,"mobile|multi_factor|high|multi_person",0.524069691558623,1
112,"mobile|multi_factor|high|multi_person",0.717378022811852,1
113,"mobile|multi_factor|high|multi_person",0.199411164518536,1
114,"mobile|multi_factor|high|multi_person",0.445859785243268,1
115,"mobile|multi_factor|high|multi_person",0.631898680647521,1
116,"mobile|multi_factor|high|multi_person",0.428515834571382,1
117,"mobile|multi_factor|high|multi_person",0.265853804569375,1
118,"mobile|multi_factor|high|multi_person",0.501004662772591,1
119,"mobile|multi_factor|high|multi_person",0.616970866652717,1
120,"mobile|multi_factor|high|multi_person",0,1
121,"mobile|multi_factor|high|multi_person",0.712568228841678,1
122,"mobile|multi_factor|high|multi_person",0.112102189433062,1
123,"mobile|multi_factor|high|multi_person",0.86447962400292,1
124,"mobile|multi_factor|high|multi_person",1,1
125,"mobile|multi_factor|high|multi_person",0.58809131711673,1
126,"mobile|multi_factor|high|multi_person",0.20589736738776,1
127,"mobile|multi_factor|high|multi_person",1,1
128,"mobile|multi_factor|high|multi_person",1,1
130,"mobile|multi_factor|high|multi_person",0.389256958683066,1
131,"mobile|multi_factor|high|multi_person",0.2472745777892,1
132,"mobile|multi_factor|high|multi_person",0.446593028178128,1
133,"mobile|multi_factor|high|multi_person",0.27893922474792,1
135,"mobile|multi_factor|high|multi_person",0.490489959801945,1
136,"mobile|multi_factor|high|multi_person",0.858615618458819,1
137,"mobile|multi_factor|high|multi_person",0.144484695937167,1
138,"mobile|multi_factor|high|multi_person",1,1
140,"mobile|multi_factor|high|multi_person",0.0612049797800967,1
141,"mobile|multi_factor|high|multi_person",1,1
142,"mobile|multi_factor|high|multi_person",0.78212720678845,1
143,"mobile|multi_factor|high|multi_person",1,1
144,"mobile|multi_factor|high|multi_person",0.375676672992532,1
145,"mobile|multi_factor|high|multi_person",0.762832706432522,1
146,"mobile|multi_factor|high|multi_person",1,1
147,"mobile|multi_factor|high|multi_person",0.49324176305848,1
148,"mobile|multi_factor|high|multi_person",0.0800822853123205,1
149,"mobile|multi_factor|high|multi_person",0.591980491359773,1
150,"mobile|multi_factor|high|multi_person",0.568272984553761,1
151,"mobile|multi_factor|high|multi_person",0.7033314998614,1
152,"mobile|multi_factor|high|multi_person",0.588001103284002,1
153,"mobile|multi_factor|high|multi_person",1,1
154,"mobile|multi_factor|high|multi_person",1,1
155,"mobile|multi_factor|high|multi_person",0.919423052994577,1
156,"mobile|multi_factor|high|multi_person",0.561254968852951,1
157,"mobile|multi_factor|high|multi_person",0.774968168486786,1
158,"mobile|multi_factor|high|multi_person",0.677622364450743,1
159,"mobile|multi_factor|high|multi_person",1,1
160,"mobile|multi_factor|high|multi_person",0.978317058829595,1
162,"mobile|multi_factor|high|multi_person",0.510476237804336,1
163,"mobile|multi_factor|high|multi_person",0.12346572093053,1
164,"mobile|multi_factor|high|multi_person",0.739786511925245,1
165,"mobile|multi_factor|high|multi_person",1,1
166,"mobile|multi_factor|high|multi_person",0.733237654615421,1
167,"mobile|multi_factor|high|multi_person",0.00434747871737179,1
168,"mobile|multi_factor|high|multi_person",0.389456726755552,1
169,"mobile|multi_factor|high|multi_person",0.632658546964922,1
170,"mobile|multi_factor|high|multi_person",0.797320041276537,1
171,"mobile|multi_factor|high|multi_person",1,1
172,"mobile|multi_factor|high|multi_person",0.503946282034769,1
173,"mobile|multi_factor|high|multi_person",0.114628444229859,1
174,"mobile|multi_factor|high|multi_person",0.020098699420297,1
175,"mobile|multi_factor|high|multi_person",0.512485750267096,1
176,"mobile|multi_factor|high|multi_person",0.255662826579988,1
177,"mobile|multi_factor|high|multi_person",0.449316017355552,1
178,"mobile|multi_factor|high|multi_person",0.0576871939186557,1
179,"mobile|multi_factor|high|multi_person",1,1
180,"mobile|multi_factor|high|multi_person",0.458061662755325,1
181,"mobile|multi_factor|high|multi_person",0.471321036308923,1
183,"mobile|multi_factor|high|multi_person",0,1
184,"mobile|multi_factor|high|multi_person",0.155231182415074,1
186,"mobile|multi_factor|high|multi_person",0.164117276138965,1
187,"mobile|multi_factor|high|multi_person",0.29519138112319,1
188,"mobile|multi_factor|high|multi_person",0.509625988242316,1
189,"mobile|multi_factor|high|multi_person",0.478507428148461,1
190,"mobile|multi_factor|high|multi_person",0,1
191,"mobile|multi_factor|high|multi_person",1,1
192,"mobile|multi_factor|high|multi_person",0.331140547079033,1
194,"mobile|multi_factor|high|multi_person",0.358369518767105,1
195,"mobile|multi_factor|high|multi_person",0.302428619491245,1
196,"mobile|multi_factor|high|multi_person",0.685734691550751,1
197,"mobile|multi_factor|high|multi_person",0.523140047094621,1
198,"mobile|multi_factor|high|multi_person",1,1
199,"mobile|multi_factor|high|multi_person",1,1
200,"mobile|multi_factor|high|multi_person",0.225977430466711,1
201,"mobile|multi_factor|high|multi_person",0.546270216536887,1
202,"mobile|multi_factor|high|multi_person",1,1
203,"mobile|multi_factor|high|multi_person",0.730972517583629,1
205,"mobile|multi_factor|high|multi_person",0,1
206,"mobile|multi_factor|high|multi_person",0.769426384630107,1
207,"mobile|multi_factor|high|multi_person",1,1
208,"mobile|multi_factor|high|multi_person",0.915593890353231,1
209,"mobile|multi_factor|high|multi_person",1,1
210,"mobile|multi_factor|high|multi_person",0.755416524956938,1
211,"mobile|multi_factor|high|multi_person",0.0600741804721771,1
212,"mobile|multi_factor|high|multi_person",1,1
213,"mobile|multi_factor|high|multi_person",0.769004665961375,1
214,"mobile|multi_factor|high|multi_person",0.830085284378252,1
217,"mobile|multi_factor|high|multi_person",0.564749717709064,1
219,"mobile|multi_factor|high|multi_person",0.294465571241535,1
220,"mobile|multi_factor|high|multi_person",1,1
221,"mobile|multi_factor|high|multi_person",0,1
222,"mobile|multi_factor|high|multi_person",0.812169822580611,1
223,"mobile|multi_factor|high|multi_person",0.250888743836498,1
224,"mobile|multi_factor|high|multi_person",0.836353257770321,1
225,"mobile|multi_factor|high|multi_person",0,1
226,"mobile|multi_factor|high|multi_person",0.667950508462177,1
227,"mobile|multi_factor|high|multi_person",1,1
228,"mobile|multi_factor|high|multi_person",0.537960535666451,1
230,"mobile|multi_factor|high|multi_person",0,1
231,"mobile|multi_factor|high|multi_person",0.635150299738507,1
232,"mobile|multi_factor|high|multi_person",0,1
233,"mobile|multi_factor|high|multi_person",0.443562806891771,1
234,"mobile|multi_factor|high|multi_person",0,1
235,"mobile|multi_factor|high|multi_person",0.276104899648809,1
236,"mobile|multi_factor|high|multi_person",1,1
237,"mobile|multi_factor|high|multi_person",0.999026820013366,1
238,"mobile|multi_factor|high|multi_person",1,1
239,"mobile|multi_factor|high|multi_person",0.413812779773948,1
240,"mobile|multi_factor|high|multi_person",1,1
241,"mobile|multi_factor|high|multi_person",1,1
242,"mobile|multi_factor|high|multi_person",0.215997087687134,1
243,"mobile|multi_factor|high|multi_person",0.0907754850034344,1
245,"mobile|multi_factor|high|multi_person",0.588321807450654,1
246,"mobile|multi_factor|high|multi_person",0,1
247,"mobile|multi_factor|high|multi_person",0.894167517652851,1
248,"mobile|multi_factor|high|multi_person",0.079481949525111,1
249,"mobile|multi_factor|high|multi_person",0.155341793241297,1
250,"mobile|multi_factor|high|multi_person",0.85879524942298,1
251,"mobile|multi_factor|high|multi_person",0.541851016237229,1
252,"mobile|multi_factor|high|multi_person",0,1
253,"mobile|multi_factor|high|multi_person",1,1
254,"mobile|multi_factor|high|multi_person",1,1
256,"mobile|multi_factor|high|multi_person",1,1
258,"mobile|multi_factor|high|multi_person",0.828696519312444,1
259,"mobile|multi_factor|high|multi_person",0.669822846982206,1
260,"mobile|multi_factor|high|multi_person",0.359642671270457,1
261,"mobile|multi_factor|high|multi_person",0.398453876346686,1
263,"mobile|multi_factor|high|multi_person",0,1
264,"mobile|multi_factor|high|multi_person",0.340776609861316,1
265,"mobile|multi_factor|high|multi_person",0.75967577762938,1
266,"mobile|multi_factor|high|multi_person",0.68110024691618,1
267,"mobile|multi_factor|high|multi_person",0.732637349201926,1
268,"mobile|multi_factor|high|multi_person",0.30372831027803,1
269,"mobile|multi_factor|high|multi_person",1,1
270,"mobile|multi_factor|high|multi_person",0.395113358707876,1
271,"mobile|multi_factor|high|multi_person",1,1
272,"mobile|multi_factor|high|multi_person",0.89594748499158,1
273,"mobile|multi_factor|high|multi_person",0,1
274,"mobile|multi_factor|high|multi_person",0.447778634039381,1
275,"mobile|multi_factor|high|multi_person",0,1
276,"mobile|multi_factor|high|multi_person",0,1
277,"mobile|multi_factor|high|multi_person",0.689364301049358,1
279,"mobile|multi_factor|high|multi_person",0.167531697418112,1
280,"mobile|multi_factor|high|multi_person",0,1
281,"mobile|multi_factor|high|multi_person",0.381916303453199,1
282,"mobile|multi_factor|high|multi_person",0.625157597009229,1
283,"mobile|multi_factor|high|multi_person",0.322224012110514,1
284,"mobile|multi_factor|high|multi_person",0.718982828616434,1
285,"mobile|multi_factor|high|multi_person",0,1
286,"mobile|multi_factor|high|multi_person",0.120981418708527,1
287,"mobile|multi_factor|high|multi_person",0.794644340763181,1
288,"mobile|multi_factor|high|multi_person",0,1
289,"mobile|multi_factor|high|multi_person",0,1
290,"mobile|multi_factor|high|multi_person",0.544349084396904,1
291,"mobile|multi_factor|high|multi_person",0.584099470690667,1
292,"mobile|multi_factor|high|multi_person",0.219653082722827,1
293,"mobile|multi_factor|high|multi_person",0.0979576729752834,1
294,"mobile|multi_factor|high|multi_person",0.647922192056052,1
295,"mobile|multi_factor|high|multi_person",0,1
296,"mobile|multi_factor|high|multi_person",0.220596327706069,1
297,"mobile|multi_factor|high|multi_person",0.821850052890291,1
298,"mobile|multi_factor|high|multi_person",0.698501295647247,1
299,"mobile|multi_factor|high|multi_person",0.322186406541889,1
301,"mobile|multi_factor|high|multi_person",1,1
302,"mobile|multi_factor|high|multi_person",0.685263045644471,1
303,"mobile|multi_factor|high|multi_person",0.227127685862921,1
304,"mobile|multi_factor|high|multi_person",1,1
305,"mobile|multi_factor|high|multi_person",1,1
306,"mobile|multi_factor|high|multi_person",0.74042798416381,1
307,"mobile|multi_factor|high|multi_person",0.958014445553264,1
308,"mobile|multi_factor|high|multi_person",0,1
309,"mobile|multi_factor|high|multi_person",1,1
310,"mobile|multi_factor|high|multi_person",0.970527118756793,1
311,"mobile|multi_factor|high|multi_person",0.280941539251623,1
312,"mobile|multi_factor|high|multi_person",0,1
313,"mobile|multi_factor|high|multi_person",0.773316418972442,1
314,"mobile|multi_factor|high|multi_person",0.214352625637418,1
2,"mobile|simple|low|one_to_one",0.549892979942815,1
3,"mobile|simple|low|one_to_one",0.491229891909712,1
4,"mobile|simple|low|one_to_one",1,1
5,"mobile|simple|low|one_to_one",1,1
6,"mobile|simple|low|one_to_one",0.870295628262793,1
7,"mobile|simple|low|one_to_one",1,1
8,"mobile|simple|low|one_to_one",1,1
9,"mobile|simple|low|one_to_one",1,1
10,"mobile|simple|low|one_to_one",1,1
11,"mobile|simple|low|one_to_one",1,1
13,"mobile|simple|low|one_to_one",0.297358055881942,1
14,"mobile|simple|low|one_to_one",1,1
15,"mobile|simple|low|one_to_one",0.664719593230212,1
16,"mobile|simple|low|one_to_one",1,1
17,"mobile|simple|low|one_to_one",0.676561726657394,1
18,"mobile|simple|low|one_to_one",1,1
19,"mobile|simple|low|one_to_one",1,1
20,"mobile|simple|low|one_to_one",0.295526891519176,1
21,"mobile|simple|low|one_to_one",0.990083412057394,1
22,"mobile|simple|low|one_to_one",0.154212677927742,1
23,"mobile|simple|low|one_to_one",0,1
24,"mobile|simple|low|one_to_one",1,1
26,"mobile|simple|low|one_to_one",0.618383508288214,1
27,"mobile|simple|low|one_to_one",0.0666292272313031,1
28,"mobile|simple|low|one_to_one",0,1
29,"mobile|simple|low|one_to_one",1,1
31,"mobile|simple|low|one_to_one",0.454158568347878,1
32,"mobile|simple|low|one_to_one",1,1
33,"mobile|simple|low|one_to_one",0.562904555563117,1
35,"mobile|simple|low|one_to_one",0.504121238511438,1
36,"mobile|simple|low|one_to_one",1,1
37,"mobile|simple|low|one_to_one",1,1
38,"mobile|simple|low|one_to_one",1,1
39,"mobile|simple|low|one_to_one",1,1
41,"mobile|simple|low|one_to_one",0.820021850913832,1
42,"mobile|simple|low|one_to_one",1,1
43,"mobile|simple|low|one_to_one",0.960647828863338,1
44,"mobile|simple|low|one_to_one",1,1
45,"mobile|simple|low|one_to_one",1,1
46,"mobile|simple|low|one_to_one",1,1
47,"mobile|simple|low|one_to_one",0.478838399291869,1
48,"mobile|simple|low|one_to_one",0.3521734669739,1
49,"mobile|simple|low|one_to_one",0.0996244989717299,1
50,"mobile|simple|low|one_to_one",1,1
51,"mobile|simple|low|one_to_one",0.549690885312809,1
52,"mobile|simple|low|one_to_one",1,1
53,"mobile|simple|low|one_to_one",0.956443242175828,1
54,"mobile|simple|low|one_to_one",0.623514870828981,1
55,"mobile|simple|low|one_to_one",0.63626641030034,1
56,"mobile|simple|low|one_to_one",1,1
57,"mobile|simple|low|one_to_one",1,1
58,"mobile|simple|low|one_to_one",0.374970857649574,1
60,"mobile|simple|low|one_to_one",0.364667284440402,1
61,"mobile|simple|low|one_to_one",0.309060771215654,1
62,"mobile|simple|low|one_to_one",1,1
63,"mobile|simple|low|one_to_one",1,1
64,"mobile|simple|low|one_to_one",0.12279201983506,1
65,"mobile|simple|low|one_to_one",0.781532802629089,1
68,"mobile|simple|low|one_to_one",1,1
69,"mobile|simple|low|one_to_one",1,1
70,"mobile|simple|low|one_to_one",0.651831175012734,1
71,"mobile|simple|low|one_to_one",0.42674714318355,1
72,"mobile|simple|low|one_to_one",1,1
73,"mobile|simple|low|one_to_one",1,1
74,"mobile|simple|low|one_to_one",0.803698052688741,1
75,"mobile|simple|low|one_to_one",0.729132903928852,1
76,"mobile|simple|low|one_to_one",0,1
77,"mobile|simple|low|one_to_one",0.926876233527013,1
78,"mobile|simple|low|one_to_one",1,1
79,"mobile|simple|low|one_to_one",0.435245900047303,1
80,"mobile|simple|low|one_to_one",0.452351891834956,1
81,"mobile|simple|low|one_to_one",1,1
82,"mobile|simple|low|one_to_one",1,1
83,"mobile|simple|low|one_to_one",1,1
84,"mobile|simple|low|one_to_one",1,1
86,"mobile|simple|low|one_to_one",1,1
87,"mobile|simple|low|one_to_one",0.365070026931596,1
88,"mobile|simple|low|one_to_one",0.595614668728108,1
90,"mobile|simple|low|one_to_one",0.822793275175876,1
91,"mobile|simple|low|one_to_one",1,1
92,"mobile|simple|low|one_to_one",0.954241710559557,1
93,"mobile|simple|low|one_to_one",0.157556192325975,1
94,"mobile|simple|low|one_to_one",1,1
95,"mobile|simple|low|one_to_one",1,1
96,"mobile|simple|low|one_to_one",1,1
97,"mobile|simple|low|one_to_one",0.813580622402766,1
98,"mobile|simple|low|one_to_one",0.228592377297019,1
99,"mobile|simple|low|one_to_one",1,1
100,"mobile|simple|low|one_to_one",1,1
101,"mobile|simple|low|one_to_one",1,1
103,"mobile|simple|low|one_to_one",0.535003656550775,1
104,"mobile|simple|low|one_to_one",0.289575685230485,1
105,"mobile|simple|low|one_to_one",1,1
106,"mobile|simple|low|one_to_one",0.338239932466053,1
107,"mobile|simple|low|one_to_one",0.322248609177273,1
108,"mobile|simple|low|one_to_one",0.356017994972997,1
109,"mobile|simple|low|one_to_one",1,1
110,"mobile|simple|low|one_to_one",0.867952355056859,1
111,"mobile|simple|low|one_to_one",1,1
112,"mobile|simple|low|one_to_one",1,1
113,"mobile|simple|low|one_to_one",0.426778942759911,1
114,"mobile|simple|low|one_to_one",1,1
115,"mobile|simple|low|one_to_one",1,1
116,"mobile|simple|low|one_to_one",0.332105943187095,1
117,"mobile|simple|low|one_to_one",0.588428164611916,1
118,"mobile|simple|low|one_to_one",0.508921344005883,1
119,"mobile|simple|low|one_to_one",0.257921079655602,1
120,"mobile|simple|low|one_to_one",0.230759040667224,1
121,"mobile|simple|low|one_to_one",1,1
122,"mobile|simple|low|one_to_one",0.303380437890195,1
123,"mobile|simple|low|one_to_one",1,1
124,"mobile|simple|low|one_to_one",1,1
125,"mobile|simple|low|one_to_one",0.406789102022975,1
126,"mobile|simple|low|one_to_one",0.376929308390441,1
127,"mobile|simple|low|one_to_one",1,1
128,"mobile|simple|low|one_to_one",1,1
130,"mobile|simple|low|one_to_one",0.509358013689059,1
131,"mobile|simple|low|one_to_one",0.534950099258798,1
132,"mobile|simple|low|one_to_one",0.459931981312899,1
133,"mobile|simple|low|one_to_one",0.261609591114114,1
135,"mobile|simple|low|one_to_one",0.490732427506603,1
136,"mobile|simple|low|one_to_one",1,1
137,"mobile|simple|low|one_to_one",0.26910092067946,1
138,"mobile|simple|low|one_to_one",1,1
140,"mobile|simple|low|one_to_one",0.446692721056021,1
141,"mobile|simple|low|one_to_one",1,1
142,"mobile|simple|low|one_to_one",1,1
143,"mobile|simple|low|one_to_one",1,1
144,"mobile|simple|low|one_to_one",0.224336131022817,1
145,"mobile|simple|low|one_to_one",0.86352502032988,1
146,"mobile|simple|low|one_to_one",1,1
147,"mobile|simple|low|one_to_one",0.948101011113408,1
148,"mobile|simple|low|one_to_one",0.159741988318196,1
149,"mobile|simple|low|one_to_one",0.972468049046063,1
150,"mobile|simple|low|one_to_one",1,1
151,"mobile|simple|low|one_to_one",1,1
152,"mobile|simple|low|one_to_one",0.92576854211415,1
153,"mobile|simple|low|one_to_one",1,1
154,"mobile|simple|low|one_to_one",1,1
155,"mobile|simple|low|one_to_one",1,1
156,"mobile|simple|low|one_to_one",0.980937547106852,1
157,"mobile|simple|low|one_to_one",0.915812363565259,1
158,"mobile|simple|low|one_to_one",1,1
159,"mobile|simple|low|one_to_one",1,1
160,"mobile|simple|low|one_to_one",1,1
162,"mobile|simple|low|one_to_one",0.727586247335038,1
163,"mobile|simple|low|one_to_one",0.117523068705015,1
164,"mobile|simple|low|one_to_one",0.844472252001431,1
165,"mobile|simple|low|one_to_one",1,1
166,"mobile|simple|low|one_to_one",0.835240677083073,1
167,"mobile|simple|low|one_to_one",0.170615483061174,1
168,"mobile|simple|low|one_to_one",0.412310963614585,1
169,"mobile|simple|low|one_to_one",0.685759185988843,1
170,"mobile|simple|low|one_to_one",0.833724614029023,1
171,"mobile|simple|low|one_to_one",1,1
172,"mobile|simple|low|one_to_one",0.968733472414405,1
173,"mobile|simple|low|one_to_one",0.315459289442084,1
174,"mobile|simple|low|one_to_one",0,1
175,"mobile|simple|low|one_to_one",1,1
176,"mobile|simple|low|one_to_one",0.328601976938082,1
177,"mobile|simple|low|one_to_one",0.699770937646433,1
178,"mobile|simple|low|one_to_one",0.196492400547285,1
179,"mobile|simple|low|one_to_one",0.604891956964759,1
180,"mobile|simple|low|one_to_one",0.872938839822604,1
181,"mobile|simple|low|one_to_one",0.960890132942616,1
183,"mobile|simple|low|one_to_one",0,1
184,"mobile|simple|low|one_to_one",0.504398814026224,1
186,"mobile|simple|low|one_to_one",0.14644958600639,1
187,"mobile|simple|low|one_to_one",1,1
188,"mobile|simple|low|one_to_one",0.851540657440651,1
189,"mobile|simple|low|one_to_one",0.365395760408357,1
190,"mobile|simple|low|one_to_one",0.134458894232036,1
191,"mobile|simple|low|one_to_one",1,1
192,"mobile|simple|low|one_to_one",0.775756915281657,1
194,"mobile|simple|low|one_to_one",0.537466933000689,1
195,"mobile|simple|low|one_to_one",0.821776971709675,1
196,"mobile|simple|low|one_to_one",1,1
197,"mobile|simple|low|one_to_one",0.789430307361456,1
198,"mobile|simple|low|one_to_one",1,1
199,"mobile|simple|low|one_to_one",1,1
200,"mobile|simple|low|one_to_one",0.346757780231047,1
201,"mobile|simple|low|one_to_one",0.683375754206775,1
202,"mobile|simple|low|one_to_one",1,1
203,"mobile|simple|low|one_to_one",0.785422658548113,1
205,"mobile|simple|low|one_to_one",0.00680093767360856,1
206,"mobile|simple|low|one_to_one",1,1
207,"mobile|simple|low|one_to_one",1,1
208,"mobile|simple|low|one_to_one",0.951417776444186,1
209,"mobile|simple|low|one_to_one",1,1
210,"mobile|simple|low|one_to_one",1,1
211,"mobile|simple|low|one_to_one",0.508081265462692,1
212,"mobile|simple|low|one_to_one",1,1
213,"mobile|simple|low|one_to_one",1,1
214,"mobile|simple|low|one_to_one",1,1
217,"mobile|simple|low|one_to_one",0.675701557548264,1
219,"mobile|simple|low|one_to_one",0.535159565170667,1
220,"mobile|simple|low|one_to_one",1,1
221,"mobile|simple|low|one_to_one",0,1
222,"mobile|simple|low|one_to_one",1,1
223,"mobile|simple|low|one_to_one",0.458572062209073,1
224,"mobile|simple|low|one_to_one",0.135805150303967,1
225,"mobile|simple|low|one_to_one",0.243187324344158,1
226,"mobile|simple|low|one_to_one",0.992276183069221,1
227,"mobile|simple|low|one_to_one",1,1
228,"mobile|simple|low|one_to_one",0.620073420830768,1
230,"mobile|simple|low|one_to_one",0.0338399520959561,1
231,"mobile|simple|low|one_to_one",0.85788335600578,1
232,"mobile|simple|low|one_to_one",0.715705432395017,1
233,"mobile|simple|low|one_to_one",1,1
234,"mobile|simple|low|one_to_one",0.211405527595783,1
235,"mobile|simple|low|one_to_one",1,1
236,"mobile|simple|low|one_to_one",1,1
237,"mobile|simple|low|one_to_one",1,1
238,"mobile|simple|low|one_to_one",1,1
239,"mobile|simple|low|one_to_one",0.80482257106151,1
240,"mobile|simple|low|one_to_one",1,1
241,"mobile|simple|low|one_to_one",1,1
242,"mobile|simple|low|one_to_one",0.227339382940409,1
243,"mobile|simple|low|one_to_one",0.427299870952001,1
245,"mobile|simple|low|one_to_one",1,1
246,"mobile|simple|low|one_to_one",0.369413218577055,1
247,"mobile|simple|low|one_to_one",1,1
248,"mobile|simple|low|one_to_one",0,1
249,"mobile|simple|low|one_to_one",0.22944174465273,1
250,"mobile|simple|low|one_to_one",1,1
251,"mobile|simple|low|one_to_one",0.746581958542388,1
252,"mobile|simple|low|one_to_one",0.433468472129411,1
253,"mobile|simple|low|one_to_one",1,1
254,"mobile|simple|low|one_to_one",1,1
256,"mobile|simple|low|one_to_one",1,1
258,"mobile|simple|low|one_to_one",1,1
259,"mobile|simple|low|one_to_one",0.799042940937923,1
260,"mobile|simple|low|one_to_one",0,1
261,"mobile|simple|low|one_to_one",0.837013545159972,1
263,"mobile|simple|low|one_to_one",0.845640405664963,1
264,"mobile|simple|low|one_to_one",0.0758141198352185,1
265,"mobile|simple|low|one_to_one",0.842223399796817,1
266,"mobile|simple|low|one_to_one",0.86484851300274,1
267,"mobile|simple|low|one_to_one",1,1
268,"mobile|simple|low|one_to_one",0.504158420868093,1
269,"mobile|simple|low|one_to_one",1,1
270,"mobile|simple|low|one_to_one",0.627784655975444,1
271,"mobile|simple|low|one_to_one",1,1
272,"mobile|simple|low|one_to_one",0.964490128523452,1
273,"mobile|simple|low|one_to_one",0.621941402247531,1
274,"mobile|simple|low|one_to_one",0.149864665901501,1
275,"mobile|simple|low|one_to_one",0,1
276,"mobile|simple|low|one_to_one",0,1
277,"mobile|simple|low|one_to_one",0,1
279,"mobile|simple|low|one_to_one",0.23705799142016,1
280,"mobile|simple|low|one_to_one",0,1
281,"mobile|simple|low|one_to_one",1,1
282,"mobile|simple|low|one_to_one",0.938114806929413,1
283,"mobile|simple|low|one_to_one",0.158277962950628,1
284,"mobile|simple|low|one_to_one",1,1
285,"mobile|simple|low|one_to_one",0,1
286,"mobile|simple|low|one_to_one",0.138092385675605,1
287,"mobile|simple|low|one_to_one",1,1
288,"mobile|simple|low|one_to_one",0.0150975262333393,1
289,"mobile|simple|low|one_to_one",0.130303667839427,1
290,"mobile|simple|low|one_to_one",0.633538651032015,1
291,"mobile|simple|low|one_to_one",0.779737036598784,1
292,"mobile|simple|low|one_to_one",0.287537774710528,1
293,"mobile|simple|low|one_to_one",0.539507901581961,1
294,"mobile|simple|low|one_to_one",0.859087607613567,1
295,"mobile|simple|low|one_to_one",0.333013314696158,1
296,"mobile|simple|low|one_to_one",0.204641440214611,1
297,"mobile|simple|low|one_to_one",1,1
298,"mobile|simple|low|one_to_one",0.94901430149596,1
299,"mobile|simple|low|one_to_one",0.724278195132851,1
301,"mobile|simple|low|one_to_one",1,1
302,"mobile|simple|low|one_to_one",1,1
303,"mobile|simple|low|one_to_one",0.418111439867478,1
304,"mobile|simple|low|one_to_one",1,1
305,"mobile|simple|low|one_to_one",1,1
306,"mobile|simple|low|one_to_one",0.8092748487808,1
307,"mobile|simple|low|one_to_one",1,1
308,"mobile|simple|low|one_to_one",0.462379158035607,1
309,"mobile|simple|low|one_to_one",1,1
310,"mobile|simple|low|one_to_one",1,1
311,"mobile|simple|low|one_to_one",0.793365612565278,1
312,"mobile|simple|low|one_to_one",0.303896176261852,1
313,"mobile|simple|low|one_to_one",1,1
314,"mobile|simple|low|one_to_one",0.576794987667646,1
2,"web|simple|low|one_to_one",0.613656033741854,1
3,"web|simple|low|one_to_one",0.615898127741531,1
4,"web|simple|low|one_to_one",1,1
5,"web|simple|low|one_to_one",0.664375956346887,1
6,"web|simple|low|one_to_one",0.825041743695366,1
7,"web|simple|low|one_to_one",1,1
8,"web|simple|low|one_to_one",1,1
9,"web|simple|low|one_to_one",1,1
10,"web|simple|low|one_to_one",1,1
11,"web|simple|low|one_to_one",0.696138132301943,1
13,"web|simple|low|one_to_one",0.28213333115377,1
14,"web|simple|low|one_to_one",1,1
15,"web|simple|low|one_to_one",0.708826975918192,1
16,"web|simple|low|one_to_one",1,1
17,"web|simple|low|one_to_one",0.615705349185087,1
18,"web|simple|low|one_to_one",1,1
19,"web|simple|low|one_to_one",1,1
20,"web|simple|low|one_to_one",0.531160548172376,1
21,"web|simple|low|one_to_one",1,1
22,"web|simple|low|one_to_one",0.596536155687248,1
23,"web|simple|low|one_to_one",0,1
24,"web|simple|low|one_to_one",1,1
26,"web|simple|low|one_to_one",0.687361181553957,1
27,"web|simple|low|one_to_one",1,1
28,"web|simple|low|one_to_one",0,1
29,"web|simple|low|one_to_one",1,1
31,"web|simple|low|one_to_one",0.48840962845288,1
32,"web|simple|low|one_to_one",1,1
33,"web|simple|low|one_to_one",0.476271587357358,1
35,"web|simple|low|one_to_one",1,1
36,"web|simple|low|one_to_one",1,1
37,"web|simple|low|one_to_one",1,1
38,"web|simple|low|one_to_one",0.880618481191324,1
39,"web|simple|low|one_to_one",1,1
41,"web|simple|low|one_to_one",0.896627091681986,1
42,"web|simple|low|one_to_one",1,1
43,"web|simple|low|one_to_one",0.983405400103547,1
44,"web|simple|low|one_to_one",0.996002669489789,1
45,"web|simple|low|one_to_one",0.643946252725928,1
46,"web|simple|low|one_to_one",0.318449972920067,1
47,"web|simple|low|one_to_one",0.409936415493929,1
48,"web|simple|low|one_to_one",0.148243615771466,1
49,"web|simple|low|one_to_one",0.15340540610268,1
50,"web|simple|low|one_to_one",1,1
51,"web|simple|low|one_to_one",0.760559785802538,1
52,"web|simple|low|one_to_one",1,1
53,"web|simple|low|one_to_one",0.852511546065101,1
54,"web|simple|low|one_to_one",1,1
55,"web|simple|low|one_to_one",0.516249890019912,1
56,"web|simple|low|one_to_one",0,1
57,"web|simple|low|one_to_one",1,1
58,"web|simple|low|one_to_one",0.345363738442455,1
60,"web|simple|low|one_to_one",0.395343480321872,1
61,"web|simple|low|one_to_one",0.260512855395512,1
62,"web|simple|low|one_to_one",1,1
63,"web|simple|low|one_to_one",1,1
64,"web|simple|low|one_to_one",0,1
65,"web|simple|low|one_to_one",1,1
68,"web|simple|low|one_to_one",1,1
69,"web|simple|low|one_to_one",1,1
70,"web|simple|low|one_to_one",0.556788970049778,1
71,"web|simple|low|one_to_one",0.418410644056407,1
72,"web|simple|low|one_to_one",1,1
73,"web|simple|low|one_to_one",0.987876718659439,1
74,"web|simple|low|one_to_one",1,1
75,"web|simple|low|one_to_one",0.6090951036944,1
76,"web|simple|low|one_to_one",0.195935182792373,1
77,"web|simple|low|one_to_one",0.796031148307,1
78,"web|simple|low|one_to_one",1,1
79,"web|simple|low|one_to_one",1,1
80,"web|simple|low|one_to_one",0.308994525950346,1
81,"web|simple|low|one_to_one",0.899183102772251,1
82,"web|simple|low|one_to_one",1,1
83,"web|simple|low|one_to_one",0.8978267212313,1
84,"web|simple|low|one_to_one",1,1
86,"web|simple|low|one_to_one",0.890316706322631,1
87,"web|simple|low|one_to_one",0.734237161394434,1
88,"web|simple|low|one_to_one",0.613203306567273,1
90,"web|simple|low|one_to_one",0.97437210737228,1
91,"web|simple|low|one_to_one",0.707095397664852,1
92,"web|simple|low|one_to_one",0.911245357388747,1
93,"web|simple|low|one_to_one",0.958741035667737,1
94,"web|simple|low|one_to_one",1,1
95,"web|simple|low|one_to_one",1,1
96,"web|simple|low|one_to_one",0.34137610966656,1
97,"web|simple|low|one_to_one",0.534044624979543,1
98,"web|simple|low|one_to_one",0.310640381033881,1
99,"web|simple|low|one_to_one",1,1
100,"web|simple|low|one_to_one",0,1
101,"web|simple|low|one_to_one",1,1
103,"web|simple|low|one_to_one",1,1
104,"web|simple|low|one_to_one",0.229906262843976,1
105,"web|simple|low|one_to_one",0,1
106,"web|simple|low|one_to_one",0.458861738377324,1
107,"web|simple|low|one_to_one",0.598453549492466,1
108,"web|simple|low|one_to_one",0.230086829639423,1
109,"web|simple|low|one_to_one",1,1
110,"web|simple|low|one_to_one",0.744097173716193,1
111,"web|simple|low|one_to_one",1,1
112,"web|simple|low|one_to_one",1,1
113,"web|simple|low|one_to_one",0.364526753617025,1
114,"web|simple|low|one_to_one",1,1
115,"web|simple|low|one_to_one",1,1
116,"web|simple|low|one_to_one",0.405521074569774,1
117,"web|simple|low|one_to_one",0.456707800049031,1
118,"web|simple|low|one_to_one",0.661875905263973,1
119,"web|simple|low|one_to_one",0.815642765995159,1
120,"web|simple|low|one_to_one",0.552071798728642,1
121,"web|simple|low|one_to_one",0.922581970771748,1
122,"web|simple|low|one_to_one",0.2338885507547,1
123,"web|simple|low|one_to_one",1,1
124,"web|simple|low|one_to_one",1,1
125,"web|simple|low|one_to_one",0,1
126,"web|simple|low|one_to_one",0.367416724287778,1
127,"web|simple|low|one_to_one",1,1
128,"web|simple|low|one_to_one",0.250736191002994,1
130,"web|simple|low|one_to_one",0,1
131,"web|simple|low|one_to_one",0.646256441708138,1
132,"web|simple|low|one_to_one",0.493444340997415,1
133,"web|simple|low|one_to_one",0.316319685076413,1
135,"web|simple|low|one_to_one",0.42244462625201,1
136,"web|simple|low|one_to_one",1,1
137,"web|simple|low|one_to_one",0,1
138,"web|simple|low|one_to_one",1,1
140,"web|simple|low|one_to_one",0.661314729652726,1
141,"web|simple|low|one_to_one",0.861878337672515,1
142,"web|simple|low|one_to_one",1,1
143,"web|simple|low|one_to_one",1,1
144,"web|simple|low|one_to_one",0.329349433544946,1
145,"web|simple|low|one_to_one",0.933272411286866,1
146,"web|simple|low|one_to_one",1,1
147,"web|simple|low|one_to_one",1,1
148,"web|simple|low|one_to_one",0.163627260433972,1
149,"web|simple|low|one_to_one",1,1
150,"web|simple|low|one_to_one",1,1
151,"web|simple|low|one_to_one",1,1
152,"web|simple|low|one_to_one",1,1
153,"web|simple|low|one_to_one",0,1
154,"web|simple|low|one_to_one",1,1
155,"web|simple|low|one_to_one",1,1
156,"web|simple|low|one_to_one",0.913840725547123,1
157,"web|simple|low|one_to_one",0.805985583658687,1
158,"web|simple|low|one_to_one",1,1
159,"web|simple|low|one_to_one",1,1
160,"web|simple|low|one_to_one",0.762019427204008,1
162,"web|simple|low|one_to_one",1,1
163,"web|simple|low|one_to_one",0.244380132776015,1
164,"web|simple|low|one_to_one",0.921390467149368,1
165,"web|simple|low|one_to_one",1,1
166,"web|simple|low|one_to_one",0.660424670047164,1
167,"web|simple|low|one_to_one",1,1
168,"web|simple|low|one_to_one",0.682889823118784,1
169,"web|simple|low|one_to_one",1,1
170,"web|simple|low|one_to_one",1,1
171,"web|simple|low|one_to_one",1,1
172,"web|simple|low|one_to_one",0.525599282231259,1
173,"web|simple|low|one_to_one",0.31515259321371,1
174,"web|simple|low|one_to_one",0,1
175,"web|simple|low|one_to_one",1,1
176,"web|simple|low|one_to_one",0.26597240077981,1
177,"web|simple|low|one_to_one",0.629080727466336,1
178,"web|simple|low|one_to_one",0.434763962126023,1
179,"web|simple|low|one_to_one",0.495484951978276,1
180,"web|simple|low|one_to_one",0.913513569736149,1
181,"web|simple|low|one_to_one",0.911598141730087,1
183,"web|simple|low|one_to_one",0,1
184,"web|simple|low|one_to_one",0.227400065618444,1
186,"web|simple|low|one_to_one",0.203761862078519,1
187,"web|simple|low|one_to_one",1,1
188,"web|simple|low|one_to_one",1,1
189,"web|simple|low|one_to_one",1,1
190,"web|simple|low|one_to_one",0,1
191,"web|simple|low|one_to_one",0.761939522959073,1
192,"web|simple|low|one_to_one",0.858490488555002,1
194,"web|simple|low|one_to_one",0.299362440248963,1
195,"web|simple|low|one_to_one",1,1
196,"web|simple|low|one_to_one",0.991593319726972,1
197,"web|simple|low|one_to_one",0.886615441164324,1
198,"web|simple|low|one_to_one",0.85178683648548,1
199,"web|simple|low|one_to_one",1,1
200,"web|simple|low|one_to_one",0.233590266205322,1
201,"web|simple|low|one_to_one",0.575545881811205,1
202,"web|simple|low|one_to_one",1,1
203,"web|simple|low|one_to_one",0.759379961746789,1
205,"web|simple|low|one_to_one",0.287226706786863,1
206,"web|simple|low|one_to_one",1,1
207,"web|simple|low|one_to_one",1,1
208,"web|simple|low|one_to_one",1,1
209,"web|simple|low|one_to_one",0.507651281669924,1
210,"web|simple|low|one_to_one",1,1
211,"web|simple|low|one_to_one",0.348699202207132,1
212,"web|simple|low|one_to_one",1,1
213,"web|simple|low|one_to_one",0.962428545056649,1
214,"web|simple|low|one_to_one",1,1
217,"web|simple|low|one_to_one",1,1
219,"web|simple|low|one_to_one",0.43097052448098,1
220,"web|simple|low|one_to_one",1,1
221,"web|simple|low|one_to_one",0,1
222,"web|simple|low|one_to_one",1,1
223,"web|simple|low|one_to_one",0.505478449729198,1
224,"web|simple|low|one_to_one",0,1
225,"web|simple|low|one_to_one",0.482157322505599,1
226,"web|simple|low|one_to_one",0.1603720249462,1
227,"web|simple|low|one_to_one",1,1
228,"web|simple|low|one_to_one",0.98035091007745,1
230,"web|simple|low|one_to_one",0.336006205762869,1
231,"web|simple|low|one_to_one",0.888819447076159,1
232,"web|simple|low|one_to_one",1,1
233,"web|simple|low|one_to_one",1,1
234,"web|simple|low|one_to_one",0.561162744033131,1
235,"web|simple|low|one_to_one",1,1
236,"web|simple|low|one_to_one",1,1
237,"web|simple|low|one_to_one",0.950912890911976,1
238,"web|simple|low|one_to_one",1,1
239,"web|simple|low|one_to_one",0.785712569350394,1
240,"web|simple|low|one_to_one",1,1
241,"web|simple|low|one_to_one",0.956128103617689,1
242,"web|simple|low|one_to_one",0.0295963982075162,1
243,"web|simple|low|one_to_one",0.491590877615099,1
245,"web|simple|low|one_to_one",1,1
246,"web|simple|low|one_to_one",0.40514477823058,1
247,"web|simple|low|one_to_one",1,1
248,"web|simple|low|one_to_one",0,1
249,"web|simple|low|one_to_one",0.255598480754157,1
250,"web|simple|low|one_to_one",1,1
251,"web|simple|low|one_to_one",0.967722665839279,1
252,"web|simple|low|one_to_one",0.248695711998254,1
253,"web|simple|low|one_to_one",1,1
254,"web|simple|low|one_to_one",0,1
256,"web|simple|low|one_to_one",1,1
258,"web|simple|low|one_to_one",1,1
259,"web|simple|low|one_to_one",0.799004691859763,1
260,"web|simple|low|one_to_one",0,1
261,"web|simple|low|one_to_one",1,1
263,"web|simple|low|one_to_one",0.419237876476126,1
264,"web|simple|low|one_to_one",0.0125451873369077,1
265,"web|simple|low|one_to_one",1,1
266,"web|simple|low|one_to_one",1,1
267,"web|simple|low|one_to_one",1,1
268,"web|simple|low|one_to_one",0.365014423670361,1
269,"web|simple|low|one_to_one",1,1
270,"web|simple|low|one_to_one",0.655601009305425,1
271,"web|simple|low|one_to_one",1,1
272,"web|simple|low|one_to_one",1,1
273,"web|simple|low|one_to_one",0.897433601891935,1
274,"web|simple|low|one_to_one",0,1
275,"web|simple|low|one_to_one",0.0902868337809192,1
276,"web|simple|low|one_to_one",0,1
277,"web|simple|low|one_to_one",1,1
279,"web|simple|low|one_to_one",0.460282477637107,1
280,"web|simple|low|one_to_one",0.120545095782858,1
281,"web|simple|low|one_to_one",1,1
282,"web|simple|low|one_to_one",0.839498024950446,1
283,"web|simple|low|one_to_one",0,1
284,"web|simple|low|one_to_one",1,1
285,"web|simple|low|one_to_one",0,1
286,"web|simple|low|one_to_one",0.217547530814654,1
287,"web|simple|low|one_to_one",0.997301860460623,1
288,"web|simple|low|one_to_one",0,1
289,"web|simple|low|one_to_one",0.261200982090634,1
290,"web|simple|low|one_to_one",0.79799786143344,1
291,"web|simple|low|one_to_one",0.834994423292101,1
292,"web|simple|low|one_to_one",0.290544307296743,1
293,"web|simple|low|one_to_one",0.445771407611811,1
294,"web|simple|low|one_to_one",0.920327284276521,1
295,"web|simple|low|one_to_one",0.553704548111756,1
296,"web|simple|low|one_to_one",0.201255111182728,1
297,"web|simple|low|one_to_one",1,1
298,"web|simple|low|one_to_one",1,1
299,"web|simple|low|one_to_one",0.0353338513353868,1
301,"web|simple|low|one_to_one",1,1
302,"web|simple|low|one_to_one",1,1
303,"web|simple|low|one_to_one",0.407324204015779,1
304,"web|simple|low|one_to_one",1,1
305,"web|simple|low|one_to_one",0.55056751613808,1
306,"web|simple|low|one_to_one",0.624531143382792,1
307,"web|simple|low|one_to_one",1,1
308,"web|simple|low|one_to_one",1,1
309,"web|simple|low|one_to_one",1,1
310,"web|simple|low|one_to_one",0.422218379539588,1
311,"web|simple|low|one_to_one",0.815044979728595,1
312,"web|simple|low|one_to_one",0.481242430279525,1
313,"web|simple|low|one_to_one",1,1
314,"web|simple|low|one_to_one",0.707497817737122,1
2,"mobile|multi_factor|low|one_to_one",0.518118296891263,1
3,"mobile|multi_factor|low|one_to_one",0.0124623604665204,1
4,"mobile|multi_factor|low|one_to_one",1,1
5,"mobile|multi_factor|low|one_to_one",1,1
6,"mobile|multi_factor|low|one_to_one",0.949333467359368,1
7,"mobile|multi_factor|low|one_to_one",1,1
8,"mobile|multi_factor|low|one_to_one",1,1
9,"mobile|multi_factor|low|one_to_one",0.761246813287722,1
10,"mobile|multi_factor|low|one_to_one",0.911592480072801,1
11,"mobile|multi_factor|low|one_to_one",1,1
13,"mobile|multi_factor|low|one_to_one",0.199824234983235,1
14,"mobile|multi_factor|low|one_to_one",1,1
15,"mobile|multi_factor|low|one_to_one",0.76302482692984,1
16,"mobile|multi_factor|low|one_to_one",1,1
17,"mobile|multi_factor|low|one_to_one",0.633129039593665,1
18,"mobile|multi_factor|low|one_to_one",0.936342088121982,1
19,"mobile|multi_factor|low|one_to_one",1,1
20,"mobile|multi_factor|low|one_to_one",0.125652201256167,1
21,"mobile|multi_factor|low|one_to_one",0.766027318510003,1
22,"mobile|multi_factor|low|one_to_one",0.0108717053830024,1
23,"mobile|multi_factor|low|one_to_one",0.481456734738563,1
24,"mobile|multi_factor|low|one_to_one",1,1
26,"mobile|multi_factor|low|one_to_one",1,1
27,"mobile|multi_factor|low|one_to_one",1,1
28,"mobile|multi_factor|low|one_to_one",0,1
29,"mobile|multi_factor|low|one_to_one",1,1
31,"mobile|multi_factor|low|one_to_one",0.575205602107818,1
32,"mobile|multi_factor|low|one_to_one",1,1
33,"mobile|multi_factor|low|one_to_one",0.485286759196942,1
35,"mobile|multi_factor|low|one_to_one",0.377414199305151,1
36,"mobile|multi_factor|low|one_to_one",1,1
37,"mobile|multi_factor|low|one_to_one",1,1
38,"mobile|multi_factor|low|one_to_one",1,1
39,"mobile|multi_factor|low|one_to_one",1,1
41,"mobile|multi_factor|low|one_to_one",0.887869832944483,1
42,"mobile|multi_factor|low|one_to_one",1,1
43,"mobile|multi_factor|low|one_to_one",1,1
44,"mobile|multi_factor|low|one_to_one",0.628641124779839,1
45,"mobile|multi_factor|low|one_to_one",1,1
46,"mobile|multi_factor|low|one_to_one",1,1
47,"mobile|multi_factor|low|one_to_one",0.408181707206263,1
48,"mobile|multi_factor|low|one_to_one",0.272999103221871,1
49,"mobile|multi_factor|low|one_to_one",0.312604263145686,1
50,"mobile|multi_factor|low|one_to_one",0.971558119628651,1
51,"mobile|multi_factor|low|one_to_one",0.486129910580488,1
52,"mobile|multi_factor|low|one_to_one",1,1
53,"mobile|multi_factor|low|one_to_one",1,1
54,"mobile|multi_factor|low|one_to_one",0.258161883693237,1
55,"mobile|multi_factor|low|one_to_one",0.59892772004169,1
56,"mobile|multi_factor|low|one_to_one",1,1
57,"mobile|multi_factor|low|one_to_one",1,1
58,"mobile|multi_factor|low|one_to_one",0.415108244487991,1
60,"mobile|multi_factor|low|one_to_one",0.279442963573068,1
61,"mobile|multi_factor|low|one_to_one",0.37466252002811,1
62,"mobile|multi_factor|low|one_to_one",1,1
63,"mobile|multi_factor|low|one_to_one",1,1
64,"mobile|multi_factor|low|one_to_one",0,1
65,"mobile|multi_factor|low|one_to_one",0.581094237827037,1
68,"mobile|multi_factor|low|one_to_one",0.237502879497844,1
69,"mobile|multi_factor|low|one_to_one",1,1
70,"mobile|multi_factor|low|one_to_one",1,1
71,"mobile|multi_factor|low|one_to_one",0,1
72,"mobile|multi_factor|low|one_to_one",1,1
73,"mobile|multi_factor|low|one_to_one",1,1
74,"mobile|multi_factor|low|one_to_one",0.982617359827226,1
75,"mobile|multi_factor|low|one_to_one",0.960618180313431,1
76,"mobile|multi_factor|low|one_to_one",0,1
77,"mobile|multi_factor|low|one_to_one",0.621604903712335,1
78,"mobile|multi_factor|low|one_to_one",0.92047880663508,1
79,"mobile|multi_factor|low|one_to_one",0.366377121914347,1
80,"mobile|multi_factor|low|one_to_one",0.393615910895,1
81,"mobile|multi_factor|low|one_to_one",1,1
82,"mobile|multi_factor|low|one_to_one",1,1
83,"mobile|multi_factor|low|one_to_one",1,1
84,"mobile|multi_factor|low|one_to_one",1,1
86,"mobile|multi_factor|low|one_to_one",0.952238255226019,1
87,"mobile|multi_factor|low|one_to_one",0.247104088148695,1
88,"mobile|multi_factor|low|one_to_one",0.540800697461185,1
90,"mobile|multi_factor|low|one_to_one",0.659589296192218,1
91,"mobile|multi_factor|low|one_to_one",0,1
92,"mobile|multi_factor|low|one_to_one",0.958366396626676,1
93,"mobile|multi_factor|low|one_to_one",0.253121091162766,1
94,"mobile|multi_factor|low|one_to_one",0.473474040811009,1
95,"mobile|multi_factor|low|one_to_one",0.999929002737789,1
96,"mobile|multi_factor|low|one_to_one",1,1
97,"mobile|multi_factor|low|one_to_one",0.962112226420974,1
98,"mobile|multi_factor|low|one_to_one",0.257221771268082,1
99,"mobile|multi_factor|low|one_to_one",1,1
100,"mobile|multi_factor|low|one_to_one",1,1
101,"mobile|multi_factor|low|one_to_one",1,1
103,"mobile|multi_factor|low|one_to_one",0.335089443426581,1
104,"mobile|multi_factor|low|one_to_one",0.096745435193423,1
105,"mobile|multi_factor|low|one_to_one",1,1
106,"mobile|multi_factor|low|one_to_one",0,1
107,"mobile|multi_factor|low|one_to_one",1,1
108,"mobile|multi_factor|low|one_to_one",0.362993279089376,1
109,"mobile|multi_factor|low|one_to_one",1,1
110,"mobile|multi_factor|low|one_to_one",0.820929276887719,1
111,"mobile|multi_factor|low|one_to_one",0.957448119484198,1
112,"mobile|multi_factor|low|one_to_one",1,1
113,"mobile|multi_factor|low|one_to_one",0.17805600783558,1
114,"mobile|multi_factor|low|one_to_one",0.840797440334854,1
115,"mobile|multi_factor|low|one_to_one",0.980398263532937,1
116,"mobile|multi_factor|low|one_to_one",0.423842734899359,1
117,"mobile|multi_factor|low|one_to_one",0.457304168539512,1
118,"mobile|multi_factor|low|one_to_one",0.477168916561529,1
119,"mobile|multi_factor|low|one_to_one",0.385021971976601,1
120,"mobile|multi_factor|low|one_to_one",0.0535776229268972,1
121,"mobile|multi_factor|low|one_to_one",0.949264178361258,1
122,"mobile|multi_factor|low|one_to_one",0.343206051699026,1
123,"mobile|multi_factor|low|one_to_one",1,1
124,"mobile|multi_factor|low|one_to_one",1,1
125,"mobile|multi_factor|low|one_to_one",0.369299540673637,1
126,"mobile|multi_factor|low|one_to_one",0.280492016083665,1
127,"mobile|multi_factor|low|one_to_one",1,1
128,"mobile|multi_factor|low|one_to_one",1,1
130,"mobile|multi_factor|low|one_to_one",0.386015537548244,1
131,"mobile|multi_factor|low|one_to_one",0.330161692033134,1
132,"mobile|multi_factor|low|one_to_one",0.202415169396618,1
133,"mobile|multi_factor|low|one_to_one",0.268713231751739,1
135,"mobile|multi_factor|low|one_to_one",0.556174205046268,1
136,"mobile|multi_factor|low|one_to_one",0.985502197139197,1
137,"mobile|multi_factor|low|one_to_one",0.232544750786798,1
138,"mobile|multi_factor|low|one_to_one",1,1
140,"mobile|multi_factor|low|one_to_one",0.378330295141388,1
141,"mobile|multi_factor|low|one_to_one",1,1
142,"mobile|multi_factor|low|one_to_one",1,1
143,"mobile|multi_factor|low|one_to_one",1,1
144,"mobile|multi_factor|low|one_to_one",0.326702328815068,1
145,"mobile|multi_factor|low|one_to_one",0.81949874350285,1
146,"mobile|multi_factor|low|one_to_one",1,1
147,"mobile|multi_factor|low|one_to_one",0.933368645234271,1
148,"mobile|multi_factor|low|one_to_one",0.13723014594472,1
149,"mobile|multi_factor|low|one_to_one",0.744936775764724,1
150,"mobile|multi_factor|low|one_to_one",1,1
151,"mobile|multi_factor|low|one_to_one",1,1
152,"mobile|multi_factor|low|one_to_one",0.79218164896375,1
153,"mobile|multi_factor|low|one_to_one",1,1
154,"mobile|multi_factor|low|one_to_one",1,1
155,"mobile|multi_factor|low|one_to_one",1,1
156,"mobile|multi_factor|low|one_to_one",0.86121819841808,1
157,"mobile|multi_factor|low|one_to_one",0.858026043529148,1
158,"mobile|multi_factor|low|one_to_one",0.90948824887067,1
159,"mobile|multi_factor|low|one_to_one",1,1
160,"mobile|multi_factor|low|one_to_one",1,1
162,"mobile|multi_factor|low|one_to_one",0.642456839366447,1
163,"mobile|multi_factor|low|one_to_one",0.144797930326742,1
164,"mobile|multi_factor|low|one_to_one",0.860104662292867,1
165,"mobile|multi_factor|low|one_to_one",1,1
166,"mobile|multi_factor|low|one_to_one",0.846576556681571,1
167,"mobile|multi_factor|low|one_to_one",0.105740896881657,1
168,"mobile|multi_factor|low|one_to_one",0.367155186602829,1
169,"mobile|multi_factor|low|one_to_one",0.658738539718468,1
170,"mobile|multi_factor|low|one_to_one",0.805650234205163,1
171,"mobile|multi_factor|low|one_to_one",1,1
172,"mobile|multi_factor|low|one_to_one",1,1
173,"mobile|multi_factor|low|one_to_one",0.233916673915251,1
174,"mobile|multi_factor|low|one_to_one",0,1
175,"mobile|multi_factor|low|one_to_one",1,1
176,"mobile|multi_factor|low|one_to_one",0.375780624142562,1
177,"mobile|multi_factor|low|one_to_one",0.550776792979207,1
178,"mobile|multi_factor|low|one_to_one",0.126694566465258,1
179,"mobile|multi_factor|low|one_to_one",1,1
180,"mobile|multi_factor|low|one_to_one",0.72907815373177,1
181,"mobile|multi_factor|low|one_to_one",0.798455915867625,1
183,"mobile|multi_factor|low|one_to_one",0,1
184,"mobile|multi_factor|low|one_to_one",0.334566573759179,1
186,"mobile|multi_factor|low|one_to_one",0.195737676320811,1
187,"mobile|multi_factor|low|one_to_one",0.876588215155659,1
188,"mobile|multi_factor|low|one_to_one",0.558637217355242,1
189,"mobile|multi_factor|low|one_to_one",0.300038524879608,1
190,"mobile|multi_factor|low|one_to_one",0,1
191,"mobile|multi_factor|low|one_to_one",1,1
192,"mobile|multi_factor|low|one_to_one",0.462087768978855,1
194,"mobile|multi_factor|low|one_to_one",0.465983501760511,1
195,"mobile|multi_factor|low|one_to_one",0.526410158653466,1
196,"mobile|multi_factor|low|one_to_one",0.919609940091762,1
197,"mobile|multi_factor|low|one_to_one",0.779910483479989,1
198,"mobile|multi_factor|low|one_to_one",1,1
199,"mobile|multi_factor|low|one_to_one",1,1
200,"mobile|multi_factor|low|one_to_one",0.266450272568557,1
201,"mobile|multi_factor|low|one_to_one",0.649892608677953,1
202,"mobile|multi_factor|low|one_to_one",1,1
203,"mobile|multi_factor|low|one_to_one",0.824404392707289,1
205,"mobile|multi_factor|low|one_to_one",0.105338299809482,1
206,"mobile|multi_factor|low|one_to_one",1,1
207,"mobile|multi_factor|low|one_to_one",1,1
208,"mobile|multi_factor|low|one_to_one",0.914783077248668,1
209,"mobile|multi_factor|low|one_to_one",1,1
210,"mobile|multi_factor|low|one_to_one",0.949596823227238,1
211,"mobile|multi_factor|low|one_to_one",0.179475745057041,1
212,"mobile|multi_factor|low|one_to_one",1,1
213,"mobile|multi_factor|low|one_to_one",1,1
214,"mobile|multi_factor|low|one_to_one",1,1
217,"mobile|multi_factor|low|one_to_one",0.67860147494939,1
219,"mobile|multi_factor|low|one_to_one",0.431656617006273,1
220,"mobile|multi_factor|low|one_to_one",1,1
221,"mobile|multi_factor|low|one_to_one",0,1
222,"mobile|multi_factor|low|one_to_one",1,1
223,"mobile|multi_factor|low|one_to_one",0.304545699817091,1
224,"mobile|multi_factor|low|one_to_one",0.603915308016653,1
225,"mobile|multi_factor|low|one_to_one",0.0591703287694614,1
226,"mobile|multi_factor|low|one_to_one",1,1
227,"mobile|multi_factor|low|one_to_one",1,1
228,"mobile|multi_factor|low|one_to_one",0.675113153723991,1
230,"mobile|multi_factor|low|one_to_one",0.0818908991590901,1
231,"mobile|multi_factor|low|one_to_one",0.754022321435068,1
232,"mobile|multi_factor|low|one_to_one",0.409962721313097,1
233,"mobile|multi_factor|low|one_to_one",0.811912266384768,1
234,"mobile|multi_factor|low|one_to_one",0,1
235,"mobile|multi_factor|low|one_to_one",0.341607336384585,1
236,"mobile|multi_factor|low|one_to_one",1,1
237,"mobile|multi_factor|low|one_to_one",1,1
238,"mobile|multi_factor|low|one_to_one",1,1
239,"mobile|multi_factor|low|one_to_one",0.735615113970182,1
240,"mobile|multi_factor|low|one_to_one",1,1
241,"mobile|multi_factor|low|one_to_one",1,1
242,"mobile|multi_factor|low|one_to_one",0.187960064314259,1
243,"mobile|multi_factor|low|one_to_one",0.396328099419816,1
245,"mobile|multi_factor|low|one_to_one",1,1
246,"mobile|multi_factor|low|one_to_one",0.253055735301459,1
247,"mobile|multi_factor|low|one_to_one",1,1
248,"mobile|multi_factor|low|one_to_one",0.119913397281339,1
249,"mobile|multi_factor|low|one_to_one",0.224213803024737,1
250,"mobile|multi_factor|low|one_to_one",1,1
251,"mobile|multi_factor|low|one_to_one",0.715541705587477,1
252,"mobile|multi_factor|low|one_to_one",0,1
253,"mobile|multi_factor|low|one_to_one",1,1
254,"mobile|multi_factor|low|one_to_one",1,1
256,"mobile|multi_factor|low|one_to_one",1,1
258,"mobile|multi_factor|low|one_to_one",1,1
259,"mobile|multi_factor|low|one_to_one",0.80828728990962,1
260,"mobile|multi_factor|low|one_to_one",0.238735854102677,1
261,"mobile|multi_factor|low|one_to_one",0.354972869591519,1
263,"mobile|multi_factor|low|one_to_one",0.144367191738208,1
264,"mobile|multi_factor|low|one_to_one",0.342074792347764,1
265,"mobile|multi_factor|low|one_to_one",0.852139249218776,1
266,"mobile|multi_factor|low|one_to_one",0.835096155825455,1
267,"mobile|multi_factor|low|one_to_one",1,1
268,"mobile|multi_factor|low|one_to_one",0.400101101595875,1
269,"mobile|multi_factor|low|one_to_one",1,1
270,"mobile|multi_factor|low|one_to_one",0.560123718369725,1
271,"mobile|multi_factor|low|one_to_one",1,1
272,"mobile|multi_factor|low|one_to_one",0.94394649665519,1
273,"mobile|multi_factor|low|one_to_one",0.00651976784707714,1
274,"mobile|multi_factor|low|one_to_one",0.39279090290951,1
275,"mobile|multi_factor|low|one_to_one",0,1
276,"mobile|multi_factor|low|one_to_one",0,1
277,"mobile|multi_factor|low|one_to_one",0.65342782752053,1
279,"mobile|multi_factor|low|one_to_one",0.262589143294385,1
280,"mobile|multi_factor|low|one_to_one",0,1
281,"mobile|multi_factor|low|one_to_one",0.773202224114641,1
282,"mobile|multi_factor|low|one_to_one",0.638990678720695,1
283,"mobile|multi_factor|low|one_to_one",0.28760474586732,1
284,"mobile|multi_factor|low|one_to_one",0.922855187067027,1
285,"mobile|multi_factor|low|one_to_one",0,1
286,"mobile|multi_factor|low|one_to_one",0.189514576767449,1
287,"mobile|multi_factor|low|one_to_one",0.893527726514782,1
288,"mobile|multi_factor|low|one_to_one",0.653837495179712,1
289,"mobile|multi_factor|low|one_to_one",0.103363899858491,1
290,"mobile|multi_factor|low|one_to_one",0.713791092420598,1
291,"mobile|multi_factor|low|one_to_one",0.894893466085023,1
292,"mobile|multi_factor|low|one_to_one",0.35398105820542,1
293,"mobile|multi_factor|low|one_to_one",0.362927236262137,1
294,"mobile|multi_factor|low|one_to_one",0.784671094737943,1
295,"mobile|multi_factor|low|one_to_one",0,1
296,"mobile|multi_factor|low|one_to_one",0.199664050601757,1
297,"mobile|multi_factor|low|one_to_one",1,1
298,"mobile|multi_factor|low|one_to_one",0.922553131037567,1
299,"mobile|multi_factor|low|one_to_one",0.506350712296885,1
301,"mobile|multi_factor|low|one_to_one",1,1
302,"mobile|multi_factor|low|one_to_one",0.664037878102728,1
303,"mobile|multi_factor|low|one_to_one",0.223993247705865,1
304,"mobile|multi_factor|low|one_to_one",1,1
305,"mobile|multi_factor|low|one_to_one",1,1
306,"mobile|multi_factor|low|one_to_one",0.767211459003291,1
307,"mobile|multi_factor|low|one_to_one",1,1
308,"mobile|multi_factor|low|one_to_one",0.0838447400728361,1
309,"mobile|multi_factor|low|one_to_one",1,1
310,"mobile|multi_factor|low|one_to_one",1,1
311,"mobile|multi_factor|low|one_to_one",0.514057432215597,1
312,"mobile|multi_factor|low|one_to_one",0,1
313,"mobile|multi_factor|low|one_to_one",1,1
314,"mobile|multi_factor|low|one_to_one",0.345124513283155,1
2,"web|multi_factor|low|one_to_one",0.581881350690302,1
3,"web|multi_factor|low|one_to_one",0.137130596298339,1
4,"web|multi_factor|low|one_to_one",0.905323702101754,1
5,"web|multi_factor|low|one_to_one",1,1
6,"web|multi_factor|low|one_to_one",0.904079582791941,1
7,"web|multi_factor|low|one_to_one",1,1
8,"web|multi_factor|low|one_to_one",1,1
9,"web|multi_factor|low|one_to_one",0.596965640505463,1
10,"web|multi_factor|low|one_to_one",1,1
11,"web|multi_factor|low|one_to_one",0.760057681661806,1
13,"web|multi_factor|low|one_to_one",0.184599510255063,1
14,"web|multi_factor|low|one_to_one",1,1
15,"web|multi_factor|low|one_to_one",0.80713220961782,1
16,"web|multi_factor|low|one_to_one",1,1
17,"web|multi_factor|low|one_to_one",0.572272662121357,1
18,"web|multi_factor|low|one_to_one",0.937861222834242,1
19,"web|multi_factor|low|one_to_one",1,1
20,"web|multi_factor|low|one_to_one",0.361285857909367,1
21,"web|multi_factor|low|one_to_one",0.844421255733816,1
22,"web|multi_factor|low|one_to_one",0.453195183142508,1
23,"web|multi_factor|low|one_to_one",0.197276333081885,1
24,"web|multi_factor|low|one_to_one",1,1
26,"web|multi_factor|low|one_to_one",1,1
27,"web|multi_factor|low|one_to_one",1,1
28,"web|multi_factor|low|one_to_one",0,1
29,"web|multi_factor|low|one_to_one",1,1
31,"web|multi_factor|low|one_to_one",0.60945666221282,1
32,"web|multi_factor|low|one_to_one",1,1
33,"web|multi_factor|low|one_to_one",0.398653790991183,1
35,"web|multi_factor|low|one_to_one",0.982473684415287,1
36,"web|multi_factor|low|one_to_one",1,1
37,"web|multi_factor|low|one_to_one",1,1
38,"web|multi_factor|low|one_to_one",0.829276270473749,1
39,"web|multi_factor|low|one_to_one",1,1
41,"web|multi_factor|low|one_to_one",0.964475073712638,1
42,"web|multi_factor|low|one_to_one",0.974089753641955,1
43,"web|multi_factor|low|one_to_one",1,1
44,"web|multi_factor|low|one_to_one",0.424057485254375,1
45,"web|multi_factor|low|one_to_one",0.781767531243003,1
46,"web|multi_factor|low|one_to_one",0.513514818154798,1
47,"web|multi_factor|low|one_to_one",0.339279723408323,1
48,"web|multi_factor|low|one_to_one",0.0690692520194369,1
49,"web|multi_factor|low|one_to_one",0.366385170276636,1
50,"web|multi_factor|low|one_to_one",1,1
51,"web|multi_factor|low|one_to_one",0.696998811070217,1
52,"web|multi_factor|low|one_to_one",1,1
53,"web|multi_factor|low|one_to_one",0.939214920598435,1
54,"web|multi_factor|low|one_to_one",0.66871699155901,1
55,"web|multi_factor|low|one_to_one",0.478911199761261,1
56,"web|multi_factor|low|one_to_one",0,1
57,"web|multi_factor|low|one_to_one",1,1
58,"web|multi_factor|low|one_to_one",0.385501125280872,1
60,"web|multi_factor|low|one_to_one",0.310119159454538,1
61,"web|multi_factor|low|one_to_one",0.326114604207968,1
62,"web|multi_factor|low|one_to_one",1,1
63,"web|multi_factor|low|one_to_one",0.864774739768519,1
64,"web|multi_factor|low|one_to_one",0,1
65,"web|multi_factor|low|one_to_one",1,1
68,"web|multi_factor|low|one_to_one",0.33003390888939,1
69,"web|multi_factor|low|one_to_one",1,1
70,"web|multi_factor|low|one_to_one",0.942883981683037,1
71,"web|multi_factor|low|one_to_one",0,1
72,"web|multi_factor|low|one_to_one",1,1
73,"web|multi_factor|low|one_to_one",0.792690343058667,1
74,"web|multi_factor|low|one_to_one",1,1
75,"web|multi_factor|low|one_to_one",0.84058038007898,1
76,"web|multi_factor|low|one_to_one",0.175296852858877,1
77,"web|multi_factor|low|one_to_one",0.490759818492322,1
78,"web|multi_factor|low|one_to_one",0.752812329776589,1
79,"web|multi_factor|low|one_to_one",1,1
80,"web|multi_factor|low|one_to_one",0.25025854501039,1
81,"web|multi_factor|low|one_to_one",0.855295119433093,1
82,"web|multi_factor|low|one_to_one",1,1
83,"web|multi_factor|low|one_to_one",0.759181521841985,1
84,"web|multi_factor|low|one_to_one",1,1
86,"web|multi_factor|low|one_to_one",0.829820438301295,1
87,"web|multi_factor|low|one_to_one",0.616271222611533,1
88,"web|multi_factor|low|one_to_one",0.558389335300351,1
90,"web|multi_factor|low|one_to_one",0.811168128388623,1
91,"web|multi_factor|low|one_to_one",0,1
92,"web|multi_factor|low|one_to_one",0.915370043455865,1
93,"web|multi_factor|low|one_to_one",1,1
94,"web|multi_factor|low|one_to_one",1,1
95,"web|multi_factor|low|one_to_one",0.97670847469808,1
96,"web|multi_factor|low|one_to_one",0.175180675083923,1
97,"web|multi_factor|low|one_to_one",0.682576228997752,1
98,"web|multi_factor|low|one_to_one",0.339269775004943,1
99,"web|multi_factor|low|one_to_one",1,1
100,"web|multi_factor|low|one_to_one",0,1
101,"web|multi_factor|low|one_to_one",1,1
103,"web|multi_factor|low|one_to_one",1,1
104,"web|multi_factor|low|one_to_one",0.0370760128069143,1
105,"web|multi_factor|low|one_to_one",0,1
106,"web|multi_factor|low|one_to_one",0,1
107,"web|multi_factor|low|one_to_one",1,1
108,"web|multi_factor|low|one_to_one",0.237062113755802,1
109,"web|multi_factor|low|one_to_one",1,1
110,"web|multi_factor|low|one_to_one",0.697074095547052,1
111,"web|multi_factor|low|one_to_one",0.960845345978343,1
112,"web|multi_factor|low|one_to_one",1,1
113,"web|multi_factor|low|one_to_one",0.115803818692694,1
114,"web|multi_factor|low|one_to_one",1,1
115,"web|multi_factor|low|one_to_one",0.985703876078763,1
116,"web|multi_factor|low|one_to_one",0.497257866282038,1
117,"web|multi_factor|low|one_to_one",0.325583803976626,1
118,"web|multi_factor|low|one_to_one",0.63012347781962,1
119,"web|multi_factor|low|one_to_one",0.942743658316159,1
120,"web|multi_factor|low|one_to_one",0.374890380988315,1
121,"web|multi_factor|low|one_to_one",0.791992015390028,1
122,"web|multi_factor|low|one_to_one",0.27371416456353,1
123,"web|multi_factor|low|one_to_one",1,1
124,"web|multi_factor|low|one_to_one",1,1
125,"web|multi_factor|low|one_to_one",0,1
126,"web|multi_factor|low|one_to_one",0.270979431981003,1
127,"web|multi_factor|low|one_to_one",1,1
128,"web|multi_factor|low|one_to_one",0.792902832981273,1
130,"web|multi_factor|low|one_to_one",0,1
131,"web|multi_factor|low|one_to_one",0.441468034482475,1
132,"web|multi_factor|low|one_to_one",0.235927529081135,1
133,"web|multi_factor|low|one_to_one",0.323423325714039,1
135,"web|multi_factor|low|one_to_one",0.487886403791675,1
136,"web|multi_factor|low|one_to_one",0.952762766044912,1
137,"web|multi_factor|low|one_to_one",0,1
138,"web|multi_factor|low|one_to_one",0.884460256489489,1
140,"web|multi_factor|low|one_to_one",0.592952303738093,1
141,"web|multi_factor|low|one_to_one",0.845925105456178,1
142,"web|multi_factor|low|one_to_one",1,1
143,"web|multi_factor|low|one_to_one",1,1
144,"web|multi_factor|low|one_to_one",0.431715631337197,1
145,"web|multi_factor|low|one_to_one",0.889246134459835,1
146,"web|multi_factor|low|one_to_one",1,1
147,"web|multi_factor|low|one_to_one",1,1
148,"web|multi_factor|low|one_to_one",0.141115418060496,1
149,"web|multi_factor|low|one_to_one",1,1
150,"web|multi_factor|low|one_to_one",0.870862342370603,1
151,"web|multi_factor|low|one_to_one",0.987932137197944,1
152,"web|multi_factor|low|one_to_one",0.993864160983894,1
153,"web|multi_factor|low|one_to_one",0.655750060988086,1
154,"web|multi_factor|low|one_to_one",1,1
155,"web|multi_factor|low|one_to_one",1,1
156,"web|multi_factor|low|one_to_one",0.794121376858352,1
157,"web|multi_factor|low|one_to_one",0.748199263622576,1
158,"web|multi_factor|low|one_to_one",1,1
159,"web|multi_factor|low|one_to_one",1,1
160,"web|multi_factor|low|one_to_one",0.778189576553433,1
162,"web|multi_factor|low|one_to_one",1,1
163,"web|multi_factor|low|one_to_one",0.271654994397741,1
164,"web|multi_factor|low|one_to_one",0.937022877440803,1
165,"web|multi_factor|low|one_to_one",1,1
166,"web|multi_factor|low|one_to_one",0.671760549645662,1
167,"web|multi_factor|low|one_to_one",1,1
168,"web|multi_factor|low|one_to_one",0.637734046107028,1
169,"web|multi_factor|low|one_to_one",1,1
170,"web|multi_factor|low|one_to_one",1,1
171,"web|multi_factor|low|one_to_one",1,1
172,"web|multi_factor|low|one_to_one",0.73157064551483,1
173,"web|multi_factor|low|one_to_one",0.233609977686877,1
174,"web|multi_factor|low|one_to_one",0,1
175,"web|multi_factor|low|one_to_one",0.754159776198113,1
176,"web|multi_factor|low|one_to_one",0.31315104798429,1
177,"web|multi_factor|low|one_to_one",0.48008658279911,1
178,"web|multi_factor|low|one_to_one",0.364966128043995,1
179,"web|multi_factor|low|one_to_one",1,1
180,"web|multi_factor|low|one_to_one",0.769652883645314,1
181,"web|multi_factor|low|one_to_one",0.749163924655095,1
183,"web|multi_factor|low|one_to_one",0,1
184,"web|multi_factor|low|one_to_one",0.0575678253513992,1
186,"web|multi_factor|low|one_to_one",0.25304995239294,1
187,"web|multi_factor|low|one_to_one",0.837847904156047,1
188,"web|multi_factor|low|one_to_one",0.794607096915633,1
189,"web|multi_factor|low|one_to_one",1,1
190,"web|multi_factor|low|one_to_one",0,1
191,"web|multi_factor|low|one_to_one",0.906858709842994,1
192,"web|multi_factor|low|one_to_one",0.5448213422522,1
194,"web|multi_factor|low|one_to_one",0.227879009008785,1
195,"web|multi_factor|low|one_to_one",0.823560325760336,1
196,"web|multi_factor|low|one_to_one",0.793709675624088,1
197,"web|multi_factor|low|one_to_one",0.877095617282857,1
198,"web|multi_factor|low|one_to_one",0.79081371043489,1
199,"web|multi_factor|low|one_to_one",1,1
200,"web|multi_factor|low|one_to_one",0.153282758542831,1
201,"web|multi_factor|low|one_to_one",0.542062736282383,1
202,"web|multi_factor|low|one_to_one",1,1
203,"web|multi_factor|low|one_to_one",0.798361695905965,1
205,"web|multi_factor|low|one_to_one",0.385764068922736,1
206,"web|multi_factor|low|one_to_one",1,1
207,"web|multi_factor|low|one_to_one",1,1
208,"web|multi_factor|low|one_to_one",1,1
209,"web|multi_factor|low|one_to_one",0.695473759512135,1
210,"web|multi_factor|low|one_to_one",1,1
211,"web|multi_factor|low|one_to_one",0.0200936818014809,1
212,"web|multi_factor|low|one_to_one",1,1
213,"web|multi_factor|low|one_to_one",0.871781677137969,1
214,"web|multi_factor|low|one_to_one",0.981045332169454,1
217,"web|multi_factor|low|one_to_one",1,1
219,"web|multi_factor|low|one_to_one",0.327467576316587,1
220,"web|multi_factor|low|one_to_one",1,1
221,"web|multi_factor|low|one_to_one",0.322142964013826,1
222,"web|multi_factor|low|one_to_one",1,1
223,"web|multi_factor|low|one_to_one",0.351452087337216,1
224,"web|multi_factor|low|one_to_one",0.434443560490634,1
225,"web|multi_factor|low|one_to_one",0.298140326930902,1
226,"web|multi_factor|low|one_to_one",0.640356730064602,1
227,"web|multi_factor|low|one_to_one",1,1
228,"web|multi_factor|low|one_to_one",1,1
230,"web|multi_factor|low|one_to_one",0.384057152826003,1
231,"web|multi_factor|low|one_to_one",0.784958412505446,1
232,"web|multi_factor|low|one_to_one",1,1
233,"web|multi_factor|low|one_to_one",1,1
234,"web|multi_factor|low|one_to_one",0.325532388033954,1
235,"web|multi_factor|low|one_to_one",0.326847224147025,1
236,"web|multi_factor|low|one_to_one",1,1
237,"web|multi_factor|low|one_to_one",0.988059846866422,1
238,"web|multi_factor|low|one_to_one",1,1
239,"web|multi_factor|low|one_to_one",0.716505112259067,1
240,"web|multi_factor|low|one_to_one",1,1
241,"web|multi_factor|low|one_to_one",0.90523481368345,1
242,"web|multi_factor|low|one_to_one",0,1
243,"web|multi_factor|low|one_to_one",0.460619106082914,1
245,"web|multi_factor|low|one_to_one",1,1
246,"web|multi_factor|low|one_to_one",0.288787294954984,1
247,"web|multi_factor|low|one_to_one",1,1
248,"web|multi_factor|low|one_to_one",0.216741420998324,1
249,"web|multi_factor|low|one_to_one",0.250370539126164,1
250,"web|multi_factor|low|one_to_one",1,1
251,"web|multi_factor|low|one_to_one",0.936682412884367,1
252,"web|multi_factor|low|one_to_one",0,1
253,"web|multi_factor|low|one_to_one",1,1
254,"web|multi_factor|low|one_to_one",0.335968049252803,1
256,"web|multi_factor|low|one_to_one",1,1
258,"web|multi_factor|low|one_to_one",1,1
259,"web|multi_factor|low|one_to_one",0.808249040831459,1
260,"web|multi_factor|low|one_to_one",0.192817626141044,1
261,"web|multi_factor|low|one_to_one",0.628648663101613,1
263,"web|multi_factor|low|one_to_one",0,1
264,"web|multi_factor|low|one_to_one",0.278805859849454,1
265,"web|multi_factor|low|one_to_one",1,1
266,"web|multi_factor|low|one_to_one",1,1
267,"web|multi_factor|low|one_to_one",1,1
268,"web|multi_factor|low|one_to_one",0.260957104398143,1
269,"web|multi_factor|low|one_to_one",0.916126222890432,1
270,"web|multi_factor|low|one_to_one",0.587940071699706,1
271,"web|multi_factor|low|one_to_one",1,1
272,"web|multi_factor|low|one_to_one",1,1
273,"web|multi_factor|low|one_to_one",0.282011967491481,1
274,"web|multi_factor|low|one_to_one",0,1
275,"web|multi_factor|low|one_to_one",0,1
276,"web|multi_factor|low|one_to_one",0,1
277,"web|multi_factor|low|one_to_one",1,1
279,"web|multi_factor|low|one_to_one",0.485813629511332,1
280,"web|multi_factor|low|one_to_one",0,1
281,"web|multi_factor|low|one_to_one",0.806514288518106,1
282,"web|multi_factor|low|one_to_one",0.540373896741728,1
283,"web|multi_factor|low|one_to_one",0,1
284,"web|multi_factor|low|one_to_one",1,1
285,"web|multi_factor|low|one_to_one",0,1
286,"web|multi_factor|low|one_to_one",0.268969721906498,1
287,"web|multi_factor|low|one_to_one",0.697678374014608,1
288,"web|multi_factor|low|one_to_one",0.22616545692435,1
289,"web|multi_factor|low|one_to_one",0.234261214109698,1
290,"web|multi_factor|low|one_to_one",0.878250302822023,1
291,"web|multi_factor|low|one_to_one",0.95015085277834,1
292,"web|multi_factor|low|one_to_one",0.356987590791635,1
293,"web|multi_factor|low|one_to_one",0.269190742291987,1
294,"web|multi_factor|low|one_to_one",0.845910771400896,1
295,"web|multi_factor|low|one_to_one",0.040390401866515,1
296,"web|multi_factor|low|one_to_one",0.196277721569874,1
297,"web|multi_factor|low|one_to_one",1,1
298,"web|multi_factor|low|one_to_one",1,1
299,"web|multi_factor|low|one_to_one",0,1
301,"web|multi_factor|low|one_to_one",1,1
302,"web|multi_factor|low|one_to_one",0.590347511079104,1
303,"web|multi_factor|low|one_to_one",0.213206011854166,1
304,"web|multi_factor|low|one_to_one",1,1
305,"web|multi_factor|low|one_to_one",0.942882346823237,1
306,"web|multi_factor|low|one_to_one",0.582467753605283,1
307,"web|multi_factor|low|one_to_one",0.917347109773684,1
308,"web|multi_factor|low|one_to_one",0.76990439782179,1
309,"web|multi_factor|low|one_to_one",1,1
310,"web|multi_factor|low|one_to_one",0.274615250133104,1
311,"web|multi_factor|low|one_to_one",0.535736799378914,1
312,"web|multi_factor|low|one_to_one",0.121410320531124,1
313,"web|multi_factor|low|one_to_one",1,1
314,"web|multi_factor|low|one_to_one",0.475827343352631,1
2,"mobile|simple|medium|one_to_one",0.496298249153997,1
3,"mobile|simple|medium|one_to_one",0.422820379137723,1
4,"mobile|simple|medium|one_to_one",1,1
5,"mobile|simple|medium|one_to_one",1,1
6,"mobile|simple|medium|one_to_one",0.672462876086018,1
7,"mobile|simple|medium|one_to_one",1,1
8,"mobile|simple|medium|one_to_one",1,1
9,"mobile|simple|medium|one_to_one",1,1
10,"mobile|simple|medium|one_to_one",1,1
11,"mobile|simple|medium|one_to_one",1,1
13,"mobile|simple|medium|one_to_one",0.305762053938292,1
14,"mobile|simple|medium|one_to_one",1,1
15,"mobile|simple|medium|one_to_one",0.554039568700143,1
16,"mobile|simple|medium|one_to_one",1,1
17,"mobile|simple|medium|one_to_one",0.574017703487816,1
18,"mobile|simple|medium|one_to_one",1,1
19,"mobile|simple|medium|one_to_one",1,1
20,"mobile|simple|medium|one_to_one",0.0998869103530302,1
21,"mobile|simple|medium|one_to_one",0.927801466664932,1
22,"mobile|simple|medium|one_to_one",0,1
23,"mobile|simple|medium|one_to_one",0,1
24,"mobile|simple|medium|one_to_one",1,1
26,"mobile|simple|medium|one_to_one",0.372748647455543,1
27,"mobile|simple|medium|one_to_one",0,1
28,"mobile|simple|medium|one_to_one",0,1
29,"mobile|simple|medium|one_to_one",1,1
31,"mobile|simple|medium|one_to_one",0.457124839212136,1
32,"mobile|simple|medium|one_to_one",1,1
33,"mobile|simple|medium|one_to_one",0.465196576513358,1
35,"mobile|simple|medium|one_to_one",0.428932214056804,1
36,"mobile|simple|medium|one_to_one",1,1
37,"mobile|simple|medium|one_to_one",0.905192209997952,1
38,"mobile|simple|medium|one_to_one",0.995697907180579,1
39,"mobile|simple|medium|one_to_one",1,1
41,"mobile|simple|medium|one_to_one",0.702261594170445,1
42,"mobile|simple|medium|one_to_one",1,1
43,"mobile|simple|medium|one_to_one",0.858881375440792,1
44,"mobile|simple|medium|one_to_one",1,1
45,"mobile|simple|medium|one_to_one",0.68209483583527,1
46,"mobile|simple|medium|one_to_one",1,1
47,"mobile|simple|medium|one_to_one",0.447473935130365,1
48,"mobile|simple|medium|one_to_one",0.125426586308499,1
49,"mobile|simple|medium|one_to_one",0.0493076797170128,1
50,"mobile|simple|medium|one_to_one",1,1
51,"mobile|simple|medium|one_to_one",0.461465625743117,1
52,"mobile|simple|medium|one_to_one",1,1
53,"mobile|simple|medium|one_to_one",0.953593796832314,1
54,"mobile|simple|medium|one_to_one",0.520297516374673,1
55,"mobile|simple|medium|one_to_one",0.58910817042635,1
56,"mobile|simple|medium|one_to_one",1,1
57,"mobile|simple|medium|one_to_one",1,1
58,"mobile|simple|medium|one_to_one",0.281176809276615,1
60,"mobile|simple|medium|one_to_one",0.300081949895529,1
61,"mobile|simple|medium|one_to_one",0.273911647077886,1
62,"mobile|simple|medium|one_to_one",1,1
63,"mobile|simple|medium|one_to_one",1,1
64,"mobile|simple|medium|one_to_one",0,1
65,"mobile|simple|medium|one_to_one",0.752670621332612,1
68,"mobile|simple|medium|one_to_one",1,1
69,"mobile|simple|medium|one_to_one",1,1
70,"mobile|simple|medium|one_to_one",0.547891340860913,1
71,"mobile|simple|medium|one_to_one",0.363058001489272,1
72,"mobile|simple|medium|one_to_one",1,1
73,"mobile|simple|medium|one_to_one",1,1
74,"mobile|simple|medium|one_to_one",0.810586030388503,1
75,"mobile|simple|medium|one_to_one",0.758990422220862,1
76,"mobile|simple|medium|one_to_one",0.00750013135092615,1
77,"mobile|simple|medium|one_to_one",0.837515242774656,1
78,"mobile|simple|medium|one_to_one",1,1
79,"mobile|simple|medium|one_to_one",0.29155823548863,1
80,"mobile|simple|medium|one_to_one",0.370512732649027,1
81,"mobile|simple|medium|one_to_one",1,1
82,"mobile|simple|medium|one_to_one",1,1
83,"mobile|simple|medium|one_to_one",0.952069598786345,1
84,"mobile|simple|medium|one_to_one",1,1
86,"mobile|simple|medium|one_to_one",0.926108108308983,1
87,"mobile|simple|medium|one_to_one",0.281586771033166,1
88,"mobile|simple|medium|one_to_one",0.50095818084447,1
90,"mobile|simple|medium|one_to_one",0.770694600009983,1
91,"mobile|simple|medium|one_to_one",0.483817310857836,1
92,"mobile|simple|medium|one_to_one",0.803997690024714,1
93,"mobile|simple|medium|one_to_one",0.131704121316953,1
94,"mobile|simple|medium|one_to_one",1,1
95,"mobile|simple|medium|one_to_one",0.86905374374352,1
96,"mobile|simple|medium|one_to_one",1,1
97,"mobile|simple|medium|one_to_one",0.72070906807011,1
98,"mobile|simple|medium|one_to_one",0.199697104472086,1
99,"mobile|simple|medium|one_to_one",1,1
100,"mobile|simple|medium|one_to_one",0.323316130723859,1
101,"mobile|simple|medium|one_to_one",1,1
103,"mobile|simple|medium|one_to_one",0.342920168964949,1
104,"mobile|simple|medium|one_to_one",0.181652881026375,1
105,"mobile|simple|medium|one_to_one",1,1
106,"mobile|simple|medium|one_to_one",0.247191922359591,1
107,"mobile|simple|medium|one_to_one",0.282229484319311,1
108,"mobile|simple|medium|one_to_one",0.224469068511555,1
109,"mobile|simple|medium|one_to_one",1,1
110,"mobile|simple|medium|one_to_one",0.652904089233417,1
111,"mobile|simple|medium|one_to_one",0.8765767664754,1
112,"mobile|simple|medium|one_to_one",1,1
113,"mobile|simple|medium|one_to_one",0.31648818209383,1
114,"mobile|simple|medium|one_to_one",1,1
115,"mobile|simple|medium|one_to_one",1,1
116,"mobile|simple|medium|one_to_one",0.338405594869465,1
117,"mobile|simple|medium|one_to_one",0.445749666858362,1
118,"mobile|simple|medium|one_to_one",0.507828314183795,1
119,"mobile|simple|medium|one_to_one",0.240433469075906,1
120,"mobile|simple|medium|one_to_one",0.0935712222818473,1
121,"mobile|simple|medium|one_to_one",0.952404960923887,1
122,"mobile|simple|medium|one_to_one",0.258762079506454,1
123,"mobile|simple|medium|one_to_one",1,1
124,"mobile|simple|medium|one_to_one",1,1
125,"mobile|simple|medium|one_to_one",0.429244728616666,1
126,"mobile|simple|medium|one_to_one",0.315564387867085,1
127,"mobile|simple|medium|one_to_one",1,1
128,"mobile|simple|medium|one_to_one",1,1
130,"mobile|simple|medium|one_to_one",0.401417177691324,1
131,"mobile|simple|medium|one_to_one",0.410601656713261,1
132,"mobile|simple|medium|one_to_one",0.488603718031919,1
133,"mobile|simple|medium|one_to_one",0.2458577144147,1
135,"mobile|simple|medium|one_to_one",0.472666499081573,1
136,"mobile|simple|medium|one_to_one",1,1
137,"mobile|simple|medium|one_to_one",0,1
138,"mobile|simple|medium|one_to_one",1,1
140,"mobile|simple|medium|one_to_one",0.337246946583725,1
141,"mobile|simple|medium|one_to_one",1,1
142,"mobile|simple|medium|one_to_one",1,1
143,"mobile|simple|medium|one_to_one",1,1
144,"mobile|simple|medium|one_to_one",0.240022808469249,1
145,"mobile|simple|medium|one_to_one",0.794319759306374,1
146,"mobile|simple|medium|one_to_one",1,1
147,"mobile|simple|medium|one_to_one",0.7453518273902,1
148,"mobile|simple|medium|one_to_one",0.212093788018637,1
149,"mobile|simple|medium|one_to_one",0.886436587450967,1
150,"mobile|simple|medium|one_to_one",1,1
151,"mobile|simple|medium|one_to_one",1,1
152,"mobile|simple|medium|one_to_one",0.787105011062901,1
153,"mobile|simple|medium|one_to_one",1,1
154,"mobile|simple|medium|one_to_one",1,1
155,"mobile|simple|medium|one_to_one",1,1
156,"mobile|simple|medium|one_to_one",0.857074507096133,1
157,"mobile|simple|medium|one_to_one",0.890688354633681,1
158,"mobile|simple|medium|one_to_one",1,1
159,"mobile|simple|medium|one_to_one",1,1
160,"mobile|simple|medium|one_to_one",1,1
162,"mobile|simple|medium|one_to_one",0.651460760138902,1
163,"mobile|simple|medium|one_to_one",0.0774646373011876,1
164,"mobile|simple|medium|one_to_one",0.804597621125614,1
165,"mobile|simple|medium|one_to_one",1,1
166,"mobile|simple|medium|one_to_one",0.779979626818351,1
167,"mobile|simple|medium|one_to_one",0.136172945185439,1
168,"mobile|simple|medium|one_to_one",0.419728034809133,1
169,"mobile|simple|medium|one_to_one",0.639299338651406,1
170,"mobile|simple|medium|one_to_one",0.79069060644797,1
171,"mobile|simple|medium|one_to_one",1,1
172,"mobile|simple|medium|one_to_one",0.715777058948334,1
173,"mobile|simple|medium|one_to_one",0.27402801765943,1
174,"mobile|simple|medium|one_to_one",0,1
175,"mobile|simple|medium|one_to_one",1,1
176,"mobile|simple|medium|one_to_one",0.277553421278584,1
177,"mobile|simple|medium|one_to_one",0.612951781636215,1
178,"mobile|simple|medium|one_to_one",0.137408445386509,1
179,"mobile|simple|medium|one_to_one",0.695441831515577,1
180,"mobile|simple|medium|one_to_one",0.786876867430353,1
181,"mobile|simple|medium|one_to_one",0.732315633084033,1
183,"mobile|simple|medium|one_to_one",0,1
184,"mobile|simple|medium|one_to_one",0.287258287895374,1
186,"mobile|simple|medium|one_to_one",0.0812843357141351,1
187,"mobile|simple|medium|one_to_one",1,1
188,"mobile|simple|medium|one_to_one",0.765398257268379,1
189,"mobile|simple|medium|one_to_one",0.378678262759417,1
190,"mobile|simple|medium|one_to_one",0,1
191,"mobile|simple|medium|one_to_one",1,1
192,"mobile|simple|medium|one_to_one",0.604326273994045,1
194,"mobile|simple|medium|one_to_one",0.459184524957851,1
195,"mobile|simple|medium|one_to_one",0.616433737203166,1
196,"mobile|simple|medium|one_to_one",1,1
197,"mobile|simple|medium|one_to_one",0.744313992396668,1
198,"mobile|simple|medium|one_to_one",1,1
199,"mobile|simple|medium|one_to_one",1,1
200,"mobile|simple|medium|one_to_one",0.286449986994134,1
201,"mobile|simple|medium|one_to_one",0.597929489188281,1
202,"mobile|simple|medium|one_to_one",1,1
203,"mobile|simple|medium|one_to_one",0.75436241067753,1
205,"mobile|simple|medium|one_to_one",0,1
206,"mobile|simple|medium|one_to_one",1,1
207,"mobile|simple|medium|one_to_one",1,1
208,"mobile|simple|medium|one_to_one",0.880572713699993,1
209,"mobile|simple|medium|one_to_one",1,1
210,"mobile|simple|medium|one_to_one",0.731903254880679,1
211,"mobile|simple|medium|one_to_one",0.404046522867415,1
212,"mobile|simple|medium|one_to_one",1,1
213,"mobile|simple|medium|one_to_one",1,1
214,"mobile|simple|medium|one_to_one",1,1
217,"mobile|simple|medium|one_to_one",0.620951964124634,1
219,"mobile|simple|medium|one_to_one",0.45427072892855,1
220,"mobile|simple|medium|one_to_one",1,1
221,"mobile|simple|medium|one_to_one",0,1
222,"mobile|simple|medium|one_to_one",1,1
223,"mobile|simple|medium|one_to_one",0.393861922372428,1
224,"mobile|simple|medium|one_to_one",0.167101633472569,1
225,"mobile|simple|medium|one_to_one",0.0526806593200387,1
226,"mobile|simple|medium|one_to_one",0.666541901427297,1
227,"mobile|simple|medium|one_to_one",0.890091801862412,1
228,"mobile|simple|medium|one_to_one",0.524165585148737,1
230,"mobile|simple|medium|one_to_one",0,1
231,"mobile|simple|medium|one_to_one",0.769561850482405,1
232,"mobile|simple|medium|one_to_one",0.440393768661357,1
233,"mobile|simple|medium|one_to_one",1,1
234,"mobile|simple|medium|one_to_one",0,1
235,"mobile|simple|medium|one_to_one",0.810205804509002,1
236,"mobile|simple|medium|one_to_one",1,1
237,"mobile|simple|medium|one_to_one",1,1
238,"mobile|simple|medium|one_to_one",1,1
239,"mobile|simple|medium|one_to_one",0.681981675529482,1
240,"mobile|simple|medium|one_to_one",1,1
241,"mobile|simple|medium|one_to_one",1,1
242,"mobile|simple|medium|one_to_one",0.194585441911192,1
243,"mobile|simple|medium|one_to_one",0.166931079345326,1
245,"mobile|simple|medium|one_to_one",1,1
246,"mobile|simple|medium|one_to_one",0.0913079899398662,1
247,"mobile|simple|medium|one_to_one",1,1
248,"mobile|simple|medium|one_to_one",0,1
249,"mobile|simple|medium|one_to_one",0.0634655394514282,1
250,"mobile|simple|medium|one_to_one",0.845911131731853,1
251,"mobile|simple|medium|one_to_one",0.651202148957265,1
252,"mobile|simple|medium|one_to_one",0.257273618110996,1
253,"mobile|simple|medium|one_to_one",1,1
254,"mobile|simple|medium|one_to_one",1,1
256,"mobile|simple|medium|one_to_one",1,1
258,"mobile|simple|medium|one_to_one",1,1
259,"mobile|simple|medium|one_to_one",0.706319229460828,1
260,"mobile|simple|medium|one_to_one",0,1
261,"mobile|simple|medium|one_to_one",0.761397469025739,1
263,"mobile|simple|medium|one_to_one",0.373542351959059,1
264,"mobile|simple|medium|one_to_one",0.0887722624507677,1
265,"mobile|simple|medium|one_to_one",0.740517897351065,1
266,"mobile|simple|medium|one_to_one",0.838891223267207,1
267,"mobile|simple|medium|one_to_one",1,1
268,"mobile|simple|medium|one_to_one",0.404644291311872,1
269,"mobile|simple|medium|one_to_one",1,1
270,"mobile|simple|medium|one_to_one",0.479748006117108,1
271,"mobile|simple|medium|one_to_one",1,1
272,"mobile|simple|medium|one_to_one",0.932700195106982,1
273,"mobile|simple|medium|one_to_one",0.357759911402136,1
274,"mobile|simple|medium|one_to_one",0.218436520124999,1
275,"mobile|simple|medium|one_to_one",0,1
276,"mobile|simple|medium|one_to_one",0,1
277,"mobile|simple|medium|one_to_one",0,1
279,"mobile|simple|medium|one_to_one",0.15104147588614,1
280,"mobile|simple|medium|one_to_one",0,1
281,"mobile|simple|medium|one_to_one",0.927918896363014,1
282,"mobile|simple|medium|one_to_one",0.929179018512518,1
283,"mobile|simple|medium|one_to_one",0.147307046800584,1
284,"mobile|simple|medium|one_to_one",0.95679442165241,1
285,"mobile|simple|medium|one_to_one",0,1
286,"mobile|simple|medium|one_to_one",0.126439179711458,1
287,"mobile|simple|medium|one_to_one",1,1
288,"mobile|simple|medium|one_to_one",0,1
289,"mobile|simple|medium|one_to_one",0,1
290,"mobile|simple|medium|one_to_one",0.520261115389216,1
291,"mobile|simple|medium|one_to_one",0.694177378629463,1
292,"mobile|simple|medium|one_to_one",0.276819758854021,1
293,"mobile|simple|medium|one_to_one",0.415115727029405,1
294,"mobile|simple|medium|one_to_one",0.789003581182961,1
295,"mobile|simple|medium|one_to_one",0.16534664895311,1
296,"mobile|simple|medium|one_to_one",0.216774256779464,1
297,"mobile|simple|medium|one_to_one",1,1
298,"mobile|simple|medium|one_to_one",0.783308261014463,1
299,"mobile|simple|medium|one_to_one",0.476723188762283,1
301,"mobile|simple|medium|one_to_one",1,1
302,"mobile|simple|medium|one_to_one",1,1
303,"mobile|simple|medium|one_to_one",0.353764675230738,1
304,"mobile|simple|medium|one_to_one",1,1
305,"mobile|simple|medium|one_to_one",1,1
306,"mobile|simple|medium|one_to_one",0.728667655526364,1
307,"mobile|simple|medium|one_to_one",1,1
308,"mobile|simple|medium|one_to_one",0.250510934716039,1
309,"mobile|simple|medium|one_to_one",1,1
310,"mobile|simple|medium|one_to_one",1,1
311,"mobile|simple|medium|one_to_one",0.591498873540471,1
312,"mobile|simple|medium|one_to_one",0.160940997395254,1
313,"mobile|simple|medium|one_to_one",1,1
314,"mobile|simple|medium|one_to_one",0.471640320064716,1
2,"mobile|two_factor|medium|one_to_one",0.430735544749362,1
3,"mobile|two_factor|medium|one_to_one",0.0215585085390822,1
4,"mobile|two_factor|medium|one_to_one",0.979998550330264,1
5,"mobile|two_factor|medium|one_to_one",1,1
6,"mobile|two_factor|medium|one_to_one",0.733602269446888,1
7,"mobile|two_factor|medium|one_to_one",1,1
8,"mobile|two_factor|medium|one_to_one",1,1
9,"mobile|two_factor|medium|one_to_one",1,1
10,"mobile|two_factor|medium|one_to_one",0.903960871268095,1
11,"mobile|two_factor|medium|one_to_one",1,1
13,"mobile|two_factor|medium|one_to_one",0.217718981236767,1
14,"mobile|two_factor|medium|one_to_one",0.984326886866137,1
15,"mobile|two_factor|medium|one_to_one",0.580235504050211,1
16,"mobile|two_factor|medium|one_to_one",1,1
17,"mobile|two_factor|medium|one_to_one",0.539231388456031,1
18,"mobile|two_factor|medium|one_to_one",0.893964419094812,1
19,"mobile|two_factor|medium|one_to_one",0.985935695618209,1
20,"mobile|two_factor|medium|one_to_one",0,1
21,"mobile|two_factor|medium|one_to_one",0.765707455148005,1
22,"mobile|two_factor|medium|one_to_one",0,1
23,"mobile|two_factor|medium|one_to_one",0,1
24,"mobile|two_factor|medium|one_to_one",0.998313570471509,1
26,"mobile|two_factor|medium|one_to_one",0.719533042667643,1
27,"mobile|two_factor|medium|one_to_one",0,1
28,"mobile|two_factor|medium|one_to_one",0,1
29,"mobile|two_factor|medium|one_to_one",1,1
31,"mobile|two_factor|medium|one_to_one",0.344521101668643,1
32,"mobile|two_factor|medium|one_to_one",1,1
33,"mobile|two_factor|medium|one_to_one",0.364944484030805,1
35,"mobile|two_factor|medium|one_to_one",0.227391119940547,1
36,"mobile|two_factor|medium|one_to_one",0.902638528250116,1
37,"mobile|two_factor|medium|one_to_one",0.94768742778804,1
38,"mobile|two_factor|medium|one_to_one",0.910490734520055,1
39,"mobile|two_factor|medium|one_to_one",1,1
41,"mobile|two_factor|medium|one_to_one",0.731083161588066,1
42,"mobile|two_factor|medium|one_to_one",0.953450654666416,1
43,"mobile|two_factor|medium|one_to_one",1,1
44,"mobile|two_factor|medium|one_to_one",0.637316778875314,1
45,"mobile|two_factor|medium|one_to_one",0.83264319553706,1
46,"mobile|two_factor|medium|one_to_one",0.636993321386657,1
47,"mobile|two_factor|medium|one_to_one",0.276145647531984,1
48,"mobile|two_factor|medium|one_to_one",0.116529449950504,1
49,"mobile|two_factor|medium|one_to_one",0.16325871393533,1
50,"mobile|two_factor|medium|one_to_one",0.939324392580372,1
51,"mobile|two_factor|medium|one_to_one",0.401319581866011,1
52,"mobile|two_factor|medium|one_to_one",1,1
53,"mobile|two_factor|medium|one_to_one",0.967696081970408,1
54,"mobile|two_factor|medium|one_to_one",0.257502864804292,1
55,"mobile|two_factor|medium|one_to_one",0.56579091705832,1
56,"mobile|two_factor|medium|one_to_one",0,1
57,"mobile|two_factor|medium|one_to_one",1,1
58,"mobile|two_factor|medium|one_to_one",0.283242925745997,1
60,"mobile|two_factor|medium|one_to_one",0.237896223057446,1
61,"mobile|two_factor|medium|one_to_one",0.27660486189165,1
62,"mobile|two_factor|medium|one_to_one",1,1
63,"mobile|two_factor|medium|one_to_one",0.916666860358669,1
64,"mobile|two_factor|medium|one_to_one",0,1
65,"mobile|two_factor|medium|one_to_one",0.615090853826511,1
68,"mobile|two_factor|medium|one_to_one",0.86808384668637,1
69,"mobile|two_factor|medium|one_to_one",1,1
70,"mobile|two_factor|medium|one_to_one",0.578094729325302,1
71,"mobile|two_factor|medium|one_to_one",0,1
72,"mobile|two_factor|medium|one_to_one",1,1
73,"mobile|two_factor|medium|one_to_one",0.70498008043856,1
74,"mobile|two_factor|medium|one_to_one",0.815002496794552,1
75,"mobile|two_factor|medium|one_to_one",0.808691829463149,1
76,"mobile|two_factor|medium|one_to_one",0,1
77,"mobile|two_factor|medium|one_to_one",0.597637270273508,1
78,"mobile|two_factor|medium|one_to_one",0.682732173179244,1
79,"mobile|two_factor|medium|one_to_one",0.248765630557897,1
80,"mobile|two_factor|medium|one_to_one",0.311813211251588,1
81,"mobile|two_factor|medium|one_to_one",1,1
82,"mobile|two_factor|medium|one_to_one",0.861007591066707,1
83,"mobile|two_factor|medium|one_to_one",1,1
84,"mobile|two_factor|medium|one_to_one",1,1
86,"mobile|two_factor|medium|one_to_one",0.838052706429999,1
87,"mobile|two_factor|medium|one_to_one",0.22624532884158,1
88,"mobile|two_factor|medium|one_to_one",0.438817074110932,1
90,"mobile|two_factor|medium|one_to_one",0.53610825570821,1
91,"mobile|two_factor|medium|one_to_one",0,1
92,"mobile|two_factor|medium|one_to_one",0.766326633481643,1
93,"mobile|two_factor|medium|one_to_one",0.0871981155084534,1
94,"mobile|two_factor|medium|one_to_one",0.324891840807408,1
95,"mobile|two_factor|medium|one_to_one",0.828023838891526,1
96,"mobile|two_factor|medium|one_to_one",0.738426925797107,1
97,"mobile|two_factor|medium|one_to_one",0.743394131422596,1
98,"mobile|two_factor|medium|one_to_one",0.222534449199186,1
99,"mobile|two_factor|medium|one_to_one",1,1
100,"mobile|two_factor|medium|one_to_one",0.463043228535184,1
101,"mobile|two_factor|medium|one_to_one",1,1
103,"mobile|two_factor|medium|one_to_one",0.0237332169858096,1
104,"mobile|two_factor|medium|one_to_one",0.00743787650255121,1
105,"mobile|two_factor|medium|one_to_one",1,1
106,"mobile|two_factor|medium|one_to_one",0,1
107,"mobile|two_factor|medium|one_to_one",0.462684140287573,1
108,"mobile|two_factor|medium|one_to_one",0.179481543549395,1
109,"mobile|two_factor|medium|one_to_one",1,1
110,"mobile|two_factor|medium|one_to_one",0.564823689707753,1
111,"mobile|two_factor|medium|one_to_one",0.889951032241016,1
112,"mobile|two_factor|medium|one_to_one",0.949702731885403,1
113,"mobile|two_factor|medium|one_to_one",0.154226441249997,1
114,"mobile|two_factor|medium|one_to_one",0.776770625645419,1
115,"mobile|two_factor|medium|one_to_one",0.93289157783757,1
116,"mobile|two_factor|medium|one_to_one",0.32495013955918,1
117,"mobile|two_factor|medium|one_to_one",0.325336209033955,1
118,"mobile|two_factor|medium|one_to_one",0.390993562330172,1
119,"mobile|two_factor|medium|one_to_one",0.280774837813114,1
120,"mobile|two_factor|medium|one_to_one",0,1
121,"mobile|two_factor|medium|one_to_one",0.90085831060925,1
122,"mobile|two_factor|medium|one_to_one",0.202926784811601,1
123,"mobile|two_factor|medium|one_to_one",1,1
124,"mobile|two_factor|medium|one_to_one",1,1
125,"mobile|two_factor|medium|one_to_one",0.218905553917119,1
126,"mobile|two_factor|medium|one_to_one",0.203729650552947,1
127,"mobile|two_factor|medium|one_to_one",1,1
128,"mobile|two_factor|medium|one_to_one",1,1
130,"mobile|two_factor|medium|one_to_one",0.176140385184328,1
131,"mobile|two_factor|medium|one_to_one",0.0669174502471975,1
132,"mobile|two_factor|medium|one_to_one",0.293591359477699,1
133,"mobile|two_factor|medium|one_to_one",0.177461840321953,1
135,"mobile|two_factor|medium|one_to_one",0.467652238907166,1
136,"mobile|two_factor|medium|one_to_one",0.783561274332091,1
137,"mobile|two_factor|medium|one_to_one",0,1
138,"mobile|two_factor|medium|one_to_one",1,1
140,"mobile|two_factor|medium|one_to_one",0.285834831589756,1
141,"mobile|two_factor|medium|one_to_one",1,1
142,"mobile|two_factor|medium|one_to_one",1,1
143,"mobile|two_factor|medium|one_to_one",1,1
144,"mobile|two_factor|medium|one_to_one",0.193527377324029,1
145,"mobile|two_factor|medium|one_to_one",0.705827246240995,1
146,"mobile|two_factor|medium|one_to_one",1,1
147,"mobile|two_factor|medium|one_to_one",0.621485177579881,1
148,"mobile|two_factor|medium|one_to_one",0.143368097785768,1
149,"mobile|two_factor|medium|one_to_one",0.518688791395332,1
150,"mobile|two_factor|medium|one_to_one",0.990961008846956,1
151,"mobile|two_factor|medium|one_to_one",0.908479351861972,1
152,"mobile|two_factor|medium|one_to_one",0.651748343006416,1
153,"mobile|two_factor|medium|one_to_one",1,1
154,"mobile|two_factor|medium|one_to_one",1,1
155,"mobile|two_factor|medium|one_to_one",1,1
156,"mobile|two_factor|medium|one_to_one",0.68321778825473,1
157,"mobile|two_factor|medium|one_to_one",0.798746456741377,1
158,"mobile|two_factor|medium|one_to_one",0.808975805630731,1
159,"mobile|two_factor|medium|one_to_one",1,1
160,"mobile|two_factor|medium|one_to_one",1,1
162,"mobile|two_factor|medium|one_to_one",0.600733113797702,1
163,"mobile|two_factor|medium|one_to_one",0.0726587098676695,1
164,"mobile|two_factor|medium|one_to_one",0.796887203376864,1
165,"mobile|two_factor|medium|one_to_one",1,1
166,"mobile|two_factor|medium|one_to_one",0.723142659311207,1
167,"mobile|two_factor|medium|one_to_one",0.0761688056106481,1
168,"mobile|two_factor|medium|one_to_one",0.350459138059262,1
169,"mobile|two_factor|medium|one_to_one",0.566475450284406,1
170,"mobile|two_factor|medium|one_to_one",0.759070171676624,1
171,"mobile|two_factor|medium|one_to_one",1,1
172,"mobile|two_factor|medium|one_to_one",0.709568137408264,1
173,"mobile|two_factor|medium|one_to_one",0.230763687579182,1
174,"mobile|two_factor|medium|one_to_one",0,1
175,"mobile|two_factor|medium|one_to_one",1,1
176,"mobile|two_factor|medium|one_to_one",0.192252659228532,1
177,"mobile|two_factor|medium|one_to_one",0.50431143142146,1
178,"mobile|two_factor|medium|one_to_one",1.11203453264254e-05,1
179,"mobile|two_factor|medium|one_to_one",0.825004816778397,1
180,"mobile|two_factor|medium|one_to_one",0.661266851445613,1
181,"mobile|two_factor|medium|one_to_one",0.608212969917727,1
183,"mobile|two_factor|medium|one_to_one",0,1
184,"mobile|two_factor|medium|one_to_one",0.0179194702162258,1
186,"mobile|two_factor|medium|one_to_one",0.0574475983782774,1
187,"mobile|two_factor|medium|one_to_one",0.852955205256809,1
188,"mobile|two_factor|medium|one_to_one",0.53615793602512,1
189,"mobile|two_factor|medium|one_to_one",0.23733702534648,1
190,"mobile|two_factor|medium|one_to_one",0,1
191,"mobile|two_factor|medium|one_to_one",1,1
192,"mobile|two_factor|medium|one_to_one",0.210572654698567,1
194,"mobile|two_factor|medium|one_to_one",0.381940730598271,1
195,"mobile|two_factor|medium|one_to_one",0.443698452716387,1
196,"mobile|two_factor|medium|one_to_one",0.824007617826745,1
197,"mobile|two_factor|medium|one_to_one",0.610280652418951,1
198,"mobile|two_factor|medium|one_to_one",1,1
199,"mobile|two_factor|medium|one_to_one",1,1
200,"mobile|two_factor|medium|one_to_one",0.240742665424903,1
201,"mobile|two_factor|medium|one_to_one",0.55184083784658,1
202,"mobile|two_factor|medium|one_to_one",1,1
203,"mobile|two_factor|medium|one_to_one",0.771625148810917,1
205,"mobile|two_factor|medium|one_to_one",0,1
206,"mobile|two_factor|medium|one_to_one",1,1
207,"mobile|two_factor|medium|one_to_one",1,1
208,"mobile|two_factor|medium|one_to_one",0.742405094141826,1
209,"mobile|two_factor|medium|one_to_one",1,1
210,"mobile|two_factor|medium|one_to_one",0.290237841292397,1
211,"mobile|two_factor|medium|one_to_one",0.142862664400312,1
212,"mobile|two_factor|medium|one_to_one",1,1
213,"mobile|two_factor|medium|one_to_one",0.938537768878514,1
214,"mobile|two_factor|medium|one_to_one",1,1
217,"mobile|two_factor|medium|one_to_one",0.616878567365815,1
219,"mobile|two_factor|medium|one_to_one",0.365802077172856,1
220,"mobile|two_factor|medium|one_to_one",1,1
221,"mobile|two_factor|medium|one_to_one",0,1
222,"mobile|two_factor|medium|one_to_one",1,1
223,"mobile|two_factor|medium|one_to_one",0.291664247460028,1
224,"mobile|two_factor|medium|one_to_one",0.377935212713833,1
225,"mobile|two_factor|medium|one_to_one",0,1
226,"mobile|two_factor|medium|one_to_one",0.45734446962492,1
227,"mobile|two_factor|medium|one_to_one",1,1
228,"mobile|two_factor|medium|one_to_one",0.555016889398521,1
230,"mobile|two_factor|medium|one_to_one",0,1
231,"mobile|two_factor|medium|one_to_one",0.684849884001791,1
232,"mobile|two_factor|medium|one_to_one",0.221788065739015,1
233,"mobile|two_factor|medium|one_to_one",0.610606941943327,1
234,"mobile|two_factor|medium|one_to_one",0,1
235,"mobile|two_factor|medium|one_to_one",0.157869845580376,1
236,"mobile|two_factor|medium|one_to_one",1,1
237,"mobile|two_factor|medium|one_to_one",1,1
238,"mobile|two_factor|medium|one_to_one",1,1
239,"mobile|two_factor|medium|one_to_one",0.583026034900166,1
240,"mobile|two_factor|medium|one_to_one",1,1
241,"mobile|two_factor|medium|one_to_one",1,1
242,"mobile|two_factor|medium|one_to_one",0.18596886343139,1
243,"mobile|two_factor|medium|one_to_one",0.151910606884889,1
245,"mobile|two_factor|medium|one_to_one",0.932193489072243,1
246,"mobile|two_factor|medium|one_to_one",0,1
247,"mobile|two_factor|medium|one_to_one",1,1
248,"mobile|two_factor|medium|one_to_one",0,1
249,"mobile|two_factor|medium|one_to_one",0.0743823943911866,1
250,"mobile|two_factor|medium|one_to_one",0.790698587245477,1
251,"mobile|two_factor|medium|one_to_one",0.641874987186736,1
252,"mobile|two_factor|medium|one_to_one",0,1
253,"mobile|two_factor|medium|one_to_one",1,1
254,"mobile|two_factor|medium|one_to_one",1,1
256,"mobile|two_factor|medium|one_to_one",1,1
258,"mobile|two_factor|medium|one_to_one",1,1
259,"mobile|two_factor|medium|one_to_one",0.670237890526001,1
260,"mobile|two_factor|medium|one_to_one",0,1
261,"mobile|two_factor|medium|one_to_one",0.459134126928538,1
263,"mobile|two_factor|medium|one_to_one",0,1
264,"mobile|two_factor|medium|one_to_one",0.107171448855517,1
265,"mobile|two_factor|medium|one_to_one",0.701892360842014,1
266,"mobile|two_factor|medium|one_to_one",0.807570984938664,1
267,"mobile|two_factor|medium|one_to_one",0.975564343890506,1
268,"mobile|two_factor|medium|one_to_one",0.277170311152155,1
269,"mobile|two_factor|medium|one_to_one",1,1
270,"mobile|two_factor|medium|one_to_one",0.378225366985227,1
271,"mobile|two_factor|medium|one_to_one",1,1
272,"mobile|two_factor|medium|one_to_one",0.851117253428225,1
273,"mobile|two_factor|medium|one_to_one",0,1
274,"mobile|two_factor|medium|one_to_one",0.217159865453089,1
275,"mobile|two_factor|medium|one_to_one",0,1
276,"mobile|two_factor|medium|one_to_one",0,1
277,"mobile|two_factor|medium|one_to_one",0,1
279,"mobile|two_factor|medium|one_to_one",0.161377837542782,1
280,"mobile|two_factor|medium|one_to_one",0,1
281,"mobile|two_factor|medium|one_to_one",0.671197163296698,1
282,"mobile|two_factor|medium|one_to_one",0.656078465233775,1
283,"mobile|two_factor|medium|one_to_one",0.205133481856357,1
284,"mobile|two_factor|medium|one_to_one",0.824469393235798,1
285,"mobile|two_factor|medium|one_to_one",0,1
286,"mobile|two_factor|medium|one_to_one",0.0758277248935069,1
287,"mobile|two_factor|medium|one_to_one",0.798943332593504,1
288,"mobile|two_factor|medium|one_to_one",0,1
289,"mobile|two_factor|medium|one_to_one",0,1
290,"mobile|two_factor|medium|one_to_one",0.468109012654464,1
291,"mobile|two_factor|medium|one_to_one",0.62766232066859,1
292,"mobile|two_factor|medium|one_to_one",0.2638105776085,1
293,"mobile|two_factor|medium|one_to_one",0.331843991541241,1
294,"mobile|two_factor|medium|one_to_one",0.710393462452249,1
295,"mobile|two_factor|medium|one_to_one",0,1
296,"mobile|two_factor|medium|one_to_one",0.177767859019897,1
297,"mobile|two_factor|medium|one_to_one",1,1
298,"mobile|two_factor|medium|one_to_one",0.754305245745129,1
299,"mobile|two_factor|medium|one_to_one",0.335218090389437,1
301,"mobile|two_factor|medium|one_to_one",1,1
302,"mobile|two_factor|medium|one_to_one",0.68942998227203,1
303,"mobile|two_factor|medium|one_to_one",0.211925551171674,1
304,"mobile|two_factor|medium|one_to_one",1,1
305,"mobile|two_factor|medium|one_to_one",0.949266921147021,1
306,"mobile|two_factor|medium|one_to_one",0.70261817041693,1
307,"mobile|two_factor|medium|one_to_one",1,1
308,"mobile|two_factor|medium|one_to_one",0,1
309,"mobile|two_factor|medium|one_to_one",1,1
310,"mobile|two_factor|medium|one_to_one",1,1
311,"mobile|two_factor|medium|one_to_one",0.467439605624929,1
312,"mobile|two_factor|medium|one_to_one",0,1
313,"mobile|two_factor|medium|one_to_one",1,1
314,"mobile|two_factor|medium|one_to_one",0.127281451395567,1
2,"mobile|multi_factor|medium|one_to_one",0.464523566102445,1
3,"mobile|multi_factor|medium|one_to_one",0,1
4,"mobile|multi_factor|medium|one_to_one",0.976491193405985,1
5,"mobile|multi_factor|medium|one_to_one",1,1
6,"mobile|multi_factor|medium|one_to_one",0.751500715182593,1
7,"mobile|multi_factor|medium|one_to_one",1,1
8,"mobile|multi_factor|medium|one_to_one",1,1
9,"mobile|multi_factor|medium|one_to_one",0.670300869143074,1
10,"mobile|multi_factor|medium|one_to_one",0.915963190264969,1
11,"mobile|multi_factor|medium|one_to_one",1,1
13,"mobile|multi_factor|medium|one_to_one",0.208228233039585,1
14,"mobile|multi_factor|medium|one_to_one",0.99129998575512,1
15,"mobile|multi_factor|medium|one_to_one",0.652344802399771,1
16,"mobile|multi_factor|medium|one_to_one",0.996632691528058,1
17,"mobile|multi_factor|medium|one_to_one",0.530585016424086,1
18,"mobile|multi_factor|medium|one_to_one",0.823159069053339,1
19,"mobile|multi_factor|medium|one_to_one",1,1
20,"mobile|multi_factor|medium|one_to_one",0,1
21,"mobile|multi_factor|medium|one_to_one",0.703745373117542,1
22,"mobile|multi_factor|medium|one_to_one",0,1
23,"mobile|multi_factor|medium|one_to_one",0.175379979112237,1
24,"mobile|multi_factor|medium|one_to_one",0.853906527964536,1
26,"mobile|multi_factor|medium|one_to_one",1,1
27,"mobile|multi_factor|medium|one_to_one",1,1
28,"mobile|multi_factor|medium|one_to_one",0,1
29,"mobile|multi_factor|medium|one_to_one",1,1
31,"mobile|multi_factor|medium|one_to_one",0.578171872972077,1
32,"mobile|multi_factor|medium|one_to_one",1,1
33,"mobile|multi_factor|medium|one_to_one",0.387578780147184,1
35,"mobile|multi_factor|medium|one_to_one",0.302225174850517,1
36,"mobile|multi_factor|medium|one_to_one",0.872792522434376,1
37,"mobile|multi_factor|medium|one_to_one",1,1
38,"mobile|multi_factor|medium|one_to_one",0.944355696463004,1
39,"mobile|multi_factor|medium|one_to_one",1,1
41,"mobile|multi_factor|medium|one_to_one",0.770109576201097,1
42,"mobile|multi_factor|medium|one_to_one",0.89573885752197,1
43,"mobile|multi_factor|medium|one_to_one",1,1
44,"mobile|multi_factor|medium|one_to_one",0.447047180421631,1
45,"mobile|multi_factor|medium|one_to_one",0.819916114352346,1
46,"mobile|multi_factor|medium|one_to_one",1,1
47,"mobile|multi_factor|medium|one_to_one",0.37681724304476,1
48,"mobile|multi_factor|medium|one_to_one",0.0462522225564698,1
49,"mobile|multi_factor|medium|one_to_one",0.262287443890969,1
50,"mobile|multi_factor|medium|one_to_one",0.944983189368044,1
51,"mobile|multi_factor|medium|one_to_one",0.397904651010796,1
52,"mobile|multi_factor|medium|one_to_one",1,1
53,"mobile|multi_factor|medium|one_to_one",1,1
54,"mobile|multi_factor|medium|one_to_one",0.154944529238929,1
55,"mobile|multi_factor|medium|one_to_one",0.5517694801677,1
56,"mobile|multi_factor|medium|one_to_one",0,1
57,"mobile|multi_factor|medium|one_to_one",1,1
58,"mobile|multi_factor|medium|one_to_one",0.321314196115032,1
60,"mobile|multi_factor|medium|one_to_one",0.214857629028195,1
61,"mobile|multi_factor|medium|one_to_one",0.339513395890343,1
62,"mobile|multi_factor|medium|one_to_one",1,1
63,"mobile|multi_factor|medium|one_to_one",0.86012956780144,1
64,"mobile|multi_factor|medium|one_to_one",0,1
65,"mobile|multi_factor|medium|one_to_one",0.55223205653056,1
68,"mobile|multi_factor|medium|one_to_one",0,1
69,"mobile|multi_factor|medium|one_to_one",1,1
70,"mobile|multi_factor|medium|one_to_one",0.933986352494172,1
71,"mobile|multi_factor|medium|one_to_one",0,1
72,"mobile|multi_factor|medium|one_to_one",1,1
73,"mobile|multi_factor|medium|one_to_one",0.965721917459309,1
74,"mobile|multi_factor|medium|one_to_one",0.989505337526989,1
75,"mobile|multi_factor|medium|one_to_one",0.990475698605441,1
76,"mobile|multi_factor|medium|one_to_one",0,1
77,"mobile|multi_factor|medium|one_to_one",0.532243912959978,1
78,"mobile|multi_factor|medium|one_to_one",0.576326002669765,1
79,"mobile|multi_factor|medium|one_to_one",0.222689457355674,1
80,"mobile|multi_factor|medium|one_to_one",0.31177675170907,1
81,"mobile|multi_factor|medium|one_to_one",1,1
82,"mobile|multi_factor|medium|one_to_one",0.845257211072457,1
83,"mobile|multi_factor|medium|one_to_one",0.81342439939703,1
84,"mobile|multi_factor|medium|one_to_one",1,1
86,"mobile|multi_factor|medium|one_to_one",0.865611840287647,1
87,"mobile|multi_factor|medium|one_to_one",0.163620832250264,1
88,"mobile|multi_factor|medium|one_to_one",0.446144209577547,1
90,"mobile|multi_factor|medium|one_to_one",0.607490621026326,1
91,"mobile|multi_factor|medium|one_to_one",0,1
92,"mobile|multi_factor|medium|one_to_one",0.808122376091832,1
93,"mobile|multi_factor|medium|one_to_one",0.227269020153744,1
94,"mobile|multi_factor|medium|one_to_one",0.438989990248225,1
95,"mobile|multi_factor|medium|one_to_one",0.813832964176565,1
96,"mobile|multi_factor|medium|one_to_one",0.84634642930199,1
97,"mobile|multi_factor|medium|one_to_one",0.869240672088319,1
98,"mobile|multi_factor|medium|one_to_one",0.228326498443149,1
99,"mobile|multi_factor|medium|one_to_one",1,1
100,"mobile|multi_factor|medium|one_to_one",0.682986266111079,1
101,"mobile|multi_factor|medium|one_to_one",0.955397074401394,1
103,"mobile|multi_factor|medium|one_to_one",0.143005955840756,1
104,"mobile|multi_factor|medium|one_to_one",0,1
105,"mobile|multi_factor|medium|one_to_one",1,1
106,"mobile|multi_factor|medium|one_to_one",0,1
107,"mobile|multi_factor|medium|one_to_one",0.99866121529779,1
108,"mobile|multi_factor|medium|one_to_one",0.231444352627934,1
109,"mobile|multi_factor|medium|one_to_one",1,1
110,"mobile|multi_factor|medium|one_to_one",0.605881011064276,1
111,"mobile|multi_factor|medium|one_to_one",0.810474247479471,1
112,"mobile|multi_factor|medium|one_to_one",0.891229863291345,1
113,"mobile|multi_factor|medium|one_to_one",0.0677652471694988,1
114,"mobile|multi_factor|medium|one_to_one",0.650048870026585,1
115,"mobile|multi_factor|medium|one_to_one",0.784343607333054,1
116,"mobile|multi_factor|medium|one_to_one",0.430142386581729,1
117,"mobile|multi_factor|medium|one_to_one",0.314625670785957,1
118,"mobile|multi_factor|medium|one_to_one",0.476075886739441,1
119,"mobile|multi_factor|medium|one_to_one",0.367534361396906,1
120,"mobile|multi_factor|medium|one_to_one",0,1
121,"mobile|multi_factor|medium|one_to_one",0.821815005542167,1
122,"mobile|multi_factor|medium|one_to_one",0.298587693315284,1
123,"mobile|multi_factor|medium|one_to_one",1,1
124,"mobile|multi_factor|medium|one_to_one",1,1
125,"mobile|multi_factor|medium|one_to_one",0.391755167267327,1
126,"mobile|multi_factor|medium|one_to_one",0.219127095560309,1
127,"mobile|multi_factor|medium|one_to_one",1,1
128,"mobile|multi_factor|medium|one_to_one",1,1
130,"mobile|multi_factor|medium|one_to_one",0.27807470155051,1
131,"mobile|multi_factor|medium|one_to_one",0.205813249487598,1
132,"mobile|multi_factor|medium|one_to_one",0.231086906115639,1
133,"mobile|multi_factor|medium|one_to_one",0.252961355052326,1
135,"mobile|multi_factor|medium|one_to_one",0.538108276621238,1
136,"mobile|multi_factor|medium|one_to_one",0.967680183000636,1
137,"mobile|multi_factor|medium|one_to_one",0,1
138,"mobile|multi_factor|medium|one_to_one",1,1
140,"mobile|multi_factor|medium|one_to_one",0.268884520669092,1
141,"mobile|multi_factor|medium|one_to_one",1,1
142,"mobile|multi_factor|medium|one_to_one",1,1
143,"mobile|multi_factor|medium|one_to_one",1,1
144,"mobile|multi_factor|medium|one_to_one",0.3423890062615,1
145,"mobile|multi_factor|medium|one_to_one",0.750293482479344,1
146,"mobile|multi_factor|medium|one_to_one",1,1
147,"mobile|multi_factor|medium|one_to_one",0.730619461511062,1
148,"mobile|multi_factor|medium|one_to_one",0.18958194564516,1
149,"mobile|multi_factor|medium|one_to_one",0.658905314169628,1
150,"mobile|multi_factor|medium|one_to_one",0.957827125126477,1
151,"mobile|multi_factor|medium|one_to_one",0.856991630666217,1
152,"mobile|multi_factor|medium|one_to_one",0.653518117912502,1
153,"mobile|multi_factor|medium|one_to_one",1,1
154,"mobile|multi_factor|medium|one_to_one",1,1
155,"mobile|multi_factor|medium|one_to_one",1,1
156,"mobile|multi_factor|medium|one_to_one",0.737355158407362,1
157,"mobile|multi_factor|medium|one_to_one",0.83290203459757,1
158,"mobile|multi_factor|medium|one_to_one",0.780453487727612,1
159,"mobile|multi_factor|medium|one_to_one",1,1
160,"mobile|multi_factor|medium|one_to_one",1,1
162,"mobile|multi_factor|medium|one_to_one",0.566331352170311,1
163,"mobile|multi_factor|medium|one_to_one",0.104739498922914,1
164,"mobile|multi_factor|medium|one_to_one",0.820230031417049,1
165,"mobile|multi_factor|medium|one_to_one",1,1
166,"mobile|multi_factor|medium|one_to_one",0.791315506416848,1
167,"mobile|multi_factor|medium|one_to_one",0.0712983590059208,1
168,"mobile|multi_factor|medium|one_to_one",0.374572257797377,1
169,"mobile|multi_factor|medium|one_to_one",0.612278692381031,1
170,"mobile|multi_factor|medium|one_to_one",0.76261622662411,1
171,"mobile|multi_factor|medium|one_to_one",1,1
172,"mobile|multi_factor|medium|one_to_one",0.921748422231905,1
173,"mobile|multi_factor|medium|one_to_one",0.192485402132597,1
174,"mobile|multi_factor|medium|one_to_one",0,1
175,"mobile|multi_factor|medium|one_to_one",1,1
176,"mobile|multi_factor|medium|one_to_one",0.324732068483063,1
177,"mobile|multi_factor|medium|one_to_one",0.463957636968989,1
178,"mobile|multi_factor|medium|one_to_one",0.0676106113044816,1
179,"mobile|multi_factor|medium|one_to_one",1,1
180,"mobile|multi_factor|medium|one_to_one",0.643016181339518,1
181,"mobile|multi_factor|medium|one_to_one",0.569881416009042,1
183,"mobile|multi_factor|medium|one_to_one",0,1
184,"mobile|multi_factor|medium|one_to_one",0.117426047628329,1
186,"mobile|multi_factor|medium|one_to_one",0.130572426028556,1
187,"mobile|multi_factor|medium|one_to_one",0.64448587998609,1
188,"mobile|multi_factor|medium|one_to_one",0.47249481718297,1
189,"mobile|multi_factor|medium|one_to_one",0.313321027230667,1
190,"mobile|multi_factor|medium|one_to_one",0,1
191,"mobile|multi_factor|medium|one_to_one",1,1
192,"mobile|multi_factor|medium|one_to_one",0.290657127691243,1
194,"mobile|multi_factor|medium|one_to_one",0.387701093717674,1
195,"mobile|multi_factor|medium|one_to_one",0.321066924146957,1
196,"mobile|multi_factor|medium|one_to_one",0.82362137942499,1
197,"mobile|multi_factor|medium|one_to_one",0.734794168515201,1
198,"mobile|multi_factor|medium|one_to_one",1,1
199,"mobile|multi_factor|medium|one_to_one",1,1
200,"mobile|multi_factor|medium|one_to_one",0.206142479331643,1
201,"mobile|multi_factor|medium|one_to_one",0.564446343659459,1
202,"mobile|multi_factor|medium|one_to_one",1,1
203,"mobile|multi_factor|medium|one_to_one",0.793344144836707,1
205,"mobile|multi_factor|medium|one_to_one",0,1
206,"mobile|multi_factor|medium|one_to_one",0.996718711721798,1
207,"mobile|multi_factor|medium|one_to_one",1,1
208,"mobile|multi_factor|medium|one_to_one",0.843938014504475,1
209,"mobile|multi_factor|medium|one_to_one",1,1
210,"mobile|multi_factor|medium|one_to_one",0.660592200058403,1
211,"mobile|multi_factor|medium|one_to_one",0.0754410024617644,1
212,"mobile|multi_factor|medium|one_to_one",1,1
213,"mobile|multi_factor|medium|one_to_one",0.911881678289074,1
214,"mobile|multi_factor|medium|one_to_one",0.996169038595756,1
217,"mobile|multi_factor|medium|one_to_one",0.62385188152576,1
219,"mobile|multi_factor|medium|one_to_one",0.350767780764156,1
220,"mobile|multi_factor|medium|one_to_one",1,1
221,"mobile|multi_factor|medium|one_to_one",0,1
222,"mobile|multi_factor|medium|one_to_one",0.954252715219718,1
223,"mobile|multi_factor|medium|one_to_one",0.239835559980446,1
224,"mobile|multi_factor|medium|one_to_one",0.635211791185255,1
225,"mobile|multi_factor|medium|one_to_one",0,1
226,"mobile|multi_factor|medium|one_to_one",1,1
227,"mobile|multi_factor|medium|one_to_one",1,1
228,"mobile|multi_factor|medium|one_to_one",0.57920531804196,1
230,"mobile|multi_factor|medium|one_to_one",0,1
231,"mobile|multi_factor|medium|one_to_one",0.665700815911692,1
232,"mobile|multi_factor|medium|one_to_one",0.134651057579437,1
233,"mobile|multi_factor|medium|one_to_one",0.599047289413821,1
234,"mobile|multi_factor|medium|one_to_one",0,1
235,"mobile|multi_factor|medium|one_to_one",0.131546970528772,1
236,"mobile|multi_factor|medium|one_to_one",1,1
237,"mobile|multi_factor|medium|one_to_one",1,1
238,"mobile|multi_factor|medium|one_to_one",1,1
239,"mobile|multi_factor|medium|one_to_one",0.612774218438155,1
240,"mobile|multi_factor|medium|one_to_one",1,1
241,"mobile|multi_factor|medium|one_to_one",1,1
242,"mobile|multi_factor|medium|one_to_one",0.155206123285042,1
243,"mobile|multi_factor|medium|one_to_one",0.135959307813141,1
245,"mobile|multi_factor|medium|one_to_one",0.905913846929035,1
246,"mobile|multi_factor|medium|one_to_one",0,1
247,"mobile|multi_factor|medium|one_to_one",1,1
248,"mobile|multi_factor|medium|one_to_one",0.147661404039045,1
249,"mobile|multi_factor|medium|one_to_one",0.0582375978234356,1
250,"mobile|multi_factor|medium|one_to_one",0.856944500101591,1
251,"mobile|multi_factor|medium|one_to_one",0.620161896002353,1
252,"mobile|multi_factor|medium|one_to_one",0,1
253,"mobile|multi_factor|medium|one_to_one",1,1
254,"mobile|multi_factor|medium|one_to_one",1,1
256,"mobile|multi_factor|medium|one_to_one",1,1
258,"mobile|multi_factor|medium|one_to_one",1,1
259,"mobile|multi_factor|medium|one_to_one",0.715563578432524,1
260,"mobile|multi_factor|medium|one_to_one",0.161488742329487,1
261,"mobile|multi_factor|medium|one_to_one",0.279356793457286,1
263,"mobile|multi_factor|medium|one_to_one",0,1
264,"mobile|multi_factor|medium|one_to_one",0.355032934963314,1
265,"mobile|multi_factor|medium|one_to_one",0.750433746773024,1
266,"mobile|multi_factor|medium|one_to_one",0.809138866089922,1
267,"mobile|multi_factor|medium|one_to_one",0.944998736999405,1
268,"mobile|multi_factor|medium|one_to_one",0.300586972039654,1
269,"mobile|multi_factor|medium|one_to_one",1,1
270,"mobile|multi_factor|medium|one_to_one",0.412087068511389,1
271,"mobile|multi_factor|medium|one_to_one",1,1
272,"mobile|multi_factor|medium|one_to_one",0.912156563238721,1
273,"mobile|multi_factor|medium|one_to_one",0,1
274,"mobile|multi_factor|medium|one_to_one",0.461362757133008,1
275,"mobile|multi_factor|medium|one_to_one",0,1
276,"mobile|multi_factor|medium|one_to_one",0,1
277,"mobile|multi_factor|medium|one_to_one",0.336114627505436,1
279,"mobile|multi_factor|medium|one_to_one",0.176572627760365,1
280,"mobile|multi_factor|medium|one_to_one",0,1
281,"mobile|multi_factor|medium|one_to_one",0.583723869580739,1
282,"mobile|multi_factor|medium|one_to_one",0.630054890303801,1
283,"mobile|multi_factor|medium|one_to_one",0.276633829717275,1
284,"mobile|multi_factor|medium|one_to_one",0.805793666297845,1
285,"mobile|multi_factor|medium|one_to_one",0,1
286,"mobile|multi_factor|medium|one_to_one",0.177861370803302,1
287,"mobile|multi_factor|medium|one_to_one",0.857032014408767,1
288,"mobile|multi_factor|medium|one_to_one",0.612503212121361,1
289,"mobile|multi_factor|medium|one_to_one",0,1
290,"mobile|multi_factor|medium|one_to_one",0.6005135567778,1
291,"mobile|multi_factor|medium|one_to_one",0.809333808115702,1
292,"mobile|multi_factor|medium|one_to_one",0.343263042348913,1
293,"mobile|multi_factor|medium|one_to_one",0.23853506170958,1
294,"mobile|multi_factor|medium|one_to_one",0.714587068307336,1
295,"mobile|multi_factor|medium|one_to_one",0,1
296,"mobile|multi_factor|medium|one_to_one",0.21179686716661,1
297,"mobile|multi_factor|medium|one_to_one",1,1
298,"mobile|multi_factor|medium|one_to_one",0.75684709055607,1
299,"mobile|multi_factor|medium|one_to_one",0.258795705926317,1
301,"mobile|multi_factor|medium|one_to_one",1,1
302,"mobile|multi_factor|medium|one_to_one",0.60488513287267,1
303,"mobile|multi_factor|medium|one_to_one",0.159646483069124,1
304,"mobile|multi_factor|medium|one_to_one",1,1
305,"mobile|multi_factor|medium|one_to_one",1,1
306,"mobile|multi_factor|medium|one_to_one",0.686604265748856,1
307,"mobile|multi_factor|medium|one_to_one",1,1
308,"mobile|multi_factor|medium|one_to_one",0,1
309,"mobile|multi_factor|medium|one_to_one",1,1
310,"mobile|multi_factor|medium|one_to_one",1,1
311,"mobile|multi_factor|medium|one_to_one",0.312190693190789,1
312,"mobile|multi_factor|medium|one_to_one",0,1
313,"mobile|multi_factor|medium|one_to_one",0.998283828359926,1
314,"mobile|multi_factor|medium|one_to_one",0.239969845680225,1
2,"web|multi_factor|medium|one_to_one",0.528286619901484,1
3,"web|multi_factor|medium|one_to_one",0.0687210835263497,1
4,"web|multi_factor|medium|one_to_one",0.556863759138118,1
5,"web|multi_factor|medium|one_to_one",1,1
6,"web|multi_factor|medium|one_to_one",0.706246830615166,1
7,"web|multi_factor|medium|one_to_one",0.75975288069247,1
8,"web|multi_factor|medium|one_to_one",1,1
9,"web|multi_factor|medium|one_to_one",0.506019696360814,1
10,"web|multi_factor|medium|one_to_one",1,1
11,"web|multi_factor|medium|one_to_one",0.696183065803502,1
13,"web|multi_factor|medium|one_to_one",0.193003508311413,1
14,"web|multi_factor|medium|one_to_one",1,1
15,"web|multi_factor|medium|one_to_one",0.696452185087751,1
16,"web|multi_factor|medium|one_to_one",0.867766477335884,1
17,"web|multi_factor|medium|one_to_one",0.469728638951779,1
18,"web|multi_factor|medium|one_to_one",0.824678203765598,1
19,"web|multi_factor|medium|one_to_one",1,1
20,"web|multi_factor|medium|one_to_one",0.165645876743222,1
21,"web|multi_factor|medium|one_to_one",0.782139310341355,1
22,"web|multi_factor|medium|one_to_one",0,1
23,"web|multi_factor|medium|one_to_one",0,1
24,"web|multi_factor|medium|one_to_one",0.849680729697262,1
26,"web|multi_factor|medium|one_to_one",1,1
27,"web|multi_factor|medium|one_to_one",1,1
28,"web|multi_factor|medium|one_to_one",0,1
29,"web|multi_factor|medium|one_to_one",1,1
31,"web|multi_factor|medium|one_to_one",0.612422933077078,1
32,"web|multi_factor|medium|one_to_one",1,1
33,"web|multi_factor|medium|one_to_one",0.300945811941425,1
35,"web|multi_factor|medium|one_to_one",0.907284659960653,1
36,"web|multi_factor|medium|one_to_one",0.666212982073277,1
37,"web|multi_factor|medium|one_to_one",1,1
38,"web|multi_factor|medium|one_to_one",0.736478979125949,1
39,"web|multi_factor|medium|one_to_one",1,1
41,"web|multi_factor|medium|one_to_one",0.846714816969252,1
42,"web|multi_factor|medium|one_to_one",0.849895777124817,1
43,"web|multi_factor|medium|one_to_one",1,1
44,"web|multi_factor|medium|one_to_one",0.242463540896167,1
45,"web|multi_factor|medium|one_to_one",0,1
46,"web|multi_factor|medium|one_to_one",0,1
47,"web|multi_factor|medium|one_to_one",0.30791525924682,1
48,"web|multi_factor|medium|one_to_one",0,1
49,"web|multi_factor|medium|one_to_one",0.316068351021919,1
50,"web|multi_factor|medium|one_to_one",1,1
51,"web|multi_factor|medium|one_to_one",0.608773551500525,1
52,"web|multi_factor|medium|one_to_one",0.846321230240668,1
53,"web|multi_factor|medium|one_to_one",0.936365475254921,1
54,"web|multi_factor|medium|one_to_one",0.565499637104702,1
55,"web|multi_factor|medium|one_to_one",0.431752959887271,1
56,"web|multi_factor|medium|one_to_one",0,1
57,"web|multi_factor|medium|one_to_one",1,1
58,"web|multi_factor|medium|one_to_one",0.291707076907912,1
60,"web|multi_factor|medium|one_to_one",0.245533824909665,1
61,"web|multi_factor|medium|one_to_one",0.290965480070201,1
62,"web|multi_factor|medium|one_to_one",1,1
63,"web|multi_factor|medium|one_to_one",0.692320532860196,1
64,"web|multi_factor|medium|one_to_one",0,1
65,"web|multi_factor|medium|one_to_one",1,1
68,"web|multi_factor|medium|one_to_one",0,1
69,"web|multi_factor|medium|one_to_one",1,1
70,"web|multi_factor|medium|one_to_one",0.838944147531215,1
71,"web|multi_factor|medium|one_to_one",0,1
72,"web|multi_factor|medium|one_to_one",1,1
73,"web|multi_factor|medium|one_to_one",0.601981105615814,1
74,"web|multi_factor|medium|one_to_one",1,1
75,"web|multi_factor|medium|one_to_one",0.87043789837099,1
76,"web|multi_factor|medium|one_to_one",0.259961850812355,1
77,"web|multi_factor|medium|one_to_one",0.401398827739965,1
78,"web|multi_factor|medium|one_to_one",0.408659525811275,1
79,"web|multi_factor|medium|one_to_one",1,1
80,"web|multi_factor|medium|one_to_one",0.16841938582446,1
81,"web|multi_factor|medium|one_to_one",0.592358540416692,1
82,"web|multi_factor|medium|one_to_one",0.73098127174416,1
83,"web|multi_factor|medium|one_to_one",0.241936221453303,1
84,"web|multi_factor|medium|one_to_one",1,1
86,"web|multi_factor|medium|one_to_one",0.743194023362923,1
87,"web|multi_factor|medium|one_to_one",0.532787966713102,1
88,"web|multi_factor|medium|one_to_one",0.463732847416713,1
90,"web|multi_factor|medium|one_to_one",0.75906945322273,1
91,"web|multi_factor|medium|one_to_one",0,1
92,"web|multi_factor|medium|one_to_one",0.765126022921022,1
93,"web|multi_factor|medium|one_to_one",1,1
94,"web|multi_factor|medium|one_to_one",1,1
95,"web|multi_factor|medium|one_to_one",0.790612436136855,1
96,"web|multi_factor|medium|one_to_one",0,1
97,"web|multi_factor|medium|one_to_one",0.589704674665096,1
98,"web|multi_factor|medium|one_to_one",0.310374502180011,1
99,"web|multi_factor|medium|one_to_one",1,1
100,"web|multi_factor|medium|one_to_one",0,1
101,"web|multi_factor|medium|one_to_one",1,1
103,"web|multi_factor|medium|one_to_one",1,1
104,"web|multi_factor|medium|one_to_one",0,1
105,"web|multi_factor|medium|one_to_one",0,1
106,"web|multi_factor|medium|one_to_one",0,1
107,"web|multi_factor|medium|one_to_one",1,1
108,"web|multi_factor|medium|one_to_one",0.105513187294359,1
109,"web|multi_factor|medium|one_to_one",1,1
110,"web|multi_factor|medium|one_to_one",0.482025829723609,1
111,"web|multi_factor|medium|one_to_one",0.813871473973617,1
112,"web|multi_factor|medium|one_to_one",1,1
113,"web|multi_factor|medium|one_to_one",0.00551305802661269,1
114,"web|multi_factor|medium|one_to_one",0.911850622756803,1
115,"web|multi_factor|medium|one_to_one",0.78964921987888,1
116,"web|multi_factor|medium|one_to_one",0.503557517964408,1
117,"web|multi_factor|medium|one_to_one",0.182905306223071,1
118,"web|multi_factor|medium|one_to_one",0.629030447997531,1
119,"web|multi_factor|medium|one_to_one",0.925256047736464,1
120,"web|multi_factor|medium|one_to_one",0.237702562602938,1
121,"web|multi_factor|medium|one_to_one",0.664542842570937,1
122,"web|multi_factor|medium|one_to_one",0.229095806179789,1
123,"web|multi_factor|medium|one_to_one",1,1
124,"web|multi_factor|medium|one_to_one",1,1
125,"web|multi_factor|medium|one_to_one",0,1
126,"web|multi_factor|medium|one_to_one",0.209614511457647,1
127,"web|multi_factor|medium|one_to_one",1,1
128,"web|multi_factor|medium|one_to_one",0.721615085210385,1
130,"web|multi_factor|medium|one_to_one",0,1
131,"web|multi_factor|medium|one_to_one",0.317119591936939,1
132,"web|multi_factor|medium|one_to_one",0.264599265800155,1
133,"web|multi_factor|medium|one_to_one",0.307671449014626,1
135,"web|multi_factor|medium|one_to_one",0.469820475366645,1
136,"web|multi_factor|medium|one_to_one",0.934940751906351,1
137,"web|multi_factor|medium|one_to_one",0,1
138,"web|multi_factor|medium|one_to_one",0.493943769281,1
140,"web|multi_factor|medium|one_to_one",0.483506529265797,1
141,"web|multi_factor|medium|one_to_one",0.729344074821765,1
142,"web|multi_factor|medium|one_to_one",1,1
143,"web|multi_factor|medium|one_to_one",1,1
144,"web|multi_factor|medium|one_to_one",0.447402308783629,1
145,"web|multi_factor|medium|one_to_one",0.82004087343633,1
146,"web|multi_factor|medium|one_to_one",1,1
147,"web|multi_factor|medium|one_to_one",0.869524463894561,1
148,"web|multi_factor|medium|one_to_one",0.193467217760936,1
149,"web|multi_factor|medium|one_to_one",1,1
150,"web|multi_factor|medium|one_to_one",0.774554658993588,1
151,"web|multi_factor|medium|one_to_one",0.800259366202694,1
152,"web|multi_factor|medium|one_to_one",0.855200629932645,1
153,"web|multi_factor|medium|one_to_one",0.775595890582035,1
154,"web|multi_factor|medium|one_to_one",1,1
155,"web|multi_factor|medium|one_to_one",1,1
156,"web|multi_factor|medium|one_to_one",0.670258336847633,1
157,"web|multi_factor|medium|one_to_one",0.723075254690998,1
158,"web|multi_factor|medium|one_to_one",1,1
159,"web|multi_factor|medium|one_to_one",1,1
160,"web|multi_factor|medium|one_to_one",0.760267695816075,1
162,"web|multi_factor|medium|one_to_one",1,1
163,"web|multi_factor|medium|one_to_one",0.231596562993914,1
164,"web|multi_factor|medium|one_to_one",0.897148246564986,1
165,"web|multi_factor|medium|one_to_one",1,1
166,"web|multi_factor|medium|one_to_one",0.61649949938094,1
167,"web|multi_factor|medium|one_to_one",0.968498547818994,1
168,"web|multi_factor|medium|one_to_one",0.645151117301575,1
169,"web|multi_factor|medium|one_to_one",1,1
170,"web|multi_factor|medium|one_to_one",1,1
171,"web|multi_factor|medium|one_to_one",1,1
172,"web|multi_factor|medium|one_to_one",0.478614232048759,1
173,"web|multi_factor|medium|one_to_one",0.192178705904222,1
174,"web|multi_factor|medium|one_to_one",0,1
175,"web|multi_factor|medium|one_to_one",0.745536461217306,1
176,"web|multi_factor|medium|one_to_one",0.262102492324792,1
177,"web|multi_factor|medium|one_to_one",0.393267426788892,1
178,"web|multi_factor|medium|one_to_one",0.305882172883219,1
179,"web|multi_factor|medium|one_to_one",1,1
180,"web|multi_factor|medium|one_to_one",0.683590911253062,1
181,"web|multi_factor|medium|one_to_one",0.520589424796512,1
183,"web|multi_factor|medium|one_to_one",0,1
184,"web|multi_factor|medium|one_to_one",0,1
186,"web|multi_factor|medium|one_to_one",0.187884702100685,1
187,"web|multi_factor|medium|one_to_one",0.605745568986479,1
188,"web|multi_factor|medium|one_to_one",0.708464696743361,1
189,"web|multi_factor|medium|one_to_one",1,1
190,"web|multi_factor|medium|one_to_one",0,1
191,"web|multi_factor|medium|one_to_one",0.799621364037972,1
192,"web|multi_factor|medium|one_to_one",0.373390700964588,1
194,"web|multi_factor|medium|one_to_one",0.149596600965948,1
195,"web|multi_factor|medium|one_to_one",0.618217091253827,1
196,"web|multi_factor|medium|one_to_one",0.697721114957315,1
197,"web|multi_factor|medium|one_to_one",0.831979302318069,1
198,"web|multi_factor|medium|one_to_one",0.642005169624532,1
199,"web|multi_factor|medium|one_to_one",1,1
200,"web|multi_factor|medium|one_to_one",0.0929749653059175,1
201,"web|multi_factor|medium|one_to_one",0.456616471263889,1
202,"web|multi_factor|medium|one_to_one",1,1
203,"web|multi_factor|medium|one_to_one",0.767301448035382,1
205,"web|multi_factor|medium|one_to_one",0,1
206,"web|multi_factor|medium|one_to_one",1,1
207,"web|multi_factor|medium|one_to_one",1,1
208,"web|multi_factor|medium|one_to_one",1,1
209,"web|multi_factor|medium|one_to_one",0.633592516025021,1
210,"web|multi_factor|medium|one_to_one",0.792983858769672,1
211,"web|multi_factor|medium|one_to_one",0,1
212,"web|multi_factor|medium|one_to_one",1,1
213,"web|multi_factor|medium|one_to_one",0.772607037266249,1
214,"web|multi_factor|medium|one_to_one",0.955653666484432,1
217,"web|multi_factor|medium|one_to_one",1,1
219,"web|multi_factor|medium|one_to_one",0.24657874007447,1
220,"web|multi_factor|medium|one_to_one",0.912958846301687,1
221,"web|multi_factor|medium|one_to_one",0.322824895540538,1
222,"web|multi_factor|medium|one_to_one",1,1
223,"web|multi_factor|medium|one_to_one",0.286741947500572,1
224,"web|multi_factor|medium|one_to_one",0.465740043659235,1
225,"web|multi_factor|medium|one_to_one",0.107633661906783,1
226,"web|multi_factor|medium|one_to_one",0.314622448422678,1
227,"web|multi_factor|medium|one_to_one",1,1
228,"web|multi_factor|medium|one_to_one",0.939482807288643,1
230,"web|multi_factor|medium|one_to_one",0.22271376762598,1
231,"web|multi_factor|medium|one_to_one",0.69663690698207,1
232,"web|multi_factor|medium|one_to_one",0.935189475367754,1
233,"web|multi_factor|medium|one_to_one",1,1
234,"web|multi_factor|medium|one_to_one",0.0961150632562829,1
235,"web|multi_factor|medium|one_to_one",0.116786858291212,1
236,"web|multi_factor|medium|one_to_one",0.964704868631531,1
237,"web|multi_factor|medium|one_to_one",0.305163487092252,1
238,"web|multi_factor|medium|one_to_one",1,1
239,"web|multi_factor|medium|one_to_one",0.59366421672704,1
240,"web|multi_factor|medium|one_to_one",0.974752239526928,1
241,"web|multi_factor|medium|one_to_one",0.416783885792445,1
242,"web|multi_factor|medium|one_to_one",0,1
243,"web|multi_factor|medium|one_to_one",0.200250314476239,1
245,"web|multi_factor|medium|one_to_one",0.992575138773079,1
246,"web|multi_factor|medium|one_to_one",0.0106820663177949,1
247,"web|multi_factor|medium|one_to_one",1,1
248,"web|multi_factor|medium|one_to_one",0.24448942775603,1
249,"web|multi_factor|medium|one_to_one",0.0843943339248627,1
250,"web|multi_factor|medium|one_to_one",0.866956811293515,1
251,"web|multi_factor|medium|one_to_one",0.841302603299244,1
252,"web|multi_factor|medium|one_to_one",0,1
253,"web|multi_factor|medium|one_to_one",1,1
254,"web|multi_factor|medium|one_to_one",0.882450471946015,1
256,"web|multi_factor|medium|one_to_one",0,1
258,"web|multi_factor|medium|one_to_one",1,1
259,"web|multi_factor|medium|one_to_one",0.715525329354364,1
260,"web|multi_factor|medium|one_to_one",0.115570514367854,1
261,"web|multi_factor|medium|one_to_one",0.55303258696738,1
263,"web|multi_factor|medium|one_to_one",0,1
264,"web|multi_factor|medium|one_to_one",0.291764002465003,1
265,"web|multi_factor|medium|one_to_one",0.944938664450149,1
266,"web|multi_factor|medium|one_to_one",1,1
267,"web|multi_factor|medium|one_to_one",0.922640180752196,1
268,"web|multi_factor|medium|one_to_one",0.161442974841922,1
269,"web|multi_factor|medium|one_to_one",0.822249442477956,1
270,"web|multi_factor|medium|one_to_one",0.43990342184137,1
271,"web|multi_factor|medium|one_to_one",1,1
272,"web|multi_factor|medium|one_to_one",1,1
273,"web|multi_factor|medium|one_to_one",0.0178304766460864,1
274,"web|multi_factor|medium|one_to_one",0,1
275,"web|multi_factor|medium|one_to_one",0,1
276,"web|multi_factor|medium|one_to_one",0,1
277,"web|multi_factor|medium|one_to_one",1,1
279,"web|multi_factor|medium|one_to_one",0.399797113977312,1
280,"web|multi_factor|medium|one_to_one",0,1
281,"web|multi_factor|medium|one_to_one",0.617035933984203,1
282,"web|multi_factor|medium|one_to_one",0.531438108324834,1
283,"web|multi_factor|medium|one_to_one",0,1
284,"web|multi_factor|medium|one_to_one",0.88732690574468,1
285,"web|multi_factor|medium|one_to_one",0,1
286,"web|multi_factor|medium|one_to_one",0.257316515942351,1
287,"web|multi_factor|medium|one_to_one",0.661182661908593,1
288,"web|multi_factor|medium|one_to_one",0.184831173865999,1
289,"web|multi_factor|medium|one_to_one",0,1
290,"web|multi_factor|medium|one_to_one",0.764972767179224,1
291,"web|multi_factor|medium|one_to_one",0.864591194809019,1
292,"web|multi_factor|medium|one_to_one",0.346269574935129,1
293,"web|multi_factor|medium|one_to_one",0.14479856773943,1
294,"web|multi_factor|medium|one_to_one",0.77582674497029,1
295,"web|multi_factor|medium|one_to_one",0,1
296,"web|multi_factor|medium|one_to_one",0.208410538134727,1
297,"web|multi_factor|medium|one_to_one",1,1
298,"web|multi_factor|medium|one_to_one",1,1
299,"web|multi_factor|medium|one_to_one",0,1
301,"web|multi_factor|medium|one_to_one",1,1
302,"web|multi_factor|medium|one_to_one",0.531194765849046,1
303,"web|multi_factor|medium|one_to_one",0.148859247217425,1
304,"web|multi_factor|medium|one_to_one",1,1
305,"web|multi_factor|medium|one_to_one",0.886222264864521,1
306,"web|multi_factor|medium|one_to_one",0.501860560350848,1
307,"web|multi_factor|medium|one_to_one",0.830348602624509,1
308,"web|multi_factor|medium|one_to_one",0.558036174502222,1
309,"web|multi_factor|medium|one_to_one",0.920381318028701,1
310,"web|multi_factor|medium|one_to_one",0.20690020590206,1
311,"web|multi_factor|medium|one_to_one",0.333870060354106,1
312,"web|multi_factor|medium|one_to_one",0,1
313,"web|multi_factor|medium|one_to_one",1,1
314,"web|multi_factor|medium|one_to_one",0.370672675749701,1
2,"web|simple|high|one_to_one",0.548921376015567,1
3,"web|simple|high|one_to_one",0.555505932348225,1
4,"web|simple|high|one_to_one",0.74316135827248,1
5,"web|simple|high|one_to_one",0.641150719474833,1
6,"web|simple|high|one_to_one",0.608865205373276,1
7,"web|simple|high|one_to_one",1,1
8,"web|simple|high|one_to_one",1,1
9,"web|simple|high|one_to_one",1,1
10,"web|simple|high|one_to_one",1,1
11,"web|simple|high|one_to_one",0.613261584827963,1
13,"web|simple|high|one_to_one",0.298793104654301,1
14,"web|simple|high|one_to_one",1,1
15,"web|simple|high|one_to_one",0.611752893684577,1
16,"web|simple|high|one_to_one",1,1
17,"web|simple|high|one_to_one",0.507154637678506,1
18,"web|simple|high|one_to_one",1,1
19,"web|simple|high|one_to_one",1,1
20,"web|simple|high|one_to_one",0.371462778068093,1
21,"web|simple|high|one_to_one",0.957746809496521,1
22,"web|simple|high|one_to_one",0.196279046858708,1
23,"web|simple|high|one_to_one",0,1
24,"web|simple|high|one_to_one",1,1
26,"web|simple|high|one_to_one",0.544612638432874,1
27,"web|simple|high|one_to_one",1,1
28,"web|simple|high|one_to_one",0,1
29,"web|simple|high|one_to_one",1,1
31,"web|simple|high|one_to_one",0.462387862372882,1
32,"web|simple|high|one_to_one",1,1
33,"web|simple|high|one_to_one",0.381652343486959,1
35,"web|simple|high|one_to_one",1,1
36,"web|simple|high|one_to_one",1,1
37,"web|simple|high|one_to_one",1,1
38,"web|simple|high|one_to_one",0.744195221575504,1
39,"web|simple|high|one_to_one",1,1
41,"web|simple|high|one_to_one",0.642836389835958,1
42,"web|simple|high|one_to_one",1,1
43,"web|simple|high|one_to_one",0.79068318818583,1
44,"web|simple|high|one_to_one",0.807096171955505,1
45,"web|simple|high|one_to_one",0.142484836353475,1
46,"web|simple|high|one_to_one",0,1
47,"web|simple|high|one_to_one",0.26686801616692,1
48,"web|simple|high|one_to_one",0,1
49,"web|simple|high|one_to_one",0.140772949323054,1
50,"web|simple|high|one_to_one",1,1
51,"web|simple|high|one_to_one",0.751611978177443,1
52,"web|simple|high|one_to_one",0.857556666243218,1
53,"web|simple|high|one_to_one",0.752799270604063,1
54,"web|simple|high|one_to_one",0.815840536813414,1
55,"web|simple|high|one_to_one",0.518643451355468,1
56,"web|simple|high|one_to_one",0,1
57,"web|simple|high|one_to_one",1,1
58,"web|simple|high|one_to_one",0.262297448201881,1
60,"web|simple|high|one_to_one",0.361412854791561,1
61,"web|simple|high|one_to_one",0.144282513789429,1
62,"web|simple|high|one_to_one",1,1
63,"web|simple|high|one_to_one",0.951181258763011,1
64,"web|simple|high|one_to_one",0,1
65,"web|simple|high|one_to_one",1,1
68,"web|simple|high|one_to_one",1,1
69,"web|simple|high|one_to_one",1,1
70,"web|simple|high|one_to_one",0.619396565619009,1
71,"web|simple|high|one_to_one",0.314500489574603,1
72,"web|simple|high|one_to_one",1,1
73,"web|simple|high|one_to_one",0.88092870216322,1
74,"web|simple|high|one_to_one",1,1
75,"web|simple|high|one_to_one",0.668404443592979,1
76,"web|simple|high|one_to_one",0.264124850886082,1
77,"web|simple|high|one_to_one",0.643527140965256,1
78,"web|simple|high|one_to_one",0.903160580903606,1
79,"web|simple|high|one_to_one",1,1
80,"web|simple|high|one_to_one",0.256974025803122,1
81,"web|simple|high|one_to_one",0.583274805633058,1
82,"web|simple|high|one_to_one",0.996128158035478,1
83,"web|simple|high|one_to_one",0,1
84,"web|simple|high|one_to_one",1,1
86,"web|simple|high|one_to_one",0.827110346310221,1
87,"web|simple|high|one_to_one",0.670149096184877,1
88,"web|simple|high|one_to_one",0.529581551329262,1
90,"web|simple|high|one_to_one",0.892840959400829,1
91,"web|simple|high|one_to_one",0.0572229102428044,1
92,"web|simple|high|one_to_one",0.57602863407001,1
93,"web|simple|high|one_to_one",0.92707136843277,1
94,"web|simple|high|one_to_one",1,1
95,"web|simple|high|one_to_one",0.793424431636019,1
96,"web|simple|high|one_to_one",0,1
97,"web|simple|high|one_to_one",0.433844150267275,1
98,"web|simple|high|one_to_one",0.335215269748903,1
99,"web|simple|high|one_to_one",1,1
100,"web|simple|high|one_to_one",0,1
101,"web|simple|high|one_to_one",1,1
103,"web|simple|high|one_to_one",1,1
104,"web|simple|high|one_to_one",0.112037679774687,1
105,"web|simple|high|one_to_one",0,1
106,"web|simple|high|one_to_one",0.433454380044038,1
107,"web|simple|high|one_to_one",0.843502889363604,1
108,"web|simple|high|one_to_one",0.186214314651625,1
109,"web|simple|high|one_to_one",1,1
110,"web|simple|high|one_to_one",0.532917102527734,1
111,"web|simple|high|one_to_one",0.858063046299178,1
112,"web|simple|high|one_to_one",1,1
113,"web|simple|high|one_to_one",0.336536136153101,1
114,"web|simple|high|one_to_one",1,1
115,"web|simple|high|one_to_one",1,1
116,"web|simple|high|one_to_one",0.402638448758283,1
117,"web|simple|high|one_to_one",0.270930420446657,1
118,"web|simple|high|one_to_one",0.677705602282671,1
119,"web|simple|high|one_to_one",0.928534598717428,1
120,"web|simple|high|one_to_one",0.546628929963461,1
121,"web|simple|high|one_to_one",0.745884916050969,1
122,"web|simple|high|one_to_one",0.199346374141092,1
123,"web|simple|high|one_to_one",1,1
124,"web|simple|high|one_to_one",0.951839283293526,1
125,"web|simple|high|one_to_one",0,1
126,"web|simple|high|one_to_one",0.281761035700496,1
127,"web|simple|high|one_to_one",1,1
128,"web|simple|high|one_to_one",0,1
130,"web|simple|high|one_to_one",0,1
131,"web|simple|high|one_to_one",0.380245586435024,1
132,"web|simple|high|one_to_one",0.545707404244955,1
133,"web|simple|high|one_to_one",0.346489472799207,1
135,"web|simple|high|one_to_one",0.452288592494792,1
136,"web|simple|high|one_to_one",1,1
137,"web|simple|high|one_to_one",0,1
138,"web|simple|high|one_to_one",0.911206486368286,1
140,"web|simple|high|one_to_one",0.560229856630996,1
141,"web|simple|high|one_to_one",0.701046801415874,1
142,"web|simple|high|one_to_one",1,1
143,"web|simple|high|one_to_one",1,1
144,"web|simple|high|one_to_one",0.350483997705259,1
145,"web|simple|high|one_to_one",0.89919702638169,1
146,"web|simple|high|one_to_one",1,1
147,"web|simple|high|one_to_one",0.915329653150108,1
148,"web|simple|high|one_to_one",0.272511815703357,1
149,"web|simple|high|one_to_one",1,1
150,"web|simple|high|one_to_one",0.962621472840926,1
151,"web|simple|high|one_to_one",0.961822521421616,1
152,"web|simple|high|one_to_one",1,1
153,"web|simple|high|one_to_one",0,1
154,"web|simple|high|one_to_one",1,1
155,"web|simple|high|one_to_one",1,1
156,"web|simple|high|one_to_one",0.724159936988972,1
157,"web|simple|high|one_to_one",0.775704743450308,1
158,"web|simple|high|one_to_one",1,1
159,"web|simple|high|one_to_one",1,1
160,"web|simple|high|one_to_one",0.640901563013414,1
162,"web|simple|high|one_to_one",1,1
163,"web|simple|high|one_to_one",0.25723801905302,1
164,"web|simple|high|one_to_one",0.86931987604888,1
165,"web|simple|high|one_to_one",1,1
166,"web|simple|high|one_to_one",0.588941582008743,1
167,"web|simple|high|one_to_one",1,1
168,"web|simple|high|one_to_one",0.756432832996955,1
169,"web|simple|high|one_to_one",1,1
170,"web|simple|high|one_to_one",1,1
171,"web|simple|high|one_to_one",1,1
172,"web|simple|high|one_to_one",0.294378626699544,1
173,"web|simple|high|one_to_one",0.288775815827517,1
174,"web|simple|high|one_to_one",0,1
175,"web|simple|high|one_to_one",0.96072363565915,1
176,"web|simple|high|one_to_one",0.209914652541734,1
177,"web|simple|high|one_to_one",0.551856651322162,1
178,"web|simple|high|one_to_one",0.353512099336591,1
179,"web|simple|high|one_to_one",0.66174627929933,1
180,"web|simple|high|one_to_one",0.807771285801981,1
181,"web|simple|high|one_to_one",0.690280592213403,1
183,"web|simple|high|one_to_one",0,1
184,"web|simple|high|one_to_one",0.0385372489778112,1
186,"web|simple|high|one_to_one",0.24086611372544,1
187,"web|simple|high|one_to_one",0.982690836121702,1
188,"web|simple|high|one_to_one",0.993903181943035,1
189,"web|simple|high|one_to_one",1,1
190,"web|simple|high|one_to_one",0,1
191,"web|simple|high|one_to_one",0.642986528603416,1
192,"web|simple|high|one_to_one",0.776744392762905,1
194,"web|simple|high|one_to_one",0.25388094990539,1
195,"web|simple|high|one_to_one",0.957134750845478,1
196,"web|simple|high|one_to_one",0.77587194609118,1
197,"web|simple|high|one_to_one",0.82557336604807,1
198,"web|simple|high|one_to_one",0.678168679158813,1
199,"web|simple|high|one_to_one",1,1
200,"web|simple|high|one_to_one",0.180309511471587,1
201,"web|simple|high|one_to_one",0.533574209170111,1
202,"web|simple|high|one_to_one",1,1
203,"web|simple|high|one_to_one",0.696955562390096,1
205,"web|simple|high|one_to_one",0,1
206,"web|simple|high|one_to_one",1,1
207,"web|simple|high|one_to_one",1,1
208,"web|simple|high|one_to_one",1,1
209,"web|simple|high|one_to_one",0.422829964704671,1
210,"web|simple|high|one_to_one",0.977424629866392,1
211,"web|simple|high|one_to_one",0.282121420761096,1
212,"web|simple|high|one_to_one",1,1
213,"web|simple|high|one_to_one",0.822538282525588,1
214,"web|simple|high|one_to_one",1,1
217,"web|simple|high|one_to_one",1,1
219,"web|simple|high|one_to_one",0.406744067839011,1
220,"web|simple|high|one_to_one",1,1
221,"web|simple|high|one_to_one",0.128930463931774,1
222,"web|simple|high|one_to_one",1,1
223,"web|simple|high|one_to_one",0.504471587571875,1
224,"web|simple|high|one_to_one",0.179758069670716,1
225,"web|simple|high|one_to_one",0.337357739590615,1
226,"web|simple|high|one_to_one",0,1
227,"web|simple|high|one_to_one",1,1
228,"web|simple|high|one_to_one",0.873508268139191,1
230,"web|simple|high|one_to_one",0.158544422159089,1
231,"web|simple|high|one_to_one",0.785476352004642,1
232,"web|simple|high|one_to_one",1,1
233,"web|simple|high|one_to_one",1,1
234,"web|simple|high|one_to_one",0.38478908132557,1
235,"web|simple|high|one_to_one",0.860552754417993,1
236,"web|simple|high|one_to_one",1,1
237,"web|simple|high|one_to_one",0.261448555075587,1
238,"web|simple|high|one_to_one",1,1
239,"web|simple|high|one_to_one",0.739267370420866,1
240,"web|simple|high|one_to_one",1,1
241,"web|simple|high|one_to_one",0.567222207754031,1
242,"web|simple|high|one_to_one",0.031709642686339,1
243,"web|simple|high|one_to_one",0.334626216476738,1
245,"web|simple|high|one_to_one",1,1
246,"web|simple|high|one_to_one",0.257932740823577,1
247,"web|simple|high|one_to_one",1,1
248,"web|simple|high|one_to_one",0,1
249,"web|simple|high|one_to_one",0.179773218181383,1
250,"web|simple|high|one_to_one",0.918261985719703,1
251,"web|simple|high|one_to_one",0.900115115898249,1
252,"web|simple|high|one_to_one",0,1
253,"web|simple|high|one_to_one",1,1
254,"web|simple|high|one_to_one",0,1
256,"web|simple|high|one_to_one",0,1
258,"web|simple|high|one_to_one",1,1
259,"web|simple|high|one_to_one",0.691826125542544,1
260,"web|simple|high|one_to_one",0,1
261,"web|simple|high|one_to_one",1,1
263,"web|simple|high|one_to_one",0.00942871560186825,1
264,"web|simple|high|one_to_one",0.156622179853044,1
265,"web|simple|high|one_to_one",0.954592258671512,1
266,"web|simple|high|one_to_one",1,1
267,"web|simple|high|one_to_one",1,1
268,"web|simple|high|one_to_one",0.284318866985923,1
269,"web|simple|high|one_to_one",0.907423297803729,1
270,"web|simple|high|one_to_one",0.538194427297326,1
271,"web|simple|high|one_to_one",1,1
272,"web|simple|high|one_to_one",1,1
273,"web|simple|high|one_to_one",0.708433015850747,1
274,"web|simple|high|one_to_one",0,1
275,"web|simple|high|one_to_one",0.325017388980806,1
276,"web|simple|high|one_to_one",0,1
277,"web|simple|high|one_to_one",0.890507851045146,1
279,"web|simple|high|one_to_one",0.372939818196839,1
280,"web|simple|high|one_to_one",0.177974390588762,1
281,"web|simple|high|one_to_one",0.864427901270037,1
282,"web|simple|high|one_to_one",0.854299944266124,1
283,"web|simple|high|one_to_one",0,1
284,"web|simple|high|one_to_one",1,1
285,"web|simple|high|one_to_one",0,1
286,"web|simple|high|one_to_one",0.188108110697659,1
287,"web|simple|high|one_to_one",0.910733299744826,1
288,"web|simple|high|one_to_one",0,1
289,"web|simple|high|one_to_one",0.0680045871827163,1
290,"web|simple|high|one_to_one",0.75728010741326,1
291,"web|simple|high|one_to_one",0.645802919624476,1
292,"web|simple|high|one_to_one",0.339187687004811,1
293,"web|simple|high|one_to_one",0.379891739924576,1
294,"web|simple|high|one_to_one",0.867790484752673,1
295,"web|simple|high|one_to_one",0.442599719037488,1
296,"web|simple|high|one_to_one",0.242866363537032,1
297,"web|simple|high|one_to_one",1,1
298,"web|simple|high|one_to_one",1,1
299,"web|simple|high|one_to_one",0,1
301,"web|simple|high|one_to_one",1,1
302,"web|simple|high|one_to_one",1,1
303,"web|simple|high|one_to_one",0.377869365491636,1
304,"web|simple|high|one_to_one",1,1
305,"web|simple|high|one_to_one",0.714807629961871,1
306,"web|simple|high|one_to_one",0.577898942732168,1
307,"web|simple|high|one_to_one",0.914281123910924,1
308,"web|simple|high|one_to_one",1,1
309,"web|simple|high|one_to_one",0.991815937684588,1
310,"web|simple|high|one_to_one",0.345792174663285,1
311,"web|simple|high|one_to_one",0.587776826561269,1
312,"web|simple|high|one_to_one",0.332902573617637,1
313,"web|simple|high|one_to_one",1,1
314,"web|simple|high|one_to_one",0.634784928231838,1
2,"mobile|two_factor|high|one_to_one",0.419595617811893,1
3,"mobile|two_factor|high|one_to_one",0.0295758259177659,1
4,"mobile|two_factor|high|one_to_one",0.971063072430073,1
5,"mobile|two_factor|high|one_to_one",1,1
6,"mobile|two_factor|high|one_to_one",0.715258483301573,1
7,"mobile|two_factor|high|one_to_one",1,1
8,"mobile|two_factor|high|one_to_one",1,1
9,"mobile|two_factor|high|one_to_one",1,1
10,"mobile|two_factor|high|one_to_one",0.876241001132346,1
11,"mobile|two_factor|high|one_to_one",1,1
13,"mobile|two_factor|high|one_to_one",0.225974756680948,1
14,"mobile|two_factor|high|one_to_one",1,1
15,"mobile|two_factor|high|one_to_one",0.593841446346665,1
16,"mobile|two_factor|high|one_to_one",1,1
17,"mobile|two_factor|high|one_to_one",0.533224700119028,1
18,"mobile|two_factor|high|one_to_one",0.862032093839869,1
19,"mobile|two_factor|high|one_to_one",1,1
20,"mobile|two_factor|high|one_to_one",0,1
21,"mobile|two_factor|high|one_to_one",0.71725886075578,1
22,"mobile|two_factor|high|one_to_one",0,1
23,"mobile|two_factor|high|one_to_one",0,1
24,"mobile|two_factor|high|one_to_one",0.878474697854709,1
26,"mobile|two_factor|high|one_to_one",0.822419360379231,1
27,"mobile|two_factor|high|one_to_one",0,1
28,"mobile|two_factor|high|one_to_one",0,1
29,"mobile|two_factor|high|one_to_one",1,1
31,"mobile|two_factor|high|one_to_one",0.315533064724387,1
32,"mobile|two_factor|high|one_to_one",1,1
33,"mobile|two_factor|high|one_to_one",0.368033219210165,1
35,"mobile|two_factor|high|one_to_one",0.28303778020722,1
36,"mobile|two_factor|high|one_to_one",0.805513102111653,1
37,"mobile|two_factor|high|one_to_one",1,1
38,"mobile|two_factor|high|one_to_one",0.866864766252035,1
39,"mobile|two_factor|high|one_to_one",1,1
41,"mobile|two_factor|high|one_to_one",0.595052716485424,1
42,"mobile|two_factor|high|one_to_one",0.890188238921024,1
43,"mobile|two_factor|high|one_to_one",1,1
44,"mobile|two_factor|high|one_to_one",0.630004225699237,1
45,"mobile|two_factor|high|one_to_one",1,1
46,"mobile|two_factor|high|one_to_one",0.555871518666858,1
47,"mobile|two_factor|high|one_to_one",0.164441712366479,1
48,"mobile|two_factor|high|one_to_one",0.0951448919934887,1
49,"mobile|two_factor|high|one_to_one",0.200943076410421,1
50,"mobile|two_factor|high|one_to_one",0.847216209267513,1
51,"mobile|two_factor|high|one_to_one",0.480597033810607,1
52,"mobile|two_factor|high|one_to_one",1,1
53,"mobile|two_factor|high|one_to_one",0.870833251852884,1
54,"mobile|two_factor|high|one_to_one",0.14249077737726,1
55,"mobile|two_factor|high|one_to_one",0.615342718267866,1
56,"mobile|two_factor|high|one_to_one",0,1
57,"mobile|two_factor|high|one_to_one",1,1
58,"mobile|two_factor|high|one_to_one",0.293970683878383,1
60,"mobile|two_factor|high|one_to_one",0.268550932072007,1
61,"mobile|two_factor|high|one_to_one",0.195523644423335,1
62,"mobile|two_factor|high|one_to_one",1,1
63,"mobile|two_factor|high|one_to_one",0.869405341101478,1
64,"mobile|two_factor|high|one_to_one",0,1
65,"mobile|two_factor|high|one_to_one",0.630721487414124,1
68,"mobile|two_factor|high|one_to_one",0.814617943121082,1
69,"mobile|two_factor|high|one_to_one",1,1
70,"mobile|two_factor|high|one_to_one",0.744642159046355,1
71,"mobile|two_factor|high|one_to_one",0,1
72,"mobile|two_factor|high|one_to_one",1,1
73,"mobile|two_factor|high|one_to_one",0.788741301385195,1
74,"mobile|two_factor|high|one_to_one",0.84353577864953,1
75,"mobile|two_factor|high|one_to_one",0.838143651069718,1
76,"mobile|two_factor|high|one_to_one",0,1
77,"mobile|two_factor|high|one_to_one",0.534494253684121,1
78,"mobile|two_factor|high|one_to_one",0.712965281565894,1
79,"mobile|two_factor|high|one_to_one",0.262542884273283,1
80,"mobile|two_factor|high|one_to_one",0.341631870290294,1
81,"mobile|two_factor|high|one_to_one",1,1
82,"mobile|two_factor|high|one_to_one",0.71548402708325,1
83,"mobile|two_factor|high|one_to_one",0.677540556573757,1
84,"mobile|two_factor|high|one_to_one",1,1
86,"mobile|two_factor|high|one_to_one",0.861472761355961,1
87,"mobile|two_factor|high|one_to_one",0.245640519530453,1
88,"mobile|two_factor|high|one_to_one",0.449851806756559,1
90,"mobile|two_factor|high|one_to_one",0.506675782902652,1
91,"mobile|two_factor|high|one_to_one",0,1
92,"mobile|two_factor|high|one_to_one",0.58135393069775,1
93,"mobile|two_factor|high|one_to_one",0.0813805192825078,1
94,"mobile|two_factor|high|one_to_one",0.358770458657526,1
95,"mobile|two_factor|high|one_to_one",0.775615054823734,1
96,"mobile|two_factor|high|one_to_one",0.583994318230769,1
97,"mobile|two_factor|high|one_to_one",0.736065211042983,1
98,"mobile|two_factor|high|one_to_one",0.276004610739141,1
99,"mobile|two_factor|high|one_to_one",1,1
100,"mobile|two_factor|high|one_to_one",0.605881453137387,1
101,"mobile|two_factor|high|one_to_one",0.985224377952226,1
103,"mobile|two_factor|high|one_to_one",0.0806137989361873,1
104,"mobile|two_factor|high|one_to_one",0,1
105,"mobile|two_factor|high|one_to_one",1,1
106,"mobile|two_factor|high|one_to_one",0,1
107,"mobile|two_factor|high|one_to_one",0.747752605016674,1
108,"mobile|two_factor|high|one_to_one",0.26715795502304,1
109,"mobile|two_factor|high|one_to_one",1,1
110,"mobile|two_factor|high|one_to_one",0.568691884342736,1
111,"mobile|two_factor|high|one_to_one",0.868040085570648,1
112,"mobile|two_factor|high|one_to_one",0.900216499936653,1
113,"mobile|two_factor|high|one_to_one",0.236526584452154,1
114,"mobile|two_factor|high|one_to_one",0.701994268132528,1
115,"mobile|two_factor|high|one_to_one",0.865400972060206,1
116,"mobile|two_factor|high|one_to_one",0.315767862065319,1
117,"mobile|two_factor|high|one_to_one",0.282237327185136,1
118,"mobile|two_factor|high|one_to_one",0.407916289170958,1
119,"mobile|two_factor|high|one_to_one",0.411154281115078,1
120,"mobile|two_factor|high|one_to_one",0.00944411009993061,1
121,"mobile|two_factor|high|one_to_one",0.851610428707562,1
122,"mobile|two_factor|high|one_to_one",0.213002966581735,1
123,"mobile|two_factor|high|one_to_one",1,1
124,"mobile|two_factor|high|one_to_one",1,1
125,"mobile|two_factor|high|one_to_one",0.294338869525571,1
126,"mobile|two_factor|high|one_to_one",0.17943888248902,1
127,"mobile|two_factor|high|one_to_one",1,1
128,"mobile|two_factor|high|one_to_one",1,1
130,"mobile|two_factor|high|one_to_one",0.244300039759092,1
131,"mobile|two_factor|high|one_to_one",0,1
132,"mobile|two_factor|high|one_to_one",0.317182686006219,1
133,"mobile|two_factor|high|one_to_one",0.223383504744159,1
135,"mobile|two_factor|high|one_to_one",0.515562133574979,1
136,"mobile|two_factor|high|one_to_one",0.805762749696775,1
137,"mobile|two_factor|high|one_to_one",0,1
138,"mobile|two_factor|high|one_to_one",1,1
140,"mobile|two_factor|high|one_to_one",0.294195733040322,1
141,"mobile|two_factor|high|one_to_one",1,1
142,"mobile|two_factor|high|one_to_one",1,1
143,"mobile|two_factor|high|one_to_one",1,1
144,"mobile|two_factor|high|one_to_one",0.19897526403791,1
145,"mobile|two_factor|high|one_to_one",0.740957122359325,1
146,"mobile|two_factor|high|one_to_one",1,1
147,"mobile|two_factor|high|one_to_one",0.65255800095629,1
148,"mobile|two_factor|high|one_to_one",0.199900853354713,1
149,"mobile|two_factor|high|one_to_one",0.48938238429357,1
150,"mobile|two_factor|high|one_to_one",0.988218358096205,1
151,"mobile|two_factor|high|one_to_one",0.874424203291734,1
152,"mobile|two_factor|high|one_to_one",0.685656288259385,1
153,"mobile|two_factor|high|one_to_one",1,1
154,"mobile|two_factor|high|one_to_one",1,1
155,"mobile|two_factor|high|one_to_one",1,1
156,"mobile|two_factor|high|one_to_one",0.617400039707298,1
157,"mobile|two_factor|high|one_to_one",0.793589625464576,1
158,"mobile|two_factor|high|one_to_one",0.811936425395336,1
159,"mobile|two_factor|high|one_to_one",1,1
160,"mobile|two_factor|high|one_to_one",0.932261364387805,1
162,"mobile|two_factor|high|one_to_one",0.633886205319429,1
163,"mobile|two_factor|high|one_to_one",0.125575027548502,1
164,"mobile|two_factor|high|one_to_one",0.784691243152194,1
165,"mobile|two_factor|high|one_to_one",1,1
166,"mobile|two_factor|high|one_to_one",0.706920621537509,1
167,"mobile|two_factor|high|one_to_one",0.108594968380503,1
168,"mobile|two_factor|high|one_to_one",0.416585076742886,1
169,"mobile|two_factor|high|one_to_one",0.588968302166805,1
170,"mobile|two_factor|high|one_to_one",0.766973567280506,1
171,"mobile|two_factor|high|one_to_one",1,1
172,"mobile|two_factor|high|one_to_one",0.73130389534262,1
173,"mobile|two_factor|high|one_to_one",0.245818181975643,1
174,"mobile|two_factor|high|one_to_one",0,1
175,"mobile|two_factor|high|one_to_one",0.765561834893074,1
176,"mobile|two_factor|high|one_to_one",0.187243466649953,1
177,"mobile|two_factor|high|one_to_one",0.513906511287504,1
178,"mobile|two_factor|high|one_to_one",0,1
179,"mobile|two_factor|high|one_to_one",0.900716269548633,1
180,"mobile|two_factor|high|one_to_one",0.641586539903697,1
181,"mobile|two_factor|high|one_to_one",0.615469920259627,1
183,"mobile|two_factor|high|one_to_one",0,1
184,"mobile|two_factor|high|one_to_one",0.0461971797064433,1
186,"mobile|two_factor|high|one_to_one",0.159717100317453,1
187,"mobile|two_factor|high|one_to_one",0.822165862922298,1
188,"mobile|two_factor|high|one_to_one",0.528692981139385,1
189,"mobile|two_factor|high|one_to_one",0.360360970366021,1
190,"mobile|two_factor|high|one_to_one",0,1
191,"mobile|two_factor|high|one_to_one",1,1
192,"mobile|two_factor|high|one_to_one",0.300257200194083,1
194,"mobile|two_factor|high|one_to_one",0.414741648297536,1
195,"mobile|two_factor|high|one_to_one",0.487249299251829,1
196,"mobile|two_factor|high|one_to_one",0.704274804857726,1
197,"mobile|two_factor|high|one_to_one",0.594354892267485,1
198,"mobile|two_factor|high|one_to_one",1,1
199,"mobile|two_factor|high|one_to_one",1,1
200,"mobile|two_factor|high|one_to_one",0.247769703928081,1
201,"mobile|two_factor|high|one_to_one",0.59531543022398,1
202,"mobile|two_factor|high|one_to_one",1,1
203,"mobile|two_factor|high|one_to_one",0.740260997324807,1
205,"mobile|two_factor|high|one_to_one",0,1
206,"mobile|two_factor|high|one_to_one",0.978103834475049,1
207,"mobile|two_factor|high|one_to_one",1,1
208,"mobile|two_factor|high|one_to_one",0.800318628627911,1
209,"mobile|two_factor|high|one_to_one",1,1
210,"mobile|two_factor|high|one_to_one",0.403367557566841,1
211,"mobile|two_factor|high|one_to_one",0.180319625549553,1
212,"mobile|two_factor|high|one_to_one",1,1
213,"mobile|two_factor|high|one_to_one",0.897822146219173,1
214,"mobile|two_factor|high|one_to_one",0.923589556945049,1
217,"mobile|two_factor|high|one_to_one",0.61990367162823,1
219,"mobile|two_factor|high|one_to_one",0.422464456773004,1
220,"mobile|two_factor|high|one_to_one",1,1
221,"mobile|two_factor|high|one_to_one",0,1
222,"mobile|two_factor|high|one_to_one",1,1
223,"mobile|two_factor|high|one_to_one",0.35536752513935,1
224,"mobile|two_factor|high|one_to_one",0.560063396438,1
225,"mobile|two_factor|high|one_to_one",0,1
226,"mobile|two_factor|high|one_to_one",0.116293386190958,1
227,"mobile|two_factor|high|one_to_one",1,1
228,"mobile|two_factor|high|one_to_one",0.544082083142292,1
230,"mobile|two_factor|high|one_to_one",0,1
231,"mobile|two_factor|high|one_to_one",0.66982829445365,1
232,"mobile|two_factor|high|one_to_one",0.319208980170356,1
233,"mobile|two_factor|high|one_to_one",0.696474759494586,1
234,"mobile|two_factor|high|one_to_one",0,1
235,"mobile|two_factor|high|one_to_one",0.222976907726927,1
236,"mobile|two_factor|high|one_to_one",1,1
237,"mobile|two_factor|high|one_to_one",1,1
238,"mobile|two_factor|high|one_to_one",1,1
239,"mobile|two_factor|high|one_to_one",0.659421731502665,1
240,"mobile|two_factor|high|one_to_one",1,1
241,"mobile|two_factor|high|one_to_one",1,1
242,"mobile|two_factor|high|one_to_one",0.220836048939431,1
243,"mobile|two_factor|high|one_to_one",0.255314737353204,1
245,"mobile|two_factor|high|one_to_one",0.87069894550085,1
246,"mobile|two_factor|high|one_to_one",0,1
247,"mobile|two_factor|high|one_to_one",1,1
248,"mobile|two_factor|high|one_to_one",0,1
249,"mobile|two_factor|high|one_to_one",0.164533337019714,1
250,"mobile|two_factor|high|one_to_one",0.853037130041403,1
251,"mobile|two_factor|high|one_to_one",0.669647246830829,1
252,"mobile|two_factor|high|one_to_one",0,1
253,"mobile|two_factor|high|one_to_one",1,1
254,"mobile|two_factor|high|one_to_one",1,1
256,"mobile|two_factor|high|one_to_one",1,1
258,"mobile|two_factor|high|one_to_one",1,1
259,"mobile|two_factor|high|one_to_one",0.655783035685877,1
260,"mobile|two_factor|high|one_to_one",0,1
261,"mobile|two_factor|high|one_to_one",0.491955468863583,1
263,"mobile|two_factor|high|one_to_one",0,1
264,"mobile|two_factor|high|one_to_one",0.238290298756104,1
265,"mobile|two_factor|high|one_to_one",0.721461804485336,1
266,"mobile|two_factor|high|one_to_one",0.793893024646501,1
267,"mobile|two_factor|high|one_to_one",0.953339855948334,1
268,"mobile|two_factor|high|one_to_one",0.295988884023939,1
269,"mobile|two_factor|high|one_to_one",1,1
270,"mobile|two_factor|high|one_to_one",0.408855434835464,1
271,"mobile|two_factor|high|one_to_one",1,1
272,"mobile|two_factor|high|one_to_one",0.838833866537067,1
273,"mobile|two_factor|high|one_to_one",0,1
274,"mobile|two_factor|high|one_to_one",0.156608553542439,1
275,"mobile|two_factor|high|one_to_one",0,1
276,"mobile|two_factor|high|one_to_one",0,1
277,"mobile|two_factor|high|one_to_one",0.0427678896251772,1
279,"mobile|two_factor|high|one_to_one",0.160051693636534,1
280,"mobile|two_factor|high|one_to_one",0,1
281,"mobile|two_factor|high|one_to_one",0.574394103800257,1
282,"mobile|two_factor|high|one_to_one",0.679816172966347,1
283,"mobile|two_factor|high|one_to_one",0.289325582985214,1
284,"mobile|two_factor|high|one_to_one",0.873458625235915,1
285,"mobile|two_factor|high|one_to_one",0,1
286,"mobile|two_factor|high|one_to_one",0.0580415107406589,1
287,"mobile|two_factor|high|one_to_one",0.748870483983722,1
288,"mobile|two_factor|high|one_to_one",0,1
289,"mobile|two_factor|high|one_to_one",0,1
290,"mobile|two_factor|high|one_to_one",0.540668794277082,1
291,"mobile|two_factor|high|one_to_one",0.524030474970286,1
292,"mobile|two_factor|high|one_to_one",0.323171973173074,1
293,"mobile|two_factor|high|one_to_one",0.390356498406562,1
294,"mobile|two_factor|high|one_to_one",0.727940689359008,1
295,"mobile|two_factor|high|one_to_one",0,1
296,"mobile|two_factor|high|one_to_one",0.207246294809349,1
297,"mobile|two_factor|high|one_to_one",1,1
298,"mobile|two_factor|high|one_to_one",0.657755073977556,1
299,"mobile|two_factor|high|one_to_one",0.305298227611075,1
301,"mobile|two_factor|high|one_to_one",1,1
302,"mobile|two_factor|high|one_to_one",0.774639054910549,1
303,"mobile|two_factor|high|one_to_one",0.246817477284271,1
304,"mobile|two_factor|high|one_to_one",1,1
305,"mobile|two_factor|high|one_to_one",1,1
306,"mobile|two_factor|high|one_to_one",0.736593163020742,1
307,"mobile|two_factor|high|one_to_one",1,1
308,"mobile|two_factor|high|one_to_one",0.0650508241314972,1
309,"mobile|two_factor|high|one_to_one",1,1
310,"mobile|two_factor|high|one_to_one",1,1
311,"mobile|two_factor|high|one_to_one",0.44203819148241,1
312,"mobile|two_factor|high|one_to_one",0,1
313,"mobile|two_factor|high|one_to_one",0.99077119977944,1
314,"mobile|two_factor|high|one_to_one",0.159723229493212,1
2,"mobile|multi_factor|high|one_to_one",0.453383639164976,1
3,"mobile|multi_factor|high|one_to_one",0,1
4,"mobile|multi_factor|high|one_to_one",0.967555715505794,1
5,"mobile|multi_factor|high|one_to_one",1,1
6,"mobile|multi_factor|high|one_to_one",0.733156929037278,1
7,"mobile|multi_factor|high|one_to_one",1,1
8,"mobile|multi_factor|high|one_to_one",1,1
9,"mobile|multi_factor|high|one_to_one",0.771642554552587,1
10,"mobile|multi_factor|high|one_to_one",0.888243320129221,1
11,"mobile|multi_factor|high|one_to_one",1,1
13,"mobile|multi_factor|high|one_to_one",0.216484008483766,1
14,"mobile|multi_factor|high|one_to_one",1,1
15,"mobile|multi_factor|high|one_to_one",0.665950744696226,1
16,"mobile|multi_factor|high|one_to_one",0.941478894927925,1
17,"mobile|multi_factor|high|one_to_one",0.524578328087083,1
18,"mobile|multi_factor|high|one_to_one",0.791226743798395,1
19,"mobile|multi_factor|high|one_to_one",1,1
20,"mobile|multi_factor|high|one_to_one",0,1
21,"mobile|multi_factor|high|one_to_one",0.655296778725317,1
22,"mobile|multi_factor|high|one_to_one",0,1
23,"mobile|multi_factor|high|one_to_one",0.299360196190395,1
24,"mobile|multi_factor|high|one_to_one",0.734067655347736,1
26,"mobile|multi_factor|high|one_to_one",1,1
27,"mobile|multi_factor|high|one_to_one",1,1
28,"mobile|multi_factor|high|one_to_one",0,1
29,"mobile|multi_factor|high|one_to_one",1,1
31,"mobile|multi_factor|high|one_to_one",0.549183836027821,1
32,"mobile|multi_factor|high|one_to_one",1,1
33,"mobile|multi_factor|high|one_to_one",0.390667515326544,1
35,"mobile|multi_factor|high|one_to_one",0.35787183511719,1
36,"mobile|multi_factor|high|one_to_one",0.775667096295913,1
37,"mobile|multi_factor|high|one_to_one",1,1
38,"mobile|multi_factor|high|one_to_one",0.900729728194984,1
39,"mobile|multi_factor|high|one_to_one",1,1
41,"mobile|multi_factor|high|one_to_one",0.634079131098455,1
42,"mobile|multi_factor|high|one_to_one",0.832476441776578,1
43,"mobile|multi_factor|high|one_to_one",1,1
44,"mobile|multi_factor|high|one_to_one",0.439734627245555,1
45,"mobile|multi_factor|high|one_to_one",1,1
46,"mobile|multi_factor|high|one_to_one",1,1
47,"mobile|multi_factor|high|one_to_one",0.265113307879254,1
48,"mobile|multi_factor|high|one_to_one",0.024867664599455,1
49,"mobile|multi_factor|high|one_to_one",0.299971806366059,1
50,"mobile|multi_factor|high|one_to_one",0.852875006055185,1
51,"mobile|multi_factor|high|one_to_one",0.477182102955393,1
52,"mobile|multi_factor|high|one_to_one",1,1
53,"mobile|multi_factor|high|one_to_one",0.943434341248124,1
54,"mobile|multi_factor|high|one_to_one",0.0399324418118962,1
55,"mobile|multi_factor|high|one_to_one",0.601321281377246,1
56,"mobile|multi_factor|high|one_to_one",0,1
57,"mobile|multi_factor|high|one_to_one",1,1
58,"mobile|multi_factor|high|one_to_one",0.332041954247417,1
60,"mobile|multi_factor|high|one_to_one",0.245512338042756,1
61,"mobile|multi_factor|high|one_to_one",0.258432178422028,1
62,"mobile|multi_factor|high|one_to_one",1,1
63,"mobile|multi_factor|high|one_to_one",0.812868048544249,1
64,"mobile|multi_factor|high|one_to_one",0,1
65,"mobile|multi_factor|high|one_to_one",0.567862690118173,1
68,"mobile|multi_factor|high|one_to_one",0,1
69,"mobile|multi_factor|high|one_to_one",1,1
70,"mobile|multi_factor|high|one_to_one",1,1
71,"mobile|multi_factor|high|one_to_one",0,1
72,"mobile|multi_factor|high|one_to_one",1,1
73,"mobile|multi_factor|high|one_to_one",1,1
74,"mobile|multi_factor|high|one_to_one",1,1
75,"mobile|multi_factor|high|one_to_one",1,1
76,"mobile|multi_factor|high|one_to_one",0,1
77,"mobile|multi_factor|high|one_to_one",0.469100896370591,1
78,"mobile|multi_factor|high|one_to_one",0.606559111056415,1
79,"mobile|multi_factor|high|one_to_one",0.23646671107106,1
80,"mobile|multi_factor|high|one_to_one",0.341595410747776,1
81,"mobile|multi_factor|high|one_to_one",1,1
82,"mobile|multi_factor|high|one_to_one",0.699733647088999,1
83,"mobile|multi_factor|high|one_to_one",0.421225980793101,1
84,"mobile|multi_factor|high|one_to_one",1,1
86,"mobile|multi_factor|high|one_to_one",0.889031895213609,1
87,"mobile|multi_factor|high|one_to_one",0.183016022939138,1
88,"mobile|multi_factor|high|one_to_one",0.457178942223174,1
90,"mobile|multi_factor|high|one_to_one",0.578058148220767,1
91,"mobile|multi_factor|high|one_to_one",0,1
92,"mobile|multi_factor|high|one_to_one",0.623149673307939,1
93,"mobile|multi_factor|high|one_to_one",0.221451423927799,1
94,"mobile|multi_factor|high|one_to_one",0.472868608098343,1
95,"mobile|multi_factor|high|one_to_one",0.761424180108772,1
96,"mobile|multi_factor|high|one_to_one",0.691913821735652,1
97,"mobile|multi_factor|high|one_to_one",0.861911751708706,1
98,"mobile|multi_factor|high|one_to_one",0.281796659983104,1
99,"mobile|multi_factor|high|one_to_one",1,1
100,"mobile|multi_factor|high|one_to_one",0.825824490713281,1
101,"mobile|multi_factor|high|one_to_one",0.883064723459633,1
103,"mobile|multi_factor|high|one_to_one",0.199886537791133,1
104,"mobile|multi_factor|high|one_to_one",0,1
105,"mobile|multi_factor|high|one_to_one",1,1
106,"mobile|multi_factor|high|one_to_one",0,1
107,"mobile|multi_factor|high|one_to_one",1,1
108,"mobile|multi_factor|high|one_to_one",0.319120764101578,1
109,"mobile|multi_factor|high|one_to_one",1,1
110,"mobile|multi_factor|high|one_to_one",0.60974920569926,1
111,"mobile|multi_factor|high|one_to_one",0.788563300809103,1
112,"mobile|multi_factor|high|one_to_one",0.841743631342594,1
113,"mobile|multi_factor|high|one_to_one",0.150065390371656,1
114,"mobile|multi_factor|high|one_to_one",0.575272512513694,1
115,"mobile|multi_factor|high|one_to_one",0.716853001555691,1
116,"mobile|multi_factor|high|one_to_one",0.420960109087868,1
117,"mobile|multi_factor|high|one_to_one",0.271526788937138,1
118,"mobile|multi_factor|high|one_to_one",0.492998613580228,1
119,"mobile|multi_factor|high|one_to_one",0.49791380469887,1
120,"mobile|multi_factor|high|one_to_one",0.0481347541617162,1
121,"mobile|multi_factor|high|one_to_one",0.772567123640479,1
122,"mobile|multi_factor|high|one_to_one",0.308663875085418,1
123,"mobile|multi_factor|high|one_to_one",1,1
124,"mobile|multi_factor|high|one_to_one",1,1
125,"mobile|multi_factor|high|one_to_one",0.46718848287578,1
126,"mobile|multi_factor|high|one_to_one",0.194836327496382,1
127,"mobile|multi_factor|high|one_to_one",1,1
128,"mobile|multi_factor|high|one_to_one",1,1
130,"mobile|multi_factor|high|one_to_one",0.346234356125273,1
131,"mobile|multi_factor|high|one_to_one",0.0641508367600202,1
132,"mobile|multi_factor|high|one_to_one",0.254678232644159,1
133,"mobile|multi_factor|high|one_to_one",0.298883019474532,1
135,"mobile|multi_factor|high|one_to_one",0.58601817128905,1
136,"mobile|multi_factor|high|one_to_one",0.98988165836532,1
137,"mobile|multi_factor|high|one_to_one",0,1
138,"mobile|multi_factor|high|one_to_one",1,1
140,"mobile|multi_factor|high|one_to_one",0.277245422119658,1
141,"mobile|multi_factor|high|one_to_one",1,1
142,"mobile|multi_factor|high|one_to_one",0.939460881691679,1
143,"mobile|multi_factor|high|one_to_one",1,1
144,"mobile|multi_factor|high|one_to_one",0.347836892975381,1
145,"mobile|multi_factor|high|one_to_one",0.785423358597674,1
146,"mobile|multi_factor|high|one_to_one",1,1
147,"mobile|multi_factor|high|one_to_one",0.761692284887471,1
148,"mobile|multi_factor|high|one_to_one",0.246114701214105,1
149,"mobile|multi_factor|high|one_to_one",0.629598907067866,1
150,"mobile|multi_factor|high|one_to_one",0.955084474375726,1
151,"mobile|multi_factor|high|one_to_one",0.822936482095979,1
152,"mobile|multi_factor|high|one_to_one",0.68742606316547,1
153,"mobile|multi_factor|high|one_to_one",1,1
154,"mobile|multi_factor|high|one_to_one",1,1
155,"mobile|multi_factor|high|one_to_one",1,1
156,"mobile|multi_factor|high|one_to_one",0.671537409859929,1
157,"mobile|multi_factor|high|one_to_one",0.827745203320769,1
158,"mobile|multi_factor|high|one_to_one",0.783414107492217,1
159,"mobile|multi_factor|high|one_to_one",1,1
160,"mobile|multi_factor|high|one_to_one",1,1
162,"mobile|multi_factor|high|one_to_one",0.599484443692038,1
163,"mobile|multi_factor|high|one_to_one",0.157655816603747,1
164,"mobile|multi_factor|high|one_to_one",0.808034071192379,1
165,"mobile|multi_factor|high|one_to_one",1,1
166,"mobile|multi_factor|high|one_to_one",0.77509346864315,1
167,"mobile|multi_factor|high|one_to_one",0.103724521775776,1
168,"mobile|multi_factor|high|one_to_one",0.440698196481001,1
169,"mobile|multi_factor|high|one_to_one",0.634771544263431,1
170,"mobile|multi_factor|high|one_to_one",0.770519622227992,1
171,"mobile|multi_factor|high|one_to_one",1,1
172,"mobile|multi_factor|high|one_to_one",0.943484180166261,1
173,"mobile|multi_factor|high|one_to_one",0.207539896529058,1
174,"mobile|multi_factor|high|one_to_one",0,1
175,"mobile|multi_factor|high|one_to_one",0.812141281458767,1
176,"mobile|multi_factor|high|one_to_one",0.319722875904485,1
177,"mobile|multi_factor|high|one_to_one",0.473552716835034,1
178,"mobile|multi_factor|high|one_to_one",0.0454427036758263,1
179,"mobile|multi_factor|high|one_to_one",1,1
180,"mobile|multi_factor|high|one_to_one",0.623335869797601,1
181,"mobile|multi_factor|high|one_to_one",0.577138366350941,1
183,"mobile|multi_factor|high|one_to_one",0,1
184,"mobile|multi_factor|high|one_to_one",0.145703757118546,1
186,"mobile|multi_factor|high|one_to_one",0.232841927967731,1
187,"mobile|multi_factor|high|one_to_one",0.61369653765158,1
188,"mobile|multi_factor|high|one_to_one",0.465029862297235,1
189,"mobile|multi_factor|high|one_to_one",0.436344972250208,1
190,"mobile|multi_factor|high|one_to_one",0,1
191,"mobile|multi_factor|high|one_to_one",1,1
192,"mobile|multi_factor|high|one_to_one",0.380341673186758,1
194,"mobile|multi_factor|high|one_to_one",0.420502011416938,1
195,"mobile|multi_factor|high|one_to_one",0.3646177706824,1
196,"mobile|multi_factor|high|one_to_one",0.70388856645597,1
197,"mobile|multi_factor|high|one_to_one",0.718868408363735,1
198,"mobile|multi_factor|high|one_to_one",1,1
199,"mobile|multi_factor|high|one_to_one",1,1
200,"mobile|multi_factor|high|one_to_one",0.213169517834821,1
201,"mobile|multi_factor|high|one_to_one",0.607920936036859,1
202,"mobile|multi_factor|high|one_to_one",1,1
203,"mobile|multi_factor|high|one_to_one",0.761979993350596,1
205,"mobile|multi_factor|high|one_to_one",0,1
206,"mobile|multi_factor|high|one_to_one",0.912071923747651,1
207,"mobile|multi_factor|high|one_to_one",1,1
208,"mobile|multi_factor|high|one_to_one",0.90185154899056,1
209,"mobile|multi_factor|high|one_to_one",1,1
210,"mobile|multi_factor|high|one_to_one",0.773721916332847,1
211,"mobile|multi_factor|high|one_to_one",0.112897963611005,1
212,"mobile|multi_factor|high|one_to_one",1,1
213,"mobile|multi_factor|high|one_to_one",0.871166055629733,1
214,"mobile|multi_factor|high|one_to_one",0.906965701633817,1
217,"mobile|multi_factor|high|one_to_one",0.626876985788175,1
219,"mobile|multi_factor|high|one_to_one",0.407430160364304,1
220,"mobile|multi_factor|high|one_to_one",1,1
221,"mobile|multi_factor|high|one_to_one",0.18341239318796,1
222,"mobile|multi_factor|high|one_to_one",0.940902556677871,1
223,"mobile|multi_factor|high|one_to_one",0.303538837659768,1
224,"mobile|multi_factor|high|one_to_one",0.817339974909421,1
225,"mobile|multi_factor|high|one_to_one",0,1
226,"mobile|multi_factor|high|one_to_one",0.805475523111737,1
227,"mobile|multi_factor|high|one_to_one",1,1
228,"mobile|multi_factor|high|one_to_one",0.568270511785731,1
230,"mobile|multi_factor|high|one_to_one",0,1
231,"mobile|multi_factor|high|one_to_one",0.650679226363551,1
232,"mobile|multi_factor|high|one_to_one",0.232071972010778,1
233,"mobile|multi_factor|high|one_to_one",0.68491510696508,1
234,"mobile|multi_factor|high|one_to_one",0,1
235,"mobile|multi_factor|high|one_to_one",0.196654032675322,1
236,"mobile|multi_factor|high|one_to_one",1,1
237,"mobile|multi_factor|high|one_to_one",1,1
238,"mobile|multi_factor|high|one_to_one",1,1
239,"mobile|multi_factor|high|one_to_one",0.689169915040654,1
240,"mobile|multi_factor|high|one_to_one",1,1
241,"mobile|multi_factor|high|one_to_one",1,1
242,"mobile|multi_factor|high|one_to_one",0.190073308793082,1
243,"mobile|multi_factor|high|one_to_one",0.239363438281455,1
245,"mobile|multi_factor|high|one_to_one",0.844419303357642,1
246,"mobile|multi_factor|high|one_to_one",0.105843697894456,1
247,"mobile|multi_factor|high|one_to_one",1,1
248,"mobile|multi_factor|high|one_to_one",0.225400837410141,1
249,"mobile|multi_factor|high|one_to_one",0.148388540451963,1
250,"mobile|multi_factor|high|one_to_one",0.919283042897517,1
251,"mobile|multi_factor|high|one_to_one",0.647934155646446,1
252,"mobile|multi_factor|high|one_to_one",0,1
253,"mobile|multi_factor|high|one_to_one",1,1
254,"mobile|multi_factor|high|one_to_one",1,1
256,"mobile|multi_factor|high|one_to_one",1,1
258,"mobile|multi_factor|high|one_to_one",1,1
259,"mobile|multi_factor|high|one_to_one",0.701108723592401,1
260,"mobile|multi_factor|high|one_to_one",0.281518637311631,1
261,"mobile|multi_factor|high|one_to_one",0.312178135392331,1
263,"mobile|multi_factor|high|one_to_one",0,1
264,"mobile|multi_factor|high|one_to_one",0.486151784863901,1
265,"mobile|multi_factor|high|one_to_one",0.770003190416345,1
266,"mobile|multi_factor|high|one_to_one",0.79546090579776,1
267,"mobile|multi_factor|high|one_to_one",0.922774249057233,1
268,"mobile|multi_factor|high|one_to_one",0.319405544911438,1
269,"mobile|multi_factor|high|one_to_one",1,1
270,"mobile|multi_factor|high|one_to_one",0.442717136361626,1
271,"mobile|multi_factor|high|one_to_one",1,1
272,"mobile|multi_factor|high|one_to_one",0.899873176347563,1
273,"mobile|multi_factor|high|one_to_one",0,1
274,"mobile|multi_factor|high|one_to_one",0.400811445222358,1
275,"mobile|multi_factor|high|one_to_one",0,1
276,"mobile|multi_factor|high|one_to_one",0,1
277,"mobile|multi_factor|high|one_to_one",0.457278480857751,1
279,"mobile|multi_factor|high|one_to_one",0.175246483854118,1
280,"mobile|multi_factor|high|one_to_one",0,1
281,"mobile|multi_factor|high|one_to_one",0.486920810084298,1
282,"mobile|multi_factor|high|one_to_one",0.653792598036373,1
283,"mobile|multi_factor|high|one_to_one",0.360825930846132,1
284,"mobile|multi_factor|high|one_to_one",0.854782898297962,1
285,"mobile|multi_factor|high|one_to_one",0,1
286,"mobile|multi_factor|high|one_to_one",0.160075156650454,1
287,"mobile|multi_factor|high|one_to_one",0.806959165798985,1
288,"mobile|multi_factor|high|one_to_one",0.430905852966365,1
289,"mobile|multi_factor|high|one_to_one",0,1
290,"mobile|multi_factor|high|one_to_one",0.673073338400418,1
291,"mobile|multi_factor|high|one_to_one",0.705701962417398,1
292,"mobile|multi_factor|high|one_to_one",0.402624437913488,1
293,"mobile|multi_factor|high|one_to_one",0.297047568574901,1
294,"mobile|multi_factor|high|one_to_one",0.732134295214095,1
295,"mobile|multi_factor|high|one_to_one",0,1
296,"mobile|multi_factor|high|one_to_one",0.241275302956062,1
297,"mobile|multi_factor|high|one_to_one",0.994285260473496,1
298,"mobile|multi_factor|high|one_to_one",0.660296918788498,1
299,"mobile|multi_factor|high|one_to_one",0.228875843147955,1
301,"mobile|multi_factor|high|one_to_one",1,1
302,"mobile|multi_factor|high|one_to_one",0.690094205511189,1
303,"mobile|multi_factor|high|one_to_one",0.194538409181721,1
304,"mobile|multi_factor|high|one_to_one",1,1
305,"mobile|multi_factor|high|one_to_one",1,1
306,"mobile|multi_factor|high|one_to_one",0.720579258352668,1
307,"mobile|multi_factor|high|one_to_one",1,1
308,"mobile|multi_factor|high|one_to_one",0,1
309,"mobile|multi_factor|high|one_to_one",1,1
310,"mobile|multi_factor|high|one_to_one",1,1
311,"mobile|multi_factor|high|one_to_one",0.28678927904827,1
312,"mobile|multi_factor|high|one_to_one",0,1
313,"mobile|multi_factor|high|one_to_one",0.943505882460646,1
314,"mobile|multi_factor|high|one_to_one",0.27241162377787,1
2,"web|multi_factor|high|one_to_one",0.517146692964015,1
3,"web|multi_factor|high|one_to_one",0.0767384009050334,1
4,"web|multi_factor|high|one_to_one",0.547928281237927,1
5,"web|multi_factor|high|one_to_one",1,1
6,"web|multi_factor|high|one_to_one",0.687903044469851,1
7,"web|multi_factor|high|one_to_one",0.756868832814989,1
8,"web|multi_factor|high|one_to_one",1,1
9,"web|multi_factor|high|one_to_one",0.607361381770328,1
10,"web|multi_factor|high|one_to_one",1,1
11,"web|multi_factor|high|one_to_one",0.677181134187826,1
13,"web|multi_factor|high|one_to_one",0.201259283755594,1
14,"web|multi_factor|high|one_to_one",1,1
15,"web|multi_factor|high|one_to_one",0.710058127384205,1
16,"web|multi_factor|high|one_to_one",0.812612680735751,1
17,"web|multi_factor|high|one_to_one",0.463721950614776,1
18,"web|multi_factor|high|one_to_one",0.792745878510654,1
19,"web|multi_factor|high|one_to_one",1,1
20,"web|multi_factor|high|one_to_one",0.201588087805084,1
21,"web|multi_factor|high|one_to_one",0.73369071594913,1
22,"web|multi_factor|high|one_to_one",0.0529380743139677,1
23,"web|multi_factor|high|one_to_one",0.0151797945337172,1
24,"web|multi_factor|high|one_to_one",0.729841857080462,1
26,"web|multi_factor|high|one_to_one",1,1
27,"web|multi_factor|high|one_to_one",1,1
28,"web|multi_factor|high|one_to_one",0,1
29,"web|multi_factor|high|one_to_one",1,1
31,"web|multi_factor|high|one_to_one",0.583434896132822,1
32,"web|multi_factor|high|one_to_one",1,1
33,"web|multi_factor|high|one_to_one",0.304034547120785,1
35,"web|multi_factor|high|one_to_one",0.962931320227326,1
36,"web|multi_factor|high|one_to_one",0.569087555934815,1
37,"web|multi_factor|high|one_to_one",1,1
38,"web|multi_factor|high|one_to_one",0.692853010857929,1
39,"web|multi_factor|high|one_to_one",1,1
41,"web|multi_factor|high|one_to_one",0.71068437186661,1
42,"web|multi_factor|high|one_to_one",0.786633361379425,1
43,"web|multi_factor|high|one_to_one",1,1
44,"web|multi_factor|high|one_to_one",0.23515098772009,1
45,"web|multi_factor|high|one_to_one",0.280306114870551,1
46,"web|multi_factor|high|one_to_one",0,1
47,"web|multi_factor|high|one_to_one",0.196211324081314,1
48,"web|multi_factor|high|one_to_one",0,1
49,"web|multi_factor|high|one_to_one",0.35375271349701,1
50,"web|multi_factor|high|one_to_one",1,1
51,"web|multi_factor|high|one_to_one",0.688051003445122,1
52,"web|multi_factor|high|one_to_one",0.902052826727378,1
53,"web|multi_factor|high|one_to_one",0.839502645137397,1
54,"web|multi_factor|high|one_to_one",0.450487549677669,1
55,"web|multi_factor|high|one_to_one",0.481304761096818,1
56,"web|multi_factor|high|one_to_one",0,1
57,"web|multi_factor|high|one_to_one",0.970569810791747,1
58,"web|multi_factor|high|one_to_one",0.302434835040298,1
60,"web|multi_factor|high|one_to_one",0.276188533924226,1
61,"web|multi_factor|high|one_to_one",0.209884262601886,1
62,"web|multi_factor|high|one_to_one",1,1
63,"web|multi_factor|high|one_to_one",0.645059013603006,1
64,"web|multi_factor|high|one_to_one",0,1
65,"web|multi_factor|high|one_to_one",1,1
68,"web|multi_factor|high|one_to_one",0,1
69,"web|multi_factor|high|one_to_one",0.998659922644968,1
70,"web|multi_factor|high|one_to_one",1,1
71,"web|multi_factor|high|one_to_one",0,1
72,"web|multi_factor|high|one_to_one",1,1
73,"web|multi_factor|high|one_to_one",0.685742326562449,1
74,"web|multi_factor|high|one_to_one",1,1
75,"web|multi_factor|high|one_to_one",0.899889719977559,1
76,"web|multi_factor|high|one_to_one",0.243486520952586,1
77,"web|multi_factor|high|one_to_one",0.338255811150578,1
78,"web|multi_factor|high|one_to_one",0.438892634197925,1
79,"web|multi_factor|high|one_to_one",1,1
80,"web|multi_factor|high|one_to_one",0.198238044863166,1
81,"web|multi_factor|high|one_to_one",0.5393868222939,1
82,"web|multi_factor|high|one_to_one",0.585457707760703,1
83,"web|multi_factor|high|one_to_one",0,1
84,"web|multi_factor|high|one_to_one",1,1
86,"web|multi_factor|high|one_to_one",0.766614078288885,1
87,"web|multi_factor|high|one_to_one",0.552183157401976,1
88,"web|multi_factor|high|one_to_one",0.47476758006234,1
90,"web|multi_factor|high|one_to_one",0.729636980417171,1
91,"web|multi_factor|high|one_to_one",0,1
92,"web|multi_factor|high|one_to_one",0.580153320137128,1
93,"web|multi_factor|high|one_to_one",1,1
94,"web|multi_factor|high|one_to_one",1,1
95,"web|multi_factor|high|one_to_one",0.738203652069063,1
96,"web|multi_factor|high|one_to_one",0,1
97,"web|multi_factor|high|one_to_one",0.582375754285483,1
98,"web|multi_factor|high|one_to_one",0.363844663719966,1
99,"web|multi_factor|high|one_to_one",1,1
100,"web|multi_factor|high|one_to_one",0,1
101,"web|multi_factor|high|one_to_one",0.961414386165041,1
103,"web|multi_factor|high|one_to_one",1,1
104,"web|multi_factor|high|one_to_one",0,1
105,"web|multi_factor|high|one_to_one",0,1
106,"web|multi_factor|high|one_to_one",0,1
107,"web|multi_factor|high|one_to_one",1,1
108,"web|multi_factor|high|one_to_one",0.193189598768004,1
109,"web|multi_factor|high|one_to_one",1,1
110,"web|multi_factor|high|one_to_one",0.485894024358593,1
111,"web|multi_factor|high|one_to_one",0.791960527303249,1
112,"web|multi_factor|high|one_to_one",1,1
113,"web|multi_factor|high|one_to_one",0.0878132012287703,1
114,"web|multi_factor|high|one_to_one",0.837074265243912,1
115,"web|multi_factor|high|one_to_one",0.722158614101516,1
116,"web|multi_factor|high|one_to_one",0.494375240470547,1
117,"web|multi_factor|high|one_to_one",0.139806424374252,1
118,"web|multi_factor|high|one_to_one",0.645953174838318,1
119,"web|multi_factor|high|one_to_one",1,1
120,"web|multi_factor|high|one_to_one",0.369447512223134,1
121,"web|multi_factor|high|one_to_one",0.615294960669249,1
122,"web|multi_factor|high|one_to_one",0.239171987949922,1
123,"web|multi_factor|high|one_to_one",1,1
124,"web|multi_factor|high|one_to_one",1,1
125,"web|multi_factor|high|one_to_one",0,1
126,"web|multi_factor|high|one_to_one",0.18532374339372,1
127,"web|multi_factor|high|one_to_one",1,1
128,"web|multi_factor|high|one_to_one",0.537801362653576,1
130,"web|multi_factor|high|one_to_one",0,1
131,"web|multi_factor|high|one_to_one",0.175457179209361,1
132,"web|multi_factor|high|one_to_one",0.288190592328675,1
133,"web|multi_factor|high|one_to_one",0.353593113436832,1
135,"web|multi_factor|high|one_to_one",0.517730370034457,1
136,"web|multi_factor|high|one_to_one",0.957142227271034,1
137,"web|multi_factor|high|one_to_one",0,1
138,"web|multi_factor|high|one_to_one",0.43483123803136,1
140,"web|multi_factor|high|one_to_one",0.491867430716363,1
141,"web|multi_factor|high|one_to_one",0.685093569199537,1
142,"web|multi_factor|high|one_to_one",1,1
143,"web|multi_factor|high|one_to_one",1,1
144,"web|multi_factor|high|one_to_one",0.45285019549751,1
145,"web|multi_factor|high|one_to_one",0.85517074955466,1
146,"web|multi_factor|high|one_to_one",1,1
147,"web|multi_factor|high|one_to_one",0.90059728727097,1
148,"web|multi_factor|high|one_to_one",0.249999973329881,1
149,"web|multi_factor|high|one_to_one",1,1
150,"web|multi_factor|high|one_to_one",0.771812008242837,1
151,"web|multi_factor|high|one_to_one",0.766204217632456,1
152,"web|multi_factor|high|one_to_one",0.889108575185613,1
153,"web|multi_factor|high|one_to_one",0.915662611657235,1
154,"web|multi_factor|high|one_to_one",1,1
155,"web|multi_factor|high|one_to_one",1,1
156,"web|multi_factor|high|one_to_one",0.604440588300201,1
157,"web|multi_factor|high|one_to_one",0.717918423414197,1
158,"web|multi_factor|high|one_to_one",1,1
159,"web|multi_factor|high|one_to_one",1,1
160,"web|multi_factor|high|one_to_one",0.657071712362839,1
162,"web|multi_factor|high|one_to_one",1,1
163,"web|multi_factor|high|one_to_one",0.284512880674746,1
164,"web|multi_factor|high|one_to_one",0.884952286340316,1
165,"web|multi_factor|high|one_to_one",1,1
166,"web|multi_factor|high|one_to_one",0.600277461607241,1
167,"web|multi_factor|high|one_to_one",1,1
168,"web|multi_factor|high|one_to_one",0.711277055985199,1
169,"web|multi_factor|high|one_to_one",1,1
170,"web|multi_factor|high|one_to_one",1,1
171,"web|multi_factor|high|one_to_one",1,1
172,"web|multi_factor|high|one_to_one",0.500349989983115,1
173,"web|multi_factor|high|one_to_one",0.207233200300683,1
174,"web|multi_factor|high|one_to_one",0,1
175,"web|multi_factor|high|one_to_one",0.416284668169619,1
176,"web|multi_factor|high|one_to_one",0.257093299746213,1
177,"web|multi_factor|high|one_to_one",0.402862506654936,1
178,"web|multi_factor|high|one_to_one",0.283714265254564,1
179,"web|multi_factor|high|one_to_one",1,1
180,"web|multi_factor|high|one_to_one",0.663910599711146,1
181,"web|multi_factor|high|one_to_one",0.527846375138411,1
183,"web|multi_factor|high|one_to_one",0,1
184,"web|multi_factor|high|one_to_one",0,1
186,"web|multi_factor|high|one_to_one",0.29015420403986,1
187,"web|multi_factor|high|one_to_one",0.574956226651968,1
188,"web|multi_factor|high|one_to_one",0.700999741857626,1
189,"web|multi_factor|high|one_to_one",1,1
190,"web|multi_factor|high|one_to_one",0,1
191,"web|multi_factor|high|one_to_one",0.787905715487336,1
192,"web|multi_factor|high|one_to_one",0.463075246460103,1
194,"web|multi_factor|high|one_to_one",0.182397518665212,1
195,"web|multi_factor|high|one_to_one",0.661767937789269,1
196,"web|multi_factor|high|one_to_one",0.577988301988296,1
197,"web|multi_factor|high|one_to_one",0.816053542166603,1
198,"web|multi_factor|high|one_to_one",0.617195553108222,1
199,"web|multi_factor|high|one_to_one",1,1
200,"web|multi_factor|high|one_to_one",0.100002003809096,1
201,"web|multi_factor|high|one_to_one",0.500091063641289,1
202,"web|multi_factor|high|one_to_one",1,1
203,"web|multi_factor|high|one_to_one",0.735937296549272,1
205,"web|multi_factor|high|one_to_one",0.00130438518042932,1
206,"web|multi_factor|high|one_to_one",0.947912322000513,1
207,"web|multi_factor|high|one_to_one",1,1
208,"web|multi_factor|high|one_to_one",1,1
209,"web|multi_factor|high|one_to_one",0.610652442546882,1
210,"web|multi_factor|high|one_to_one",0.906113575044116,1
211,"web|multi_factor|high|one_to_one",0,1
212,"web|multi_factor|high|one_to_one",1,1
213,"web|multi_factor|high|one_to_one",0.731891414606908,1
214,"web|multi_factor|high|one_to_one",0.866450329522492,1
217,"web|multi_factor|high|one_to_one",1,1
219,"web|multi_factor|high|one_to_one",0.303241119674617,1
220,"web|multi_factor|high|one_to_one",0.866794513973788,1
221,"web|multi_factor|high|one_to_one",0.531830630597875,1
222,"web|multi_factor|high|one_to_one",1,1
223,"web|multi_factor|high|one_to_one",0.350445225179893,1
224,"web|multi_factor|high|one_to_one",0.647868227383402,1
225,"web|multi_factor|high|one_to_one",0.153340744015918,1
226,"web|multi_factor|high|one_to_one",0,1
227,"web|multi_factor|high|one_to_one",1,1
228,"web|multi_factor|high|one_to_one",0.928548001032414,1
230,"web|multi_factor|high|one_to_one",0.206595369222223,1
231,"web|multi_factor|high|one_to_one",0.68161531743393,1
232,"web|multi_factor|high|one_to_one",1,1
233,"web|multi_factor|high|one_to_one",1,1
234,"web|multi_factor|high|one_to_one",0.149158725326393,1
235,"web|multi_factor|high|one_to_one",0.181893920437762,1
236,"web|multi_factor|high|one_to_one",0.949134540771031,1
237,"web|multi_factor|high|one_to_one",0.298595511030033,1
238,"web|multi_factor|high|one_to_one",1,1
239,"web|multi_factor|high|one_to_one",0.670059913329539,1
240,"web|multi_factor|high|one_to_one",0.985463383405637,1
241,"web|multi_factor|high|one_to_one",0.516328917819793,1
242,"web|multi_factor|high|one_to_one",0,1
243,"web|multi_factor|high|one_to_one",0.303654444944553,1
245,"web|multi_factor|high|one_to_one",0.931080595201686,1
246,"web|multi_factor|high|one_to_one",0.141575257547981,1
247,"web|multi_factor|high|one_to_one",1,1
248,"web|multi_factor|high|one_to_one",0.322228861127126,1
249,"web|multi_factor|high|one_to_one",0.17454527655339,1
250,"web|multi_factor|high|one_to_one",0.929295354089441,1
251,"web|multi_factor|high|one_to_one",0.869074862943337,1
252,"web|multi_factor|high|one_to_one",0,1
253,"web|multi_factor|high|one_to_one",1,1
254,"web|multi_factor|high|one_to_one",0.806643961285687,1
256,"web|multi_factor|high|one_to_one",0,1
258,"web|multi_factor|high|one_to_one",1,1
259,"web|multi_factor|high|one_to_one",0.701070474514241,1
260,"web|multi_factor|high|one_to_one",0.235600409349998,1
261,"web|multi_factor|high|one_to_one",0.585853928902425,1
263,"web|multi_factor|high|one_to_one",0,1
264,"web|multi_factor|high|one_to_one",0.42288285236559,1
265,"web|multi_factor|high|one_to_one",0.964508108093471,1
266,"web|multi_factor|high|one_to_one",1,1
267,"web|multi_factor|high|one_to_one",0.900415692810025,1
268,"web|multi_factor|high|one_to_one",0.180261547713705,1
269,"web|multi_factor|high|one_to_one",0.815539022017738,1
270,"web|multi_factor|high|one_to_one",0.470533489691607,1
271,"web|multi_factor|high|one_to_one",1,1
272,"web|multi_factor|high|one_to_one",1,1
273,"web|multi_factor|high|one_to_one",0.0930113814502934,1
274,"web|multi_factor|high|one_to_one",0,1
275,"web|multi_factor|high|one_to_one",0.0877450544971112,1
276,"web|multi_factor|high|one_to_one",0,1
277,"web|multi_factor|high|one_to_one",1,1
279,"web|multi_factor|high|one_to_one",0.398470970071064,1
280,"web|multi_factor|high|one_to_one",0.0459211849550958,1
281,"web|multi_factor|high|one_to_one",0.520232874487762,1
282,"web|multi_factor|high|one_to_one",0.555175816057406,1
283,"web|multi_factor|high|one_to_one",0,1
284,"web|multi_factor|high|one_to_one",0.936316137744797,1
285,"web|multi_factor|high|one_to_one",0,1
286,"web|multi_factor|high|one_to_one",0.239530301789503,1
287,"web|multi_factor|high|one_to_one",0.61110981329881,1
288,"web|multi_factor|high|one_to_one",0.00323381471100314,1
289,"web|multi_factor|high|one_to_one",0.04106481920178,1
290,"web|multi_factor|high|one_to_one",0.837532548801843,1
291,"web|multi_factor|high|one_to_one",0.760959349110715,1
292,"web|multi_factor|high|one_to_one",0.405630970499703,1
293,"web|multi_factor|high|one_to_one",0.203311074604751,1
294,"web|multi_factor|high|one_to_one",0.793373971877048,1
295,"web|multi_factor|high|one_to_one",0,1
296,"web|multi_factor|high|one_to_one",0.237888973924179,1
297,"web|multi_factor|high|one_to_one",1,1
298,"web|multi_factor|high|one_to_one",1,1
299,"web|multi_factor|high|one_to_one",0,1
301,"web|multi_factor|high|one_to_one",1,1
302,"web|multi_factor|high|one_to_one",0.616403838487566,1
303,"web|multi_factor|high|one_to_one",0.183751173330022,1
304,"web|multi_factor|high|one_to_one",1,1
305,"web|multi_factor|high|one_to_one",1,1
306,"web|multi_factor|high|one_to_one",0.53583555295466,1
307,"web|multi_factor|high|one_to_one",0.801580054770588,1
308,"web|multi_factor|high|one_to_one",0.641374371533561,1
309,"web|multi_factor|high|one_to_one",0.82244648128935,1
310,"web|multi_factor|high|one_to_one",0.198189045256801,1
311,"web|multi_factor|high|one_to_one",0.308468646211588,1
312,"web|multi_factor|high|one_to_one",0,1
313,"web|multi_factor|high|one_to_one",1,1
314,"web|multi_factor|high|one_to_one",0.403114453847347,1
2,"web|simple|medium|multi_person",0.501795798910956,1
3,"web|simple|medium|multi_person",0.550302142484833,1
4,"web|simple|medium|multi_person",0.720756318190611,1
5,"web|simple|medium|multi_person",0.441423678810184,1
6,"web|simple|medium|multi_person",0.565231624066803,1
7,"web|simple|medium|multi_person",1,1
8,"web|simple|medium|multi_person",1,1
9,"web|simple|medium|multi_person",0.858731790187992,1
10,"web|simple|medium|multi_person",1,1
11,"web|simple|medium|multi_person",0.579532122509993,1
13,"web|simple|medium|multi_person",0.234215796776578,1
14,"web|simple|medium|multi_person",1,1
15,"web|simple|medium|multi_person",0.56052030228916,1
16,"web|simple|medium|multi_person",1,1
17,"web|simple|medium|multi_person",0.448166485450892,1
18,"web|simple|medium|multi_person",0.980558497824578,1
19,"web|simple|medium|multi_person",1,1
20,"web|simple|medium|multi_person",0.257568004211672,1
21,"web|simple|medium|multi_person",0.869333062278733,1
22,"web|simple|medium|multi_person",0.0264574884930193,1
23,"web|simple|medium|multi_person",0,1
24,"web|simple|medium|multi_person",1,1
26,"web|simple|medium|multi_person",0.397308176535723,1
27,"web|simple|medium|multi_person",1,1
28,"web|simple|medium|multi_person",0,1
29,"web|simple|medium|multi_person",1,1
31,"web|simple|medium|multi_person",0.439561957488157,1
32,"web|simple|medium|multi_person",1,1
33,"web|simple|medium|multi_person",0.322240843882972,1
35,"web|simple|medium|multi_person",0.946855996659048,1
36,"web|simple|medium|multi_person",1,1
37,"web|simple|medium|multi_person",0.70512643702904,1
38,"web|simple|medium|multi_person",0.656588865639187,1
39,"web|simple|medium|multi_person",0.951079604230705,1
41,"web|simple|medium|multi_person",0.719399731010769,1
42,"web|simple|medium|multi_person",0.934426959416742,1
43,"web|simple|medium|multi_person",0.654372306249336,1
44,"web|simple|medium|multi_person",0.677406797331981,1
45,"web|simple|medium|multi_person",0,1
46,"web|simple|medium|multi_person",0,1
47,"web|simple|medium|multi_person",0.154857213341305,1
48,"web|simple|medium|multi_person",0,1
49,"web|simple|medium|multi_person",0.00920441575133574,1
50,"web|simple|medium|multi_person",1,1
51,"web|simple|medium|multi_person",0.667996893688538,1
52,"web|simple|medium|multi_person",0.732275793556212,1
53,"web|simple|medium|multi_person",0.823781366451438,1
54,"web|simple|medium|multi_person",0.908852325943188,1
55,"web|simple|medium|multi_person",0.370945259155666,1
56,"web|simple|medium|multi_person",0,1
57,"web|simple|medium|multi_person",1,1
58,"web|simple|medium|multi_person",0.185972464470001,1
60,"web|simple|medium|multi_person",0.308266881065301,1
61,"web|simple|medium|multi_person",0.204800234631697,1
62,"web|simple|medium|multi_person",1,1
63,"web|simple|medium|multi_person",0.873230169202782,1
64,"web|simple|medium|multi_person",0,1
65,"web|simple|medium|multi_person",1,1
68,"web|simple|medium|multi_person",1,1
69,"web|simple|medium|multi_person",1,1
70,"web|simple|medium|multi_person",0.356227113575615,1
71,"web|simple|medium|multi_person",0.329055213027716,1
72,"web|simple|medium|multi_person",1,1
73,"web|simple|medium|multi_person",0.566936346577647,1
74,"web|simple|medium|multi_person",1,1
75,"web|simple|medium|multi_person",0.631601331832125,1
76,"web|simple|medium|multi_person",0.233913815762799,1
77,"web|simple|medium|multi_person",0.744641417345678,1
78,"web|simple|medium|multi_person",0.716322550632049,1
79,"web|simple|medium|multi_person",1,1
80,"web|simple|medium|multi_person",0.187174984282529,1
81,"web|simple|medium|multi_person",0.500127549058046,1
82,"web|simple|medium|multi_person",1,1
83,"web|simple|medium|multi_person",0.415063108725123,1
84,"web|simple|medium|multi_person",1,1
86,"web|simple|medium|multi_person",0.760138270801393,1
87,"web|simple|medium|multi_person",0.664198469204682,1
88,"web|simple|medium|multi_person",0.483441444330665,1
90,"web|simple|medium|multi_person",0.844286427841765,1
91,"web|simple|medium|multi_person",0,1
92,"web|simple|medium|multi_person",0.778018931983933,1
93,"web|simple|medium|multi_person",1,1
94,"web|simple|medium|multi_person",1,1
95,"web|simple|medium|multi_person",0.829866190919558,1
96,"web|simple|medium|multi_person",0.109232356362284,1
97,"web|simple|medium|multi_person",0.398353558696332,1
98,"web|simple|medium|multi_person",0.270016575711123,1
99,"web|simple|medium|multi_person",1,1
100,"web|simple|medium|multi_person",0,1
101,"web|simple|medium|multi_person",1,1
103,"web|simple|medium|multi_person",1,1
104,"web|simple|medium|multi_person",0.126838757923323,1
105,"web|simple|medium|multi_person",0,1
106,"web|simple|medium|multi_person",0.337618057464719,1
107,"web|simple|medium|multi_person",0.628587775274564,1
108,"web|simple|medium|multi_person",0.0623366647984365,1
109,"web|simple|medium|multi_person",0.370879178257699,1
110,"web|simple|medium|multi_person",0.487813010665518,1
111,"web|simple|medium|multi_person",0.615480383719065,1
112,"web|simple|medium|multi_person",1,1
113,"web|simple|medium|multi_person",0.303581767097823,1
114,"web|simple|medium|multi_person",1,1
115,"web|simple|medium|multi_person",1,1
116,"web|simple|medium|multi_person",0.419376451735658,1
117,"web|simple|medium|multi_person",0.308356317927713,1
118,"web|simple|medium|multi_person",0.668788924634248,1
119,"web|simple|medium|multi_person",0.917212217369311,1
120,"web|simple|medium|multi_person",0.259640080763922,1
121,"web|simple|medium|multi_person",0.735133903153856,1
122,"web|simple|medium|multi_person",0,1
123,"web|simple|medium|multi_person",0.993430904377087,1
124,"web|simple|medium|multi_person",1,1
125,"web|simple|medium|multi_person",0,1
126,"web|simple|medium|multi_person",0.3171128436558,1
127,"web|simple|medium|multi_person",1,1
128,"web|simple|medium|multi_person",0,1
130,"web|simple|medium|multi_person",0,1
131,"web|simple|medium|multi_person",0.705031740191782,1
132,"web|simple|medium|multi_person",0.714030873250404,1
133,"web|simple|medium|multi_person",0.280624013650388,1
135,"web|simple|medium|multi_person",0.308850486339874,1
136,"web|simple|medium|multi_person",0.856901145635758,1
137,"web|simple|medium|multi_person",0,1
138,"web|simple|medium|multi_person",1,1
140,"web|simple|medium|multi_person",0.335828512840869,1
141,"web|simple|medium|multi_person",0.647530667365471,1
142,"web|simple|medium|multi_person",1,1
143,"web|simple|medium|multi_person",1,1
144,"web|simple|medium|multi_person",0.372875891008528,1
145,"web|simple|medium|multi_person",0.841476498098208,1
146,"web|simple|medium|multi_person",1,1
147,"web|simple|medium|multi_person",0.615806307944708,1
148,"web|simple|medium|multi_person",0.049946644232628,1
149,"web|simple|medium|multi_person",1,1
150,"web|simple|medium|multi_person",0.578552633769714,1
151,"web|simple|medium|multi_person",0.876272687757275,1
152,"web|simple|medium|multi_person",0.889362563201576,1
153,"web|simple|medium|multi_person",0,1
154,"web|simple|medium|multi_person",1,1
155,"web|simple|medium|multi_person",1,1
156,"web|simple|medium|multi_person",0.679695244529426,1
157,"web|simple|medium|multi_person",0.728084539893126,1
158,"web|simple|medium|multi_person",1,1
159,"web|simple|medium|multi_person",1,1
160,"web|simple|medium|multi_person",0.719000660149959,1
162,"web|simple|medium|multi_person",1,1
163,"web|simple|medium|multi_person",0.170131605698971,1
164,"web|simple|medium|multi_person",0.813268277006416,1
165,"web|simple|medium|multi_person",1,1
166,"web|simple|medium|multi_person",0.563307805754713,1
167,"web|simple|medium|multi_person",0.933996090940107,1
168,"web|simple|medium|multi_person",0.639065424587882,1
169,"web|simple|medium|multi_person",1,1
170,"web|simple|medium|multi_person",1,1
171,"web|simple|medium|multi_person",1,1
172,"web|simple|medium|multi_person",0,1
173,"web|simple|medium|multi_person",0.180809869131858,1
174,"web|simple|medium|multi_person",0,1
175,"web|simple|medium|multi_person",0.990319897515166,1
176,"web|simple|medium|multi_person",0.150863795795815,1
177,"web|simple|medium|multi_person",0.518024871976636,1
178,"web|simple|medium|multi_person",0.387924497208076,1
179,"web|simple|medium|multi_person",0.315581583669048,1
180,"web|simple|medium|multi_person",0.662177390301621,1
181,"web|simple|medium|multi_person",0.577206311829485,1
183,"web|simple|medium|multi_person",0,1
184,"web|simple|medium|multi_person",0.0197869647841212,1
186,"web|simple|medium|multi_person",0.0698719599574974,1
187,"web|simple|medium|multi_person",0.694975021927823,1
188,"web|simple|medium|multi_person",1,1
189,"web|simple|medium|multi_person",1,1
190,"web|simple|medium|multi_person",0,1
191,"web|simple|medium|multi_person",0.577572345792787,1
192,"web|simple|medium|multi_person",0.637858721159664,1
194,"web|simple|medium|multi_person",0.158947539556292,1
195,"web|simple|medium|multi_person",0.851394753118882,1
196,"web|simple|medium|multi_person",0.877450884154981,1
197,"web|simple|medium|multi_person",0.645770764930422,1
198,"web|simple|medium|multi_person",0.601435192602574,1
199,"web|simple|medium|multi_person",1,1
200,"web|simple|medium|multi_person",0.186090385600299,1
201,"web|simple|medium|multi_person",0.42844889729274,1
202,"web|simple|medium|multi_person",1,1
203,"web|simple|medium|multi_person",0.697312238109239,1
205,"web|simple|medium|multi_person",0,1
206,"web|simple|medium|multi_person",1,1
207,"web|simple|medium|multi_person",1,1
208,"web|simple|medium|multi_person",1,1
209,"web|simple|medium|multi_person",0.436128934401591,1
210,"web|simple|medium|multi_person",0.845989522216038,1
211,"web|simple|medium|multi_person",0.191840676473027,1
212,"web|simple|medium|multi_person",1,1
213,"web|simple|medium|multi_person",0.76109251551657,1
214,"web|simple|medium|multi_person",1,1
217,"web|simple|medium|multi_person",1,1
219,"web|simple|medium|multi_person",0.237117099116095,1
220,"web|simple|medium|multi_person",1,1
221,"web|simple|medium|multi_person",0,1
222,"web|simple|medium|multi_person",1,1
223,"web|simple|medium|multi_person",0.388118216069283,1
224,"web|simple|medium|multi_person",0.01664316880745,1
225,"web|simple|medium|multi_person",0.33570437369535,1
226,"web|simple|medium|multi_person",0,1
227,"web|simple|medium|multi_person",0.825785694423837,1
228,"web|simple|medium|multi_person",0.85413309827614,1
230,"web|simple|medium|multi_person",0.0594149935819056,1
231,"web|simple|medium|multi_person",0.784969014927739,1
232,"web|simple|medium|multi_person",0.925264059705684,1
233,"web|simple|medium|multi_person",1,1
234,"web|simple|medium|multi_person",0.287092544728065,1
235,"web|simple|medium|multi_person",0.87489655924493,1
236,"web|simple|medium|multi_person",0.88696346143695,1
237,"web|simple|medium|multi_person",0.128728909362961,1
238,"web|simple|medium|multi_person",1,1
239,"web|simple|medium|multi_person",0.387514538551662,1
240,"web|simple|medium|multi_person",1,1
241,"web|simple|medium|multi_person",0.467463356873283,1
242,"web|simple|medium|multi_person",0.0227662360723503,1
243,"web|simple|medium|multi_person",0.082634132730403,1
245,"web|simple|medium|multi_person",0.864737340936722,1
246,"web|simple|medium|multi_person",0,1
247,"web|simple|medium|multi_person",0.975707922283454,1
248,"web|simple|medium|multi_person",0,1
249,"web|simple|medium|multi_person",0.0965755283421894,1
250,"web|simple|medium|multi_person",0.79543564944924,1
251,"web|simple|medium|multi_person",0.766259716844938,1
252,"web|simple|medium|multi_person",0.23449485697768,1
253,"web|simple|medium|multi_person",1,1
254,"web|simple|medium|multi_person",0,1
256,"web|simple|medium|multi_person",0,1
258,"web|simple|medium|multi_person",1,1
259,"web|simple|medium|multi_person",0.674995103772473,1
260,"web|simple|medium|multi_person",0,1
261,"web|simple|medium|multi_person",1,1
263,"web|simple|medium|multi_person",0,1
264,"web|simple|medium|multi_person",0,1
265,"web|simple|medium|multi_person",0.924695402241225,1
266,"web|simple|medium|multi_person",1,1
267,"web|simple|medium|multi_person",0.839070077691266,1
268,"web|simple|medium|multi_person",0.249823059480732,1
269,"web|simple|medium|multi_person",0.876824160886834,1
270,"web|simple|medium|multi_person",0.459960581793339,1
271,"web|simple|medium|multi_person",1,1
272,"web|simple|medium|multi_person",1,1
273,"web|simple|medium|multi_person",0,1
274,"web|simple|medium|multi_person",0,1
275,"web|simple|medium|multi_person",0,1
276,"web|simple|medium|multi_person",0,1
277,"web|simple|medium|multi_person",1,1
279,"web|simple|medium|multi_person",0.366551175667081,1
280,"web|simple|medium|multi_person",0.285507838998256,1
281,"web|simple|medium|multi_person",0.85622645413538,1
282,"web|simple|medium|multi_person",0.801927235506408,1
283,"web|simple|medium|multi_person",0,1
284,"web|simple|medium|multi_person",0.902527591417718,1
285,"web|simple|medium|multi_person",0,1
286,"web|simple|medium|multi_person",0.16680058690858,1
287,"web|simple|medium|multi_person",0.948491323318805,1
288,"web|simple|medium|multi_person",0,1
289,"web|simple|medium|multi_person",0,1
290,"web|simple|medium|multi_person",0.555996071787127,1
291,"web|simple|medium|multi_person",0.627832273596049,1
292,"web|simple|medium|multi_person",0.0968549362495753,1
293,"web|simple|medium|multi_person",0.122289337459638,1
294,"web|simple|medium|multi_person",0.766031154687872,1
295,"web|simple|medium|multi_person",0.347070884185154,1
296,"web|simple|medium|multi_person",0.192708952497587,1
297,"web|simple|medium|multi_person",1,1
298,"web|simple|medium|multi_person",1,1
299,"web|simple|medium|multi_person",0,1
301,"web|simple|medium|multi_person",0.935519127827514,1
302,"web|simple|medium|multi_person",0.960546659485327,1
303,"web|simple|medium|multi_person",0.375566716060239,1
304,"web|simple|medium|multi_person",1,1
305,"web|simple|medium|multi_person",0.525697910835233,1
306,"web|simple|medium|multi_person",0.563772675939499,1
307,"web|simple|medium|multi_person",0.792165787957748,1
308,"web|simple|medium|multi_person",0.978898813780348,1
309,"web|simple|medium|multi_person",1,1
310,"web|simple|medium|multi_person",0.212255141950817,1
311,"web|simple|medium|multi_person",0.607330500907141,1
312,"web|simple|medium|multi_person",0.379635907056301,1
313,"web|simple|medium|multi_person",1,1
314,"web|simple|medium|multi_person",0.54428415199374,1
2,"mobile|two_factor|medium|multi_person",0.372470040707282,1
3,"mobile|two_factor|medium|multi_person",0.0243720360543733,1
4,"mobile|two_factor|medium|multi_person",0.948658032348204,1
5,"mobile|two_factor|medium|multi_person",1,1
6,"mobile|two_factor|medium|multi_person",0.671624901995101,1
7,"mobile|two_factor|medium|multi_person",1,1
8,"mobile|two_factor|medium|multi_person",1,1
9,"mobile|two_factor|medium|multi_person",0.337556790048305,1
10,"mobile|two_factor|medium|multi_person",0.692840779020182,1
11,"mobile|two_factor|medium|multi_person",0.994588597631186,1
13,"mobile|two_factor|medium|multi_person",0.161397448803225,1
14,"mobile|two_factor|medium|multi_person",1,1
15,"mobile|two_factor|medium|multi_person",0.542608854951248,1
16,"mobile|two_factor|medium|multi_person",1,1
17,"mobile|two_factor|medium|multi_person",0.474236547891415,1
18,"mobile|two_factor|medium|multi_person",0.827561909875233,1
19,"mobile|two_factor|medium|multi_person",0.948199061578679,1
20,"mobile|two_factor|medium|multi_person",0,1
21,"mobile|two_factor|medium|multi_person",0.628845113537992,1
22,"mobile|two_factor|medium|multi_person",0,1
23,"mobile|two_factor|medium|multi_person",0,1
24,"mobile|two_factor|medium|multi_person",0.85684922666383,1
26,"mobile|two_factor|medium|multi_person",0.67511489848208,1
27,"mobile|two_factor|medium|multi_person",0,1
28,"mobile|two_factor|medium|multi_person",0,1
29,"mobile|two_factor|medium|multi_person",0.972681834335086,1
31,"mobile|two_factor|medium|multi_person",0.292707159839662,1
32,"mobile|two_factor|medium|multi_person",0.941897237268875,1
33,"mobile|two_factor|medium|multi_person",0.308621719606177,1
35,"mobile|two_factor|medium|multi_person",0.140255417432654,1
36,"mobile|two_factor|medium|multi_person",0.893740819714107,1
37,"mobile|two_factor|medium|multi_person",0.718573416731184,1
38,"mobile|two_factor|medium|multi_person",0.779258410315718,1
39,"mobile|two_factor|medium|multi_person",0.912766193677041,1
41,"mobile|two_factor|medium|multi_person",0.671616057660235,1
42,"mobile|two_factor|medium|multi_person",0.778597354837463,1
43,"mobile|two_factor|medium|multi_person",0.91190999088973,1
44,"mobile|two_factor|medium|multi_person",0.500314851075713,1
45,"mobile|two_factor|medium|multi_person",0.402691467644461,1
46,"mobile|two_factor|medium|multi_person",0.34475261870913,1
47,"mobile|two_factor|medium|multi_person",0.0524309095408646,1
48,"mobile|two_factor|medium|multi_person",0,1
49,"mobile|two_factor|medium|multi_person",0.0693745428387031,1
50,"mobile|two_factor|medium|multi_person",0.722154054411326,1
51,"mobile|two_factor|medium|multi_person",0.396981949321702,1
52,"mobile|two_factor|medium|multi_person",1,1
53,"mobile|two_factor|medium|multi_person",0.94181534770026,1
54,"mobile|two_factor|medium|multi_person",0.235502566507034,1
55,"mobile|two_factor|medium|multi_person",0.467644526068064,1
56,"mobile|two_factor|medium|multi_person",0,1
57,"mobile|two_factor|medium|multi_person",1,1
58,"mobile|two_factor|medium|multi_person",0.217645700146503,1
60,"mobile|two_factor|medium|multi_person",0.215404958345748,1
61,"mobile|two_factor|medium|multi_person",0.256041365265603,1
62,"mobile|two_factor|medium|multi_person",1,1
63,"mobile|two_factor|medium|multi_person",0.791454251541249,1
64,"mobile|two_factor|medium|multi_person",0,1
65,"mobile|two_factor|medium|multi_person",0.485904360066521,1
68,"mobile|two_factor|medium|multi_person",0.664594387156395,1
69,"mobile|two_factor|medium|multi_person",1,1
70,"mobile|two_factor|medium|multi_person",0.481472707002962,1
71,"mobile|two_factor|medium|multi_person",0,1
72,"mobile|two_factor|medium|multi_person",1,1
73,"mobile|two_factor|medium|multi_person",0.474748945799622,1
74,"mobile|two_factor|medium|multi_person",0.846434774434343,1
75,"mobile|two_factor|medium|multi_person",0.801340539308864,1
76,"mobile|two_factor|medium|multi_person",0,1
77,"mobile|two_factor|medium|multi_person",0.635608530064543,1
78,"mobile|two_factor|medium|multi_person",0.526127251294336,1
79,"mobile|two_factor|medium|multi_person",0.133207124619359,1
80,"mobile|two_factor|medium|multi_person",0.271832828769701,1
81,"mobile|two_factor|medium|multi_person",0.970059586934452,1
82,"mobile|two_factor|medium|multi_person",0.752092802329668,1
83,"mobile|two_factor|medium|multi_person",1,1
84,"mobile|two_factor|medium|multi_person",1,1
86,"mobile|two_factor|medium|multi_person",0.794500685847133,1
87,"mobile|two_factor|medium|multi_person",0.239689892550258,1
88,"mobile|two_factor|medium|multi_person",0.403711699757962,1
90,"mobile|two_factor|medium|multi_person",0.458121251343588,1
91,"mobile|two_factor|medium|multi_person",0,1
92,"mobile|two_factor|medium|multi_person",0.783344228611673,1
93,"mobile|two_factor|medium|multi_person",0.155101310495449,1
94,"mobile|two_factor|medium|multi_person",0.220771842362822,1
95,"mobile|two_factor|medium|multi_person",0.812056814107272,1
96,"mobile|two_factor|medium|multi_person",0.795471943700482,1
97,"mobile|two_factor|medium|multi_person",0.700574619472041,1
98,"mobile|two_factor|medium|multi_person",0.21080591670136,1
99,"mobile|two_factor|medium|multi_person",1,1
100,"mobile|two_factor|medium|multi_person",0.222809070491007,1
101,"mobile|two_factor|medium|multi_person",0.920519413678575,1
103,"mobile|two_factor|medium|multi_person",0,1
104,"mobile|two_factor|medium|multi_person",0.0122931757860077,1
105,"mobile|two_factor|medium|multi_person",1,1
106,"mobile|two_factor|medium|multi_person",0,1
107,"mobile|two_factor|medium|multi_person",0.532837490927633,1
108,"mobile|two_factor|medium|multi_person",0.143280305169851,1
109,"mobile|two_factor|medium|multi_person",0.446144075906243,1
110,"mobile|two_factor|medium|multi_person",0.523587792480521,1
111,"mobile|two_factor|medium|multi_person",0.625457422990535,1
112,"mobile|two_factor|medium|multi_person",0.825337123354661,1
113,"mobile|two_factor|medium|multi_person",0.203572215396876,1
114,"mobile|two_factor|medium|multi_person",0.647357898374994,1
115,"mobile|two_factor|medium|multi_person",0.8479372569294,1
116,"mobile|two_factor|medium|multi_person",0.332505865042694,1
117,"mobile|two_factor|medium|multi_person",0.319663224666192,1
118,"mobile|two_factor|medium|multi_person",0.398999611522536,1
119,"mobile|two_factor|medium|multi_person",0.399831899766961,1
120,"mobile|two_factor|medium|multi_person",0,1
121,"mobile|two_factor|medium|multi_person",0.840859415810449,1
122,"mobile|two_factor|medium|multi_person",0.00636509915924512,1
123,"mobile|two_factor|medium|multi_person",0.762842769109562,1
124,"mobile|two_factor|medium|multi_person",1,1
125,"mobile|two_factor|medium|multi_person",0.339808388158069,1
126,"mobile|two_factor|medium|multi_person",0.214790690444325,1
127,"mobile|two_factor|medium|multi_person",1,1
128,"mobile|two_factor|medium|multi_person",1,1
130,"mobile|two_factor|medium|multi_person",0.219162987742122,1
131,"mobile|two_factor|medium|multi_person",0.250041191276377,1
132,"mobile|two_factor|medium|multi_person",0.485506155011668,1
133,"mobile|two_factor|medium|multi_person",0.15751804559534,1
135,"mobile|two_factor|medium|multi_person",0.372124027420061,1
136,"mobile|two_factor|medium|multi_person",0.65229523442559,1
137,"mobile|two_factor|medium|multi_person",0,1
138,"mobile|two_factor|medium|multi_person",1,1
140,"mobile|two_factor|medium|multi_person",0.0697943892501949,1
141,"mobile|two_factor|medium|multi_person",1,1
142,"mobile|two_factor|medium|multi_person",0.994540750376696,1
143,"mobile|two_factor|medium|multi_person",1,1
144,"mobile|two_factor|medium|multi_person",0.22136715734118,1
145,"mobile|two_factor|medium|multi_person",0.683236594075842,1
146,"mobile|two_factor|medium|multi_person",1,1
147,"mobile|two_factor|medium|multi_person",0.353034655750891,1
148,"mobile|two_factor|medium|multi_person",0,1
149,"mobile|two_factor|medium|multi_person",0.48107037568724,1
150,"mobile|two_factor|medium|multi_person",0.604149519024992,1
151,"mobile|two_factor|medium|multi_person",0.788874369627393,1
152,"mobile|two_factor|medium|multi_person",0.552323383124949,1
153,"mobile|two_factor|medium|multi_person",1,1
154,"mobile|two_factor|medium|multi_person",1,1
155,"mobile|two_factor|medium|multi_person",1,1
156,"mobile|two_factor|medium|multi_person",0.572935347247752,1
157,"mobile|two_factor|medium|multi_person",0.745969421907394,1
158,"mobile|two_factor|medium|multi_person",0.703184062589257,1
159,"mobile|two_factor|medium|multi_person",1,1
160,"mobile|two_factor|medium|multi_person",1,1
162,"mobile|two_factor|medium|multi_person",0.51172490791,1
163,"mobile|two_factor|medium|multi_person",0.0384686141944533,1
164,"mobile|two_factor|medium|multi_person",0.72863964410973,1
165,"mobile|two_factor|medium|multi_person",1,1
166,"mobile|two_factor|medium|multi_person",0.681286845283479,1
167,"mobile|two_factor|medium|multi_person",0,1
168,"mobile|two_factor|medium|multi_person",0.299217668333813,1
169,"mobile|two_factor|medium|multi_person",0.564362452985897,1
170,"mobile|two_factor|medium|multi_person",0.785870590725169,1
171,"mobile|two_factor|medium|multi_person",0.667118041737782,1
172,"mobile|two_factor|medium|multi_person",0.27003023927677,1
173,"mobile|two_factor|medium|multi_person",0.137852235279984,1
174,"mobile|two_factor|medium|multi_person",0,1
175,"mobile|two_factor|medium|multi_person",0.79515809674909,1
176,"mobile|two_factor|medium|multi_person",0.128192609904035,1
177,"mobile|two_factor|medium|multi_person",0.480074731941979,1
178,"mobile|two_factor|medium|multi_person",0.0122556105881558,1
179,"mobile|two_factor|medium|multi_person",0.554551573918351,1
180,"mobile|two_factor|medium|multi_person",0.495992644403337,1
181,"mobile|two_factor|medium|multi_person",0.502395639875709,1
183,"mobile|two_factor|medium|multi_person",0,1
184,"mobile|two_factor|medium|multi_person",0.0274468955127532,1
186,"mobile|two_factor|medium|multi_person",0,1
187,"mobile|two_factor|medium|multi_person",0.534450048728419,1
188,"mobile|two_factor|medium|multi_person",0.580754061970201,1
189,"mobile|two_factor|medium|multi_person",0.279499481244733,1
190,"mobile|two_factor|medium|multi_person",0,1
191,"mobile|two_factor|medium|multi_person",1,1
192,"mobile|two_factor|medium|multi_person",0.161371528590842,1
194,"mobile|two_factor|medium|multi_person",0.319808237948438,1
195,"mobile|two_factor|medium|multi_person",0.381509301525233,1
196,"mobile|two_factor|medium|multi_person",0.805853742921527,1
197,"mobile|two_factor|medium|multi_person",0.414552291149837,1
198,"mobile|two_factor|medium|multi_person",1,1
199,"mobile|two_factor|medium|multi_person",1,1
200,"mobile|two_factor|medium|multi_person",0.253550578056793,1
201,"mobile|two_factor|medium|multi_person",0.490190118346608,1
202,"mobile|two_factor|medium|multi_person",1,1
203,"mobile|two_factor|medium|multi_person",0.74061767304395,1
205,"mobile|two_factor|medium|multi_person",0,1
206,"mobile|two_factor|medium|multi_person",0.920105083331653,1
207,"mobile|two_factor|medium|multi_person",1,1
208,"mobile|two_factor|medium|multi_person",0.756147435504497,1
209,"mobile|two_factor|medium|multi_person",1,1
210,"mobile|two_factor|medium|multi_person",0.271932449916487,1
211,"mobile|two_factor|medium|multi_person",0.0900388812614839,1
212,"mobile|two_factor|medium|multi_person",1,1
213,"mobile|two_factor|medium|multi_person",0.836376379210156,1
214,"mobile|two_factor|medium|multi_person",0.935912476651423,1
217,"mobile|two_factor|medium|multi_person",0.554751299286705,1
219,"mobile|two_factor|medium|multi_person",0.252837488050088,1
220,"mobile|two_factor|medium|multi_person",1,1
221,"mobile|two_factor|medium|multi_person",0,1
222,"mobile|two_factor|medium|multi_person",0.896036058724717,1
223,"mobile|two_factor|medium|multi_person",0.239014153636758,1
224,"mobile|two_factor|medium|multi_person",0.396948495574733,1
225,"mobile|two_factor|medium|multi_person",0,1
226,"mobile|two_factor|medium|multi_person",0.319819454975359,1
227,"mobile|two_factor|medium|multi_person",0.914207845189648,1
228,"mobile|two_factor|medium|multi_person",0.524706913279241,1
230,"mobile|two_factor|medium|multi_person",0,1
231,"mobile|two_factor|medium|multi_person",0.669320957376747,1
232,"mobile|two_factor|medium|multi_person",0,1
233,"mobile|two_factor|medium|multi_person",0.369254641870019,1
234,"mobile|two_factor|medium|multi_person",0,1
235,"mobile|two_factor|medium|multi_person",0.237320712553864,1
236,"mobile|two_factor|medium|multi_person",1,1
237,"mobile|two_factor|medium|multi_person",0.937773653083375,1
238,"mobile|two_factor|medium|multi_person",1,1
239,"mobile|two_factor|medium|multi_person",0.307668899633461,1
240,"mobile|two_factor|medium|multi_person",1,1
241,"mobile|two_factor|medium|multi_person",1,1
242,"mobile|two_factor|medium|multi_person",0.211892642325442,1
243,"mobile|two_factor|medium|multi_person",0.00332265360686862,1
245,"mobile|two_factor|medium|multi_person",0.676095993165254,1
246,"mobile|two_factor|medium|multi_person",0,1
247,"mobile|two_factor|medium|multi_person",1,1
248,"mobile|two_factor|medium|multi_person",0,1
249,"mobile|two_factor|medium|multi_person",0.0813356471805207,1
250,"mobile|two_factor|medium|multi_person",0.73021079377094,1
251,"mobile|two_factor|medium|multi_person",0.535791847777519,1
252,"mobile|two_factor|medium|multi_person",0.0170878775078781,1
253,"mobile|two_factor|medium|multi_person",1,1
254,"mobile|two_factor|medium|multi_person",1,1
256,"mobile|two_factor|medium|multi_person",1,1
258,"mobile|two_factor|medium|multi_person",0.910926862192557,1
259,"mobile|two_factor|medium|multi_person",0.638952013915806,1
260,"mobile|two_factor|medium|multi_person",0,1
261,"mobile|two_factor|medium|multi_person",0.545409867882892,1
263,"mobile|two_factor|medium|multi_person",0,1
264,"mobile|two_factor|medium|multi_person",0,1
265,"mobile|two_factor|medium|multi_person",0.691564948055049,1
266,"mobile|two_factor|medium|multi_person",0.693210326057083,1
267,"mobile|two_factor|medium|multi_person",0.785427444035198,1
268,"mobile|two_factor|medium|multi_person",0.261493076518747,1
269,"mobile|two_factor|medium|multi_person",1,1
270,"mobile|two_factor|medium|multi_person",0.330621589331477,1
271,"mobile|two_factor|medium|multi_person",1,1
272,"mobile|two_factor|medium|multi_person",0.847191562072243,1
273,"mobile|two_factor|medium|multi_person",0,1
274,"mobile|two_factor|medium|multi_person",0.264127054270111,1
275,"mobile|two_factor|medium|multi_person",0,1
276,"mobile|two_factor|medium|multi_person",0,1
277,"mobile|two_factor|medium|multi_person",0.153689856464469,1
279,"mobile|two_factor|medium|multi_person",0.153663051106777,1
280,"mobile|two_factor|medium|multi_person",0,1
281,"mobile|two_factor|medium|multi_person",0.566192656665599,1
282,"mobile|two_factor|medium|multi_person",0.627443464206631,1
283,"mobile|two_factor|medium|multi_person",0.166531563120738,1
284,"mobile|two_factor|medium|multi_person",0.68866932355427,1
285,"mobile|two_factor|medium|multi_person",0,1
286,"mobile|two_factor|medium|multi_person",0.0367339869515804,1
287,"mobile|two_factor|medium|multi_person",0.786628507557701,1
288,"mobile|two_factor|medium|multi_person",0,1
289,"mobile|two_factor|medium|multi_person",0,1
290,"mobile|two_factor|medium|multi_person",0.33938475865095,1
291,"mobile|two_factor|medium|multi_person",0.506059828941859,1
292,"mobile|two_factor|medium|multi_person",0.0808392224178385,1
293,"mobile|two_factor|medium|multi_person",0.132754095941624,1
294,"mobile|two_factor|medium|multi_person",0.626181359294207,1
295,"mobile|two_factor|medium|multi_person",0,1
296,"mobile|two_factor|medium|multi_person",0.157088883769904,1
297,"mobile|two_factor|medium|multi_person",0.929707812633692,1
298,"mobile|two_factor|medium|multi_person",0.792509622603878,1
299,"mobile|two_factor|medium|multi_person",0.428528653783371,1
301,"mobile|two_factor|medium|multi_person",1,1
302,"mobile|two_factor|medium|multi_person",0.684598822405311,1
303,"mobile|two_factor|medium|multi_person",0.244514827852874,1
304,"mobile|two_factor|medium|multi_person",1,1
305,"mobile|two_factor|medium|multi_person",0.981057397802891,1
306,"mobile|two_factor|medium|multi_person",0.722466896228072,1
307,"mobile|two_factor|medium|multi_person",0.98093023739183,1
308,"mobile|two_factor|medium|multi_person",0.0240408484155134,1
309,"mobile|two_factor|medium|multi_person",1,1
310,"mobile|two_factor|medium|multi_person",1,1
311,"mobile|two_factor|medium|multi_person",0.461591865828282,1
312,"mobile|two_factor|medium|multi_person",0,1
313,"mobile|two_factor|medium|multi_person",0.875359682190516,1
314,"mobile|two_factor|medium|multi_person",0.0692224532551147,1
2,"web|two_factor|high|multi_person",0.425093167568851,1
3,"web|two_factor|high|multi_person",0.157057589264875,1
4,"web|two_factor|high|multi_person",0.520095120180145,1
5,"web|two_factor|high|multi_person",0.57186136908249,1
6,"web|two_factor|high|multi_person",0.608027231282359,1
7,"web|two_factor|high|multi_person",0.78929964139185,1
8,"web|two_factor|high|multi_person",1,1
9,"web|two_factor|high|multi_person",0.274617302675559,1
10,"web|two_factor|high|multi_person",0.888810314700189,1
11,"web|two_factor|high|multi_person",0.494527150131508,1
13,"web|two_factor|high|multi_person",0.154428499519234,1
14,"web|two_factor|high|multi_person",1,1
15,"web|two_factor|high|multi_person",0.600322179935682,1
16,"web|two_factor|high|multi_person",0.823226382314848,1
17,"web|two_factor|high|multi_person",0.407373482082104,1
18,"web|two_factor|high|multi_person",0.797148719332549,1
19,"web|two_factor|high|multi_person",0.838619114521612,1
20,"web|two_factor|high|multi_person",0.0556747512144968,1
21,"web|two_factor|high|multi_person",0.658790456369581,1
22,"web|two_factor|high|multi_person",0.0570617626936269,1
23,"web|two_factor|high|multi_person",0,1
24,"web|two_factor|high|multi_person",0.732784555779756,1
26,"web|two_factor|high|multi_person",0.846978889459411,1
27,"web|two_factor|high|multi_person",1,1
28,"web|two_factor|high|multi_person",0,1
29,"web|two_factor|high|multi_person",1,1
31,"web|two_factor|high|multi_person",0.297970183000408,1
32,"web|two_factor|high|multi_person",0.967075654820578,1
33,"web|two_factor|high|multi_person",0.225077486579778,1
35,"web|two_factor|high|multi_person",0.800961562809464,1
36,"web|two_factor|high|multi_person",0.590035853214546,1
37,"web|two_factor|high|multi_person",0.842502260634384,1
38,"web|two_factor|high|multi_person",0.527755724710644,1
39,"web|two_factor|high|multi_person",0.87370507634878,1
41,"web|two_factor|high|multi_person",0.612190853325749,1
42,"web|two_factor|high|multi_person",0.669491858694918,1
43,"web|two_factor|high|multi_person",0.843711803634767,1
44,"web|two_factor|high|multi_person",0.288418658374172,1
45,"web|two_factor|high|multi_person",0,1
46,"web|two_factor|high|multi_person",0,1
47,"web|two_factor|high|multi_person",0,1
48,"web|two_factor|high|multi_person",0,1
49,"web|two_factor|high|multi_person",0.160839812444744,1
50,"web|two_factor|high|multi_person",0.873566297146407,1
51,"web|two_factor|high|multi_person",0.687128301756028,1
52,"web|two_factor|high|multi_person",0.813238503582133,1
53,"web|two_factor|high|multi_person",0.741020821472009,1
54,"web|two_factor|high|multi_person",0.531045586945775,1
55,"web|two_factor|high|multi_person",0.397179806997182,1
56,"web|two_factor|high|multi_person",0,1
57,"web|two_factor|high|multi_person",0.416009317566787,1
58,"web|two_factor|high|multi_person",0.198766339071769,1
60,"web|two_factor|high|multi_person",0.27673586324178,1
61,"web|two_factor|high|multi_person",0.126412231977146,1
62,"web|two_factor|high|multi_person",0.393945165088551,1
63,"web|two_factor|high|multi_person",0.576383697342815,1
64,"web|two_factor|high|multi_person",0,1
65,"web|two_factor|high|multi_person",0.963602898020956,1
68,"web|two_factor|high|multi_person",0.703659512982651,1
69,"web|two_factor|high|multi_person",0.914350261558883,1
70,"web|two_factor|high|multi_person",0.552977931761058,1
71,"web|two_factor|high|multi_person",0,1
72,"web|two_factor|high|multi_person",1,1
73,"web|two_factor|high|multi_person",0.194769354902762,1
74,"web|two_factor|high|multi_person",1,1
75,"web|two_factor|high|multi_person",0.710754560680981,1
76,"web|two_factor|high|multi_person",0.195048486328862,1
77,"web|two_factor|high|multi_person",0.441620428255143,1
78,"web|two_factor|high|multi_person",0.388693882822496,1
79,"web|two_factor|high|multi_person",0.976413983980653,1
80,"web|two_factor|high|multi_person",0.158294121923796,1
81,"web|two_factor|high|multi_person",0.361220925411298,1
82,"web|two_factor|high|multi_person",0.492293299017914,1
83,"web|two_factor|high|multi_person",0.140534066512535,1
84,"web|two_factor|high|multi_person",1,1
86,"web|two_factor|high|multi_person",0.695502923848371,1
87,"web|two_factor|high|multi_person",0.628252217701969,1
88,"web|two_factor|high|multi_person",0.432335070242754,1
90,"web|two_factor|high|multi_person",0.580267610734433,1
91,"web|two_factor|high|multi_person",0,1
92,"web|two_factor|high|multi_person",0.555375172656969,1
93,"web|two_factor|high|multi_person",0.950468557611265,1
94,"web|two_factor|high|multi_person",0.948031068597134,1
95,"web|two_factor|high|multi_person",0.736427501999771,1
96,"web|two_factor|high|multi_person",0,1
97,"web|two_factor|high|multi_person",0.413709701669205,1
98,"web|two_factor|high|multi_person",0.346324081978177,1
99,"web|two_factor|high|multi_person",1,1
100,"web|two_factor|high|multi_person",0,1
101,"web|two_factor|high|multi_person",0.926536725442222,1
103,"web|two_factor|high|multi_person",1,1
104,"web|two_factor|high|multi_person",0,1
105,"web|two_factor|high|multi_person",0,1
106,"web|two_factor|high|multi_person",0,1
107,"web|two_factor|high|multi_person",1,1
108,"web|two_factor|high|multi_person",0.105025551309922,1
109,"web|two_factor|high|multi_person",0.500021541711042,1
110,"web|two_factor|high|multi_person",0.403600805774837,1
111,"web|two_factor|high|multi_person",0.606943702814313,1
112,"web|two_factor|high|multi_person",1,1
113,"web|two_factor|high|multi_person",0.223620169456147,1
114,"web|two_factor|high|multi_person",0.834383293592321,1
115,"web|two_factor|high|multi_person",0.785752263697862,1
116,"web|two_factor|high|multi_person",0.396738718931512,1
117,"web|two_factor|high|multi_person",0.144843978254487,1
118,"web|two_factor|high|multi_person",0.568876899621412,1
119,"web|two_factor|high|multi_person",1,1
120,"web|two_factor|high|multi_person",0.175512968582006,1
121,"web|two_factor|high|multi_person",0.634339370937531,1
122,"web|two_factor|high|multi_person",0,1
123,"web|two_factor|high|multi_person",0.866530430768948,1
124,"web|two_factor|high|multi_person",0.925558276941766,1
125,"web|two_factor|high|multi_person",0,1
126,"web|two_factor|high|multi_person",0.180987338277736,1
127,"web|two_factor|high|multi_person",1,1
128,"web|two_factor|high|multi_person",0,1
130,"web|two_factor|high|multi_person",0,1
131,"web|two_factor|high|multi_person",0.21968512099814,1
132,"web|two_factor|high|multi_person",0.542609841224704,1
133,"web|two_factor|high|multi_person",0.258149803979847,1
135,"web|two_factor|high|multi_person",0.35174612083328,1
136,"web|two_factor|high|multi_person",0.641757278695988,1
137,"web|two_factor|high|multi_person",0,1
138,"web|two_factor|high|multi_person",0.582755176081661,1
140,"web|two_factor|high|multi_person",0.292777299297466,1
141,"web|two_factor|high|multi_person",0.563220741773059,1
142,"web|two_factor|high|multi_person",0.934814511250536,1
143,"web|two_factor|high|multi_person",1,1
144,"web|two_factor|high|multi_person",0.331828346577189,1
145,"web|two_factor|high|multi_person",0.788113861151159,1
146,"web|two_factor|high|multi_person",1,1
147,"web|two_factor|high|multi_person",0.523012481510798,1
148,"web|two_factor|high|multi_person",0.0377537095687043,1
149,"web|two_factor|high|multi_person",0.888794392524319,1
150,"web|two_factor|high|multi_person",0.418134402141351,1
151,"web|two_factor|high|multi_person",0.698086956593632,1
152,"web|two_factor|high|multi_person",0.78791384039806,1
153,"web|two_factor|high|multi_person",0,1
154,"web|two_factor|high|multi_person",1,1
155,"web|two_factor|high|multi_person",1,1
156,"web|two_factor|high|multi_person",0.440020777140591,1
157,"web|two_factor|high|multi_person",0.630985810724021,1
158,"web|two_factor|high|multi_person",1,1
159,"web|two_factor|high|multi_person",1,1
160,"web|two_factor|high|multi_person",0.560822245287666,1
162,"web|two_factor|high|multi_person",1,1
163,"web|two_factor|high|multi_person",0.218241995946285,1
164,"web|two_factor|high|multi_person",0.793361899032996,1
165,"web|two_factor|high|multi_person",1,1
166,"web|two_factor|high|multi_person",0.490248800473872,1
167,"web|two_factor|high|multi_person",0.906418114135172,1
168,"web|two_factor|high|multi_person",0.635922466521635,1
169,"web|two_factor|high|multi_person",1,1
170,"web|two_factor|high|multi_person",1,1
171,"web|two_factor|high|multi_person",1,1
172,"web|two_factor|high|multi_person",0,1
173,"web|two_factor|high|multi_person",0.152600033448071,1
174,"web|two_factor|high|multi_person",0,1
175,"web|two_factor|high|multi_person",0.0700496904122548,1
176,"web|two_factor|high|multi_person",0.0605538411671848,1
177,"web|two_factor|high|multi_person",0.418979601627926,1
178,"web|two_factor|high|multi_person",0.228359264538238,1
179,"web|two_factor|high|multi_person",0.520856021702104,1
180,"web|two_factor|high|multi_person",0.516887062774965,1
181,"web|two_factor|high|multi_person",0.460360599005079,1
183,"web|two_factor|high|multi_person",0,1
184,"web|two_factor|high|multi_person",0,1
186,"web|two_factor|high|multi_person",0.148304724560815,1
187,"web|two_factor|high|multi_person",0.464920395394297,1
188,"web|two_factor|high|multi_person",0.809258986644858,1
189,"web|two_factor|high|multi_person",1,1
190,"web|two_factor|high|multi_person",0,1
191,"web|two_factor|high|multi_person",0.553250118238397,1
192,"web|two_factor|high|multi_person",0.333789647359702,1
194,"web|two_factor|high|multi_person",0.114504662895977,1
195,"web|two_factor|high|multi_person",0.722210315167545,1
196,"web|two_factor|high|multi_person",0.560220665484832,1
197,"web|two_factor|high|multi_person",0.495811664801239,1
198,"web|two_factor|high|multi_person",0.52872530050154,1
199,"web|two_factor|high|multi_person",1,1
200,"web|two_factor|high|multi_person",0.147410102534246,1
201,"web|two_factor|high|multi_person",0.425834838328438,1
202,"web|two_factor|high|multi_person",1,1
203,"web|two_factor|high|multi_person",0.683210824756515,1
205,"web|two_factor|high|multi_person",0.0283643713918767,1
206,"web|two_factor|high|multi_person",0.871298693610367,1
207,"web|two_factor|high|multi_person",1,1
208,"web|two_factor|high|multi_person",1,1
209,"web|two_factor|high|multi_person",0.504742225657372,1
210,"web|two_factor|high|multi_person",0.5174538249022,1
211,"web|two_factor|high|multi_person",0,1
212,"web|two_factor|high|multi_person",1,1
213,"web|two_factor|high|multi_person",0.656386115527991,1
214,"web|two_factor|high|multi_person",0.80619376757816,1
217,"web|two_factor|high|multi_person",1,1
219,"web|two_factor|high|multi_person",0.205310826960549,1
220,"web|two_factor|high|multi_person",0.8771151240943,1
221,"web|two_factor|high|multi_person",0,1
222,"web|two_factor|high|multi_person",1,1
223,"web|two_factor|high|multi_person",0.349623818836205,1
224,"web|two_factor|high|multi_person",0.40960493177288,1
225,"web|two_factor|high|multi_person",0.156129213798496,1
226,"web|two_factor|high|multi_person",0,1
227,"web|two_factor|high|multi_person",1,1
228,"web|two_factor|high|multi_person",0.874049596269695,1
230,"web|two_factor|high|multi_person",0.0999388250527382,1
231,"web|two_factor|high|multi_person",0.685235458898984,1
232,"web|two_factor|high|multi_person",0.804079271214683,1
233,"web|two_factor|high|multi_person",1,1
234,"web|two_factor|high|multi_person",0.215493820818911,1
235,"web|two_factor|high|multi_person",0.287667662462854,1
236,"web|two_factor|high|multi_person",0.79908006617501,1
237,"web|two_factor|high|multi_person",0.0914867462629782,1
238,"web|two_factor|high|multi_person",1,1
239,"web|two_factor|high|multi_person",0.364954594524844,1
240,"web|two_factor|high|multi_person",0.950415026799977,1
241,"web|two_factor|high|multi_person",0.374378299142779,1
242,"web|two_factor|high|multi_person",0.049016843100589,1
243,"web|two_factor|high|multi_person",0.171017790738281,1
245,"web|two_factor|high|multi_person",0.701262741437905,1
246,"web|two_factor|high|multi_person",0,1
247,"web|two_factor|high|multi_person",0.936545573055625,1
248,"web|two_factor|high|multi_person",0,1
249,"web|two_factor|high|multi_person",0.197643325910475,1
250,"web|two_factor|high|multi_person",0.802561647758789,1
251,"web|two_factor|high|multi_person",0.784704814718503,1
252,"web|two_factor|high|multi_person",0,1
253,"web|two_factor|high|multi_person",1,1
254,"web|two_factor|high|multi_person",0.803084372547638,1
256,"web|two_factor|high|multi_person",0.0616476965202049,1
258,"web|two_factor|high|multi_person",1,1
259,"web|two_factor|high|multi_person",0.624458909997522,1
260,"web|two_factor|high|multi_person",0.00311401590084776,1
261,"web|two_factor|high|multi_person",0.851907003328032,1
263,"web|two_factor|high|multi_person",0,1
264,"web|two_factor|high|multi_person",0.0296461912552089,1
265,"web|two_factor|high|multi_person",0.905639309375496,1
266,"web|two_factor|high|multi_person",1,1
267,"web|two_factor|high|multi_person",0.740844399845818,1
268,"web|two_factor|high|multi_person",0.141167652192798,1
269,"web|two_factor|high|multi_person",0.769121684332602,1
270,"web|two_factor|high|multi_person",0.389068010511694,1
271,"web|two_factor|high|multi_person",1,1
272,"web|two_factor|high|multi_person",1,1
273,"web|two_factor|high|multi_person",0,1
274,"web|two_factor|high|multi_person",0,1
275,"web|two_factor|high|multi_person",0,1
276,"web|two_factor|high|multi_person",0,1
277,"web|two_factor|high|multi_person",1,1
279,"web|two_factor|high|multi_person",0.375561393417476,1
280,"web|two_factor|high|multi_person",0.16788149116161,1
281,"web|two_factor|high|multi_person",0.502701661572623,1
282,"web|two_factor|high|multi_person",0.552564389960237,1
283,"web|two_factor|high|multi_person",0,1
284,"web|two_factor|high|multi_person",0.819191795001223,1
285,"web|two_factor|high|multi_person",0,1
286,"web|two_factor|high|multi_person",0.0984029179377815,1
287,"web|two_factor|high|multi_person",0.540706306447744,1
288,"web|two_factor|high|multi_person",0,1
289,"web|two_factor|high|multi_person",0,1
290,"web|two_factor|high|multi_person",0.576403750674993,1
291,"web|two_factor|high|multi_person",0.457685369936873,1
292,"web|two_factor|high|multi_person",0.143207150568629,1
293,"web|two_factor|high|multi_person",0.0975301088367945,1
294,"web|two_factor|high|multi_person",0.704968262863919,1
295,"web|two_factor|high|multi_person",0,1
296,"web|two_factor|high|multi_person",0.183180990527473,1
297,"web|two_factor|high|multi_person",1,1
298,"web|two_factor|high|multi_person",1,1
299,"web|two_factor|high|multi_person",0,1
301,"web|two_factor|high|multi_person",0.915636695287803,1
302,"web|two_factor|high|multi_person",0.696117528020207,1
303,"web|two_factor|high|multi_person",0.268619518113772,1
304,"web|two_factor|high|multi_person",0,1
305,"web|two_factor|high|multi_person",0.67132555468475,1
306,"web|two_factor|high|multi_person",0.571698183433877,1
307,"web|two_factor|high|multi_person",0.644843414948138,1
308,"web|two_factor|high|multi_person",0.793438703195806,1
309,"web|two_factor|high|multi_person",0.664364351394817,1
310,"web|two_factor|high|multi_person",0.0779886428316268,1
311,"web|two_factor|high|multi_person",0.45786981884908,1
312,"web|two_factor|high|multi_person",0.0302957330200113,1
313,"web|two_factor|high|multi_person",1,1
314,"web|two_factor|high|multi_person",0.232367061422236,1
2,"web|multi_factor|high|multi_person",0.458881188921935,1
3,"web|multi_factor|high|multi_person",0.0795519284203245,1
4,"web|multi_factor|high|multi_person",0.516587763255867,1
5,"web|multi_factor|high|multi_person",1,1
6,"web|multi_factor|high|multi_person",0.625925677018063,1
7,"web|multi_factor|high|multi_person",0.743171506823564,1
8,"web|multi_factor|high|multi_person",1,1
9,"web|multi_factor|high|multi_person",0,1
10,"web|multi_factor|high|multi_person",0.900812633697063,1
11,"web|multi_factor|high|multi_person",0.62444974025418,1
13,"web|multi_factor|high|multi_person",0.144937751322052,1
14,"web|multi_factor|high|multi_person",1,1
15,"web|multi_factor|high|multi_person",0.672431478285243,1
16,"web|multi_factor|high|multi_person",0.685123673851393,1
17,"web|multi_factor|high|multi_person",0.39872711005016,1
18,"web|multi_factor|high|multi_person",0.726343369291076,1
19,"web|multi_factor|high|multi_person",1,1
20,"web|multi_factor|high|multi_person",0.123635525010526,1
21,"web|multi_factor|high|multi_person",0.596828374339118,1
22,"web|multi_factor|high|multi_person",0,1
23,"web|multi_factor|high|multi_person",0,1
24,"web|multi_factor|high|multi_person",0.588377513272783,1
26,"web|multi_factor|high|multi_person",1,1
27,"web|multi_factor|high|multi_person",1,1
28,"web|multi_factor|high|multi_person",0,1
29,"web|multi_factor|high|multi_person",1,1
31,"web|multi_factor|high|multi_person",0.531620954303842,1
32,"web|multi_factor|high|multi_person",0.902938123463918,1
33,"web|multi_factor|high|multi_person",0.247711782696157,1
35,"web|multi_factor|high|multi_person",0.875795617719434,1
36,"web|multi_factor|high|multi_person",0.560189847398806,1
37,"web|multi_factor|high|multi_person",0.973348436159487,1
38,"web|multi_factor|high|multi_person",0.561620686653593,1
39,"web|multi_factor|high|multi_person",0.909973702783953,1
41,"web|multi_factor|high|multi_person",0.65121726793878,1
42,"web|multi_factor|high|multi_person",0.611780061550471,1
43,"web|multi_factor|high|multi_person",0.965690149528619,1
44,"web|multi_factor|high|multi_person",0.0981490599204894,1
45,"web|multi_factor|high|multi_person",0,1
46,"web|multi_factor|high|multi_person",0,1
47,"web|multi_factor|high|multi_person",0,1
48,"web|multi_factor|high|multi_person",0,1
49,"web|multi_factor|high|multi_person",0.259868542400382,1
50,"web|multi_factor|high|multi_person",0.879225093934079,1
51,"web|multi_factor|high|multi_person",0.683713370900814,1
52,"web|multi_factor|high|multi_person",0.832503550527081,1
53,"web|multi_factor|high|multi_person",0.813621910867248,1
54,"web|multi_factor|high|multi_person",0.428487251380411,1
55,"web|multi_factor|high|multi_person",0.383158370106562,1
56,"web|multi_factor|high|multi_person",0,1
57,"web|multi_factor|high|multi_person",0.60640565886792,1
58,"web|multi_factor|high|multi_person",0.236837609440804,1
60,"web|multi_factor|high|multi_person",0.253697269212528,1
61,"web|multi_factor|high|multi_person",0.189320765975839,1
62,"web|multi_factor|high|multi_person",0.521519944461164,1
63,"web|multi_factor|high|multi_person",0.519846404785586,1
64,"web|multi_factor|high|multi_person",0,1
65,"web|multi_factor|high|multi_person",0.900744100725004,1
68,"web|multi_factor|high|multi_person",0,1
69,"web|multi_factor|high|multi_person",0.800725786266241,1
70,"web|multi_factor|high|multi_person",0.908869554929928,1
71,"web|multi_factor|high|multi_person",0,1
72,"web|multi_factor|high|multi_person",1,1
73,"web|multi_factor|high|multi_person",0.455511191923511,1
74,"web|multi_factor|high|multi_person",1,1
75,"web|multi_factor|high|multi_person",0.892538429823274,1
76,"web|multi_factor|high|multi_person",0.196800155969532,1
77,"web|multi_factor|high|multi_person",0.376227070941613,1
78,"web|multi_factor|high|multi_person",0.282287712313018,1
79,"web|multi_factor|high|multi_person",0.95033781077843,1
80,"web|multi_factor|high|multi_person",0.158257662381279,1
81,"web|multi_factor|high|multi_person",0.403267847596096,1
82,"web|multi_factor|high|multi_person",0.476542919023664,1
83,"web|multi_factor|high|multi_person",0,1
84,"web|multi_factor|high|multi_person",1,1
86,"web|multi_factor|high|multi_person",0.723062057706019,1
87,"web|multi_factor|high|multi_person",0.565627721110654,1
88,"web|multi_factor|high|multi_person",0.43966220570937,1
90,"web|multi_factor|high|multi_person",0.651649976052549,1
91,"web|multi_factor|high|multi_person",0,1
92,"web|multi_factor|high|multi_person",0.597170915267159,1
93,"web|multi_factor|high|multi_person",1,1
94,"web|multi_factor|high|multi_person",1,1
95,"web|multi_factor|high|multi_person",0.72223662728481,1
96,"web|multi_factor|high|multi_person",0,1
97,"web|multi_factor|high|multi_person",0.539556242334928,1
98,"web|multi_factor|high|multi_person",0.35211613122214,1
99,"web|multi_factor|high|multi_person",1,1
100,"web|multi_factor|high|multi_person",0,1
101,"web|multi_factor|high|multi_person",0.824377070949629,1
103,"web|multi_factor|high|multi_person",1,1
104,"web|multi_factor|high|multi_person",0,1
105,"web|multi_factor|high|multi_person",0,1
106,"web|multi_factor|high|multi_person",0,1
107,"web|multi_factor|high|multi_person",1,1
108,"web|multi_factor|high|multi_person",0.15698836038846,1
109,"web|multi_factor|high|multi_person",0.591195202039671,1
110,"web|multi_factor|high|multi_person",0.444658127131361,1
111,"web|multi_factor|high|multi_person",0.527466918052768,1
112,"web|multi_factor|high|multi_person",0.960756550840296,1
113,"web|multi_factor|high|multi_person",0.13715897537565,1
114,"web|multi_factor|high|multi_person",0.707661537973486,1
115,"web|multi_factor|high|multi_person",0.637204293193347,1
116,"web|multi_factor|high|multi_person",0.501930965954062,1
117,"web|multi_factor|high|multi_person",0.134133440006489,1
118,"web|multi_factor|high|multi_person",0.653959224030682,1
119,"web|multi_factor|high|multi_person",1,1
120,"web|multi_factor|high|multi_person",0.214203612643791,1
121,"web|multi_factor|high|multi_person",0.555296065870448,1
122,"web|multi_factor|high|multi_person",0.0426103022975662,1
123,"web|multi_factor|high|multi_person",0.997249122306207,1
124,"web|multi_factor|high|multi_person",1,1
125,"web|multi_factor|high|multi_person",0,1
126,"web|multi_factor|high|multi_person",0.196384783285098,1
127,"web|multi_factor|high|multi_person",1,1
128,"web|multi_factor|high|multi_person",0.307116657839427,1
130,"web|multi_factor|high|multi_person",0,1
131,"web|multi_factor|high|multi_person",0.358580920238541,1
132,"web|multi_factor|high|multi_person",0.480105387862644,1
133,"web|multi_factor|high|multi_person",0.33364931871022,1
135,"web|multi_factor|high|multi_person",0.422202158547352,1
136,"web|multi_factor|high|multi_person",0.825876187364533,1
137,"web|multi_factor|high|multi_person",0,1
138,"web|multi_factor|high|multi_person",0.54820540329604,1
140,"web|multi_factor|high|multi_person",0.275826988376802,1
141,"web|multi_factor|high|multi_person",0.587326929526906,1
142,"web|multi_factor|high|multi_person",0.843227155653156,1
143,"web|multi_factor|high|multi_person",1,1
144,"web|multi_factor|high|multi_person",0.48068997551466,1
145,"web|multi_factor|high|multi_person",0.832580097389508,1
146,"web|multi_factor|high|multi_person",1,1
147,"web|multi_factor|high|multi_person",0.632146765441979,1
148,"web|multi_factor|high|multi_person",0.0839675574280964,1
149,"web|multi_factor|high|multi_person",1,1
150,"web|multi_factor|high|multi_person",0.385000518420872,1
151,"web|multi_factor|high|multi_person",0.646599235397876,1
152,"web|multi_factor|high|multi_person",0.789683615304145,1
153,"web|multi_factor|high|multi_person",0.838173964153197,1
154,"web|multi_factor|high|multi_person",1,1
155,"web|multi_factor|high|multi_person",1,1
156,"web|multi_factor|high|multi_person",0.494158147293222,1
157,"web|multi_factor|high|multi_person",0.665141388580214,1
158,"web|multi_factor|high|multi_person",1,1
159,"web|multi_factor|high|multi_person",1,1
160,"web|multi_factor|high|multi_person",0.631974826046147,1
162,"web|multi_factor|high|multi_person",0.982061418326737,1
163,"web|multi_factor|high|multi_person",0.25032278500153,1
164,"web|multi_factor|high|multi_person",0.816704727073182,1
165,"web|multi_factor|high|multi_person",1,1
166,"web|multi_factor|high|multi_person",0.558421647579513,1
167,"web|multi_factor|high|multi_person",0.901547667530445,1
168,"web|multi_factor|high|multi_person",0.66003558625975,1
169,"web|multi_factor|high|multi_person",1,1
170,"web|multi_factor|high|multi_person",1,1
171,"web|multi_factor|high|multi_person",1,1
172,"web|multi_factor|high|multi_person",0.060812091851622,1
173,"web|multi_factor|high|multi_person",0.114321748001485,1
174,"web|multi_factor|high|multi_person",0,1
175,"web|multi_factor|high|multi_person",0.116629136977948,1
176,"web|multi_factor|high|multi_person",0.193033250421716,1
177,"web|multi_factor|high|multi_person",0.378625807175455,1
178,"web|multi_factor|high|multi_person",0.295958755497393,1
179,"web|multi_factor|high|multi_person",1,1
180,"web|multi_factor|high|multi_person",0.498636392668869,1
181,"web|multi_factor|high|multi_person",0.422029045096393,1
183,"web|multi_factor|high|multi_person",0,1
184,"web|multi_factor|high|multi_person",0,1
186,"web|multi_factor|high|multi_person",0.221429552211094,1
187,"web|multi_factor|high|multi_person",0.256451070123578,1
188,"web|multi_factor|high|multi_person",0.745595867802707,1
189,"web|multi_factor|high|multi_person",1,1
190,"web|multi_factor|high|multi_person",0,1
191,"web|multi_factor|high|multi_person",0.710775884126072,1
192,"web|multi_factor|high|multi_person",0.413874120352378,1
194,"web|multi_factor|high|multi_person",0.120265026015379,1
195,"web|multi_factor|high|multi_person",0.599578786598115,1
196,"web|multi_factor|high|multi_person",0.559834427083077,1
197,"web|multi_factor|high|multi_person",0.620325180897489,1
198,"web|multi_factor|high|multi_person",0.515652450035674,1
199,"web|multi_factor|high|multi_person",1,1
200,"web|multi_factor|high|multi_person",0.112809916440986,1
201,"web|multi_factor|high|multi_person",0.438440344141317,1
202,"web|multi_factor|high|multi_person",1,1
203,"web|multi_factor|high|multi_person",0.704929820782304,1
205,"web|multi_factor|high|multi_person",0.0345032267471328,1
206,"web|multi_factor|high|multi_person",0.805266782882969,1
207,"web|multi_factor|high|multi_person",1,1
208,"web|multi_factor|high|multi_person",1,1
209,"web|multi_factor|high|multi_person",0.601011338765662,1
210,"web|multi_factor|high|multi_person",0.887808183668206,1
211,"web|multi_factor|high|multi_person",0,1
212,"web|multi_factor|high|multi_person",1,1
213,"web|multi_factor|high|multi_person",0.62973002493855,1
214,"web|multi_factor|high|multi_person",0.789569912266927,1
217,"web|multi_factor|high|multi_person",1,1
219,"web|multi_factor|high|multi_person",0.190276530551848,1
220,"web|multi_factor|high|multi_person",0.811339810754332,1
221,"web|multi_factor|high|multi_person",0,1
222,"web|multi_factor|high|multi_person",0.986736801235516,1
223,"web|multi_factor|high|multi_person",0.297795131356623,1
224,"web|multi_factor|high|multi_person",0.666881510244302,1
225,"web|multi_factor|high|multi_person",0.197394460229788,1
226,"web|multi_factor|high|multi_person",0,1
227,"web|multi_factor|high|multi_person",1,1
228,"web|multi_factor|high|multi_person",0.898238024913134,1
230,"web|multi_factor|high|multi_person",0.0913475422412824,1
231,"web|multi_factor|high|multi_person",0.666086390808885,1
232,"web|multi_factor|high|multi_person",0.716942263055105,1
233,"web|multi_factor|high|multi_person",1,1
234,"web|multi_factor|high|multi_person",0.104505850798998,1
235,"web|multi_factor|high|multi_person",0.261344787411249,1
236,"web|multi_factor|high|multi_person",0.789515739895743,1
237,"web|multi_factor|high|multi_person",0.159307889255189,1
238,"web|multi_factor|high|multi_person",1,1
239,"web|multi_factor|high|multi_person",0.394702778062833,1
240,"web|multi_factor|high|multi_person",0.936754980004244,1
241,"web|multi_factor|high|multi_person",0.516115098966393,1
242,"web|multi_factor|high|multi_person",0.0182541029542405,1
243,"web|multi_factor|high|multi_person",0.155066491666532,1
245,"web|multi_factor|high|multi_person",0.674983099294698,1
246,"web|multi_factor|high|multi_person",0,1
247,"web|multi_factor|high|multi_person",0.846389058495966,1
248,"web|multi_factor|high|multi_person",0.176309973242096,1
249,"web|multi_factor|high|multi_person",0.181498529342724,1
250,"web|multi_factor|high|multi_person",0.868807560614904,1
251,"web|multi_factor|high|multi_person",0.76299172353412,1
252,"web|multi_factor|high|multi_person",0,1
253,"web|multi_factor|high|multi_person",1,1
254,"web|multi_factor|high|multi_person",0.866221804851449,1
256,"web|multi_factor|high|multi_person",0,1
258,"web|multi_factor|high|multi_person",1,1
259,"web|multi_factor|high|multi_person",0.669784597904046,1
260,"web|multi_factor|high|multi_person",0.313724443308825,1
261,"web|multi_factor|high|multi_person",0.67212966985678,1
263,"web|multi_factor|high|multi_person",0,1
264,"web|multi_factor|high|multi_person",0.277507677363005,1
265,"web|multi_factor|high|multi_person",0.954180695306506,1
266,"web|multi_factor|high|multi_person",1,1
267,"web|multi_factor|high|multi_person",0.710278792954717,1
268,"web|multi_factor|high|multi_person",0.164584313080297,1
269,"web|multi_factor|high|multi_person",0.778229464640625,1
270,"web|multi_factor|high|multi_person",0.422929712037856,1
271,"web|multi_factor|high|multi_person",1,1
272,"web|multi_factor|high|multi_person",1,1
273,"web|multi_factor|high|multi_person",0,1
274,"web|multi_factor|high|multi_person",0,1
275,"web|multi_factor|high|multi_person",0.0250159941414892,1
276,"web|multi_factor|high|multi_person",0,1
277,"web|multi_factor|high|multi_person",1,1
279,"web|multi_factor|high|multi_person",0.390756183635059,1
280,"web|multi_factor|high|multi_person",0.233228919407366,1
281,"web|multi_factor|high|multi_person",0.415228367856664,1
282,"web|multi_factor|high|multi_person",0.526540815030263,1
283,"web|multi_factor|high|multi_person",0,1
284,"web|multi_factor|high|multi_person",0.80051606806327,1
285,"web|multi_factor|high|multi_person",0,1
286,"web|multi_factor|high|multi_person",0.200436563847576,1
287,"web|multi_factor|high|multi_person",0.598794988263007,1
288,"web|multi_factor|high|multi_person",0,1
289,"web|multi_factor|high|multi_person",0.0332429940084439,1
290,"web|multi_factor|high|multi_person",0.708808294798329,1
291,"web|multi_factor|high|multi_person",0.639356857383984,1
292,"web|multi_factor|high|multi_person",0.222659615309042,1
293,"web|multi_factor|high|multi_person",0.00422117900513349,1
294,"web|multi_factor|high|multi_person",0.709161868719006,1
295,"web|multi_factor|high|multi_person",0,1
296,"web|multi_factor|high|multi_person",0.217209998674186,1
297,"web|multi_factor|high|multi_person",1,1
298,"web|multi_factor|high|multi_person",1,1
299,"web|multi_factor|high|multi_person",0,1
301,"web|multi_factor|high|multi_person",0.939539512032544,1
302,"web|multi_factor|high|multi_person",0.611572678620847,1
303,"web|multi_factor|high|multi_person",0.216340450011222,1
304,"web|multi_factor|high|multi_person",1,1
305,"web|multi_factor|high|multi_person",1,1
306,"web|multi_factor|high|multi_person",0.555684278765802,1
307,"web|multi_factor|high|multi_person",0.650696170963492,1
308,"web|multi_factor|high|multi_person",0.683702592848915,1
309,"web|multi_factor|high|multi_person",0.748814510303923,1
310,"web|multi_factor|high|multi_person",0.0559408518990739,1
311,"web|multi_factor|high|multi_person",0.30262090641494,1
312,"web|multi_factor|high|multi_person",0.0144191195126105,1
313,"web|multi_factor|high|multi_person",0.957725173737139,1
314,"web|multi_factor|high|multi_person",0.345055455706895,1
2,"web|simple|medium|one_to_one",0.560061302953036,1
3,"web|simple|medium|one_to_one",0.547488614969541,1
4,"web|simple|medium|one_to_one",0.752096836172671,1
5,"web|simple|medium|one_to_one",0.581374450533443,1
6,"web|simple|medium|one_to_one",0.627208991518591,1
7,"web|simple|medium|one_to_one",1,1
8,"web|simple|medium|one_to_one",1,1
9,"web|simple|medium|one_to_one",1,1
10,"web|simple|medium|one_to_one",1,1
11,"web|simple|medium|one_to_one",0.632263516443639,1
13,"web|simple|medium|one_to_one",0.29053732921012,1
14,"web|simple|medium|one_to_one",1,1
15,"web|simple|medium|one_to_one",0.598146951388123,1
16,"web|simple|medium|one_to_one",1,1
17,"web|simple|medium|one_to_one",0.513161326015509,1
18,"web|simple|medium|one_to_one",1,1
19,"web|simple|medium|one_to_one",1,1
20,"web|simple|medium|one_to_one",0.33552056700623,1
21,"web|simple|medium|one_to_one",1,1
22,"web|simple|medium|one_to_one",0.128282440318577,1
23,"web|simple|medium|one_to_one",0,1
24,"web|simple|medium|one_to_one",1,1
26,"web|simple|medium|one_to_one",0.441726320721286,1
27,"web|simple|medium|one_to_one",1,1
28,"web|simple|medium|one_to_one",0,1
29,"web|simple|medium|one_to_one",1,1
31,"web|simple|medium|one_to_one",0.491375899317138,1
32,"web|simple|medium|one_to_one",1,1
33,"web|simple|medium|one_to_one",0.3785636083076,1
35,"web|simple|medium|one_to_one",1,1
36,"web|simple|medium|one_to_one",1,1
37,"web|simple|medium|one_to_one",0.934240448085896,1
38,"web|simple|medium|one_to_one",0.787821189843523,1
39,"web|simple|medium|one_to_one",1,1
41,"web|simple|medium|one_to_one",0.7788668349386,1
42,"web|simple|medium|one_to_one",1,1
43,"web|simple|medium|one_to_one",0.881638946681001,1
44,"web|simple|medium|one_to_one",0.814408725131581,1
45,"web|simple|medium|one_to_one",0,1
46,"web|simple|medium|one_to_one",0,1
47,"web|simple|medium|one_to_one",0.378571951332425,1
48,"web|simple|medium|one_to_one",0,1
49,"web|simple|medium|one_to_one",0.103088586847963,1
50,"web|simple|medium|one_to_one",1,1
51,"web|simple|medium|one_to_one",0.672334526232846,1
52,"web|simple|medium|one_to_one",0.801825069756508,1
53,"web|simple|medium|one_to_one",0.849662100721587,1
54,"web|simple|medium|one_to_one",0.930852624240446,1
55,"web|simple|medium|one_to_one",0.469091650145922,1
56,"web|simple|medium|one_to_one",0,1
57,"web|simple|medium|one_to_one",1,1
58,"web|simple|medium|one_to_one",0.251569690069496,1
60,"web|simple|medium|one_to_one",0.330758145776999,1
61,"web|simple|medium|one_to_one",0.225363731257744,1
62,"web|simple|medium|one_to_one",1,1
63,"web|simple|medium|one_to_one",0.998442778020201,1
64,"web|simple|medium|one_to_one",0,1
65,"web|simple|medium|one_to_one",1,1
68,"web|simple|medium|one_to_one",1,1
69,"web|simple|medium|one_to_one",1,1
70,"web|simple|medium|one_to_one",0.452849135897956,1
71,"web|simple|medium|one_to_one",0.354721502362128,1
72,"web|simple|medium|one_to_one",1,1
73,"web|simple|medium|one_to_one",0.797167481216585,1
74,"web|simple|medium|one_to_one",1,1
75,"web|simple|medium|one_to_one",0.63895262198641,1
76,"web|simple|medium|one_to_one",0.280600180745852,1
77,"web|simple|medium|one_to_one",0.706670157554643,1
78,"web|simple|medium|one_to_one",0.872927472516956,1
79,"web|simple|medium|one_to_one",1,1
80,"web|simple|medium|one_to_one",0.227155366764416,1
81,"web|simple|medium|one_to_one",0.63624652375585,1
82,"web|simple|medium|one_to_one",1,1
83,"web|simple|medium|one_to_one",0.380581420842619,1
84,"web|simple|medium|one_to_one",1,1
86,"web|simple|medium|one_to_one",0.803690291384259,1
87,"web|simple|medium|one_to_one",0.650753905496004,1
88,"web|simple|medium|one_to_one",0.518546818683635,1
90,"web|simple|medium|one_to_one",0.922273432206387,1
91,"web|simple|medium|one_to_one",0,1
92,"web|simple|medium|one_to_one",0.761001336853903,1
93,"web|simple|medium|one_to_one",0.932888964658715,1
94,"web|simple|medium|one_to_one",1,1
95,"web|simple|medium|one_to_one",0.845833215703811,1
96,"web|simple|medium|one_to_one",0.052187338458909,1
97,"web|simple|medium|one_to_one",0.441173070646888,1
98,"web|simple|medium|one_to_one",0.281745108208948,1
99,"web|simple|medium|one_to_one",1,1
100,"web|simple|medium|one_to_one",0,1
101,"web|simple|medium|one_to_one",1,1
103,"web|simple|medium|one_to_one",1,1
104,"web|simple|medium|one_to_one",0.121983458639866,1
105,"web|simple|medium|one_to_one",0,1
106,"web|simple|medium|one_to_one",0.367813728270863,1
107,"web|simple|medium|one_to_one",0.558434424634503,1
108,"web|simple|medium|one_to_one",0.0985379031779804,1
109,"web|simple|medium|one_to_one",1,1
110,"web|simple|medium|one_to_one",0.52904890789275,1
111,"web|simple|medium|one_to_one",0.879973992969546,1
112,"web|simple|medium|one_to_one",1,1
113,"web|simple|medium|one_to_one",0.254235992950944,1
114,"web|simple|medium|one_to_one",1,1
115,"web|simple|medium|one_to_one",1,1
116,"web|simple|medium|one_to_one",0.411820726252144,1
117,"web|simple|medium|one_to_one",0.314029302295476,1
118,"web|simple|medium|one_to_one",0.660782875441885,1
119,"web|simple|medium|one_to_one",0.798155155415464,1
120,"web|simple|medium|one_to_one",0.414883980343265,1
121,"web|simple|medium|one_to_one",0.795132797952657,1
122,"web|simple|medium|one_to_one",0.189270192370958,1
123,"web|simple|medium|one_to_one",1,1
124,"web|simple|medium|one_to_one",1,1
125,"web|simple|medium|one_to_one",0,1
126,"web|simple|medium|one_to_one",0.306051803764422,1
127,"web|simple|medium|one_to_one",1,1
128,"web|simple|medium|one_to_one",0.179448443232107,1
130,"web|simple|medium|one_to_one",0,1
131,"web|simple|medium|one_to_one",0.521907999162602,1
132,"web|simple|medium|one_to_one",0.522116077716436,1
133,"web|simple|medium|one_to_one",0.300567808377,1
135,"web|simple|medium|one_to_one",0.404378697826979,1
136,"web|simple|medium|one_to_one",0.988167185542259,1
137,"web|simple|medium|one_to_one",0,1
138,"web|simple|medium|one_to_one",0.970319017617926,1
140,"web|simple|medium|one_to_one",0.551868955180431,1
141,"web|simple|medium|one_to_one",0.745297307038102,1
142,"web|simple|medium|one_to_one",1,1
143,"web|simple|medium|one_to_one",1,1
144,"web|simple|medium|one_to_one",0.345036110991378,1
145,"web|simple|medium|one_to_one",0.86406715026336,1
146,"web|simple|medium|one_to_one",1,1
147,"web|simple|medium|one_to_one",0.884256829773699,1
148,"web|simple|medium|one_to_one",0.215979060134413,1
149,"web|simple|medium|one_to_one",1,1
150,"web|simple|medium|one_to_one",0.965364123591678,1
151,"web|simple|medium|one_to_one",0.995877669991854,1
152,"web|simple|medium|one_to_one",0.988787523083044,1
153,"web|simple|medium|one_to_one",0,1
154,"web|simple|medium|one_to_one",1,1
155,"web|simple|medium|one_to_one",1,1
156,"web|simple|medium|one_to_one",0.789977685536404,1
157,"web|simple|medium|one_to_one",0.780861574727109,1
158,"web|simple|medium|one_to_one",1,1
159,"web|simple|medium|one_to_one",1,1
160,"web|simple|medium|one_to_one",0.74409754646665,1
162,"web|simple|medium|one_to_one",1,1
163,"web|simple|medium|one_to_one",0.204321701372187,1
164,"web|simple|medium|one_to_one",0.881515836273551,1
165,"web|simple|medium|one_to_one",1,1
166,"web|simple|medium|one_to_one",0.605163619782442,1
167,"web|simple|medium|one_to_one",1,1
168,"web|simple|medium|one_to_one",0.690306894313331,1
169,"web|simple|medium|one_to_one",1,1
170,"web|simple|medium|one_to_one",1,1
171,"web|simple|medium|one_to_one",1,1
172,"web|simple|medium|one_to_one",0.272642868765187,1
173,"web|simple|medium|one_to_one",0.273721321431056,1
174,"web|simple|medium|one_to_one",0,1
175,"web|simple|medium|one_to_one",1,1
176,"web|simple|medium|one_to_one",0.214923845120312,1
177,"web|simple|medium|one_to_one",0.542261571456118,1
178,"web|simple|medium|one_to_one",0.375680006965246,1
179,"web|simple|medium|one_to_one",0.586034826529094,1
180,"web|simple|medium|one_to_one",0.827451597343897,1
181,"web|simple|medium|one_to_one",0.683023641871503,1
183,"web|simple|medium|one_to_one",0,1
184,"web|simple|medium|one_to_one",0.0102595394875938,1
186,"web|simple|medium|one_to_one",0.138596611786264,1
187,"web|simple|medium|one_to_one",1,1
188,"web|simple|medium|one_to_one",1,1
189,"web|simple|medium|one_to_one",1,1
190,"web|simple|medium|one_to_one",0,1
191,"web|simple|medium|one_to_one",0.654702177154051,1
192,"web|simple|medium|one_to_one",0.68705984726739,1
194,"web|simple|medium|one_to_one",0.221080032206125,1
195,"web|simple|medium|one_to_one",0.913583904310036,1
196,"web|simple|medium|one_to_one",0.8956047590602,1
197,"web|simple|medium|one_to_one",0.841499126199537,1
198,"web|simple|medium|one_to_one",0.702978295675123,1
199,"web|simple|medium|one_to_one",1,1
200,"web|simple|medium|one_to_one",0.173282472968409,1
201,"web|simple|medium|one_to_one",0.490099616792711,1
202,"web|simple|medium|one_to_one",1,1
203,"web|simple|medium|one_to_one",0.728319713876206,1
205,"web|simple|medium|one_to_one",0,1
206,"web|simple|medium|one_to_one",1,1
207,"web|simple|medium|one_to_one",1,1
208,"web|simple|medium|one_to_one",1,1
209,"web|simple|medium|one_to_one",0.44577003818281,1
210,"web|simple|medium|one_to_one",0.864294913591948,1
211,"web|simple|medium|one_to_one",0.244664459611855,1
212,"web|simple|medium|one_to_one",1,1
213,"web|simple|medium|one_to_one",0.863253905184928,1
214,"web|simple|medium|one_to_one",1,1
217,"web|simple|medium|one_to_one",1,1
219,"web|simple|medium|one_to_one",0.350081688238864,1
220,"web|simple|medium|one_to_one",1,1
221,"web|simple|medium|one_to_one",0,1
222,"web|simple|medium|one_to_one",1,1
223,"web|simple|medium|one_to_one",0.440768309892554,1
224,"web|simple|medium|one_to_one",0,1
225,"web|simple|medium|one_to_one",0.29165065748148,1
226,"web|simple|medium|one_to_one",0,1
227,"web|simple|medium|one_to_one",0.923325102122439,1
228,"web|simple|medium|one_to_one",0.88444307439542,1
230,"web|simple|medium|one_to_one",0.174662820562846,1
231,"web|simple|medium|one_to_one",0.800497941552783,1
232,"web|simple|medium|one_to_one",1,1
233,"web|simple|medium|one_to_one",1,1
234,"web|simple|medium|one_to_one",0.33174541925546,1
235,"web|simple|medium|one_to_one",0.795445692271442,1
236,"web|simple|medium|one_to_one",1,1
237,"web|simple|medium|one_to_one",0.268016531137806,1
238,"web|simple|medium|one_to_one",1,1
239,"web|simple|medium|one_to_one",0.662871673818368,1
240,"web|simple|medium|one_to_one",1,1
241,"web|simple|medium|one_to_one",0.467677175726683,1
242,"web|simple|medium|one_to_one",0,1
243,"web|simple|medium|one_to_one",0.231222086008424,1
245,"web|simple|medium|one_to_one",1,1
246,"web|simple|medium|one_to_one",0.127039549593391,1
247,"web|simple|medium|one_to_one",1,1
248,"web|simple|medium|one_to_one",0,1
249,"web|simple|medium|one_to_one",0.0896222755528554,1
250,"web|simple|medium|one_to_one",0.855923442923777,1
251,"web|simple|medium|one_to_one",0.872342856254156,1
252,"web|simple|medium|one_to_one",0.0725008579798392,1
253,"web|simple|medium|one_to_one",1,1
254,"web|simple|medium|one_to_one",0,1
256,"web|simple|medium|one_to_one",0,1
258,"web|simple|medium|one_to_one",1,1
259,"web|simple|medium|one_to_one",0.706280980382667,1
260,"web|simple|medium|one_to_one",0,1
261,"web|simple|medium|one_to_one",1,1
263,"web|simple|medium|one_to_one",0,1
264,"web|simple|medium|one_to_one",0.0255033299524569,1
265,"web|simple|medium|one_to_one",0.93502281502819,1
266,"web|simple|medium|one_to_one",1,1
267,"web|simple|medium|one_to_one",1,1
268,"web|simple|medium|one_to_one",0.26550029411414,1
269,"web|simple|medium|one_to_one",0.914133718263946,1
270,"web|simple|medium|one_to_one",0.507564359447089,1
271,"web|simple|medium|one_to_one",1,1
272,"web|simple|medium|one_to_one",1,1
273,"web|simple|medium|one_to_one",0.63325211104654,1
274,"web|simple|medium|one_to_one",0,1
275,"web|simple|medium|one_to_one",0.0421411790342792,1
276,"web|simple|medium|one_to_one",0,1
277,"web|simple|medium|one_to_one",0.769343997692831,1
279,"web|simple|medium|one_to_one",0.374265962103086,1
280,"web|simple|medium|one_to_one",0.0982001045459862,1
281,"web|simple|medium|one_to_one",0.961230960766478,1
282,"web|simple|medium|one_to_one",0.830562236533552,1
283,"web|simple|medium|one_to_one",0,1
284,"web|simple|medium|one_to_one",1,1
285,"web|simple|medium|one_to_one",0,1
286,"web|simple|medium|one_to_one",0.205894324850507,1
287,"web|simple|medium|one_to_one",0.960806148354608,1
288,"web|simple|medium|one_to_one",0,1
289,"web|simple|medium|one_to_one",0,1
290,"web|simple|medium|one_to_one",0.684720325790641,1
291,"web|simple|medium|one_to_one",0.74943476532278,1
292,"web|simple|medium|one_to_one",0.279826291440236,1
293,"web|simple|medium|one_to_one",0.321379233059255,1
294,"web|simple|medium|one_to_one",0.850243257845914,1
295,"web|simple|medium|one_to_one",0.386037882368708,1
296,"web|simple|medium|one_to_one",0.213387927747581,1
297,"web|simple|medium|one_to_one",1,1
298,"web|simple|medium|one_to_one",1,1
299,"web|simple|medium|one_to_one",0,1
301,"web|simple|medium|one_to_one",1,1
302,"web|simple|medium|one_to_one",0.965377819352045,1
303,"web|simple|medium|one_to_one",0.342977439379039,1
304,"web|simple|medium|one_to_one",1,1
305,"web|simple|medium|one_to_one",0.493907434179364,1
306,"web|simple|medium|one_to_one",0.543923950128356,1
307,"web|simple|medium|one_to_one",0.943049671764845,1
308,"web|simple|medium|one_to_one",0.936570592464993,1
309,"web|simple|medium|one_to_one",1,1
310,"web|simple|medium|one_to_one",0.354503335308544,1
311,"web|simple|medium|one_to_one",0.613178240703788,1
312,"web|simple|medium|one_to_one",0.338287251412927,1
313,"web|simple|medium|one_to_one",1,1
314,"web|simple|medium|one_to_one",0.602343150134192,1
2,"web|two_factor|medium|one_to_one",0.4944985985484,1
3,"web|two_factor|medium|one_to_one",0.146226744370901,1
4,"web|two_factor|medium|one_to_one",0.560371116062396,1
5,"web|two_factor|medium|one_to_one",0.65203587186436,1
6,"web|two_factor|medium|one_to_one",0.688348384879462,1
7,"web|two_factor|medium|one_to_one",0.805881015260755,1
8,"web|two_factor|medium|one_to_one",1,1
9,"web|two_factor|medium|one_to_one",0.917866475904077,1
10,"web|two_factor|medium|one_to_one",1,1
11,"web|two_factor|medium|one_to_one",0.56626047568083,1
13,"web|two_factor|medium|one_to_one",0.202494256508595,1
14,"web|two_factor|medium|one_to_one",1,1
15,"web|two_factor|medium|one_to_one",0.624342886738191,1
16,"web|two_factor|medium|one_to_one",1,1
17,"web|two_factor|medium|one_to_one",0.478375010983724,1
18,"web|two_factor|medium|one_to_one",0.895483553807071,1
19,"web|two_factor|medium|one_to_one",0.847184356240003,1
20,"web|two_factor|medium|one_to_one",0.0976851029471924,1
21,"web|two_factor|medium|one_to_one",0.844101392371818,1
22,"web|two_factor|medium|one_to_one",0.0908901079790546,1
23,"web|two_factor|medium|one_to_one",0,1
24,"web|two_factor|medium|one_to_one",0.994087772204236,1
26,"web|two_factor|medium|one_to_one",0.788510715933387,1
27,"web|two_factor|medium|one_to_one",1,1
28,"web|two_factor|medium|one_to_one",0,1
29,"web|two_factor|medium|one_to_one",1,1
31,"web|two_factor|medium|one_to_one",0.378772161773644,1
32,"web|two_factor|medium|one_to_one",1,1
33,"web|two_factor|medium|one_to_one",0.278311515825046,1
35,"web|two_factor|medium|one_to_one",0.832450605050683,1
36,"web|two_factor|medium|one_to_one",0.696058987889018,1
37,"web|two_factor|medium|one_to_one",0.976735665875984,1
38,"web|two_factor|medium|one_to_one",0.702614017182999,1
39,"web|two_factor|medium|one_to_one",1,1
41,"web|two_factor|medium|one_to_one",0.80768840235622,1
42,"web|two_factor|medium|one_to_one",0.907607574269263,1
43,"web|two_factor|medium|one_to_one",1,1
44,"web|two_factor|medium|one_to_one",0.43273313934985,1
45,"web|two_factor|medium|one_to_one",0,1
46,"web|two_factor|medium|one_to_one",0,1
47,"web|two_factor|medium|one_to_one",0.207243663734044,1
48,"web|two_factor|medium|one_to_one",0,1
49,"web|two_factor|medium|one_to_one",0.21703962106628,1
50,"web|two_factor|medium|one_to_one",1,1
51,"web|two_factor|medium|one_to_one",0.61218848235574,1
52,"web|two_factor|medium|one_to_one",0.827056183295719,1
53,"web|two_factor|medium|one_to_one",0.863764385859681,1
54,"web|two_factor|medium|one_to_one",0.668057972670065,1
55,"web|two_factor|medium|one_to_one",0.445774396777891,1
56,"web|two_factor|medium|one_to_one",0,1
57,"web|two_factor|medium|one_to_one",1,1
58,"web|two_factor|medium|one_to_one",0.253635806538878,1
60,"web|two_factor|medium|one_to_one",0.268572418938916,1
61,"web|two_factor|medium|one_to_one",0.228056946071508,1
62,"web|two_factor|medium|one_to_one",1,1
63,"web|two_factor|medium|one_to_one",0.748857825417424,1
64,"web|two_factor|medium|one_to_one",0,1
65,"web|two_factor|medium|one_to_one",1,1
68,"web|two_factor|medium|one_to_one",0.960614876077916,1
69,"web|two_factor|medium|one_to_one",1,1
70,"web|two_factor|medium|one_to_one",0.483052524362346,1
71,"web|two_factor|medium|one_to_one",0,1
72,"web|two_factor|medium|one_to_one",1,1
73,"web|two_factor|medium|one_to_one",0.341239268595065,1
74,"web|two_factor|medium|one_to_one",1,1
75,"web|two_factor|medium|one_to_one",0.688654029228698,1
76,"web|two_factor|medium|one_to_one",0.258210181171686,1
77,"web|two_factor|medium|one_to_one",0.466792185053495,1
78,"web|two_factor|medium|one_to_one",0.515065696320753,1
79,"web|two_factor|medium|one_to_one",1,1
80,"web|two_factor|medium|one_to_one",0.168455845366978,1
81,"web|two_factor|medium|one_to_one",0.550311618231895,1
82,"web|two_factor|medium|one_to_one",0.746731651738411,1
83,"web|two_factor|medium|one_to_one",0.49825079723396,1
84,"web|two_factor|medium|one_to_one",1,1
86,"web|two_factor|medium|one_to_one",0.715634889505275,1
87,"web|two_factor|medium|one_to_one",0.595412463304418,1
88,"web|two_factor|medium|one_to_one",0.456405711950097,1
90,"web|two_factor|medium|one_to_one",0.687687087904614,1
91,"web|two_factor|medium|one_to_one",0,1
92,"web|two_factor|medium|one_to_one",0.723330280310832,1
93,"web|two_factor|medium|one_to_one",0.888382958850215,1
94,"web|two_factor|medium|one_to_one",1,1
95,"web|two_factor|medium|one_to_one",0.804803310851817,1
96,"web|two_factor|medium|one_to_one",0,1
97,"web|two_factor|medium|one_to_one",0.463858133999373,1
98,"web|two_factor|medium|one_to_one",0.304582452936048,1
99,"web|two_factor|medium|one_to_one",1,1
100,"web|two_factor|medium|one_to_one",0,1
101,"web|two_factor|medium|one_to_one",1,1
103,"web|two_factor|medium|one_to_one",1,1
104,"web|two_factor|medium|one_to_one",0,1
105,"web|two_factor|medium|one_to_one",0,1
106,"web|two_factor|medium|one_to_one",0,1
107,"web|two_factor|medium|one_to_one",0.738889080602765,1
108,"web|two_factor|medium|one_to_one",0.0535503782158209,1
109,"web|two_factor|medium|one_to_one",1,1
110,"web|two_factor|medium|one_to_one",0.440968508367086,1
111,"web|two_factor|medium|one_to_one",0.893348258735162,1
112,"web|two_factor|medium|one_to_one",1,1
113,"web|two_factor|medium|one_to_one",0.0919742521071105,1
114,"web|two_factor|medium|one_to_one",1,1
115,"web|two_factor|medium|one_to_one",0.938197190383395,1
116,"web|two_factor|medium|one_to_one",0.398365270941859,1
117,"web|two_factor|medium|one_to_one",0.193615844471069,1
118,"web|two_factor|medium|one_to_one",0.543948123588262,1
119,"web|two_factor|medium|one_to_one",0.838496524152671,1
120,"web|two_factor|medium|one_to_one",0.199011918541152,1
121,"web|two_factor|medium|one_to_one",0.74358614763802,1
122,"web|two_factor|medium|one_to_one",0.133434897676106,1
123,"web|two_factor|medium|one_to_one",1,1
124,"web|two_factor|medium|one_to_one",1,1
125,"web|two_factor|medium|one_to_one",0,1
126,"web|two_factor|medium|one_to_one",0.194217066450285,1
127,"web|two_factor|medium|one_to_one",1,1
128,"web|two_factor|medium|one_to_one",0.348884910903608,1
130,"web|two_factor|medium|one_to_one",0,1
131,"web|two_factor|medium|one_to_one",0.178223792696538,1
132,"web|two_factor|medium|one_to_one",0.327103719162216,1
133,"web|two_factor|medium|one_to_one",0.232171934284253,1
135,"web|two_factor|medium|one_to_one",0.399364437652573,1
136,"web|two_factor|medium|one_to_one",0.750821843237806,1
137,"web|two_factor|medium|one_to_one",0,1
138,"web|two_factor|medium|one_to_one",0.528493542066621,1
140,"web|two_factor|medium|one_to_one",0.500456840186461,1
141,"web|two_factor|medium|one_to_one",0.705237887067917,1
142,"web|two_factor|medium|one_to_one",1,1
143,"web|two_factor|medium|one_to_one",1,1
144,"web|two_factor|medium|one_to_one",0.298540679846158,1
145,"web|two_factor|medium|one_to_one",0.775574637197981,1
146,"web|two_factor|medium|one_to_one",1,1
147,"web|two_factor|medium|one_to_one",0.76039017996338,1
148,"web|two_factor|medium|one_to_one",0.147253369901544,1
149,"web|two_factor|medium|one_to_one",0.955719215334174,1
150,"web|two_factor|medium|one_to_one",0.807688542714067,1
151,"web|two_factor|medium|one_to_one",0.851747087398449,1
152,"web|two_factor|medium|one_to_one",0.853430855026559,1
153,"web|two_factor|medium|one_to_one",0,1
154,"web|two_factor|medium|one_to_one",1,1
155,"web|two_factor|medium|one_to_one",1,1
156,"web|two_factor|medium|one_to_one",0.616120966695002,1
157,"web|two_factor|medium|one_to_one",0.688919676834805,1
158,"web|two_factor|medium|one_to_one",1,1
159,"web|two_factor|medium|one_to_one",1,1
160,"web|two_factor|medium|one_to_one",0.689115115057594,1
162,"web|two_factor|medium|one_to_one",1,1
163,"web|two_factor|medium|one_to_one",0.199515773938669,1
164,"web|two_factor|medium|one_to_one",0.873805418524801,1
165,"web|two_factor|medium|one_to_one",1,1
166,"web|two_factor|medium|one_to_one",0.548326652275299,1
167,"web|two_factor|medium|one_to_one",0.973368994423721,1
168,"web|two_factor|medium|one_to_one",0.62103799756346,1
169,"web|two_factor|medium|one_to_one",1,1
170,"web|two_factor|medium|one_to_one",1,1
171,"web|two_factor|medium|one_to_one",1,1
172,"web|two_factor|medium|one_to_one",0.266433947225117,1
173,"web|two_factor|medium|one_to_one",0.230456991350808,1
174,"web|two_factor|medium|one_to_one",0,1
175,"web|two_factor|medium|one_to_one",0.698957014651613,1
176,"web|two_factor|medium|one_to_one",0.12962308307026,1
177,"web|two_factor|medium|one_to_one",0.433621221241363,1
178,"web|two_factor|medium|one_to_one",0.238282681924064,1
179,"web|two_factor|medium|one_to_one",0.715597811791914,1
180,"web|two_factor|medium|one_to_one",0.701841581359158,1
181,"web|two_factor|medium|one_to_one",0.558920978705198,1
183,"web|two_factor|medium|one_to_one",0,1
184,"web|two_factor|medium|one_to_one",0,1
186,"web|two_factor|medium|one_to_one",0.114759874450406,1
187,"web|two_factor|medium|one_to_one",0.814214894257197,1
188,"web|two_factor|medium|one_to_one",0.772127815585512,1
189,"web|two_factor|medium|one_to_one",1,1
190,"web|two_factor|medium|one_to_one",0,1
191,"web|two_factor|medium|one_to_one",0.642095598150297,1
192,"web|two_factor|medium|one_to_one",0.293306227971912,1
194,"web|two_factor|medium|one_to_one",0.143836237846545,1
195,"web|two_factor|medium|one_to_one",0.740848619823257,1
196,"web|two_factor|medium|one_to_one",0.698107353359071,1
197,"web|two_factor|medium|one_to_one",0.707465786221819,1
198,"web|two_factor|medium|one_to_one",0.655078020090399,1
199,"web|two_factor|medium|one_to_one",1,1
200,"web|two_factor|medium|one_to_one",0.127575151399177,1
201,"web|two_factor|medium|one_to_one",0.44401096545101,1
202,"web|two_factor|medium|one_to_one",1,1
203,"web|two_factor|medium|one_to_one",0.745582452009593,1
205,"web|two_factor|medium|one_to_one",0,1
206,"web|two_factor|medium|one_to_one",1,1
207,"web|two_factor|medium|one_to_one",1,1
208,"web|two_factor|medium|one_to_one",1,1
209,"web|two_factor|medium|one_to_one",0.537323402916731,1
210,"web|two_factor|medium|one_to_one",0.422629500003665,1
211,"web|two_factor|medium|one_to_one",0,1
212,"web|two_factor|medium|one_to_one",1,1
213,"web|two_factor|medium|one_to_one",0.799263127855689,1
214,"web|two_factor|medium|one_to_one",0.972277521795664,1
217,"web|two_factor|medium|one_to_one",1,1
219,"web|two_factor|medium|one_to_one",0.26161303648317,1
220,"web|two_factor|medium|one_to_one",0.978734159641654,1
221,"web|two_factor|medium|one_to_one",0.139098786121056,1
222,"web|two_factor|medium|one_to_one",1,1
223,"web|two_factor|medium|one_to_one",0.338570634980153,1
224,"web|two_factor|medium|one_to_one",0.208463465187814,1
225,"web|two_factor|medium|one_to_one",0.0663684154754913,1
226,"web|two_factor|medium|one_to_one",0,1
227,"web|two_factor|medium|one_to_one",1,1
228,"web|two_factor|medium|one_to_one",0.915294378645204,1
230,"web|two_factor|medium|one_to_one",0.231305050437436,1
231,"web|two_factor|medium|one_to_one",0.71578597507217,1
232,"web|two_factor|medium|one_to_one",1,1
233,"web|two_factor|medium|one_to_one",1,1
234,"web|two_factor|medium|one_to_one",0.207103033276195,1
235,"web|two_factor|medium|one_to_one",0.143109733342816,1
236,"web|two_factor|medium|one_to_one",0.974269194910798,1
237,"web|two_factor|medium|one_to_one",0.237342344100042,1
238,"web|two_factor|medium|one_to_one",1,1
239,"web|two_factor|medium|one_to_one",0.563916033189051,1
240,"web|two_factor|medium|one_to_one",0.988412286322661,1
241,"web|two_factor|medium|one_to_one",0.275047085968832,1
242,"web|two_factor|medium|one_to_one",0,1
243,"web|two_factor|medium|one_to_one",0.216201613547987,1
245,"web|two_factor|medium|one_to_one",1,1
246,"web|two_factor|medium|one_to_one",0,1
247,"web|two_factor|medium|one_to_one",1,1
248,"web|two_factor|medium|one_to_one",0,1
249,"web|two_factor|medium|one_to_one",0.100539130492614,1
250,"web|two_factor|medium|one_to_one",0.8007108984374,1
251,"web|two_factor|medium|one_to_one",0.863015694483627,1
252,"web|two_factor|medium|one_to_one",0,1
253,"web|two_factor|medium|one_to_one",1,1
254,"web|two_factor|medium|one_to_one",0.819313039642204,1
256,"web|two_factor|medium|one_to_one",0.25059969829672,1
258,"web|two_factor|medium|one_to_one",1,1
259,"web|two_factor|medium|one_to_one",0.67019964144784,1
260,"web|two_factor|medium|one_to_one",0,1
261,"web|two_factor|medium|one_to_one",0.732809920438632,1
263,"web|two_factor|medium|one_to_one",0,1
264,"web|two_factor|medium|one_to_one",0.0439025163572067,1
265,"web|two_factor|medium|one_to_one",0.89639727851914,1
266,"web|two_factor|medium|one_to_one",1,1
267,"web|two_factor|medium|one_to_one",0.953205787643297,1
268,"web|two_factor|medium|one_to_one",0.138026313954423,1
269,"web|two_factor|medium|one_to_one",0.813141662169932,1
270,"web|two_factor|medium|one_to_one",0.406041720315208,1
271,"web|two_factor|medium|one_to_one",1,1
272,"web|two_factor|medium|one_to_one",1,1
273,"web|two_factor|medium|one_to_one",0.0870399098359348,1
274,"web|two_factor|medium|one_to_one",0,1
275,"web|two_factor|medium|one_to_one",0,1
276,"web|two_factor|medium|one_to_one",0,1
277,"web|two_factor|medium|one_to_one",1,1
279,"web|two_factor|medium|one_to_one",0.384602323759729,1
280,"web|two_factor|medium|one_to_one",0,1
281,"web|two_factor|medium|one_to_one",0.704509227700163,1
282,"web|two_factor|medium|one_to_one",0.557461683254808,1
283,"web|two_factor|medium|one_to_one",0,1
284,"web|two_factor|medium|one_to_one",0.906002632682633,1
285,"web|two_factor|medium|one_to_one",0,1
286,"web|two_factor|medium|one_to_one",0.155282870032556,1
287,"web|two_factor|medium|one_to_one",0.60309398009333,1
288,"web|two_factor|medium|one_to_one",0,1
289,"web|two_factor|medium|one_to_one",0,1
290,"web|two_factor|medium|one_to_one",0.632568223055888,1
291,"web|two_factor|medium|one_to_one",0.682919707361907,1
292,"web|two_factor|medium|one_to_one",0.266817110194715,1
293,"web|two_factor|medium|one_to_one",0.238107497571091,1
294,"web|two_factor|medium|one_to_one",0.771633139115203,1
295,"web|two_factor|medium|one_to_one",0,1
296,"web|two_factor|medium|one_to_one",0.174381529988014,1
297,"web|two_factor|medium|one_to_one",1,1
298,"web|two_factor|medium|one_to_one",1,1
299,"web|two_factor|medium|one_to_one",0,1
301,"web|two_factor|medium|one_to_one",1,1
302,"web|two_factor|medium|one_to_one",0.615739615248406,1
303,"web|two_factor|medium|one_to_one",0.201138315319975,1
304,"web|two_factor|medium|one_to_one",0,1
305,"web|two_factor|medium|one_to_one",0.418634882246373,1
306,"web|two_factor|medium|one_to_one",0.517874465018922,1
307,"web|two_factor|medium|one_to_one",0.824495846609154,1
308,"web|two_factor|medium|one_to_one",0.667772284849113,1
309,"web|two_factor|medium|one_to_one",0.835931159119595,1
310,"web|two_factor|medium|one_to_one",0.228947996834613,1
311,"web|two_factor|medium|one_to_one",0.489118972788246,1
312,"web|two_factor|medium|one_to_one",0,1
313,"web|two_factor|medium|one_to_one",1,1
314,"web|two_factor|medium|one_to_one",0.257984281465043,1
2,"mobile|simple|high|one_to_one",0.485158322216528,1
3,"mobile|simple|high|one_to_one",0.430837696516407,1
4,"mobile|simple|high|one_to_one",1,1
5,"mobile|simple|high|one_to_one",1,1
6,"mobile|simple|high|one_to_one",0.654119089940703,1
7,"mobile|simple|high|one_to_one",1,1
8,"mobile|simple|high|one_to_one",1,1
9,"mobile|simple|high|one_to_one",1,1
10,"mobile|simple|high|one_to_one",1,1
11,"mobile|simple|high|one_to_one",1,1
13,"mobile|simple|high|one_to_one",0.314017829382473,1
14,"mobile|simple|high|one_to_one",1,1
15,"mobile|simple|high|one_to_one",0.567645510996597,1
16,"mobile|simple|high|one_to_one",1,1
17,"mobile|simple|high|one_to_one",0.568011015150813,1
18,"mobile|simple|high|one_to_one",1,1
19,"mobile|simple|high|one_to_one",1,1
20,"mobile|simple|high|one_to_one",0.135829121414893,1
21,"mobile|simple|high|one_to_one",0.879352872272708,1
22,"mobile|simple|high|one_to_one",0,1
23,"mobile|simple|high|one_to_one",0,1
24,"mobile|simple|high|one_to_one",1,1
26,"mobile|simple|high|one_to_one",0.475634965167131,1
27,"mobile|simple|high|one_to_one",0,1
28,"mobile|simple|high|one_to_one",0,1
29,"mobile|simple|high|one_to_one",1,1
31,"mobile|simple|high|one_to_one",0.428136802267881,1
32,"mobile|simple|high|one_to_one",1,1
33,"mobile|simple|high|one_to_one",0.468285311692718,1
35,"mobile|simple|high|one_to_one",0.484578874323477,1
36,"mobile|simple|high|one_to_one",1,1
37,"mobile|simple|high|one_to_one",1,1
38,"mobile|simple|high|one_to_one",0.952071938912559,1
39,"mobile|simple|high|one_to_one",1,1
41,"mobile|simple|high|one_to_one",0.566231149067803,1
42,"mobile|simple|high|one_to_one",1,1
43,"mobile|simple|high|one_to_one",0.76792561694562,1
44,"mobile|simple|high|one_to_one",1,1
45,"mobile|simple|high|one_to_one",0.997344054754505,1
46,"mobile|simple|high|one_to_one",0.939570537420727,1
47,"mobile|simple|high|one_to_one",0.33576999996486,1
48,"mobile|simple|high|one_to_one",0.104042028351484,1
49,"mobile|simple|high|one_to_one",0.0869920421921034,1
50,"mobile|simple|high|one_to_one",1,1
51,"mobile|simple|high|one_to_one",0.540743077687714,1
52,"mobile|simple|high|one_to_one",1,1
53,"mobile|simple|high|one_to_one",0.85673096671479,1
54,"mobile|simple|high|one_to_one",0.40528542894764,1
55,"mobile|simple|high|one_to_one",0.638659971635896,1
56,"mobile|simple|high|one_to_one",1,1
57,"mobile|simple|high|one_to_one",1,1
58,"mobile|simple|high|one_to_one",0.291904567409,1
60,"mobile|simple|high|one_to_one",0.33073665891009,1
61,"mobile|simple|high|one_to_one",0.192830429609571,1
62,"mobile|simple|high|one_to_one",1,1
63,"mobile|simple|high|one_to_one",1,1
64,"mobile|simple|high|one_to_one",0,1
65,"mobile|simple|high|one_to_one",0.768301254920225,1
68,"mobile|simple|high|one_to_one",1,1
69,"mobile|simple|high|one_to_one",1,1
70,"mobile|simple|high|one_to_one",0.714438770581965,1
71,"mobile|simple|high|one_to_one",0.322836988701746,1
72,"mobile|simple|high|one_to_one",1,1
73,"mobile|simple|high|one_to_one",1,1
74,"mobile|simple|high|one_to_one",0.839119312243482,1
75,"mobile|simple|high|one_to_one",0.78844224382743,1
76,"mobile|simple|high|one_to_one",0,1
77,"mobile|simple|high|one_to_one",0.774372226185269,1
78,"mobile|simple|high|one_to_one",1,1
79,"mobile|simple|high|one_to_one",0.305335489204016,1
80,"mobile|simple|high|one_to_one",0.400331391687732,1
81,"mobile|simple|high|one_to_one",1,1
82,"mobile|simple|high|one_to_one",1,1
83,"mobile|simple|high|one_to_one",0.559871180182416,1
84,"mobile|simple|high|one_to_one",1,1
86,"mobile|simple|high|one_to_one",0.949528163234945,1
87,"mobile|simple|high|one_to_one",0.300981961722039,1
88,"mobile|simple|high|one_to_one",0.511992913490096,1
90,"mobile|simple|high|one_to_one",0.741262127204425,1
91,"mobile|simple|high|one_to_one",0.782145165701209,1
92,"mobile|simple|high|one_to_one",0.619024987240821,1
93,"mobile|simple|high|one_to_one",0.125886525091007,1
94,"mobile|simple|high|one_to_one",1,1
95,"mobile|simple|high|one_to_one",0.816644959675728,1
96,"mobile|simple|high|one_to_one",0.85810925631829,1
97,"mobile|simple|high|one_to_one",0.713380147690497,1
98,"mobile|simple|high|one_to_one",0.253167266012041,1
99,"mobile|simple|high|one_to_one",1,1
100,"mobile|simple|high|one_to_one",0.466154355326061,1
101,"mobile|simple|high|one_to_one",1,1
103,"mobile|simple|high|one_to_one",0.399800750915327,1
104,"mobile|simple|high|one_to_one",0.171707102161196,1
105,"mobile|simple|high|one_to_one",1,1
106,"mobile|simple|high|one_to_one",0.312832574132766,1
107,"mobile|simple|high|one_to_one",0.567297949048412,1
108,"mobile|simple|high|one_to_one",0.3121454799852,1
109,"mobile|simple|high|one_to_one",1,1
110,"mobile|simple|high|one_to_one",0.6567722838684,1
111,"mobile|simple|high|one_to_one",0.854665819805032,1
112,"mobile|simple|high|one_to_one",1,1
113,"mobile|simple|high|one_to_one",0.398788325295987,1
114,"mobile|simple|high|one_to_one",1,1
115,"mobile|simple|high|one_to_one",1,1
116,"mobile|simple|high|one_to_one",0.329223317375604,1
117,"mobile|simple|high|one_to_one",0.402650785009543,1
118,"mobile|simple|high|one_to_one",0.524751041024581,1
119,"mobile|simple|high|one_to_one",0.37081291237787,1
120,"mobile|simple|high|one_to_one",0.225316171902043,1
121,"mobile|simple|high|one_to_one",0.903157079022199,1
122,"mobile|simple|high|one_to_one",0.268838261276587,1
123,"mobile|simple|high|one_to_one",1,1
124,"mobile|simple|high|one_to_one",1,1
125,"mobile|simple|high|one_to_one",0.504678044225118,1
126,"mobile|simple|high|one_to_one",0.291273619803158,1
127,"mobile|simple|high|one_to_one",1,1
128,"mobile|simple|high|one_to_one",1,1
130,"mobile|simple|high|one_to_one",0.469576832266088,1
131,"mobile|simple|high|one_to_one",0.268939243985684,1
132,"mobile|simple|high|one_to_one",0.512195044560439,1
133,"mobile|simple|high|one_to_one",0.291779378836907,1
135,"mobile|simple|high|one_to_one",0.520576393749385,1
136,"mobile|simple|high|one_to_one",1,1
137,"mobile|simple|high|one_to_one",0.00843674735527716,1
138,"mobile|simple|high|one_to_one",1,1
140,"mobile|simple|high|one_to_one",0.345607848034291,1
141,"mobile|simple|high|one_to_one",1,1
142,"mobile|simple|high|one_to_one",1,1
143,"mobile|simple|high|one_to_one",1,1
144,"mobile|simple|high|one_to_one",0.24547069518313,1
145,"mobile|simple|high|one_to_one",0.829449635424705,1
146,"mobile|simple|high|one_to_one",1,1
147,"mobile|simple|high|one_to_one",0.776424650766609,1
148,"mobile|simple|high|one_to_one",0.268626543587581,1
149,"mobile|simple|high|one_to_one",0.857130180349205,1
150,"mobile|simple|high|one_to_one",1,1
151,"mobile|simple|high|one_to_one",1,1
152,"mobile|simple|high|one_to_one",0.821012956315869,1
153,"mobile|simple|high|one_to_one",1,1
154,"mobile|simple|high|one_to_one",1,1
155,"mobile|simple|high|one_to_one",1,1
156,"mobile|simple|high|one_to_one",0.791256758548701,1
157,"mobile|simple|high|one_to_one",0.88553152335688,1
158,"mobile|simple|high|one_to_one",1,1
159,"mobile|simple|high|one_to_one",1,1
160,"mobile|simple|high|one_to_one",0.987243795796861,1
162,"mobile|simple|high|one_to_one",0.684613851660629,1
163,"mobile|simple|high|one_to_one",0.13038095498202,1
164,"mobile|simple|high|one_to_one",0.792401660900944,1
165,"mobile|simple|high|one_to_one",1,1
166,"mobile|simple|high|one_to_one",0.763757589044652,1
167,"mobile|simple|high|one_to_one",0.168599107955294,1
168,"mobile|simple|high|one_to_one",0.485853973492756,1
169,"mobile|simple|high|one_to_one",0.661792190533805,1
170,"mobile|simple|high|one_to_one",0.798594002051852,1
171,"mobile|simple|high|one_to_one",1,1
172,"mobile|simple|high|one_to_one",0.73751281688269,1
173,"mobile|simple|high|one_to_one",0.289082512055891,1
174,"mobile|simple|high|one_to_one",0,1
175,"mobile|simple|high|one_to_one",1,1
176,"mobile|simple|high|one_to_one",0.272544228700006,1
177,"mobile|simple|high|one_to_one",0.622546861502259,1
178,"mobile|simple|high|one_to_one",0.115240537757854,1
179,"mobile|simple|high|one_to_one",0.771153284285813,1
180,"mobile|simple|high|one_to_one",0.767196555888436,1
181,"mobile|simple|high|one_to_one",0.739572583425932,1
183,"mobile|simple|high|one_to_one",0,1
184,"mobile|simple|high|one_to_one",0.315535997385591,1
186,"mobile|simple|high|one_to_one",0.183553837653311,1
187,"mobile|simple|high|one_to_one",1,1
188,"mobile|simple|high|one_to_one",0.757933302382644,1
189,"mobile|simple|high|one_to_one",0.501702207778958,1
190,"mobile|simple|high|one_to_one",0.014793780322465,1
191,"mobile|simple|high|one_to_one",1,1
192,"mobile|simple|high|one_to_one",0.69401081948956,1
194,"mobile|simple|high|one_to_one",0.491985442657116,1
195,"mobile|simple|high|one_to_one",0.659984583738609,1
196,"mobile|simple|high|one_to_one",0.901772210558855,1
197,"mobile|simple|high|one_to_one",0.728388232245202,1
198,"mobile|simple|high|one_to_one",1,1
199,"mobile|simple|high|one_to_one",1,1
200,"mobile|simple|high|one_to_one",0.293477025497312,1
201,"mobile|simple|high|one_to_one",0.641404081565681,1
202,"mobile|simple|high|one_to_one",1,1
203,"mobile|simple|high|one_to_one",0.72299825919142,1
205,"mobile|simple|high|one_to_one",0,1
206,"mobile|simple|high|one_to_one",1,1
207,"mobile|simple|high|one_to_one",1,1
208,"mobile|simple|high|one_to_one",0.938486248186077,1
209,"mobile|simple|high|one_to_one",1,1
210,"mobile|simple|high|one_to_one",0.845032971155123,1
211,"mobile|simple|high|one_to_one",0.441503484016656,1
212,"mobile|simple|high|one_to_one",1,1
213,"mobile|simple|high|one_to_one",0.961812923548413,1
214,"mobile|simple|high|one_to_one",1,1
217,"mobile|simple|high|one_to_one",0.623977068387049,1
219,"mobile|simple|high|one_to_one",0.510933108528697,1
220,"mobile|simple|high|one_to_one",1,1
221,"mobile|simple|high|one_to_one",0,1
222,"mobile|simple|high|one_to_one",1,1
223,"mobile|simple|high|one_to_one",0.45756520005175,1
224,"mobile|simple|high|one_to_one",0.349229817196735,1
225,"mobile|simple|high|one_to_one",0.0983877414291736,1
226,"mobile|simple|high|one_to_one",0.325490817993336,1
227,"mobile|simple|high|one_to_one",1,1
228,"mobile|simple|high|one_to_one",0.513230778892508,1
230,"mobile|simple|high|one_to_one",0,1
231,"mobile|simple|high|one_to_one",0.754540260934264,1
232,"mobile|simple|high|one_to_one",0.537814683092698,1
233,"mobile|simple|high|one_to_one",1,1
234,"mobile|simple|high|one_to_one",0.035031864888222,1
235,"mobile|simple|high|one_to_one",0.875312866655552,1
236,"mobile|simple|high|one_to_one",1,1
237,"mobile|simple|high|one_to_one",1,1
238,"mobile|simple|high|one_to_one",1,1
239,"mobile|simple|high|one_to_one",0.758377372131981,1
240,"mobile|simple|high|one_to_one",1,1
241,"mobile|simple|high|one_to_one",1,1
242,"mobile|simple|high|one_to_one",0.229452627419232,1
243,"mobile|simple|high|one_to_one",0.27033520981364,1
245,"mobile|simple|high|one_to_one",0.972679001428274,1
246,"mobile|simple|high|one_to_one",0.222201181170052,1
247,"mobile|simple|high|one_to_one",1,1
248,"mobile|simple|high|one_to_one",0,1
249,"mobile|simple|high|one_to_one",0.153616482079956,1
250,"mobile|simple|high|one_to_one",0.90824967452778,1
251,"mobile|simple|high|one_to_one",0.678974408601358,1
252,"mobile|simple|high|one_to_one",0.128824147690682,1
253,"mobile|simple|high|one_to_one",1,1
254,"mobile|simple|high|one_to_one",1,1
256,"mobile|simple|high|one_to_one",1,1
258,"mobile|simple|high|one_to_one",1,1
259,"mobile|simple|high|one_to_one",0.691864374620705,1
260,"mobile|simple|high|one_to_one",0.0183827210206294,1
261,"mobile|simple|high|one_to_one",0.794218810960785,1
263,"mobile|simple|high|one_to_one",0.435831244790705,1
264,"mobile|simple|high|one_to_one",0.219891112351355,1
265,"mobile|simple|high|one_to_one",0.760087340994387,1
266,"mobile|simple|high|one_to_one",0.825213262975045,1
267,"mobile|simple|high|one_to_one",1,1
268,"mobile|simple|high|one_to_one",0.423462864183655,1
269,"mobile|simple|high|one_to_one",1,1
270,"mobile|simple|high|one_to_one",0.510378073967346,1
271,"mobile|simple|high|one_to_one",1,1
272,"mobile|simple|high|one_to_one",0.920416808215824,1
273,"mobile|simple|high|one_to_one",0.432940816206343,1
274,"mobile|simple|high|one_to_one",0.157885208214349,1
275,"mobile|simple|high|one_to_one",0.0379791684040778,1
276,"mobile|simple|high|one_to_one",0,1
277,"mobile|simple|high|one_to_one",0,1
279,"mobile|simple|high|one_to_one",0.149715331979892,1
280,"mobile|simple|high|one_to_one",0,1
281,"mobile|simple|high|one_to_one",0.831115836866573,1
282,"mobile|simple|high|one_to_one",0.95291672624509,1
283,"mobile|simple|high|one_to_one",0.23149914792944,1
284,"mobile|simple|high|one_to_one",1,1
285,"mobile|simple|high|one_to_one",0,1
286,"mobile|simple|high|one_to_one",0.10865296555861,1
287,"mobile|simple|high|one_to_one",1,1
288,"mobile|simple|high|one_to_one",0,1
289,"mobile|simple|high|one_to_one",0,1
290,"mobile|simple|high|one_to_one",0.592820897011835,1
291,"mobile|simple|high|one_to_one",0.590545532931159,1
292,"mobile|simple|high|one_to_one",0.336181154418596,1
293,"mobile|simple|high|one_to_one",0.473628233894726,1
294,"mobile|simple|high|one_to_one",0.806550808089719,1
295,"mobile|simple|high|one_to_one",0.22190848562189,1
296,"mobile|simple|high|one_to_one",0.246252692568915,1
297,"mobile|simple|high|one_to_one",1,1
298,"mobile|simple|high|one_to_one",0.68675808924689,1
299,"mobile|simple|high|one_to_one",0.446803325983921,1
301,"mobile|simple|high|one_to_one",1,1
302,"mobile|simple|high|one_to_one",1,1
303,"mobile|simple|high|one_to_one",0.388656601343335,1
304,"mobile|simple|high|one_to_one",1,1
305,"mobile|simple|high|one_to_one",1,1
306,"mobile|simple|high|one_to_one",0.762642648130176,1
307,"mobile|simple|high|one_to_one",1,1
308,"mobile|simple|high|one_to_one",0.333849131747377,1
309,"mobile|simple|high|one_to_one",1,1
310,"mobile|simple|high|one_to_one",1,1
311,"mobile|simple|high|one_to_one",0.566097459397952,1
312,"mobile|simple|high|one_to_one",0.155556319599965,1
313,"mobile|simple|high|one_to_one",1,1
314,"mobile|simple|high|one_to_one",0.504082098162362,1
2,"mobile|simple|low|multi_person",0.491627475900735,1
3,"mobile|simple|low|multi_person",0.494043419425003,1
4,"mobile|simple|low|multi_person",1,1
5,"mobile|simple|low|multi_person",1,1
6,"mobile|simple|low|multi_person",0.808318260811005,1
7,"mobile|simple|low|multi_person",1,1
8,"mobile|simple|low|multi_person",1,1
9,"mobile|simple|low|multi_person",1,1
10,"mobile|simple|low|multi_person",0.925832832446092,1
11,"mobile|simple|low|multi_person",1,1
13,"mobile|simple|low|multi_person",0.2410365234484,1
14,"mobile|simple|low|multi_person",1,1
15,"mobile|simple|low|multi_person",0.627092944131249,1
16,"mobile|simple|low|multi_person",1,1
17,"mobile|simple|low|multi_person",0.611566886092778,1
18,"mobile|simple|low|multi_person",1,1
19,"mobile|simple|low|multi_person",1,1
20,"mobile|simple|low|multi_person",0.217574328724618,1
21,"mobile|simple|low|multi_person",0.853221070447381,1
22,"mobile|simple|low|multi_person",0.0523877261021843,1
23,"mobile|simple|low|multi_person",0,1
24,"mobile|simple|low|multi_person",1,1
26,"mobile|simple|low|multi_person",0.57396536410265,1
27,"mobile|simple|low|multi_person",0.106974080675901,1
28,"mobile|simple|low|multi_person",0,1
29,"mobile|simple|low|multi_person",1,1
31,"mobile|simple|low|multi_person",0.402344626518898,1
32,"mobile|simple|low|multi_person",1,1
33,"mobile|simple|low|multi_person",0.506581791138489,1
35,"mobile|simple|low|multi_person",0.416985536003546,1
36,"mobile|simple|low|multi_person",1,1
37,"mobile|simple|low|multi_person",0.816699756139953,1
38,"mobile|simple|low|multi_person",0.957262874324043,1
39,"mobile|simple|low|multi_person",1,1
41,"mobile|simple|low|multi_person",0.760554746986001,1
42,"mobile|simple|low|multi_person",1,1
43,"mobile|simple|low|multi_person",0.733381188431673,1
44,"mobile|simple|low|multi_person",1,1
45,"mobile|simple|low|multi_person",1,1
46,"mobile|simple|low|multi_person",1,1
47,"mobile|simple|low|multi_person",0.255123661300749,1
48,"mobile|simple|low|multi_person",0.204826539347206,1
49,"mobile|simple|low|multi_person",0.00574032787510281,1
50,"mobile|simple|low|multi_person",0.964283929964766,1
51,"mobile|simple|low|multi_person",0.5453532527685,1
52,"mobile|simple|low|multi_person",1,1
53,"mobile|simple|low|multi_person",0.93056250790568,1
54,"mobile|simple|low|multi_person",0.601514572531723,1
55,"mobile|simple|low|multi_person",0.538120019310084,1
56,"mobile|simple|low|multi_person",1,1
57,"mobile|simple|low|multi_person",1,1
58,"mobile|simple|low|multi_person",0.30937363205008,1
60,"mobile|simple|low|multi_person",0.342176019728704,1
61,"mobile|simple|low|multi_person",0.288497274589607,1
62,"mobile|simple|low|multi_person",1,1
63,"mobile|simple|low|multi_person",1,1
64,"mobile|simple|low|multi_person",0.359000007589496,1
65,"mobile|simple|low|multi_person",0.6523463088691,1
68,"mobile|simple|low|multi_person",1,1
69,"mobile|simple|low|multi_person",1,1
70,"mobile|simple|low|multi_person",0.555209152690394,1
71,"mobile|simple|low|multi_person",0.401080853849138,1
72,"mobile|simple|low|multi_person",1,1
73,"mobile|simple|low|multi_person",1,1
74,"mobile|simple|low|multi_person",0.835130330328532,1
75,"mobile|simple|low|multi_person",0.721781613774567,1
76,"mobile|simple|low|multi_person",0,1
77,"mobile|simple|low|multi_person",0.964847493318048,1
78,"mobile|simple|low|multi_person",1,1
79,"mobile|simple|low|multi_person",0.319687394108765,1
80,"mobile|simple|low|multi_person",0.412371509353069,1
81,"mobile|simple|low|multi_person",1,1
82,"mobile|simple|low|multi_person",1,1
83,"mobile|simple|low|multi_person",1,1
84,"mobile|simple|low|multi_person",1,1
86,"mobile|simple|low|multi_person",0.969182502664489,1
87,"mobile|simple|low|multi_person",0.378514590640274,1
88,"mobile|simple|low|multi_person",0.560509294375138,1
90,"mobile|simple|low|multi_person",0.744806270811254,1
91,"mobile|simple|low|multi_person",0.142477870269098,1
92,"mobile|simple|low|multi_person",0.971259305689588,1
93,"mobile|simple|low|multi_person",0.22545938731297,1
94,"mobile|simple|low|multi_person",0.974788859895848,1
95,"mobile|simple|low|multi_person",1,1
96,"mobile|simple|low|multi_person",1,1
97,"mobile|simple|low|multi_person",0.77076111045221,1
98,"mobile|simple|low|multi_person",0.216863844799193,1
99,"mobile|simple|low|multi_person",1,1
100,"mobile|simple|low|multi_person",0.897228885300642,1
101,"mobile|simple|low|multi_person",1,1
103,"mobile|simple|low|multi_person",0.431922782066546,1
104,"mobile|simple|low|multi_person",0.294430984513941,1
105,"mobile|simple|low|multi_person",1,1
106,"mobile|simple|low|multi_person",0.308044261659909,1
107,"mobile|simple|low|multi_person",0.392401959817334,1
108,"mobile|simple|low|multi_person",0.319816756593453,1
109,"mobile|simple|low|multi_person",0.509680872405714,1
110,"mobile|simple|low|multi_person",0.826716457829627,1
111,"mobile|simple|low|multi_person",0.759057029229646,1
112,"mobile|simple|low|multi_person",1,1
113,"mobile|simple|low|multi_person",0.476124716906791,1
114,"mobile|simple|low|multi_person",1,1
115,"mobile|simple|low|multi_person",1,1
116,"mobile|simple|low|multi_person",0.339661668670609,1
117,"mobile|simple|low|multi_person",0.582755180244154,1
118,"mobile|simple|low|multi_person",0.516927393198246,1
119,"mobile|simple|low|multi_person",0.376978141609449,1
120,"mobile|simple|low|multi_person",0.0755151410878819,1
121,"mobile|simple|low|multi_person",1,1
122,"mobile|simple|low|multi_person",0.106818752237839,1
123,"mobile|simple|low|multi_person",0.858935752869299,1
124,"mobile|simple|low|multi_person",1,1
125,"mobile|simple|low|multi_person",0.527691936263925,1
126,"mobile|simple|low|multi_person",0.387990348281819,1
127,"mobile|simple|low|multi_person",1,1
128,"mobile|simple|low|multi_person",1,1
130,"mobile|simple|low|multi_person",0.552380616246852,1
131,"mobile|simple|low|multi_person",0.718073840287977,1
132,"mobile|simple|low|multi_person",0.651846776846867,1
133,"mobile|simple|low|multi_person",0.241665796387501,1
135,"mobile|simple|low|multi_person",0.395204216019498,1
136,"mobile|simple|low|multi_person",0.907462590868604,1
137,"mobile|simple|low|multi_person",0.441705039154013,1
138,"mobile|simple|low|multi_person",1,1
140,"mobile|simple|low|multi_person",0.23065227871646,1
141,"mobile|simple|low|multi_person",1,1
142,"mobile|simple|low|multi_person",1,1
143,"mobile|simple|low|multi_person",1,1
144,"mobile|simple|low|multi_person",0.252175911039967,1
145,"mobile|simple|low|multi_person",0.840934368164728,1
146,"mobile|simple|low|multi_person",1,1
147,"mobile|simple|low|multi_person",0.679650489284418,1
148,"mobile|simple|low|multi_person",0,1
149,"mobile|simple|low|multi_person",0.93484963333797,1
150,"mobile|simple|low|multi_person",0.858132783279618,1
151,"mobile|simple|low|multi_person",1,1
152,"mobile|simple|low|multi_person",0.826343582232682,1
153,"mobile|simple|low|multi_person",1,1
154,"mobile|simple|low|multi_person",1,1
155,"mobile|simple|low|multi_person",1,1
156,"mobile|simple|low|multi_person",0.870655106099873,1
157,"mobile|simple|low|multi_person",0.863035328731276,1
158,"mobile|simple|low|multi_person",1,1
159,"mobile|simple|low|multi_person",1,1
160,"mobile|simple|low|multi_person",1,1
162,"mobile|simple|low|multi_person",0.638578041447336,1
163,"mobile|simple|low|multi_person",0.0833329730317991,1
164,"mobile|simple|low|multi_person",0.776224692734297,1
165,"mobile|simple|low|multi_person",1,1
166,"mobile|simple|low|multi_person",0.793384863055345,1
167,"mobile|simple|low|multi_person",0.0712384400027704,1
168,"mobile|simple|low|multi_person",0.361069493889137,1
169,"mobile|simple|low|multi_person",0.683646188690334,1
170,"mobile|simple|low|multi_person",0.860525033077568,1
171,"mobile|simple|low|multi_person",0.625588194600373,1
172,"mobile|simple|low|multi_person",0.529195574282912,1
173,"mobile|simple|low|multi_person",0.222547837142886,1
174,"mobile|simple|low|multi_person",0,1
175,"mobile|simple|low|multi_person",1,1
176,"mobile|simple|low|multi_person",0.264541927613585,1
177,"mobile|simple|low|multi_person",0.675534238166952,1
178,"mobile|simple|low|multi_person",0.208736890790115,1
179,"mobile|simple|low|multi_person",0.334438714104713,1
180,"mobile|simple|low|multi_person",0.707664632780328,1
181,"mobile|simple|low|multi_person",0.855072802900598,1
183,"mobile|simple|low|multi_person",0,1
184,"mobile|simple|low|multi_person",0.513926239322751,1
186,"mobile|simple|low|multi_person",0.0777249341776232,1
187,"mobile|simple|low|multi_person",0.965817668097003,1
188,"mobile|simple|low|multi_person",0.896136783385732,1
189,"mobile|simple|low|multi_person",0.407558216306611,1
190,"mobile|simple|low|multi_person",0.365987964447572,1
191,"mobile|simple|low|multi_person",1,1
192,"mobile|simple|low|multi_person",0.726555789173931,1
194,"mobile|simple|low|multi_person",0.475334440350856,1
195,"mobile|simple|low|multi_person",0.759587820518521,1
196,"mobile|simple|low|multi_person",1,1
197,"mobile|simple|low|multi_person",0.593701946092342,1
198,"mobile|simple|low|multi_person",1,1
199,"mobile|simple|low|multi_person",1,1
200,"mobile|simple|low|multi_person",0.359565692862938,1
201,"mobile|simple|low|multi_person",0.621725034706803,1
202,"mobile|simple|low|multi_person",1,1
203,"mobile|simple|low|multi_person",0.754415182781146,1
205,"mobile|simple|low|multi_person",0.039999779240312,1
206,"mobile|simple|low|multi_person",1,1
207,"mobile|simple|low|multi_person",1,1
208,"mobile|simple|low|multi_person",0.965160117806857,1
209,"mobile|simple|low|multi_person",1,1
210,"mobile|simple|low|multi_person",1,1
211,"mobile|simple|low|multi_person",0.455257482323864,1
212,"mobile|simple|low|multi_person",1,1
213,"mobile|simple|low|multi_person",0.999541796411116,1
214,"mobile|simple|low|multi_person",1,1
217,"mobile|simple|low|multi_person",0.613574289469154,1
219,"mobile|simple|low|multi_person",0.422194976047898,1
220,"mobile|simple|low|multi_person",1,1
221,"mobile|simple|low|multi_person",0,1
222,"mobile|simple|low|multi_person",1,1
223,"mobile|simple|low|multi_person",0.405921968385803,1
224,"mobile|simple|low|multi_person",0.154818433164868,1
225,"mobile|simple|low|multi_person",0.287241040558028,1
226,"mobile|simple|low|multi_person",0.85475116841966,1
227,"mobile|simple|low|multi_person",0.962746719754126,1
228,"mobile|simple|low|multi_person",0.589763444711488,1
230,"mobile|simple|low|multi_person",0,1
231,"mobile|simple|low|multi_person",0.842354429380736,1
232,"mobile|simple|low|multi_person",0.400037305651027,1
233,"mobile|simple|low|multi_person",0.988253843333285,1
234,"mobile|simple|low|multi_person",0.166752653068388,1
235,"mobile|simple|low|multi_person",1,1
236,"mobile|simple|low|multi_person",1,1
237,"mobile|simple|low|multi_person",1,1
238,"mobile|simple|low|multi_person",1,1
239,"mobile|simple|low|multi_person",0.529465435794804,1
240,"mobile|simple|low|multi_person",1,1
241,"mobile|simple|low|multi_person",1,1
242,"mobile|simple|low|multi_person",0.253263161834461,1
243,"mobile|simple|low|multi_person",0.27871191767398,1
245,"mobile|simple|low|multi_person",0.890362177361617,1
246,"mobile|simple|low|multi_person",0.140793879805849,1
247,"mobile|simple|low|multi_person",1,1
248,"mobile|simple|low|multi_person",0,1
249,"mobile|simple|low|multi_person",0.236394997442064,1
250,"mobile|simple|low|multi_person",0.974223411861042,1
251,"mobile|simple|low|multi_person",0.64049881913317,1
252,"mobile|simple|low|multi_person",0.595462471127251,1
253,"mobile|simple|low|multi_person",1,1
254,"mobile|simple|low|multi_person",1,1
256,"mobile|simple|low|multi_person",1,1
258,"mobile|simple|low|multi_person",1,1
259,"mobile|simple|low|multi_person",0.767757064327729,1
260,"mobile|simple|low|multi_person",0.0537239717705015,1
261,"mobile|simple|low|multi_person",0.923289286114327,1
263,"mobile|simple|low|multi_person",0,1
264,"mobile|simple|low|multi_person",0,1
265,"mobile|simple|low|multi_person",0.831895987009852,1
266,"mobile|simple|low|multi_person",0.750487854121159,1
267,"mobile|simple|low|multi_person",1,1
268,"mobile|simple|low|multi_person",0.488481186234685,1
269,"mobile|simple|low|multi_person",1,1
270,"mobile|simple|low|multi_person",0.580180878321694,1
271,"mobile|simple|low|multi_person",1,1
272,"mobile|simple|low|multi_person",0.96056443716747,1
273,"mobile|simple|low|multi_person",0,1
274,"mobile|simple|low|multi_person",0.196831854718524,1
275,"mobile|simple|low|multi_person",0,1
276,"mobile|simple|low|multi_person",0,1
277,"mobile|simple|low|multi_person",0.00314480491879759,1
279,"mobile|simple|low|multi_person",0.229343204984155,1
280,"mobile|simple|low|multi_person",0,1
281,"mobile|simple|low|multi_person",1,1
282,"mobile|simple|low|multi_person",0.909479805902269,1
283,"mobile|simple|low|multi_person",0.11967604421501,1
284,"mobile|simple|low|multi_person",0.938055872740065,1
285,"mobile|simple|low|multi_person",0,1
286,"mobile|simple|low|multi_person",0.0989986477336788,1
287,"mobile|simple|low|multi_person",1,1
288,"mobile|simple|low|multi_person",0,1
289,"mobile|simple|low|multi_person",0.122481842646091,1
290,"mobile|simple|low|multi_person",0.504814397028501,1
291,"mobile|simple|low|multi_person",0.658134544872053,1
292,"mobile|simple|low|multi_person",0.104566419519867,1
293,"mobile|simple|low|multi_person",0.340418005982344,1
294,"mobile|simple|low|multi_person",0.774875504455524,1
295,"mobile|simple|low|multi_person",0.294046316512605,1
296,"mobile|simple|low|multi_person",0.183962464964617,1
297,"mobile|simple|low|multi_person",1,1
298,"mobile|simple|low|multi_person",0.987218678354708,1
299,"mobile|simple|low|multi_person",0.817588758526786,1
301,"mobile|simple|low|multi_person",1,1
302,"mobile|simple|low|multi_person",1,1
303,"mobile|simple|low|multi_person",0.450700716548678,1
304,"mobile|simple|low|multi_person",1,1
305,"mobile|simple|low|multi_person",1,1
306,"mobile|simple|low|multi_person",0.829123574591942,1
307,"mobile|simple|low|multi_person",1,1
308,"mobile|simple|low|multi_person",0.504707379350961,1
309,"mobile|simple|low|multi_person",1,1
310,"mobile|simple|low|multi_person",1,1
311,"mobile|simple|low|multi_person",0.787517872768631,1
312,"mobile|simple|low|multi_person",0.345244831905226,1
313,"mobile|simple|low|multi_person",1,1
314,"mobile|simple|low|multi_person",0.518735989527194,1
2,"web|multi_factor|low|multi_person",0.523615846648222,1
3,"web|multi_factor|low|multi_person",0.13994412381363,1
4,"web|multi_factor|low|multi_person",0.873983184119694,1
5,"web|multi_factor|low|multi_person",1,1
6,"web|multi_factor|low|multi_person",0.842102215340153,1
7,"web|multi_factor|low|multi_person",1,1
8,"web|multi_factor|low|multi_person",1,1
9,"web|multi_factor|low|multi_person",0,1
10,"web|multi_factor|low|multi_person",0.924161793640643,1
11,"web|multi_factor|low|multi_person",0.70732628772816,1
13,"web|multi_factor|low|multi_person",0.128277977821521,1
14,"web|multi_factor|low|multi_person",1,1
15,"web|multi_factor|low|multi_person",0.769505560518857,1
16,"web|multi_factor|low|multi_person",0.893006599318883,1
17,"web|multi_factor|low|multi_person",0.507277821556741,1
18,"web|multi_factor|low|multi_person",0.871458713614663,1
19,"web|multi_factor|low|multi_person",1,1
20,"web|multi_factor|low|multi_person",0.283333295114809,1
21,"web|multi_factor|low|multi_person",0.707558914123804,1
22,"web|multi_factor|low|multi_person",0.35137023131695,1
23,"web|multi_factor|low|multi_person",0.0365770350614502,1
24,"web|multi_factor|low|multi_person",0.938712727348437,1
26,"web|multi_factor|low|multi_person",1,1
27,"web|multi_factor|low|multi_person",1,1
28,"web|multi_factor|low|multi_person",0,1
29,"web|multi_factor|low|multi_person",1,1
31,"web|multi_factor|low|multi_person",0.557642720383839,1
32,"web|multi_factor|low|multi_person",1,1
33,"web|multi_factor|low|multi_person",0.342331026566555,1
35,"web|multi_factor|low|multi_person",0.895337981907395,1
36,"web|multi_factor|low|multi_person",1,1
37,"web|multi_factor|low|multi_person",1,1
38,"web|multi_factor|low|multi_person",0.698043946269413,1
39,"web|multi_factor|low|multi_person",0.980207943302255,1
41,"web|multi_factor|low|multi_person",0.905007969784808,1
42,"web|multi_factor|low|multi_person",0.799236453813002,1
43,"web|multi_factor|low|multi_person",1,1
44,"web|multi_factor|low|multi_person",0.287055557454774,1
45,"web|multi_factor|low|multi_person",0.351815803350404,1
46,"web|multi_factor|low|multi_person",0.221274115477272,1
47,"web|multi_factor|low|multi_person",0.115564985417204,1
48,"web|multi_factor|low|multi_person",0,1
49,"web|multi_factor|low|multi_person",0.272500999180009,1
50,"web|multi_factor|low|multi_person",0.997908207507545,1
51,"web|multi_factor|low|multi_person",0.692661178525909,1
52,"web|multi_factor|low|multi_person",0.975166558310291,1
53,"web|multi_factor|low|multi_person",0.913334186328287,1
54,"web|multi_factor|low|multi_person",0.646716693261752,1
55,"web|multi_factor|low|multi_person",0.380764808771006,1
56,"web|multi_factor|low|multi_person",0,1
57,"web|multi_factor|low|multi_person",1,1
58,"web|multi_factor|low|multi_person",0.319903899681377,1
60,"web|multi_factor|low|multi_person",0.28762789474284,1
61,"web|multi_factor|low|multi_person",0.305551107581922,1
62,"web|multi_factor|low|multi_person",1,1
63,"web|multi_factor|low|multi_person",0.7395621309511,1
64,"web|multi_factor|low|multi_person",0,1
65,"web|multi_factor|low|multi_person",0.913975648433868,1
68,"web|multi_factor|low|multi_person",0.126544449359414,1
69,"web|multi_factor|low|multi_person",1,1
70,"web|multi_factor|low|multi_person",0.846261959360697,1
71,"web|multi_factor|low|multi_person",0,1
72,"web|multi_factor|low|multi_person",1,1
73,"web|multi_factor|low|multi_person",0.562459208419729,1
74,"web|multi_factor|low|multi_person",1,1
75,"web|multi_factor|low|multi_person",0.833229089924695,1
76,"web|multi_factor|low|multi_person",0.128610487875823,1
77,"web|multi_factor|low|multi_person",0.528731078283357,1
78,"web|multi_factor|low|multi_person",0.596207407891682,1
79,"web|multi_factor|low|multi_person",1,1
80,"web|multi_factor|low|multi_person",0.210278162528503,1
81,"web|multi_factor|low|multi_person",0.719176144735289,1
82,"web|multi_factor|low|multi_person",0.893109809518442,1
83,"web|multi_factor|low|multi_person",0.793663209724489,1
84,"web|multi_factor|low|multi_person",1,1
86,"web|multi_factor|low|multi_person",0.786268417718428,1
87,"web|multi_factor|low|multi_person",0.629715786320211,1
88,"web|multi_factor|low|multi_person",0.523283960947381,1
90,"web|multi_factor|low|multi_person",0.733181124024,1
91,"web|multi_factor|low|multi_person",0,1
92,"web|multi_factor|low|multi_person",0.932387638585895,1
93,"web|multi_factor|low|multi_person",1,1
94,"web|multi_factor|low|multi_person",1,1
95,"web|multi_factor|low|multi_person",0.960741449913826,1
96,"web|multi_factor|low|multi_person",0.232225692987298,1
97,"web|multi_factor|low|multi_person",0.639756717047196,1
98,"web|multi_factor|low|multi_person",0.327541242507118,1
99,"web|multi_factor|low|multi_person",1,1
100,"web|multi_factor|low|multi_person",0,1
101,"web|multi_factor|low|multi_person",0.957390279017157,1
103,"web|multi_factor|low|multi_person",1,1
104,"web|multi_factor|low|multi_person",0.0419313120903708,1
105,"web|multi_factor|low|multi_person",0,1
106,"web|multi_factor|low|multi_person",0,1
107,"web|multi_factor|low|multi_person",1,1
108,"web|multi_factor|low|multi_person",0.200860875376258,1
109,"web|multi_factor|low|multi_person",0.507957472949611,1
110,"web|multi_factor|low|multi_person",0.65583819831982,1
111,"web|multi_factor|low|multi_person",0.696351736727863,1
112,"web|multi_factor|low|multi_person",1,1
113,"web|multi_factor|low|multi_person",0.165149592839574,1
114,"web|multi_factor|low|multi_person",0.973186465794647,1
115,"web|multi_factor|low|multi_person",0.900749555170594,1
116,"web|multi_factor|low|multi_person",0.504813591765553,1
117,"web|multi_factor|low|multi_person",0.319910819608863,1
118,"web|multi_factor|low|multi_person",0.638129527011983,1
119,"web|multi_factor|low|multi_person",1,1
120,"web|multi_factor|low|multi_person",0.219646481408972,1
121,"web|multi_factor|low|multi_person",0.731993120591228,1
122,"web|multi_factor|low|multi_person",0.0771524789111744,1
123,"web|multi_factor|low|multi_person",1,1
124,"web|multi_factor|low|multi_person",1,1
125,"web|multi_factor|low|multi_person",0,1
126,"web|multi_factor|low|multi_person",0.28204047187238,1
127,"web|multi_factor|low|multi_person",1,1
128,"web|multi_factor|low|multi_person",0.562218128167124,1
130,"web|multi_factor|low|multi_person",0,1
131,"web|multi_factor|low|multi_person",0.624591775511655,1
132,"web|multi_factor|low|multi_person",0.427842324615103,1
133,"web|multi_factor|low|multi_person",0.303479530987427,1
135,"web|multi_factor|low|multi_person",0.39235819230457,1
136,"web|multi_factor|low|multi_person",0.821496726138411,1
137,"web|multi_factor|low|multi_person",0,1
138,"web|multi_factor|low|multi_person",0.997834421754169,1
140,"web|multi_factor|low|multi_person",0.376911861398532,1
141,"web|multi_factor|low|multi_person",0.748158465783548,1
142,"web|multi_factor|low|multi_person",1,1
143,"web|multi_factor|low|multi_person",1,1
144,"web|multi_factor|low|multi_person",0.459555411354348,1
145,"web|multi_factor|low|multi_person",0.866655482294683,1
146,"web|multi_factor|low|multi_person",1,1
147,"web|multi_factor|low|multi_person",0.803823125788779,1
148,"web|multi_factor|low|multi_person",0,1
149,"web|multi_factor|low|multi_person",1,1
150,"web|multi_factor|low|multi_person",0.484050852548639,1
151,"web|multi_factor|low|multi_person",0.868327154963365,1
152,"web|multi_factor|low|multi_person",0.894439201102426,1
153,"web|multi_factor|low|multi_person",0.578261413484047,1
154,"web|multi_factor|low|multi_person",1,1
155,"web|multi_factor|low|multi_person",1,1
156,"web|multi_factor|low|multi_person",0.683838935851373,1
157,"web|multi_factor|low|multi_person",0.695422228788593,1
158,"web|multi_factor|low|multi_person",1,1
159,"web|multi_factor|low|multi_person",1,1
160,"web|multi_factor|low|multi_person",0.753092690236741,1
162,"web|multi_factor|low|multi_person",1,1
163,"web|multi_factor|low|multi_person",0.237464898724525,1
164,"web|multi_factor|low|multi_person",0.868775318173669,1
165,"web|multi_factor|low|multi_person",1,1
166,"web|multi_factor|low|multi_person",0.629904735617934,1
167,"web|multi_factor|low|multi_person",0.903564042636325,1
168,"web|multi_factor|low|multi_person",0.586492576381579,1
169,"web|multi_factor|low|multi_person",1,1
170,"web|multi_factor|low|multi_person",1,1
171,"web|multi_factor|low|multi_person",1,1
172,"web|multi_factor|low|multi_person",0.292032747383337,1
173,"web|multi_factor|low|multi_person",0.140698525387678,1
174,"web|multi_factor|low|multi_person",0,1
175,"web|multi_factor|low|multi_person",0.454504245006442,1
176,"web|multi_factor|low|multi_person",0.249090998659793,1
177,"web|multi_factor|low|multi_person",0.455849883319629,1
178,"web|multi_factor|low|multi_person",0.377210618286825,1
179,"web|multi_factor|low|multi_person",1,1
180,"web|multi_factor|low|multi_person",0.604378676603037,1
181,"web|multi_factor|low|multi_person",0.643346594613077,1
183,"web|multi_factor|low|multi_person",0,1
184,"web|multi_factor|low|multi_person",0.0670952506479266,1
186,"web|multi_factor|low|multi_person",0.184325300564173,1
187,"web|multi_factor|low|multi_person",0.519342747627657,1
188,"web|multi_factor|low|multi_person",0.839203222860714,1
189,"web|multi_factor|low|multi_person",1,1
190,"web|multi_factor|low|multi_person",0,1
191,"web|multi_factor|low|multi_person",0.829728878481729,1
192,"web|multi_factor|low|multi_person",0.495620216144474,1
194,"web|multi_factor|low|multi_person",0.165746516358952,1
195,"web|multi_factor|low|multi_person",0.761371174569181,1
196,"web|multi_factor|low|multi_person",0.775555800718869,1
197,"web|multi_factor|low|multi_person",0.681367256013743,1
198,"web|multi_factor|low|multi_person",0.689270607362341,1
199,"web|multi_factor|low|multi_person",1,1
200,"web|multi_factor|low|multi_person",0.166090671174721,1
201,"web|multi_factor|low|multi_person",0.480412016782411,1
202,"web|multi_factor|low|multi_person",1,1
203,"web|multi_factor|low|multi_person",0.767354220138997,1
205,"web|multi_factor|low|multi_person",0.41896291048944,1
206,"web|multi_factor|low|multi_person",1,1
207,"web|multi_factor|low|multi_person",1,1
208,"web|multi_factor|low|multi_person",1,1
209,"web|multi_factor|low|multi_person",0.685832655730915,1
210,"web|multi_factor|low|multi_person",1,1
211,"web|multi_factor|low|multi_person",0,1
212,"web|multi_factor|low|multi_person",1,1
213,"web|multi_factor|low|multi_person",0.769620287469611,1
214,"web|multi_factor|low|multi_person",0.904164914913889,1
217,"web|multi_factor|low|multi_person",1,1
219,"web|multi_factor|low|multi_person",0.214502987193818,1
220,"web|multi_factor|low|multi_person",1,1
221,"web|multi_factor|low|multi_person",0,1
222,"web|multi_factor|low|multi_person",1,1
223,"web|multi_factor|low|multi_person",0.298801993513946,1
224,"web|multi_factor|low|multi_person",0.453456843351534,1
225,"web|multi_factor|low|multi_person",0.342194043144772,1
226,"web|multi_factor|low|multi_person",0.502831715415041,1
227,"web|multi_factor|low|multi_person",1,1
228,"web|multi_factor|low|multi_person",1,1
230,"web|multi_factor|low|multi_person",0.268809325845062,1
231,"web|multi_factor|low|multi_person",0.769429485880402,1
232,"web|multi_factor|low|multi_person",0.894833012357423,1
233,"web|multi_factor|low|multi_person",1,1
234,"web|multi_factor|low|multi_person",0.280879513506559,1
235,"web|multi_factor|low|multi_person",0.406298091120512,1
236,"web|multi_factor|low|multi_person",0.915116564685565,1
237,"web|multi_factor|low|multi_person",0.848772225091578,1
238,"web|multi_factor|low|multi_person",1,1
239,"web|multi_factor|low|multi_person",0.441147976992361,1
240,"web|multi_factor|low|multi_person",1,1
241,"web|multi_factor|low|multi_person",0.90502099483005,1
242,"web|multi_factor|low|multi_person",0.0161408584754177,1
243,"web|multi_factor|low|multi_person",0.312031152804893,1
245,"web|multi_factor|low|multi_person",0.84876377113503,1
246,"web|multi_factor|low|multi_person",0.0601679561837779,1
247,"web|multi_factor|low|multi_person",0.990380349777683,1
248,"web|multi_factor|low|multi_person",0.0708225331132945,1
249,"web|multi_factor|low|multi_person",0.257323791915499,1
250,"web|multi_factor|low|multi_person",0.995269091422703,1
251,"web|multi_factor|low|multi_person",0.83059927347515,1
252,"web|multi_factor|low|multi_person",0,1
253,"web|multi_factor|low|multi_person",1,1
254,"web|multi_factor|low|multi_person",0.395545892818565,1
256,"web|multi_factor|low|multi_person",0.860381051895232,1
258,"web|multi_factor|low|multi_person",1,1
259,"web|multi_factor|low|multi_person",0.776963164221265,1
260,"web|multi_factor|low|multi_person",0.270941660099871,1
261,"web|multi_factor|low|multi_person",0.714924404055968,1
263,"web|multi_factor|low|multi_person",0,1
264,"web|multi_factor|low|multi_person",0.133430684846869,1
265,"web|multi_factor|low|multi_person",1,1
266,"web|multi_factor|low|multi_person",1,1
267,"web|multi_factor|low|multi_person",0.898835309440497,1
268,"web|multi_factor|low|multi_person",0.245279869764735,1
269,"web|multi_factor|low|multi_person",0.87881666551332,1
270,"web|multi_factor|low|multi_person",0.540336294045955,1
271,"web|multi_factor|low|multi_person",1,1
272,"web|multi_factor|low|multi_person",1,1
273,"web|multi_factor|low|multi_person",0,1
274,"web|multi_factor|low|multi_person",0,1
275,"web|multi_factor|low|multi_person",0,1
276,"web|multi_factor|low|multi_person",0,1
277,"web|multi_factor|low|multi_person",1,1
279,"web|multi_factor|low|multi_person",0.478098843075327,1
280,"web|multi_factor|low|multi_person",0.175799624601462,1
281,"web|multi_factor|low|multi_person",0.701509781887007,1
282,"web|multi_factor|low|multi_person",0.511738895714585,1
283,"web|multi_factor|low|multi_person",0,1
284,"web|multi_factor|low|multi_person",0.868588356832335,1
285,"web|multi_factor|low|multi_person",0,1
286,"web|multi_factor|low|multi_person",0.229875983964572,1
287,"web|multi_factor|low|multi_person",0.685363548978804,1
288,"web|multi_factor|low|multi_person",0,1
289,"web|multi_factor|low|multi_person",0.226439388916362,1
290,"web|multi_factor|low|multi_person",0.749526048818509,1
291,"web|multi_factor|low|multi_person",0.82854836105161,1
292,"web|multi_factor|low|multi_person",0.174016235600974,1
293,"web|multi_factor|low|multi_person",0.0701008466923691,1
294,"web|multi_factor|low|multi_person",0.761698668242853,1
295,"web|multi_factor|low|multi_person",0.00142340368296153,1
296,"web|multi_factor|low|multi_person",0.175598746319881,1
297,"web|multi_factor|low|multi_person",1,1
298,"web|multi_factor|low|multi_person",1,1
299,"web|multi_factor|low|multi_person",0,1
301,"web|multi_factor|low|multi_person",1,1
302,"web|multi_factor|low|multi_person",0.585516351212386,1
303,"web|multi_factor|low|multi_person",0.245795288535366,1
304,"web|multi_factor|low|multi_person",1,1
305,"web|multi_factor|low|multi_person",0.974672823479106,1
306,"web|multi_factor|low|multi_person",0.602316479416425,1
307,"web|multi_factor|low|multi_person",0.766463225966587,1
308,"web|multi_factor|low|multi_person",0.812232619137145,1
309,"web|multi_factor|low|multi_person",1,1
310,"web|multi_factor|low|multi_person",0.132367056775377,1
311,"web|multi_factor|low|multi_person",0.529889059582266,1
312,"web|multi_factor|low|multi_person",0.162758976174498,1
313,"web|multi_factor|low|multi_person",1,1
314,"web|multi_factor|low|multi_person",0.417768345212179,1
2,"web|two_factor|medium|multi_person",0.43623309450632,1
3,"web|two_factor|medium|multi_person",0.149040271886192,1
4,"web|two_factor|medium|multi_person",0.529030598080336,1
5,"web|two_factor|medium|multi_person",0.512085100141101,1
6,"web|two_factor|medium|multi_person",0.626371017427674,1
7,"web|two_factor|medium|multi_person",0.79218368926933,1
8,"web|two_factor|medium|multi_person",1,1
9,"web|two_factor|medium|multi_person",0.173275617266046,1
10,"web|two_factor|medium|multi_person",0.916530184835937,1
11,"web|two_factor|medium|multi_person",0.513529081747184,1
13,"web|two_factor|medium|multi_person",0.146172724075053,1
14,"web|two_factor|medium|multi_person",1,1
15,"web|two_factor|medium|multi_person",0.586716237639228,1
16,"web|two_factor|medium|multi_person",0.878380178914981,1
17,"web|two_factor|medium|multi_person",0.413380170419107,1
18,"web|two_factor|medium|multi_person",0.829081044587492,1
19,"web|two_factor|medium|multi_person",0.809447722200474,1
20,"web|two_factor|medium|multi_person",0.0197325401526345,1
21,"web|two_factor|medium|multi_person",0.707239050761806,1
22,"web|two_factor|medium|multi_person",0,1
23,"web|two_factor|medium|multi_person",0,1
24,"web|two_factor|medium|multi_person",0.852623428396556,1
26,"web|two_factor|medium|multi_person",0.744092571747823,1
27,"web|two_factor|medium|multi_person",1,1
28,"web|two_factor|medium|multi_person",0,1
29,"web|two_factor|medium|multi_person",1,1
31,"web|two_factor|medium|multi_person",0.326958219944664,1
32,"web|two_factor|medium|multi_person",1,1
33,"web|two_factor|medium|multi_person",0.221988751400418,1
35,"web|two_factor|medium|multi_person",0.745314902542791,1
36,"web|two_factor|medium|multi_person",0.687161279353009,1
37,"web|two_factor|medium|multi_person",0.747621654819128,1
38,"web|two_factor|medium|multi_person",0.571381692978663,1
39,"web|two_factor|medium|multi_person",0.890412583535786,1
41,"web|two_factor|medium|multi_person",0.74822129842839,1
42,"web|two_factor|medium|multi_person",0.73275427444031,1
43,"web|two_factor|medium|multi_person",0.934667562129939,1
44,"web|two_factor|medium|multi_person",0.295731211550249,1
45,"web|two_factor|medium|multi_person",0,1
46,"web|two_factor|medium|multi_person",0,1
47,"web|two_factor|medium|multi_person",0,1
48,"web|two_factor|medium|multi_person",0,1
49,"web|two_factor|medium|multi_person",0.123155449969653,1
50,"web|two_factor|medium|multi_person",0.965674480459267,1
51,"web|two_factor|medium|multi_person",0.607850849811432,1
52,"web|two_factor|medium|multi_person",0.757506907095422,1
53,"web|two_factor|medium|multi_person",0.837883651589533,1
54,"web|two_factor|medium|multi_person",0.646057674372807,1
55,"web|two_factor|medium|multi_person",0.347628005787636,1
56,"web|two_factor|medium|multi_person",0,1
57,"web|two_factor|medium|multi_person",0.698865975434094,1
58,"web|two_factor|medium|multi_person",0.188038580939384,1
60,"web|two_factor|medium|multi_person",0.246081154227218,1
61,"web|two_factor|medium|multi_person",0.207493449445461,1
62,"web|two_factor|medium|multi_person",0.612059977860095,1
63,"web|two_factor|medium|multi_person",0.623645216600005,1
64,"web|two_factor|medium|multi_person",0,1
65,"web|two_factor|medium|multi_person",0.947972264433342,1
68,"web|two_factor|medium|multi_person",0.75712541654794,1
69,"web|two_factor|medium|multi_person",1,1
70,"web|two_factor|medium|multi_person",0.386430502040005,1
71,"web|two_factor|medium|multi_person",0,1
72,"web|two_factor|medium|multi_person",1,1
73,"web|two_factor|medium|multi_person",0.111008133956127,1
74,"web|two_factor|medium|multi_person",1,1
75,"web|two_factor|medium|multi_person",0.681302739074412,1
76,"web|two_factor|medium|multi_person",0.211523816188632,1
77,"web|two_factor|medium|multi_person",0.50476344484453,1
78,"web|two_factor|medium|multi_person",0.358460774435846,1
79,"web|two_factor|medium|multi_person",0.962636730265267,1
80,"web|two_factor|medium|multi_person",0.12847546288509,1
81,"web|two_factor|medium|multi_person",0.41419264353409,1
82,"web|two_factor|medium|multi_person",0.637816863001372,1
83,"web|two_factor|medium|multi_person",0.532732485116464,1
84,"web|two_factor|medium|multi_person",1,1
86,"web|two_factor|medium|multi_person",0.672082868922408,1
87,"web|two_factor|medium|multi_person",0.608857027013096,1
88,"web|two_factor|medium|multi_person",0.421300337597127,1
90,"web|two_factor|medium|multi_person",0.609700083539992,1
91,"web|two_factor|medium|multi_person",0,1
92,"web|two_factor|medium|multi_person",0.740347875440862,1
93,"web|two_factor|medium|multi_person",0.956286153837211,1
94,"web|two_factor|medium|multi_person",0.914152450747016,1
95,"web|two_factor|medium|multi_person",0.788836286067563,1
96,"web|two_factor|medium|multi_person",0,1
97,"web|two_factor|medium|multi_person",0.421038622048818,1
98,"web|two_factor|medium|multi_person",0.292853920438222,1
99,"web|two_factor|medium|multi_person",1,1
100,"web|two_factor|medium|multi_person",0,1
101,"web|two_factor|medium|multi_person",0.998869076383983,1
103,"web|two_factor|medium|multi_person",0.962584654039029,1
104,"web|two_factor|medium|multi_person",0,1
105,"web|two_factor|medium|multi_person",0,1
106,"web|two_factor|medium|multi_person",0,1
107,"web|two_factor|medium|multi_person",0.809042431242826,1
108,"web|two_factor|medium|multi_person",0.017349139836277,1
109,"web|two_factor|medium|multi_person",0.362063097189605,1
110,"web|two_factor|medium|multi_person",0.399732611139854,1
111,"web|two_factor|medium|multi_person",0.628854649484681,1
112,"web|two_factor|medium|multi_person",1,1
113,"web|two_factor|medium|multi_person",0.14132002625399,1
114,"web|two_factor|medium|multi_person",0.909159651105212,1
115,"web|two_factor|medium|multi_person",0.853242869475226,1
116,"web|two_factor|medium|multi_person",0.405920996425373,1
117,"web|two_factor|medium|multi_person",0.187942860103306,1
118,"web|two_factor|medium|multi_person",0.551954172780626,1
119,"web|two_factor|medium|multi_person",0.957553586106519,1
120,"web|two_factor|medium|multi_person",0.0437680189618098,1
121,"web|two_factor|medium|multi_person",0.683587252839219,1
122,"web|two_factor|medium|multi_person",0,1
123,"web|two_factor|medium|multi_person",0.895612267412849,1
124,"web|two_factor|medium|multi_person",1,1
125,"web|two_factor|medium|multi_person",0,1
126,"web|two_factor|medium|multi_person",0.205278106341663,1
127,"web|two_factor|medium|multi_person",1,1
128,"web|two_factor|medium|multi_person",0.118200206089459,1
130,"web|two_factor|medium|multi_person",0,1
131,"web|two_factor|medium|multi_person",0.361347533725718,1
132,"web|two_factor|medium|multi_person",0.519018514696184,1
133,"web|two_factor|medium|multi_person",0.21222813955764,1
135,"web|two_factor|medium|multi_person",0.303836226165468,1
136,"web|two_factor|medium|multi_person",0.619555803331304,1
137,"web|two_factor|medium|multi_person",0,1
138,"web|two_factor|medium|multi_person",0.641867707331301,1
140,"web|two_factor|medium|multi_person",0.2844163978469,1
141,"web|two_factor|medium|multi_person",0.607471247395286,1
142,"web|two_factor|medium|multi_person",1,1
143,"web|two_factor|medium|multi_person",1,1
144,"web|two_factor|medium|multi_person",0.326380459863308,1
145,"web|two_factor|medium|multi_person",0.752983985032828,1
146,"web|two_factor|medium|multi_person",1,1
147,"web|two_factor|medium|multi_person",0.491939658134389,1
148,"web|two_factor|medium|multi_person",0,1
149,"web|two_factor|medium|multi_person",0.918100799626081,1
150,"web|two_factor|medium|multi_person",0.420877052892103,1
151,"web|two_factor|medium|multi_person",0.73214210516387,1
152,"web|two_factor|medium|multi_person",0.754005895145092,1
153,"web|two_factor|medium|multi_person",0,1
154,"web|two_factor|medium|multi_person",1,1
155,"web|two_factor|medium|multi_person",1,1
156,"web|two_factor|medium|multi_person",0.505838525688023,1
157,"web|two_factor|medium|multi_person",0.636142642000822,1
158,"web|two_factor|medium|multi_person",1,1
159,"web|two_factor|medium|multi_person",1,1
160,"web|two_factor|medium|multi_person",0.664018228740903,1
162,"web|two_factor|medium|multi_person",0.983310088432401,1
163,"web|two_factor|medium|multi_person",0.165325678265453,1
164,"web|two_factor|medium|multi_person",0.805557859257667,1
165,"web|two_factor|medium|multi_person",1,1
166,"web|two_factor|medium|multi_person",0.50647083824757,1
167,"web|two_factor|medium|multi_person",0.873991951365317,1
168,"web|two_factor|medium|multi_person",0.569796527838012,1
169,"web|two_factor|medium|multi_person",1,1
170,"web|two_factor|medium|multi_person",1,1
171,"web|two_factor|medium|multi_person",1,1
172,"web|two_factor|medium|multi_person",0,1
173,"web|two_factor|medium|multi_person",0.13754553905161,1
174,"web|two_factor|medium|multi_person",0,1
175,"web|two_factor|medium|multi_person",0.399301483459942,1
176,"web|two_factor|medium|multi_person",0.0655630337457633,1
177,"web|two_factor|medium|multi_person",0.409384521761882,1
178,"web|two_factor|medium|multi_person",0.250527172166893,1
179,"web|two_factor|medium|multi_person",0.445144568931868,1
180,"web|two_factor|medium|multi_person",0.536567374316881,1
181,"web|two_factor|medium|multi_person",0.453103648663179,1
183,"web|two_factor|medium|multi_person",0,1
184,"web|two_factor|medium|multi_person",0,1
186,"web|two_factor|medium|multi_person",0.0460352226216398,1
187,"web|two_factor|medium|multi_person",0.495709737728807,1
188,"web|two_factor|medium|multi_person",0.816723941530593,1
189,"web|two_factor|medium|multi_person",1,1
190,"web|two_factor|medium|multi_person",0,1
191,"web|two_factor|medium|multi_person",0.564965766789033,1
192,"web|two_factor|medium|multi_person",0.244105101864187,1
194,"web|two_factor|medium|multi_person",0.081703745196712,1
195,"web|two_factor|medium|multi_person",0.678659468632103,1
196,"web|two_factor|medium|multi_person",0.679953478453852,1
197,"web|two_factor|medium|multi_person",0.511737424952705,1
198,"web|two_factor|medium|multi_person",0.55353491701785,1
199,"web|two_factor|medium|multi_person",1,1
200,"web|two_factor|medium|multi_person",0.140383064031067,1
201,"web|two_factor|medium|multi_person",0.382360245951038,1
202,"web|two_factor|medium|multi_person",1,1
203,"web|two_factor|medium|multi_person",0.714574976242625,1
205,"web|two_factor|medium|multi_person",0,1
206,"web|two_factor|medium|multi_person",0.955945481584514,1
207,"web|two_factor|medium|multi_person",1,1
208,"web|two_factor|medium|multi_person",1,1
209,"web|two_factor|medium|multi_person",0.527682299135511,1
210,"web|two_factor|medium|multi_person",0.404324108627756,1
211,"web|two_factor|medium|multi_person",0,1
212,"web|two_factor|medium|multi_person",1,1
213,"web|two_factor|medium|multi_person",0.697101738187331,1
214,"web|two_factor|medium|multi_person",0.895397104540099,1
217,"web|two_factor|medium|multi_person",1,1
219,"web|two_factor|medium|multi_person",0.148648447360401,1
220,"web|two_factor|medium|multi_person",0.923279456422199,1
221,"web|two_factor|medium|multi_person",0,1
222,"web|two_factor|medium|multi_person",1,1
223,"web|two_factor|medium|multi_person",0.285920541156883,1
224,"web|two_factor|medium|multi_person",0.227476748048714,1
225,"web|two_factor|medium|multi_person",0.110422131689361,1
226,"web|two_factor|medium|multi_person",0,1
227,"web|two_factor|medium|multi_person",0.947441145449674,1
228,"web|two_factor|medium|multi_person",0.884984402525924,1
230,"web|two_factor|medium|multi_person",0.116057223456495,1
231,"web|two_factor|medium|multi_person",0.700257048447125,1
232,"web|two_factor|medium|multi_person",0.706658356783342,1
233,"web|two_factor|medium|multi_person",1,1
234,"web|two_factor|medium|multi_person",0.162450158748801,1
235,"web|two_factor|medium|multi_person",0.222560600316304,1
236,"web|two_factor|medium|multi_person",0.81465039403551,1
237,"web|two_factor|medium|multi_person",0.0980547223251974,1
238,"web|two_factor|medium|multi_person",1,1
239,"web|two_factor|medium|multi_person",0.288558897922346,1
240,"web|two_factor|medium|multi_person",0.939703882921268,1
241,"web|two_factor|medium|multi_person",0.274833267115432,1
242,"web|two_factor|medium|multi_person",0.0141496575925487,1
243,"web|two_factor|medium|multi_person",0.0676136602699666,1
245,"web|two_factor|medium|multi_person",0.762757285009298,1
246,"web|two_factor|medium|multi_person",0,1
247,"web|two_factor|medium|multi_person",0.971943426822745,1
248,"web|two_factor|medium|multi_person",0,1
249,"web|two_factor|medium|multi_person",0.107492383281948,1
250,"web|two_factor|medium|multi_person",0.740223104962863,1
251,"web|two_factor|medium|multi_person",0.75693255507441,1
252,"web|two_factor|medium|multi_person",0,1
253,"web|two_factor|medium|multi_person",1,1
254,"web|two_factor|medium|multi_person",0.878890883207966,1
256,"web|two_factor|medium|multi_person",0.103509724803445,1
258,"web|two_factor|medium|multi_person",1,1
259,"web|two_factor|medium|multi_person",0.638913764837645,1
260,"web|two_factor|medium|multi_person",0,1
261,"web|two_factor|medium|multi_person",0.819085661392986,1
263,"web|two_factor|medium|multi_person",0,1
264,"web|two_factor|medium|multi_person",0,1
265,"web|two_factor|medium|multi_person",0.886069865732174,1
266,"web|two_factor|medium|multi_person",1,1
267,"web|two_factor|medium|multi_person",0.76306888778799,1
268,"web|two_factor|medium|multi_person",0.122349079321015,1
269,"web|two_factor|medium|multi_person",0.77583210479282,1
270,"web|two_factor|medium|multi_person",0.358437942661457,1
271,"web|two_factor|medium|multi_person",1,1
272,"web|two_factor|medium|multi_person",1,1
273,"web|two_factor|medium|multi_person",0,1
274,"web|two_factor|medium|multi_person",0,1
275,"web|two_factor|medium|multi_person",0,1
276,"web|two_factor|medium|multi_person",0,1
277,"web|two_factor|medium|multi_person",1,1
279,"web|two_factor|medium|multi_person",0.376887537323723,1
280,"web|two_factor|medium|multi_person",0.0881072051188349,1
281,"web|two_factor|medium|multi_person",0.599504721069064,1
282,"web|two_factor|medium|multi_person",0.528826682227665,1
283,"web|two_factor|medium|multi_person",0,1
284,"web|two_factor|medium|multi_person",0.770202563001106,1
285,"web|two_factor|medium|multi_person",0,1
286,"web|two_factor|medium|multi_person",0.11618913209063,1
287,"web|two_factor|medium|multi_person",0.590779155057527,1
288,"web|two_factor|medium|multi_person",0,1
289,"web|two_factor|medium|multi_person",0,1
290,"web|two_factor|medium|multi_person",0.503843969052375,1
291,"web|two_factor|medium|multi_person",0.561317215635177,1
292,"web|two_factor|medium|multi_person",0.0838457550040539,1
293,"web|two_factor|medium|multi_person",0.0390176019714738,1
294,"web|two_factor|medium|multi_person",0.68742103595716,1
295,"web|two_factor|medium|multi_person",0,1
296,"web|two_factor|medium|multi_person",0.153702554738021,1
297,"web|two_factor|medium|multi_person",1,1
298,"web|two_factor|medium|multi_person",1,1
299,"web|two_factor|medium|multi_person",0,1
301,"web|two_factor|medium|multi_person",0.912377583341812,1
302,"web|two_factor|medium|multi_person",0.610908455381687,1
303,"web|two_factor|medium|multi_person",0.233727592001175,1
304,"web|two_factor|medium|multi_person",0,1
305,"web|two_factor|medium|multi_person",0.450425358902242,1
306,"web|two_factor|medium|multi_person",0.537723190830064,1
307,"web|two_factor|medium|multi_person",0.673611962802058,1
308,"web|two_factor|medium|multi_person",0.710100506164467,1
309,"web|two_factor|medium|multi_person",0.762299188134168,1
310,"web|two_factor|medium|multi_person",0.0866998034768857,1
311,"web|two_factor|medium|multi_person",0.483271232991599,1
312,"web|two_factor|medium|multi_person",0.035680410815301,1
313,"web|two_factor|medium|multi_person",1,1
314,"web|two_factor|medium|multi_person",0.199925283324591,1
2,"mobile|two_factor|low|one_to_one",0.484330275538179,1
3,"mobile|two_factor|low|one_to_one",0.0899680213110713,1
4,"mobile|two_factor|low|one_to_one",1,1
5,"mobile|two_factor|low|one_to_one",1,1
6,"mobile|two_factor|low|one_to_one",0.931435021623664,1
7,"mobile|two_factor|low|one_to_one",1,1
8,"mobile|two_factor|low|one_to_one",1,1
9,"mobile|two_factor|low|one_to_one",1,1
10,"mobile|two_factor|low|one_to_one",0.899590161075926,1
11,"mobile|two_factor|low|one_to_one",1,1
13,"mobile|two_factor|low|one_to_one",0.209314983180417,1
14,"mobile|two_factor|low|one_to_one",1,1
15,"mobile|two_factor|low|one_to_one",0.690915528580279,1
16,"mobile|two_factor|low|one_to_one",1,1
17,"mobile|two_factor|low|one_to_one",0.64177541162561,1
18,"mobile|two_factor|low|one_to_one",1,1
19,"mobile|two_factor|low|one_to_one",1,1
20,"mobile|two_factor|low|one_to_one",0.0576914274601378,1
21,"mobile|two_factor|low|one_to_one",0.827989400540466,1
22,"mobile|two_factor|low|one_to_one",0.11682034558822,1
23,"mobile|two_factor|low|one_to_one",0,1
24,"mobile|two_factor|low|one_to_one",1,1
26,"mobile|two_factor|low|one_to_one",0.965167903500314,1
27,"mobile|two_factor|low|one_to_one",0,1
28,"mobile|two_factor|low|one_to_one",0,1
29,"mobile|two_factor|low|one_to_one",1,1
31,"mobile|two_factor|low|one_to_one",0.341554830804384,1
32,"mobile|two_factor|low|one_to_one",1,1
33,"mobile|two_factor|low|one_to_one",0.462652463080563,1
35,"mobile|two_factor|low|one_to_one",0.302580144395181,1
36,"mobile|two_factor|low|one_to_one",1,1
37,"mobile|two_factor|low|one_to_one",1,1
38,"mobile|two_factor|low|one_to_one",1,1
39,"mobile|two_factor|low|one_to_one",1,1
41,"mobile|two_factor|low|one_to_one",0.848843418331452,1
42,"mobile|two_factor|low|one_to_one",1,1
43,"mobile|two_factor|low|one_to_one",1,1
44,"mobile|two_factor|low|one_to_one",0.818910723233522,1
45,"mobile|two_factor|low|one_to_one",1,1
46,"mobile|two_factor|low|one_to_one",1,1
47,"mobile|two_factor|low|one_to_one",0.307510111693488,1
48,"mobile|two_factor|low|one_to_one",0.343276330615905,1
49,"mobile|two_factor|low|one_to_one",0.213575533190047,1
50,"mobile|two_factor|low|one_to_one",0.965899322840979,1
51,"mobile|two_factor|low|one_to_one",0.489544841435702,1
52,"mobile|two_factor|low|one_to_one",1,1
53,"mobile|two_factor|low|one_to_one",0.970545527313923,1
54,"mobile|two_factor|low|one_to_one",0.360720219258601,1
55,"mobile|two_factor|low|one_to_one",0.61294915693231,1
56,"mobile|two_factor|low|one_to_one",1,1
57,"mobile|two_factor|low|one_to_one",1,1
58,"mobile|two_factor|low|one_to_one",0.377036974118957,1
60,"mobile|two_factor|low|one_to_one",0.302481557602319,1
61,"mobile|two_factor|low|one_to_one",0.311753986029418,1
62,"mobile|two_factor|low|one_to_one",1,1
63,"mobile|two_factor|low|one_to_one",1,1
64,"mobile|two_factor|low|one_to_one",0,1
65,"mobile|two_factor|low|one_to_one",0.643953035122988,1
68,"mobile|two_factor|low|one_to_one",1,1
69,"mobile|two_factor|low|one_to_one",1,1
70,"mobile|two_factor|low|one_to_one",0.682034563477124,1
71,"mobile|two_factor|low|one_to_one",0,1
72,"mobile|two_factor|low|one_to_one",1,1
73,"mobile|two_factor|low|one_to_one",0.895689317881414,1
74,"mobile|two_factor|low|one_to_one",0.808114519094789,1
75,"mobile|two_factor|low|one_to_one",0.778834311171139,1
76,"mobile|two_factor|low|one_to_one",0,1
77,"mobile|two_factor|low|one_to_one",0.686998261025865,1
78,"mobile|two_factor|low|one_to_one",1,1
79,"mobile|two_factor|low|one_to_one",0.39245329511657,1
80,"mobile|two_factor|low|one_to_one",0.393652370437518,1
81,"mobile|two_factor|low|one_to_one",1,1
82,"mobile|two_factor|low|one_to_one",1,1
83,"mobile|two_factor|low|one_to_one",1,1
84,"mobile|two_factor|low|one_to_one",1,1
86,"mobile|two_factor|low|one_to_one",0.924679121368371,1
87,"mobile|two_factor|low|one_to_one",0.30972858474001,1
88,"mobile|two_factor|low|one_to_one",0.53347356199457,1
90,"mobile|two_factor|low|one_to_one",0.588206930874103,1
91,"mobile|two_factor|low|one_to_one",0,1
92,"mobile|two_factor|low|one_to_one",0.916570654016486,1
93,"mobile|two_factor|low|one_to_one",0.113050186517475,1
94,"mobile|two_factor|low|one_to_one",0.359375891370192,1
95,"mobile|two_factor|low|one_to_one",1,1
96,"mobile|two_factor|low|one_to_one",1,1
97,"mobile|two_factor|low|one_to_one",0.836265685755252,1
98,"mobile|two_factor|low|one_to_one",0.251429722024118,1
99,"mobile|two_factor|low|one_to_one",1,1
100,"mobile|two_factor|low|one_to_one",1,1
101,"mobile|two_factor|low|one_to_one",1,1
103,"mobile|two_factor|low|one_to_one",0.215816704571635,1
104,"mobile|two_factor|low|one_to_one",0.115360680706661,1
105,"mobile|two_factor|low|one_to_one",1,1
106,"mobile|two_factor|low|one_to_one",0,1
107,"mobile|two_factor|low|one_to_one",0.502703265145535,1
108,"mobile|two_factor|low|one_to_one",0.311030470010837,1
109,"mobile|two_factor|low|one_to_one",1,1
110,"mobile|two_factor|low|one_to_one",0.779871955531195,1
111,"mobile|two_factor|low|one_to_one",1,1
112,"mobile|two_factor|low|one_to_one",1,1
113,"mobile|two_factor|low|one_to_one",0.264517201916078,1
114,"mobile|two_factor|low|one_to_one",0.967519195953688,1
115,"mobile|two_factor|low|one_to_one",1,1
116,"mobile|two_factor|low|one_to_one",0.31865048787681,1
117,"mobile|two_factor|low|one_to_one",0.468014706787509,1
118,"mobile|two_factor|low|one_to_one",0.39208659215226,1
119,"mobile|two_factor|low|one_to_one",0.298262448392809,1
120,"mobile|two_factor|low|one_to_one",0.0148869788651116,1
121,"mobile|two_factor|low|one_to_one",1,1
122,"mobile|two_factor|low|one_to_one",0.247545143195343,1
123,"mobile|two_factor|low|one_to_one",1,1
124,"mobile|two_factor|low|one_to_one",1,1
125,"mobile|two_factor|low|one_to_one",0.196449927323428,1
126,"mobile|two_factor|low|one_to_one",0.265094571076303,1
127,"mobile|two_factor|low|one_to_one",1,1
128,"mobile|two_factor|low|one_to_one",1,1
130,"mobile|two_factor|low|one_to_one",0.284081221182063,1
131,"mobile|two_factor|low|one_to_one",0.191265892792734,1
132,"mobile|two_factor|low|one_to_one",0.264919622758679,1
133,"mobile|two_factor|low|one_to_one",0.193213717021366,1
135,"mobile|two_factor|low|one_to_one",0.485718167332197,1
136,"mobile|two_factor|low|one_to_one",0.801383288470652,1
137,"mobile|two_factor|low|one_to_one",0.113066959266459,1
138,"mobile|two_factor|low|one_to_one",1,1
140,"mobile|two_factor|low|one_to_one",0.395280606062052,1
141,"mobile|two_factor|low|one_to_one",1,1
142,"mobile|two_factor|low|one_to_one",1,1
143,"mobile|two_factor|low|one_to_one",1,1
144,"mobile|two_factor|low|one_to_one",0.177840699877597,1
145,"mobile|two_factor|low|one_to_one",0.7750325072645,1
146,"mobile|two_factor|low|one_to_one",1,1
147,"mobile|two_factor|low|one_to_one",0.82423436130309,1
148,"mobile|two_factor|low|one_to_one",0.0910162980853276,1
149,"mobile|two_factor|low|one_to_one",0.604720252990428,1
150,"mobile|two_factor|low|one_to_one",1,1
151,"mobile|two_factor|low|one_to_one",1,1
152,"mobile|two_factor|low|one_to_one",0.790411874057665,1
153,"mobile|two_factor|low|one_to_one",1,1
154,"mobile|two_factor|low|one_to_one",1,1
155,"mobile|two_factor|low|one_to_one",1,1
156,"mobile|two_factor|low|one_to_one",0.807080828265449,1
157,"mobile|two_factor|low|one_to_one",0.823870465672955,1
158,"mobile|two_factor|low|one_to_one",0.93801056677379,1
159,"mobile|two_factor|low|one_to_one",1,1
160,"mobile|two_factor|low|one_to_one",1,1
162,"mobile|two_factor|low|one_to_one",0.676858600993838,1
163,"mobile|two_factor|low|one_to_one",0.112717141271497,1
164,"mobile|two_factor|low|one_to_one",0.836761834252681,1
165,"mobile|two_factor|low|one_to_one",1,1
166,"mobile|two_factor|low|one_to_one",0.77840370957593,1
167,"mobile|two_factor|low|one_to_one",0.110611343486384,1
168,"mobile|two_factor|low|one_to_one",0.343042066864715,1
169,"mobile|two_factor|low|one_to_one",0.612935297621843,1
170,"mobile|two_factor|low|one_to_one",0.802104179257677,1
171,"mobile|two_factor|low|one_to_one",0.94123636354581,1
172,"mobile|two_factor|low|one_to_one",0.962524550874335,1
173,"mobile|two_factor|low|one_to_one",0.272194959361836,1
174,"mobile|two_factor|low|one_to_one",0,1
175,"mobile|two_factor|low|one_to_one",1,1
176,"mobile|two_factor|low|one_to_one",0.24330121488803,1
177,"mobile|two_factor|low|one_to_one",0.591130587431678,1
178,"mobile|two_factor|low|one_to_one",0.0590950755061028,1
179,"mobile|two_factor|low|one_to_one",0.734454942227579,1
180,"mobile|two_factor|low|one_to_one",0.747328823837865,1
181,"mobile|two_factor|low|one_to_one",0.836787469776311,1
183,"mobile|two_factor|low|one_to_one",0,1
184,"mobile|two_factor|low|one_to_one",0.235059996347076,1
186,"mobile|two_factor|low|one_to_one",0.122612848670532,1
187,"mobile|two_factor|low|one_to_one",1,1
188,"mobile|two_factor|low|one_to_one",0.622300336197393,1
189,"mobile|two_factor|low|one_to_one",0.22405452299542,1
190,"mobile|two_factor|low|one_to_one",0,1
191,"mobile|two_factor|low|one_to_one",1,1
192,"mobile|two_factor|low|one_to_one",0.382003295986179,1
194,"mobile|two_factor|low|one_to_one",0.460223138641109,1
195,"mobile|two_factor|low|one_to_one",0.649041687222896,1
196,"mobile|two_factor|low|one_to_one",0.919996178493518,1
197,"mobile|two_factor|low|one_to_one",0.655396967383739,1
198,"mobile|two_factor|low|one_to_one",1,1
199,"mobile|two_factor|low|one_to_one",1,1
200,"mobile|two_factor|low|one_to_one",0.301050458661816,1
201,"mobile|two_factor|low|one_to_one",0.637287102865074,1
202,"mobile|two_factor|low|one_to_one",1,1
203,"mobile|two_factor|low|one_to_one",0.8026853966815,1
205,"mobile|two_factor|low|one_to_one",0.0991994444542262,1
206,"mobile|two_factor|low|one_to_one",1,1
207,"mobile|two_factor|low|one_to_one",1,1
208,"mobile|two_factor|low|one_to_one",0.813250156886019,1
209,"mobile|two_factor|low|one_to_one",1,1
210,"mobile|two_factor|low|one_to_one",0.579242464461232,1
211,"mobile|two_factor|low|one_to_one",0.246897406995588,1
212,"mobile|two_factor|low|one_to_one",1,1
213,"mobile|two_factor|low|one_to_one",1,1
214,"mobile|two_factor|low|one_to_one",1,1
217,"mobile|two_factor|low|one_to_one",0.671628160789445,1
219,"mobile|two_factor|low|one_to_one",0.446690913414973,1
220,"mobile|two_factor|low|one_to_one",1,1
221,"mobile|two_factor|low|one_to_one",0,1
222,"mobile|two_factor|low|one_to_one",1,1
223,"mobile|two_factor|low|one_to_one",0.356374387296673,1
224,"mobile|two_factor|low|one_to_one",0.346638729545232,1
225,"mobile|two_factor|low|one_to_one",0.0179050823381694,1
226,"mobile|two_factor|low|one_to_one",0.783078751266843,1
227,"mobile|two_factor|low|one_to_one",1,1
228,"mobile|two_factor|low|one_to_one",0.650924725080552,1
230,"mobile|two_factor|low|one_to_one",0.0904821819705459,1
231,"mobile|two_factor|low|one_to_one",0.773171389525167,1
232,"mobile|two_factor|low|one_to_one",0.497099729472675,1
233,"mobile|two_factor|low|one_to_one",0.823471918914274,1
234,"mobile|two_factor|low|one_to_one",0.0867631416165188,1
235,"mobile|two_factor|low|one_to_one",0.36793021143619,1
236,"mobile|two_factor|low|one_to_one",1,1
237,"mobile|two_factor|low|one_to_one",1,1
238,"mobile|two_factor|low|one_to_one",1,1
239,"mobile|two_factor|low|one_to_one",0.705866930432193,1
240,"mobile|two_factor|low|one_to_one",1,1
241,"mobile|two_factor|low|one_to_one",1,1
242,"mobile|two_factor|low|one_to_one",0.218722804460608,1
243,"mobile|two_factor|low|one_to_one",0.412279398491565,1
245,"mobile|two_factor|low|one_to_one",1,1
246,"mobile|two_factor|low|one_to_one",0.118135978036657,1
247,"mobile|two_factor|low|one_to_one",1,1
248,"mobile|two_factor|low|one_to_one",0,1
249,"mobile|two_factor|low|one_to_one",0.240358599592488,1
250,"mobile|two_factor|low|one_to_one",0.979498660849203,1
251,"mobile|two_factor|low|one_to_one",0.73725479677186,1
252,"mobile|two_factor|low|one_to_one",0.0312887325284521,1
253,"mobile|two_factor|low|one_to_one",1,1
254,"mobile|two_factor|low|one_to_one",1,1
256,"mobile|two_factor|low|one_to_one",1,1
258,"mobile|two_factor|low|one_to_one",1,1
259,"mobile|two_factor|low|one_to_one",0.762961602003096,1
260,"mobile|two_factor|low|one_to_one",0,1
261,"mobile|two_factor|low|one_to_one",0.534750203062771,1
263,"mobile|two_factor|low|one_to_one",0.329613203947871,1
264,"mobile|two_factor|low|one_to_one",0.0942133062399683,1
265,"mobile|two_factor|low|one_to_one",0.803597863287767,1
266,"mobile|two_factor|low|one_to_one",0.833528274674196,1
267,"mobile|two_factor|low|one_to_one",1,1
268,"mobile|two_factor|low|one_to_one",0.376684440708376,1
269,"mobile|two_factor|low|one_to_one",1,1
270,"mobile|two_factor|low|one_to_one",0.526262016843563,1
271,"mobile|two_factor|low|one_to_one",1,1
272,"mobile|two_factor|low|one_to_one",0.882907186844695,1
273,"mobile|two_factor|low|one_to_one",0.0757292010369255,1
274,"mobile|two_factor|low|one_to_one",0.14858801122959,1
275,"mobile|two_factor|low|one_to_one",0,1
276,"mobile|two_factor|low|one_to_one",0,1
277,"mobile|two_factor|low|one_to_one",0.238917236287956,1
279,"mobile|two_factor|low|one_to_one",0.247394353076802,1
280,"mobile|two_factor|low|one_to_one",0,1
281,"mobile|two_factor|low|one_to_one",0.860675517830601,1
282,"mobile|two_factor|low|one_to_one",0.665014253650669,1
283,"mobile|two_factor|low|one_to_one",0.216104398006401,1
284,"mobile|two_factor|low|one_to_one",0.94153091400498,1
285,"mobile|two_factor|low|one_to_one",0,1
286,"mobile|two_factor|low|one_to_one",0.0874809308576543,1
287,"mobile|two_factor|low|one_to_one",0.835439044699519,1
288,"mobile|two_factor|low|one_to_one",0,1
289,"mobile|two_factor|low|one_to_one",0,1
290,"mobile|two_factor|low|one_to_one",0.581386548297262,1
291,"mobile|two_factor|low|one_to_one",0.713221978637911,1
292,"mobile|two_factor|low|one_to_one",0.274528593465006,1
293,"mobile|two_factor|low|one_to_one",0.456236166093798,1
294,"mobile|two_factor|low|one_to_one",0.780477488882856,1
295,"mobile|two_factor|low|one_to_one",0,1
296,"mobile|two_factor|low|one_to_one",0.165635042455044,1
297,"mobile|two_factor|low|one_to_one",1,1
298,"mobile|two_factor|low|one_to_one",0.920011286226626,1
299,"mobile|two_factor|low|one_to_one",0.582773096760005,1
301,"mobile|two_factor|low|one_to_one",1,1
302,"mobile|two_factor|low|one_to_one",0.748582727502088,1
303,"mobile|two_factor|low|one_to_one",0.276272315808414,1
304,"mobile|two_factor|low|one_to_one",1,1
305,"mobile|two_factor|low|one_to_one",1,1
306,"mobile|two_factor|low|one_to_one",0.783225363671365,1
307,"mobile|two_factor|low|one_to_one",1,1
308,"mobile|two_factor|low|one_to_one",0.193580850419727,1
309,"mobile|two_factor|low|one_to_one",1,1
310,"mobile|two_factor|low|one_to_one",1,1
311,"mobile|two_factor|low|one_to_one",0.669306344649736,1
312,"mobile|two_factor|low|one_to_one",0,1
313,"mobile|two_factor|low|one_to_one",1,1
314,"mobile|two_factor|low|one_to_one",0.232436118998496,1
2,"web|two_factor|high|one_to_one",0.483358671610931,1
3,"web|two_factor|high|one_to_one",0.154244061749584,1
4,"web|two_factor|high|one_to_one",0.551435638162205,1
5,"web|two_factor|high|one_to_one",0.711812140805749,1
6,"web|two_factor|high|one_to_one",0.670004598734147,1
7,"web|two_factor|high|one_to_one",0.802996967383275,1
8,"web|two_factor|high|one_to_one",1,1
9,"web|two_factor|high|one_to_one",1,1
10,"web|two_factor|high|one_to_one",1,1
11,"web|two_factor|high|one_to_one",0.547258544065154,1
13,"web|two_factor|high|one_to_one",0.210750031952776,1
14,"web|two_factor|high|one_to_one",1,1
15,"web|two_factor|high|one_to_one",0.637948829034645,1
16,"web|two_factor|high|one_to_one",0.950715389199207,1
17,"web|two_factor|high|one_to_one",0.472368322646721,1
18,"web|two_factor|high|one_to_one",0.863551228552128,1
19,"web|two_factor|high|one_to_one",0.876355748561142,1
20,"web|two_factor|high|one_to_one",0.133627314009055,1
21,"web|two_factor|high|one_to_one",0.795652797979593,1
22,"web|two_factor|high|one_to_one",0.158886714519185,1
23,"web|two_factor|high|one_to_one",0,1
24,"web|two_factor|high|one_to_one",0.874248899587435,1
26,"web|two_factor|high|one_to_one",0.891397033644974,1
27,"web|two_factor|high|one_to_one",1,1
28,"web|two_factor|high|one_to_one",0,1
29,"web|two_factor|high|one_to_one",1,1
31,"web|two_factor|high|one_to_one",0.349784124829388,1
32,"web|two_factor|high|one_to_one",1,1
33,"web|two_factor|high|one_to_one",0.281400251004406,1
35,"web|two_factor|high|one_to_one",0.888097265317357,1
36,"web|two_factor|high|one_to_one",0.598933561750555,1
37,"web|two_factor|high|one_to_one",1,1
38,"web|two_factor|high|one_to_one",0.65898804891498,1
39,"web|two_factor|high|one_to_one",1,1
41,"web|two_factor|high|one_to_one",0.671657957253579,1
42,"web|two_factor|high|one_to_one",0.844345158523871,1
43,"web|two_factor|high|one_to_one",1,1
44,"web|two_factor|high|one_to_one",0.425420586173773,1
45,"web|two_factor|high|one_to_one",0.293033196055264,1
46,"web|two_factor|high|one_to_one",0,1
47,"web|two_factor|high|one_to_one",0.0955397285685389,1
48,"web|two_factor|high|one_to_one",0,1
49,"web|two_factor|high|one_to_one",0.254723983541371,1
50,"web|two_factor|high|one_to_one",1,1
51,"web|two_factor|high|one_to_one",0.691465934300337,1
52,"web|two_factor|high|one_to_one",0.882787779782429,1
53,"web|two_factor|high|one_to_one",0.766901555742157,1
54,"web|two_factor|high|one_to_one",0.553045885243033,1
55,"web|two_factor|high|one_to_one",0.495326197987437,1
56,"web|two_factor|high|one_to_one",0,1
57,"web|two_factor|high|one_to_one",0.780173469490615,1
58,"web|two_factor|high|one_to_one",0.264363564671264,1
60,"web|two_factor|high|one_to_one",0.299227127953478,1
61,"web|two_factor|high|one_to_one",0.146975728603193,1
62,"web|two_factor|high|one_to_one",0.889834673889751,1
63,"web|two_factor|high|one_to_one",0.701596306160234,1
64,"web|two_factor|high|one_to_one",0,1
65,"web|two_factor|high|one_to_one",1,1
68,"web|two_factor|high|one_to_one",0.907148972512627,1
69,"web|two_factor|high|one_to_one",1,1
70,"web|two_factor|high|one_to_one",0.649599954083398,1
71,"web|two_factor|high|one_to_one",0,1
72,"web|two_factor|high|one_to_one",1,1
73,"web|two_factor|high|one_to_one",0.4250004895417,1
74,"web|two_factor|high|one_to_one",1,1
75,"web|two_factor|high|one_to_one",0.718105850835266,1
76,"web|two_factor|high|one_to_one",0.241734851311916,1
77,"web|two_factor|high|one_to_one",0.403649168464108,1
78,"web|two_factor|high|one_to_one",0.545298804707404,1
79,"web|two_factor|high|one_to_one",1,1
80,"web|two_factor|high|one_to_one",0.198274504405684,1
81,"web|two_factor|high|one_to_one",0.497339900109102,1
82,"web|two_factor|high|one_to_one",0.601208087754953,1
83,"web|two_factor|high|one_to_one",0.106052378630031,1
84,"web|two_factor|high|one_to_one",1,1
86,"web|two_factor|high|one_to_one",0.739054944431237,1
87,"web|two_factor|high|one_to_one",0.614807653993291,1
88,"web|two_factor|high|one_to_one",0.467440444595724,1
90,"web|two_factor|high|one_to_one",0.658254615099056,1
91,"web|two_factor|high|one_to_one",0,1
92,"web|two_factor|high|one_to_one",0.538357577526939,1
93,"web|two_factor|high|one_to_one",0.88256536262427,1
94,"web|two_factor|high|one_to_one",1,1
95,"web|two_factor|high|one_to_one",0.752394526784024,1
96,"web|two_factor|high|one_to_one",0,1
97,"web|two_factor|high|one_to_one",0.45652921361976,1
98,"web|two_factor|high|one_to_one",0.358052614476002,1
99,"web|two_factor|high|one_to_one",1,1
100,"web|two_factor|high|one_to_one",0,1
101,"web|two_factor|high|one_to_one",1,1
103,"web|two_factor|high|one_to_one",1,1
104,"web|two_factor|high|one_to_one",0,1
105,"web|two_factor|high|one_to_one",0,1
106,"web|two_factor|high|one_to_one",0,1
107,"web|two_factor|high|one_to_one",1,1
108,"web|two_factor|high|one_to_one",0.141226789689466,1
109,"web|two_factor|high|one_to_one",1,1
110,"web|two_factor|high|one_to_one",0.444836703002069,1
111,"web|two_factor|high|one_to_one",0.871437312064794,1
112,"web|two_factor|high|one_to_one",1,1
113,"web|two_factor|high|one_to_one",0.174274395309268,1
114,"web|two_factor|high|one_to_one",0.963796020862746,1
115,"web|two_factor|high|one_to_one",0.870706584606032,1
116,"web|two_factor|high|one_to_one",0.389182993447998,1
117,"web|two_factor|high|one_to_one",0.15051696262225,1
118,"web|two_factor|high|one_to_one",0.560870850429048,1
119,"web|two_factor|high|one_to_one",0.968875967454635,1
120,"web|two_factor|high|one_to_one",0.330756868161348,1
121,"web|two_factor|high|one_to_one",0.694338265736332,1
122,"web|two_factor|high|one_to_one",0.143511079446239,1
123,"web|two_factor|high|one_to_one",1,1
124,"web|two_factor|high|one_to_one",0.960821675420932,1
125,"web|two_factor|high|one_to_one",0,1
126,"web|two_factor|high|one_to_one",0.169926298386358,1
127,"web|two_factor|high|one_to_one",1,1
128,"web|two_factor|high|one_to_one",0.165071188346799,1
130,"web|two_factor|high|one_to_one",0,1
131,"web|two_factor|high|one_to_one",0.0365613799689602,1
132,"web|two_factor|high|one_to_one",0.350695045690735,1
133,"web|two_factor|high|one_to_one",0.278093598706459,1
135,"web|two_factor|high|one_to_one",0.447274332320386,1
136,"web|two_factor|high|one_to_one",0.773023318602489,1
137,"web|two_factor|high|one_to_one",0,1
138,"web|two_factor|high|one_to_one",0.469381010816981,1
140,"web|two_factor|high|one_to_one",0.508817741637027,1
141,"web|two_factor|high|one_to_one",0.660987381445689,1
142,"web|two_factor|high|one_to_one",1,1
143,"web|two_factor|high|one_to_one",1,1
144,"web|two_factor|high|one_to_one",0.303988566560039,1
145,"web|two_factor|high|one_to_one",0.810704513316311,1
146,"web|two_factor|high|one_to_one",1,1
147,"web|two_factor|high|one_to_one",0.791463003339789,1
148,"web|two_factor|high|one_to_one",0.203786125470489,1
149,"web|two_factor|high|one_to_one",0.926412808232411,1
150,"web|two_factor|high|one_to_one",0.804945891963316,1
151,"web|two_factor|high|one_to_one",0.817691938828211,1
152,"web|two_factor|high|one_to_one",0.887338800279528,1
153,"web|two_factor|high|one_to_one",0,1
154,"web|two_factor|high|one_to_one",1,1
155,"web|two_factor|high|one_to_one",1,1
156,"web|two_factor|high|one_to_one",0.550303218147569,1
157,"web|two_factor|high|one_to_one",0.683762845558004,1
158,"web|two_factor|high|one_to_one",1,1
159,"web|two_factor|high|one_to_one",1,1
160,"web|two_factor|high|one_to_one",0.585919131604358,1
162,"web|two_factor|high|one_to_one",1,1
163,"web|two_factor|high|one_to_one",0.252432091619502,1
164,"web|two_factor|high|one_to_one",0.861609458300131,1
165,"web|two_factor|high|one_to_one",1,1
166,"web|two_factor|high|one_to_one",0.5321046145016,1
167,"web|two_factor|high|one_to_one",1,1
168,"web|two_factor|high|one_to_one",0.687163936247084,1
169,"web|two_factor|high|one_to_one",1,1
170,"web|two_factor|high|one_to_one",1,1
171,"web|two_factor|high|one_to_one",1,1
172,"web|two_factor|high|one_to_one",0.288169705159473,1
173,"web|two_factor|high|one_to_one",0.245511485747269,1
174,"web|two_factor|high|one_to_one",0,1
175,"web|two_factor|high|one_to_one",0.369705221603926,1
176,"web|two_factor|high|one_to_one",0.124613890491682,1
177,"web|two_factor|high|one_to_one",0.443216301107407,1
178,"web|two_factor|high|one_to_one",0.216114774295408,1
179,"web|two_factor|high|one_to_one",0.791309264562151,1
180,"web|two_factor|high|one_to_one",0.682161269817242,1
181,"web|two_factor|high|one_to_one",0.566177929047097,1
183,"web|two_factor|high|one_to_one",0,1
184,"web|two_factor|high|one_to_one",0,1
186,"web|two_factor|high|one_to_one",0.217029376389582,1
187,"web|two_factor|high|one_to_one",0.783425551922686,1
188,"web|two_factor|high|one_to_one",0.764662860699777,1
189,"web|two_factor|high|one_to_one",1,1
190,"web|two_factor|high|one_to_one",0,1
191,"web|two_factor|high|one_to_one",0.630379949599662,1
192,"web|two_factor|high|one_to_one",0.382990773467428,1
194,"web|two_factor|high|one_to_one",0.17663715554581,1
195,"web|two_factor|high|one_to_one",0.784399466358699,1
196,"web|two_factor|high|one_to_one",0.578374540390051,1
197,"web|two_factor|high|one_to_one",0.691540026070353,1
198,"web|two_factor|high|one_to_one",0.630268403574088,1
199,"web|two_factor|high|one_to_one",1,1
200,"web|two_factor|high|one_to_one",0.134602189902355,1
201,"web|two_factor|high|one_to_one",0.48748555782841,1
202,"web|two_factor|high|one_to_one",1,1
203,"web|two_factor|high|one_to_one",0.714218300523482,1
205,"web|two_factor|high|one_to_one",0,1
206,"web|two_factor|high|one_to_one",1,1
207,"web|two_factor|high|one_to_one",1,1
208,"web|two_factor|high|one_to_one",1,1
209,"web|two_factor|high|one_to_one",0.514383329438591,1
210,"web|two_factor|high|one_to_one",0.53575921627811,1
211,"web|two_factor|high|one_to_one",0.0209375622939926,1
212,"web|two_factor|high|one_to_one",1,1
213,"web|two_factor|high|one_to_one",0.758547505196349,1
214,"web|two_factor|high|one_to_one",0.883074184833725,1
217,"web|two_factor|high|one_to_one",1,1
219,"web|two_factor|high|one_to_one",0.318275416083318,1
220,"web|two_factor|high|one_to_one",0.932569827313755,1
221,"web|two_factor|high|one_to_one",0.348104521178393,1
222,"web|two_factor|high|one_to_one",1,1
223,"web|two_factor|high|one_to_one",0.402273912659475,1
224,"web|two_factor|high|one_to_one",0.39059164891198,1
225,"web|two_factor|high|one_to_one",0.112075497584626,1
226,"web|two_factor|high|one_to_one",0,1
227,"web|two_factor|high|one_to_one",1,1
228,"web|two_factor|high|one_to_one",0.904359572388975,1
230,"web|two_factor|high|one_to_one",0.215186652033679,1
231,"web|two_factor|high|one_to_one",0.700764385524029,1
232,"web|two_factor|high|one_to_one",1,1
233,"web|two_factor|high|one_to_one",1,1
234,"web|two_factor|high|one_to_one",0.260146695346306,1
235,"web|two_factor|high|one_to_one",0.208216795489367,1
236,"web|two_factor|high|one_to_one",0.958698867050298,1
237,"web|two_factor|high|one_to_one",0.230774368037823,1
238,"web|two_factor|high|one_to_one",1,1
239,"web|two_factor|high|one_to_one",0.64031172979155,1
240,"web|two_factor|high|one_to_one",0.999123430201371,1
241,"web|two_factor|high|one_to_one",0.374592117996179,1
242,"web|two_factor|high|one_to_one",0.0230930642065374,1
243,"web|two_factor|high|one_to_one",0.319605744016302,1
245,"web|two_factor|high|one_to_one",0.957360237344894,1
246,"web|two_factor|high|one_to_one",0.00665550028317817,1
247,"web|two_factor|high|one_to_one",1,1
248,"web|two_factor|high|one_to_one",0,1
249,"web|two_factor|high|one_to_one",0.190690073121141,1
250,"web|two_factor|high|one_to_one",0.863049441233326,1
251,"web|two_factor|high|one_to_one",0.89078795412772,1
252,"web|two_factor|high|one_to_one",0,1
253,"web|two_factor|high|one_to_one",1,1
254,"web|two_factor|high|one_to_one",0.743506528981876,1
256,"web|two_factor|high|one_to_one",0.20873767001348,1
258,"web|two_factor|high|one_to_one",1,1
259,"web|two_factor|high|one_to_one",0.655744786607717,1
260,"web|two_factor|high|one_to_one",0,1
261,"web|two_factor|high|one_to_one",0.765631262373677,1
263,"web|two_factor|high|one_to_one",0,1
264,"web|two_factor|high|one_to_one",0.175021366257794,1
265,"web|two_factor|high|one_to_one",0.915966722162461,1
266,"web|two_factor|high|one_to_one",1,1
267,"web|two_factor|high|one_to_one",0.930981299701126,1
268,"web|two_factor|high|one_to_one",0.156844886826206,1
269,"web|two_factor|high|one_to_one",0.806431241709714,1
270,"web|two_factor|high|one_to_one",0.436671788165445,1
271,"web|two_factor|high|one_to_one",1,1
272,"web|two_factor|high|one_to_one",1,1
273,"web|two_factor|high|one_to_one",0.162220814640142,1
274,"web|two_factor|high|one_to_one",0,1
275,"web|two_factor|high|one_to_one",0,1
276,"web|two_factor|high|one_to_one",0,1
277,"web|two_factor|high|one_to_one",1,1
279,"web|two_factor|high|one_to_one",0.383276179853481,1
280,"web|two_factor|high|one_to_one",0,1
281,"web|two_factor|high|one_to_one",0.607706168203722,1
282,"web|two_factor|high|one_to_one",0.58119939098738,1
283,"web|two_factor|high|one_to_one",0,1
284,"web|two_factor|high|one_to_one",0.95499186468275,1
285,"web|two_factor|high|one_to_one",0,1
286,"web|two_factor|high|one_to_one",0.137496655879708,1
287,"web|two_factor|high|one_to_one",0.553021131483548,1
288,"web|two_factor|high|one_to_one",0,1
289,"web|two_factor|high|one_to_one",0,1
290,"web|two_factor|high|one_to_one",0.705128004678507,1
291,"web|two_factor|high|one_to_one",0.579287861663604,1
292,"web|two_factor|high|one_to_one",0.32617850575929,1
293,"web|two_factor|high|one_to_one",0.296620004436412,1
294,"web|two_factor|high|one_to_one",0.789180366021961,1
295,"web|two_factor|high|one_to_one",0,1
296,"web|two_factor|high|one_to_one",0.203859965777466,1
297,"web|two_factor|high|one_to_one",1,1
298,"web|two_factor|high|one_to_one",1,1
299,"web|two_factor|high|one_to_one",0,1
301,"web|two_factor|high|one_to_one",1,1
302,"web|two_factor|high|one_to_one",0.700948687886925,1
303,"web|two_factor|high|one_to_one",0.236030241432572,1
304,"web|two_factor|high|one_to_one",0,1
305,"web|two_factor|high|one_to_one",0.63953507802888,1
306,"web|two_factor|high|one_to_one",0.551849457622734,1
307,"web|two_factor|high|one_to_one",0.795727298755234,1
308,"web|two_factor|high|one_to_one",0.751110481880451,1
309,"web|two_factor|high|one_to_one",0.737996322380244,1
310,"web|two_factor|high|one_to_one",0.220236836189354,1
311,"web|two_factor|high|one_to_one",0.463717558645727,1
312,"web|two_factor|high|one_to_one",0,1
313,"web|two_factor|high|one_to_one",1,1
314,"web|two_factor|high|one_to_one",0.290426059562688,1
2,"web|two_factor|low|one_to_one",0.548093329337218,1
3,"web|two_factor|low|one_to_one",0.21463625714289,1
4,"web|two_factor|low|one_to_one",0.908831059026032,1
5,"web|two_factor|low|one_to_one",0.735037377677804,1
6,"web|two_factor|low|one_to_one",0.886181137056237,1
7,"web|two_factor|low|one_to_one",1,1
8,"web|two_factor|low|one_to_one",1,1
9,"web|two_factor|low|one_to_one",1,1
10,"web|two_factor|low|one_to_one",1,1
11,"web|two_factor|low|one_to_one",0.630135091539133,1
13,"web|two_factor|low|one_to_one",0.194090258452245,1
14,"web|two_factor|low|one_to_one",1,1
15,"web|two_factor|low|one_to_one",0.735022911268259,1
16,"web|two_factor|low|one_to_one",1,1
17,"web|two_factor|low|one_to_one",0.580919034153302,1
18,"web|two_factor|low|one_to_one",1,1
19,"web|two_factor|low|one_to_one",1,1
20,"web|two_factor|low|one_to_one",0.293325084113338,1
21,"web|two_factor|low|one_to_one",0.90638333776428,1
22,"web|two_factor|low|one_to_one",0.559143823347726,1
23,"web|two_factor|low|one_to_one",0,1
24,"web|two_factor|low|one_to_one",1,1
26,"web|two_factor|low|one_to_one",1,1
27,"web|two_factor|low|one_to_one",1,1
28,"web|two_factor|low|one_to_one",0,1
29,"web|two_factor|low|one_to_one",1,1
31,"web|two_factor|low|one_to_one",0.375805890909386,1
32,"web|two_factor|low|one_to_one",1,1
33,"web|two_factor|low|one_to_one",0.376019494874804,1
35,"web|two_factor|low|one_to_one",0.907639629505317,1
36,"web|two_factor|low|one_to_one",1,1
37,"web|two_factor|low|one_to_one",1,1
38,"web|two_factor|low|one_to_one",0.7954113085308,1
39,"web|two_factor|low|one_to_one",1,1
41,"web|two_factor|low|one_to_one",0.925448659099607,1
42,"web|two_factor|low|one_to_one",1,1
43,"web|two_factor|low|one_to_one",1,1
44,"web|two_factor|low|one_to_one",0.614327083708057,1
45,"web|two_factor|low|one_to_one",0.794494612427717,1
46,"web|two_factor|low|one_to_one",0,1
47,"web|two_factor|low|one_to_one",0.238608127895548,1
48,"web|two_factor|low|one_to_one",0.139346479413471,1
49,"web|two_factor|low|one_to_one",0.267356440320997,1
50,"web|two_factor|low|one_to_one",1,1
51,"web|two_factor|low|one_to_one",0.700413741925432,1
52,"web|two_factor|low|one_to_one",1,1
53,"web|two_factor|low|one_to_one",0.866613831203196,1
54,"web|two_factor|low|one_to_one",0.771275327124374,1
55,"web|two_factor|low|one_to_one",0.492932636651881,1
56,"web|two_factor|low|one_to_one",0,1
57,"web|two_factor|low|one_to_one",1,1
58,"web|two_factor|low|one_to_one",0.347429854911837,1
60,"web|two_factor|low|one_to_one",0.333157753483789,1
61,"web|two_factor|low|one_to_one",0.263206070209276,1
62,"web|two_factor|low|one_to_one",1,1
63,"web|two_factor|low|one_to_one",0.921312032325748,1
64,"web|two_factor|low|one_to_one",0,1
65,"web|two_factor|low|one_to_one",1,1
68,"web|two_factor|low|one_to_one",1,1
69,"web|two_factor|low|one_to_one",1,1
70,"web|two_factor|low|one_to_one",0.586992358514167,1
71,"web|two_factor|low|one_to_one",0,1
72,"web|two_factor|low|one_to_one",1,1
73,"web|two_factor|low|one_to_one",0.531948506037919,1
74,"web|two_factor|low|one_to_one",1,1
75,"web|two_factor|low|one_to_one",0.658796510936688,1
76,"web|two_factor|low|one_to_one",0.173545183218207,1
77,"web|two_factor|low|one_to_one",0.556153175805852,1
78,"web|two_factor|low|one_to_one",0.859218500286068,1
79,"web|two_factor|low|one_to_one",1,1
80,"web|two_factor|low|one_to_one",0.250295004552908,1
81,"web|two_factor|low|one_to_one",0.813248197248295,1
82,"web|two_factor|low|one_to_one",1,1
83,"web|two_factor|low|one_to_one",1,1
84,"web|two_factor|low|one_to_one",1,1
86,"web|two_factor|low|one_to_one",0.802261304443647,1
87,"web|two_factor|low|one_to_one",0.678895719202848,1
88,"web|two_factor|low|one_to_one",0.551062199833735,1
90,"web|two_factor|low|one_to_one",0.739785763070507,1
91,"web|two_factor|low|one_to_one",0,1
92,"web|two_factor|low|one_to_one",0.873574300845676,1
93,"web|two_factor|low|one_to_one",0.914235029859237,1
94,"web|two_factor|low|one_to_one",1,1
95,"web|two_factor|low|one_to_one",0.990899349413041,1
96,"web|two_factor|low|one_to_one",0.0672611715790394,1
97,"web|two_factor|low|one_to_one",0.556729688332029,1
98,"web|two_factor|low|one_to_one",0.33347772576098,1
99,"web|two_factor|low|one_to_one",1,1
100,"web|two_factor|low|one_to_one",0,1
101,"web|two_factor|low|one_to_one",1,1
103,"web|two_factor|low|one_to_one",1,1
104,"web|two_factor|low|one_to_one",0.0556912583201523,1
105,"web|two_factor|low|one_to_one",0,1
106,"web|two_factor|low|one_to_one",0,1
107,"web|two_factor|low|one_to_one",0.778908205460728,1
108,"web|two_factor|low|one_to_one",0.185099304677263,1
109,"web|two_factor|low|one_to_one",1,1
110,"web|two_factor|low|one_to_one",0.656016774190528,1
111,"web|two_factor|low|one_to_one",1,1
112,"web|two_factor|low|one_to_one",1,1
113,"web|two_factor|low|one_to_one",0.202265012773192,1
114,"web|two_factor|low|one_to_one",1,1
115,"web|two_factor|low|one_to_one",1,1
116,"web|two_factor|low|one_to_one",0.392065619259489,1
117,"web|two_factor|low|one_to_one",0.336294342224624,1
118,"web|two_factor|low|one_to_one",0.54504115341035,1
119,"web|two_factor|low|one_to_one",0.855984134732367,1
120,"web|two_factor|low|one_to_one",0.336199736926529,1
121,"web|two_factor|low|one_to_one",0.871035320457111,1
122,"web|two_factor|low|one_to_one",0.178053256059847,1
123,"web|two_factor|low|one_to_one",1,1
124,"web|two_factor|low|one_to_one",1,1
125,"web|two_factor|low|one_to_one",0,1
126,"web|two_factor|low|one_to_one",0.255581986973641,1
127,"web|two_factor|low|one_to_one",1,1
128,"web|two_factor|low|one_to_one",0.420172658674496,1
130,"web|two_factor|low|one_to_one",0,1
131,"web|two_factor|low|one_to_one",0.302572235242074,1
132,"web|two_factor|low|one_to_one",0.298431982443195,1
133,"web|two_factor|low|one_to_one",0.247923810983666,1
135,"web|two_factor|low|one_to_one",0.417430366077603,1
136,"web|two_factor|low|one_to_one",0.768643857376367,1
137,"web|two_factor|low|one_to_one",0,1
138,"web|two_factor|low|one_to_one",0.91901002927511,1
140,"web|two_factor|low|one_to_one",0.609902614658757,1
141,"web|two_factor|low|one_to_one",0.82181891770233,1
142,"web|two_factor|low|one_to_one",1,1
143,"web|two_factor|low|one_to_one",1,1
144,"web|two_factor|low|one_to_one",0.282854002399726,1
145,"web|two_factor|low|one_to_one",0.844779898221486,1
146,"web|two_factor|low|one_to_one",1,1
147,"web|two_factor|low|one_to_one",0.963139363686588,1
148,"web|two_factor|low|one_to_one",0.0949015702011035,1
149,"web|two_factor|low|one_to_one",1,1
150,"web|two_factor|low|one_to_one",0.903996226091082,1
151,"web|two_factor|low|one_to_one",1,1
152,"web|two_factor|low|one_to_one",0.992094386077808,1
153,"web|two_factor|low|one_to_one",0,1
154,"web|two_factor|low|one_to_one",1,1
155,"web|two_factor|low|one_to_one",1,1
156,"web|two_factor|low|one_to_one",0.73998400670572,1
157,"web|two_factor|low|one_to_one",0.714043685766383,1
158,"web|two_factor|low|one_to_one",1,1
159,"web|two_factor|low|one_to_one",1,1
160,"web|two_factor|low|one_to_one",0.707036995794952,1
162,"web|two_factor|low|one_to_one",1,1
163,"web|two_factor|low|one_to_one",0.239574205342497,1
164,"web|two_factor|low|one_to_one",0.913680049400618,1
165,"web|two_factor|low|one_to_one",1,1
166,"web|two_factor|low|one_to_one",0.603587702540021,1
167,"web|two_factor|low|one_to_one",1,1
168,"web|two_factor|low|one_to_one",0.613620926368913,1
169,"web|two_factor|low|one_to_one",1,1
170,"web|two_factor|low|one_to_one",1,1
171,"web|two_factor|low|one_to_one",1,1
172,"web|two_factor|low|one_to_one",0.519390360691188,1
173,"web|two_factor|low|one_to_one",0.271888263133462,1
174,"web|two_factor|low|one_to_one",0,1
175,"web|two_factor|low|one_to_one",0.70758032963242,1
176,"web|two_factor|low|one_to_one",0.180671638729758,1
177,"web|two_factor|low|one_to_one",0.520440377251581,1
178,"web|two_factor|low|one_to_one",0.29736663708484,1
179,"web|two_factor|low|one_to_one",0.625047937241096,1
180,"web|two_factor|low|one_to_one",0.78790355375141,1
181,"web|two_factor|low|one_to_one",0.787495478563781,1
183,"web|two_factor|low|one_to_one",0,1
184,"web|two_factor|low|one_to_one",0,1
186,"web|two_factor|low|one_to_one",0.179925124742661,1
187,"web|two_factor|low|one_to_one",1,1
188,"web|two_factor|low|one_to_one",0.858270215757784,1
189,"web|two_factor|low|one_to_one",1,1
190,"web|two_factor|low|one_to_one",0,1
191,"web|two_factor|low|one_to_one",0.74933294395532,1
192,"web|two_factor|low|one_to_one",0.464736869259524,1
194,"web|two_factor|low|one_to_one",0.222118645889383,1
195,"web|two_factor|low|one_to_one",0.946191854329766,1
196,"web|two_factor|low|one_to_one",0.794095914025843,1
197,"web|two_factor|low|one_to_one",0.752582101186607,1
198,"web|two_factor|low|one_to_one",0.803886560900756,1
199,"web|two_factor|low|one_to_one",1,1
200,"web|two_factor|low|one_to_one",0.187882944636091,1
201,"web|two_factor|low|one_to_one",0.529457230469503,1
202,"web|two_factor|low|one_to_one",1,1
203,"web|two_factor|low|one_to_one",0.776642699880175,1
205,"web|two_factor|low|one_to_one",0.37962521356748,1
206,"web|two_factor|low|one_to_one",1,1
207,"web|two_factor|low|one_to_one",1,1
208,"web|two_factor|low|one_to_one",1,1
209,"web|two_factor|low|one_to_one",0.599204646403844,1
210,"web|two_factor|low|one_to_one",0.7116341231725,1
211,"web|two_factor|low|one_to_one",0.0875153437400283,1
212,"web|two_factor|low|one_to_one",1,1
213,"web|two_factor|low|one_to_one",0.89843776772741,1
214,"web|two_factor|low|one_to_one",0.997669187480686,1
217,"web|two_factor|low|one_to_one",1,1
219,"web|two_factor|low|one_to_one",0.342501872725287,1
220,"web|two_factor|low|one_to_one",1,1
221,"web|two_factor|low|one_to_one",0.138416854594344,1
222,"web|two_factor|low|one_to_one",1,1
223,"web|two_factor|low|one_to_one",0.403280774816798,1
224,"web|two_factor|low|one_to_one",0.177166982019212,1
225,"web|two_factor|low|one_to_one",0.25687508049961,1
226,"web|two_factor|low|one_to_one",0,1
227,"web|two_factor|low|one_to_one",1,1
228,"web|two_factor|low|one_to_one",1,1
230,"web|two_factor|low|one_to_one",0.392648435637459,1
231,"web|two_factor|low|one_to_one",0.804107480595545,1
232,"web|two_factor|low|one_to_one",1,1
233,"web|two_factor|low|one_to_one",1,1
234,"web|two_factor|low|one_to_one",0.436520358053867,1
235,"web|two_factor|low|one_to_one",0.35317009919863,1
236,"web|two_factor|low|one_to_one",1,1
237,"web|two_factor|low|one_to_one",0.920238703874211,1
238,"web|two_factor|low|one_to_one",1,1
239,"web|two_factor|low|one_to_one",0.686756928721078,1
240,"web|two_factor|low|one_to_one",1,1
241,"web|two_factor|low|one_to_one",0.763498013859837,1
242,"web|two_factor|low|one_to_one",0.0209798197277146,1
243,"web|two_factor|low|one_to_one",0.476570405154663,1
245,"web|two_factor|low|one_to_one",1,1
246,"web|two_factor|low|one_to_one",0.153867537690181,1
247,"web|two_factor|low|one_to_one",1,1
248,"web|two_factor|low|one_to_one",0,1
249,"web|two_factor|low|one_to_one",0.266515335693916,1
250,"web|two_factor|low|one_to_one",0.989510972041126,1
251,"web|two_factor|low|one_to_one",0.95839550406875,1
252,"web|two_factor|low|one_to_one",0,1
253,"web|two_factor|low|one_to_one",1,1
254,"web|two_factor|low|one_to_one",0.272830616948991,1
256,"web|two_factor|low|one_to_one",1,1
258,"web|two_factor|low|one_to_one",1,1
259,"web|two_factor|low|one_to_one",0.762923352924936,1
260,"web|two_factor|low|one_to_one",0,1
261,"web|two_factor|low|one_to_one",0.808425996572865,1
263,"web|two_factor|low|one_to_one",0,1
264,"web|two_factor|low|one_to_one",0.0309443737416575,1
265,"web|two_factor|low|one_to_one",0.998102780964892,1
266,"web|two_factor|low|one_to_one",1,1
267,"web|two_factor|low|one_to_one",1,1
268,"web|two_factor|low|one_to_one",0.237540443510644,1
269,"web|two_factor|low|one_to_one",0.907018442582409,1
270,"web|two_factor|low|one_to_one",0.554078370173544,1
271,"web|two_factor|low|one_to_one",1,1
272,"web|two_factor|low|one_to_one",1,1
273,"web|two_factor|low|one_to_one",0.351221400681329,1
274,"web|two_factor|low|one_to_one",0,1
275,"web|two_factor|low|one_to_one",0,1
276,"web|two_factor|low|one_to_one",0,1
277,"web|two_factor|low|one_to_one",1,1
279,"web|two_factor|low|one_to_one",0.470618839293749,1
280,"web|two_factor|low|one_to_one",0,1
281,"web|two_factor|low|one_to_one",0.893987582234065,1
282,"web|two_factor|low|one_to_one",0.566397471671703,1
283,"web|two_factor|low|one_to_one",0,1
284,"web|two_factor|low|one_to_one",1,1
285,"web|two_factor|low|one_to_one",0,1
286,"web|two_factor|low|one_to_one",0.166936075996703,1
287,"web|two_factor|low|one_to_one",0.639589692199345,1
288,"web|two_factor|low|one_to_one",0,1
289,"web|two_factor|low|one_to_one",0,1
290,"web|two_factor|low|one_to_one",0.745845758698687,1
291,"web|two_factor|low|one_to_one",0.768479365331229,1
292,"web|two_factor|low|one_to_one",0.277535126051222,1
293,"web|two_factor|low|one_to_one",0.362499672123648,1
294,"web|two_factor|low|one_to_one",0.841717165545809,1
295,"web|two_factor|low|one_to_one",0.0929869878428198,1
296,"web|two_factor|low|one_to_one",0.162248713423161,1
297,"web|two_factor|low|one_to_one",1,1
298,"web|two_factor|low|one_to_one",1,1
299,"web|two_factor|low|one_to_one",0,1
301,"web|two_factor|low|one_to_one",1,1
302,"web|two_factor|low|one_to_one",0.674892360478464,1
303,"web|two_factor|low|one_to_one",0.265485079956715,1
304,"web|two_factor|low|one_to_one",0.730726888293334,1
305,"web|two_factor|low|one_to_one",0.475294964205089,1
306,"web|two_factor|low|one_to_one",0.598481658273358,1
307,"web|two_factor|low|one_to_one",0.91149435375833,1
308,"web|two_factor|low|one_to_one",0.879640508168681,1
309,"web|two_factor|low|one_to_one",1,1
310,"web|two_factor|low|one_to_one",0.296663041065657,1
311,"web|two_factor|low|one_to_one",0.690985711813054,1
312,"web|two_factor|low|one_to_one",0.137286934038525,1
313,"web|two_factor|low|one_to_one",1,1
314,"web|two_factor|low|one_to_one",0.363138949067973,1
