"resp.id","profile","threshold","frequency"
2,"web|simple|low|multi_person",0,1
3,"web|simple|low|multi_person",0,1
4,"web|simple|low|multi_person",0,1
5,"web|simple|low|multi_person",0,1
6,"web|simple|low|multi_person",0,1
7,"web|simple|low|multi_person",0,1
8,"web|simple|low|multi_person",0,1
9,"web|simple|low|multi_person",0,1
10,"web|simple|low|multi_person",0,1
11,"web|simple|low|multi_person",0,1
13,"web|simple|low|multi_person",0,1
14,"web|simple|low|multi_person",0,1
15,"web|simple|low|multi_person",0,1
16,"web|simple|low|multi_person",0,1
17,"web|simple|low|multi_person",0,1
18,"web|simple|low|multi_person",0,1
19,"web|simple|low|multi_person",0,1
20,"web|simple|low|multi_person",0,1
21,"web|simple|low|multi_person",0,1
22,"web|simple|low|multi_person",0,1
23,"web|simple|low|multi_person",0,1
24,"web|simple|low|multi_person",0,1
26,"web|simple|low|multi_person",0,1
27,"web|simple|low|multi_person",0,1
28,"web|simple|low|multi_person",0,1
29,"web|simple|low|multi_person",0,1
31,"web|simple|low|multi_person",0,1
32,"web|simple|low|multi_person",0,1
33,"web|simple|low|multi_person",0,1
35,"web|simple|low|multi_person",0,1
36,"web|simple|low|multi_person",0,1
37,"web|simple|low|multi_person",0,1
38,"web|simple|low|multi_person",0,1
39,"web|simple|low|multi_person",0,1
41,"web|simple|low|multi_person",0,1
42,"web|simple|low|multi_person",0,1
43,"web|simple|low|multi_person",0,1
44,"web|simple|low|multi_person",0,1
45,"web|simple|low|multi_person",0,1
46,"web|simple|low|multi_person",0,1
47,"web|simple|low|multi_person",0,1
48,"web|simple|low|multi_person",0,1
49,"web|simple|low|multi_person",0,1
50,"web|simple|low|multi_person",0,1
51,"web|simple|low|multi_person",0,1
52,"web|simple|low|multi_person",0,1
53,"web|simple|low|multi_person",0,1
54,"web|simple|low|multi_person",0,1
55,"web|simple|low|multi_person",0,1
56,"web|simple|low|multi_person",0,1
57,"web|simple|low|multi_person",0,1
58,"web|simple|low|multi_person",0,1
60,"web|simple|low|multi_person",0,1
61,"web|simple|low|multi_person",0,1
62,"web|simple|low|multi_person",0,1
63,"web|simple|low|multi_person",0,1
64,"web|simple|low|multi_person",0,1
65,"web|simple|low|multi_person",0,1
68,"web|simple|low|multi_person",0,1
69,"web|simple|low|multi_person",0,1
70,"web|simple|low|multi_person",0,1
71,"web|simple|low|multi_person",0,1
72,"web|simple|low|multi_person",0,1
73,"web|simple|low|multi_person",0,1
74,"web|simple|low|multi_person",0,1
75,"web|simple|low|multi_person",0,1
76,"web|simple|low|multi_person",0,1
77,"web|simple|low|multi_person",0,1
78,"web|simple|low|multi_person",0,1
79,"web|simple|low|multi_person",0,1
80,"web|simple|low|multi_person",0,1
81,"web|simple|low|multi_person",0,1
82,"web|simple|low|multi_person",0,1
83,"web|simple|low|multi_person",0,1
84,"web|simple|low|multi_person",0,1
86,"web|simple|low|multi_person",0,1
87,"web|simple|low|multi_person",0,1
88,"web|simple|low|multi_person",0,1
90,"web|simple|low|multi_person",0,1
91,"web|simple|low|multi_person",0,1
92,"web|simple|low|multi_person",0,1
93,"web|simple|low|multi_person",0,1
94,"web|simple|low|multi_person",0,1
95,"web|simple|low|multi_person",0,1
96,"web|simple|low|multi_person",0,1
97,"web|simple|low|multi_person",0,1
98,"web|simple|low|multi_person",0,1
99,"web|simple|low|multi_person",0,1
100,"web|simple|low|multi_person",0,1
101,"web|simple|low|multi_person",0,1
103,"web|simple|low|multi_person",0,1
104,"web|simple|low|multi_person",0,1
105,"web|simple|low|multi_person",0,1
106,"web|simple|low|multi_person",0,1
107,"web|simple|low|multi_person",0,1
108,"web|simple|low|multi_person",0,1
109,"web|simple|low|multi_person",0,1
110,"web|simple|low|multi_person",0,1
111,"web|simple|low|multi_person",0,1
112,"web|simple|low|multi_person",0,1
113,"web|simple|low|multi_person",0,1
114,"web|simple|low|multi_person",0,1
115,"web|simple|low|multi_person",0,1
116,"web|simple|low|multi_person",0,1
117,"web|simple|low|multi_person",0,1
118,"web|simple|low|multi_person",0,1
119,"web|simple|low|multi_person",0,1
120,"web|simple|low|multi_person",0,1
121,"web|simple|low|multi_person",0,1
122,"web|simple|low|multi_person",0,1
123,"web|simple|low|multi_person",0,1
124,"web|simple|low|multi_person",0,1
125,"web|simple|low|multi_person",0,1
126,"web|simple|low|multi_person",0,1
127,"web|simple|low|multi_person",0,1
128,"web|simple|low|multi_person",0,1
130,"web|simple|low|multi_person",0,1
131,"web|simple|low|multi_person",0,1
132,"web|simple|low|multi_person",0,1
133,"web|simple|low|multi_person",0,1
135,"web|simple|low|multi_person",0,1
136,"web|simple|low|multi_person",0,1
137,"web|simple|low|multi_person",0,1
138,"web|simple|low|multi_person",0,1
140,"web|simple|low|multi_person",0,1
141,"web|simple|low|multi_person",0,1
142,"web|simple|low|multi_person",0,1
143,"web|simple|low|multi_person",0,1
144,"web|simple|low|multi_person",0,1
145,"web|simple|low|multi_person",0,1
146,"web|simple|low|multi_person",0,1
147,"web|simple|low|multi_person",0,1
148,"web|simple|low|multi_person",0,1
149,"web|simple|low|multi_person",0,1
150,"web|simple|low|multi_person",0,1
151,"web|simple|low|multi_person",0,1
152,"web|simple|low|multi_person",0,1
153,"web|simple|low|multi_person",0,1
154,"web|simple|low|multi_person",0,1
155,"web|simple|low|multi_person",0,1
156,"web|simple|low|multi_person",0,1
157,"web|simple|low|multi_person",0,1
158,"web|simple|low|multi_person",0,1
159,"web|simple|low|multi_person",0,1
160,"web|simple|low|multi_person",0,1
162,"web|simple|low|multi_person",0,1
163,"web|simple|low|multi_person",0,1
164,"web|simple|low|multi_person",0,1
165,"web|simple|low|multi_person",0,1
166,"web|simple|low|multi_person",0,1
167,"web|simple|low|multi_person",0,1
168,"web|simple|low|multi_person",0,1
169,"web|simple|low|multi_person",0,1
170,"web|simple|low|multi_person",0,1
171,"web|simple|low|multi_person",0,1
172,"web|simple|low|multi_person",0,1
173,"web|simple|low|multi_person",0,1
174,"web|simple|low|multi_person",0,1
175,"web|simple|low|multi_person",0,1
176,"web|simple|low|multi_person",0,1
177,"web|simple|low|multi_person",0,1
178,"web|simple|low|multi_person",0,1
179,"web|simple|low|multi_person",0,1
180,"web|simple|low|multi_person",0,1
181,"web|simple|low|multi_person",0,1
183,"web|simple|low|multi_person",0,1
184,"web|simple|low|multi_person",0,1
186,"web|simple|low|multi_person",0,1
187,"web|simple|low|multi_person",0,1
188,"web|simple|low|multi_person",0,1
189,"web|simple|low|multi_person",0,1
190,"web|simple|low|multi_person",0,1
191,"web|simple|low|multi_person",0,1
192,"web|simple|low|multi_person",0,1
194,"web|simple|low|multi_person",0,1
195,"web|simple|low|multi_person",0,1
196,"web|simple|low|multi_person",0,1
197,"web|simple|low|multi_person",0,1
198,"web|simple|low|multi_person",0,1
199,"web|simple|low|multi_person",0,1
200,"web|simple|low|multi_person",0,1
201,"web|simple|low|multi_person",0,1
202,"web|simple|low|multi_person",0,1
203,"web|simple|low|multi_person",0,1
205,"web|simple|low|multi_person",0,1
206,"web|simple|low|multi_person",0,1
207,"web|simple|low|multi_person",0,1
208,"web|simple|low|multi_person",0,1
209,"web|simple|low|multi_person",0,1
210,"web|simple|low|multi_person",0,1
211,"web|simple|low|multi_person",0,1
212,"web|simple|low|multi_person",0,1
213,"web|simple|low|multi_person",0,1
214,"web|simple|low|multi_person",0,1
217,"web|simple|low|multi_person",0,1
219,"web|simple|low|multi_person",0,1
220,"web|simple|low|multi_person",0,1
221,"web|simple|low|multi_person",0,1
222,"web|simple|low|multi_person",0,1
223,"web|simple|low|multi_person",0,1
224,"web|simple|low|multi_person",0,1
225,"web|simple|low|multi_person",0,1
226,"web|simple|low|multi_person",0,1
227,"web|simple|low|multi_person",0,1
228,"web|simple|low|multi_person",0,1
230,"web|simple|low|multi_person",0,1
231,"web|simple|low|multi_person",0,1
232,"web|simple|low|multi_person",0,1
233,"web|simple|low|multi_person",0,1
234,"web|simple|low|multi_person",0,1
235,"web|simple|low|multi_person",0,1
236,"web|simple|low|multi_person",0,1
237,"web|simple|low|multi_person",0,1
238,"web|simple|low|multi_person",0,1
239,"web|simple|low|multi_person",0,1
240,"web|simple|low|multi_person",0,1
241,"web|simple|low|multi_person",0,1
242,"web|simple|low|multi_person",0,1
243,"web|simple|low|multi_person",0,1
245,"web|simple|low|multi_person",0,1
246,"web|simple|low|multi_person",0,1
247,"web|simple|low|multi_person",0,1
248,"web|simple|low|multi_person",0,1
249,"web|simple|low|multi_person",0,1
250,"web|simple|low|multi_person",0,1
251,"web|simple|low|multi_person",0,1
252,"web|simple|low|multi_person",0,1
253,"web|simple|low|multi_person",0,1
254,"web|simple|low|multi_person",0,1
256,"web|simple|low|multi_person",0,1
258,"web|simple|low|multi_person",0,1
259,"web|simple|low|multi_person",0,1
260,"web|simple|low|multi_person",0,1
261,"web|simple|low|multi_person",0,1
263,"web|simple|low|multi_person",0,1
264,"web|simple|low|multi_person",0,1
265,"web|simple|low|multi_person",0,1
266,"web|simple|low|multi_person",0,1
267,"web|simple|low|multi_person",0,1
268,"web|simple|low|multi_person",0,1
269,"web|simple|low|multi_person",0,1
270,"web|simple|low|multi_person",0,1
271,"web|simple|low|multi_person",0,1
272,"web|simple|low|multi_person",0,1
273,"web|simple|low|multi_person",0,1
274,"web|simple|low|multi_person",0,1
275,"web|simple|low|multi_person",0,1
276,"web|simple|low|multi_person",0,1
277,"web|simple|low|multi_person",0,1
279,"web|simple|low|multi_person",0,1
280,"web|simple|low|multi_person",0,1
281,"web|simple|low|multi_person",0,1
282,"web|simple|low|multi_person",0,1
283,"web|simple|low|multi_person",0,1
284,"web|simple|low|multi_person",0,1
285,"web|simple|low|multi_person",0,1
286,"web|simple|low|multi_person",0,1
287,"web|simple|low|multi_person",0,1
288,"web|simple|low|multi_person",0,1
289,"web|simple|low|multi_person",0,1
290,"web|simple|low|multi_person",0,1
291,"web|simple|low|multi_person",0,1
292,"web|simple|low|multi_person",0,1
293,"web|simple|low|multi_person",0,1
294,"web|simple|low|multi_person",0,1
295,"web|simple|low|multi_person",0,1
296,"web|simple|low|multi_person",0,1
297,"web|simple|low|multi_person",0,1
298,"web|simple|low|multi_person",0,1
299,"web|simple|low|multi_person",0,1
301,"web|simple|low|multi_person",0,1
302,"web|simple|low|multi_person",0,1
303,"web|simple|low|multi_person",0,1
304,"web|simple|low|multi_person",0,1
305,"web|simple|low|multi_person",0,1
306,"web|simple|low|multi_person",0,1
307,"web|simple|low|multi_person",0,1
308,"web|simple|low|multi_person",0,1
309,"web|simple|low|multi_person",0,1
310,"web|simple|low|multi_person",0,1
311,"web|simple|low|multi_person",0,1
312,"web|simple|low|multi_person",0,1
313,"web|simple|low|multi_person",0,1
314,"web|simple|low|multi_person",0,1
2,"mobile|two_factor|low|multi_person",0,1
3,"mobile|two_factor|low|multi_person",0,1
4,"mobile|two_factor|low|multi_person",0,1
5,"mobile|two_factor|low|multi_person",0,1
6,"mobile|two_factor|low|multi_person",0,1
7,"mobile|two_factor|low|multi_person",0,1
8,"mobile|two_factor|low|multi_person",0,1
9,"mobile|two_factor|low|multi_person",0,1
10,"mobile|two_factor|low|multi_person",0,1
11,"mobile|two_factor|low|multi_person",0,1
13,"mobile|two_factor|low|multi_person",0,1
14,"mobile|two_factor|low|multi_person",0,1
15,"mobile|two_factor|low|multi_person",0,1
16,"mobile|two_factor|low|multi_person",0,1
17,"mobile|two_factor|low|multi_person",0,1
18,"mobile|two_factor|low|multi_person",0,1
19,"mobile|two_factor|low|multi_person",0,1
20,"mobile|two_factor|low|multi_person",0,1
21,"mobile|two_factor|low|multi_person",0,1
22,"mobile|two_factor|low|multi_person",0,1
23,"mobile|two_factor|low|multi_person",0,1
24,"mobile|two_factor|low|multi_person",0,1
26,"mobile|two_factor|low|multi_person",0,1
27,"mobile|two_factor|low|multi_person",0,1
28,"mobile|two_factor|low|multi_person",0,1
29,"mobile|two_factor|low|multi_person",0,1
31,"mobile|two_factor|low|multi_person",0,1
32,"mobile|two_factor|low|multi_person",0,1
33,"mobile|two_factor|low|multi_person",0,1
35,"mobile|two_factor|low|multi_person",0,1
36,"mobile|two_factor|low|multi_person",0,1
37,"mobile|two_factor|low|multi_person",0,1
38,"mobile|two_factor|low|multi_person",0,1
39,"mobile|two_factor|low|multi_person",0,1
41,"mobile|two_factor|low|multi_person",0,1
42,"mobile|two_factor|low|multi_person",0,1
43,"mobile|two_factor|low|multi_person",0,1
44,"mobile|two_factor|low|multi_person",0,1
45,"mobile|two_factor|low|multi_person",0,1
46,"mobile|two_factor|low|multi_person",0,1
47,"mobile|two_factor|low|multi_person",0,1
48,"mobile|two_factor|low|multi_person",0,1
49,"mobile|two_factor|low|multi_person",0,1
50,"mobile|two_factor|low|multi_person",0,1
51,"mobile|two_factor|low|multi_person",0,1
52,"mobile|two_factor|low|multi_person",0,1
53,"mobile|two_factor|low|multi_person",0,1
54,"mobile|two_factor|low|multi_person",0,1
55,"mobile|two_factor|low|multi_person",0,1
56,"mobile|two_factor|low|multi_person",0,1
57,"mobile|two_factor|low|multi_person",0,1
58,"mobile|two_factor|low|multi_person",0,1
60,"mobile|two_factor|low|multi_person",0,1
61,"mobile|two_factor|low|multi_person",0,1
62,"mobile|two_factor|low|multi_person",0,1
63,"mobile|two_factor|low|multi_person",0,1
64,"mobile|two_factor|low|multi_person",0,1
65,"mobile|two_factor|low|multi_person",0,1
68,"mobile|two_factor|low|multi_person",0,1
69,"mobile|two_factor|low|multi_person",0,1
70,"mobile|two_factor|low|multi_person",0,1
71,"mobile|two_factor|low|multi_person",0,1
72,"mobile|two_factor|low|multi_person",0,1
73,"mobile|two_factor|low|multi_person",0,1
74,"mobile|two_factor|low|multi_person",0,1
75,"mobile|two_factor|low|multi_person",0,1
76,"mobile|two_factor|low|multi_person",0,1
77,"mobile|two_factor|low|multi_person",0,1
78,"mobile|two_factor|low|multi_person",0,1
79,"mobile|two_factor|low|multi_person",0,1
80,"mobile|two_factor|low|multi_person",0,1
81,"mobile|two_factor|low|multi_person",0,1
82,"mobile|two_factor|low|multi_person",0,1
83,"mobile|two_factor|low|multi_person",0,1
84,"mobile|two_factor|low|multi_person",0,1
86,"mobile|two_factor|low|multi_person",0,1
87,"mobile|two_factor|low|multi_person",0,1
88,"mobile|two_factor|low|multi_person",0,1
90,"mobile|two_factor|low|multi_person",0,1
91,"mobile|two_factor|low|multi_person",0,1
92,"mobile|two_factor|low|multi_person",0,1
93,"mobile|two_factor|low|multi_person",0,1
94,"mobile|two_factor|low|multi_person",0,1
95,"mobile|two_factor|low|multi_person",0,1
96,"mobile|two_factor|low|multi_person",0,1
97,"mobile|two_factor|low|multi_person",0,1
98,"mobile|two_factor|low|multi_person",0,1
99,"mobile|two_factor|low|multi_person",0,1
100,"mobile|two_factor|low|multi_person",0,1
101,"mobile|two_factor|low|multi_person",0,1
103,"mobile|two_factor|low|multi_person",0,1
104,"mobile|two_factor|low|multi_person",0,1
105,"mobile|two_factor|low|multi_person",0,1
106,"mobile|two_factor|low|multi_person",0,1
107,"mobile|two_factor|low|multi_person",0,1
108,"mobile|two_factor|low|multi_person",0,1
109,"mobile|two_factor|low|multi_person",0,1
110,"mobile|two_factor|low|multi_person",0,1
111,"mobile|two_factor|low|multi_person",0,1
112,"mobile|two_factor|low|multi_person",0,1
113,"mobile|two_factor|low|multi_person",0,1
114,"mobile|two_factor|low|multi_person",0,1
115,"mobile|two_factor|low|multi_person",0,1
116,"mobile|two_factor|low|multi_person",0,1
117,"mobile|two_factor|low|multi_person",0,1
118,"mobile|two_factor|low|multi_person",0,1
119,"mobile|two_factor|low|multi_person",0,1
120,"mobile|two_factor|low|multi_person",0,1
121,"mobile|two_factor|low|multi_person",0,1
122,"mobile|two_factor|low|multi_person",0,1
123,"mobile|two_factor|low|multi_person",0,1
124,"mobile|two_factor|low|multi_person",0,1
125,"mobile|two_factor|low|multi_person",0,1
126,"mobile|two_factor|low|multi_person",0,1
127,"mobile|two_factor|low|multi_person",0,1
128,"mobile|two_factor|low|multi_person",0,1
130,"mobile|two_factor|low|multi_person",0,1
131,"mobile|two_factor|low|multi_person",0,1
132,"mobile|two_factor|low|multi_person",0,1
133,"mobile|two_factor|low|multi_person",0,1
135,"mobile|two_factor|low|multi_person",0,1
136,"mobile|two_factor|low|multi_person",0,1
137,"mobile|two_factor|low|multi_person",0,1
138,"mobile|two_factor|low|multi_person",0,1
140,"mobile|two_factor|low|multi_person",0,1
141,"mobile|two_factor|low|multi_person",0,1
142,"mobile|two_factor|low|multi_person",0,1
143,"mobile|two_factor|low|multi_person",0,1
144,"mobile|two_factor|low|multi_person",0,1
145,"mobile|two_factor|low|multi_person",0,1
146,"mobile|two_factor|low|multi_person",0,1
147,"mobile|two_factor|low|multi_person",0,1
148,"mobile|two_factor|low|multi_person",0,1
149,"mobile|two_factor|low|multi_person",0,1
150,"mobile|two_factor|low|multi_person",0,1
151,"mobile|two_factor|low|multi_person",0,1
152,"mobile|two_factor|low|multi_person",0,1
153,"mobile|two_factor|low|multi_person",0,1
154,"mobile|two_factor|low|multi_person",0,1
155,"mobile|two_factor|low|multi_person",0,1
156,"mobile|two_factor|low|multi_person",0,1
157,"mobile|two_factor|low|multi_person",0,1
158,"mobile|two_factor|low|multi_person",0,1
159,"mobile|two_factor|low|multi_person",0,1
160,"mobile|two_factor|low|multi_person",0,1
162,"mobile|two_factor|low|multi_person",0,1
163,"mobile|two_factor|low|multi_person",0,1
164,"mobile|two_factor|low|multi_person",0,1
165,"mobile|two_factor|low|multi_person",0,1
166,"mobile|two_factor|low|multi_person",0,1
167,"mobile|two_factor|low|multi_person",0,1
168,"mobile|two_factor|low|multi_person",0,1
169,"mobile|two_factor|low|multi_person",0,1
170,"mobile|two_factor|low|multi_person",0,1
171,"mobile|two_factor|low|multi_person",0,1
172,"mobile|two_factor|low|multi_person",0,1
173,"mobile|two_factor|low|multi_person",0,1
174,"mobile|two_factor|low|multi_person",0,1
175,"mobile|two_factor|low|multi_person",0,1
176,"mobile|two_factor|low|multi_person",0,1
177,"mobile|two_factor|low|multi_person",0,1
178,"mobile|two_factor|low|multi_person",0,1
179,"mobile|two_factor|low|multi_person",0,1
180,"mobile|two_factor|low|multi_person",0,1
181,"mobile|two_factor|low|multi_person",0,1
183,"mobile|two_factor|low|multi_person",0,1
184,"mobile|two_factor|low|multi_person",0,1
186,"mobile|two_factor|low|multi_person",0,1
187,"mobile|two_factor|low|multi_person",0,1
188,"mobile|two_factor|low|multi_person",0,1
189,"mobile|two_factor|low|multi_person",0,1
190,"mobile|two_factor|low|multi_person",0,1
191,"mobile|two_factor|low|multi_person",0,1
192,"mobile|two_factor|low|multi_person",0,1
194,"mobile|two_factor|low|multi_person",0,1
195,"mobile|two_factor|low|multi_person",0,1
196,"mobile|two_factor|low|multi_person",0,1
197,"mobile|two_factor|low|multi_person",0,1
198,"mobile|two_factor|low|multi_person",0,1
199,"mobile|two_factor|low|multi_person",0,1
200,"mobile|two_factor|low|multi_person",0,1
201,"mobile|two_factor|low|multi_person",0,1
202,"mobile|two_factor|low|multi_person",0,1
203,"mobile|two_factor|low|multi_person",0,1
205,"mobile|two_factor|low|multi_person",0,1
206,"mobile|two_factor|low|multi_person",0,1
207,"mobile|two_factor|low|multi_person",0,1
208,"mobile|two_factor|low|multi_person",0,1
209,"mobile|two_factor|low|multi_person",0,1
210,"mobile|two_factor|low|multi_person",0,1
211,"mobile|two_factor|low|multi_person",0,1
212,"mobile|two_factor|low|multi_person",0,1
213,"mobile|two_factor|low|multi_person",0,1
214,"mobile|two_factor|low|multi_person",0,1
217,"mobile|two_factor|low|multi_person",0,1
219,"mobile|two_factor|low|multi_person",0,1
220,"mobile|two_factor|low|multi_person",0,1
221,"mobile|two_factor|low|multi_person",0,1
222,"mobile|two_factor|low|multi_person",0,1
223,"mobile|two_factor|low|multi_person",0,1
224,"mobile|two_factor|low|multi_person",0,1
225,"mobile|two_factor|low|multi_person",0,1
226,"mobile|two_factor|low|multi_person",0,1
227,"mobile|two_factor|low|multi_person",0,1
228,"mobile|two_factor|low|multi_person",0,1
230,"mobile|two_factor|low|multi_person",0,1
231,"mobile|two_factor|low|multi_person",0,1
232,"mobile|two_factor|low|multi_person",0,1
233,"mobile|two_factor|low|multi_person",0,1
234,"mobile|two_factor|low|multi_person",0,1
235,"mobile|two_factor|low|multi_person",0,1
236,"mobile|two_factor|low|multi_person",0,1
237,"mobile|two_factor|low|multi_person",0,1
238,"mobile|two_factor|low|multi_person",0,1
239,"mobile|two_factor|low|multi_person",0,1
240,"mobile|two_factor|low|multi_person",0,1
241,"mobile|two_factor|low|multi_person",0,1
242,"mobile|two_factor|low|multi_person",0,1
243,"mobile|two_factor|low|multi_person",0,1
245,"mobile|two_factor|low|multi_person",0,1
246,"mobile|two_factor|low|multi_person",0,1
247,"mobile|two_factor|low|multi_person",0,1
248,"mobile|two_factor|low|multi_person",0,1
249,"mobile|two_factor|low|multi_person",0,1
250,"mobile|two_factor|low|multi_person",0,1
251,"mobile|two_factor|low|multi_person",0,1
252,"mobile|two_factor|low|multi_person",0,1
253,"mobile|two_factor|low|multi_person",0,1
254,"mobile|two_factor|low|multi_person",0,1
256,"mobile|two_factor|low|multi_person",0,1
258,"mobile|two_factor|low|multi_person",0,1
259,"mobile|two_factor|low|multi_person",0,1
260,"mobile|two_factor|low|multi_person",0,1
261,"mobile|two_factor|low|multi_person",0,1
263,"mobile|two_factor|low|multi_person",0,1
264,"mobile|two_factor|low|multi_person",0,1
265,"mobile|two_factor|low|multi_person",0,1
266,"mobile|two_factor|low|multi_person",0,1
267,"mobile|two_factor|low|multi_person",0,1
268,"mobile|two_factor|low|multi_person",0,1
269,"mobile|two_factor|low|multi_person",0,1
270,"mobile|two_factor|low|multi_person",0,1
271,"mobile|two_factor|low|multi_person",0,1
272,"mobile|two_factor|low|multi_person",0,1
273,"mobile|two_factor|low|multi_person",0,1
274,"mobile|two_factor|low|multi_person",0,1
275,"mobile|two_factor|low|multi_person",0,1
276,"mobile|two_factor|low|multi_person",0,1
277,"mobile|two_factor|low|multi_person",0,1
279,"mobile|two_factor|low|multi_person",0,1
280,"mobile|two_factor|low|multi_person",0,1
281,"mobile|two_factor|low|multi_person",0,1
282,"mobile|two_factor|low|multi_person",0,1
283,"mobile|two_factor|low|multi_person",0,1
284,"mobile|two_factor|low|multi_person",0,1
285,"mobile|two_factor|low|multi_person",0,1
286,"mobile|two_factor|low|multi_person",0,1
287,"mobile|two_factor|low|multi_person",0,1
288,"mobile|two_factor|low|multi_person",0,1
289,"mobile|two_factor|low|multi_person",0,1
290,"mobile|two_factor|low|multi_person",0,1
291,"mobile|two_factor|low|multi_person",0,1
292,"mobile|two_factor|low|multi_person",0,1
293,"mobile|two_factor|low|multi_person",0,1
294,"mobile|two_factor|low|multi_person",0,1
295,"mobile|two_factor|low|multi_person",0,1
296,"mobile|two_factor|low|multi_person",0,1
297,"mobile|two_factor|low|multi_person",0,1
298,"mobile|two_factor|low|multi_person",0,1
299,"mobile|two_factor|low|multi_person",0,1
301,"mobile|two_factor|low|multi_person",0,1
302,"mobile|two_factor|low|multi_person",0,1
303,"mobile|two_factor|low|multi_person",0,1
304,"mobile|two_factor|low|multi_person",0,1
305,"mobile|two_factor|low|multi_person",0,1
306,"mobile|two_factor|low|multi_person",0,1
307,"mobile|two_factor|low|multi_person",0,1
308,"mobile|two_factor|low|multi_person",0,1
309,"mobile|two_factor|low|multi_person",0,1
310,"mobile|two_factor|low|multi_person",0,1
311,"mobile|two_factor|low|multi_person",0,1
312,"mobile|two_factor|low|multi_person",0,1
313,"mobile|two_factor|low|multi_person",0,1
314,"mobile|two_factor|low|multi_person",0,1
2,"web|two_factor|low|multi_person",0,1
3,"web|two_factor|low|multi_person",0,1
4,"web|two_factor|low|multi_person",0,1
5,"web|two_factor|low|multi_person",0,1
6,"web|two_factor|low|multi_person",0,1
7,"web|two_factor|low|multi_person",0,1
8,"web|two_factor|low|multi_person",0,1
9,"web|two_factor|low|multi_person",0,1
10,"web|two_factor|low|multi_person",0,1
11,"web|two_factor|low|multi_person",0,1
13,"web|two_factor|low|multi_person",0,1
14,"web|two_factor|low|multi_person",0,1
15,"web|two_factor|low|multi_person",0,1
16,"web|two_factor|low|multi_person",0,1
17,"web|two_factor|low|multi_person",0,1
18,"web|two_factor|low|multi_person",0,1
19,"web|two_factor|low|multi_person",0,1
20,"web|two_factor|low|multi_person",0,1
21,"web|two_factor|low|multi_person",0,1
22,"web|two_factor|low|multi_person",0,1
23,"web|two_factor|low|multi_person",0,1
24,"web|two_factor|low|multi_person",0,1
26,"web|two_factor|low|multi_person",0,1
27,"web|two_factor|low|multi_person",0,1
28,"web|two_factor|low|multi_person",0,1
29,"web|two_factor|low|multi_person",0,1
31,"web|two_factor|low|multi_person",0,1
32,"web|two_factor|low|multi_person",0,1
33,"web|two_factor|low|multi_person",0,1
35,"web|two_factor|low|multi_person",0,1
36,"web|two_factor|low|multi_person",0,1
37,"web|two_factor|low|multi_person",0,1
38,"web|two_factor|low|multi_person",0,1
39,"web|two_factor|low|multi_person",0,1
41,"web|two_factor|low|multi_person",0,1
42,"web|two_factor|low|multi_person",0,1
43,"web|two_factor|low|multi_person",0,1
44,"web|two_factor|low|multi_person",0,1
45,"web|two_factor|low|multi_person",0,1
46,"web|two_factor|low|multi_person",0,1
47,"web|two_factor|low|multi_person",0,1
48,"web|two_factor|low|multi_person",0,1
49,"web|two_factor|low|multi_person",0,1
50,"web|two_factor|low|multi_person",0,1
51,"web|two_factor|low|multi_person",0,1
52,"web|two_factor|low|multi_person",0,1
53,"web|two_factor|low|multi_person",0,1
54,"web|two_factor|low|multi_person",0,1
55,"web|two_factor|low|multi_person",0,1
56,"web|two_factor|low|multi_person",0,1
57,"web|two_factor|low|multi_person",0,1
58,"web|two_factor|low|multi_person",0,1
60,"web|two_factor|low|multi_person",0,1
61,"web|two_factor|low|multi_person",0,1
62,"web|two_factor|low|multi_person",0,1
63,"web|two_factor|low|multi_person",0,1
64,"web|two_factor|low|multi_person",0,1
65,"web|two_factor|low|multi_person",0,1
68,"web|two_factor|low|multi_person",0,1
69,"web|two_factor|low|multi_person",0,1
70,"web|two_factor|low|multi_person",0,1
71,"web|two_factor|low|multi_person",0,1
72,"web|two_factor|low|multi_person",0,1
73,"web|two_factor|low|multi_person",0,1
74,"web|two_factor|low|multi_person",0,1
75,"web|two_factor|low|multi_person",0,1
76,"web|two_factor|low|multi_person",0,1
77,"web|two_factor|low|multi_person",0,1
78,"web|two_factor|low|multi_person",0,1
79,"web|two_factor|low|multi_person",0,1
80,"web|two_factor|low|multi_person",0,1
81,"web|two_factor|low|multi_person",0,1
82,"web|two_factor|low|multi_person",0,1
83,"web|two_factor|low|multi_person",0,1
84,"web|two_factor|low|multi_person",0,1
86,"web|two_factor|low|multi_person",0,1
87,"web|two_factor|low|multi_person",0,1
88,"web|two_factor|low|multi_person",0,1
90,"web|two_factor|low|multi_person",0,1
91,"web|two_factor|low|multi_person",0,1
92,"web|two_factor|low|multi_person",0,1
93,"web|two_factor|low|multi_person",0,1
94,"web|two_factor|low|multi_person",0,1
95,"web|two_factor|low|multi_person",0,1
96,"web|two_factor|low|multi_person",0,1
97,"web|two_factor|low|multi_person",0,1
98,"web|two_factor|low|multi_person",0,1
99,"web|two_factor|low|multi_person",0,1
100,"web|two_factor|low|multi_person",0,1
101,"web|two_factor|low|multi_person",0,1
103,"web|two_factor|low|multi_person",0,1
104,"web|two_factor|low|multi_person",0,1
105,"web|two_factor|low|multi_person",0,1
106,"web|two_factor|low|multi_person",0,1
107,"web|two_factor|low|multi_person",0,1
108,"web|two_factor|low|multi_person",0,1
109,"web|two_factor|low|multi_person",0,1
110,"web|two_factor|low|multi_person",0,1
111,"web|two_factor|low|multi_person",0,1
112,"web|two_factor|low|multi_person",0,1
113,"web|two_factor|low|multi_person",0,1
114,"web|two_factor|low|multi_person",0,1
115,"web|two_factor|low|multi_person",0,1
116,"web|two_factor|low|multi_person",0,1
117,"web|two_factor|low|multi_person",0,1
118,"web|two_factor|low|multi_person",0,1
119,"web|two_factor|low|multi_person",0,1
120,"web|two_factor|low|multi_person",0,1
121,"web|two_factor|low|multi_person",0,1
122,"web|two_factor|low|multi_person",0,1
123,"web|two_factor|low|multi_person",0,1
124,"web|two_factor|low|multi_person",0,1
125,"web|two_factor|low|multi_person",0,1
126,"web|two_factor|low|multi_person",0,1
127,"web|two_factor|low|multi_person",0,1
128,"web|two_factor|low|multi_person",0,1
130,"web|two_factor|low|multi_person",0,1
131,"web|two_factor|low|multi_person",0,1
132,"web|two_factor|low|multi_person",0,1
133,"web|two_factor|low|multi_person",0,1
135,"web|two_factor|low|multi_person",0,1
136,"web|two_factor|low|multi_person",0,1
137,"web|two_factor|low|multi_person",0,1
138,"web|two_factor|low|multi_person",0,1
140,"web|two_factor|low|multi_person",0,1
141,"web|two_factor|low|multi_person",0,1
142,"web|two_factor|low|multi_person",0,1
143,"web|two_factor|low|multi_person",0,1
144,"web|two_factor|low|multi_person",0,1
145,"web|two_factor|low|multi_person",0,1
146,"web|two_factor|low|multi_person",0,1
147,"web|two_factor|low|multi_person",0,1
148,"web|two_factor|low|multi_person",0,1
149,"web|two_factor|low|multi_person",0,1
150,"web|two_factor|low|multi_person",0,1
151,"web|two_factor|low|multi_person",0,1
152,"web|two_factor|low|multi_person",0,1
153,"web|two_factor|low|multi_person",0,1
154,"web|two_factor|low|multi_person",0,1
155,"web|two_factor|low|multi_person",0,1
156,"web|two_factor|low|multi_person",0,1
157,"web|two_factor|low|multi_person",0,1
158,"web|two_factor|low|multi_person",0,1
159,"web|two_factor|low|multi_person",0,1
160,"web|two_factor|low|multi_person",0,1
162,"web|two_factor|low|multi_person",0,1
163,"web|two_factor|low|multi_person",0,1
164,"web|two_factor|low|multi_person",0,1
165,"web|two_factor|low|multi_person",0,1
166,"web|two_factor|low|multi_person",0,1
167,"web|two_factor|low|multi_person",0,1
168,"web|two_factor|low|multi_person",0,1
169,"web|two_factor|low|multi_person",0,1
170,"web|two_factor|low|multi_person",0,1
171,"web|two_factor|low|multi_person",0,1
172,"web|two_factor|low|multi_person",0,1
173,"web|two_factor|low|multi_person",0,1
174,"web|two_factor|low|multi_person",0,1
175,"web|two_factor|low|multi_person",0,1
176,"web|two_factor|low|multi_person",0,1
177,"web|two_factor|low|multi_person",0,1
178,"web|two_factor|low|multi_person",0,1
179,"web|two_factor|low|multi_person",0,1
180,"web|two_factor|low|multi_person",0,1
181,"web|two_factor|low|multi_person",0,1
183,"web|two_factor|low|multi_person",0,1
184,"web|two_factor|low|multi_person",0,1
186,"web|two_factor|low|multi_person",0,1
187,"web|two_factor|low|multi_person",0,1
188,"web|two_factor|low|multi_person",0,1
189,"web|two_factor|low|multi_person",0,1
190,"web|two_factor|low|multi_person",0,1
191,"web|two_factor|low|multi_person",0,1
192,"web|two_factor|low|multi_person",0,1
194,"web|two_factor|low|multi_person",0,1
195,"web|two_factor|low|multi_person",0,1
196,"web|two_factor|low|multi_person",0,1
197,"web|two_factor|low|multi_person",0,1
198,"web|two_factor|low|multi_person",0,1
199,"web|two_factor|low|multi_person",0,1
200,"web|two_factor|low|multi_person",0,1
201,"web|two_factor|low|multi_person",0,1
202,"web|two_factor|low|multi_person",0,1
203,"web|two_factor|low|multi_person",0,1
205,"web|two_factor|low|multi_person",0,1
206,"web|two_factor|low|multi_person",0,1
207,"web|two_factor|low|multi_person",0,1
208,"web|two_factor|low|multi_person",0,1
209,"web|two_factor|low|multi_person",0,1
210,"web|two_factor|low|multi_person",0,1
211,"web|two_factor|low|multi_person",0,1
212,"web|two_factor|low|multi_person",0,1
213,"web|two_factor|low|multi_person",0,1
214,"web|two_factor|low|multi_person",0,1
217,"web|two_factor|low|multi_person",0,1
219,"web|two_factor|low|multi_person",0,1
220,"web|two_factor|low|multi_person",0,1
221,"web|two_factor|low|multi_person",0,1
222,"web|two_factor|low|multi_person",0,1
223,"web|two_factor|low|multi_person",0,1
224,"web|two_factor|low|multi_person",0,1
225,"web|two_factor|low|multi_person",0,1
226,"web|two_factor|low|multi_person",0,1
227,"web|two_factor|low|multi_person",0,1
228,"web|two_factor|low|multi_person",0,1
230,"web|two_factor|low|multi_person",0,1
231,"web|two_factor|low|multi_person",0,1
232,"web|two_factor|low|multi_person",0,1
233,"web|two_factor|low|multi_person",0,1
234,"web|two_factor|low|multi_person",0,1
235,"web|two_factor|low|multi_person",0,1
236,"web|two_factor|low|multi_person",0,1
237,"web|two_factor|low|multi_person",0,1
238,"web|two_factor|low|multi_person",0,1
239,"web|two_factor|low|multi_person",0,1
240,"web|two_factor|low|multi_person",0,1
241,"web|two_factor|low|multi_person",0,1
242,"web|two_factor|low|multi_person",0,1
243,"web|two_factor|low|multi_person",0,1
245,"web|two_factor|low|multi_person",0,1
246,"web|two_factor|low|multi_person",0,1
247,"web|two_factor|low|multi_person",0,1
248,"web|two_factor|low|multi_person",0,1
249,"web|two_factor|low|multi_person",0,1
250,"web|two_factor|low|multi_person",0,1
251,"web|two_factor|low|multi_person",0,1
252,"web|two_factor|low|multi_person",0,1
253,"web|two_factor|low|multi_person",0,1
254,"web|two_factor|low|multi_person",0,1
256,"web|two_factor|low|multi_person",0,1
258,"web|two_factor|low|multi_person",0,1
259,"web|two_factor|low|multi_person",0,1
260,"web|two_factor|low|multi_person",0,1
261,"web|two_factor|low|multi_person",0,1
263,"web|two_factor|low|multi_person",0,1
264,"web|two_factor|low|multi_person",0,1
265,"web|two_factor|low|multi_person",0,1
266,"web|two_factor|low|multi_person",0,1
267,"web|two_factor|low|multi_person",0,1
268,"web|two_factor|low|multi_person",0,1
269,"web|two_factor|low|multi_person",0,1
270,"web|two_factor|low|multi_person",0,1
271,"web|two_factor|low|multi_person",0,1
272,"web|two_factor|low|multi_person",0,1
273,"web|two_factor|low|multi_person",0,1
274,"web|two_factor|low|multi_person",0,1
275,"web|two_factor|low|multi_person",0,1
276,"web|two_factor|low|multi_person",0,1
277,"web|two_factor|low|multi_person",0,1
279,"web|two_factor|low|multi_person",0,1
280,"web|two_factor|low|multi_person",0,1
281,"web|two_factor|low|multi_person",0,1
282,"web|two_factor|low|multi_person",0,1
283,"web|two_factor|low|multi_person",0,1
284,"web|two_factor|low|multi_person",0,1
285,"web|two_factor|low|multi_person",0,1
286,"web|two_factor|low|multi_person",0,1
287,"web|two_factor|low|multi_person",0,1
288,"web|two_factor|low|multi_person",0,1
289,"web|two_factor|low|multi_person",0,1
290,"web|two_factor|low|multi_person",0,1
291,"web|two_factor|low|multi_person",0,1
292,"web|two_factor|low|multi_person",0,1
293,"web|two_factor|low|multi_person",0,1
294,"web|two_factor|low|multi_person",0,1
295,"web|two_factor|low|multi_person",0,1
296,"web|two_factor|low|multi_person",0,1
297,"web|two_factor|low|multi_person",0,1
298,"web|two_factor|low|multi_person",0,1
299,"web|two_factor|low|multi_person",0,1
301,"web|two_factor|low|multi_person",0,1
302,"web|two_factor|low|multi_person",0,1
303,"web|two_factor|low|multi_person",0,1
304,"web|two_factor|low|multi_person",0,1
305,"web|two_factor|low|multi_person",0,1
306,"web|two_factor|low|multi_person",0,1
307,"web|two_factor|low|multi_person",0,1
308,"web|two_factor|low|multi_person",0,1
309,"web|two_factor|low|multi_person",0,1
310,"web|two_factor|low|multi_person",0,1
311,"web|two_factor|low|multi_person",0,1
312,"web|two_factor|low|multi_person",0,1
313,"web|two_factor|low|multi_person",0,1
314,"web|two_factor|low|multi_person",0,1
2,"mobile|multi_factor|low|multi_person",0,1
3,"mobile|multi_factor|low|multi_person",0,1
4,"mobile|multi_factor|low|multi_person",0,1
5,"mobile|multi_factor|low|multi_person",0,1
6,"mobile|multi_factor|low|multi_person",0,1
7,"mobile|multi_factor|low|multi_person",0,1
8,"mobile|multi_factor|low|multi_person",0,1
9,"mobile|multi_factor|low|multi_person",0,1
10,"mobile|multi_factor|low|multi_person",0,1
11,"mobile|multi_factor|low|multi_person",0,1
13,"mobile|multi_factor|low|multi_person",0,1
14,"mobile|multi_factor|low|multi_person",0,1
15,"mobile|multi_factor|low|multi_person",0,1
16,"mobile|multi_factor|low|multi_person",0,1
17,"mobile|multi_factor|low|multi_person",0,1
18,"mobile|multi_factor|low|multi_person",0,1
19,"mobile|multi_factor|low|multi_person",0,1
20,"mobile|multi_factor|low|multi_person",0,1
21,"mobile|multi_factor|low|multi_person",0,1
22,"mobile|multi_factor|low|multi_person",0,1
23,"mobile|multi_factor|low|multi_person",0,1
24,"mobile|multi_factor|low|multi_person",0,1
26,"mobile|multi_factor|low|multi_person",0,1
27,"mobile|multi_factor|low|multi_person",0,1
28,"mobile|multi_factor|low|multi_person",0,1
29,"mobile|multi_factor|low|multi_person",0,1
31,"mobile|multi_factor|low|multi_person",0,1
32,"mobile|multi_factor|low|multi_person",0,1
33,"mobile|multi_factor|low|multi_person",0,1
35,"mobile|multi_factor|low|multi_person",0,1
36,"mobile|multi_factor|low|multi_person",0,1
37,"mobile|multi_factor|low|multi_person",0,1
38,"mobile|multi_factor|low|multi_person",0,1
39,"mobile|multi_factor|low|multi_person",0,1
41,"mobile|multi_factor|low|multi_person",0,1
42,"mobile|multi_factor|low|multi_person",0,1
43,"mobile|multi_factor|low|multi_person",0,1
44,"mobile|multi_factor|low|multi_person",0,1
45,"mobile|multi_factor|low|multi_person",0,1
46,"mobile|multi_factor|low|multi_person",0,1
47,"mobile|multi_factor|low|multi_person",0,1
48,"mobile|multi_factor|low|multi_person",0,1
49,"mobile|multi_factor|low|multi_person",0,1
50,"mobile|multi_factor|low|multi_person",0,1
51,"mobile|multi_factor|low|multi_person",0,1
52,"mobile|multi_factor|low|multi_person",0,1
53,"mobile|multi_factor|low|multi_person",0,1
54,"mobile|multi_factor|low|multi_person",0,1
55,"mobile|multi_factor|low|multi_person",0,1
56,"mobile|multi_factor|low|multi_person",0,1
57,"mobile|multi_factor|low|multi_person",0,1
58,"mobile|multi_factor|low|multi_person",0,1
60,"mobile|multi_factor|low|multi_person",0,1
61,"mobile|multi_factor|low|multi_person",0,1
62,"mobile|multi_factor|low|multi_person",0,1
63,"mobile|multi_factor|low|multi_person",0,1
64,"mobile|multi_factor|low|multi_person",0,1
65,"mobile|multi_factor|low|multi_person",0,1
68,"mobile|multi_factor|low|multi_person",0,1
69,"mobile|multi_factor|low|multi_person",0,1
70,"mobile|multi_factor|low|multi_person",0,1
71,"mobile|multi_factor|low|multi_person",0,1
72,"mobile|multi_factor|low|multi_person",0,1
73,"mobile|multi_factor|low|multi_person",0,1
74,"mobile|multi_factor|low|multi_person",0,1
75,"mobile|multi_factor|low|multi_person",0,1
76,"mobile|multi_factor|low|multi_person",0,1
77,"mobile|multi_factor|low|multi_person",0,1
78,"mobile|multi_factor|low|multi_person",0,1
79,"mobile|multi_factor|low|multi_person",0,1
80,"mobile|multi_factor|low|multi_person",0,1
81,"mobile|multi_factor|low|multi_person",0,1
82,"mobile|multi_factor|low|multi_person",0,1
83,"mobile|multi_factor|low|multi_person",0,1
84,"mobile|multi_factor|low|multi_person",0,1
86,"mobile|multi_factor|low|multi_person",0,1
87,"mobile|multi_factor|low|multi_person",0,1
88,"mobile|multi_factor|low|multi_person",0,1
90,"mobile|multi_factor|low|multi_person",0,1
91,"mobile|multi_factor|low|multi_person",0,1
92,"mobile|multi_factor|low|multi_person",0,1
93,"mobile|multi_factor|low|multi_person",0,1
94,"mobile|multi_factor|low|multi_person",0,1
95,"mobile|multi_factor|low|multi_person",0,1
96,"mobile|multi_factor|low|multi_person",0,1
97,"mobile|multi_factor|low|multi_person",0,1
98,"mobile|multi_factor|low|multi_person",0,1
99,"mobile|multi_factor|low|multi_person",0,1
100,"mobile|multi_factor|low|multi_person",0,1
101,"mobile|multi_factor|low|multi_person",0,1
103,"mobile|multi_factor|low|multi_person",0,1
104,"mobile|multi_factor|low|multi_person",0,1
105,"mobile|multi_factor|low|multi_person",0,1
106,"mobile|multi_factor|low|multi_person",0,1
107,"mobile|multi_factor|low|multi_person",0,1
108,"mobile|multi_factor|low|multi_person",0,1
109,"mobile|multi_factor|low|multi_person",0,1
110,"mobile|multi_factor|low|multi_person",0,1
111,"mobile|multi_factor|low|multi_person",0,1
112,"mobile|multi_factor|low|multi_person",0,1
113,"mobile|multi_factor|low|multi_person",0,1
114,"mobile|multi_factor|low|multi_person",0,1
115,"mobile|multi_factor|low|multi_person",0,1
116,"mobile|multi_factor|low|multi_person",0,1
117,"mobile|multi_factor|low|multi_person",0,1
118,"mobile|multi_factor|low|multi_person",0,1
119,"mobile|multi_factor|low|multi_person",0,1
120,"mobile|multi_factor|low|multi_person",0,1
121,"mobile|multi_factor|low|multi_person",0,1
122,"mobile|multi_factor|low|multi_person",0,1
123,"mobile|multi_factor|low|multi_person",0,1
124,"mobile|multi_factor|low|multi_person",0,1
125,"mobile|multi_factor|low|multi_person",0,1
126,"mobile|multi_factor|low|multi_person",0,1
127,"mobile|multi_factor|low|multi_person",0,1
128,"mobile|multi_factor|low|multi_person",0,1
130,"mobile|multi_factor|low|multi_person",0,1
131,"mobile|multi_factor|low|multi_person",0,1
132,"mobile|multi_factor|low|multi_person",0,1
133,"mobile|multi_factor|low|multi_person",0,1
135,"mobile|multi_factor|low|multi_person",0,1
136,"mobile|multi_factor|low|multi_person",0,1
137,"mobile|multi_factor|low|multi_person",0,1
138,"mobile|multi_factor|low|multi_person",0,1
140,"mobile|multi_factor|low|multi_person",0,1
141,"mobile|multi_factor|low|multi_person",0,1
142,"mobile|multi_factor|low|multi_person",0,1
143,"mobile|multi_factor|low|multi_person",0,1
144,"mobile|multi_factor|low|multi_person",0,1
145,"mobile|multi_factor|low|multi_person",0,1
146,"mobile|multi_factor|low|multi_person",0,1
147,"mobile|multi_factor|low|multi_person",0,1
148,"mobile|multi_factor|low|multi_person",0,1
149,"mobile|multi_factor|low|multi_person",0,1
150,"mobile|multi_factor|low|multi_person",0,1
151,"mobile|multi_factor|low|multi_person",0,1
152,"mobile|multi_factor|low|multi_person",0,1
153,"mobile|multi_factor|low|multi_person",0,1
154,"mobile|multi_factor|low|multi_person",0,1
155,"mobile|multi_factor|low|multi_person",0,1
156,"mobile|multi_factor|low|multi_person",0,1
157,"mobile|multi_factor|low|multi_person",0,1
158,"mobile|multi_factor|low|multi_person",0,1
159,"mobile|multi_factor|low|multi_person",0,1
160,"mobile|multi_factor|low|multi_person",0,1
162,"mobile|multi_factor|low|multi_person",0,1
163,"mobile|multi_factor|low|multi_person",0,1
164,"mobile|multi_factor|low|multi_person",0,1
165,"mobile|multi_factor|low|multi_person",0,1
166,"mobile|multi_factor|low|multi_person",0,1
167,"mobile|multi_factor|low|multi_person",0,1
168,"mobile|multi_factor|low|multi_person",0,1
169,"mobile|multi_factor|low|multi_person",0,1
170,"mobile|multi_factor|low|multi_person",0,1
171,"mobile|multi_factor|low|multi_person",0,1
172,"mobile|multi_factor|low|multi_person",0,1
173,"mobile|multi_factor|low|multi_person",0,1
174,"mobile|multi_factor|low|multi_person",0,1
175,"mobile|multi_factor|low|multi_person",0,1
176,"mobile|multi_factor|low|multi_person",0,1
177,"mobile|multi_factor|low|multi_person",0,1
178,"mobile|multi_factor|low|multi_person",0,1
179,"mobile|multi_factor|low|multi_person",0,1
180,"mobile|multi_factor|low|multi_person",0,1
181,"mobile|multi_factor|low|multi_person",0,1
183,"mobile|multi_factor|low|multi_person",0,1
184,"mobile|multi_factor|low|multi_person",0,1
186,"mobile|multi_factor|low|multi_person",0,1
187,"mobile|multi_factor|low|multi_person",0,1
188,"mobile|multi_factor|low|multi_person",0,1
189,"mobile|multi_factor|low|multi_person",0,1
190,"mobile|multi_factor|low|multi_person",0,1
191,"mobile|multi_factor|low|multi_person",0,1
192,"mobile|multi_factor|low|multi_person",0,1
194,"mobile|multi_factor|low|multi_person",0,1
195,"mobile|multi_factor|low|multi_person",0,1
196,"mobile|multi_factor|low|multi_person",0,1
197,"mobile|multi_factor|low|multi_person",0,1
198,"mobile|multi_factor|low|multi_person",0,1
199,"mobile|multi_factor|low|multi_person",0,1
200,"mobile|multi_factor|low|multi_person",0,1
201,"mobile|multi_factor|low|multi_person",0,1
202,"mobile|multi_factor|low|multi_person",0,1
203,"mobile|multi_factor|low|multi_person",0,1
205,"mobile|multi_factor|low|multi_person",0,1
206,"mobile|multi_factor|low|multi_person",0,1
207,"mobile|multi_factor|low|multi_person",0,1
208,"mobile|multi_factor|low|multi_person",0,1
209,"mobile|multi_factor|low|multi_person",0,1
210,"mobile|multi_factor|low|multi_person",0,1
211,"mobile|multi_factor|low|multi_person",0,1
212,"mobile|multi_factor|low|multi_person",0,1
213,"mobile|multi_factor|low|multi_person",0,1
214,"mobile|multi_factor|low|multi_person",0,1
217,"mobile|multi_factor|low|multi_person",0,1
219,"mobile|multi_factor|low|multi_person",0,1
220,"mobile|multi_factor|low|multi_person",0,1
221,"mobile|multi_factor|low|multi_person",0,1
222,"mobile|multi_factor|low|multi_person",0,1
223,"mobile|multi_factor|low|multi_person",0,1
224,"mobile|multi_factor|low|multi_person",0,1
225,"mobile|multi_factor|low|multi_person",0,1
226,"mobile|multi_factor|low|multi_person",0,1
227,"mobile|multi_factor|low|multi_person",0,1
228,"mobile|multi_factor|low|multi_person",0,1
230,"mobile|multi_factor|low|multi_person",0,1
231,"mobile|multi_factor|low|multi_person",0,1
232,"mobile|multi_factor|low|multi_person",0,1
233,"mobile|multi_factor|low|multi_person",0,1
234,"mobile|multi_factor|low|multi_person",0,1
235,"mobile|multi_factor|low|multi_person",0,1
236,"mobile|multi_factor|low|multi_person",0,1
237,"mobile|multi_factor|low|multi_person",0,1
238,"mobile|multi_factor|low|multi_person",0,1
239,"mobile|multi_factor|low|multi_person",0,1
240,"mobile|multi_factor|low|multi_person",0,1
241,"mobile|multi_factor|low|multi_person",0,1
242,"mobile|multi_factor|low|multi_person",0,1
243,"mobile|multi_factor|low|multi_person",0,1
245,"mobile|multi_factor|low|multi_person",0,1
246,"mobile|multi_factor|low|multi_person",0,1
247,"mobile|multi_factor|low|multi_person",0,1
248,"mobile|multi_factor|low|multi_person",0,1
249,"mobile|multi_factor|low|multi_person",0,1
250,"mobile|multi_factor|low|multi_person",0,1
251,"mobile|multi_factor|low|multi_person",0,1
252,"mobile|multi_factor|low|multi_person",0,1
253,"mobile|multi_factor|low|multi_person",0,1
254,"mobile|multi_factor|low|multi_person",0,1
256,"mobile|multi_factor|low|multi_person",0,1
258,"mobile|multi_factor|low|multi_person",0,1
259,"mobile|multi_factor|low|multi_person",0,1
260,"mobile|multi_factor|low|multi_person",0,1
261,"mobile|multi_factor|low|multi_person",0,1
263,"mobile|multi_factor|low|multi_person",0,1
264,"mobile|multi_factor|low|multi_person",0,1
265,"mobile|multi_factor|low|multi_person",0,1
266,"mobile|multi_factor|low|multi_person",0,1
267,"mobile|multi_factor|low|multi_person",0,1
268,"mobile|multi_factor|low|multi_person",0,1
269,"mobile|multi_factor|low|multi_person",0,1
270,"mobile|multi_factor|low|multi_person",0,1
271,"mobile|multi_factor|low|multi_person",0,1
272,"mobile|multi_factor|low|multi_person",0,1
273,"mobile|multi_factor|low|multi_person",0,1
274,"mobile|multi_factor|low|multi_person",0,1
275,"mobile|multi_factor|low|multi_person",0,1
276,"mobile|multi_factor|low|multi_person",0,1
277,"mobile|multi_factor|low|multi_person",0,1
279,"mobile|multi_factor|low|multi_person",0,1
280,"mobile|multi_factor|low|multi_person",0,1
281,"mobile|multi_factor|low|multi_person",0,1
282,"mobile|multi_factor|low|multi_person",0,1
283,"mobile|multi_factor|low|multi_person",0,1
284,"mobile|multi_factor|low|multi_person",0,1
285,"mobile|multi_factor|low|multi_person",0,1
286,"mobile|multi_factor|low|multi_person",0,1
287,"mobile|multi_factor|low|multi_person",0,1
288,"mobile|multi_factor|low|multi_person",0,1
289,"mobile|multi_factor|low|multi_person",0,1
290,"mobile|multi_factor|low|multi_person",0,1
291,"mobile|multi_factor|low|multi_person",0,1
292,"mobile|multi_factor|low|multi_person",0,1
293,"mobile|multi_factor|low|multi_person",0,1
294,"mobile|multi_factor|low|multi_person",0,1
295,"mobile|multi_factor|low|multi_person",0,1
296,"mobile|multi_factor|low|multi_person",0,1
297,"mobile|multi_factor|low|multi_person",0,1
298,"mobile|multi_factor|low|multi_person",0,1
299,"mobile|multi_factor|low|multi_person",0,1
301,"mobile|multi_factor|low|multi_person",0,1
302,"mobile|multi_factor|low|multi_person",0,1
303,"mobile|multi_factor|low|multi_person",0,1
304,"mobile|multi_factor|low|multi_person",0,1
305,"mobile|multi_factor|low|multi_person",0,1
306,"mobile|multi_factor|low|multi_person",0,1
307,"mobile|multi_factor|low|multi_person",0,1
308,"mobile|multi_factor|low|multi_person",0,1
309,"mobile|multi_factor|low|multi_person",0,1
310,"mobile|multi_factor|low|multi_person",0,1
311,"mobile|multi_factor|low|multi_person",0,1
312,"mobile|multi_factor|low|multi_person",0,1
313,"mobile|multi_factor|low|multi_person",0,1
314,"mobile|multi_factor|low|multi_person",0,1
2,"mobile|simple|medium|multi_person",0,1
3,"mobile|simple|medium|multi_person",0,1
4,"mobile|simple|medium|multi_person",0,1
5,"mobile|simple|medium|multi_person",0,1
6,"mobile|simple|medium|multi_person",0,1
7,"mobile|simple|medium|multi_person",0,1
8,"mobile|simple|medium|multi_person",0,1
9,"mobile|simple|medium|multi_person",0,1
10,"mobile|simple|medium|multi_person",0,1
11,"mobile|simple|medium|multi_person",0,1
13,"mobile|simple|medium|multi_person",0,1
14,"mobile|simple|medium|multi_person",0,1
15,"mobile|simple|medium|multi_person",0,1
16,"mobile|simple|medium|multi_person",0,1
17,"mobile|simple|medium|multi_person",0,1
18,"mobile|simple|medium|multi_person",0,1
19,"mobile|simple|medium|multi_person",0,1
20,"mobile|simple|medium|multi_person",0,1
21,"mobile|simple|medium|multi_person",0,1
22,"mobile|simple|medium|multi_person",0,1
23,"mobile|simple|medium|multi_person",0,1
24,"mobile|simple|medium|multi_person",0,1
26,"mobile|simple|medium|multi_person",0,1
27,"mobile|simple|medium|multi_person",0,1
28,"mobile|simple|medium|multi_person",0,1
29,"mobile|simple|medium|multi_person",0,1
31,"mobile|simple|medium|multi_person",0,1
32,"mobile|simple|medium|multi_person",0,1
33,"mobile|simple|medium|multi_person",0,1
35,"mobile|simple|medium|multi_person",0,1
36,"mobile|simple|medium|multi_person",0,1
37,"mobile|simple|medium|multi_person",0,1
38,"mobile|simple|medium|multi_person",0,1
39,"mobile|simple|medium|multi_person",0,1
41,"mobile|simple|medium|multi_person",0,1
42,"mobile|simple|medium|multi_person",0,1
43,"mobile|simple|medium|multi_person",0,1
44,"mobile|simple|medium|multi_person",0,1
45,"mobile|simple|medium|multi_person",0,1
46,"mobile|simple|medium|multi_person",0,1
47,"mobile|simple|medium|multi_person",0,1
48,"mobile|simple|medium|multi_person",0,1
49,"mobile|simple|medium|multi_person",0,1
50,"mobile|simple|medium|multi_person",0,1
51,"mobile|simple|medium|multi_person",0,1
52,"mobile|simple|medium|multi_person",0,1
53,"mobile|simple|medium|multi_person",0,1
54,"mobile|simple|medium|multi_person",0,1
55,"mobile|simple|medium|multi_person",0,1
56,"mobile|simple|medium|multi_person",0,1
57,"mobile|simple|medium|multi_person",0,1
58,"mobile|simple|medium|multi_person",0,1
60,"mobile|simple|medium|multi_person",0,1
61,"mobile|simple|medium|multi_person",0,1
62,"mobile|simple|medium|multi_person",0,1
63,"mobile|simple|medium|multi_person",0,1
64,"mobile|simple|medium|multi_person",0,1
65,"mobile|simple|medium|multi_person",0,1
68,"mobile|simple|medium|multi_person",0,1
69,"mobile|simple|medium|multi_person",0,1
70,"mobile|simple|medium|multi_person",0,1
71,"mobile|simple|medium|multi_person",0,1
72,"mobile|simple|medium|multi_person",0,1
73,"mobile|simple|medium|multi_person",0,1
74,"mobile|simple|medium|multi_person",0,1
75,"mobile|simple|medium|multi_person",0,1
76,"mobile|simple|medium|multi_person",0,1
77,"mobile|simple|medium|multi_person",0,1
78,"mobile|simple|medium|multi_person",0,1
79,"mobile|simple|medium|multi_person",0,1
80,"mobile|simple|medium|multi_person",0,1
81,"mobile|simple|medium|multi_person",0,1
82,"mobile|simple|medium|multi_person",0,1
83,"mobile|simple|medium|multi_person",0,1
84,"mobile|simple|medium|multi_person",0,1
86,"mobile|simple|medium|multi_person",0,1
87,"mobile|simple|medium|multi_person",0,1
88,"mobile|simple|medium|multi_person",0,1
90,"mobile|simple|medium|multi_person",0,1
91,"mobile|simple|medium|multi_person",0,1
92,"mobile|simple|medium|multi_person",0,1
93,"mobile|simple|medium|multi_person",0,1
94,"mobile|simple|medium|multi_person",0,1
95,"mobile|simple|medium|multi_person",0,1
96,"mobile|simple|medium|multi_person",0,1
97,"mobile|simple|medium|multi_person",0,1
98,"mobile|simple|medium|multi_person",0,1
99,"mobile|simple|medium|multi_person",0,1
100,"mobile|simple|medium|multi_person",0,1
101,"mobile|simple|medium|multi_person",0,1
103,"mobile|simple|medium|multi_person",0,1
104,"mobile|simple|medium|multi_person",0,1
105,"mobile|simple|medium|multi_person",0,1
106,"mobile|simple|medium|multi_person",0,1
107,"mobile|simple|medium|multi_person",0,1
108,"mobile|simple|medium|multi_person",0,1
109,"mobile|simple|medium|multi_person",0,1
110,"mobile|simple|medium|multi_person",0,1
111,"mobile|simple|medium|multi_person",0,1
112,"mobile|simple|medium|multi_person",0,1
113,"mobile|simple|medium|multi_person",0,1
114,"mobile|simple|medium|multi_person",0,1
115,"mobile|simple|medium|multi_person",0,1
116,"mobile|simple|medium|multi_person",0,1
117,"mobile|simple|medium|multi_person",0,1
118,"mobile|simple|medium|multi_person",0,1
119,"mobile|simple|medium|multi_person",0,1
120,"mobile|simple|medium|multi_person",0,1
121,"mobile|simple|medium|multi_person",0,1
122,"mobile|simple|medium|multi_person",0,1
123,"mobile|simple|medium|multi_person",0,1
124,"mobile|simple|medium|multi_person",0,1
125,"mobile|simple|medium|multi_person",0,1
126,"mobile|simple|medium|multi_person",0,1
127,"mobile|simple|medium|multi_person",0,1
128,"mobile|simple|medium|multi_person",0,1
130,"mobile|simple|medium|multi_person",0,1
131,"mobile|simple|medium|multi_person",0,1
132,"mobile|simple|medium|multi_person",0,1
133,"mobile|simple|medium|multi_person",0,1
135,"mobile|simple|medium|multi_person",0,1
136,"mobile|simple|medium|multi_person",0,1
137,"mobile|simple|medium|multi_person",0,1
138,"mobile|simple|medium|multi_person",0,1
140,"mobile|simple|medium|multi_person",0,1
141,"mobile|simple|medium|multi_person",0,1
142,"mobile|simple|medium|multi_person",0,1
143,"mobile|simple|medium|multi_person",0,1
144,"mobile|simple|medium|multi_person",0,1
145,"mobile|simple|medium|multi_person",0,1
146,"mobile|simple|medium|multi_person",0,1
147,"mobile|simple|medium|multi_person",0,1
148,"mobile|simple|medium|multi_person",0,1
149,"mobile|simple|medium|multi_person",0,1
150,"mobile|simple|medium|multi_person",0,1
151,"mobile|simple|medium|multi_person",0,1
152,"mobile|simple|medium|multi_person",0,1
153,"mobile|simple|medium|multi_person",0,1
154,"mobile|simple|medium|multi_person",0,1
155,"mobile|simple|medium|multi_person",0,1
156,"mobile|simple|medium|multi_person",0,1
157,"mobile|simple|medium|multi_person",0,1
158,"mobile|simple|medium|multi_person",0,1
159,"mobile|simple|medium|multi_person",0,1
160,"mobile|simple|medium|multi_person",0,1
162,"mobile|simple|medium|multi_person",0,1
163,"mobile|simple|medium|multi_person",0,1
164,"mobile|simple|medium|multi_person",0,1
165,"mobile|simple|medium|multi_person",0,1
166,"mobile|simple|medium|multi_person",0,1
167,"mobile|simple|medium|multi_person",0,1
168,"mobile|simple|medium|multi_person",0,1
169,"mobile|simple|medium|multi_person",0,1
170,"mobile|simple|medium|multi_person",0,1
171,"mobile|simple|medium|multi_person",0,1
172,"mobile|simple|medium|multi_person",0,1
173,"mobile|simple|medium|multi_person",0,1
174,"mobile|simple|medium|multi_person",0,1
175,"mobile|simple|medium|multi_person",0,1
176,"mobile|simple|medium|multi_person",0,1
177,"mobile|simple|medium|multi_person",0,1
178,"mobile|simple|medium|multi_person",0,1
179,"mobile|simple|medium|multi_person",0,1
180,"mobile|simple|medium|multi_person",0,1
181,"mobile|simple|medium|multi_person",0,1
183,"mobile|simple|medium|multi_person",0,1
184,"mobile|simple|medium|multi_person",0,1
186,"mobile|simple|medium|multi_person",0,1
187,"mobile|simple|medium|multi_person",0,1
188,"mobile|simple|medium|multi_person",0,1
189,"mobile|simple|medium|multi_person",0,1
190,"mobile|simple|medium|multi_person",0,1
191,"mobile|simple|medium|multi_person",0,1
192,"mobile|simple|medium|multi_person",0,1
194,"mobile|simple|medium|multi_person",0,1
195,"mobile|simple|medium|multi_person",0,1
196,"mobile|simple|medium|multi_person",0,1
197,"mobile|simple|medium|multi_person",0,1
198,"mobile|simple|medium|multi_person",0,1
199,"mobile|simple|medium|multi_person",0,1
200,"mobile|simple|medium|multi_person",0,1
201,"mobile|simple|medium|multi_person",0,1
202,"mobile|simple|medium|multi_person",0,1
203,"mobile|simple|medium|multi_person",0,1
205,"mobile|simple|medium|multi_person",0,1
206,"mobile|simple|medium|multi_person",0,1
207,"mobile|simple|medium|multi_person",0,1
208,"mobile|simple|medium|multi_person",0,1
209,"mobile|simple|medium|multi_person",0,1
210,"mobile|simple|medium|multi_person",0,1
211,"mobile|simple|medium|multi_person",0,1
212,"mobile|simple|medium|multi_person",0,1
213,"mobile|simple|medium|multi_person",0,1
214,"mobile|simple|medium|multi_person",0,1
217,"mobile|simple|medium|multi_person",0,1
219,"mobile|simple|medium|multi_person",0,1
220,"mobile|simple|medium|multi_person",0,1
221,"mobile|simple|medium|multi_person",0,1
222,"mobile|simple|medium|multi_person",0,1
223,"mobile|simple|medium|multi_person",0,1
224,"mobile|simple|medium|multi_person",0,1
225,"mobile|simple|medium|multi_person",0,1
226,"mobile|simple|medium|multi_person",0,1
227,"mobile|simple|medium|multi_person",0,1
228,"mobile|simple|medium|multi_person",0,1
230,"mobile|simple|medium|multi_person",0,1
231,"mobile|simple|medium|multi_person",0,1
232,"mobile|simple|medium|multi_person",0,1
233,"mobile|simple|medium|multi_person",0,1
234,"mobile|simple|medium|multi_person",0,1
235,"mobile|simple|medium|multi_person",0,1
236,"mobile|simple|medium|multi_person",0,1
237,"mobile|simple|medium|multi_person",0,1
238,"mobile|simple|medium|multi_person",0,1
239,"mobile|simple|medium|multi_person",0,1
240,"mobile|simple|medium|multi_person",0,1
241,"mobile|simple|medium|multi_person",0,1
242,"mobile|simple|medium|multi_person",0,1
243,"mobile|simple|medium|multi_person",0,1
245,"mobile|simple|medium|multi_person",0,1
246,"mobile|simple|medium|multi_person",0,1
247,"mobile|simple|medium|multi_person",0,1
248,"mobile|simple|medium|multi_person",0,1
249,"mobile|simple|medium|multi_person",0,1
250,"mobile|simple|medium|multi_person",0,1
251,"mobile|simple|medium|multi_person",0,1
252,"mobile|simple|medium|multi_person",0,1
253,"mobile|simple|medium|multi_person",0,1
254,"mobile|simple|medium|multi_person",0,1
256,"mobile|simple|medium|multi_person",0,1
258,"mobile|simple|medium|multi_person",0,1
259,"mobile|simple|medium|multi_person",0,1
260,"mobile|simple|medium|multi_person",0,1
261,"mobile|simple|medium|multi_person",0,1
263,"mobile|simple|medium|multi_person",0,1
264,"mobile|simple|medium|multi_person",0,1
265,"mobile|simple|medium|multi_person",0,1
266,"mobile|simple|medium|multi_person",0,1
267,"mobile|simple|medium|multi_person",0,1
268,"mobile|simple|medium|multi_person",0,1
269,"mobile|simple|medium|multi_person",0,1
270,"mobile|simple|medium|multi_person",0,1
271,"mobile|simple|medium|multi_person",0,1
272,"mobile|simple|medium|multi_person",0,1
273,"mobile|simple|medium|multi_person",0,1
274,"mobile|simple|medium|multi_person",0,1
275,"mobile|simple|medium|multi_person",0,1
276,"mobile|simple|medium|multi_person",0,1
277,"mobile|simple|medium|multi_person",0,1
279,"mobile|simple|medium|multi_person",0,1
280,"mobile|simple|medium|multi_person",0,1
281,"mobile|simple|medium|multi_person",0,1
282,"mobile|simple|medium|multi_person",0,1
283,"mobile|simple|medium|multi_person",0,1
284,"mobile|simple|medium|multi_person",0,1
285,"mobile|simple|medium|multi_person",0,1
286,"mobile|simple|medium|multi_person",0,1
287,"mobile|simple|medium|multi_person",0,1
288,"mobile|simple|medium|multi_person",0,1
289,"mobile|simple|medium|multi_person",0,1
290,"mobile|simple|medium|multi_person",0,1
291,"mobile|simple|medium|multi_person",0,1
292,"mobile|simple|medium|multi_person",0,1
293,"mobile|simple|medium|multi_person",0,1
294,"mobile|simple|medium|multi_person",0,1
295,"mobile|simple|medium|multi_person",0,1
296,"mobile|simple|medium|multi_person",0,1
297,"mobile|simple|medium|multi_person",0,1
298,"mobile|simple|medium|multi_person",0,1
299,"mobile|simple|medium|multi_person",0,1
301,"mobile|simple|medium|multi_person",0,1
302,"mobile|simple|medium|multi_person",0,1
303,"mobile|simple|medium|multi_person",0,1
304,"mobile|simple|medium|multi_person",0,1
305,"mobile|simple|medium|multi_person",0,1
306,"mobile|simple|medium|multi_person",0,1
307,"mobile|simple|medium|multi_person",0,1
308,"mobile|simple|medium|multi_person",0,1
309,"mobile|simple|medium|multi_person",0,1
310,"mobile|simple|medium|multi_person",0,1
311,"mobile|simple|medium|multi_person",0,1
312,"mobile|simple|medium|multi_person",0,1
313,"mobile|simple|medium|multi_person",0,1
314,"mobile|simple|medium|multi_person",0,1
2,"mobile|multi_factor|medium|multi_person",0,1
3,"mobile|multi_factor|medium|multi_person",0,1
4,"mobile|multi_factor|medium|multi_person",0,1
5,"mobile|multi_factor|medium|multi_person",0,1
6,"mobile|multi_factor|medium|multi_person",0,1
7,"mobile|multi_factor|medium|multi_person",0,1
8,"mobile|multi_factor|medium|multi_person",0,1
9,"mobile|multi_factor|medium|multi_person",0,1
10,"mobile|multi_factor|medium|multi_person",0,1
11,"mobile|multi_factor|medium|multi_person",0,1
13,"mobile|multi_factor|medium|multi_person",0,1
14,"mobile|multi_factor|medium|multi_person",0,1
15,"mobile|multi_factor|medium|multi_person",0,1
16,"mobile|multi_factor|medium|multi_person",0,1
17,"mobile|multi_factor|medium|multi_person",0,1
18,"mobile|multi_factor|medium|multi_person",0,1
19,"mobile|multi_factor|medium|multi_person",0,1
20,"mobile|multi_factor|medium|multi_person",0,1
21,"mobile|multi_factor|medium|multi_person",0,1
22,"mobile|multi_factor|medium|multi_person",0,1
23,"mobile|multi_factor|medium|multi_person",0,1
24,"mobile|multi_factor|medium|multi_person",0,1
26,"mobile|multi_factor|medium|multi_person",0,1
27,"mobile|multi_factor|medium|multi_person",0,1
28,"mobile|multi_factor|medium|multi_person",0,1
29,"mobile|multi_factor|medium|multi_person",0,1
31,"mobile|multi_factor|medium|multi_person",0,1
32,"mobile|multi_factor|medium|multi_person",0,1
33,"mobile|multi_factor|medium|multi_person",0,1
35,"mobile|multi_factor|medium|multi_person",0,1
36,"mobile|multi_factor|medium|multi_person",0,1
37,"mobile|multi_factor|medium|multi_person",0,1
38,"mobile|multi_factor|medium|multi_person",0,1
39,"mobile|multi_factor|medium|multi_person",0,1
41,"mobile|multi_factor|medium|multi_person",0,1
42,"mobile|multi_factor|medium|multi_person",0,1
43,"mobile|multi_factor|medium|multi_person",0,1
44,"mobile|multi_factor|medium|multi_person",0,1
45,"mobile|multi_factor|medium|multi_person",0,1
46,"mobile|multi_factor|medium|multi_person",0,1
47,"mobile|multi_factor|medium|multi_person",0,1
48,"mobile|multi_factor|medium|multi_person",0,1
49,"mobile|multi_factor|medium|multi_person",0,1
50,"mobile|multi_factor|medium|multi_person",0,1
51,"mobile|multi_factor|medium|multi_person",0,1
52,"mobile|multi_factor|medium|multi_person",0,1
53,"mobile|multi_factor|medium|multi_person",0,1
54,"mobile|multi_factor|medium|multi_person",0,1
55,"mobile|multi_factor|medium|multi_person",0,1
56,"mobile|multi_factor|medium|multi_person",0,1
57,"mobile|multi_factor|medium|multi_person",0,1
58,"mobile|multi_factor|medium|multi_person",0,1
60,"mobile|multi_factor|medium|multi_person",0,1
61,"mobile|multi_factor|medium|multi_person",0,1
62,"mobile|multi_factor|medium|multi_person",0,1
63,"mobile|multi_factor|medium|multi_person",0,1
64,"mobile|multi_factor|medium|multi_person",0,1
65,"mobile|multi_factor|medium|multi_person",0,1
68,"mobile|multi_factor|medium|multi_person",0,1
69,"mobile|multi_factor|medium|multi_person",0,1
70,"mobile|multi_factor|medium|multi_person",0,1
71,"mobile|multi_factor|medium|multi_person",0,1
72,"mobile|multi_factor|medium|multi_person",0,1
73,"mobile|multi_factor|medium|multi_person",0,1
74,"mobile|multi_factor|medium|multi_person",0,1
75,"mobile|multi_factor|medium|multi_person",0,1
76,"mobile|multi_factor|medium|multi_person",0,1
77,"mobile|multi_factor|medium|multi_person",0,1
78,"mobile|multi_factor|medium|multi_person",0,1
79,"mobile|multi_factor|medium|multi_person",0,1
80,"mobile|multi_factor|medium|multi_person",0,1
81,"mobile|multi_factor|medium|multi_person",0,1
82,"mobile|multi_factor|medium|multi_person",0,1
83,"mobile|multi_factor|medium|multi_person",0,1
84,"mobile|multi_factor|medium|multi_person",0,1
86,"mobile|multi_factor|medium|multi_person",0,1
87,"mobile|multi_factor|medium|multi_person",0,1
88,"mobile|multi_factor|medium|multi_person",0,1
90,"mobile|multi_factor|medium|multi_person",0,1
91,"mobile|multi_factor|medium|multi_person",0,1
92,"mobile|multi_factor|medium|multi_person",0,1
93,"mobile|multi_factor|medium|multi_person",0,1
94,"mobile|multi_factor|medium|multi_person",0,1
95,"mobile|multi_factor|medium|multi_person",0,1
96,"mobile|multi_factor|medium|multi_person",0,1
97,"mobile|multi_factor|medium|multi_person",0,1
98,"mobile|multi_factor|medium|multi_person",0,1
99,"mobile|multi_factor|medium|multi_person",0,1
100,"mobile|multi_factor|medium|multi_person",0,1
101,"mobile|multi_factor|medium|multi_person",0,1
103,"mobile|multi_factor|medium|multi_person",0,1
104,"mobile|multi_factor|medium|multi_person",0,1
105,"mobile|multi_factor|medium|multi_person",0,1
106,"mobile|multi_factor|medium|multi_person",0,1
107,"mobile|multi_factor|medium|multi_person",0,1
108,"mobile|multi_factor|medium|multi_person",0,1
109,"mobile|multi_factor|medium|multi_person",0,1
110,"mobile|multi_factor|medium|multi_person",0,1
111,"mobile|multi_factor|medium|multi_person",0,1
112,"mobile|multi_factor|medium|multi_person",0,1
113,"mobile|multi_factor|medium|multi_person",0,1
114,"mobile|multi_factor|medium|multi_person",0,1
115,"mobile|multi_factor|medium|multi_person",0,1
116,"mobile|multi_factor|medium|multi_person",0,1
117,"mobile|multi_factor|medium|multi_person",0,1
118,"mobile|multi_factor|medium|multi_person",0,1
119,"mobile|multi_factor|medium|multi_person",0,1
120,"mobile|multi_factor|medium|multi_person",0,1
121,"mobile|multi_factor|medium|multi_person",0,1
122,"mobile|multi_factor|medium|multi_person",0,1
123,"mobile|multi_factor|medium|multi_person",0,1
124,"mobile|multi_factor|medium|multi_person",0,1
125,"mobile|multi_factor|medium|multi_person",0,1
126,"mobile|multi_factor|medium|multi_person",0,1
127,"mobile|multi_factor|medium|multi_person",0,1
128,"mobile|multi_factor|medium|multi_person",0,1
130,"mobile|multi_factor|medium|multi_person",0,1
131,"mobile|multi_factor|medium|multi_person",0,1
132,"mobile|multi_factor|medium|multi_person",0,1
133,"mobile|multi_factor|medium|multi_person",0,1
135,"mobile|multi_factor|medium|multi_person",0,1
136,"mobile|multi_factor|medium|multi_person",0,1
137,"mobile|multi_factor|medium|multi_person",0,1
138,"mobile|multi_factor|medium|multi_person",0,1
140,"mobile|multi_factor|medium|multi_person",0,1
141,"mobile|multi_factor|medium|multi_person",0,1
142,"mobile|multi_factor|medium|multi_person",0,1
143,"mobile|multi_factor|medium|multi_person",0,1
144,"mobile|multi_factor|medium|multi_person",0,1
145,"mobile|multi_factor|medium|multi_person",0,1
146,"mobile|multi_factor|medium|multi_person",0,1
147,"mobile|multi_factor|medium|multi_person",0,1
148,"mobile|multi_factor|medium|multi_person",0,1
149,"mobile|multi_factor|medium|multi_person",0,1
150,"mobile|multi_factor|medium|multi_person",0,1
151,"mobile|multi_factor|medium|multi_person",0,1
152,"mobile|multi_factor|medium|multi_person",0,1
153,"mobile|multi_factor|medium|multi_person",0,1
154,"mobile|multi_factor|medium|multi_person",0,1
155,"mobile|multi_factor|medium|multi_person",0,1
156,"mobile|multi_factor|medium|multi_person",0,1
157,"mobile|multi_factor|medium|multi_person",0,1
158,"mobile|multi_factor|medium|multi_person",0,1
159,"mobile|multi_factor|medium|multi_person",0,1
160,"mobile|multi_factor|medium|multi_person",0,1
162,"mobile|multi_factor|medium|multi_person",0,1
163,"mobile|multi_factor|medium|multi_person",0,1
164,"mobile|multi_factor|medium|multi_person",0,1
165,"mobile|multi_factor|medium|multi_person",0,1
166,"mobile|multi_factor|medium|multi_person",0,1
167,"mobile|multi_factor|medium|multi_person",0,1
168,"mobile|multi_factor|medium|multi_person",0,1
169,"mobile|multi_factor|medium|multi_person",0,1
170,"mobile|multi_factor|medium|multi_person",0,1
171,"mobile|multi_factor|medium|multi_person",0,1
172,"mobile|multi_factor|medium|multi_person",0,1
173,"mobile|multi_factor|medium|multi_person",0,1
174,"mobile|multi_factor|medium|multi_person",0,1
175,"mobile|multi_factor|medium|multi_person",0,1
176,"mobile|multi_factor|medium|multi_person",0,1
177,"mobile|multi_factor|medium|multi_person",0,1
178,"mobile|multi_factor|medium|multi_person",0,1
179,"mobile|multi_factor|medium|multi_person",0,1
180,"mobile|multi_factor|medium|multi_person",0,1
181,"mobile|multi_factor|medium|multi_person",0,1
183,"mobile|multi_factor|medium|multi_person",0,1
184,"mobile|multi_factor|medium|multi_person",0,1
186,"mobile|multi_factor|medium|multi_person",0,1
187,"mobile|multi_factor|medium|multi_person",0,1
188,"mobile|multi_factor|medium|multi_person",0,1
189,"mobile|multi_factor|medium|multi_person",0,1
190,"mobile|multi_factor|medium|multi_person",0,1
191,"mobile|multi_factor|medium|multi_person",0,1
192,"mobile|multi_factor|medium|multi_person",0,1
194,"mobile|multi_factor|medium|multi_person",0,1
195,"mobile|multi_factor|medium|multi_person",0,1
196,"mobile|multi_factor|medium|multi_person",0,1
197,"mobile|multi_factor|medium|multi_person",0,1
198,"mobile|multi_factor|medium|multi_person",0,1
199,"mobile|multi_factor|medium|multi_person",0,1
200,"mobile|multi_factor|medium|multi_person",0,1
201,"mobile|multi_factor|medium|multi_person",0,1
202,"mobile|multi_factor|medium|multi_person",0,1
203,"mobile|multi_factor|medium|multi_person",0,1
205,"mobile|multi_factor|medium|multi_person",0,1
206,"mobile|multi_factor|medium|multi_person",0,1
207,"mobile|multi_factor|medium|multi_person",0,1
208,"mobile|multi_factor|medium|multi_person",0,1
209,"mobile|multi_factor|medium|multi_person",0,1
210,"mobile|multi_factor|medium|multi_person",0,1
211,"mobile|multi_factor|medium|multi_person",0,1
212,"mobile|multi_factor|medium|multi_person",0,1
213,"mobile|multi_factor|medium|multi_person",0,1
214,"mobile|multi_factor|medium|multi_person",0,1
217,"mobile|multi_factor|medium|multi_person",0,1
219,"mobile|multi_factor|medium|multi_person",0,1
220,"mobile|multi_factor|medium|multi_person",0,1
221,"mobile|multi_factor|medium|multi_person",0,1
222,"mobile|multi_factor|medium|multi_person",0,1
223,"mobile|multi_factor|medium|multi_person",0,1
224,"mobile|multi_factor|medium|multi_person",0,1
225,"mobile|multi_factor|medium|multi_person",0,1
226,"mobile|multi_factor|medium|multi_person",0,1
227,"mobile|multi_factor|medium|multi_person",0,1
228,"mobile|multi_factor|medium|multi_person",0,1
230,"mobile|multi_factor|medium|multi_person",0,1
231,"mobile|multi_factor|medium|multi_person",0,1
232,"mobile|multi_factor|medium|multi_person",0,1
233,"mobile|multi_factor|medium|multi_person",0,1
234,"mobile|multi_factor|medium|multi_person",0,1
235,"mobile|multi_factor|medium|multi_person",0,1
236,"mobile|multi_factor|medium|multi_person",0,1
237,"mobile|multi_factor|medium|multi_person",0,1
238,"mobile|multi_factor|medium|multi_person",0,1
239,"mobile|multi_factor|medium|multi_person",0,1
240,"mobile|multi_factor|medium|multi_person",0,1
241,"mobile|multi_factor|medium|multi_person",0,1
242,"mobile|multi_factor|medium|multi_person",0,1
243,"mobile|multi_factor|medium|multi_person",0,1
245,"mobile|multi_factor|medium|multi_person",0,1
246,"mobile|multi_factor|medium|multi_person",0,1
247,"mobile|multi_factor|medium|multi_person",0,1
248,"mobile|multi_factor|medium|multi_person",0,1
249,"mobile|multi_factor|medium|multi_person",0,1
250,"mobile|multi_factor|medium|multi_person",0,1
251,"mobile|multi_factor|medium|multi_person",0,1
252,"mobile|multi_factor|medium|multi_person",0,1
253,"mobile|multi_factor|medium|multi_person",0,1
254,"mobile|multi_factor|medium|multi_person",0,1
256,"mobile|multi_factor|medium|multi_person",0,1
258,"mobile|multi_factor|medium|multi_person",0,1
259,"mobile|multi_factor|medium|multi_person",0,1
260,"mobile|multi_factor|medium|multi_person",0,1
261,"mobile|multi_factor|medium|multi_person",0,1
263,"mobile|multi_factor|medium|multi_person",0,1
264,"mobile|multi_factor|medium|multi_person",0,1
265,"mobile|multi_factor|medium|multi_person",0,1
266,"mobile|multi_factor|medium|multi_person",0,1
267,"mobile|multi_factor|medium|multi_person",0,1
268,"mobile|multi_factor|medium|multi_person",0,1
269,"mobile|multi_factor|medium|multi_person",0,1
270,"mobile|multi_factor|medium|multi_person",0,1
271,"mobile|multi_factor|medium|multi_person",0,1
272,"mobile|multi_factor|medium|multi_person",0,1
273,"mobile|multi_factor|medium|multi_person",0,1
274,"mobile|multi_factor|medium|multi_person",0,1
275,"mobile|multi_factor|medium|multi_person",0,1
276,"mobile|multi_factor|medium|multi_person",0,1
277,"mobile|multi_factor|medium|multi_person",0,1
279,"mobile|multi_factor|medium|multi_person",0,1
280,"mobile|multi_factor|medium|multi_person",0,1
281,"mobile|multi_factor|medium|multi_person",0,1
282,"mobile|multi_factor|medium|multi_person",0,1
283,"mobile|multi_factor|medium|multi_person",0,1
284,"mobile|multi_factor|medium|multi_person",0,1
285,"mobile|multi_factor|medium|multi_person",0,1
286,"mobile|multi_factor|medium|multi_person",0,1
287,"mobile|multi_factor|medium|multi_person",0,1
288,"mobile|multi_factor|medium|multi_person",0,1
289,"mobile|multi_factor|medium|multi_person",0,1
290,"mobile|multi_factor|medium|multi_person",0,1
291,"mobile|multi_factor|medium|multi_person",0,1
292,"mobile|multi_factor|medium|multi_person",0,1
293,"mobile|multi_factor|medium|multi_person",0,1
294,"mobile|multi_factor|medium|multi_person",0,1
295,"mobile|multi_factor|medium|multi_person",0,1
296,"mobile|multi_factor|medium|multi_person",0,1
297,"mobile|multi_factor|medium|multi_person",0,1
298,"mobile|multi_factor|medium|multi_person",0,1
299,"mobile|multi_factor|medium|multi_person",0,1
301,"mobile|multi_factor|medium|multi_person",0,1
302,"mobile|multi_factor|medium|multi_person",0,1
303,"mobile|multi_factor|medium|multi_person",0,1
304,"mobile|multi_factor|medium|multi_person",0,1
305,"mobile|multi_factor|medium|multi_person",0,1
306,"mobile|multi_factor|medium|multi_person",0,1
307,"mobile|multi_factor|medium|multi_person",0,1
308,"mobile|multi_factor|medium|multi_person",0,1
309,"mobile|multi_factor|medium|multi_person",0,1
310,"mobile|multi_factor|medium|multi_person",0,1
311,"mobile|multi_factor|medium|multi_person",0,1
312,"mobile|multi_factor|medium|multi_person",0,1
313,"mobile|multi_factor|medium|multi_person",0,1
314,"mobile|multi_factor|medium|multi_person",0,1
2,"web|multi_factor|medium|multi_person",0,1
3,"web|multi_factor|medium|multi_person",0,1
4,"web|multi_factor|medium|multi_person",0,1
5,"web|multi_factor|medium|multi_person",0,1
6,"web|multi_factor|medium|multi_person",0,1
7,"web|multi_factor|medium|multi_person",0,1
8,"web|multi_factor|medium|multi_person",0,1
9,"web|multi_factor|medium|multi_person",0,1
10,"web|multi_factor|medium|multi_person",0,1
11,"web|multi_factor|medium|multi_person",0,1
13,"web|multi_factor|medium|multi_person",0,1
14,"web|multi_factor|medium|multi_person",0,1
15,"web|multi_factor|medium|multi_person",0,1
16,"web|multi_factor|medium|multi_person",0,1
17,"web|multi_factor|medium|multi_person",0,1
18,"web|multi_factor|medium|multi_person",0,1
19,"web|multi_factor|medium|multi_person",0,1
20,"web|multi_factor|medium|multi_person",0,1
21,"web|multi_factor|medium|multi_person",0,1
22,"web|multi_factor|medium|multi_person",0,1
23,"web|multi_factor|medium|multi_person",0,1
24,"web|multi_factor|medium|multi_person",0,1
26,"web|multi_factor|medium|multi_person",0,1
27,"web|multi_factor|medium|multi_person",0,1
28,"web|multi_factor|medium|multi_person",0,1
29,"web|multi_factor|medium|multi_person",0,1
31,"web|multi_factor|medium|multi_person",0,1
32,"web|multi_factor|medium|multi_person",0,1
33,"web|multi_factor|medium|multi_person",0,1
35,"web|multi_factor|medium|multi_person",0,1
36,"web|multi_factor|medium|multi_person",0,1
37,"web|multi_factor|medium|multi_person",0,1
38,"web|multi_factor|medium|multi_person",0,1
39,"web|multi_factor|medium|multi_person",0,1
41,"web|multi_factor|medium|multi_person",0,1
42,"web|multi_factor|medium|multi_person",0,1
43,"web|multi_factor|medium|multi_person",0,1
44,"web|multi_factor|medium|multi_person",0,1
45,"web|multi_factor|medium|multi_person",0,1
46,"web|multi_factor|medium|multi_person",0,1
47,"web|multi_factor|medium|multi_person",0,1
48,"web|multi_factor|medium|multi_person",0,1
49,"web|multi_factor|medium|multi_person",0,1
50,"web|multi_factor|medium|multi_person",0,1
51,"web|multi_factor|medium|multi_person",0,1
52,"web|multi_factor|medium|multi_person",0,1
53,"web|multi_factor|medium|multi_person",0,1
54,"web|multi_factor|medium|multi_person",0,1
55,"web|multi_factor|medium|multi_person",0,1
56,"web|multi_factor|medium|multi_person",0,1
57,"web|multi_factor|medium|multi_person",0,1
58,"web|multi_factor|medium|multi_person",0,1
60,"web|multi_factor|medium|multi_person",0,1
61,"web|multi_factor|medium|multi_person",0,1
62,"web|multi_factor|medium|multi_person",0,1
63,"web|multi_factor|medium|multi_person",0,1
64,"web|multi_factor|medium|multi_person",0,1
65,"web|multi_factor|medium|multi_person",0,1
68,"web|multi_factor|medium|multi_person",0,1
69,"web|multi_factor|medium|multi_person",0,1
70,"web|multi_factor|medium|multi_person",0,1
71,"web|multi_factor|medium|multi_person",0,1
72,"web|multi_factor|medium|multi_person",0,1
73,"web|multi_factor|medium|multi_person",0,1
74,"web|multi_factor|medium|multi_person",0,1
75,"web|multi_factor|medium|multi_person",0,1
76,"web|multi_factor|medium|multi_person",0,1
77,"web|multi_factor|medium|multi_person",0,1
78,"web|multi_factor|medium|multi_person",0,1
79,"web|multi_factor|medium|multi_person",0,1
80,"web|multi_factor|medium|multi_person",0,1
81,"web|multi_factor|medium|multi_person",0,1
82,"web|multi_factor|medium|multi_person",0,1
83,"web|multi_factor|medium|multi_person",0,1
84,"web|multi_factor|medium|multi_person",0,1
86,"web|multi_factor|medium|multi_person",0,1
87,"web|multi_factor|medium|multi_person",0,1
88,"web|multi_factor|medium|multi_person",0,1
90,"web|multi_factor|medium|multi_person",0,1
91,"web|multi_factor|medium|multi_person",0,1
92,"web|multi_factor|medium|multi_person",0,1
93,"web|multi_factor|medium|multi_person",0,1
94,"web|multi_factor|medium|multi_person",0,1
95,"web|multi_factor|medium|multi_person",0,1
96,"web|multi_factor|medium|multi_person",0,1
97,"web|multi_factor|medium|multi_person",0,1
98,"web|multi_factor|medium|multi_person",0,1
99,"web|multi_factor|medium|multi_person",0,1
100,"web|multi_factor|medium|multi_person",0,1
101,"web|multi_factor|medium|multi_person",0,1
103,"web|multi_factor|medium|multi_person",0,1
104,"web|multi_factor|medium|multi_person",0,1
105,"web|multi_factor|medium|multi_person",0,1
106,"web|multi_factor|medium|multi_person",0,1
107,"web|multi_factor|medium|multi_person",0,1
108,"web|multi_factor|medium|multi_person",0,1
109,"web|multi_factor|medium|multi_person",0,1
110,"web|multi_factor|medium|multi_person",0,1
111,"web|multi_factor|medium|multi_person",0,1
112,"web|multi_factor|medium|multi_person",0,1
113,"web|multi_factor|medium|multi_person",0,1
114,"web|multi_factor|medium|multi_person",0,1
115,"web|multi_factor|medium|multi_person",0,1
116,"web|multi_factor|medium|multi_person",0,1
117,"web|multi_factor|medium|multi_person",0,1
118,"web|multi_factor|medium|multi_person",0,1
119,"web|multi_factor|medium|multi_person",0,1
120,"web|multi_factor|medium|multi_person",0,1
121,"web|multi_factor|medium|multi_person",0,1
122,"web|multi_factor|medium|multi_person",0,1
123,"web|multi_factor|medium|multi_person",0,1
124,"web|multi_factor|medium|multi_person",0,1
125,"web|multi_factor|medium|multi_person",0,1
126,"web|multi_factor|medium|multi_person",0,1
127,"web|multi_factor|medium|multi_person",0,1
128,"web|multi_factor|medium|multi_person",0,1
130,"web|multi_factor|medium|multi_person",0,1
131,"web|multi_factor|medium|multi_person",0,1
132,"web|multi_factor|medium|multi_person",0,1
133,"web|multi_factor|medium|multi_person",0,1
135,"web|multi_factor|medium|multi_person",0,1
136,"web|multi_factor|medium|multi_person",0,1
137,"web|multi_factor|medium|multi_person",0,1
138,"web|multi_factor|medium|multi_person",0,1
140,"web|multi_factor|medium|multi_person",0,1
141,"web|multi_factor|medium|multi_person",0,1
142,"web|multi_factor|medium|multi_person",0,1
143,"web|multi_factor|medium|multi_person",0,1
144,"web|multi_factor|medium|multi_person",0,1
145,"web|multi_factor|medium|multi_person",0,1
146,"web|multi_factor|medium|multi_person",0,1
147,"web|multi_factor|medium|multi_person",0,1
148,"web|multi_factor|medium|multi_person",0,1
149,"web|multi_factor|medium|multi_person",0,1
150,"web|multi_factor|medium|multi_person",0,1
151,"web|multi_factor|medium|multi_person",0,1
152,"web|multi_factor|medium|multi_person",0,1
153,"web|multi_factor|medium|multi_person",0,1
154,"web|multi_factor|medium|multi_person",0,1
155,"web|multi_factor|medium|multi_person",0,1
156,"web|multi_factor|medium|multi_person",0,1
157,"web|multi_factor|medium|multi_person",0,1
158,"web|multi_factor|medium|multi_person",0,1
159,"web|multi_factor|medium|multi_person",0,1
160,"web|multi_factor|medium|multi_person",0,1
162,"web|multi_factor|medium|multi_person",0,1
163,"web|multi_factor|medium|multi_person",0,1
164,"web|multi_factor|medium|multi_person",0,1
165,"web|multi_factor|medium|multi_person",0,1
166,"web|multi_factor|medium|multi_person",0,1
167,"web|multi_factor|medium|multi_person",0,1
168,"web|multi_factor|medium|multi_person",0,1
169,"web|multi_factor|medium|multi_person",0,1
170,"web|multi_factor|medium|multi_person",0,1
171,"web|multi_factor|medium|multi_person",0,1
172,"web|multi_factor|medium|multi_person",0,1
173,"web|multi_factor|medium|multi_person",0,1
174,"web|multi_factor|medium|multi_person",0,1
175,"web|multi_factor|medium|multi_person",0,1
176,"web|multi_factor|medium|multi_person",0,1
177,"web|multi_factor|medium|multi_person",0,1
178,"web|multi_factor|medium|multi_person",0,1
179,"web|multi_factor|medium|multi_person",0,1
180,"web|multi_factor|medium|multi_person",0,1
181,"web|multi_factor|medium|multi_person",0,1
183,"web|multi_factor|medium|multi_person",0,1
184,"web|multi_factor|medium|multi_person",0,1
186,"web|multi_factor|medium|multi_person",0,1
187,"web|multi_factor|medium|multi_person",0,1
188,"web|multi_factor|medium|multi_person",0,1
189,"web|multi_factor|medium|multi_person",0,1
190,"web|multi_factor|medium|multi_person",0,1
191,"web|multi_factor|medium|multi_person",0,1
192,"web|multi_factor|medium|multi_person",0,1
194,"web|multi_factor|medium|multi_person",0,1
195,"web|multi_factor|medium|multi_person",0,1
196,"web|multi_factor|medium|multi_person",0,1
197,"web|multi_factor|medium|multi_person",0,1
198,"web|multi_factor|medium|multi_person",0,1
199,"web|multi_factor|medium|multi_person",0,1
200,"web|multi_factor|medium|multi_person",0,1
201,"web|multi_factor|medium|multi_person",0,1
202,"web|multi_factor|medium|multi_person",0,1
203,"web|multi_factor|medium|multi_person",0,1
205,"web|multi_factor|medium|multi_person",0,1
206,"web|multi_factor|medium|multi_person",0,1
207,"web|multi_factor|medium|multi_person",0,1
208,"web|multi_factor|medium|multi_person",0,1
209,"web|multi_factor|medium|multi_person",0,1
210,"web|multi_factor|medium|multi_person",0,1
211,"web|multi_factor|medium|multi_person",0,1
212,"web|multi_factor|medium|multi_person",0,1
213,"web|multi_factor|medium|multi_person",0,1
214,"web|multi_factor|medium|multi_person",0,1
217,"web|multi_factor|medium|multi_person",0,1
219,"web|multi_factor|medium|multi_person",0,1
220,"web|multi_factor|medium|multi_person",0,1
221,"web|multi_factor|medium|multi_person",0,1
222,"web|multi_factor|medium|multi_person",0,1
223,"web|multi_factor|medium|multi_person",0,1
224,"web|multi_factor|medium|multi_person",0,1
225,"web|multi_factor|medium|multi_person",0,1
226,"web|multi_factor|medium|multi_person",0,1
227,"web|multi_factor|medium|multi_person",0,1
228,"web|multi_factor|medium|multi_person",0,1
230,"web|multi_factor|medium|multi_person",0,1
231,"web|multi_factor|medium|multi_person",0,1
232,"web|multi_factor|medium|multi_person",0,1
233,"web|multi_factor|medium|multi_person",0,1
234,"web|multi_factor|medium|multi_person",0,1
235,"web|multi_factor|medium|multi_person",0,1
236,"web|multi_factor|medium|multi_person",0,1
237,"web|multi_factor|medium|multi_person",0,1
238,"web|multi_factor|medium|multi_person",0,1
239,"web|multi_factor|medium|multi_person",0,1
240,"web|multi_factor|medium|multi_person",0,1
241,"web|multi_factor|medium|multi_person",0,1
242,"web|multi_factor|medium|multi_person",0,1
243,"web|multi_factor|medium|multi_person",0,1
245,"web|multi_factor|medium|multi_person",0,1
246,"web|multi_factor|medium|multi_person",0,1
247,"web|multi_factor|medium|multi_person",0,1
248,"web|multi_factor|medium|multi_person",0,1
249,"web|multi_factor|medium|multi_person",0,1
250,"web|multi_factor|medium|multi_person",0,1
251,"web|multi_factor|medium|multi_person",0,1
252,"web|multi_factor|medium|multi_person",0,1
253,"web|multi_factor|medium|multi_person",0,1
254,"web|multi_factor|medium|multi_person",0,1
256,"web|multi_factor|medium|multi_person",0,1
258,"web|multi_factor|medium|multi_person",0,1
259,"web|multi_factor|medium|multi_person",0,1
260,"web|multi_factor|medium|multi_person",0,1
261,"web|multi_factor|medium|multi_person",0,1
263,"web|multi_factor|medium|multi_person",0,1
264,"web|multi_factor|medium|multi_person",0,1
265,"web|multi_factor|medium|multi_person",0,1
266,"web|multi_factor|medium|multi_person",0,1
267,"web|multi_factor|medium|multi_person",0,1
268,"web|multi_factor|medium|multi_person",0,1
269,"web|multi_factor|medium|multi_person",0,1
270,"web|multi_factor|medium|multi_person",0,1
271,"web|multi_factor|medium|multi_person",0,1
272,"web|multi_factor|medium|multi_person",0,1
273,"web|multi_factor|medium|multi_person",0,1
274,"web|multi_factor|medium|multi_person",0,1
275,"web|multi_factor|medium|multi_person",0,1
276,"web|multi_factor|medium|multi_person",0,1
277,"web|multi_factor|medium|multi_person",0,1
279,"web|multi_factor|medium|multi_person",0,1
280,"web|multi_factor|medium|multi_person",0,1
281,"web|multi_factor|medium|multi_person",0,1
282,"web|multi_factor|medium|multi_person",0,1
283,"web|multi_factor|medium|multi_person",0,1
284,"web|multi_factor|medium|multi_person",0,1
285,"web|multi_factor|medium|multi_person",0,1
286,"web|multi_factor|medium|multi_person",0,1
287,"web|multi_factor|medium|multi_person",0,1
288,"web|multi_factor|medium|multi_person",0,1
289,"web|multi_factor|medium|multi_person",0,1
290,"web|multi_factor|medium|multi_person",0,1
291,"web|multi_factor|medium|multi_person",0,1
292,"web|multi_factor|medium|multi_person",0,1
293,"web|multi_factor|medium|multi_person",0,1
294,"web|multi_factor|medium|multi_person",0,1
295,"web|multi_factor|medium|multi_person",0,1
296,"web|multi_factor|medium|multi_person",0,1
297,"web|multi_factor|medium|multi_person",0,1
298,"web|multi_factor|medium|multi_person",0,1
299,"web|multi_factor|medium|multi_person",0,1
301,"web|multi_factor|medium|multi_person",0,1
302,"web|multi_factor|medium|multi_person",0,1
303,"web|multi_factor|medium|multi_person",0,1
304,"web|multi_factor|medium|multi_person",0,1
305,"web|multi_factor|medium|multi_person",0,1
306,"web|multi_factor|medium|multi_person",0,1
307,"web|multi_factor|medium|multi_person",0,1
308,"web|multi_factor|medium|multi_person",0,1
309,"web|multi_factor|medium|multi_person",0,1
310,"web|multi_factor|medium|multi_person",0,1
311,"web|multi_factor|medium|multi_person",0,1
312,"web|multi_factor|medium|multi_person",0,1
313,"web|multi_factor|medium|multi_person",0,1
314,"web|multi_factor|medium|multi_person",0,1
2,"mobile|simple|high|multi_person",0,1
3,"mobile|simple|high|multi_person",0,1
4,"mobile|simple|high|multi_person",0,1
5,"mobile|simple|high|multi_person",0,1
6,"mobile|simple|high|multi_person",0,1
7,"mobile|simple|high|multi_person",0,1
8,"mobile|simple|high|multi_person",0,1
9,"mobile|simple|high|multi_person",0,1
10,"mobile|simple|high|multi_person",0,1
11,"mobile|simple|high|multi_person",0,1
13,"mobile|simple|high|multi_person",0,1
14,"mobile|simple|high|multi_person",0,1
15,"mobile|simple|high|multi_person",0,1
16,"mobile|simple|high|multi_person",0,1
17,"mobile|simple|high|multi_person",0,1
18,"mobile|simple|high|multi_person",0,1
19,"mobile|simple|high|multi_person",0,1
20,"mobile|simple|high|multi_person",0,1
21,"mobile|simple|high|multi_person",0,1
22,"mobile|simple|high|multi_person",0,1
23,"mobile|simple|high|multi_person",0,1
24,"mobile|simple|high|multi_person",0,1
26,"mobile|simple|high|multi_person",0,1
27,"mobile|simple|high|multi_person",0,1
28,"mobile|simple|high|multi_person",0,1
29,"mobile|simple|high|multi_person",0,1
31,"mobile|simple|high|multi_person",0,1
32,"mobile|simple|high|multi_person",0,1
33,"mobile|simple|high|multi_person",0,1
35,"mobile|simple|high|multi_person",0,1
36,"mobile|simple|high|multi_person",0,1
37,"mobile|simple|high|multi_person",0,1
38,"mobile|simple|high|multi_person",0,1
39,"mobile|simple|high|multi_person",0,1
41,"mobile|simple|high|multi_person",0,1
42,"mobile|simple|high|multi_person",0,1
43,"mobile|simple|high|multi_person",0,1
44,"mobile|simple|high|multi_person",0,1
45,"mobile|simple|high|multi_person",0,1
46,"mobile|simple|high|multi_person",0,1
47,"mobile|simple|high|multi_person",0,1
48,"mobile|simple|high|multi_person",0,1
49,"mobile|simple|high|multi_person",0,1
50,"mobile|simple|high|multi_person",0,1
51,"mobile|simple|high|multi_person",0,1
52,"mobile|simple|high|multi_person",0,1
53,"mobile|simple|high|multi_person",0,1
54,"mobile|simple|high|multi_person",0,1
55,"mobile|simple|high|multi_person",0,1
56,"mobile|simple|high|multi_person",0,1
57,"mobile|simple|high|multi_person",0,1
58,"mobile|simple|high|multi_person",0,1
60,"mobile|simple|high|multi_person",0,1
61,"mobile|simple|high|multi_person",0,1
62,"mobile|simple|high|multi_person",0,1
63,"mobile|simple|high|multi_person",0,1
64,"mobile|simple|high|multi_person",0,1
65,"mobile|simple|high|multi_person",0,1
68,"mobile|simple|high|multi_person",0,1
69,"mobile|simple|high|multi_person",0,1
70,"mobile|simple|high|multi_person",0,1
71,"mobile|simple|high|multi_person",0,1
72,"mobile|simple|high|multi_person",0,1
73,"mobile|simple|high|multi_person",0,1
74,"mobile|simple|high|multi_person",0,1
75,"mobile|simple|high|multi_person",0,1
76,"mobile|simple|high|multi_person",0,1
77,"mobile|simple|high|multi_person",0,1
78,"mobile|simple|high|multi_person",0,1
79,"mobile|simple|high|multi_person",0,1
80,"mobile|simple|high|multi_person",0,1
81,"mobile|simple|high|multi_person",0,1
82,"mobile|simple|high|multi_person",0,1
83,"mobile|simple|high|multi_person",0,1
84,"mobile|simple|high|multi_person",0,1
86,"mobile|simple|high|multi_person",0,1
87,"mobile|simple|high|multi_person",0,1
88,"mobile|simple|high|multi_person",0,1
90,"mobile|simple|high|multi_person",0,1
91,"mobile|simple|high|multi_person",0,1
92,"mobile|simple|high|multi_person",0,1
93,"mobile|simple|high|multi_person",0,1
94,"mobile|simple|high|multi_person",0,1
95,"mobile|simple|high|multi_person",0,1
96,"mobile|simple|high|multi_person",0,1
97,"mobile|simple|high|multi_person",0,1
98,"mobile|simple|high|multi_person",0,1
99,"mobile|simple|high|multi_person",0,1
100,"mobile|simple|high|multi_person",0,1
101,"mobile|simple|high|multi_person",0,1
103,"mobile|simple|high|multi_person",0,1
104,"mobile|simple|high|multi_person",0,1
105,"mobile|simple|high|multi_person",0,1
106,"mobile|simple|high|multi_person",0,1
107,"mobile|simple|high|multi_person",0,1
108,"mobile|simple|high|multi_person",0,1
109,"mobile|simple|high|multi_person",0,1
110,"mobile|simple|high|multi_person",0,1
111,"mobile|simple|high|multi_person",0,1
112,"mobile|simple|high|multi_person",0,1
113,"mobile|simple|high|multi_person",0,1
114,"mobile|simple|high|multi_person",0,1
115,"mobile|simple|high|multi_person",0,1
116,"mobile|simple|high|multi_person",0,1
117,"mobile|simple|high|multi_person",0,1
118,"mobile|simple|high|multi_person",0,1
119,"mobile|simple|high|multi_person",0,1
120,"mobile|simple|high|multi_person",0,1
121,"mobile|simple|high|multi_person",0,1
122,"mobile|simple|high|multi_person",0,1
123,"mobile|simple|high|multi_person",0,1
124,"mobile|simple|high|multi_person",0,1
125,"mobile|simple|high|multi_person",0,1
126,"mobile|simple|high|multi_person",0,1
127,"mobile|simple|high|multi_person",0,1
128,"mobile|simple|high|multi_person",0,1
130,"mobile|simple|high|multi_person",0,1
131,"mobile|simple|high|multi_person",0,1
132,"mobile|simple|high|multi_person",0,1
133,"mobile|simple|high|multi_person",0,1
135,"mobile|simple|high|multi_person",0,1
136,"mobile|simple|high|multi_person",0,1
137,"mobile|simple|high|multi_person",0,1
138,"mobile|simple|high|multi_person",0,1
140,"mobile|simple|high|multi_person",0,1
141,"mobile|simple|high|multi_person",0,1
142,"mobile|simple|high|multi_person",0,1
143,"mobile|simple|high|multi_person",0,1
144,"mobile|simple|high|multi_person",0,1
145,"mobile|simple|high|multi_person",0,1
146,"mobile|simple|high|multi_person",0,1
147,"mobile|simple|high|multi_person",0,1
148,"mobile|simple|high|multi_person",0,1
149,"mobile|simple|high|multi_person",0,1
150,"mobile|simple|high|multi_person",0,1
151,"mobile|simple|high|multi_person",0,1
152,"mobile|simple|high|multi_person",0,1
153,"mobile|simple|high|multi_person",0,1
154,"mobile|simple|high|multi_person",0,1
155,"mobile|simple|high|multi_person",0,1
156,"mobile|simple|high|multi_person",0,1
157,"mobile|simple|high|multi_person",0,1
158,"mobile|simple|high|multi_person",0,1
159,"mobile|simple|high|multi_person",0,1
160,"mobile|simple|high|multi_person",0,1
162,"mobile|simple|high|multi_person",0,1
163,"mobile|simple|high|multi_person",0,1
164,"mobile|simple|high|multi_person",0,1
165,"mobile|simple|high|multi_person",0,1
166,"mobile|simple|high|multi_person",0,1
167,"mobile|simple|high|multi_person",0,1
168,"mobile|simple|high|multi_person",0,1
169,"mobile|simple|high|multi_person",0,1
170,"mobile|simple|high|multi_person",0,1
171,"mobile|simple|high|multi_person",0,1
172,"mobile|simple|high|multi_person",0,1
173,"mobile|simple|high|multi_person",0,1
174,"mobile|simple|high|multi_person",0,1
175,"mobile|simple|high|multi_person",0,1
176,"mobile|simple|high|multi_person",0,1
177,"mobile|simple|high|multi_person",0,1
178,"mobile|simple|high|multi_person",0,1
179,"mobile|simple|high|multi_person",0,1
180,"mobile|simple|high|multi_person",0,1
181,"mobile|simple|high|multi_person",0,1
183,"mobile|simple|high|multi_person",0,1
184,"mobile|simple|high|multi_person",0,1
186,"mobile|simple|high|multi_person",0,1
187,"mobile|simple|high|multi_person",0,1
188,"mobile|simple|high|multi_person",0,1
189,"mobile|simple|high|multi_person",0,1
190,"mobile|simple|high|multi_person",0,1
191,"mobile|simple|high|multi_person",0,1
192,"mobile|simple|high|multi_person",0,1
194,"mobile|simple|high|multi_person",0,1
195,"mobile|simple|high|multi_person",0,1
196,"mobile|simple|high|multi_person",0,1
197,"mobile|simple|high|multi_person",0,1
198,"mobile|simple|high|multi_person",0,1
199,"mobile|simple|high|multi_person",0,1
200,"mobile|simple|high|multi_person",0,1
201,"mobile|simple|high|multi_person",0,1
202,"mobile|simple|high|multi_person",0,1
203,"mobile|simple|high|multi_person",0,1
205,"mobile|simple|high|multi_person",0,1
206,"mobile|simple|high|multi_person",0,1
207,"mobile|simple|high|multi_person",0,1
208,"mobile|simple|high|multi_person",0,1
209,"mobile|simple|high|multi_person",0,1
210,"mobile|simple|high|multi_person",0,1
211,"mobile|simple|high|multi_person",0,1
212,"mobile|simple|high|multi_person",0,1
213,"mobile|simple|high|multi_person",0,1
214,"mobile|simple|high|multi_person",0,1
217,"mobile|simple|high|multi_person",0,1
219,"mobile|simple|high|multi_person",0,1
220,"mobile|simple|high|multi_person",0,1
221,"mobile|simple|high|multi_person",0,1
222,"mobile|simple|high|multi_person",0,1
223,"mobile|simple|high|multi_person",0,1
224,"mobile|simple|high|multi_person",0,1
225,"mobile|simple|high|multi_person",0,1
226,"mobile|simple|high|multi_person",0,1
227,"mobile|simple|high|multi_person",0,1
228,"mobile|simple|high|multi_person",0,1
230,"mobile|simple|high|multi_person",0,1
231,"mobile|simple|high|multi_person",0,1
232,"mobile|simple|high|multi_person",0,1
233,"mobile|simple|high|multi_person",0,1
234,"mobile|simple|high|multi_person",0,1
235,"mobile|simple|high|multi_person",0,1
236,"mobile|simple|high|multi_person",0,1
237,"mobile|simple|high|multi_person",0,1
238,"mobile|simple|high|multi_person",0,1
239,"mobile|simple|high|multi_person",0,1
240,"mobile|simple|high|multi_person",0,1
241,"mobile|simple|high|multi_person",0,1
242,"mobile|simple|high|multi_person",0,1
243,"mobile|simple|high|multi_person",0,1
245,"mobile|simple|high|multi_person",0,1
246,"mobile|simple|high|multi_person",0,1
247,"mobile|simple|high|multi_person",0,1
248,"mobile|simple|high|multi_person",0,1
249,"mobile|simple|high|multi_person",0,1
250,"mobile|simple|high|multi_person",0,1
251,"mobile|simple|high|multi_person",0,1
252,"mobile|simple|high|multi_person",0,1
253,"mobile|simple|high|multi_person",0,1
254,"mobile|simple|high|multi_person",0,1
256,"mobile|simple|high|multi_person",0,1
258,"mobile|simple|high|multi_person",0,1
259,"mobile|simple|high|multi_person",0,1
260,"mobile|simple|high|multi_person",0,1
261,"mobile|simple|high|multi_person",0,1
263,"mobile|simple|high|multi_person",0,1
264,"mobile|simple|high|multi_person",0,1
265,"mobile|simple|high|multi_person",0,1
266,"mobile|simple|high|multi_person",0,1
267,"mobile|simple|high|multi_person",0,1
268,"mobile|simple|high|multi_person",0,1
269,"mobile|simple|high|multi_person",0,1
270,"mobile|simple|high|multi_person",0,1
271,"mobile|simple|high|multi_person",0,1
272,"mobile|simple|high|multi_person",0,1
273,"mobile|simple|high|multi_person",0,1
274,"mobile|simple|high|multi_person",0,1
275,"mobile|simple|high|multi_person",0,1
276,"mobile|simple|high|multi_person",0,1
277,"mobile|simple|high|multi_person",0,1
279,"mobile|simple|high|multi_person",0,1
280,"mobile|simple|high|multi_person",0,1
281,"mobile|simple|high|multi_person",0,1
282,"mobile|simple|high|multi_person",0,1
283,"mobile|simple|high|multi_person",0,1
284,"mobile|simple|high|multi_person",0,1
285,"mobile|simple|high|multi_person",0,1
286,"mobile|simple|high|multi_person",0,1
287,"mobile|simple|high|multi_person",0,1
288,"mobile|simple|high|multi_person",0,1
289,"mobile|simple|high|multi_person",0,1
290,"mobile|simple|high|multi_person",0,1
291,"mobile|simple|high|multi_person",0,1
292,"mobile|simple|high|multi_person",0,1
293,"mobile|simple|high|multi_person",0,1
294,"mobile|simple|high|multi_person",0,1
295,"mobile|simple|high|multi_person",0,1
296,"mobile|simple|high|multi_person",0,1
297,"mobile|simple|high|multi_person",0,1
298,"mobile|simple|high|multi_person",0,1
299,"mobile|simple|high|multi_person",0,1
301,"mobile|simple|high|multi_person",0,1
302,"mobile|simple|high|multi_person",0,1
303,"mobile|simple|high|multi_person",0,1
304,"mobile|simple|high|multi_person",0,1
305,"mobile|simple|high|multi_person",0,1
306,"mobile|simple|high|multi_person",0,1
307,"mobile|simple|high|multi_person",0,1
308,"mobile|simple|high|multi_person",0,1
309,"mobile|simple|high|multi_person",0,1
310,"mobile|simple|high|multi_person",0,1
311,"mobile|simple|high|multi_person",0,1
312,"mobile|simple|high|multi_person",0,1
313,"mobile|simple|high|multi_person",0,1
314,"mobile|simple|high|multi_person",0,1
2,"web|simple|high|multi_person",0,1
3,"web|simple|high|multi_person",0,1
4,"web|simple|high|multi_person",0,1
5,"web|simple|high|multi_person",0,1
6,"web|simple|high|multi_person",0,1
7,"web|simple|high|multi_person",0,1
8,"web|simple|high|multi_person",0,1
9,"web|simple|high|multi_person",0,1
10,"web|simple|high|multi_person",0,1
11,"web|simple|high|multi_person",0,1
13,"web|simple|high|multi_person",0,1
14,"web|simple|high|multi_person",0,1
15,"web|simple|high|multi_person",0,1
16,"web|simple|high|multi_person",0,1
17,"web|simple|high|multi_person",0,1
18,"web|simple|high|multi_person",0,1
19,"web|simple|high|multi_person",0,1
20,"web|simple|high|multi_person",0,1
21,"web|simple|high|multi_person",0,1
22,"web|simple|high|multi_person",0,1
23,"web|simple|high|multi_person",0,1
24,"web|simple|high|multi_person",0,1
26,"web|simple|high|multi_person",0,1
27,"web|simple|high|multi_person",0,1
28,"web|simple|high|multi_person",0,1
29,"web|simple|high|multi_person",0,1
31,"web|simple|high|multi_person",0,1
32,"web|simple|high|multi_person",0,1
33,"web|simple|high|multi_person",0,1
35,"web|simple|high|multi_person",0,1
36,"web|simple|high|multi_person",0,1
37,"web|simple|high|multi_person",0,1
38,"web|simple|high|multi_person",0,1
39,"web|simple|high|multi_person",0,1
41,"web|simple|high|multi_person",0,1
42,"web|simple|high|multi_person",0,1
43,"web|simple|high|multi_person",0,1
44,"web|simple|high|multi_person",0,1
45,"web|simple|high|multi_person",0,1
46,"web|simple|high|multi_person",0,1
47,"web|simple|high|multi_person",0,1
48,"web|simple|high|multi_person",0,1
49,"web|simple|high|multi_person",0,1
50,"web|simple|high|multi_person",0,1
51,"web|simple|high|multi_person",0,1
52,"web|simple|high|multi_person",0,1
53,"web|simple|high|multi_person",0,1
54,"web|simple|high|multi_person",0,1
55,"web|simple|high|multi_person",0,1
56,"web|simple|high|multi_person",0,1
57,"web|simple|high|multi_person",0,1
58,"web|simple|high|multi_person",0,1
60,"web|simple|high|multi_person",0,1
61,"web|simple|high|multi_person",0,1
62,"web|simple|high|multi_person",0,1
63,"web|simple|high|multi_person",0,1
64,"web|simple|high|multi_person",0,1
65,"web|simple|high|multi_person",0,1
68,"web|simple|high|multi_person",0,1
69,"web|simple|high|multi_person",0,1
70,"web|simple|high|multi_person",0,1
71,"web|simple|high|multi_person",0,1
72,"web|simple|high|multi_person",0,1
73,"web|simple|high|multi_person",0,1
74,"web|simple|high|multi_person",0,1
75,"web|simple|high|multi_person",0,1
76,"web|simple|high|multi_person",0,1
77,"web|simple|high|multi_person",0,1
78,"web|simple|high|multi_person",0,1
79,"web|simple|high|multi_person",0,1
80,"web|simple|high|multi_person",0,1
81,"web|simple|high|multi_person",0,1
82,"web|simple|high|multi_person",0,1
83,"web|simple|high|multi_person",0,1
84,"web|simple|high|multi_person",0,1
86,"web|simple|high|multi_person",0,1
87,"web|simple|high|multi_person",0,1
88,"web|simple|high|multi_person",0,1
90,"web|simple|high|multi_person",0,1
91,"web|simple|high|multi_person",0,1
92,"web|simple|high|multi_person",0,1
93,"web|simple|high|multi_person",0,1
94,"web|simple|high|multi_person",0,1
95,"web|simple|high|multi_person",0,1
96,"web|simple|high|multi_person",0,1
97,"web|simple|high|multi_person",0,1
98,"web|simple|high|multi_person",0,1
99,"web|simple|high|multi_person",0,1
100,"web|simple|high|multi_person",0,1
101,"web|simple|high|multi_person",0,1
103,"web|simple|high|multi_person",0,1
104,"web|simple|high|multi_person",0,1
105,"web|simple|high|multi_person",0,1
106,"web|simple|high|multi_person",0,1
107,"web|simple|high|multi_person",0,1
108,"web|simple|high|multi_person",0,1
109,"web|simple|high|multi_person",0,1
110,"web|simple|high|multi_person",0,1
111,"web|simple|high|multi_person",0,1
112,"web|simple|high|multi_person",0,1
113,"web|simple|high|multi_person",0,1
114,"web|simple|high|multi_person",0,1
115,"web|simple|high|multi_person",0,1
116,"web|simple|high|multi_person",0,1
117,"web|simple|high|multi_person",0,1
118,"web|simple|high|multi_person",0,1
119,"web|simple|high|multi_person",0,1
120,"web|simple|high|multi_person",0,1
121,"web|simple|high|multi_person",0,1
122,"web|simple|high|multi_person",0,1
123,"web|simple|high|multi_person",0,1
124,"web|simple|high|multi_person",0,1
125,"web|simple|high|multi_person",0,1
126,"web|simple|high|multi_person",0,1
127,"web|simple|high|multi_person",0,1
128,"web|simple|high|multi_person",0,1
130,"web|simple|high|multi_person",0,1
131,"web|simple|high|multi_person",0,1
132,"web|simple|high|multi_person",0,1
133,"web|simple|high|multi_person",0,1
135,"web|simple|high|multi_person",0,1
136,"web|simple|high|multi_person",0,1
137,"web|simple|high|multi_person",0,1
138,"web|simple|high|multi_person",0,1
140,"web|simple|high|multi_person",0,1
141,"web|simple|high|multi_person",0,1
142,"web|simple|high|multi_person",0,1
143,"web|simple|high|multi_person",0,1
144,"web|simple|high|multi_person",0,1
145,"web|simple|high|multi_person",0,1
146,"web|simple|high|multi_person",0,1
147,"web|simple|high|multi_person",0,1
148,"web|simple|high|multi_person",0,1
149,"web|simple|high|multi_person",0,1
150,"web|simple|high|multi_person",0,1
151,"web|simple|high|multi_person",0,1
152,"web|simple|high|multi_person",0,1
153,"web|simple|high|multi_person",0,1
154,"web|simple|high|multi_person",0,1
155,"web|simple|high|multi_person",0,1
156,"web|simple|high|multi_person",0,1
157,"web|simple|high|multi_person",0,1
158,"web|simple|high|multi_person",0,1
159,"web|simple|high|multi_person",0,1
160,"web|simple|high|multi_person",0,1
162,"web|simple|high|multi_person",0,1
163,"web|simple|high|multi_person",0,1
164,"web|simple|high|multi_person",0,1
165,"web|simple|high|multi_person",0,1
166,"web|simple|high|multi_person",0,1
167,"web|simple|high|multi_person",0,1
168,"web|simple|high|multi_person",0,1
169,"web|simple|high|multi_person",0,1
170,"web|simple|high|multi_person",0,1
171,"web|simple|high|multi_person",0,1
172,"web|simple|high|multi_person",0,1
173,"web|simple|high|multi_person",0,1
174,"web|simple|high|multi_person",0,1
175,"web|simple|high|multi_person",0,1
176,"web|simple|high|multi_person",0,1
177,"web|simple|high|multi_person",0,1
178,"web|simple|high|multi_person",0,1
179,"web|simple|high|multi_person",0,1
180,"web|simple|high|multi_person",0,1
181,"web|simple|high|multi_person",0,1
183,"web|simple|high|multi_person",0,1
184,"web|simple|high|multi_person",0,1
186,"web|simple|high|multi_person",0,1
187,"web|simple|high|multi_person",0,1
188,"web|simple|high|multi_person",0,1
189,"web|simple|high|multi_person",0,1
190,"web|simple|high|multi_person",0,1
191,"web|simple|high|multi_person",0,1
192,"web|simple|high|multi_person",0,1
194,"web|simple|high|multi_person",0,1
195,"web|simple|high|multi_person",0,1
196,"web|simple|high|multi_person",0,1
197,"web|simple|high|multi_person",0,1
198,"web|simple|high|multi_person",0,1
199,"web|simple|high|multi_person",0,1
200,"web|simple|high|multi_person",0,1
201,"web|simple|high|multi_person",0,1
202,"web|simple|high|multi_person",0,1
203,"web|simple|high|multi_person",0,1
205,"web|simple|high|multi_person",0,1
206,"web|simple|high|multi_person",0,1
207,"web|simple|high|multi_person",0,1
208,"web|simple|high|multi_person",0,1
209,"web|simple|high|multi_person",0,1
210,"web|simple|high|multi_person",0,1
211,"web|simple|high|multi_person",0,1
212,"web|simple|high|multi_person",0,1
213,"web|simple|high|multi_person",0,1
214,"web|simple|high|multi_person",0,1
217,"web|simple|high|multi_person",0,1
219,"web|simple|high|multi_person",0,1
220,"web|simple|high|multi_person",0,1
221,"web|simple|high|multi_person",0,1
222,"web|simple|high|multi_person",0,1
223,"web|simple|high|multi_person",0,1
224,"web|simple|high|multi_person",0,1
225,"web|simple|high|multi_person",0,1
226,"web|simple|high|multi_person",0,1
227,"web|simple|high|multi_person",0,1
228,"web|simple|high|multi_person",0,1
230,"web|simple|high|multi_person",0,1
231,"web|simple|high|multi_person",0,1
232,"web|simple|high|multi_person",0,1
233,"web|simple|high|multi_person",0,1
234,"web|simple|high|multi_person",0,1
235,"web|simple|high|multi_person",0,1
236,"web|simple|high|multi_person",0,1
237,"web|simple|high|multi_person",0,1
238,"web|simple|high|multi_person",0,1
239,"web|simple|high|multi_person",0,1
240,"web|simple|high|multi_person",0,1
241,"web|simple|high|multi_person",0,1
242,"web|simple|high|multi_person",0,1
243,"web|simple|high|multi_person",0,1
245,"web|simple|high|multi_person",0,1
246,"web|simple|high|multi_person",0,1
247,"web|simple|high|multi_person",0,1
248,"web|simple|high|multi_person",0,1
249,"web|simple|high|multi_person",0,1
250,"web|simple|high|multi_person",0,1
251,"web|simple|high|multi_person",0,1
252,"web|simple|high|multi_person",0,1
253,"web|simple|high|multi_person",0,1
254,"web|simple|high|multi_person",0,1
256,"web|simple|high|multi_person",0,1
258,"web|simple|high|multi_person",0,1
259,"web|simple|high|multi_person",0,1
260,"web|simple|high|multi_person",0,1
261,"web|simple|high|multi_person",0,1
263,"web|simple|high|multi_person",0,1
264,"web|simple|high|multi_person",0,1
265,"web|simple|high|multi_person",0,1
266,"web|simple|high|multi_person",0,1
267,"web|simple|high|multi_person",0,1
268,"web|simple|high|multi_person",0,1
269,"web|simple|high|multi_person",0,1
270,"web|simple|high|multi_person",0,1
271,"web|simple|high|multi_person",0,1
272,"web|simple|high|multi_person",0,1
273,"web|simple|high|multi_person",0,1
274,"web|simple|high|multi_person",0,1
275,"web|simple|high|multi_person",0,1
276,"web|simple|high|multi_person",0,1
277,"web|simple|high|multi_person",0,1
279,"web|simple|high|multi_person",0,1
280,"web|simple|high|multi_person",0,1
281,"web|simple|high|multi_person",0,1
282,"web|simple|high|multi_person",0,1
283,"web|simple|high|multi_person",0,1
284,"web|simple|high|multi_person",0,1
285,"web|simple|high|multi_person",0,1
286,"web|simple|high|multi_person",0,1
287,"web|simple|high|multi_person",0,1
288,"web|simple|high|multi_person",0,1
289,"web|simple|high|multi_person",0,1
290,"web|simple|high|multi_person",0,1
291,"web|simple|high|multi_person",0,1
292,"web|simple|high|multi_person",0,1
293,"web|simple|high|multi_person",0,1
294,"web|simple|high|multi_person",0,1
295,"web|simple|high|multi_person",0,1
296,"web|simple|high|multi_person",0,1
297,"web|simple|high|multi_person",0,1
298,"web|simple|high|multi_person",0,1
299,"web|simple|high|multi_person",0,1
301,"web|simple|high|multi_person",0,1
302,"web|simple|high|multi_person",0,1
303,"web|simple|high|multi_person",0,1
304,"web|simple|high|multi_person",0,1
305,"web|simple|high|multi_person",0,1
306,"web|simple|high|multi_person",0,1
307,"web|simple|high|multi_person",0,1
308,"web|simple|high|multi_person",0,1
309,"web|simple|high|multi_person",0,1
310,"web|simple|high|multi_person",0,1
311,"web|simple|high|multi_person",0,1
312,"web|simple|high|multi_person",0,1
313,"web|simple|high|multi_person",0,1
314,"web|simple|high|multi_person",0,1
2,"mobile|two_factor|high|multi_person",0,1
3,"mobile|two_factor|high|multi_person",0,1
4,"mobile|two_factor|high|multi_person",0,1
5,"mobile|two_factor|high|multi_person",0,1
6,"mobile|two_factor|high|multi_person",0,1
7,"mobile|two_factor|high|multi_person",0,1
8,"mobile|two_factor|high|multi_person",0,1
9,"mobile|two_factor|high|multi_person",0,1
10,"mobile|two_factor|high|multi_person",0,1
11,"mobile|two_factor|high|multi_person",0,1
13,"mobile|two_factor|high|multi_person",0,1
14,"mobile|two_factor|high|multi_person",0,1
15,"mobile|two_factor|high|multi_person",0,1
16,"mobile|two_factor|high|multi_person",0,1
17,"mobile|two_factor|high|multi_person",0,1
18,"mobile|two_factor|high|multi_person",0,1
19,"mobile|two_factor|high|multi_person",0,1
20,"mobile|two_factor|high|multi_person",0,1
21,"mobile|two_factor|high|multi_person",0,1
22,"mobile|two_factor|high|multi_person",0,1
23,"mobile|two_factor|high|multi_person",0,1
24,"mobile|two_factor|high|multi_person",0,1
26,"mobile|two_factor|high|multi_person",0,1
27,"mobile|two_factor|high|multi_person",0,1
28,"mobile|two_factor|high|multi_person",0,1
29,"mobile|two_factor|high|multi_person",0,1
31,"mobile|two_factor|high|multi_person",0,1
32,"mobile|two_factor|high|multi_person",0,1
33,"mobile|two_factor|high|multi_person",0,1
35,"mobile|two_factor|high|multi_person",0,1
36,"mobile|two_factor|high|multi_person",0,1
37,"mobile|two_factor|high|multi_person",0,1
38,"mobile|two_factor|high|multi_person",0,1
39,"mobile|two_factor|high|multi_person",0,1
41,"mobile|two_factor|high|multi_person",0,1
42,"mobile|two_factor|high|multi_person",0,1
43,"mobile|two_factor|high|multi_person",0,1
44,"mobile|two_factor|high|multi_person",0,1
45,"mobile|two_factor|high|multi_person",0,1
46,"mobile|two_factor|high|multi_person",0,1
47,"mobile|two_factor|high|multi_person",0,1
48,"mobile|two_factor|high|multi_person",0,1
49,"mobile|two_factor|high|multi_person",0,1
50,"mobile|two_factor|high|multi_person",0,1
51,"mobile|two_factor|high|multi_person",0,1
52,"mobile|two_factor|high|multi_person",0,1
53,"mobile|two_factor|high|multi_person",0,1
54,"mobile|two_factor|high|multi_person",0,1
55,"mobile|two_factor|high|multi_person",0,1
56,"mobile|two_factor|high|multi_person",0,1
57,"mobile|two_factor|high|multi_person",0,1
58,"mobile|two_factor|high|multi_person",0,1
60,"mobile|two_factor|high|multi_person",0,1
61,"mobile|two_factor|high|multi_person",0,1
62,"mobile|two_factor|high|multi_person",0,1
63,"mobile|two_factor|high|multi_person",0,1
64,"mobile|two_factor|high|multi_person",0,1
65,"mobile|two_factor|high|multi_person",0,1
68,"mobile|two_factor|high|multi_person",0,1
69,"mobile|two_factor|high|multi_person",0,1
70,"mobile|two_factor|high|multi_person",0,1
71,"mobile|two_factor|high|multi_person",0,1
72,"mobile|two_factor|high|multi_person",0,1
73,"mobile|two_factor|high|multi_person",0,1
74,"mobile|two_factor|high|multi_person",0,1
75,"mobile|two_factor|high|multi_person",0,1
76,"mobile|two_factor|high|multi_person",0,1
77,"mobile|two_factor|high|multi_person",0,1
78,"mobile|two_factor|high|multi_person",0,1
79,"mobile|two_factor|high|multi_person",0,1
80,"mobile|two_factor|high|multi_person",0,1
81,"mobile|two_factor|high|multi_person",0,1
82,"mobile|two_factor|high|multi_person",0,1
83,"mobile|two_factor|high|multi_person",0,1
84,"mobile|two_factor|high|multi_person",0,1
86,"mobile|two_factor|high|multi_person",0,1
87,"mobile|two_factor|high|multi_person",0,1
88,"mobile|two_factor|high|multi_person",0,1
90,"mobile|two_factor|high|multi_person",0,1
91,"mobile|two_factor|high|multi_person",0,1
92,"mobile|two_factor|high|multi_person",0,1
93,"mobile|two_factor|high|multi_person",0,1
94,"mobile|two_factor|high|multi_person",0,1
95,"mobile|two_factor|high|multi_person",0,1
96,"mobile|two_factor|high|multi_person",0,1
97,"mobile|two_factor|high|multi_person",0,1
98,"mobile|two_factor|high|multi_person",0,1
99,"mobile|two_factor|high|multi_person",0,1
100,"mobile|two_factor|high|multi_person",0,1
101,"mobile|two_factor|high|multi_person",0,1
103,"mobile|two_factor|high|multi_person",0,1
104,"mobile|two_factor|high|multi_person",0,1
105,"mobile|two_factor|high|multi_person",0,1
106,"mobile|two_factor|high|multi_person",0,1
107,"mobile|two_factor|high|multi_person",0,1
108,"mobile|two_factor|high|multi_person",0,1
109,"mobile|two_factor|high|multi_person",0,1
110,"mobile|two_factor|high|multi_person",0,1
111,"mobile|two_factor|high|multi_person",0,1
112,"mobile|two_factor|high|multi_person",0,1
113,"mobile|two_factor|high|multi_person",0,1
114,"mobile|two_factor|high|multi_person",0,1
115,"mobile|two_factor|high|multi_person",0,1
116,"mobile|two_factor|high|multi_person",0,1
117,"mobile|two_factor|high|multi_person",0,1
118,"mobile|two_factor|high|multi_person",0,1
119,"mobile|two_factor|high|multi_person",0,1
120,"mobile|two_factor|high|multi_person",0,1
121,"mobile|two_factor|high|multi_person",0,1
122,"mobile|two_factor|high|multi_person",0,1
123,"mobile|two_factor|high|multi_person",0,1
124,"mobile|two_factor|high|multi_person",0,1
125,"mobile|two_factor|high|multi_person",0,1
126,"mobile|two_factor|high|multi_person",0,1
127,"mobile|two_factor|high|multi_person",0,1
128,"mobile|two_factor|high|multi_person",0,1
130,"mobile|two_factor|high|multi_person",0,1
131,"mobile|two_factor|high|multi_person",0,1
132,"mobile|two_factor|high|multi_person",0,1
133,"mobile|two_factor|high|multi_person",0,1
135,"mobile|two_factor|high|multi_person",0,1
136,"mobile|two_factor|high|multi_person",0,1
137,"mobile|two_factor|high|multi_person",0,1
138,"mobile|two_factor|high|multi_person",0,1
140,"mobile|two_factor|high|multi_person",0,1
141,"mobile|two_factor|high|multi_person",0,1
142,"mobile|two_factor|high|multi_person",0,1
143,"mobile|two_factor|high|multi_person",0,1
144,"mobile|two_factor|high|multi_person",0,1
145,"mobile|two_factor|high|multi_person",0,1
146,"mobile|two_factor|high|multi_person",0,1
147,"mobile|two_factor|high|multi_person",0,1
148,"mobile|two_factor|high|multi_person",0,1
149,"mobile|two_factor|high|multi_person",0,1
150,"mobile|two_factor|high|multi_person",0,1
151,"mobile|two_factor|high|multi_person",0,1
152,"mobile|two_factor|high|multi_person",0,1
153,"mobile|two_factor|high|multi_person",0,1
154,"mobile|two_factor|high|multi_person",0,1
155,"mobile|two_factor|high|multi_person",0,1
156,"mobile|two_factor|high|multi_person",0,1
157,"mobile|two_factor|high|multi_person",0,1
158,"mobile|two_factor|high|multi_person",0,1
159,"mobile|two_factor|high|multi_person",0,1
160,"mobile|two_factor|high|multi_person",0,1
162,"mobile|two_factor|high|multi_person",0,1
163,"mobile|two_factor|high|multi_person",0,1
164,"mobile|two_factor|high|multi_person",0,1
165,"mobile|two_factor|high|multi_person",0,1
166,"mobile|two_factor|high|multi_person",0,1
167,"mobile|two_factor|high|multi_person",0,1
168,"mobile|two_factor|high|multi_person",0,1
169,"mobile|two_factor|high|multi_person",0,1
170,"mobile|two_factor|high|multi_person",0,1
171,"mobile|two_factor|high|multi_person",0,1
172,"mobile|two_factor|high|multi_person",0,1
173,"mobile|two_factor|high|multi_person",0,1
174,"mobile|two_factor|high|multi_person",0,1
175,"mobile|two_factor|high|multi_person",0,1
176,"mobile|two_factor|high|multi_person",0,1
177,"mobile|two_factor|high|multi_person",0,1
178,"mobile|two_factor|high|multi_person",0,1
179,"mobile|two_factor|high|multi_person",0,1
180,"mobile|two_factor|high|multi_person",0,1
181,"mobile|two_factor|high|multi_person",0,1
183,"mobile|two_factor|high|multi_person",0,1
184,"mobile|two_factor|high|multi_person",0,1
186,"mobile|two_factor|high|multi_person",0,1
187,"mobile|two_factor|high|multi_person",0,1
188,"mobile|two_factor|high|multi_person",0,1
189,"mobile|two_factor|high|multi_person",0,1
190,"mobile|two_factor|high|multi_person",0,1
191,"mobile|two_factor|high|multi_person",0,1
192,"mobile|two_factor|high|multi_person",0,1
194,"mobile|two_factor|high|multi_person",0,1
195,"mobile|two_factor|high|multi_person",0,1
196,"mobile|two_factor|high|multi_person",0,1
197,"mobile|two_factor|high|multi_person",0,1
198,"mobile|two_factor|high|multi_person",0,1
199,"mobile|two_factor|high|multi_person",0,1
200,"mobile|two_factor|high|multi_person",0,1
201,"mobile|two_factor|high|multi_person",0,1
202,"mobile|two_factor|high|multi_person",0,1
203,"mobile|two_factor|high|multi_person",0,1
205,"mobile|two_factor|high|multi_person",0,1
206,"mobile|two_factor|high|multi_person",0,1
207,"mobile|two_factor|high|multi_person",0,1
208,"mobile|two_factor|high|multi_person",0,1
209,"mobile|two_factor|high|multi_person",0,1
210,"mobile|two_factor|high|multi_person",0,1
211,"mobile|two_factor|high|multi_person",0,1
212,"mobile|two_factor|high|multi_person",0,1
213,"mobile|two_factor|high|multi_person",0,1
214,"mobile|two_factor|high|multi_person",0,1
217,"mobile|two_factor|high|multi_person",0,1
219,"mobile|two_factor|high|multi_person",0,1
220,"mobile|two_factor|high|multi_person",0,1
221,"mobile|two_factor|high|multi_person",0,1
222,"mobile|two_factor|high|multi_person",0,1
223,"mobile|two_factor|high|multi_person",0,1
224,"mobile|two_factor|high|multi_person",0,1
225,"mobile|two_factor|high|multi_person",0,1
226,"mobile|two_factor|high|multi_person",0,1
227,"mobile|two_factor|high|multi_person",0,1
228,"mobile|two_factor|high|multi_person",0,1
230,"mobile|two_factor|high|multi_person",0,1
231,"mobile|two_factor|high|multi_person",0,1
232,"mobile|two_factor|high|multi_person",0,1
233,"mobile|two_factor|high|multi_person",0,1
234,"mobile|two_factor|high|multi_person",0,1
235,"mobile|two_factor|high|multi_person",0,1
236,"mobile|two_factor|high|multi_person",0,1
237,"mobile|two_factor|high|multi_person",0,1
238,"mobile|two_factor|high|multi_person",0,1
239,"mobile|two_factor|high|multi_person",0,1
240,"mobile|two_factor|high|multi_person",0,1
241,"mobile|two_factor|high|multi_person",0,1
242,"mobile|two_factor|high|multi_person",0,1
243,"mobile|two_factor|high|multi_person",0,1
245,"mobile|two_factor|high|multi_person",0,1
246,"mobile|two_factor|high|multi_person",0,1
247,"mobile|two_factor|high|multi_person",0,1
248,"mobile|two_factor|high|multi_person",0,1
249,"mobile|two_factor|high|multi_person",0,1
250,"mobile|two_factor|high|multi_person",0,1
251,"mobile|two_factor|high|multi_person",0,1
252,"mobile|two_factor|high|multi_person",0,1
253,"mobile|two_factor|high|multi_person",0,1
254,"mobile|two_factor|high|multi_person",0,1
256,"mobile|two_factor|high|multi_person",0,1
258,"mobile|two_factor|high|multi_person",0,1
259,"mobile|two_factor|high|multi_person",0,1
260,"mobile|two_factor|high|multi_person",0,1
261,"mobile|two_factor|high|multi_person",0,1
263,"mobile|two_factor|high|multi_person",0,1
264,"mobile|two_factor|high|multi_person",0,1
265,"mobile|two_factor|high|multi_person",0,1
266,"mobile|two_factor|high|multi_person",0,1
267,"mobile|two_factor|high|multi_person",0,1
268,"mobile|two_factor|high|multi_person",0,1
269,"mobile|two_factor|high|multi_person",0,1
270,"mobile|two_factor|high|multi_person",0,1
271,"mobile|two_factor|high|multi_person",0,1
272,"mobile|two_factor|high|multi_person",0,1
273,"mobile|two_factor|high|multi_person",0,1
274,"mobile|two_factor|high|multi_person",0,1
275,"mobile|two_factor|high|multi_person",0,1
276,"mobile|two_factor|high|multi_person",0,1
277,"mobile|two_factor|high|multi_person",0,1
279,"mobile|two_factor|high|multi_person",0,1
280,"mobile|two_factor|high|multi_person",0,1
281,"mobile|two_factor|high|multi_person",0,1
282,"mobile|two_factor|high|multi_person",0,1
283,"mobile|two_factor|high|multi_person",0,1
284,"mobile|two_factor|high|multi_person",0,1
285,"mobile|two_factor|high|multi_person",0,1
286,"mobile|two_factor|high|multi_person",0,1
287,"mobile|two_factor|high|multi_person",0,1
288,"mobile|two_factor|high|multi_person",0,1
289,"mobile|two_factor|high|multi_person",0,1
290,"mobile|two_factor|high|multi_person",0,1
291,"mobile|two_factor|high|multi_person",0,1
292,"mobile|two_factor|high|multi_person",0,1
293,"mobile|two_factor|high|multi_person",0,1
294,"mobile|two_factor|high|multi_person",0,1
295,"mobile|two_factor|high|multi_person",0,1
296,"mobile|two_factor|high|multi_person",0,1
297,"mobile|two_factor|high|multi_person",0,1
298,"mobile|two_factor|high|multi_person",0,1
299,"mobile|two_factor|high|multi_person",0,1
301,"mobile|two_factor|high|multi_person",0,1
302,"mobile|two_factor|high|multi_person",0,1
303,"mobile|two_factor|high|multi_person",0,1
304,"mobile|two_factor|high|multi_person",0,1
305,"mobile|two_factor|high|multi_person",0,1
306,"mobile|two_factor|high|multi_person",0,1
307,"mobile|two_factor|high|multi_person",0,1
308,"mobile|two_factor|high|multi_person",0,1
309,"mobile|two_factor|high|multi_person",0,1
310,"mobile|two_factor|high|multi_person",0,1
311,"mobile|two_factor|high|multi_person",0,1
312,"mobile|two_factor|high|multi_person",0,1
313,"mobile|two_factor|high|multi_person",0,1
314,"mobile|two_factor|high|multi_person",0,1
2,"mobile|multi_factor|high|multi_person",0,1
3,"mobile|multi_factor|high|multi_person",0,1
4,"mobile|multi_factor|high|multi_person",0,1
5,"mobile|multi_factor|high|multi_person",0,1
6,"mobile|multi_factor|high|multi_person",0,1
7,"mobile|multi_factor|high|multi_person",0,1
8,"mobile|multi_factor|high|multi_person",0,1
9,"mobile|multi_factor|high|multi_person",0,1
10,"mobile|multi_factor|high|multi_person",0,1
11,"mobile|multi_factor|high|multi_person",0,1
13,"mobile|multi_factor|high|multi_person",0,1
14,"mobile|multi_factor|high|multi_person",0,1
15,"mobile|multi_factor|high|multi_person",0,1
16,"mobile|multi_factor|high|multi_person",0,1
17,"mobile|multi_factor|high|multi_person",0,1
18,"mobile|multi_factor|high|multi_person",0,1
19,"mobile|multi_factor|high|multi_person",0,1
20,"mobile|multi_factor|high|multi_person",0,1
21,"mobile|multi_factor|high|multi_person",0,1
22,"mobile|multi_factor|high|multi_person",0,1
23,"mobile|multi_factor|high|multi_person",0,1
24,"mobile|multi_factor|high|multi_person",0,1
26,"mobile|multi_factor|high|multi_person",0,1
27,"mobile|multi_factor|high|multi_person",0,1
28,"mobile|multi_factor|high|multi_person",0,1
29,"mobile|multi_factor|high|multi_person",0,1
31,"mobile|multi_factor|high|multi_person",0,1
32,"mobile|multi_factor|high|multi_person",0,1
33,"mobile|multi_factor|high|multi_person",0,1
35,"mobile|multi_factor|high|multi_person",0,1
36,"mobile|multi_factor|high|multi_person",0,1
37,"mobile|multi_factor|high|multi_person",0,1
38,"mobile|multi_factor|high|multi_person",0,1
39,"mobile|multi_factor|high|multi_person",0,1
41,"mobile|multi_factor|high|multi_person",0,1
42,"mobile|multi_factor|high|multi_person",0,1
43,"mobile|multi_factor|high|multi_person",0,1
44,"mobile|multi_factor|high|multi_person",0,1
45,"mobile|multi_factor|high|multi_person",0,1
46,"mobile|multi_factor|high|multi_person",0,1
47,"mobile|multi_factor|high|multi_person",0,1
48,"mobile|multi_factor|high|multi_person",0,1
49,"mobile|multi_factor|high|multi_person",0,1
50,"mobile|multi_factor|high|multi_person",0,1
51,"mobile|multi_factor|high|multi_person",0,1
52,"mobile|multi_factor|high|multi_person",0,1
53,"mobile|multi_factor|high|multi_person",0,1
54,"mobile|multi_factor|high|multi_person",0,1
55,"mobile|multi_factor|high|multi_person",0,1
56,"mobile|multi_factor|high|multi_person",0,1
57,"mobile|multi_factor|high|multi_person",0,1
58,"mobile|multi_factor|high|multi_person",0,1
60,"mobile|multi_factor|high|multi_person",0,1
61,"mobile|multi_factor|high|multi_person",0,1
62,"mobile|multi_factor|high|multi_person",0,1
63,"mobile|multi_factor|high|multi_person",0,1
64,"mobile|multi_factor|high|multi_person",0,1
65,"mobile|multi_factor|high|multi_person",0,1
68,"mobile|multi_factor|high|multi_person",0,1
69,"mobile|multi_factor|high|multi_person",0,1
70,"mobile|multi_factor|high|multi_person",0,1
71,"mobile|multi_factor|high|multi_person",0,1
72,"mobile|multi_factor|high|multi_person",0,1
73,"mobile|multi_factor|high|multi_person",0,1
74,"mobile|multi_factor|high|multi_person",0,1
75,"mobile|multi_factor|high|multi_person",0,1
76,"mobile|multi_factor|high|multi_person",0,1
77,"mobile|multi_factor|high|multi_person",0,1
78,"mobile|multi_factor|high|multi_person",0,1
79,"mobile|multi_factor|high|multi_person",0,1
80,"mobile|multi_factor|high|multi_person",0,1
81,"mobile|multi_factor|high|multi_person",0,1
82,"mobile|multi_factor|high|multi_person",0,1
83,"mobile|multi_factor|high|multi_person",0,1
84,"mobile|multi_factor|high|multi_person",0,1
86,"mobile|multi_factor|high|multi_person",0,1
87,"mobile|multi_factor|high|multi_person",0,1
88,"mobile|multi_factor|high|multi_person",0,1
90,"mobile|multi_factor|high|multi_person",0,1
91,"mobile|multi_factor|high|multi_person",0,1
92,"mobile|multi_factor|high|multi_person",0,1
93,"mobile|multi_factor|high|multi_person",0,1
94,"mobile|multi_factor|high|multi_person",0,1
95,"mobile|multi_factor|high|multi_person",0,1
96,"mobile|multi_factor|high|multi_person",0,1
97,"mobile|multi_factor|high|multi_person",0,1
98,"mobile|multi_factor|high|multi_person",0,1
99,"mobile|multi_factor|high|multi_person",0,1
100,"mobile|multi_factor|high|multi_person",0,1
101,"mobile|multi_factor|high|multi_person",0,1
103,"mobile|multi_factor|high|multi_person",0,1
104,"mobile|multi_factor|high|multi_person",0,1
105,"mobile|multi_factor|high|multi_person",0,1
106,"mobile|multi_factor|high|multi_person",0,1
107,"mobile|multi_factor|high|multi_person",0,1
108,"mobile|multi_factor|high|multi_person",0,1
109,"mobile|multi_factor|high|multi_person",0,1
110,"mobile|multi_factor|high|multi_person",0,1
111,"mobile|multi_factor|high|multi_person",0,1
112,"mobile|multi_factor|high|multi_person",0,1
113,"mobile|multi_factor|high|multi_person",0,1
114,"mobile|multi_factor|high|multi_person",0,1
115,"mobile|multi_factor|high|multi_person",0,1
116,"mobile|multi_factor|high|multi_person",0,1
117,"mobile|multi_factor|high|multi_person",0,1
118,"mobile|multi_factor|high|multi_person",0,1
119,"mobile|multi_factor|high|multi_person",0,1
120,"mobile|multi_factor|high|multi_person",0,1
121,"mobile|multi_factor|high|multi_person",0,1
122,"mobile|multi_factor|high|multi_person",0,1
123,"mobile|multi_factor|high|multi_person",0,1
124,"mobile|multi_factor|high|multi_person",0,1
125,"mobile|multi_factor|high|multi_person",0,1
126,"mobile|multi_factor|high|multi_person",0,1
127,"mobile|multi_factor|high|multi_person",0,1
128,"mobile|multi_factor|high|multi_person",0,1
130,"mobile|multi_factor|high|multi_person",0,1
131,"mobile|multi_factor|high|multi_person",0,1
132,"mobile|multi_factor|high|multi_person",0,1
133,"mobile|multi_factor|high|multi_person",0,1
135,"mobile|multi_factor|high|multi_person",0,1
136,"mobile|multi_factor|high|multi_person",0,1
137,"mobile|multi_factor|high|multi_person",0,1
138,"mobile|multi_factor|high|multi_person",0,1
140,"mobile|multi_factor|high|multi_person",0,1
141,"mobile|multi_factor|high|multi_person",0,1
142,"mobile|multi_factor|high|multi_person",0,1
143,"mobile|multi_factor|high|multi_person",0,1
144,"mobile|multi_factor|high|multi_person",0,1
145,"mobile|multi_factor|high|multi_person",0,1
146,"mobile|multi_factor|high|multi_person",0,1
147,"mobile|multi_factor|high|multi_person",0,1
148,"mobile|multi_factor|high|multi_person",0,1
149,"mobile|multi_factor|high|multi_person",0,1
150,"mobile|multi_factor|high|multi_person",0,1
151,"mobile|multi_factor|high|multi_person",0,1
152,"mobile|multi_factor|high|multi_person",0,1
153,"mobile|multi_factor|high|multi_person",0,1
154,"mobile|multi_factor|high|multi_person",0,1
155,"mobile|multi_factor|high|multi_person",0,1
156,"mobile|multi_factor|high|multi_person",0,1
157,"mobile|multi_factor|high|multi_person",0,1
158,"mobile|multi_factor|high|multi_person",0,1
159,"mobile|multi_factor|high|multi_person",0,1
160,"mobile|multi_factor|high|multi_person",0,1
162,"mobile|multi_factor|high|multi_person",0,1
163,"mobile|multi_factor|high|multi_person",0,1
164,"mobile|multi_factor|high|multi_person",0,1
165,"mobile|multi_factor|high|multi_person",0,1
166,"mobile|multi_factor|high|multi_person",0,1
167,"mobile|multi_factor|high|multi_person",0,1
168,"mobile|multi_factor|high|multi_person",0,1
169,"mobile|multi_factor|high|multi_person",0,1
170,"mobile|multi_factor|high|multi_person",0,1
171,"mobile|multi_factor|high|multi_person",0,1
172,"mobile|multi_factor|high|multi_person",0,1
173,"mobile|multi_factor|high|multi_person",0,1
174,"mobile|multi_factor|high|multi_person",0,1
175,"mobile|multi_factor|high|multi_person",0,1
176,"mobile|multi_factor|high|multi_person",0,1
177,"mobile|multi_factor|high|multi_person",0,1
178,"mobile|multi_factor|high|multi_person",0,1
179,"mobile|multi_factor|high|multi_person",0,1
180,"mobile|multi_factor|high|multi_person",0,1
181,"mobile|multi_factor|high|multi_person",0,1
183,"mobile|multi_factor|high|multi_person",0,1
184,"mobile|multi_factor|high|multi_person",0,1
186,"mobile|multi_factor|high|multi_person",0,1
187,"mobile|multi_factor|high|multi_person",0,1
188,"mobile|multi_factor|high|multi_person",0,1
189,"mobile|multi_factor|high|multi_person",0,1
190,"mobile|multi_factor|high|multi_person",0,1
191,"mobile|multi_factor|high|multi_person",0,1
192,"mobile|multi_factor|high|multi_person",0,1
194,"mobile|multi_factor|high|multi_person",0,1
195,"mobile|multi_factor|high|multi_person",0,1
196,"mobile|multi_factor|high|multi_person",0,1
197,"mobile|multi_factor|high|multi_person",0,1
198,"mobile|multi_factor|high|multi_person",0,1
199,"mobile|multi_factor|high|multi_person",0,1
200,"mobile|multi_factor|high|multi_person",0,1
201,"mobile|multi_factor|high|multi_person",0,1
202,"mobile|multi_factor|high|multi_person",0,1
203,"mobile|multi_factor|high|multi_person",0,1
205,"mobile|multi_factor|high|multi_person",0,1
206,"mobile|multi_factor|high|multi_person",0,1
207,"mobile|multi_factor|high|multi_person",0,1
208,"mobile|multi_factor|high|multi_person",0,1
209,"mobile|multi_factor|high|multi_person",0,1
210,"mobile|multi_factor|high|multi_person",0,1
211,"mobile|multi_factor|high|multi_person",0,1
212,"mobile|multi_factor|high|multi_person",0,1
213,"mobile|multi_factor|high|multi_person",0,1
214,"mobile|multi_factor|high|multi_person",0,1
217,"mobile|multi_factor|high|multi_person",0,1
219,"mobile|multi_factor|high|multi_person",0,1
220,"mobile|multi_factor|high|multi_person",0,1
221,"mobile|multi_factor|high|multi_person",0,1
222,"mobile|multi_factor|high|multi_person",0,1
223,"mobile|multi_factor|high|multi_person",0,1
224,"mobile|multi_factor|high|multi_person",0,1
225,"mobile|multi_factor|high|multi_person",0,1
226,"mobile|multi_factor|high|multi_person",0,1
227,"mobile|multi_factor|high|multi_person",0,1
228,"mobile|multi_factor|high|multi_person",0,1
230,"mobile|multi_factor|high|multi_person",0,1
231,"mobile|multi_factor|high|multi_person",0,1
232,"mobile|multi_factor|high|multi_person",0,1
233,"mobile|multi_factor|high|multi_person",0,1
234,"mobile|multi_factor|high|multi_person",0,1
235,"mobile|multi_factor|high|multi_person",0,1
236,"mobile|multi_factor|high|multi_person",0,1
237,"mobile|multi_factor|high|multi_person",0,1
238,"mobile|multi_factor|high|multi_person",0,1
239,"mobile|multi_factor|high|multi_person",0,1
240,"mobile|multi_factor|high|multi_person",0,1
241,"mobile|multi_factor|high|multi_person",0,1
242,"mobile|multi_factor|high|multi_person",0,1
243,"mobile|multi_factor|high|multi_person",0,1
245,"mobile|multi_factor|high|multi_person",0,1
246,"mobile|multi_factor|high|multi_person",0,1
247,"mobile|multi_factor|high|multi_person",0,1
248,"mobile|multi_factor|high|multi_person",0,1
249,"mobile|multi_factor|high|multi_person",0,1
250,"mobile|multi_factor|high|multi_person",0,1
251,"mobile|multi_factor|high|multi_person",0,1
252,"mobile|multi_factor|high|multi_person",0,1
253,"mobile|multi_factor|high|multi_person",0,1
254,"mobile|multi_factor|high|multi_person",0,1
256,"mobile|multi_factor|high|multi_person",0,1
258,"mobile|multi_factor|high|multi_person",0,1
259,"mobile|multi_factor|high|multi_person",0,1
260,"mobile|multi_factor|high|multi_person",0,1
261,"mobile|multi_factor|high|multi_person",0,1
263,"mobile|multi_factor|high|multi_person",0,1
264,"mobile|multi_factor|high|multi_person",0,1
265,"mobile|multi_factor|high|multi_person",0,1
266,"mobile|multi_factor|high|multi_person",0,1
267,"mobile|multi_factor|high|multi_person",0,1
268,"mobile|multi_factor|high|multi_person",0,1
269,"mobile|multi_factor|high|multi_person",0,1
270,"mobile|multi_factor|high|multi_person",0,1
271,"mobile|multi_factor|high|multi_person",0,1
272,"mobile|multi_factor|high|multi_person",0,1
273,"mobile|multi_factor|high|multi_person",0,1
274,"mobile|multi_factor|high|multi_person",0,1
275,"mobile|multi_factor|high|multi_person",0,1
276,"mobile|multi_factor|high|multi_person",0,1
277,"mobile|multi_factor|high|multi_person",0,1
279,"mobile|multi_factor|high|multi_person",0,1
280,"mobile|multi_factor|high|multi_person",0,1
281,"mobile|multi_factor|high|multi_person",0,1
282,"mobile|multi_factor|high|multi_person",0,1
283,"mobile|multi_factor|high|multi_person",0,1
284,"mobile|multi_factor|high|multi_person",0,1
285,"mobile|multi_factor|high|multi_person",0,1
286,"mobile|multi_factor|high|multi_person",0,1
287,"mobile|multi_factor|high|multi_person",0,1
288,"mobile|multi_factor|high|multi_person",0,1
289,"mobile|multi_factor|high|multi_person",0,1
290,"mobile|multi_factor|high|multi_person",0,1
291,"mobile|multi_factor|high|multi_person",0,1
292,"mobile|multi_factor|high|multi_person",0,1
293,"mobile|multi_factor|high|multi_person",0,1
294,"mobile|multi_factor|high|multi_person",0,1
295,"mobile|multi_factor|high|multi_person",0,1
296,"mobile|multi_factor|high|multi_person",0,1
297,"mobile|multi_factor|high|multi_person",0,1
298,"mobile|multi_factor|high|multi_person",0,1
299,"mobile|multi_factor|high|multi_person",0,1
301,"mobile|multi_factor|high|multi_person",0,1
302,"mobile|multi_factor|high|multi_person",0,1
303,"mobile|multi_factor|high|multi_person",0,1
304,"mobile|multi_factor|high|multi_person",0,1
305,"mobile|multi_factor|high|multi_person",0,1
306,"mobile|multi_factor|high|multi_person",0,1
307,"mobile|multi_factor|high|multi_person",0,1
308,"mobile|multi_factor|high|multi_person",0,1
309,"mobile|multi_factor|high|multi_person",0,1
310,"mobile|multi_factor|high|multi_person",0,1
311,"mobile|multi_factor|high|multi_person",0,1
312,"mobile|multi_factor|high|multi_person",0,1
313,"mobile|multi_factor|high|multi_person",0,1
314,"mobile|multi_factor|high|multi_person",0,1
2,"mobile|simple|low|one_to_one",0,1
3,"mobile|simple|low|one_to_one",0,1
4,"mobile|simple|low|one_to_one",0,1
5,"mobile|simple|low|one_to_one",0,1
6,"mobile|simple|low|one_to_one",0,1
7,"mobile|simple|low|one_to_one",0,1
8,"mobile|simple|low|one_to_one",0,1
9,"mobile|simple|low|one_to_one",0,1
10,"mobile|simple|low|one_to_one",0,1
11,"mobile|simple|low|one_to_one",0,1
13,"mobile|simple|low|one_to_one",0,1
14,"mobile|simple|low|one_to_one",0,1
15,"mobile|simple|low|one_to_one",0,1
16,"mobile|simple|low|one_to_one",0,1
17,"mobile|simple|low|one_to_one",0,1
18,"mobile|simple|low|one_to_one",0,1
19,"mobile|simple|low|one_to_one",0,1
20,"mobile|simple|low|one_to_one",0,1
21,"mobile|simple|low|one_to_one",0,1
22,"mobile|simple|low|one_to_one",0,1
23,"mobile|simple|low|one_to_one",0,1
24,"mobile|simple|low|one_to_one",0,1
26,"mobile|simple|low|one_to_one",0,1
27,"mobile|simple|low|one_to_one",0,1
28,"mobile|simple|low|one_to_one",0,1
29,"mobile|simple|low|one_to_one",0,1
31,"mobile|simple|low|one_to_one",0,1
32,"mobile|simple|low|one_to_one",0,1
33,"mobile|simple|low|one_to_one",0,1
35,"mobile|simple|low|one_to_one",0,1
36,"mobile|simple|low|one_to_one",0,1
37,"mobile|simple|low|one_to_one",0,1
38,"mobile|simple|low|one_to_one",0,1
39,"mobile|simple|low|one_to_one",0,1
41,"mobile|simple|low|one_to_one",0,1
42,"mobile|simple|low|one_to_one",0,1
43,"mobile|simple|low|one_to_one",0,1
44,"mobile|simple|low|one_to_one",0,1
45,"mobile|simple|low|one_to_one",0,1
46,"mobile|simple|low|one_to_one",0,1
47,"mobile|simple|low|one_to_one",0,1
48,"mobile|simple|low|one_to_one",0,1
49,"mobile|simple|low|one_to_one",0,1
50,"mobile|simple|low|one_to_one",0,1
51,"mobile|simple|low|one_to_one",0,1
52,"mobile|simple|low|one_to_one",0,1
53,"mobile|simple|low|one_to_one",0,1
54,"mobile|simple|low|one_to_one",0,1
55,"mobile|simple|low|one_to_one",0,1
56,"mobile|simple|low|one_to_one",0,1
57,"mobile|simple|low|one_to_one",0,1
58,"mobile|simple|low|one_to_one",0,1
60,"mobile|simple|low|one_to_one",0,1
61,"mobile|simple|low|one_to_one",0,1
62,"mobile|simple|low|one_to_one",0,1
63,"mobile|simple|low|one_to_one",0,1
64,"mobile|simple|low|one_to_one",0,1
65,"mobile|simple|low|one_to_one",0,1
68,"mobile|simple|low|one_to_one",0,1
69,"mobile|simple|low|one_to_one",0,1
70,"mobile|simple|low|one_to_one",0,1
71,"mobile|simple|low|one_to_one",0,1
72,"mobile|simple|low|one_to_one",0,1
73,"mobile|simple|low|one_to_one",0,1
74,"mobile|simple|low|one_to_one",0,1
75,"mobile|simple|low|one_to_one",0,1
76,"mobile|simple|low|one_to_one",0,1
77,"mobile|simple|low|one_to_one",0,1
78,"mobile|simple|low|one_to_one",0,1
79,"mobile|simple|low|one_to_one",0,1
80,"mobile|simple|low|one_to_one",0,1
81,"mobile|simple|low|one_to_one",0,1
82,"mobile|simple|low|one_to_one",0,1
83,"mobile|simple|low|one_to_one",0,1
84,"mobile|simple|low|one_to_one",0,1
86,"mobile|simple|low|one_to_one",0,1
87,"mobile|simple|low|one_to_one",0,1
88,"mobile|simple|low|one_to_one",0,1
90,"mobile|simple|low|one_to_one",0,1
91,"mobile|simple|low|one_to_one",0,1
92,"mobile|simple|low|one_to_one",0,1
93,"mobile|simple|low|one_to_one",0,1
94,"mobile|simple|low|one_to_one",0,1
95,"mobile|simple|low|one_to_one",0,1
96,"mobile|simple|low|one_to_one",0,1
97,"mobile|simple|low|one_to_one",0,1
98,"mobile|simple|low|one_to_one",0,1
99,"mobile|simple|low|one_to_one",0,1
100,"mobile|simple|low|one_to_one",0,1
101,"mobile|simple|low|one_to_one",0,1
103,"mobile|simple|low|one_to_one",0,1
104,"mobile|simple|low|one_to_one",0,1
105,"mobile|simple|low|one_to_one",0,1
106,"mobile|simple|low|one_to_one",0,1
107,"mobile|simple|low|one_to_one",0,1
108,"mobile|simple|low|one_to_one",0,1
109,"mobile|simple|low|one_to_one",0,1
110,"mobile|simple|low|one_to_one",0,1
111,"mobile|simple|low|one_to_one",0,1
112,"mobile|simple|low|one_to_one",0,1
113,"mobile|simple|low|one_to_one",0,1
114,"mobile|simple|low|one_to_one",0,1
115,"mobile|simple|low|one_to_one",0,1
116,"mobile|simple|low|one_to_one",0,1
117,"mobile|simple|low|one_to_one",0,1
118,"mobile|simple|low|one_to_one",0,1
119,"mobile|simple|low|one_to_one",0,1
120,"mobile|simple|low|one_to_one",0,1
121,"mobile|simple|low|one_to_one",0,1
122,"mobile|simple|low|one_to_one",0,1
123,"mobile|simple|low|one_to_one",0,1
124,"mobile|simple|low|one_to_one",0,1
125,"mobile|simple|low|one_to_one",0,1
126,"mobile|simple|low|one_to_one",0,1
127,"mobile|simple|low|one_to_one",0,1
128,"mobile|simple|low|one_to_one",0,1
130,"mobile|simple|low|one_to_one",0,1
131,"mobile|simple|low|one_to_one",0,1
132,"mobile|simple|low|one_to_one",0,1
133,"mobile|simple|low|one_to_one",0,1
135,"mobile|simple|low|one_to_one",0,1
136,"mobile|simple|low|one_to_one",0,1
137,"mobile|simple|low|one_to_one",0,1
138,"mobile|simple|low|one_to_one",0,1
140,"mobile|simple|low|one_to_one",0,1
141,"mobile|simple|low|one_to_one",0,1
142,"mobile|simple|low|one_to_one",0,1
143,"mobile|simple|low|one_to_one",0,1
144,"mobile|simple|low|one_to_one",0,1
145,"mobile|simple|low|one_to_one",0,1
146,"mobile|simple|low|one_to_one",0,1
147,"mobile|simple|low|one_to_one",0,1
148,"mobile|simple|low|one_to_one",0,1
149,"mobile|simple|low|one_to_one",0,1
150,"mobile|simple|low|one_to_one",0,1
151,"mobile|simple|low|one_to_one",0,1
152,"mobile|simple|low|one_to_one",0,1
153,"mobile|simple|low|one_to_one",0,1
154,"mobile|simple|low|one_to_one",0,1
155,"mobile|simple|low|one_to_one",0,1
156,"mobile|simple|low|one_to_one",0,1
157,"mobile|simple|low|one_to_one",0,1
158,"mobile|simple|low|one_to_one",0,1
159,"mobile|simple|low|one_to_one",0,1
160,"mobile|simple|low|one_to_one",0,1
162,"mobile|simple|low|one_to_one",0,1
163,"mobile|simple|low|one_to_one",0,1
164,"mobile|simple|low|one_to_one",0,1
165,"mobile|simple|low|one_to_one",0,1
166,"mobile|simple|low|one_to_one",0,1
167,"mobile|simple|low|one_to_one",0,1
168,"mobile|simple|low|one_to_one",0,1
169,"mobile|simple|low|one_to_one",0,1
170,"mobile|simple|low|one_to_one",0,1
171,"mobile|simple|low|one_to_one",0,1
172,"mobile|simple|low|one_to_one",0,1
173,"mobile|simple|low|one_to_one",0,1
174,"mobile|simple|low|one_to_one",0,1
175,"mobile|simple|low|one_to_one",0,1
176,"mobile|simple|low|one_to_one",0,1
177,"mobile|simple|low|one_to_one",0,1
178,"mobile|simple|low|one_to_one",0,1
179,"mobile|simple|low|one_to_one",0,1
180,"mobile|simple|low|one_to_one",0,1
181,"mobile|simple|low|one_to_one",0,1
183,"mobile|simple|low|one_to_one",0,1
184,"mobile|simple|low|one_to_one",0,1
186,"mobile|simple|low|one_to_one",0,1
187,"mobile|simple|low|one_to_one",0,1
188,"mobile|simple|low|one_to_one",0,1
189,"mobile|simple|low|one_to_one",0,1
190,"mobile|simple|low|one_to_one",0,1
191,"mobile|simple|low|one_to_one",0,1
192,"mobile|simple|low|one_to_one",0,1
194,"mobile|simple|low|one_to_one",0,1
195,"mobile|simple|low|one_to_one",0,1
196,"mobile|simple|low|one_to_one",0,1
197,"mobile|simple|low|one_to_one",0,1
198,"mobile|simple|low|one_to_one",0,1
199,"mobile|simple|low|one_to_one",0,1
200,"mobile|simple|low|one_to_one",0,1
201,"mobile|simple|low|one_to_one",0,1
202,"mobile|simple|low|one_to_one",0,1
203,"mobile|simple|low|one_to_one",0,1
205,"mobile|simple|low|one_to_one",0,1
206,"mobile|simple|low|one_to_one",0,1
207,"mobile|simple|low|one_to_one",0,1
208,"mobile|simple|low|one_to_one",0,1
209,"mobile|simple|low|one_to_one",0,1
210,"mobile|simple|low|one_to_one",0,1
211,"mobile|simple|low|one_to_one",0,1
212,"mobile|simple|low|one_to_one",0,1
213,"mobile|simple|low|one_to_one",0,1
214,"mobile|simple|low|one_to_one",0,1
217,"mobile|simple|low|one_to_one",0,1
219,"mobile|simple|low|one_to_one",0,1
220,"mobile|simple|low|one_to_one",0,1
221,"mobile|simple|low|one_to_one",0,1
222,"mobile|simple|low|one_to_one",0,1
223,"mobile|simple|low|one_to_one",0,1
224,"mobile|simple|low|one_to_one",0,1
225,"mobile|simple|low|one_to_one",0,1
226,"mobile|simple|low|one_to_one",0,1
227,"mobile|simple|low|one_to_one",0,1
228,"mobile|simple|low|one_to_one",0,1
230,"mobile|simple|low|one_to_one",0,1
231,"mobile|simple|low|one_to_one",0,1
232,"mobile|simple|low|one_to_one",0,1
233,"mobile|simple|low|one_to_one",0,1
234,"mobile|simple|low|one_to_one",0,1
235,"mobile|simple|low|one_to_one",0,1
236,"mobile|simple|low|one_to_one",0,1
237,"mobile|simple|low|one_to_one",0,1
238,"mobile|simple|low|one_to_one",0,1
239,"mobile|simple|low|one_to_one",0,1
240,"mobile|simple|low|one_to_one",0,1
241,"mobile|simple|low|one_to_one",0,1
242,"mobile|simple|low|one_to_one",0,1
243,"mobile|simple|low|one_to_one",0,1
245,"mobile|simple|low|one_to_one",0,1
246,"mobile|simple|low|one_to_one",0,1
247,"mobile|simple|low|one_to_one",0,1
248,"mobile|simple|low|one_to_one",0,1
249,"mobile|simple|low|one_to_one",0,1
250,"mobile|simple|low|one_to_one",0,1
251,"mobile|simple|low|one_to_one",0,1
252,"mobile|simple|low|one_to_one",0,1
253,"mobile|simple|low|one_to_one",0,1
254,"mobile|simple|low|one_to_one",0,1
256,"mobile|simple|low|one_to_one",0,1
258,"mobile|simple|low|one_to_one",0,1
259,"mobile|simple|low|one_to_one",0,1
260,"mobile|simple|low|one_to_one",0,1
261,"mobile|simple|low|one_to_one",0,1
263,"mobile|simple|low|one_to_one",0,1
264,"mobile|simple|low|one_to_one",0,1
265,"mobile|simple|low|one_to_one",0,1
266,"mobile|simple|low|one_to_one",0,1
267,"mobile|simple|low|one_to_one",0,1
268,"mobile|simple|low|one_to_one",0,1
269,"mobile|simple|low|one_to_one",0,1
270,"mobile|simple|low|one_to_one",0,1
271,"mobile|simple|low|one_to_one",0,1
272,"mobile|simple|low|one_to_one",0,1
273,"mobile|simple|low|one_to_one",0,1
274,"mobile|simple|low|one_to_one",0,1
275,"mobile|simple|low|one_to_one",0,1
276,"mobile|simple|low|one_to_one",0,1
277,"mobile|simple|low|one_to_one",0,1
279,"mobile|simple|low|one_to_one",0,1
280,"mobile|simple|low|one_to_one",0,1
281,"mobile|simple|low|one_to_one",0,1
282,"mobile|simple|low|one_to_one",0,1
283,"mobile|simple|low|one_to_one",0,1
284,"mobile|simple|low|one_to_one",0,1
285,"mobile|simple|low|one_to_one",0,1
286,"mobile|simple|low|one_to_one",0,1
287,"mobile|simple|low|one_to_one",0,1
288,"mobile|simple|low|one_to_one",0,1
289,"mobile|simple|low|one_to_one",0,1
290,"mobile|simple|low|one_to_one",0,1
291,"mobile|simple|low|one_to_one",0,1
292,"mobile|simple|low|one_to_one",0,1
293,"mobile|simple|low|one_to_one",0,1
294,"mobile|simple|low|one_to_one",0,1
295,"mobile|simple|low|one_to_one",0,1
296,"mobile|simple|low|one_to_one",0,1
297,"mobile|simple|low|one_to_one",0,1
298,"mobile|simple|low|one_to_one",0,1
299,"mobile|simple|low|one_to_one",0,1
301,"mobile|simple|low|one_to_one",0,1
302,"mobile|simple|low|one_to_one",0,1
303,"mobile|simple|low|one_to_one",0,1
304,"mobile|simple|low|one_to_one",0,1
305,"mobile|simple|low|one_to_one",0,1
306,"mobile|simple|low|one_to_one",0,1
307,"mobile|simple|low|one_to_one",0,1
308,"mobile|simple|low|one_to_one",0,1
309,"mobile|simple|low|one_to_one",0,1
310,"mobile|simple|low|one_to_one",0,1
311,"mobile|simple|low|one_to_one",0,1
312,"mobile|simple|low|one_to_one",0,1
313,"mobile|simple|low|one_to_one",0,1
314,"mobile|simple|low|one_to_one",0,1
2,"web|simple|low|one_to_one",0,1
3,"web|simple|low|one_to_one",0,1
4,"web|simple|low|one_to_one",0,1
5,"web|simple|low|one_to_one",0,1
6,"web|simple|low|one_to_one",0,1
7,"web|simple|low|one_to_one",0,1
8,"web|simple|low|one_to_one",0,1
9,"web|simple|low|one_to_one",0,1
10,"web|simple|low|one_to_one",0,1
11,"web|simple|low|one_to_one",0,1
13,"web|simple|low|one_to_one",0,1
14,"web|simple|low|one_to_one",0,1
15,"web|simple|low|one_to_one",0,1
16,"web|simple|low|one_to_one",0,1
17,"web|simple|low|one_to_one",0,1
18,"web|simple|low|one_to_one",0,1
19,"web|simple|low|one_to_one",0,1
20,"web|simple|low|one_to_one",0,1
21,"web|simple|low|one_to_one",0,1
22,"web|simple|low|one_to_one",0,1
23,"web|simple|low|one_to_one",0,1
24,"web|simple|low|one_to_one",0,1
26,"web|simple|low|one_to_one",0,1
27,"web|simple|low|one_to_one",0,1
28,"web|simple|low|one_to_one",0,1
29,"web|simple|low|one_to_one",0,1
31,"web|simple|low|one_to_one",0,1
32,"web|simple|low|one_to_one",0,1
33,"web|simple|low|one_to_one",0,1
35,"web|simple|low|one_to_one",0,1
36,"web|simple|low|one_to_one",0,1
37,"web|simple|low|one_to_one",0,1
38,"web|simple|low|one_to_one",0,1
39,"web|simple|low|one_to_one",0,1
41,"web|simple|low|one_to_one",0,1
42,"web|simple|low|one_to_one",0,1
43,"web|simple|low|one_to_one",0,1
44,"web|simple|low|one_to_one",0,1
45,"web|simple|low|one_to_one",0,1
46,"web|simple|low|one_to_one",0,1
47,"web|simple|low|one_to_one",0,1
48,"web|simple|low|one_to_one",0,1
49,"web|simple|low|one_to_one",0,1
50,"web|simple|low|one_to_one",0,1
51,"web|simple|low|one_to_one",0,1
52,"web|simple|low|one_to_one",0,1
53,"web|simple|low|one_to_one",0,1
54,"web|simple|low|one_to_one",0,1
55,"web|simple|low|one_to_one",0,1
56,"web|simple|low|one_to_one",0,1
57,"web|simple|low|one_to_one",0,1
58,"web|simple|low|one_to_one",0,1
60,"web|simple|low|one_to_one",0,1
61,"web|simple|low|one_to_one",0,1
62,"web|simple|low|one_to_one",0,1
63,"web|simple|low|one_to_one",0,1
64,"web|simple|low|one_to_one",0,1
65,"web|simple|low|one_to_one",0,1
68,"web|simple|low|one_to_one",0,1
69,"web|simple|low|one_to_one",0,1
70,"web|simple|low|one_to_one",0,1
71,"web|simple|low|one_to_one",0,1
72,"web|simple|low|one_to_one",0,1
73,"web|simple|low|one_to_one",0,1
74,"web|simple|low|one_to_one",0,1
75,"web|simple|low|one_to_one",0,1
76,"web|simple|low|one_to_one",0,1
77,"web|simple|low|one_to_one",0,1
78,"web|simple|low|one_to_one",0,1
79,"web|simple|low|one_to_one",0,1
80,"web|simple|low|one_to_one",0,1
81,"web|simple|low|one_to_one",0,1
82,"web|simple|low|one_to_one",0,1
83,"web|simple|low|one_to_one",0,1
84,"web|simple|low|one_to_one",0,1
86,"web|simple|low|one_to_one",0,1
87,"web|simple|low|one_to_one",0,1
88,"web|simple|low|one_to_one",0,1
90,"web|simple|low|one_to_one",0,1
91,"web|simple|low|one_to_one",0,1
92,"web|simple|low|one_to_one",0,1
93,"web|simple|low|one_to_one",0,1
94,"web|simple|low|one_to_one",0,1
95,"web|simple|low|one_to_one",0,1
96,"web|simple|low|one_to_one",0,1
97,"web|simple|low|one_to_one",0,1
98,"web|simple|low|one_to_one",0,1
99,"web|simple|low|one_to_one",0,1
100,"web|simple|low|one_to_one",0,1
101,"web|simple|low|one_to_one",0,1
103,"web|simple|low|one_to_one",0,1
104,"web|simple|low|one_to_one",0,1
105,"web|simple|low|one_to_one",0,1
106,"web|simple|low|one_to_one",0,1
107,"web|simple|low|one_to_one",0,1
108,"web|simple|low|one_to_one",0,1
109,"web|simple|low|one_to_one",0,1
110,"web|simple|low|one_to_one",0,1
111,"web|simple|low|one_to_one",0,1
112,"web|simple|low|one_to_one",0,1
113,"web|simple|low|one_to_one",0,1
114,"web|simple|low|one_to_one",0,1
115,"web|simple|low|one_to_one",0,1
116,"web|simple|low|one_to_one",0,1
117,"web|simple|low|one_to_one",0,1
118,"web|simple|low|one_to_one",0,1
119,"web|simple|low|one_to_one",0,1
120,"web|simple|low|one_to_one",0,1
121,"web|simple|low|one_to_one",0,1
122,"web|simple|low|one_to_one",0,1
123,"web|simple|low|one_to_one",0,1
124,"web|simple|low|one_to_one",0,1
125,"web|simple|low|one_to_one",0,1
126,"web|simple|low|one_to_one",0,1
127,"web|simple|low|one_to_one",0,1
128,"web|simple|low|one_to_one",0,1
130,"web|simple|low|one_to_one",0,1
131,"web|simple|low|one_to_one",0,1
132,"web|simple|low|one_to_one",0,1
133,"web|simple|low|one_to_one",0,1
135,"web|simple|low|one_to_one",0,1
136,"web|simple|low|one_to_one",0,1
137,"web|simple|low|one_to_one",0,1
138,"web|simple|low|one_to_one",0,1
140,"web|simple|low|one_to_one",0,1
141,"web|simple|low|one_to_one",0,1
142,"web|simple|low|one_to_one",0,1
143,"web|simple|low|one_to_one",0,1
144,"web|simple|low|one_to_one",0,1
145,"web|simple|low|one_to_one",0,1
146,"web|simple|low|one_to_one",0,1
147,"web|simple|low|one_to_one",0,1
148,"web|simple|low|one_to_one",0,1
149,"web|simple|low|one_to_one",0,1
150,"web|simple|low|one_to_one",0,1
151,"web|simple|low|one_to_one",0,1
152,"web|simple|low|one_to_one",0,1
153,"web|simple|low|one_to_one",0,1
154,"web|simple|low|one_to_one",0,1
155,"web|simple|low|one_to_one",0,1
156,"web|simple|low|one_to_one",0,1
157,"web|simple|low|one_to_one",0,1
158,"web|simple|low|one_to_one",0,1
159,"web|simple|low|one_to_one",0,1
160,"web|simple|low|one_to_one",0,1
162,"web|simple|low|one_to_one",0,1
163,"web|simple|low|one_to_one",0,1
164,"web|simple|low|one_to_one",0,1
165,"web|simple|low|one_to_one",0,1
166,"web|simple|low|one_to_one",0,1
167,"web|simple|low|one_to_one",0,1
168,"web|simple|low|one_to_one",0,1
169,"web|simple|low|one_to_one",0,1
170,"web|simple|low|one_to_one",0,1
171,"web|simple|low|one_to_one",0,1
172,"web|simple|low|one_to_one",0,1
173,"web|simple|low|one_to_one",0,1
174,"web|simple|low|one_to_one",0,1
175,"web|simple|low|one_to_one",0,1
176,"web|simple|low|one_to_one",0,1
177,"web|simple|low|one_to_one",0,1
178,"web|simple|low|one_to_one",0,1
179,"web|simple|low|one_to_one",0,1
180,"web|simple|low|one_to_one",0,1
181,"web|simple|low|one_to_one",0,1
183,"web|simple|low|one_to_one",0,1
184,"web|simple|low|one_to_one",0,1
186,"web|simple|low|one_to_one",0,1
187,"web|simple|low|one_to_one",0,1
188,"web|simple|low|one_to_one",0,1
189,"web|simple|low|one_to_one",0,1
190,"web|simple|low|one_to_one",0,1
191,"web|simple|low|one_to_one",0,1
192,"web|simple|low|one_to_one",0,1
194,"web|simple|low|one_to_one",0,1
195,"web|simple|low|one_to_one",0,1
196,"web|simple|low|one_to_one",0,1
197,"web|simple|low|one_to_one",0,1
198,"web|simple|low|one_to_one",0,1
199,"web|simple|low|one_to_one",0,1
200,"web|simple|low|one_to_one",0,1
201,"web|simple|low|one_to_one",0,1
202,"web|simple|low|one_to_one",0,1
203,"web|simple|low|one_to_one",0,1
205,"web|simple|low|one_to_one",0,1
206,"web|simple|low|one_to_one",0,1
207,"web|simple|low|one_to_one",0,1
208,"web|simple|low|one_to_one",0,1
209,"web|simple|low|one_to_one",0,1
210,"web|simple|low|one_to_one",0,1
211,"web|simple|low|one_to_one",0,1
212,"web|simple|low|one_to_one",0,1
213,"web|simple|low|one_to_one",0,1
214,"web|simple|low|one_to_one",0,1
217,"web|simple|low|one_to_one",0,1
219,"web|simple|low|one_to_one",0,1
220,"web|simple|low|one_to_one",0,1
221,"web|simple|low|one_to_one",0,1
222,"web|simple|low|one_to_one",0,1
223,"web|simple|low|one_to_one",0,1
224,"web|simple|low|one_to_one",0,1
225,"web|simple|low|one_to_one",0,1
226,"web|simple|low|one_to_one",0,1
227,"web|simple|low|one_to_one",0,1
228,"web|simple|low|one_to_one",0,1
230,"web|simple|low|one_to_one",0,1
231,"web|simple|low|one_to_one",0,1
232,"web|simple|low|one_to_one",0,1
233,"web|simple|low|one_to_one",0,1
234,"web|simple|low|one_to_one",0,1
235,"web|simple|low|one_to_one",0,1
236,"web|simple|low|one_to_one",0,1
237,"web|simple|low|one_to_one",0,1
238,"web|simple|low|one_to_one",0,1
239,"web|simple|low|one_to_one",0,1
240,"web|simple|low|one_to_one",0,1
241,"web|simple|low|one_to_one",0,1
242,"web|simple|low|one_to_one",0,1
243,"web|simple|low|one_to_one",0,1
245,"web|simple|low|one_to_one",0,1
246,"web|simple|low|one_to_one",0,1
247,"web|simple|low|one_to_one",0,1
248,"web|simple|low|one_to_one",0,1
249,"web|simple|low|one_to_one",0,1
250,"web|simple|low|one_to_one",0,1
251,"web|simple|low|one_to_one",0,1
252,"web|simple|low|one_to_one",0,1
253,"web|simple|low|one_to_one",0,1
254,"web|simple|low|one_to_one",0,1
256,"web|simple|low|one_to_one",0,1
258,"web|simple|low|one_to_one",0,1
259,"web|simple|low|one_to_one",0,1
260,"web|simple|low|one_to_one",0,1
261,"web|simple|low|one_to_one",0,1
263,"web|simple|low|one_to_one",0,1
264,"web|simple|low|one_to_one",0,1
265,"web|simple|low|one_to_one",0,1
266,"web|simple|low|one_to_one",0,1
267,"web|simple|low|one_to_one",0,1
268,"web|simple|low|one_to_one",0,1
269,"web|simple|low|one_to_one",0,1
270,"web|simple|low|one_to_one",0,1
271,"web|simple|low|one_to_one",0,1
272,"web|simple|low|one_to_one",0,1
273,"web|simple|low|one_to_one",0,1
274,"web|simple|low|one_to_one",0,1
275,"web|simple|low|one_to_one",0,1
276,"web|simple|low|one_to_one",0,1
277,"web|simple|low|one_to_one",0,1
279,"web|simple|low|one_to_one",0,1
280,"web|simple|low|one_to_one",0,1
281,"web|simple|low|one_to_one",0,1
282,"web|simple|low|one_to_one",0,1
283,"web|simple|low|one_to_one",0,1
284,"web|simple|low|one_to_one",0,1
285,"web|simple|low|one_to_one",0,1
286,"web|simple|low|one_to_one",0,1
287,"web|simple|low|one_to_one",0,1
288,"web|simple|low|one_to_one",0,1
289,"web|simple|low|one_to_one",0,1
290,"web|simple|low|one_to_one",0,1
291,"web|simple|low|one_to_one",0,1
292,"web|simple|low|one_to_one",0,1
293,"web|simple|low|one_to_one",0,1
294,"web|simple|low|one_to_one",0,1
295,"web|simple|low|one_to_one",0,1
296,"web|simple|low|one_to_one",0,1
297,"web|simple|low|one_to_one",0,1
298,"web|simple|low|one_to_one",0,1
299,"web|simple|low|one_to_one",0,1
301,"web|simple|low|one_to_one",0,1
302,"web|simple|low|one_to_one",0,1
303,"web|simple|low|one_to_one",0,1
304,"web|simple|low|one_to_one",0,1
305,"web|simple|low|one_to_one",0,1
306,"web|simple|low|one_to_one",0,1
307,"web|simple|low|one_to_one",0,1
308,"web|simple|low|one_to_one",0,1
309,"web|simple|low|one_to_one",0,1
310,"web|simple|low|one_to_one",0,1
311,"web|simple|low|one_to_one",0,1
312,"web|simple|low|one_to_one",0,1
313,"web|simple|low|one_to_one",0,1
314,"web|simple|low|one_to_one",0,1
2,"mobile|multi_factor|low|one_to_one",0,1
3,"mobile|multi_factor|low|one_to_one",0,1
4,"mobile|multi_factor|low|one_to_one",0,1
5,"mobile|multi_factor|low|one_to_one",0,1
6,"mobile|multi_factor|low|one_to_one",0,1
7,"mobile|multi_factor|low|one_to_one",0,1
8,"mobile|multi_factor|low|one_to_one",0,1
9,"mobile|multi_factor|low|one_to_one",0,1
10,"mobile|multi_factor|low|one_to_one",0,1
11,"mobile|multi_factor|low|one_to_one",0,1
13,"mobile|multi_factor|low|one_to_one",0,1
14,"mobile|multi_factor|low|one_to_one",0,1
15,"mobile|multi_factor|low|one_to_one",0,1
16,"mobile|multi_factor|low|one_to_one",0,1
17,"mobile|multi_factor|low|one_to_one",0,1
18,"mobile|multi_factor|low|one_to_one",0,1
19,"mobile|multi_factor|low|one_to_one",0,1
20,"mobile|multi_factor|low|one_to_one",0,1
21,"mobile|multi_factor|low|one_to_one",0,1
22,"mobile|multi_factor|low|one_to_one",0,1
23,"mobile|multi_factor|low|one_to_one",0,1
24,"mobile|multi_factor|low|one_to_one",0,1
26,"mobile|multi_factor|low|one_to_one",0,1
27,"mobile|multi_factor|low|one_to_one",0,1
28,"mobile|multi_factor|low|one_to_one",0,1
29,"mobile|multi_factor|low|one_to_one",0,1
31,"mobile|multi_factor|low|one_to_one",0,1
32,"mobile|multi_factor|low|one_to_one",0,1
33,"mobile|multi_factor|low|one_to_one",0,1
35,"mobile|multi_factor|low|one_to_one",0,1
36,"mobile|multi_factor|low|one_to_one",0,1
37,"mobile|multi_factor|low|one_to_one",0,1
38,"mobile|multi_factor|low|one_to_one",0,1
39,"mobile|multi_factor|low|one_to_one",0,1
41,"mobile|multi_factor|low|one_to_one",0,1
42,"mobile|multi_factor|low|one_to_one",0,1
43,"mobile|multi_factor|low|one_to_one",0,1
44,"mobile|multi_factor|low|one_to_one",0,1
45,"mobile|multi_factor|low|one_to_one",0,1
46,"mobile|multi_factor|low|one_to_one",0,1
47,"mobile|multi_factor|low|one_to_one",0,1
48,"mobile|multi_factor|low|one_to_one",0,1
49,"mobile|multi_factor|low|one_to_one",0,1
50,"mobile|multi_factor|low|one_to_one",0,1
51,"mobile|multi_factor|low|one_to_one",0,1
52,"mobile|multi_factor|low|one_to_one",0,1
53,"mobile|multi_factor|low|one_to_one",0,1
54,"mobile|multi_factor|low|one_to_one",0,1
55,"mobile|multi_factor|low|one_to_one",0,1
56,"mobile|multi_factor|low|one_to_one",0,1
57,"mobile|multi_factor|low|one_to_one",0,1
58,"mobile|multi_factor|low|one_to_one",0,1
60,"mobile|multi_factor|low|one_to_one",0,1
61,"mobile|multi_factor|low|one_to_one",0,1
62,"mobile|multi_factor|low|one_to_one",0,1
63,"mobile|multi_factor|low|one_to_one",0,1
64,"mobile|multi_factor|low|one_to_one",0,1
65,"mobile|multi_factor|low|one_to_one",0,1
68,"mobile|multi_factor|low|one_to_one",0,1
69,"mobile|multi_factor|low|one_to_one",0,1
70,"mobile|multi_factor|low|one_to_one",0,1
71,"mobile|multi_factor|low|one_to_one",0,1
72,"mobile|multi_factor|low|one_to_one",0,1
73,"mobile|multi_factor|low|one_to_one",0,1
74,"mobile|multi_factor|low|one_to_one",0,1
75,"mobile|multi_factor|low|one_to_one",0,1
76,"mobile|multi_factor|low|one_to_one",0,1
77,"mobile|multi_factor|low|one_to_one",0,1
78,"mobile|multi_factor|low|one_to_one",0,1
79,"mobile|multi_factor|low|one_to_one",0,1
80,"mobile|multi_factor|low|one_to_one",0,1
81,"mobile|multi_factor|low|one_to_one",0,1
82,"mobile|multi_factor|low|one_to_one",0,1
83,"mobile|multi_factor|low|one_to_one",0,1
84,"mobile|multi_factor|low|one_to_one",0,1
86,"mobile|multi_factor|low|one_to_one",0,1
87,"mobile|multi_factor|low|one_to_one",0,1
88,"mobile|multi_factor|low|one_to_one",0,1
90,"mobile|multi_factor|low|one_to_one",0,1
91,"mobile|multi_factor|low|one_to_one",0,1
92,"mobile|multi_factor|low|one_to_one",0,1
93,"mobile|multi_factor|low|one_to_one",0,1
94,"mobile|multi_factor|low|one_to_one",0,1
95,"mobile|multi_factor|low|one_to_one",0,1
96,"mobile|multi_factor|low|one_to_one",0,1
97,"mobile|multi_factor|low|one_to_one",0,1
98,"mobile|multi_factor|low|one_to_one",0,1
99,"mobile|multi_factor|low|one_to_one",0,1
100,"mobile|multi_factor|low|one_to_one",0,1
101,"mobile|multi_factor|low|one_to_one",0,1
103,"mobile|multi_factor|low|one_to_one",0,1
104,"mobile|multi_factor|low|one_to_one",0,1
105,"mobile|multi_factor|low|one_to_one",0,1
106,"mobile|multi_factor|low|one_to_one",0,1
107,"mobile|multi_factor|low|one_to_one",0,1
108,"mobile|multi_factor|low|one_to_one",0,1
109,"mobile|multi_factor|low|one_to_one",0,1
110,"mobile|multi_factor|low|one_to_one",0,1
111,"mobile|multi_factor|low|one_to_one",0,1
112,"mobile|multi_factor|low|one_to_one",0,1
113,"mobile|multi_factor|low|one_to_one",0,1
114,"mobile|multi_factor|low|one_to_one",0,1
115,"mobile|multi_factor|low|one_to_one",0,1
116,"mobile|multi_factor|low|one_to_one",0,1
117,"mobile|multi_factor|low|one_to_one",0,1
118,"mobile|multi_factor|low|one_to_one",0,1
119,"mobile|multi_factor|low|one_to_one",0,1
120,"mobile|multi_factor|low|one_to_one",0,1
121,"mobile|multi_factor|low|one_to_one",0,1
122,"mobile|multi_factor|low|one_to_one",0,1
123,"mobile|multi_factor|low|one_to_one",0,1
124,"mobile|multi_factor|low|one_to_one",0,1
125,"mobile|multi_factor|low|one_to_one",0,1
126,"mobile|multi_factor|low|one_to_one",0,1
127,"mobile|multi_factor|low|one_to_one",0,1
128,"mobile|multi_factor|low|one_to_one",0,1
130,"mobile|multi_factor|low|one_to_one",0,1
131,"mobile|multi_factor|low|one_to_one",0,1
132,"mobile|multi_factor|low|one_to_one",0,1
133,"mobile|multi_factor|low|one_to_one",0,1
135,"mobile|multi_factor|low|one_to_one",0,1
136,"mobile|multi_factor|low|one_to_one",0,1
137,"mobile|multi_factor|low|one_to_one",0,1
138,"mobile|multi_factor|low|one_to_one",0,1
140,"mobile|multi_factor|low|one_to_one",0,1
141,"mobile|multi_factor|low|one_to_one",0,1
142,"mobile|multi_factor|low|one_to_one",0,1
143,"mobile|multi_factor|low|one_to_one",0,1
144,"mobile|multi_factor|low|one_to_one",0,1
145,"mobile|multi_factor|low|one_to_one",0,1
146,"mobile|multi_factor|low|one_to_one",0,1
147,"mobile|multi_factor|low|one_to_one",0,1
148,"mobile|multi_factor|low|one_to_one",0,1
149,"mobile|multi_factor|low|one_to_one",0,1
150,"mobile|multi_factor|low|one_to_one",0,1
151,"mobile|multi_factor|low|one_to_one",0,1
152,"mobile|multi_factor|low|one_to_one",0,1
153,"mobile|multi_factor|low|one_to_one",0,1
154,"mobile|multi_factor|low|one_to_one",0,1
155,"mobile|multi_factor|low|one_to_one",0,1
156,"mobile|multi_factor|low|one_to_one",0,1
157,"mobile|multi_factor|low|one_to_one",0,1
158,"mobile|multi_factor|low|one_to_one",0,1
159,"mobile|multi_factor|low|one_to_one",0,1
160,"mobile|multi_factor|low|one_to_one",0,1
162,"mobile|multi_factor|low|one_to_one",0,1
163,"mobile|multi_factor|low|one_to_one",0,1
164,"mobile|multi_factor|low|one_to_one",0,1
165,"mobile|multi_factor|low|one_to_one",0,1
166,"mobile|multi_factor|low|one_to_one",0,1
167,"mobile|multi_factor|low|one_to_one",0,1
168,"mobile|multi_factor|low|one_to_one",0,1
169,"mobile|multi_factor|low|one_to_one",0,1
170,"mobile|multi_factor|low|one_to_one",0,1
171,"mobile|multi_factor|low|one_to_one",0,1
172,"mobile|multi_factor|low|one_to_one",0,1
173,"mobile|multi_factor|low|one_to_one",0,1
174,"mobile|multi_factor|low|one_to_one",0,1
175,"mobile|multi_factor|low|one_to_one",0,1
176,"mobile|multi_factor|low|one_to_one",0,1
177,"mobile|multi_factor|low|one_to_one",0,1
178,"mobile|multi_factor|low|one_to_one",0,1
179,"mobile|multi_factor|low|one_to_one",0,1
180,"mobile|multi_factor|low|one_to_one",0,1
181,"mobile|multi_factor|low|one_to_one",0,1
183,"mobile|multi_factor|low|one_to_one",0,1
184,"mobile|multi_factor|low|one_to_one",0,1
186,"mobile|multi_factor|low|one_to_one",0,1
187,"mobile|multi_factor|low|one_to_one",0,1
188,"mobile|multi_factor|low|one_to_one",0,1
189,"mobile|multi_factor|low|one_to_one",0,1
190,"mobile|multi_factor|low|one_to_one",0,1
191,"mobile|multi_factor|low|one_to_one",0,1
192,"mobile|multi_factor|low|one_to_one",0,1
194,"mobile|multi_factor|low|one_to_one",0,1
195,"mobile|multi_factor|low|one_to_one",0,1
196,"mobile|multi_factor|low|one_to_one",0,1
197,"mobile|multi_factor|low|one_to_one",0,1
198,"mobile|multi_factor|low|one_to_one",0,1
199,"mobile|multi_factor|low|one_to_one",0,1
200,"mobile|multi_factor|low|one_to_one",0,1
201,"mobile|multi_factor|low|one_to_one",0,1
202,"mobile|multi_factor|low|one_to_one",0,1
203,"mobile|multi_factor|low|one_to_one",0,1
205,"mobile|multi_factor|low|one_to_one",0,1
206,"mobile|multi_factor|low|one_to_one",0,1
207,"mobile|multi_factor|low|one_to_one",0,1
208,"mobile|multi_factor|low|one_to_one",0,1
209,"mobile|multi_factor|low|one_to_one",0,1
210,"mobile|multi_factor|low|one_to_one",0,1
211,"mobile|multi_factor|low|one_to_one",0,1
212,"mobile|multi_factor|low|one_to_one",0,1
213,"mobile|multi_factor|low|one_to_one",0,1
214,"mobile|multi_factor|low|one_to_one",0,1
217,"mobile|multi_factor|low|one_to_one",0,1
219,"mobile|multi_factor|low|one_to_one",0,1
220,"mobile|multi_factor|low|one_to_one",0,1
221,"mobile|multi_factor|low|one_to_one",0,1
222,"mobile|multi_factor|low|one_to_one",0,1
223,"mobile|multi_factor|low|one_to_one",0,1
224,"mobile|multi_factor|low|one_to_one",0,1
225,"mobile|multi_factor|low|one_to_one",0,1
226,"mobile|multi_factor|low|one_to_one",0,1
227,"mobile|multi_factor|low|one_to_one",0,1
228,"mobile|multi_factor|low|one_to_one",0,1
230,"mobile|multi_factor|low|one_to_one",0,1
231,"mobile|multi_factor|low|one_to_one",0,1
232,"mobile|multi_factor|low|one_to_one",0,1
233,"mobile|multi_factor|low|one_to_one",0,1
234,"mobile|multi_factor|low|one_to_one",0,1
235,"mobile|multi_factor|low|one_to_one",0,1
236,"mobile|multi_factor|low|one_to_one",0,1
237,"mobile|multi_factor|low|one_to_one",0,1
238,"mobile|multi_factor|low|one_to_one",0,1
239,"mobile|multi_factor|low|one_to_one",0,1
240,"mobile|multi_factor|low|one_to_one",0,1
241,"mobile|multi_factor|low|one_to_one",0,1
242,"mobile|multi_factor|low|one_to_one",0,1
243,"mobile|multi_factor|low|one_to_one",0,1
245,"mobile|multi_factor|low|one_to_one",0,1
246,"mobile|multi_factor|low|one_to_one",0,1
247,"mobile|multi_factor|low|one_to_one",0,1
248,"mobile|multi_factor|low|one_to_one",0,1
249,"mobile|multi_factor|low|one_to_one",0,1
250,"mobile|multi_factor|low|one_to_one",0,1
251,"mobile|multi_factor|low|one_to_one",0,1
252,"mobile|multi_factor|low|one_to_one",0,1
253,"mobile|multi_factor|low|one_to_one",0,1
254,"mobile|multi_factor|low|one_to_one",0,1
256,"mobile|multi_factor|low|one_to_one",0,1
258,"mobile|multi_factor|low|one_to_one",0,1
259,"mobile|multi_factor|low|one_to_one",0,1
260,"mobile|multi_factor|low|one_to_one",0,1
261,"mobile|multi_factor|low|one_to_one",0,1
263,"mobile|multi_factor|low|one_to_one",0,1
264,"mobile|multi_factor|low|one_to_one",0,1
265,"mobile|multi_factor|low|one_to_one",0,1
266,"mobile|multi_factor|low|one_to_one",0,1
267,"mobile|multi_factor|low|one_to_one",0,1
268,"mobile|multi_factor|low|one_to_one",0,1
269,"mobile|multi_factor|low|one_to_one",0,1
270,"mobile|multi_factor|low|one_to_one",0,1
271,"mobile|multi_factor|low|one_to_one",0,1
272,"mobile|multi_factor|low|one_to_one",0,1
273,"mobile|multi_factor|low|one_to_one",0,1
274,"mobile|multi_factor|low|one_to_one",0,1
275,"mobile|multi_factor|low|one_to_one",0,1
276,"mobile|multi_factor|low|one_to_one",0,1
277,"mobile|multi_factor|low|one_to_one",0,1
279,"mobile|multi_factor|low|one_to_one",0,1
280,"mobile|multi_factor|low|one_to_one",0,1
281,"mobile|multi_factor|low|one_to_one",0,1
282,"mobile|multi_factor|low|one_to_one",0,1
283,"mobile|multi_factor|low|one_to_one",0,1
284,"mobile|multi_factor|low|one_to_one",0,1
285,"mobile|multi_factor|low|one_to_one",0,1
286,"mobile|multi_factor|low|one_to_one",0,1
287,"mobile|multi_factor|low|one_to_one",0,1
288,"mobile|multi_factor|low|one_to_one",0,1
289,"mobile|multi_factor|low|one_to_one",0,1
290,"mobile|multi_factor|low|one_to_one",0,1
291,"mobile|multi_factor|low|one_to_one",0,1
292,"mobile|multi_factor|low|one_to_one",0,1
293,"mobile|multi_factor|low|one_to_one",0,1
294,"mobile|multi_factor|low|one_to_one",0,1
295,"mobile|multi_factor|low|one_to_one",0,1
296,"mobile|multi_factor|low|one_to_one",0,1
297,"mobile|multi_factor|low|one_to_one",0,1
298,"mobile|multi_factor|low|one_to_one",0,1
299,"mobile|multi_factor|low|one_to_one",0,1
301,"mobile|multi_factor|low|one_to_one",0,1
302,"mobile|multi_factor|low|one_to_one",0,1
303,"mobile|multi_factor|low|one_to_one",0,1
304,"mobile|multi_factor|low|one_to_one",0,1
305,"mobile|multi_factor|low|one_to_one",0,1
306,"mobile|multi_factor|low|one_to_one",0,1
307,"mobile|multi_factor|low|one_to_one",0,1
308,"mobile|multi_factor|low|one_to_one",0,1
309,"mobile|multi_factor|low|one_to_one",0,1
310,"mobile|multi_factor|low|one_to_one",0,1
311,"mobile|multi_factor|low|one_to_one",0,1
312,"mobile|multi_factor|low|one_to_one",0,1
313,"mobile|multi_factor|low|one_to_one",0,1
314,"mobile|multi_factor|low|one_to_one",0,1
2,"web|multi_factor|low|one_to_one",0,1
3,"web|multi_factor|low|one_to_one",0,1
4,"web|multi_factor|low|one_to_one",0,1
5,"web|multi_factor|low|one_to_one",0,1
6,"web|multi_factor|low|one_to_one",0,1
7,"web|multi_factor|low|one_to_one",0,1
8,"web|multi_factor|low|one_to_one",0,1
9,"web|multi_factor|low|one_to_one",0,1
10,"web|multi_factor|low|one_to_one",0,1
11,"web|multi_factor|low|one_to_one",0,1
13,"web|multi_factor|low|one_to_one",0,1
14,"web|multi_factor|low|one_to_one",0,1
15,"web|multi_factor|low|one_to_one",0,1
16,"web|multi_factor|low|one_to_one",0,1
17,"web|multi_factor|low|one_to_one",0,1
18,"web|multi_factor|low|one_to_one",0,1
19,"web|multi_factor|low|one_to_one",0,1
20,"web|multi_factor|low|one_to_one",0,1
21,"web|multi_factor|low|one_to_one",0,1
22,"web|multi_factor|low|one_to_one",0,1
23,"web|multi_factor|low|one_to_one",0,1
24,"web|multi_factor|low|one_to_one",0,1
26,"web|multi_factor|low|one_to_one",0,1
27,"web|multi_factor|low|one_to_one",0,1
28,"web|multi_factor|low|one_to_one",0,1
29,"web|multi_factor|low|one_to_one",0,1
31,"web|multi_factor|low|one_to_one",0,1
32,"web|multi_factor|low|one_to_one",0,1
33,"web|multi_factor|low|one_to_one",0,1
35,"web|multi_factor|low|one_to_one",0,1
36,"web|multi_factor|low|one_to_one",0,1
37,"web|multi_factor|low|one_to_one",0,1
38,"web|multi_factor|low|one_to_one",0,1
39,"web|multi_factor|low|one_to_one",0,1
41,"web|multi_factor|low|one_to_one",0,1
42,"web|multi_factor|low|one_to_one",0,1
43,"web|multi_factor|low|one_to_one",0,1
44,"web|multi_factor|low|one_to_one",0,1
45,"web|multi_factor|low|one_to_one",0,1
46,"web|multi_factor|low|one_to_one",0,1
47,"web|multi_factor|low|one_to_one",0,1
48,"web|multi_factor|low|one_to_one",0,1
49,"web|multi_factor|low|one_to_one",0,1
50,"web|multi_factor|low|one_to_one",0,1
51,"web|multi_factor|low|one_to_one",0,1
52,"web|multi_factor|low|one_to_one",0,1
53,"web|multi_factor|low|one_to_one",0,1
54,"web|multi_factor|low|one_to_one",0,1
55,"web|multi_factor|low|one_to_one",0,1
56,"web|multi_factor|low|one_to_one",0,1
57,"web|multi_factor|low|one_to_one",0,1
58,"web|multi_factor|low|one_to_one",0,1
60,"web|multi_factor|low|one_to_one",0,1
61,"web|multi_factor|low|one_to_one",0,1
62,"web|multi_factor|low|one_to_one",0,1
63,"web|multi_factor|low|one_to_one",0,1
64,"web|multi_factor|low|one_to_one",0,1
65,"web|multi_factor|low|one_to_one",0,1
68,"web|multi_factor|low|one_to_one",0,1
69,"web|multi_factor|low|one_to_one",0,1
70,"web|multi_factor|low|one_to_one",0,1
71,"web|multi_factor|low|one_to_one",0,1
72,"web|multi_factor|low|one_to_one",0,1
73,"web|multi_factor|low|one_to_one",0,1
74,"web|multi_factor|low|one_to_one",0,1
75,"web|multi_factor|low|one_to_one",0,1
76,"web|multi_factor|low|one_to_one",0,1
77,"web|multi_factor|low|one_to_one",0,1
78,"web|multi_factor|low|one_to_one",0,1
79,"web|multi_factor|low|one_to_one",0,1
80,"web|multi_factor|low|one_to_one",0,1
81,"web|multi_factor|low|one_to_one",0,1
82,"web|multi_factor|low|one_to_one",0,1
83,"web|multi_factor|low|one_to_one",0,1
84,"web|multi_factor|low|one_to_one",0,1
86,"web|multi_factor|low|one_to_one",0,1
87,"web|multi_factor|low|one_to_one",0,1
88,"web|multi_factor|low|one_to_one",0,1
90,"web|multi_factor|low|one_to_one",0,1
91,"web|multi_factor|low|one_to_one",0,1
92,"web|multi_factor|low|one_to_one",0,1
93,"web|multi_factor|low|one_to_one",0,1
94,"web|multi_factor|low|one_to_one",0,1
95,"web|multi_factor|low|one_to_one",0,1
96,"web|multi_factor|low|one_to_one",0,1
97,"web|multi_factor|low|one_to_one",0,1
98,"web|multi_factor|low|one_to_one",0,1
99,"web|multi_factor|low|one_to_one",0,1
100,"web|multi_factor|low|one_to_one",0,1
101,"web|multi_factor|low|one_to_one",0,1
103,"web|multi_factor|low|one_to_one",0,1
104,"web|multi_factor|low|one_to_one",0,1
105,"web|multi_factor|low|one_to_one",0,1
106,"web|multi_factor|low|one_to_one",0,1
107,"web|multi_factor|low|one_to_one",0,1
108,"web|multi_factor|low|one_to_one",0,1
109,"web|multi_factor|low|one_to_one",0,1
110,"web|multi_factor|low|one_to_one",0,1
111,"web|multi_factor|low|one_to_one",0,1
112,"web|multi_factor|low|one_to_one",0,1
113,"web|multi_factor|low|one_to_one",0,1
114,"web|multi_factor|low|one_to_one",0,1
115,"web|multi_factor|low|one_to_one",0,1
116,"web|multi_factor|low|one_to_one",0,1
117,"web|multi_factor|low|one_to_one",0,1
118,"web|multi_factor|low|one_to_one",0,1
119,"web|multi_factor|low|one_to_one",0,1
120,"web|multi_factor|low|one_to_one",0,1
121,"web|multi_factor|low|one_to_one",0,1
122,"web|multi_factor|low|one_to_one",0,1
123,"web|multi_factor|low|one_to_one",0,1
124,"web|multi_factor|low|one_to_one",0,1
125,"web|multi_factor|low|one_to_one",0,1
126,"web|multi_factor|low|one_to_one",0,1
127,"web|multi_factor|low|one_to_one",0,1
128,"web|multi_factor|low|one_to_one",0,1
130,"web|multi_factor|low|one_to_one",0,1
131,"web|multi_factor|low|one_to_one",0,1
132,"web|multi_factor|low|one_to_one",0,1
133,"web|multi_factor|low|one_to_one",0,1
135,"web|multi_factor|low|one_to_one",0,1
136,"web|multi_factor|low|one_to_one",0,1
137,"web|multi_factor|low|one_to_one",0,1
138,"web|multi_factor|low|one_to_one",0,1
140,"web|multi_factor|low|one_to_one",0,1
141,"web|multi_factor|low|one_to_one",0,1
142,"web|multi_factor|low|one_to_one",0,1
143,"web|multi_factor|low|one_to_one",0,1
144,"web|multi_factor|low|one_to_one",0,1
145,"web|multi_factor|low|one_to_one",0,1
146,"web|multi_factor|low|one_to_one",0,1
147,"web|multi_factor|low|one_to_one",0,1
148,"web|multi_factor|low|one_to_one",0,1
149,"web|multi_factor|low|one_to_one",0,1
150,"web|multi_factor|low|one_to_one",0,1
151,"web|multi_factor|low|one_to_one",0,1
152,"web|multi_factor|low|one_to_one",0,1
153,"web|multi_factor|low|one_to_one",0,1
154,"web|multi_factor|low|one_to_one",0,1
155,"web|multi_factor|low|one_to_one",0,1
156,"web|multi_factor|low|one_to_one",0,1
157,"web|multi_factor|low|one_to_one",0,1
158,"web|multi_factor|low|one_to_one",0,1
159,"web|multi_factor|low|one_to_one",0,1
160,"web|multi_factor|low|one_to_one",0,1
162,"web|multi_factor|low|one_to_one",0,1
163,"web|multi_factor|low|one_to_one",0,1
164,"web|multi_factor|low|one_to_one",0,1
165,"web|multi_factor|low|one_to_one",0,1
166,"web|multi_factor|low|one_to_one",0,1
167,"web|multi_factor|low|one_to_one",0,1
168,"web|multi_factor|low|one_to_one",0,1
169,"web|multi_factor|low|one_to_one",0,1
170,"web|multi_factor|low|one_to_one",0,1
171,"web|multi_factor|low|one_to_one",0,1
172,"web|multi_factor|low|one_to_one",0,1
173,"web|multi_factor|low|one_to_one",0,1
174,"web|multi_factor|low|one_to_one",0,1
175,"web|multi_factor|low|one_to_one",0,1
176,"web|multi_factor|low|one_to_one",0,1
177,"web|multi_factor|low|one_to_one",0,1
178,"web|multi_factor|low|one_to_one",0,1
179,"web|multi_factor|low|one_to_one",0,1
180,"web|multi_factor|low|one_to_one",0,1
181,"web|multi_factor|low|one_to_one",0,1
183,"web|multi_factor|low|one_to_one",0,1
184,"web|multi_factor|low|one_to_one",0,1
186,"web|multi_factor|low|one_to_one",0,1
187,"web|multi_factor|low|one_to_one",0,1
188,"web|multi_factor|low|one_to_one",0,1
189,"web|multi_factor|low|one_to_one",0,1
190,"web|multi_factor|low|one_to_one",0,1
191,"web|multi_factor|low|one_to_one",0,1
192,"web|multi_factor|low|one_to_one",0,1
194,"web|multi_factor|low|one_to_one",0,1
195,"web|multi_factor|low|one_to_one",0,1
196,"web|multi_factor|low|one_to_one",0,1
197,"web|multi_factor|low|one_to_one",0,1
198,"web|multi_factor|low|one_to_one",0,1
199,"web|multi_factor|low|one_to_one",0,1
200,"web|multi_factor|low|one_to_one",0,1
201,"web|multi_factor|low|one_to_one",0,1
202,"web|multi_factor|low|one_to_one",0,1
203,"web|multi_factor|low|one_to_one",0,1
205,"web|multi_factor|low|one_to_one",0,1
206,"web|multi_factor|low|one_to_one",0,1
207,"web|multi_factor|low|one_to_one",0,1
208,"web|multi_factor|low|one_to_one",0,1
209,"web|multi_factor|low|one_to_one",0,1
210,"web|multi_factor|low|one_to_one",0,1
211,"web|multi_factor|low|one_to_one",0,1
212,"web|multi_factor|low|one_to_one",0,1
213,"web|multi_factor|low|one_to_one",0,1
214,"web|multi_factor|low|one_to_one",0,1
217,"web|multi_factor|low|one_to_one",0,1
219,"web|multi_factor|low|one_to_one",0,1
220,"web|multi_factor|low|one_to_one",0,1
221,"web|multi_factor|low|one_to_one",0,1
222,"web|multi_factor|low|one_to_one",0,1
223,"web|multi_factor|low|one_to_one",0,1
224,"web|multi_factor|low|one_to_one",0,1
225,"web|multi_factor|low|one_to_one",0,1
226,"web|multi_factor|low|one_to_one",0,1
227,"web|multi_factor|low|one_to_one",0,1
228,"web|multi_factor|low|one_to_one",0,1
230,"web|multi_factor|low|one_to_one",0,1
231,"web|multi_factor|low|one_to_one",0,1
232,"web|multi_factor|low|one_to_one",0,1
233,"web|multi_factor|low|one_to_one",0,1
234,"web|multi_factor|low|one_to_one",0,1
235,"web|multi_factor|low|one_to_one",0,1
236,"web|multi_factor|low|one_to_one",0,1
237,"web|multi_factor|low|one_to_one",0,1
238,"web|multi_factor|low|one_to_one",0,1
239,"web|multi_factor|low|one_to_one",0,1
240,"web|multi_factor|low|one_to_one",0,1
241,"web|multi_factor|low|one_to_one",0,1
242,"web|multi_factor|low|one_to_one",0,1
243,"web|multi_factor|low|one_to_one",0,1
245,"web|multi_factor|low|one_to_one",0,1
246,"web|multi_factor|low|one_to_one",0,1
247,"web|multi_factor|low|one_to_one",0,1
248,"web|multi_factor|low|one_to_one",0,1
249,"web|multi_factor|low|one_to_one",0,1
250,"web|multi_factor|low|one_to_one",0,1
251,"web|multi_factor|low|one_to_one",0,1
252,"web|multi_factor|low|one_to_one",0,1
253,"web|multi_factor|low|one_to_one",0,1
254,"web|multi_factor|low|one_to_one",0,1
256,"web|multi_factor|low|one_to_one",0,1
258,"web|multi_factor|low|one_to_one",0,1
259,"web|multi_factor|low|one_to_one",0,1
260,"web|multi_factor|low|one_to_one",0,1
261,"web|multi_factor|low|one_to_one",0,1
263,"web|multi_factor|low|one_to_one",0,1
264,"web|multi_factor|low|one_to_one",0,1
265,"web|multi_factor|low|one_to_one",0,1
266,"web|multi_factor|low|one_to_one",0,1
267,"web|multi_factor|low|one_to_one",0,1
268,"web|multi_factor|low|one_to_one",0,1
269,"web|multi_factor|low|one_to_one",0,1
270,"web|multi_factor|low|one_to_one",0,1
271,"web|multi_factor|low|one_to_one",0,1
272,"web|multi_factor|low|one_to_one",0,1
273,"web|multi_factor|low|one_to_one",0,1
274,"web|multi_factor|low|one_to_one",0,1
275,"web|multi_factor|low|one_to_one",0,1
276,"web|multi_factor|low|one_to_one",0,1
277,"web|multi_factor|low|one_to_one",0,1
279,"web|multi_factor|low|one_to_one",0,1
280,"web|multi_factor|low|one_to_one",0,1
281,"web|multi_factor|low|one_to_one",0,1
282,"web|multi_factor|low|one_to_one",0,1
283,"web|multi_factor|low|one_to_one",0,1
284,"web|multi_factor|low|one_to_one",0,1
285,"web|multi_factor|low|one_to_one",0,1
286,"web|multi_factor|low|one_to_one",0,1
287,"web|multi_factor|low|one_to_one",0,1
288,"web|multi_factor|low|one_to_one",0,1
289,"web|multi_factor|low|one_to_one",0,1
290,"web|multi_factor|low|one_to_one",0,1
291,"web|multi_factor|low|one_to_one",0,1
292,"web|multi_factor|low|one_to_one",0,1
293,"web|multi_factor|low|one_to_one",0,1
294,"web|multi_factor|low|one_to_one",0,1
295,"web|multi_factor|low|one_to_one",0,1
296,"web|multi_factor|low|one_to_one",0,1
297,"web|multi_factor|low|one_to_one",0,1
298,"web|multi_factor|low|one_to_one",0,1
299,"web|multi_factor|low|one_to_one",0,1
301,"web|multi_factor|low|one_to_one",0,1
302,"web|multi_factor|low|one_to_one",0,1
303,"web|multi_factor|low|one_to_one",0,1
304,"web|multi_factor|low|one_to_one",0,1
305,"web|multi_factor|low|one_to_one",0,1
306,"web|multi_factor|low|one_to_one",0,1
307,"web|multi_factor|low|one_to_one",0,1
308,"web|multi_factor|low|one_to_one",0,1
309,"web|multi_factor|low|one_to_one",0,1
310,"web|multi_factor|low|one_to_one",0,1
311,"web|multi_factor|low|one_to_one",0,1
312,"web|multi_factor|low|one_to_one",0,1
313,"web|multi_factor|low|one_to_one",0,1
314,"web|multi_factor|low|one_to_one",0,1
2,"mobile|simple|medium|one_to_one",0,1
3,"mobile|simple|medium|one_to_one",0,1
4,"mobile|simple|medium|one_to_one",0,1
5,"mobile|simple|medium|one_to_one",0,1
6,"mobile|simple|medium|one_to_one",0,1
7,"mobile|simple|medium|one_to_one",0,1
8,"mobile|simple|medium|one_to_one",0,1
9,"mobile|simple|medium|one_to_one",0,1
10,"mobile|simple|medium|one_to_one",0,1
11,"mobile|simple|medium|one_to_one",0,1
13,"mobile|simple|medium|one_to_one",0,1
14,"mobile|simple|medium|one_to_one",0,1
15,"mobile|simple|medium|one_to_one",0,1
16,"mobile|simple|medium|one_to_one",0,1
17,"mobile|simple|medium|one_to_one",0,1
18,"mobile|simple|medium|one_to_one",0,1
19,"mobile|simple|medium|one_to_one",0,1
20,"mobile|simple|medium|one_to_one",0,1
21,"mobile|simple|medium|one_to_one",0,1
22,"mobile|simple|medium|one_to_one",0,1
23,"mobile|simple|medium|one_to_one",0,1
24,"mobile|simple|medium|one_to_one",0,1
26,"mobile|simple|medium|one_to_one",0,1
27,"mobile|simple|medium|one_to_one",0,1
28,"mobile|simple|medium|one_to_one",0,1
29,"mobile|simple|medium|one_to_one",0,1
31,"mobile|simple|medium|one_to_one",0,1
32,"mobile|simple|medium|one_to_one",0,1
33,"mobile|simple|medium|one_to_one",0,1
35,"mobile|simple|medium|one_to_one",0,1
36,"mobile|simple|medium|one_to_one",0,1
37,"mobile|simple|medium|one_to_one",0,1
38,"mobile|simple|medium|one_to_one",0,1
39,"mobile|simple|medium|one_to_one",0,1
41,"mobile|simple|medium|one_to_one",0,1
42,"mobile|simple|medium|one_to_one",0,1
43,"mobile|simple|medium|one_to_one",0,1
44,"mobile|simple|medium|one_to_one",0,1
45,"mobile|simple|medium|one_to_one",0,1
46,"mobile|simple|medium|one_to_one",0,1
47,"mobile|simple|medium|one_to_one",0,1
48,"mobile|simple|medium|one_to_one",0,1
49,"mobile|simple|medium|one_to_one",0,1
50,"mobile|simple|medium|one_to_one",0,1
51,"mobile|simple|medium|one_to_one",0,1
52,"mobile|simple|medium|one_to_one",0,1
53,"mobile|simple|medium|one_to_one",0,1
54,"mobile|simple|medium|one_to_one",0,1
55,"mobile|simple|medium|one_to_one",0,1
56,"mobile|simple|medium|one_to_one",0,1
57,"mobile|simple|medium|one_to_one",0,1
58,"mobile|simple|medium|one_to_one",0,1
60,"mobile|simple|medium|one_to_one",0,1
61,"mobile|simple|medium|one_to_one",0,1
62,"mobile|simple|medium|one_to_one",0,1
63,"mobile|simple|medium|one_to_one",0,1
64,"mobile|simple|medium|one_to_one",0,1
65,"mobile|simple|medium|one_to_one",0,1
68,"mobile|simple|medium|one_to_one",0,1
69,"mobile|simple|medium|one_to_one",0,1
70,"mobile|simple|medium|one_to_one",0,1
71,"mobile|simple|medium|one_to_one",0,1
72,"mobile|simple|medium|one_to_one",0,1
73,"mobile|simple|medium|one_to_one",0,1
74,"mobile|simple|medium|one_to_one",0,1
75,"mobile|simple|medium|one_to_one",0,1
76,"mobile|simple|medium|one_to_one",0,1
77,"mobile|simple|medium|one_to_one",0,1
78,"mobile|simple|medium|one_to_one",0,1
79,"mobile|simple|medium|one_to_one",0,1
80,"mobile|simple|medium|one_to_one",0,1
81,"mobile|simple|medium|one_to_one",0,1
82,"mobile|simple|medium|one_to_one",0,1
83,"mobile|simple|medium|one_to_one",0,1
84,"mobile|simple|medium|one_to_one",0,1
86,"mobile|simple|medium|one_to_one",0,1
87,"mobile|simple|medium|one_to_one",0,1
88,"mobile|simple|medium|one_to_one",0,1
90,"mobile|simple|medium|one_to_one",0,1
91,"mobile|simple|medium|one_to_one",0,1
92,"mobile|simple|medium|one_to_one",0,1
93,"mobile|simple|medium|one_to_one",0,1
94,"mobile|simple|medium|one_to_one",0,1
95,"mobile|simple|medium|one_to_one",0,1
96,"mobile|simple|medium|one_to_one",0,1
97,"mobile|simple|medium|one_to_one",0,1
98,"mobile|simple|medium|one_to_one",0,1
99,"mobile|simple|medium|one_to_one",0,1
100,"mobile|simple|medium|one_to_one",0,1
101,"mobile|simple|medium|one_to_one",0,1
103,"mobile|simple|medium|one_to_one",0,1
104,"mobile|simple|medium|one_to_one",0,1
105,"mobile|simple|medium|one_to_one",0,1
106,"mobile|simple|medium|one_to_one",0,1
107,"mobile|simple|medium|one_to_one",0,1
108,"mobile|simple|medium|one_to_one",0,1
109,"mobile|simple|medium|one_to_one",0,1
110,"mobile|simple|medium|one_to_one",0,1
111,"mobile|simple|medium|one_to_one",0,1
112,"mobile|simple|medium|one_to_one",0,1
113,"mobile|simple|medium|one_to_one",0,1
114,"mobile|simple|medium|one_to_one",0,1
115,"mobile|simple|medium|one_to_one",0,1
116,"mobile|simple|medium|one_to_one",0,1
117,"mobile|simple|medium|one_to_one",0,1
118,"mobile|simple|medium|one_to_one",0,1
119,"mobile|simple|medium|one_to_one",0,1
120,"mobile|simple|medium|one_to_one",0,1
121,"mobile|simple|medium|one_to_one",0,1
122,"mobile|simple|medium|one_to_one",0,1
123,"mobile|simple|medium|one_to_one",0,1
124,"mobile|simple|medium|one_to_one",0,1
125,"mobile|simple|medium|one_to_one",0,1
126,"mobile|simple|medium|one_to_one",0,1
127,"mobile|simple|medium|one_to_one",0,1
128,"mobile|simple|medium|one_to_one",0,1
130,"mobile|simple|medium|one_to_one",0,1
131,"mobile|simple|medium|one_to_one",0,1
132,"mobile|simple|medium|one_to_one",0,1
133,"mobile|simple|medium|one_to_one",0,1
135,"mobile|simple|medium|one_to_one",0,1
136,"mobile|simple|medium|one_to_one",0,1
137,"mobile|simple|medium|one_to_one",0,1
138,"mobile|simple|medium|one_to_one",0,1
140,"mobile|simple|medium|one_to_one",0,1
141,"mobile|simple|medium|one_to_one",0,1
142,"mobile|simple|medium|one_to_one",0,1
143,"mobile|simple|medium|one_to_one",0,1
144,"mobile|simple|medium|one_to_one",0,1
145,"mobile|simple|medium|one_to_one",0,1
146,"mobile|simple|medium|one_to_one",0,1
147,"mobile|simple|medium|one_to_one",0,1
148,"mobile|simple|medium|one_to_one",0,1
149,"mobile|simple|medium|one_to_one",0,1
150,"mobile|simple|medium|one_to_one",0,1
151,"mobile|simple|medium|one_to_one",0,1
152,"mobile|simple|medium|one_to_one",0,1
153,"mobile|simple|medium|one_to_one",0,1
154,"mobile|simple|medium|one_to_one",0,1
155,"mobile|simple|medium|one_to_one",0,1
156,"mobile|simple|medium|one_to_one",0,1
157,"mobile|simple|medium|one_to_one",0,1
158,"mobile|simple|medium|one_to_one",0,1
159,"mobile|simple|medium|one_to_one",0,1
160,"mobile|simple|medium|one_to_one",0,1
162,"mobile|simple|medium|one_to_one",0,1
163,"mobile|simple|medium|one_to_one",0,1
164,"mobile|simple|medium|one_to_one",0,1
165,"mobile|simple|medium|one_to_one",0,1
166,"mobile|simple|medium|one_to_one",0,1
167,"mobile|simple|medium|one_to_one",0,1
168,"mobile|simple|medium|one_to_one",0,1
169,"mobile|simple|medium|one_to_one",0,1
170,"mobile|simple|medium|one_to_one",0,1
171,"mobile|simple|medium|one_to_one",0,1
172,"mobile|simple|medium|one_to_one",0,1
173,"mobile|simple|medium|one_to_one",0,1
174,"mobile|simple|medium|one_to_one",0,1
175,"mobile|simple|medium|one_to_one",0,1
176,"mobile|simple|medium|one_to_one",0,1
177,"mobile|simple|medium|one_to_one",0,1
178,"mobile|simple|medium|one_to_one",0,1
179,"mobile|simple|medium|one_to_one",0,1
180,"mobile|simple|medium|one_to_one",0,1
181,"mobile|simple|medium|one_to_one",0,1
183,"mobile|simple|medium|one_to_one",0,1
184,"mobile|simple|medium|one_to_one",0,1
186,"mobile|simple|medium|one_to_one",0,1
187,"mobile|simple|medium|one_to_one",0,1
188,"mobile|simple|medium|one_to_one",0,1
189,"mobile|simple|medium|one_to_one",0,1
190,"mobile|simple|medium|one_to_one",0,1
191,"mobile|simple|medium|one_to_one",0,1
192,"mobile|simple|medium|one_to_one",0,1
194,"mobile|simple|medium|one_to_one",0,1
195,"mobile|simple|medium|one_to_one",0,1
196,"mobile|simple|medium|one_to_one",0,1
197,"mobile|simple|medium|one_to_one",0,1
198,"mobile|simple|medium|one_to_one",0,1
199,"mobile|simple|medium|one_to_one",0,1
200,"mobile|simple|medium|one_to_one",0,1
201,"mobile|simple|medium|one_to_one",0,1
202,"mobile|simple|medium|one_to_one",0,1
203,"mobile|simple|medium|one_to_one",0,1
205,"mobile|simple|medium|one_to_one",0,1
206,"mobile|simple|medium|one_to_one",0,1
207,"mobile|simple|medium|one_to_one",0,1
208,"mobile|simple|medium|one_to_one",0,1
209,"mobile|simple|medium|one_to_one",0,1
210,"mobile|simple|medium|one_to_one",0,1
211,"mobile|simple|medium|one_to_one",0,1
212,"mobile|simple|medium|one_to_one",0,1
213,"mobile|simple|medium|one_to_one",0,1
214,"mobile|simple|medium|one_to_one",0,1
217,"mobile|simple|medium|one_to_one",0,1
219,"mobile|simple|medium|one_to_one",0,1
220,"mobile|simple|medium|one_to_one",0,1
221,"mobile|simple|medium|one_to_one",0,1
222,"mobile|simple|medium|one_to_one",0,1
223,"mobile|simple|medium|one_to_one",0,1
224,"mobile|simple|medium|one_to_one",0,1
225,"mobile|simple|medium|one_to_one",0,1
226,"mobile|simple|medium|one_to_one",0,1
227,"mobile|simple|medium|one_to_one",0,1
228,"mobile|simple|medium|one_to_one",0,1
230,"mobile|simple|medium|one_to_one",0,1
231,"mobile|simple|medium|one_to_one",0,1
232,"mobile|simple|medium|one_to_one",0,1
233,"mobile|simple|medium|one_to_one",0,1
234,"mobile|simple|medium|one_to_one",0,1
235,"mobile|simple|medium|one_to_one",0,1
236,"mobile|simple|medium|one_to_one",0,1
237,"mobile|simple|medium|one_to_one",0,1
238,"mobile|simple|medium|one_to_one",0,1
239,"mobile|simple|medium|one_to_one",0,1
240,"mobile|simple|medium|one_to_one",0,1
241,"mobile|simple|medium|one_to_one",0,1
242,"mobile|simple|medium|one_to_one",0,1
243,"mobile|simple|medium|one_to_one",0,1
245,"mobile|simple|medium|one_to_one",0,1
246,"mobile|simple|medium|one_to_one",0,1
247,"mobile|simple|medium|one_to_one",0,1
248,"mobile|simple|medium|one_to_one",0,1
249,"mobile|simple|medium|one_to_one",0,1
250,"mobile|simple|medium|one_to_one",0,1
251,"mobile|simple|medium|one_to_one",0,1
252,"mobile|simple|medium|one_to_one",0,1
253,"mobile|simple|medium|one_to_one",0,1
254,"mobile|simple|medium|one_to_one",0,1
256,"mobile|simple|medium|one_to_one",0,1
258,"mobile|simple|medium|one_to_one",0,1
259,"mobile|simple|medium|one_to_one",0,1
260,"mobile|simple|medium|one_to_one",0,1
261,"mobile|simple|medium|one_to_one",0,1
263,"mobile|simple|medium|one_to_one",0,1
264,"mobile|simple|medium|one_to_one",0,1
265,"mobile|simple|medium|one_to_one",0,1
266,"mobile|simple|medium|one_to_one",0,1
267,"mobile|simple|medium|one_to_one",0,1
268,"mobile|simple|medium|one_to_one",0,1
269,"mobile|simple|medium|one_to_one",0,1
270,"mobile|simple|medium|one_to_one",0,1
271,"mobile|simple|medium|one_to_one",0,1
272,"mobile|simple|medium|one_to_one",0,1
273,"mobile|simple|medium|one_to_one",0,1
274,"mobile|simple|medium|one_to_one",0,1
275,"mobile|simple|medium|one_to_one",0,1
276,"mobile|simple|medium|one_to_one",0,1
277,"mobile|simple|medium|one_to_one",0,1
279,"mobile|simple|medium|one_to_one",0,1
280,"mobile|simple|medium|one_to_one",0,1
281,"mobile|simple|medium|one_to_one",0,1
282,"mobile|simple|medium|one_to_one",0,1
283,"mobile|simple|medium|one_to_one",0,1
284,"mobile|simple|medium|one_to_one",0,1
285,"mobile|simple|medium|one_to_one",0,1
286,"mobile|simple|medium|one_to_one",0,1
287,"mobile|simple|medium|one_to_one",0,1
288,"mobile|simple|medium|one_to_one",0,1
289,"mobile|simple|medium|one_to_one",0,1
290,"mobile|simple|medium|one_to_one",0,1
291,"mobile|simple|medium|one_to_one",0,1
292,"mobile|simple|medium|one_to_one",0,1
293,"mobile|simple|medium|one_to_one",0,1
294,"mobile|simple|medium|one_to_one",0,1
295,"mobile|simple|medium|one_to_one",0,1
296,"mobile|simple|medium|one_to_one",0,1
297,"mobile|simple|medium|one_to_one",0,1
298,"mobile|simple|medium|one_to_one",0,1
299,"mobile|simple|medium|one_to_one",0,1
301,"mobile|simple|medium|one_to_one",0,1
302,"mobile|simple|medium|one_to_one",0,1
303,"mobile|simple|medium|one_to_one",0,1
304,"mobile|simple|medium|one_to_one",0,1
305,"mobile|simple|medium|one_to_one",0,1
306,"mobile|simple|medium|one_to_one",0,1
307,"mobile|simple|medium|one_to_one",0,1
308,"mobile|simple|medium|one_to_one",0,1
309,"mobile|simple|medium|one_to_one",0,1
310,"mobile|simple|medium|one_to_one",0,1
311,"mobile|simple|medium|one_to_one",0,1
312,"mobile|simple|medium|one_to_one",0,1
313,"mobile|simple|medium|one_to_one",0,1
314,"mobile|simple|medium|one_to_one",0,1
2,"mobile|two_factor|medium|one_to_one",0,1
3,"mobile|two_factor|medium|one_to_one",0,1
4,"mobile|two_factor|medium|one_to_one",0,1
5,"mobile|two_factor|medium|one_to_one",0,1
6,"mobile|two_factor|medium|one_to_one",0,1
7,"mobile|two_factor|medium|one_to_one",0,1
8,"mobile|two_factor|medium|one_to_one",0,1
9,"mobile|two_factor|medium|one_to_one",0,1
10,"mobile|two_factor|medium|one_to_one",0,1
11,"mobile|two_factor|medium|one_to_one",0,1
13,"mobile|two_factor|medium|one_to_one",0,1
14,"mobile|two_factor|medium|one_to_one",0,1
15,"mobile|two_factor|medium|one_to_one",0,1
16,"mobile|two_factor|medium|one_to_one",0,1
17,"mobile|two_factor|medium|one_to_one",0,1
18,"mobile|two_factor|medium|one_to_one",0,1
19,"mobile|two_factor|medium|one_to_one",0,1
20,"mobile|two_factor|medium|one_to_one",0,1
21,"mobile|two_factor|medium|one_to_one",0,1
22,"mobile|two_factor|medium|one_to_one",0,1
23,"mobile|two_factor|medium|one_to_one",0,1
24,"mobile|two_factor|medium|one_to_one",0,1
26,"mobile|two_factor|medium|one_to_one",0,1
27,"mobile|two_factor|medium|one_to_one",0,1
28,"mobile|two_factor|medium|one_to_one",0,1
29,"mobile|two_factor|medium|one_to_one",0,1
31,"mobile|two_factor|medium|one_to_one",0,1
32,"mobile|two_factor|medium|one_to_one",0,1
33,"mobile|two_factor|medium|one_to_one",0,1
35,"mobile|two_factor|medium|one_to_one",0,1
36,"mobile|two_factor|medium|one_to_one",0,1
37,"mobile|two_factor|medium|one_to_one",0,1
38,"mobile|two_factor|medium|one_to_one",0,1
39,"mobile|two_factor|medium|one_to_one",0,1
41,"mobile|two_factor|medium|one_to_one",0,1
42,"mobile|two_factor|medium|one_to_one",0,1
43,"mobile|two_factor|medium|one_to_one",0,1
44,"mobile|two_factor|medium|one_to_one",0,1
45,"mobile|two_factor|medium|one_to_one",0,1
46,"mobile|two_factor|medium|one_to_one",0,1
47,"mobile|two_factor|medium|one_to_one",0,1
48,"mobile|two_factor|medium|one_to_one",0,1
49,"mobile|two_factor|medium|one_to_one",0,1
50,"mobile|two_factor|medium|one_to_one",0,1
51,"mobile|two_factor|medium|one_to_one",0,1
52,"mobile|two_factor|medium|one_to_one",0,1
53,"mobile|two_factor|medium|one_to_one",0,1
54,"mobile|two_factor|medium|one_to_one",0,1
55,"mobile|two_factor|medium|one_to_one",0,1
56,"mobile|two_factor|medium|one_to_one",0,1
57,"mobile|two_factor|medium|one_to_one",0,1
58,"mobile|two_factor|medium|one_to_one",0,1
60,"mobile|two_factor|medium|one_to_one",0,1
61,"mobile|two_factor|medium|one_to_one",0,1
62,"mobile|two_factor|medium|one_to_one",0,1
63,"mobile|two_factor|medium|one_to_one",0,1
64,"mobile|two_factor|medium|one_to_one",0,1
65,"mobile|two_factor|medium|one_to_one",0,1
68,"mobile|two_factor|medium|one_to_one",0,1
69,"mobile|two_factor|medium|one_to_one",0,1
70,"mobile|two_factor|medium|one_to_one",0,1
71,"mobile|two_factor|medium|one_to_one",0,1
72,"mobile|two_factor|medium|one_to_one",0,1
73,"mobile|two_factor|medium|one_to_one",0,1
74,"mobile|two_factor|medium|one_to_one",0,1
75,"mobile|two_factor|medium|one_to_one",0,1
76,"mobile|two_factor|medium|one_to_one",0,1
77,"mobile|two_factor|medium|one_to_one",0,1
78,"mobile|two_factor|medium|one_to_one",0,1
79,"mobile|two_factor|medium|one_to_one",0,1
80,"mobile|two_factor|medium|one_to_one",0,1
81,"mobile|two_factor|medium|one_to_one",0,1
82,"mobile|two_factor|medium|one_to_one",0,1
83,"mobile|two_factor|medium|one_to_one",0,1
84,"mobile|two_factor|medium|one_to_one",0,1
86,"mobile|two_factor|medium|one_to_one",0,1
87,"mobile|two_factor|medium|one_to_one",0,1
88,"mobile|two_factor|medium|one_to_one",0,1
90,"mobile|two_factor|medium|one_to_one",0,1
91,"mobile|two_factor|medium|one_to_one",0,1
92,"mobile|two_factor|medium|one_to_one",0,1
93,"mobile|two_factor|medium|one_to_one",0,1
94,"mobile|two_factor|medium|one_to_one",0,1
95,"mobile|two_factor|medium|one_to_one",0,1
96,"mobile|two_factor|medium|one_to_one",0,1
97,"mobile|two_factor|medium|one_to_one",0,1
98,"mobile|two_factor|medium|one_to_one",0,1
99,"mobile|two_factor|medium|one_to_one",0,1
100,"mobile|two_factor|medium|one_to_one",0,1
101,"mobile|two_factor|medium|one_to_one",0,1
103,"mobile|two_factor|medium|one_to_one",0,1
104,"mobile|two_factor|medium|one_to_one",0,1
105,"mobile|two_factor|medium|one_to_one",0,1
106,"mobile|two_factor|medium|one_to_one",0,1
107,"mobile|two_factor|medium|one_to_one",0,1
108,"mobile|two_factor|medium|one_to_one",0,1
109,"mobile|two_factor|medium|one_to_one",0,1
110,"mobile|two_factor|medium|one_to_one",0,1
111,"mobile|two_factor|medium|one_to_one",0,1
112,"mobile|two_factor|medium|one_to_one",0,1
113,"mobile|two_factor|medium|one_to_one",0,1
114,"mobile|two_factor|medium|one_to_one",0,1
115,"mobile|two_factor|medium|one_to_one",0,1
116,"mobile|two_factor|medium|one_to_one",0,1
117,"mobile|two_factor|medium|one_to_one",0,1
118,"mobile|two_factor|medium|one_to_one",0,1
119,"mobile|two_factor|medium|one_to_one",0,1
120,"mobile|two_factor|medium|one_to_one",0,1
121,"mobile|two_factor|medium|one_to_one",0,1
122,"mobile|two_factor|medium|one_to_one",0,1
123,"mobile|two_factor|medium|one_to_one",0,1
124,"mobile|two_factor|medium|one_to_one",0,1
125,"mobile|two_factor|medium|one_to_one",0,1
126,"mobile|two_factor|medium|one_to_one",0,1
127,"mobile|two_factor|medium|one_to_one",0,1
128,"mobile|two_factor|medium|one_to_one",0,1
130,"mobile|two_factor|medium|one_to_one",0,1
131,"mobile|two_factor|medium|one_to_one",0,1
132,"mobile|two_factor|medium|one_to_one",0,1
133,"mobile|two_factor|medium|one_to_one",0,1
135,"mobile|two_factor|medium|one_to_one",0,1
136,"mobile|two_factor|medium|one_to_one",0,1
137,"mobile|two_factor|medium|one_to_one",0,1
138,"mobile|two_factor|medium|one_to_one",0,1
140,"mobile|two_factor|medium|one_to_one",0,1
141,"mobile|two_factor|medium|one_to_one",0,1
142,"mobile|two_factor|medium|one_to_one",0,1
143,"mobile|two_factor|medium|one_to_one",0,1
144,"mobile|two_factor|medium|one_to_one",0,1
145,"mobile|two_factor|medium|one_to_one",0,1
146,"mobile|two_factor|medium|one_to_one",0,1
147,"mobile|two_factor|medium|one_to_one",0,1
148,"mobile|two_factor|medium|one_to_one",0,1
149,"mobile|two_factor|medium|one_to_one",0,1
150,"mobile|two_factor|medium|one_to_one",0,1
151,"mobile|two_factor|medium|one_to_one",0,1
152,"mobile|two_factor|medium|one_to_one",0,1
153,"mobile|two_factor|medium|one_to_one",0,1
154,"mobile|two_factor|medium|one_to_one",0,1
155,"mobile|two_factor|medium|one_to_one",0,1
156,"mobile|two_factor|medium|one_to_one",0,1
157,"mobile|two_factor|medium|one_to_one",0,1
158,"mobile|two_factor|medium|one_to_one",0,1
159,"mobile|two_factor|medium|one_to_one",0,1
160,"mobile|two_factor|medium|one_to_one",0,1
162,"mobile|two_factor|medium|one_to_one",0,1
163,"mobile|two_factor|medium|one_to_one",0,1
164,"mobile|two_factor|medium|one_to_one",0,1
165,"mobile|two_factor|medium|one_to_one",0,1
166,"mobile|two_factor|medium|one_to_one",0,1
167,"mobile|two_factor|medium|one_to_one",0,1
168,"mobile|two_factor|medium|one_to_one",0,1
169,"mobile|two_factor|medium|one_to_one",0,1
170,"mobile|two_factor|medium|one_to_one",0,1
171,"mobile|two_factor|medium|one_to_one",0,1
172,"mobile|two_factor|medium|one_to_one",0,1
173,"mobile|two_factor|medium|one_to_one",0,1
174,"mobile|two_factor|medium|one_to_one",0,1
175,"mobile|two_factor|medium|one_to_one",0,1
176,"mobile|two_factor|medium|one_to_one",0,1
177,"mobile|two_factor|medium|one_to_one",0,1
178,"mobile|two_factor|medium|one_to_one",0,1
179,"mobile|two_factor|medium|one_to_one",0,1
180,"mobile|two_factor|medium|one_to_one",0,1
181,"mobile|two_factor|medium|one_to_one",0,1
183,"mobile|two_factor|medium|one_to_one",0,1
184,"mobile|two_factor|medium|one_to_one",0,1
186,"mobile|two_factor|medium|one_to_one",0,1
187,"mobile|two_factor|medium|one_to_one",0,1
188,"mobile|two_factor|medium|one_to_one",0,1
189,"mobile|two_factor|medium|one_to_one",0,1
190,"mobile|two_factor|medium|one_to_one",0,1
191,"mobile|two_factor|medium|one_to_one",0,1
192,"mobile|two_factor|medium|one_to_one",0,1
194,"mobile|two_factor|medium|one_to_one",0,1
195,"mobile|two_factor|medium|one_to_one",0,1
196,"mobile|two_factor|medium|one_to_one",0,1
197,"mobile|two_factor|medium|one_to_one",0,1
198,"mobile|two_factor|medium|one_to_one",0,1
199,"mobile|two_factor|medium|one_to_one",0,1
200,"mobile|two_factor|medium|one_to_one",0,1
201,"mobile|two_factor|medium|one_to_one",0,1
202,"mobile|two_factor|medium|one_to_one",0,1
203,"mobile|two_factor|medium|one_to_one",0,1
205,"mobile|two_factor|medium|one_to_one",0,1
206,"mobile|two_factor|medium|one_to_one",0,1
207,"mobile|two_factor|medium|one_to_one",0,1
208,"mobile|two_factor|medium|one_to_one",0,1
209,"mobile|two_factor|medium|one_to_one",0,1
210,"mobile|two_factor|medium|one_to_one",0,1
211,"mobile|two_factor|medium|one_to_one",0,1
212,"mobile|two_factor|medium|one_to_one",0,1
213,"mobile|two_factor|medium|one_to_one",0,1
214,"mobile|two_factor|medium|one_to_one",0,1
217,"mobile|two_factor|medium|one_to_one",0,1
219,"mobile|two_factor|medium|one_to_one",0,1
220,"mobile|two_factor|medium|one_to_one",0,1
221,"mobile|two_factor|medium|one_to_one",0,1
222,"mobile|two_factor|medium|one_to_one",0,1
223,"mobile|two_factor|medium|one_to_one",0,1
224,"mobile|two_factor|medium|one_to_one",0,1
225,"mobile|two_factor|medium|one_to_one",0,1
226,"mobile|two_factor|medium|one_to_one",0,1
227,"mobile|two_factor|medium|one_to_one",0,1
228,"mobile|two_factor|medium|one_to_one",0,1
230,"mobile|two_factor|medium|one_to_one",0,1
231,"mobile|two_factor|medium|one_to_one",0,1
232,"mobile|two_factor|medium|one_to_one",0,1
233,"mobile|two_factor|medium|one_to_one",0,1
234,"mobile|two_factor|medium|one_to_one",0,1
235,"mobile|two_factor|medium|one_to_one",0,1
236,"mobile|two_factor|medium|one_to_one",0,1
237,"mobile|two_factor|medium|one_to_one",0,1
238,"mobile|two_factor|medium|one_to_one",0,1
239,"mobile|two_factor|medium|one_to_one",0,1
240,"mobile|two_factor|medium|one_to_one",0,1
241,"mobile|two_factor|medium|one_to_one",0,1
242,"mobile|two_factor|medium|one_to_one",0,1
243,"mobile|two_factor|medium|one_to_one",0,1
245,"mobile|two_factor|medium|one_to_one",0,1
246,"mobile|two_factor|medium|one_to_one",0,1
247,"mobile|two_factor|medium|one_to_one",0,1
248,"mobile|two_factor|medium|one_to_one",0,1
249,"mobile|two_factor|medium|one_to_one",0,1
250,"mobile|two_factor|medium|one_to_one",0,1
251,"mobile|two_factor|medium|one_to_one",0,1
252,"mobile|two_factor|medium|one_to_one",0,1
253,"mobile|two_factor|medium|one_to_one",0,1
254,"mobile|two_factor|medium|one_to_one",0,1
256,"mobile|two_factor|medium|one_to_one",0,1
258,"mobile|two_factor|medium|one_to_one",0,1
259,"mobile|two_factor|medium|one_to_one",0,1
260,"mobile|two_factor|medium|one_to_one",0,1
261,"mobile|two_factor|medium|one_to_one",0,1
263,"mobile|two_factor|medium|one_to_one",0,1
264,"mobile|two_factor|medium|one_to_one",0,1
265,"mobile|two_factor|medium|one_to_one",0,1
266,"mobile|two_factor|medium|one_to_one",0,1
267,"mobile|two_factor|medium|one_to_one",0,1
268,"mobile|two_factor|medium|one_to_one",0,1
269,"mobile|two_factor|medium|one_to_one",0,1
270,"mobile|two_factor|medium|one_to_one",0,1
271,"mobile|two_factor|medium|one_to_one",0,1
272,"mobile|two_factor|medium|one_to_one",0,1
273,"mobile|two_factor|medium|one_to_one",0,1
274,"mobile|two_factor|medium|one_to_one",0,1
275,"mobile|two_factor|medium|one_to_one",0,1
276,"mobile|two_factor|medium|one_to_one",0,1
277,"mobile|two_factor|medium|one_to_one",0,1
279,"mobile|two_factor|medium|one_to_one",0,1
280,"mobile|two_factor|medium|one_to_one",0,1
281,"mobile|two_factor|medium|one_to_one",0,1
282,"mobile|two_factor|medium|one_to_one",0,1
283,"mobile|two_factor|medium|one_to_one",0,1
284,"mobile|two_factor|medium|one_to_one",0,1
285,"mobile|two_factor|medium|one_to_one",0,1
286,"mobile|two_factor|medium|one_to_one",0,1
287,"mobile|two_factor|medium|one_to_one",0,1
288,"mobile|two_factor|medium|one_to_one",0,1
289,"mobile|two_factor|medium|one_to_one",0,1
290,"mobile|two_factor|medium|one_to_one",0,1
291,"mobile|two_factor|medium|one_to_one",0,1
292,"mobile|two_factor|medium|one_to_one",0,1
293,"mobile|two_factor|medium|one_to_one",0,1
294,"mobile|two_factor|medium|one_to_one",0,1
295,"mobile|two_factor|medium|one_to_one",0,1
296,"mobile|two_factor|medium|one_to_one",0,1
297,"mobile|two_factor|medium|one_to_one",0,1
298,"mobile|two_factor|medium|one_to_one",0,1
299,"mobile|two_factor|medium|one_to_one",0,1
301,"mobile|two_factor|medium|one_to_one",0,1
302,"mobile|two_factor|medium|one_to_one",0,1
303,"mobile|two_factor|medium|one_to_one",0,1
304,"mobile|two_factor|medium|one_to_one",0,1
305,"mobile|two_factor|medium|one_to_one",0,1
306,"mobile|two_factor|medium|one_to_one",0,1
307,"mobile|two_factor|medium|one_to_one",0,1
308,"mobile|two_factor|medium|one_to_one",0,1
309,"mobile|two_factor|medium|one_to_one",0,1
310,"mobile|two_factor|medium|one_to_one",0,1
311,"mobile|two_factor|medium|one_to_one",0,1
312,"mobile|two_factor|medium|one_to_one",0,1
313,"mobile|two_factor|medium|one_to_one",0,1
314,"mobile|two_factor|medium|one_to_one",0,1
2,"mobile|multi_factor|medium|one_to_one",0,1
3,"mobile|multi_factor|medium|one_to_one",0,1
4,"mobile|multi_factor|medium|one_to_one",0,1
5,"mobile|multi_factor|medium|one_to_one",0,1
6,"mobile|multi_factor|medium|one_to_one",0,1
7,"mobile|multi_factor|medium|one_to_one",0,1
8,"mobile|multi_factor|medium|one_to_one",0,1
9,"mobile|multi_factor|medium|one_to_one",0,1
10,"mobile|multi_factor|medium|one_to_one",0,1
11,"mobile|multi_factor|medium|one_to_one",0,1
13,"mobile|multi_factor|medium|one_to_one",0,1
14,"mobile|multi_factor|medium|one_to_one",0,1
15,"mobile|multi_factor|medium|one_to_one",0,1
16,"mobile|multi_factor|medium|one_to_one",0,1
17,"mobile|multi_factor|medium|one_to_one",0,1
18,"mobile|multi_factor|medium|one_to_one",0,1
19,"mobile|multi_factor|medium|one_to_one",0,1
20,"mobile|multi_factor|medium|one_to_one",0,1
21,"mobile|multi_factor|medium|one_to_one",0,1
22,"mobile|multi_factor|medium|one_to_one",0,1
23,"mobile|multi_factor|medium|one_to_one",0,1
24,"mobile|multi_factor|medium|one_to_one",0,1
26,"mobile|multi_factor|medium|one_to_one",0,1
27,"mobile|multi_factor|medium|one_to_one",0,1
28,"mobile|multi_factor|medium|one_to_one",0,1
29,"mobile|multi_factor|medium|one_to_one",0,1
31,"mobile|multi_factor|medium|one_to_one",0,1
32,"mobile|multi_factor|medium|one_to_one",0,1
33,"mobile|multi_factor|medium|one_to_one",0,1
35,"mobile|multi_factor|medium|one_to_one",0,1
36,"mobile|multi_factor|medium|one_to_one",0,1
37,"mobile|multi_factor|medium|one_to_one",0,1
38,"mobile|multi_factor|medium|one_to_one",0,1
39,"mobile|multi_factor|medium|one_to_one",0,1
41,"mobile|multi_factor|medium|one_to_one",0,1
42,"mobile|multi_factor|medium|one_to_one",0,1
43,"mobile|multi_factor|medium|one_to_one",0,1
44,"mobile|multi_factor|medium|one_to_one",0,1
45,"mobile|multi_factor|medium|one_to_one",0,1
46,"mobile|multi_factor|medium|one_to_one",0,1
47,"mobile|multi_factor|medium|one_to_one",0,1
48,"mobile|multi_factor|medium|one_to_one",0,1
49,"mobile|multi_factor|medium|one_to_one",0,1
50,"mobile|multi_factor|medium|one_to_one",0,1
51,"mobile|multi_factor|medium|one_to_one",0,1
52,"mobile|multi_factor|medium|one_to_one",0,1
53,"mobile|multi_factor|medium|one_to_one",0,1
54,"mobile|multi_factor|medium|one_to_one",0,1
55,"mobile|multi_factor|medium|one_to_one",0,1
56,"mobile|multi_factor|medium|one_to_one",0,1
57,"mobile|multi_factor|medium|one_to_one",0,1
58,"mobile|multi_factor|medium|one_to_one",0,1
60,"mobile|multi_factor|medium|one_to_one",0,1
61,"mobile|multi_factor|medium|one_to_one",0,1
62,"mobile|multi_factor|medium|one_to_one",0,1
63,"mobile|multi_factor|medium|one_to_one",0,1
64,"mobile|multi_factor|medium|one_to_one",0,1
65,"mobile|multi_factor|medium|one_to_one",0,1
68,"mobile|multi_factor|medium|one_to_one",0,1
69,"mobile|multi_factor|medium|one_to_one",0,1
70,"mobile|multi_factor|medium|one_to_one",0,1
71,"mobile|multi_factor|medium|one_to_one",0,1
72,"mobile|multi_factor|medium|one_to_one",0,1
73,"mobile|multi_factor|medium|one_to_one",0,1
74,"mobile|multi_factor|medium|one_to_one",0,1
75,"mobile|multi_factor|medium|one_to_one",0,1
76,"mobile|multi_factor|medium|one_to_one",0,1
77,"mobile|multi_factor|medium|one_to_one",0,1
78,"mobile|multi_factor|medium|one_to_one",0,1
79,"mobile|multi_factor|medium|one_to_one",0,1
80,"mobile|multi_factor|medium|one_to_one",0,1
81,"mobile|multi_factor|medium|one_to_one",0,1
82,"mobile|multi_factor|medium|one_to_one",0,1
83,"mobile|multi_factor|medium|one_to_one",0,1
84,"mobile|multi_factor|medium|one_to_one",0,1
86,"mobile|multi_factor|medium|one_to_one",0,1
87,"mobile|multi_factor|medium|one_to_one",0,1
88,"mobile|multi_factor|medium|one_to_one",0,1
90,"mobile|multi_factor|medium|one_to_one",0,1
91,"mobile|multi_factor|medium|one_to_one",0,1
92,"mobile|multi_factor|medium|one_to_one",0,1
93,"mobile|multi_factor|medium|one_to_one",0,1
94,"mobile|multi_factor|medium|one_to_one",0,1
95,"mobile|multi_factor|medium|one_to_one",0,1
96,"mobile|multi_factor|medium|one_to_one",0,1
97,"mobile|multi_factor|medium|one_to_one",0,1
98,"mobile|multi_factor|medium|one_to_one",0,1
99,"mobile|multi_factor|medium|one_to_one",0,1
100,"mobile|multi_factor|medium|one_to_one",0,1
101,"mobile|multi_factor|medium|one_to_one",0,1
103,"mobile|multi_factor|medium|one_to_one",0,1
104,"mobile|multi_factor|medium|one_to_one",0,1
105,"mobile|multi_factor|medium|one_to_one",0,1
106,"mobile|multi_factor|medium|one_to_one",0,1
107,"mobile|multi_factor|medium|one_to_one",0,1
108,"mobile|multi_factor|medium|one_to_one",0,1
109,"mobile|multi_factor|medium|one_to_one",0,1
110,"mobile|multi_factor|medium|one_to_one",0,1
111,"mobile|multi_factor|medium|one_to_one",0,1
112,"mobile|multi_factor|medium|one_to_one",0,1
113,"mobile|multi_factor|medium|one_to_one",0,1
114,"mobile|multi_factor|medium|one_to_one",0,1
115,"mobile|multi_factor|medium|one_to_one",0,1
116,"mobile|multi_factor|medium|one_to_one",0,1
117,"mobile|multi_factor|medium|one_to_one",0,1
118,"mobile|multi_factor|medium|one_to_one",0,1
119,"mobile|multi_factor|medium|one_to_one",0,1
120,"mobile|multi_factor|medium|one_to_one",0,1
121,"mobile|multi_factor|medium|one_to_one",0,1
122,"mobile|multi_factor|medium|one_to_one",0,1
123,"mobile|multi_factor|medium|one_to_one",0,1
124,"mobile|multi_factor|medium|one_to_one",0,1
125,"mobile|multi_factor|medium|one_to_one",0,1
126,"mobile|multi_factor|medium|one_to_one",0,1
127,"mobile|multi_factor|medium|one_to_one",0,1
128,"mobile|multi_factor|medium|one_to_one",0,1
130,"mobile|multi_factor|medium|one_to_one",0,1
131,"mobile|multi_factor|medium|one_to_one",0,1
132,"mobile|multi_factor|medium|one_to_one",0,1
133,"mobile|multi_factor|medium|one_to_one",0,1
135,"mobile|multi_factor|medium|one_to_one",0,1
136,"mobile|multi_factor|medium|one_to_one",0,1
137,"mobile|multi_factor|medium|one_to_one",0,1
138,"mobile|multi_factor|medium|one_to_one",0,1
140,"mobile|multi_factor|medium|one_to_one",0,1
141,"mobile|multi_factor|medium|one_to_one",0,1
142,"mobile|multi_factor|medium|one_to_one",0,1
143,"mobile|multi_factor|medium|one_to_one",0,1
144,"mobile|multi_factor|medium|one_to_one",0,1
145,"mobile|multi_factor|medium|one_to_one",0,1
146,"mobile|multi_factor|medium|one_to_one",0,1
147,"mobile|multi_factor|medium|one_to_one",0,1
148,"mobile|multi_factor|medium|one_to_one",0,1
149,"mobile|multi_factor|medium|one_to_one",0,1
150,"mobile|multi_factor|medium|one_to_one",0,1
151,"mobile|multi_factor|medium|one_to_one",0,1
152,"mobile|multi_factor|medium|one_to_one",0,1
153,"mobile|multi_factor|medium|one_to_one",0,1
154,"mobile|multi_factor|medium|one_to_one",0,1
155,"mobile|multi_factor|medium|one_to_one",0,1
156,"mobile|multi_factor|medium|one_to_one",0,1
157,"mobile|multi_factor|medium|one_to_one",0,1
158,"mobile|multi_factor|medium|one_to_one",0,1
159,"mobile|multi_factor|medium|one_to_one",0,1
160,"mobile|multi_factor|medium|one_to_one",0,1
162,"mobile|multi_factor|medium|one_to_one",0,1
163,"mobile|multi_factor|medium|one_to_one",0,1
164,"mobile|multi_factor|medium|one_to_one",0,1
165,"mobile|multi_factor|medium|one_to_one",0,1
166,"mobile|multi_factor|medium|one_to_one",0,1
167,"mobile|multi_factor|medium|one_to_one",0,1
168,"mobile|multi_factor|medium|one_to_one",0,1
169,"mobile|multi_factor|medium|one_to_one",0,1
170,"mobile|multi_factor|medium|one_to_one",0,1
171,"mobile|multi_factor|medium|one_to_one",0,1
172,"mobile|multi_factor|medium|one_to_one",0,1
173,"mobile|multi_factor|medium|one_to_one",0,1
174,"mobile|multi_factor|medium|one_to_one",0,1
175,"mobile|multi_factor|medium|one_to_one",0,1
176,"mobile|multi_factor|medium|one_to_one",0,1
177,"mobile|multi_factor|medium|one_to_one",0,1
178,"mobile|multi_factor|medium|one_to_one",0,1
179,"mobile|multi_factor|medium|one_to_one",0,1
180,"mobile|multi_factor|medium|one_to_one",0,1
181,"mobile|multi_factor|medium|one_to_one",0,1
183,"mobile|multi_factor|medium|one_to_one",0,1
184,"mobile|multi_factor|medium|one_to_one",0,1
186,"mobile|multi_factor|medium|one_to_one",0,1
187,"mobile|multi_factor|medium|one_to_one",0,1
188,"mobile|multi_factor|medium|one_to_one",0,1
189,"mobile|multi_factor|medium|one_to_one",0,1
190,"mobile|multi_factor|medium|one_to_one",0,1
191,"mobile|multi_factor|medium|one_to_one",0,1
192,"mobile|multi_factor|medium|one_to_one",0,1
194,"mobile|multi_factor|medium|one_to_one",0,1
195,"mobile|multi_factor|medium|one_to_one",0,1
196,"mobile|multi_factor|medium|one_to_one",0,1
197,"mobile|multi_factor|medium|one_to_one",0,1
198,"mobile|multi_factor|medium|one_to_one",0,1
199,"mobile|multi_factor|medium|one_to_one",0,1
200,"mobile|multi_factor|medium|one_to_one",0,1
201,"mobile|multi_factor|medium|one_to_one",0,1
202,"mobile|multi_factor|medium|one_to_one",0,1
203,"mobile|multi_factor|medium|one_to_one",0,1
205,"mobile|multi_factor|medium|one_to_one",0,1
206,"mobile|multi_factor|medium|one_to_one",0,1
207,"mobile|multi_factor|medium|one_to_one",0,1
208,"mobile|multi_factor|medium|one_to_one",0,1
209,"mobile|multi_factor|medium|one_to_one",0,1
210,"mobile|multi_factor|medium|one_to_one",0,1
211,"mobile|multi_factor|medium|one_to_one",0,1
212,"mobile|multi_factor|medium|one_to_one",0,1
213,"mobile|multi_factor|medium|one_to_one",0,1
214,"mobile|multi_factor|medium|one_to_one",0,1
217,"mobile|multi_factor|medium|one_to_one",0,1
219,"mobile|multi_factor|medium|one_to_one",0,1
220,"mobile|multi_factor|medium|one_to_one",0,1
221,"mobile|multi_factor|medium|one_to_one",0,1
222,"mobile|multi_factor|medium|one_to_one",0,1
223,"mobile|multi_factor|medium|one_to_one",0,1
224,"mobile|multi_factor|medium|one_to_one",0,1
225,"mobile|multi_factor|medium|one_to_one",0,1
226,"mobile|multi_factor|medium|one_to_one",0,1
227,"mobile|multi_factor|medium|one_to_one",0,1
228,"mobile|multi_factor|medium|one_to_one",0,1
230,"mobile|multi_factor|medium|one_to_one",0,1
231,"mobile|multi_factor|medium|one_to_one",0,1
232,"mobile|multi_factor|medium|one_to_one",0,1
233,"mobile|multi_factor|medium|one_to_one",0,1
234,"mobile|multi_factor|medium|one_to_one",0,1
235,"mobile|multi_factor|medium|one_to_one",0,1
236,"mobile|multi_factor|medium|one_to_one",0,1
237,"mobile|multi_factor|medium|one_to_one",0,1
238,"mobile|multi_factor|medium|one_to_one",0,1
239,"mobile|multi_factor|medium|one_to_one",0,1
240,"mobile|multi_factor|medium|one_to_one",0,1
241,"mobile|multi_factor|medium|one_to_one",0,1
242,"mobile|multi_factor|medium|one_to_one",0,1
243,"mobile|multi_factor|medium|one_to_one",0,1
245,"mobile|multi_factor|medium|one_to_one",0,1
246,"mobile|multi_factor|medium|one_to_one",0,1
247,"mobile|multi_factor|medium|one_to_one",0,1
248,"mobile|multi_factor|medium|one_to_one",0,1
249,"mobile|multi_factor|medium|one_to_one",0,1
250,"mobile|multi_factor|medium|one_to_one",0,1
251,"mobile|multi_factor|medium|one_to_one",0,1
252,"mobile|multi_factor|medium|one_to_one",0,1
253,"mobile|multi_factor|medium|one_to_one",0,1
254,"mobile|multi_factor|medium|one_to_one",0,1
256,"mobile|multi_factor|medium|one_to_one",0,1
258,"mobile|multi_factor|medium|one_to_one",0,1
259,"mobile|multi_factor|medium|one_to_one",0,1
260,"mobile|multi_factor|medium|one_to_one",0,1
261,"mobile|multi_factor|medium|one_to_one",0,1
263,"mobile|multi_factor|medium|one_to_one",0,1
264,"mobile|multi_factor|medium|one_to_one",0,1
265,"mobile|multi_factor|medium|one_to_one",0,1
266,"mobile|multi_factor|medium|one_to_one",0,1
267,"mobile|multi_factor|medium|one_to_one",0,1
268,"mobile|multi_factor|medium|one_to_one",0,1
269,"mobile|multi_factor|medium|one_to_one",0,1
270,"mobile|multi_factor|medium|one_to_one",0,1
271,"mobile|multi_factor|medium|one_to_one",0,1
272,"mobile|multi_factor|medium|one_to_one",0,1
273,"mobile|multi_factor|medium|one_to_one",0,1
274,"mobile|multi_factor|medium|one_to_one",0,1
275,"mobile|multi_factor|medium|one_to_one",0,1
276,"mobile|multi_factor|medium|one_to_one",0,1
277,"mobile|multi_factor|medium|one_to_one",0,1
279,"mobile|multi_factor|medium|one_to_one",0,1
280,"mobile|multi_factor|medium|one_to_one",0,1
281,"mobile|multi_factor|medium|one_to_one",0,1
282,"mobile|multi_factor|medium|one_to_one",0,1
283,"mobile|multi_factor|medium|one_to_one",0,1
284,"mobile|multi_factor|medium|one_to_one",0,1
285,"mobile|multi_factor|medium|one_to_one",0,1
286,"mobile|multi_factor|medium|one_to_one",0,1
287,"mobile|multi_factor|medium|one_to_one",0,1
288,"mobile|multi_factor|medium|one_to_one",0,1
289,"mobile|multi_factor|medium|one_to_one",0,1
290,"mobile|multi_factor|medium|one_to_one",0,1
291,"mobile|multi_factor|medium|one_to_one",0,1
292,"mobile|multi_factor|medium|one_to_one",0,1
293,"mobile|multi_factor|medium|one_to_one",0,1
294,"mobile|multi_factor|medium|one_to_one",0,1
295,"mobile|multi_factor|medium|one_to_one",0,1
296,"mobile|multi_factor|medium|one_to_one",0,1
297,"mobile|multi_factor|medium|one_to_one",0,1
298,"mobile|multi_factor|medium|one_to_one",0,1
299,"mobile|multi_factor|medium|one_to_one",0,1
301,"mobile|multi_factor|medium|one_to_one",0,1
302,"mobile|multi_factor|medium|one_to_one",0,1
303,"mobile|multi_factor|medium|one_to_one",0,1
304,"mobile|multi_factor|medium|one_to_one",0,1
305,"mobile|multi_factor|medium|one_to_one",0,1
306,"mobile|multi_factor|medium|one_to_one",0,1
307,"mobile|multi_factor|medium|one_to_one",0,1
308,"mobile|multi_factor|medium|one_to_one",0,1
309,"mobile|multi_factor|medium|one_to_one",0,1
310,"mobile|multi_factor|medium|one_to_one",0,1
311,"mobile|multi_factor|medium|one_to_one",0,1
312,"mobile|multi_factor|medium|one_to_one",0,1
313,"mobile|multi_factor|medium|one_to_one",0,1
314,"mobile|multi_factor|medium|one_to_one",0,1
2,"web|multi_factor|medium|one_to_one",0,1
3,"web|multi_factor|medium|one_to_one",0,1
4,"web|multi_factor|medium|one_to_one",0,1
5,"web|multi_factor|medium|one_to_one",0,1
6,"web|multi_factor|medium|one_to_one",0,1
7,"web|multi_factor|medium|one_to_one",0,1
8,"web|multi_factor|medium|one_to_one",0,1
9,"web|multi_factor|medium|one_to_one",0,1
10,"web|multi_factor|medium|one_to_one",0,1
11,"web|multi_factor|medium|one_to_one",0,1
13,"web|multi_factor|medium|one_to_one",0,1
14,"web|multi_factor|medium|one_to_one",0,1
15,"web|multi_factor|medium|one_to_one",0,1
16,"web|multi_factor|medium|one_to_one",0,1
17,"web|multi_factor|medium|one_to_one",0,1
18,"web|multi_factor|medium|one_to_one",0,1
19,"web|multi_factor|medium|one_to_one",0,1
20,"web|multi_factor|medium|one_to_one",0,1
21,"web|multi_factor|medium|one_to_one",0,1
22,"web|multi_factor|medium|one_to_one",0,1
23,"web|multi_factor|medium|one_to_one",0,1
24,"web|multi_factor|medium|one_to_one",0,1
26,"web|multi_factor|medium|one_to_one",0,1
27,"web|multi_factor|medium|one_to_one",0,1
28,"web|multi_factor|medium|one_to_one",0,1
29,"web|multi_factor|medium|one_to_one",0,1
31,"web|multi_factor|medium|one_to_one",0,1
32,"web|multi_factor|medium|one_to_one",0,1
33,"web|multi_factor|medium|one_to_one",0,1
35,"web|multi_factor|medium|one_to_one",0,1
36,"web|multi_factor|medium|one_to_one",0,1
37,"web|multi_factor|medium|one_to_one",0,1
38,"web|multi_factor|medium|one_to_one",0,1
39,"web|multi_factor|medium|one_to_one",0,1
41,"web|multi_factor|medium|one_to_one",0,1
42,"web|multi_factor|medium|one_to_one",0,1
43,"web|multi_factor|medium|one_to_one",0,1
44,"web|multi_factor|medium|one_to_one",0,1
45,"web|multi_factor|medium|one_to_one",0,1
46,"web|multi_factor|medium|one_to_one",0,1
47,"web|multi_factor|medium|one_to_one",0,1
48,"web|multi_factor|medium|one_to_one",0,1
49,"web|multi_factor|medium|one_to_one",0,1
50,"web|multi_factor|medium|one_to_one",0,1
51,"web|multi_factor|medium|one_to_one",0,1
52,"web|multi_factor|medium|one_to_one",0,1
53,"web|multi_factor|medium|one_to_one",0,1
54,"web|multi_factor|medium|one_to_one",0,1
55,"web|multi_factor|medium|one_to_one",0,1
56,"web|multi_factor|medium|one_to_one",0,1
57,"web|multi_factor|medium|one_to_one",0,1
58,"web|multi_factor|medium|one_to_one",0,1
60,"web|multi_factor|medium|one_to_one",0,1
61,"web|multi_factor|medium|one_to_one",0,1
62,"web|multi_factor|medium|one_to_one",0,1
63,"web|multi_factor|medium|one_to_one",0,1
64,"web|multi_factor|medium|one_to_one",0,1
65,"web|multi_factor|medium|one_to_one",0,1
68,"web|multi_factor|medium|one_to_one",0,1
69,"web|multi_factor|medium|one_to_one",0,1
70,"web|multi_factor|medium|one_to_one",0,1
71,"web|multi_factor|medium|one_to_one",0,1
72,"web|multi_factor|medium|one_to_one",0,1
73,"web|multi_factor|medium|one_to_one",0,1
74,"web|multi_factor|medium|one_to_one",0,1
75,"web|multi_factor|medium|one_to_one",0,1
76,"web|multi_factor|medium|one_to_one",0,1
77,"web|multi_factor|medium|one_to_one",0,1
78,"web|multi_factor|medium|one_to_one",0,1
79,"web|multi_factor|medium|one_to_one",0,1
80,"web|multi_factor|medium|one_to_one",0,1
81,"web|multi_factor|medium|one_to_one",0,1
82,"web|multi_factor|medium|one_to_one",0,1
83,"web|multi_factor|medium|one_to_one",0,1
84,"web|multi_factor|medium|one_to_one",0,1
86,"web|multi_factor|medium|one_to_one",0,1
87,"web|multi_factor|medium|one_to_one",0,1
88,"web|multi_factor|medium|one_to_one",0,1
90,"web|multi_factor|medium|one_to_one",0,1
91,"web|multi_factor|medium|one_to_one",0,1
92,"web|multi_factor|medium|one_to_one",0,1
93,"web|multi_factor|medium|one_to_one",0,1
94,"web|multi_factor|medium|one_to_one",0,1
95,"web|multi_factor|medium|one_to_one",0,1
96,"web|multi_factor|medium|one_to_one",0,1
97,"web|multi_factor|medium|one_to_one",0,1
98,"web|multi_factor|medium|one_to_one",0,1
99,"web|multi_factor|medium|one_to_one",0,1
100,"web|multi_factor|medium|one_to_one",0,1
101,"web|multi_factor|medium|one_to_one",0,1
103,"web|multi_factor|medium|one_to_one",0,1
104,"web|multi_factor|medium|one_to_one",0,1
105,"web|multi_factor|medium|one_to_one",0,1
106,"web|multi_factor|medium|one_to_one",0,1
107,"web|multi_factor|medium|one_to_one",0,1
108,"web|multi_factor|medium|one_to_one",0,1
109,"web|multi_factor|medium|one_to_one",0,1
110,"web|multi_factor|medium|one_to_one",0,1
111,"web|multi_factor|medium|one_to_one",0,1
112,"web|multi_factor|medium|one_to_one",0,1
113,"web|multi_factor|medium|one_to_one",0,1
114,"web|multi_factor|medium|one_to_one",0,1
115,"web|multi_factor|medium|one_to_one",0,1
116,"web|multi_factor|medium|one_to_one",0,1
117,"web|multi_factor|medium|one_to_one",0,1
118,"web|multi_factor|medium|one_to_one",0,1
119,"web|multi_factor|medium|one_to_one",0,1
120,"web|multi_factor|medium|one_to_one",0,1
121,"web|multi_factor|medium|one_to_one",0,1
122,"web|multi_factor|medium|one_to_one",0,1
123,"web|multi_factor|medium|one_to_one",0,1
124,"web|multi_factor|medium|one_to_one",0,1
125,"web|multi_factor|medium|one_to_one",0,1
126,"web|multi_factor|medium|one_to_one",0,1
127,"web|multi_factor|medium|one_to_one",0,1
128,"web|multi_factor|medium|one_to_one",0,1
130,"web|multi_factor|medium|one_to_one",0,1
131,"web|multi_factor|medium|one_to_one",0,1
132,"web|multi_factor|medium|one_to_one",0,1
133,"web|multi_factor|medium|one_to_one",0,1
135,"web|multi_factor|medium|one_to_one",0,1
136,"web|multi_factor|medium|one_to_one",0,1
137,"web|multi_factor|medium|one_to_one",0,1
138,"web|multi_factor|medium|one_to_one",0,1
140,"web|multi_factor|medium|one_to_one",0,1
141,"web|multi_factor|medium|one_to_one",0,1
142,"web|multi_factor|medium|one_to_one",0,1
143,"web|multi_factor|medium|one_to_one",0,1
144,"web|multi_factor|medium|one_to_one",0,1
145,"web|multi_factor|medium|one_to_one",0,1
146,"web|multi_factor|medium|one_to_one",0,1
147,"web|multi_factor|medium|one_to_one",0,1
148,"web|multi_factor|medium|one_to_one",0,1
149,"web|multi_factor|medium|one_to_one",0,1
150,"web|multi_factor|medium|one_to_one",0,1
151,"web|multi_factor|medium|one_to_one",0,1
152,"web|multi_factor|medium|one_to_one",0,1
153,"web|multi_factor|medium|one_to_one",0,1
154,"web|multi_factor|medium|one_to_one",0,1
155,"web|multi_factor|medium|one_to_one",0,1
156,"web|multi_factor|medium|one_to_one",0,1
157,"web|multi_factor|medium|one_to_one",0,1
158,"web|multi_factor|medium|one_to_one",0,1
159,"web|multi_factor|medium|one_to_one",0,1
160,"web|multi_factor|medium|one_to_one",0,1
162,"web|multi_factor|medium|one_to_one",0,1
163,"web|multi_factor|medium|one_to_one",0,1
164,"web|multi_factor|medium|one_to_one",0,1
165,"web|multi_factor|medium|one_to_one",0,1
166,"web|multi_factor|medium|one_to_one",0,1
167,"web|multi_factor|medium|one_to_one",0,1
168,"web|multi_factor|medium|one_to_one",0,1
169,"web|multi_factor|medium|one_to_one",0,1
170,"web|multi_factor|medium|one_to_one",0,1
171,"web|multi_factor|medium|one_to_one",0,1
172,"web|multi_factor|medium|one_to_one",0,1
173,"web|multi_factor|medium|one_to_one",0,1
174,"web|multi_factor|medium|one_to_one",0,1
175,"web|multi_factor|medium|one_to_one",0,1
176,"web|multi_factor|medium|one_to_one",0,1
177,"web|multi_factor|medium|one_to_one",0,1
178,"web|multi_factor|medium|one_to_one",0,1
179,"web|multi_factor|medium|one_to_one",0,1
180,"web|multi_factor|medium|one_to_one",0,1
181,"web|multi_factor|medium|one_to_one",0,1
183,"web|multi_factor|medium|one_to_one",0,1
184,"web|multi_factor|medium|one_to_one",0,1
186,"web|multi_factor|medium|one_to_one",0,1
187,"web|multi_factor|medium|one_to_one",0,1
188,"web|multi_factor|medium|one_to_one",0,1
189,"web|multi_factor|medium|one_to_one",0,1
190,"web|multi_factor|medium|one_to_one",0,1
191,"web|multi_factor|medium|one_to_one",0,1
192,"web|multi_factor|medium|one_to_one",0,1
194,"web|multi_factor|medium|one_to_one",0,1
195,"web|multi_factor|medium|one_to_one",0,1
196,"web|multi_factor|medium|one_to_one",0,1
197,"web|multi_factor|medium|one_to_one",0,1
198,"web|multi_factor|medium|one_to_one",0,1
199,"web|multi_factor|medium|one_to_one",0,1
200,"web|multi_factor|medium|one_to_one",0,1
201,"web|multi_factor|medium|one_to_one",0,1
202,"web|multi_factor|medium|one_to_one",0,1
203,"web|multi_factor|medium|one_to_one",0,1
205,"web|multi_factor|medium|one_to_one",0,1
206,"web|multi_factor|medium|one_to_one",0,1
207,"web|multi_factor|medium|one_to_one",0,1
208,"web|multi_factor|medium|one_to_one",0,1
209,"web|multi_factor|medium|one_to_one",0,1
210,"web|multi_factor|medium|one_to_one",0,1
211,"web|multi_factor|medium|one_to_one",0,1
212,"web|multi_factor|medium|one_to_one",0,1
213,"web|multi_factor|medium|one_to_one",0,1
214,"web|multi_factor|medium|one_to_one",0,1
217,"web|multi_factor|medium|one_to_one",0,1
219,"web|multi_factor|medium|one_to_one",0,1
220,"web|multi_factor|medium|one_to_one",0,1
221,"web|multi_factor|medium|one_to_one",0,1
222,"web|multi_factor|medium|one_to_one",0,1
223,"web|multi_factor|medium|one_to_one",0,1
224,"web|multi_factor|medium|one_to_one",0,1
225,"web|multi_factor|medium|one_to_one",0,1
226,"web|multi_factor|medium|one_to_one",0,1
227,"web|multi_factor|medium|one_to_one",0,1
228,"web|multi_factor|medium|one_to_one",0,1
230,"web|multi_factor|medium|one_to_one",0,1
231,"web|multi_factor|medium|one_to_one",0,1
232,"web|multi_factor|medium|one_to_one",0,1
233,"web|multi_factor|medium|one_to_one",0,1
234,"web|multi_factor|medium|one_to_one",0,1
235,"web|multi_factor|medium|one_to_one",0,1
236,"web|multi_factor|medium|one_to_one",0,1
237,"web|multi_factor|medium|one_to_one",0,1
238,"web|multi_factor|medium|one_to_one",0,1
239,"web|multi_factor|medium|one_to_one",0,1
240,"web|multi_factor|medium|one_to_one",0,1
241,"web|multi_factor|medium|one_to_one",0,1
242,"web|multi_factor|medium|one_to_one",0,1
243,"web|multi_factor|medium|one_to_one",0,1
245,"web|multi_factor|medium|one_to_one",0,1
246,"web|multi_factor|medium|one_to_one",0,1
247,"web|multi_factor|medium|one_to_one",0,1
248,"web|multi_factor|medium|one_to_one",0,1
249,"web|multi_factor|medium|one_to_one",0,1
250,"web|multi_factor|medium|one_to_one",0,1
251,"web|multi_factor|medium|one_to_one",0,1
252,"web|multi_factor|medium|one_to_one",0,1
253,"web|multi_factor|medium|one_to_one",0,1
254,"web|multi_factor|medium|one_to_one",0,1
256,"web|multi_factor|medium|one_to_one",0,1
258,"web|multi_factor|medium|one_to_one",0,1
259,"web|multi_factor|medium|one_to_one",0,1
260,"web|multi_factor|medium|one_to_one",0,1
261,"web|multi_factor|medium|one_to_one",0,1
263,"web|multi_factor|medium|one_to_one",0,1
264,"web|multi_factor|medium|one_to_one",0,1
265,"web|multi_factor|medium|one_to_one",0,1
266,"web|multi_factor|medium|one_to_one",0,1
267,"web|multi_factor|medium|one_to_one",0,1
268,"web|multi_factor|medium|one_to_one",0,1
269,"web|multi_factor|medium|one_to_one",0,1
270,"web|multi_factor|medium|one_to_one",0,1
271,"web|multi_factor|medium|one_to_one",0,1
272,"web|multi_factor|medium|one_to_one",0,1
273,"web|multi_factor|medium|one_to_one",0,1
274,"web|multi_factor|medium|one_to_one",0,1
275,"web|multi_factor|medium|one_to_one",0,1
276,"web|multi_factor|medium|one_to_one",0,1
277,"web|multi_factor|medium|one_to_one",0,1
279,"web|multi_factor|medium|one_to_one",0,1
280,"web|multi_factor|medium|one_to_one",0,1
281,"web|multi_factor|medium|one_to_one",0,1
282,"web|multi_factor|medium|one_to_one",0,1
283,"web|multi_factor|medium|one_to_one",0,1
284,"web|multi_factor|medium|one_to_one",0,1
285,"web|multi_factor|medium|one_to_one",0,1
286,"web|multi_factor|medium|one_to_one",0,1
287,"web|multi_factor|medium|one_to_one",0,1
288,"web|multi_factor|medium|one_to_one",0,1
289,"web|multi_factor|medium|one_to_one",0,1
290,"web|multi_factor|medium|one_to_one",0,1
291,"web|multi_factor|medium|one_to_one",0,1
292,"web|multi_factor|medium|one_to_one",0,1
293,"web|multi_factor|medium|one_to_one",0,1
294,"web|multi_factor|medium|one_to_one",0,1
295,"web|multi_factor|medium|one_to_one",0,1
296,"web|multi_factor|medium|one_to_one",0,1
297,"web|multi_factor|medium|one_to_one",0,1
298,"web|multi_factor|medium|one_to_one",0,1
299,"web|multi_factor|medium|one_to_one",0,1
301,"web|multi_factor|medium|one_to_one",0,1
302,"web|multi_factor|medium|one_to_one",0,1
303,"web|multi_factor|medium|one_to_one",0,1
304,"web|multi_factor|medium|one_to_one",0,1
305,"web|multi_factor|medium|one_to_one",0,1
306,"web|multi_factor|medium|one_to_one",0,1
307,"web|multi_factor|medium|one_to_one",0,1
308,"web|multi_factor|medium|one_to_one",0,1
309,"web|multi_factor|medium|one_to_one",0,1
310,"web|multi_factor|medium|one_to_one",0,1
311,"web|multi_factor|medium|one_to_one",0,1
312,"web|multi_factor|medium|one_to_one",0,1
313,"web|multi_factor|medium|one_to_one",0,1
314,"web|multi_factor|medium|one_to_one",0,1
2,"web|simple|high|one_to_one",0,1
3,"web|simple|high|one_to_one",0,1
4,"web|simple|high|one_to_one",0,1
5,"web|simple|high|one_to_one",0,1
6,"web|simple|high|one_to_one",0,1
7,"web|simple|high|one_to_one",0,1
8,"web|simple|high|one_to_one",0,1
9,"web|simple|high|one_to_one",0,1
10,"web|simple|high|one_to_one",0,1
11,"web|simple|high|one_to_one",0,1
13,"web|simple|high|one_to_one",0,1
14,"web|simple|high|one_to_one",0,1
15,"web|simple|high|one_to_one",0,1
16,"web|simple|high|one_to_one",0,1
17,"web|simple|high|one_to_one",0,1
18,"web|simple|high|one_to_one",0,1
19,"web|simple|high|one_to_one",0,1
20,"web|simple|high|one_to_one",0,1
21,"web|simple|high|one_to_one",0,1
22,"web|simple|high|one_to_one",0,1
23,"web|simple|high|one_to_one",0,1
24,"web|simple|high|one_to_one",0,1
26,"web|simple|high|one_to_one",0,1
27,"web|simple|high|one_to_one",0,1
28,"web|simple|high|one_to_one",0,1
29,"web|simple|high|one_to_one",0,1
31,"web|simple|high|one_to_one",0,1
32,"web|simple|high|one_to_one",0,1
33,"web|simple|high|one_to_one",0,1
35,"web|simple|high|one_to_one",0,1
36,"web|simple|high|one_to_one",0,1
37,"web|simple|high|one_to_one",0,1
38,"web|simple|high|one_to_one",0,1
39,"web|simple|high|one_to_one",0,1
41,"web|simple|high|one_to_one",0,1
42,"web|simple|high|one_to_one",0,1
43,"web|simple|high|one_to_one",0,1
44,"web|simple|high|one_to_one",0,1
45,"web|simple|high|one_to_one",0,1
46,"web|simple|high|one_to_one",0,1
47,"web|simple|high|one_to_one",0,1
48,"web|simple|high|one_to_one",0,1
49,"web|simple|high|one_to_one",0,1
50,"web|simple|high|one_to_one",0,1
51,"web|simple|high|one_to_one",0,1
52,"web|simple|high|one_to_one",0,1
53,"web|simple|high|one_to_one",0,1
54,"web|simple|high|one_to_one",0,1
55,"web|simple|high|one_to_one",0,1
56,"web|simple|high|one_to_one",0,1
57,"web|simple|high|one_to_one",0,1
58,"web|simple|high|one_to_one",0,1
60,"web|simple|high|one_to_one",0,1
61,"web|simple|high|one_to_one",0,1
62,"web|simple|high|one_to_one",0,1
63,"web|simple|high|one_to_one",0,1
64,"web|simple|high|one_to_one",0,1
65,"web|simple|high|one_to_one",0,1
68,"web|simple|high|one_to_one",0,1
69,"web|simple|high|one_to_one",0,1
70,"web|simple|high|one_to_one",0,1
71,"web|simple|high|one_to_one",0,1
72,"web|simple|high|one_to_one",0,1
73,"web|simple|high|one_to_one",0,1
74,"web|simple|high|one_to_one",0,1
75,"web|simple|high|one_to_one",0,1
76,"web|simple|high|one_to_one",0,1
77,"web|simple|high|one_to_one",0,1
78,"web|simple|high|one_to_one",0,1
79,"web|simple|high|one_to_one",0,1
80,"web|simple|high|one_to_one",0,1
81,"web|simple|high|one_to_one",0,1
82,"web|simple|high|one_to_one",0,1
83,"web|simple|high|one_to_one",0,1
84,"web|simple|high|one_to_one",0,1
86,"web|simple|high|one_to_one",0,1
87,"web|simple|high|one_to_one",0,1
88,"web|simple|high|one_to_one",0,1
90,"web|simple|high|one_to_one",0,1
91,"web|simple|high|one_to_one",0,1
92,"web|simple|high|one_to_one",0,1
93,"web|simple|high|one_to_one",0,1
94,"web|simple|high|one_to_one",0,1
95,"web|simple|high|one_to_one",0,1
96,"web|simple|high|one_to_one",0,1
97,"web|simple|high|one_to_one",0,1
98,"web|simple|high|one_to_one",0,1
99,"web|simple|high|one_to_one",0,1
100,"web|simple|high|one_to_one",0,1
101,"web|simple|high|one_to_one",0,1
103,"web|simple|high|one_to_one",0,1
104,"web|simple|high|one_to_one",0,1
105,"web|simple|high|one_to_one",0,1
106,"web|simple|high|one_to_one",0,1
107,"web|simple|high|one_to_one",0,1
108,"web|simple|high|one_to_one",0,1
109,"web|simple|high|one_to_one",0,1
110,"web|simple|high|one_to_one",0,1
111,"web|simple|high|one_to_one",0,1
112,"web|simple|high|one_to_one",0,1
113,"web|simple|high|one_to_one",0,1
114,"web|simple|high|one_to_one",0,1
115,"web|simple|high|one_to_one",0,1
116,"web|simple|high|one_to_one",0,1
117,"web|simple|high|one_to_one",0,1
118,"web|simple|high|one_to_one",0,1
119,"web|simple|high|one_to_one",0,1
120,"web|simple|high|one_to_one",0,1
121,"web|simple|high|one_to_one",0,1
122,"web|simple|high|one_to_one",0,1
123,"web|simple|high|one_to_one",0,1
124,"web|simple|high|one_to_one",0,1
125,"web|simple|high|one_to_one",0,1
126,"web|simple|high|one_to_one",0,1
127,"web|simple|high|one_to_one",0,1
128,"web|simple|high|one_to_one",0,1
130,"web|simple|high|one_to_one",0,1
131,"web|simple|high|one_to_one",0,1
132,"web|simple|high|one_to_one",0,1
133,"web|simple|high|one_to_one",0,1
135,"web|simple|high|one_to_one",0,1
136,"web|simple|high|one_to_one",0,1
137,"web|simple|high|one_to_one",0,1
138,"web|simple|high|one_to_one",0,1
140,"web|simple|high|one_to_one",0,1
141,"web|simple|high|one_to_one",0,1
142,"web|simple|high|one_to_one",0,1
143,"web|simple|high|one_to_one",0,1
144,"web|simple|high|one_to_one",0,1
145,"web|simple|high|one_to_one",0,1
146,"web|simple|high|one_to_one",0,1
147,"web|simple|high|one_to_one",0,1
148,"web|simple|high|one_to_one",0,1
149,"web|simple|high|one_to_one",0,1
150,"web|simple|high|one_to_one",0,1
151,"web|simple|high|one_to_one",0,1
152,"web|simple|high|one_to_one",0,1
153,"web|simple|high|one_to_one",0,1
154,"web|simple|high|one_to_one",0,1
155,"web|simple|high|one_to_one",0,1
156,"web|simple|high|one_to_one",0,1
157,"web|simple|high|one_to_one",0,1
158,"web|simple|high|one_to_one",0,1
159,"web|simple|high|one_to_one",0,1
160,"web|simple|high|one_to_one",0,1
162,"web|simple|high|one_to_one",0,1
163,"web|simple|high|one_to_one",0,1
164,"web|simple|high|one_to_one",0,1
165,"web|simple|high|one_to_one",0,1
166,"web|simple|high|one_to_one",0,1
167,"web|simple|high|one_to_one",0,1
168,"web|simple|high|one_to_one",0,1
169,"web|simple|high|one_to_one",0,1
170,"web|simple|high|one_to_one",0,1
171,"web|simple|high|one_to_one",0,1
172,"web|simple|high|one_to_one",0,1
173,"web|simple|high|one_to_one",0,1
174,"web|simple|high|one_to_one",0,1
175,"web|simple|high|one_to_one",0,1
176,"web|simple|high|one_to_one",0,1
177,"web|simple|high|one_to_one",0,1
178,"web|simple|high|one_to_one",0,1
179,"web|simple|high|one_to_one",0,1
180,"web|simple|high|one_to_one",0,1
181,"web|simple|high|one_to_one",0,1
183,"web|simple|high|one_to_one",0,1
184,"web|simple|high|one_to_one",0,1
186,"web|simple|high|one_to_one",0,1
187,"web|simple|high|one_to_one",0,1
188,"web|simple|high|one_to_one",0,1
189,"web|simple|high|one_to_one",0,1
190,"web|simple|high|one_to_one",0,1
191,"web|simple|high|one_to_one",0,1
192,"web|simple|high|one_to_one",0,1
194,"web|simple|high|one_to_one",0,1
195,"web|simple|high|one_to_one",0,1
196,"web|simple|high|one_to_one",0,1
197,"web|simple|high|one_to_one",0,1
198,"web|simple|high|one_to_one",0,1
199,"web|simple|high|one_to_one",0,1
200,"web|simple|high|one_to_one",0,1
201,"web|simple|high|one_to_one",0,1
202,"web|simple|high|one_to_one",0,1
203,"web|simple|high|one_to_one",0,1
205,"web|simple|high|one_to_one",0,1
206,"web|simple|high|one_to_one",0,1
207,"web|simple|high|one_to_one",0,1
208,"web|simple|high|one_to_one",0,1
209,"web|simple|high|one_to_one",0,1
210,"web|simple|high|one_to_one",0,1
211,"web|simple|high|one_to_one",0,1
212,"web|simple|high|one_to_one",0,1
213,"web|simple|high|one_to_one",0,1
214,"web|simple|high|one_to_one",0,1
217,"web|simple|high|one_to_one",0,1
219,"web|simple|high|one_to_one",0,1
220,"web|simple|high|one_to_one",0,1
221,"web|simple|high|one_to_one",0,1
222,"web|simple|high|one_to_one",0,1
223,"web|simple|high|one_to_one",0,1
224,"web|simple|high|one_to_one",0,1
225,"web|simple|high|one_to_one",0,1
226,"web|simple|high|one_to_one",0,1
227,"web|simple|high|one_to_one",0,1
228,"web|simple|high|one_to_one",0,1
230,"web|simple|high|one_to_one",0,1
231,"web|simple|high|one_to_one",0,1
232,"web|simple|high|one_to_one",0,1
233,"web|simple|high|one_to_one",0,1
234,"web|simple|high|one_to_one",0,1
235,"web|simple|high|one_to_one",0,1
236,"web|simple|high|one_to_one",0,1
237,"web|simple|high|one_to_one",0,1
238,"web|simple|high|one_to_one",0,1
239,"web|simple|high|one_to_one",0,1
240,"web|simple|high|one_to_one",0,1
241,"web|simple|high|one_to_one",0,1
242,"web|simple|high|one_to_one",0,1
243,"web|simple|high|one_to_one",0,1
245,"web|simple|high|one_to_one",0,1
246,"web|simple|high|one_to_one",0,1
247,"web|simple|high|one_to_one",0,1
248,"web|simple|high|one_to_one",0,1
249,"web|simple|high|one_to_one",0,1
250,"web|simple|high|one_to_one",0,1
251,"web|simple|high|one_to_one",0,1
252,"web|simple|high|one_to_one",0,1
253,"web|simple|high|one_to_one",0,1
254,"web|simple|high|one_to_one",0,1
256,"web|simple|high|one_to_one",0,1
258,"web|simple|high|one_to_one",0,1
259,"web|simple|high|one_to_one",0,1
260,"web|simple|high|one_to_one",0,1
261,"web|simple|high|one_to_one",0,1
263,"web|simple|high|one_to_one",0,1
264,"web|simple|high|one_to_one",0,1
265,"web|simple|high|one_to_one",0,1
266,"web|simple|high|one_to_one",0,1
267,"web|simple|high|one_to_one",0,1
268,"web|simple|high|one_to_one",0,1
269,"web|simple|high|one_to_one",0,1
270,"web|simple|high|one_to_one",0,1
271,"web|simple|high|one_to_one",0,1
272,"web|simple|high|one_to_one",0,1
273,"web|simple|high|one_to_one",0,1
274,"web|simple|high|one_to_one",0,1
275,"web|simple|high|one_to_one",0,1
276,"web|simple|high|one_to_one",0,1
277,"web|simple|high|one_to_one",0,1
279,"web|simple|high|one_to_one",0,1
280,"web|simple|high|one_to_one",0,1
281,"web|simple|high|one_to_one",0,1
282,"web|simple|high|one_to_one",0,1
283,"web|simple|high|one_to_one",0,1
284,"web|simple|high|one_to_one",0,1
285,"web|simple|high|one_to_one",0,1
286,"web|simple|high|one_to_one",0,1
287,"web|simple|high|one_to_one",0,1
288,"web|simple|high|one_to_one",0,1
289,"web|simple|high|one_to_one",0,1
290,"web|simple|high|one_to_one",0,1
291,"web|simple|high|one_to_one",0,1
292,"web|simple|high|one_to_one",0,1
293,"web|simple|high|one_to_one",0,1
294,"web|simple|high|one_to_one",0,1
295,"web|simple|high|one_to_one",0,1
296,"web|simple|high|one_to_one",0,1
297,"web|simple|high|one_to_one",0,1
298,"web|simple|high|one_to_one",0,1
299,"web|simple|high|one_to_one",0,1
301,"web|simple|high|one_to_one",0,1
302,"web|simple|high|one_to_one",0,1
303,"web|simple|high|one_to_one",0,1
304,"web|simple|high|one_to_one",0,1
305,"web|simple|high|one_to_one",0,1
306,"web|simple|high|one_to_one",0,1
307,"web|simple|high|one_to_one",0,1
308,"web|simple|high|one_to_one",0,1
309,"web|simple|high|one_to_one",0,1
310,"web|simple|high|one_to_one",0,1
311,"web|simple|high|one_to_one",0,1
312,"web|simple|high|one_to_one",0,1
313,"web|simple|high|one_to_one",0,1
314,"web|simple|high|one_to_one",0,1
2,"mobile|two_factor|high|one_to_one",0,1
3,"mobile|two_factor|high|one_to_one",0,1
4,"mobile|two_factor|high|one_to_one",0,1
5,"mobile|two_factor|high|one_to_one",0,1
6,"mobile|two_factor|high|one_to_one",0,1
7,"mobile|two_factor|high|one_to_one",0,1
8,"mobile|two_factor|high|one_to_one",0,1
9,"mobile|two_factor|high|one_to_one",0,1
10,"mobile|two_factor|high|one_to_one",0,1
11,"mobile|two_factor|high|one_to_one",0,1
13,"mobile|two_factor|high|one_to_one",0,1
14,"mobile|two_factor|high|one_to_one",0,1
15,"mobile|two_factor|high|one_to_one",0,1
16,"mobile|two_factor|high|one_to_one",0,1
17,"mobile|two_factor|high|one_to_one",0,1
18,"mobile|two_factor|high|one_to_one",0,1
19,"mobile|two_factor|high|one_to_one",0,1
20,"mobile|two_factor|high|one_to_one",0,1
21,"mobile|two_factor|high|one_to_one",0,1
22,"mobile|two_factor|high|one_to_one",0,1
23,"mobile|two_factor|high|one_to_one",0,1
24,"mobile|two_factor|high|one_to_one",0,1
26,"mobile|two_factor|high|one_to_one",0,1
27,"mobile|two_factor|high|one_to_one",0,1
28,"mobile|two_factor|high|one_to_one",0,1
29,"mobile|two_factor|high|one_to_one",0,1
31,"mobile|two_factor|high|one_to_one",0,1
32,"mobile|two_factor|high|one_to_one",0,1
33,"mobile|two_factor|high|one_to_one",0,1
35,"mobile|two_factor|high|one_to_one",0,1
36,"mobile|two_factor|high|one_to_one",0,1
37,"mobile|two_factor|high|one_to_one",0,1
38,"mobile|two_factor|high|one_to_one",0,1
39,"mobile|two_factor|high|one_to_one",0,1
41,"mobile|two_factor|high|one_to_one",0,1
42,"mobile|two_factor|high|one_to_one",0,1
43,"mobile|two_factor|high|one_to_one",0,1
44,"mobile|two_factor|high|one_to_one",0,1
45,"mobile|two_factor|high|one_to_one",0,1
46,"mobile|two_factor|high|one_to_one",0,1
47,"mobile|two_factor|high|one_to_one",0,1
48,"mobile|two_factor|high|one_to_one",0,1
49,"mobile|two_factor|high|one_to_one",0,1
50,"mobile|two_factor|high|one_to_one",0,1
51,"mobile|two_factor|high|one_to_one",0,1
52,"mobile|two_factor|high|one_to_one",0,1
53,"mobile|two_factor|high|one_to_one",0,1
54,"mobile|two_factor|high|one_to_one",0,1
55,"mobile|two_factor|high|one_to_one",0,1
56,"mobile|two_factor|high|one_to_one",0,1
57,"mobile|two_factor|high|one_to_one",0,1
58,"mobile|two_factor|high|one_to_one",0,1
60,"mobile|two_factor|high|one_to_one",0,1
61,"mobile|two_factor|high|one_to_one",0,1
62,"mobile|two_factor|high|one_to_one",0,1
63,"mobile|two_factor|high|one_to_one",0,1
64,"mobile|two_factor|high|one_to_one",0,1
65,"mobile|two_factor|high|one_to_one",0,1
68,"mobile|two_factor|high|one_to_one",0,1
69,"mobile|two_factor|high|one_to_one",0,1
70,"mobile|two_factor|high|one_to_one",0,1
71,"mobile|two_factor|high|one_to_one",0,1
72,"mobile|two_factor|high|one_to_one",0,1
73,"mobile|two_factor|high|one_to_one",0,1
74,"mobile|two_factor|high|one_to_one",0,1
75,"mobile|two_factor|high|one_to_one",0,1
76,"mobile|two_factor|high|one_to_one",0,1
77,"mobile|two_factor|high|one_to_one",0,1
78,"mobile|two_factor|high|one_to_one",0,1
79,"mobile|two_factor|high|one_to_one",0,1
80,"mobile|two_factor|high|one_to_one",0,1
81,"mobile|two_factor|high|one_to_one",0,1
82,"mobile|two_factor|high|one_to_one",0,1
83,"mobile|two_factor|high|one_to_one",0,1
84,"mobile|two_factor|high|one_to_one",0,1
86,"mobile|two_factor|high|one_to_one",0,1
87,"mobile|two_factor|high|one_to_one",0,1
88,"mobile|two_factor|high|one_to_one",0,1
90,"mobile|two_factor|high|one_to_one",0,1
91,"mobile|two_factor|high|one_to_one",0,1
92,"mobile|two_factor|high|one_to_one",0,1
93,"mobile|two_factor|high|one_to_one",0,1
94,"mobile|two_factor|high|one_to_one",0,1
95,"mobile|two_factor|high|one_to_one",0,1
96,"mobile|two_factor|high|one_to_one",0,1
97,"mobile|two_factor|high|one_to_one",0,1
98,"mobile|two_factor|high|one_to_one",0,1
99,"mobile|two_factor|high|one_to_one",0,1
100,"mobile|two_factor|high|one_to_one",0,1
101,"mobile|two_factor|high|one_to_one",0,1
103,"mobile|two_factor|high|one_to_one",0,1
104,"mobile|two_factor|high|one_to_one",0,1
105,"mobile|two_factor|high|one_to_one",0,1
106,"mobile|two_factor|high|one_to_one",0,1
107,"mobile|two_factor|high|one_to_one",0,1
108,"mobile|two_factor|high|one_to_one",0,1
109,"mobile|two_factor|high|one_to_one",0,1
110,"mobile|two_factor|high|one_to_one",0,1
111,"mobile|two_factor|high|one_to_one",0,1
112,"mobile|two_factor|high|one_to_one",0,1
113,"mobile|two_factor|high|one_to_one",0,1
114,"mobile|two_factor|high|one_to_one",0,1
115,"mobile|two_factor|high|one_to_one",0,1
116,"mobile|two_factor|high|one_to_one",0,1
117,"mobile|two_factor|high|one_to_one",0,1
118,"mobile|two_factor|high|one_to_one",0,1
119,"mobile|two_factor|high|one_to_one",0,1
120,"mobile|two_factor|high|one_to_one",0,1
121,"mobile|two_factor|high|one_to_one",0,1
122,"mobile|two_factor|high|one_to_one",0,1
123,"mobile|two_factor|high|one_to_one",0,1
124,"mobile|two_factor|high|one_to_one",0,1
125,"mobile|two_factor|high|one_to_one",0,1
126,"mobile|two_factor|high|one_to_one",0,1
127,"mobile|two_factor|high|one_to_one",0,1
128,"mobile|two_factor|high|one_to_one",0,1
130,"mobile|two_factor|high|one_to_one",0,1
131,"mobile|two_factor|high|one_to_one",0,1
132,"mobile|two_factor|high|one_to_one",0,1
133,"mobile|two_factor|high|one_to_one",0,1
135,"mobile|two_factor|high|one_to_one",0,1
136,"mobile|two_factor|high|one_to_one",0,1
137,"mobile|two_factor|high|one_to_one",0,1
138,"mobile|two_factor|high|one_to_one",0,1
140,"mobile|two_factor|high|one_to_one",0,1
141,"mobile|two_factor|high|one_to_one",0,1
142,"mobile|two_factor|high|one_to_one",0,1
143,"mobile|two_factor|high|one_to_one",0,1
144,"mobile|two_factor|high|one_to_one",0,1
145,"mobile|two_factor|high|one_to_one",0,1
146,"mobile|two_factor|high|one_to_one",0,1
147,"mobile|two_factor|high|one_to_one",0,1
148,"mobile|two_factor|high|one_to_one",0,1
149,"mobile|two_factor|high|one_to_one",0,1
150,"mobile|two_factor|high|one_to_one",0,1
151,"mobile|two_factor|high|one_to_one",0,1
152,"mobile|two_factor|high|one_to_one",0,1
153,"mobile|two_factor|high|one_to_one",0,1
154,"mobile|two_factor|high|one_to_one",0,1
155,"mobile|two_factor|high|one_to_one",0,1
156,"mobile|two_factor|high|one_to_one",0,1
157,"mobile|two_factor|high|one_to_one",0,1
158,"mobile|two_factor|high|one_to_one",0,1
159,"mobile|two_factor|high|one_to_one",0,1
160,"mobile|two_factor|high|one_to_one",0,1
162,"mobile|two_factor|high|one_to_one",0,1
163,"mobile|two_factor|high|one_to_one",0,1
164,"mobile|two_factor|high|one_to_one",0,1
165,"mobile|two_factor|high|one_to_one",0,1
166,"mobile|two_factor|high|one_to_one",0,1
167,"mobile|two_factor|high|one_to_one",0,1
168,"mobile|two_factor|high|one_to_one",0,1
169,"mobile|two_factor|high|one_to_one",0,1
170,"mobile|two_factor|high|one_to_one",0,1
171,"mobile|two_factor|high|one_to_one",0,1
172,"mobile|two_factor|high|one_to_one",0,1
173,"mobile|two_factor|high|one_to_one",0,1
174,"mobile|two_factor|high|one_to_one",0,1
175,"mobile|two_factor|high|one_to_one",0,1
176,"mobile|two_factor|high|one_to_one",0,1
177,"mobile|two_factor|high|one_to_one",0,1
178,"mobile|two_factor|high|one_to_one",0,1
179,"mobile|two_factor|high|one_to_one",0,1
180,"mobile|two_factor|high|one_to_one",0,1
181,"mobile|two_factor|high|one_to_one",0,1
183,"mobile|two_factor|high|one_to_one",0,1
184,"mobile|two_factor|high|one_to_one",0,1
186,"mobile|two_factor|high|one_to_one",0,1
187,"mobile|two_factor|high|one_to_one",0,1
188,"mobile|two_factor|high|one_to_one",0,1
189,"mobile|two_factor|high|one_to_one",0,1
190,"mobile|two_factor|high|one_to_one",0,1
191,"mobile|two_factor|high|one_to_one",0,1
192,"mobile|two_factor|high|one_to_one",0,1
194,"mobile|two_factor|high|one_to_one",0,1
195,"mobile|two_factor|high|one_to_one",0,1
196,"mobile|two_factor|high|one_to_one",0,1
197,"mobile|two_factor|high|one_to_one",0,1
198,"mobile|two_factor|high|one_to_one",0,1
199,"mobile|two_factor|high|one_to_one",0,1
200,"mobile|two_factor|high|one_to_one",0,1
201,"mobile|two_factor|high|one_to_one",0,1
202,"mobile|two_factor|high|one_to_one",0,1
203,"mobile|two_factor|high|one_to_one",0,1
205,"mobile|two_factor|high|one_to_one",0,1
206,"mobile|two_factor|high|one_to_one",0,1
207,"mobile|two_factor|high|one_to_one",0,1
208,"mobile|two_factor|high|one_to_one",0,1
209,"mobile|two_factor|high|one_to_one",0,1
210,"mobile|two_factor|high|one_to_one",0,1
211,"mobile|two_factor|high|one_to_one",0,1
212,"mobile|two_factor|high|one_to_one",0,1
213,"mobile|two_factor|high|one_to_one",0,1
214,"mobile|two_factor|high|one_to_one",0,1
217,"mobile|two_factor|high|one_to_one",0,1
219,"mobile|two_factor|high|one_to_one",0,1
220,"mobile|two_factor|high|one_to_one",0,1
221,"mobile|two_factor|high|one_to_one",0,1
222,"mobile|two_factor|high|one_to_one",0,1
223,"mobile|two_factor|high|one_to_one",0,1
224,"mobile|two_factor|high|one_to_one",0,1
225,"mobile|two_factor|high|one_to_one",0,1
226,"mobile|two_factor|high|one_to_one",0,1
227,"mobile|two_factor|high|one_to_one",0,1
228,"mobile|two_factor|high|one_to_one",0,1
230,"mobile|two_factor|high|one_to_one",0,1
231,"mobile|two_factor|high|one_to_one",0,1
232,"mobile|two_factor|high|one_to_one",0,1
233,"mobile|two_factor|high|one_to_one",0,1
234,"mobile|two_factor|high|one_to_one",0,1
235,"mobile|two_factor|high|one_to_one",0,1
236,"mobile|two_factor|high|one_to_one",0,1
237,"mobile|two_factor|high|one_to_one",0,1
238,"mobile|two_factor|high|one_to_one",0,1
239,"mobile|two_factor|high|one_to_one",0,1
240,"mobile|two_factor|high|one_to_one",0,1
241,"mobile|two_factor|high|one_to_one",0,1
242,"mobile|two_factor|high|one_to_one",0,1
243,"mobile|two_factor|high|one_to_one",0,1
245,"mobile|two_factor|high|one_to_one",0,1
246,"mobile|two_factor|high|one_to_one",0,1
247,"mobile|two_factor|high|one_to_one",0,1
248,"mobile|two_factor|high|one_to_one",0,1
249,"mobile|two_factor|high|one_to_one",0,1
250,"mobile|two_factor|high|one_to_one",0,1
251,"mobile|two_factor|high|one_to_one",0,1
252,"mobile|two_factor|high|one_to_one",0,1
253,"mobile|two_factor|high|one_to_one",0,1
254,"mobile|two_factor|high|one_to_one",0,1
256,"mobile|two_factor|high|one_to_one",0,1
258,"mobile|two_factor|high|one_to_one",0,1
259,"mobile|two_factor|high|one_to_one",0,1
260,"mobile|two_factor|high|one_to_one",0,1
261,"mobile|two_factor|high|one_to_one",0,1
263,"mobile|two_factor|high|one_to_one",0,1
264,"mobile|two_factor|high|one_to_one",0,1
265,"mobile|two_factor|high|one_to_one",0,1
266,"mobile|two_factor|high|one_to_one",0,1
267,"mobile|two_factor|high|one_to_one",0,1
268,"mobile|two_factor|high|one_to_one",0,1
269,"mobile|two_factor|high|one_to_one",0,1
270,"mobile|two_factor|high|one_to_one",0,1
271,"mobile|two_factor|high|one_to_one",0,1
272,"mobile|two_factor|high|one_to_one",0,1
273,"mobile|two_factor|high|one_to_one",0,1
274,"mobile|two_factor|high|one_to_one",0,1
275,"mobile|two_factor|high|one_to_one",0,1
276,"mobile|two_factor|high|one_to_one",0,1
277,"mobile|two_factor|high|one_to_one",0,1
279,"mobile|two_factor|high|one_to_one",0,1
280,"mobile|two_factor|high|one_to_one",0,1
281,"mobile|two_factor|high|one_to_one",0,1
282,"mobile|two_factor|high|one_to_one",0,1
283,"mobile|two_factor|high|one_to_one",0,1
284,"mobile|two_factor|high|one_to_one",0,1
285,"mobile|two_factor|high|one_to_one",0,1
286,"mobile|two_factor|high|one_to_one",0,1
287,"mobile|two_factor|high|one_to_one",0,1
288,"mobile|two_factor|high|one_to_one",0,1
289,"mobile|two_factor|high|one_to_one",0,1
290,"mobile|two_factor|high|one_to_one",0,1
291,"mobile|two_factor|high|one_to_one",0,1
292,"mobile|two_factor|high|one_to_one",0,1
293,"mobile|two_factor|high|one_to_one",0,1
294,"mobile|two_factor|high|one_to_one",0,1
295,"mobile|two_factor|high|one_to_one",0,1
296,"mobile|two_factor|high|one_to_one",0,1
297,"mobile|two_factor|high|one_to_one",0,1
298,"mobile|two_factor|high|one_to_one",0,1
299,"mobile|two_factor|high|one_to_one",0,1
301,"mobile|two_factor|high|one_to_one",0,1
302,"mobile|two_factor|high|one_to_one",0,1
303,"mobile|two_factor|high|one_to_one",0,1
304,"mobile|two_factor|high|one_to_one",0,1
305,"mobile|two_factor|high|one_to_one",0,1
306,"mobile|two_factor|high|one_to_one",0,1
307,"mobile|two_factor|high|one_to_one",0,1
308,"mobile|two_factor|high|one_to_one",0,1
309,"mobile|two_factor|high|one_to_one",0,1
310,"mobile|two_factor|high|one_to_one",0,1
311,"mobile|two_factor|high|one_to_one",0,1
312,"mobile|two_factor|high|one_to_one",0,1
313,"mobile|two_factor|high|one_to_one",0,1
314,"mobile|two_factor|high|one_to_one",0,1
2,"mobile|multi_factor|high|one_to_one",0,1
3,"mobile|multi_factor|high|one_to_one",0,1
4,"mobile|multi_factor|high|one_to_one",0,1
5,"mobile|multi_factor|high|one_to_one",0,1
6,"mobile|multi_factor|high|one_to_one",0,1
7,"mobile|multi_factor|high|one_to_one",0,1
8,"mobile|multi_factor|high|one_to_one",0,1
9,"mobile|multi_factor|high|one_to_one",0,1
10,"mobile|multi_factor|high|one_to_one",0,1
11,"mobile|multi_factor|high|one_to_one",0,1
13,"mobile|multi_factor|high|one_to_one",0,1
14,"mobile|multi_factor|high|one_to_one",0,1
15,"mobile|multi_factor|high|one_to_one",0,1
16,"mobile|multi_factor|high|one_to_one",0,1
17,"mobile|multi_factor|high|one_to_one",0,1
18,"mobile|multi_factor|high|one_to_one",0,1
19,"mobile|multi_factor|high|one_to_one",0,1
20,"mobile|multi_factor|high|one_to_one",0,1
21,"mobile|multi_factor|high|one_to_one",0,1
22,"mobile|multi_factor|high|one_to_one",0,1
23,"mobile|multi_factor|high|one_to_one",0,1
24,"mobile|multi_factor|high|one_to_one",0,1
26,"mobile|multi_factor|high|one_to_one",0,1
27,"mobile|multi_factor|high|one_to_one",0,1
28,"mobile|multi_factor|high|one_to_one",0,1
29,"mobile|multi_factor|high|one_to_one",0,1
31,"mobile|multi_factor|high|one_to_one",0,1
32,"mobile|multi_factor|high|one_to_one",0,1
33,"mobile|multi_factor|high|one_to_one",0,1
35,"mobile|multi_factor|high|one_to_one",0,1
36,"mobile|multi_factor|high|one_to_one",0,1
37,"mobile|multi_factor|high|one_to_one",0,1
38,"mobile|multi_factor|high|one_to_one",0,1
39,"mobile|multi_factor|high|one_to_one",0,1
41,"mobile|multi_factor|high|one_to_one",0,1
42,"mobile|multi_factor|high|one_to_one",0,1
43,"mobile|multi_factor|high|one_to_one",0,1
44,"mobile|multi_factor|high|one_to_one",0,1
45,"mobile|multi_factor|high|one_to_one",0,1
46,"mobile|multi_factor|high|one_to_one",0,1
47,"mobile|multi_factor|high|one_to_one",0,1
48,"mobile|multi_factor|high|one_to_one",0,1
49,"mobile|multi_factor|high|one_to_one",0,1
50,"mobile|multi_factor|high|one_to_one",0,1
51,"mobile|multi_factor|high|one_to_one",0,1
52,"mobile|multi_factor|high|one_to_one",0,1
53,"mobile|multi_factor|high|one_to_one",0,1
54,"mobile|multi_factor|high|one_to_one",0,1
55,"mobile|multi_factor|high|one_to_one",0,1
56,"mobile|multi_factor|high|one_to_one",0,1
57,"mobile|multi_factor|high|one_to_one",0,1
58,"mobile|multi_factor|high|one_to_one",0,1
60,"mobile|multi_factor|high|one_to_one",0,1
61,"mobile|multi_factor|high|one_to_one",0,1
62,"mobile|multi_factor|high|one_to_one",0,1
63,"mobile|multi_factor|high|one_to_one",0,1
64,"mobile|multi_factor|high|one_to_one",0,1
65,"mobile|multi_factor|high|one_to_one",0,1
68,"mobile|multi_factor|high|one_to_one",0,1
69,"mobile|multi_factor|high|one_to_one",0,1
70,"mobile|multi_factor|high|one_to_one",0,1
71,"mobile|multi_factor|high|one_to_one",0,1
72,"mobile|multi_factor|high|one_to_one",0,1
73,"mobile|multi_factor|high|one_to_one",0,1
74,"mobile|multi_factor|high|one_to_one",0,1
75,"mobile|multi_factor|high|one_to_one",0,1
76,"mobile|multi_factor|high|one_to_one",0,1
77,"mobile|multi_factor|high|one_to_one",0,1
78,"mobile|multi_factor|high|one_to_one",0,1
79,"mobile|multi_factor|high|one_to_one",0,1
80,"mobile|multi_factor|high|one_to_one",0,1
81,"mobile|multi_factor|high|one_to_one",0,1
82,"mobile|multi_factor|high|one_to_one",0,1
83,"mobile|multi_factor|high|one_to_one",0,1
84,"mobile|multi_factor|high|one_to_one",0,1
86,"mobile|multi_factor|high|one_to_one",0,1
87,"mobile|multi_factor|high|one_to_one",0,1
88,"mobile|multi_factor|high|one_to_one",0,1
90,"mobile|multi_factor|high|one_to_one",0,1
91,"mobile|multi_factor|high|one_to_one",0,1
92,"mobile|multi_factor|high|one_to_one",0,1
93,"mobile|multi_factor|high|one_to_one",0,1
94,"mobile|multi_factor|high|one_to_one",0,1
95,"mobile|multi_factor|high|one_to_one",0,1
96,"mobile|multi_factor|high|one_to_one",0,1
97,"mobile|multi_factor|high|one_to_one",0,1
98,"mobile|multi_factor|high|one_to_one",0,1
99,"mobile|multi_factor|high|one_to_one",0,1
100,"mobile|multi_factor|high|one_to_one",0,1
101,"mobile|multi_factor|high|one_to_one",0,1
103,"mobile|multi_factor|high|one_to_one",0,1
104,"mobile|multi_factor|high|one_to_one",0,1
105,"mobile|multi_factor|high|one_to_one",0,1
106,"mobile|multi_factor|high|one_to_one",0,1
107,"mobile|multi_factor|high|one_to_one",0,1
108,"mobile|multi_factor|high|one_to_one",0,1
109,"mobile|multi_factor|high|one_to_one",0,1
110,"mobile|multi_factor|high|one_to_one",0,1
111,"mobile|multi_factor|high|one_to_one",0,1
112,"mobile|multi_factor|high|one_to_one",0,1
113,"mobile|multi_factor|high|one_to_one",0,1
114,"mobile|multi_factor|high|one_to_one",0,1
115,"mobile|multi_factor|high|one_to_one",0,1
116,"mobile|multi_factor|high|one_to_one",0,1
117,"mobile|multi_factor|high|one_to_one",0,1
118,"mobile|multi_factor|high|one_to_one",0,1
119,"mobile|multi_factor|high|one_to_one",0,1
120,"mobile|multi_factor|high|one_to_one",0,1
121,"mobile|multi_factor|high|one_to_one",0,1
122,"mobile|multi_factor|high|one_to_one",0,1
123,"mobile|multi_factor|high|one_to_one",0,1
124,"mobile|multi_factor|high|one_to_one",0,1
125,"mobile|multi_factor|high|one_to_one",0,1
126,"mobile|multi_factor|high|one_to_one",0,1
127,"mobile|multi_factor|high|one_to_one",0,1
128,"mobile|multi_factor|high|one_to_one",0,1
130,"mobile|multi_factor|high|one_to_one",0,1
131,"mobile|multi_factor|high|one_to_one",0,1
132,"mobile|multi_factor|high|one_to_one",0,1
133,"mobile|multi_factor|high|one_to_one",0,1
135,"mobile|multi_factor|high|one_to_one",0,1
136,"mobile|multi_factor|high|one_to_one",0,1
137,"mobile|multi_factor|high|one_to_one",0,1
138,"mobile|multi_factor|high|one_to_one",0,1
140,"mobile|multi_factor|high|one_to_one",0,1
141,"mobile|multi_factor|high|one_to_one",0,1
142,"mobile|multi_factor|high|one_to_one",0,1
143,"mobile|multi_factor|high|one_to_one",0,1
144,"mobile|multi_factor|high|one_to_one",0,1
145,"mobile|multi_factor|high|one_to_one",0,1
146,"mobile|multi_factor|high|one_to_one",0,1
147,"mobile|multi_factor|high|one_to_one",0,1
148,"mobile|multi_factor|high|one_to_one",0,1
149,"mobile|multi_factor|high|one_to_one",0,1
150,"mobile|multi_factor|high|one_to_one",0,1
151,"mobile|multi_factor|high|one_to_one",0,1
152,"mobile|multi_factor|high|one_to_one",0,1
153,"mobile|multi_factor|high|one_to_one",0,1
154,"mobile|multi_factor|high|one_to_one",0,1
155,"mobile|multi_factor|high|one_to_one",0,1
156,"mobile|multi_factor|high|one_to_one",0,1
157,"mobile|multi_factor|high|one_to_one",0,1
158,"mobile|multi_factor|high|one_to_one",0,1
159,"mobile|multi_factor|high|one_to_one",0,1
160,"mobile|multi_factor|high|one_to_one",0,1
162,"mobile|multi_factor|high|one_to_one",0,1
163,"mobile|multi_factor|high|one_to_one",0,1
164,"mobile|multi_factor|high|one_to_one",0,1
165,"mobile|multi_factor|high|one_to_one",0,1
166,"mobile|multi_factor|high|one_to_one",0,1
167,"mobile|multi_factor|high|one_to_one",0,1
168,"mobile|multi_factor|high|one_to_one",0,1
169,"mobile|multi_factor|high|one_to_one",0,1
170,"mobile|multi_factor|high|one_to_one",0,1
171,"mobile|multi_factor|high|one_to_one",0,1
172,"mobile|multi_factor|high|one_to_one",0,1
173,"mobile|multi_factor|high|one_to_one",0,1
174,"mobile|multi_factor|high|one_to_one",0,1
175,"mobile|multi_factor|high|one_to_one",0,1
176,"mobile|multi_factor|high|one_to_one",0,1
177,"mobile|multi_factor|high|one_to_one",0,1
178,"mobile|multi_factor|high|one_to_one",0,1
179,"mobile|multi_factor|high|one_to_one",0,1
180,"mobile|multi_factor|high|one_to_one",0,1
181,"mobile|multi_factor|high|one_to_one",0,1
183,"mobile|multi_factor|high|one_to_one",0,1
184,"mobile|multi_factor|high|one_to_one",0,1
186,"mobile|multi_factor|high|one_to_one",0,1
187,"mobile|multi_factor|high|one_to_one",0,1
188,"mobile|multi_factor|high|one_to_one",0,1
189,"mobile|multi_factor|high|one_to_one",0,1
190,"mobile|multi_factor|high|one_to_one",0,1
191,"mobile|multi_factor|high|one_to_one",0,1
192,"mobile|multi_factor|high|one_to_one",0,1
194,"mobile|multi_factor|high|one_to_one",0,1
195,"mobile|multi_factor|high|one_to_one",0,1
196,"mobile|multi_factor|high|one_to_one",0,1
197,"mobile|multi_factor|high|one_to_one",0,1
198,"mobile|multi_factor|high|one_to_one",0,1
199,"mobile|multi_factor|high|one_to_one",0,1
200,"mobile|multi_factor|high|one_to_one",0,1
201,"mobile|multi_factor|high|one_to_one",0,1
202,"mobile|multi_factor|high|one_to_one",0,1
203,"mobile|multi_factor|high|one_to_one",0,1
205,"mobile|multi_factor|high|one_to_one",0,1
206,"mobile|multi_factor|high|one_to_one",0,1
207,"mobile|multi_factor|high|one_to_one",0,1
208,"mobile|multi_factor|high|one_to_one",0,1
209,"mobile|multi_factor|high|one_to_one",0,1
210,"mobile|multi_factor|high|one_to_one",0,1
211,"mobile|multi_factor|high|one_to_one",0,1
212,"mobile|multi_factor|high|one_to_one",0,1
213,"mobile|multi_factor|high|one_to_one",0,1
214,"mobile|multi_factor|high|one_to_one",0,1
217,"mobile|multi_factor|high|one_to_one",0,1
219,"mobile|multi_factor|high|one_to_one",0,1
220,"mobile|multi_factor|high|one_to_one",0,1
221,"mobile|multi_factor|high|one_to_one",0,1
222,"mobile|multi_factor|high|one_to_one",0,1
223,"mobile|multi_factor|high|one_to_one",0,1
224,"mobile|multi_factor|high|one_to_one",0,1
225,"mobile|multi_factor|high|one_to_one",0,1
226,"mobile|multi_factor|high|one_to_one",0,1
227,"mobile|multi_factor|high|one_to_one",0,1
228,"mobile|multi_factor|high|one_to_one",0,1
230,"mobile|multi_factor|high|one_to_one",0,1
231,"mobile|multi_factor|high|one_to_one",0,1
232,"mobile|multi_factor|high|one_to_one",0,1
233,"mobile|multi_factor|high|one_to_one",0,1
234,"mobile|multi_factor|high|one_to_one",0,1
235,"mobile|multi_factor|high|one_to_one",0,1
236,"mobile|multi_factor|high|one_to_one",0,1
237,"mobile|multi_factor|high|one_to_one",0,1
238,"mobile|multi_factor|high|one_to_one",0,1
239,"mobile|multi_factor|high|one_to_one",0,1
240,"mobile|multi_factor|high|one_to_one",0,1
241,"mobile|multi_factor|high|one_to_one",0,1
242,"mobile|multi_factor|high|one_to_one",0,1
243,"mobile|multi_factor|high|one_to_one",0,1
245,"mobile|multi_factor|high|one_to_one",0,1
246,"mobile|multi_factor|high|one_to_one",0,1
247,"mobile|multi_factor|high|one_to_one",0,1
248,"mobile|multi_factor|high|one_to_one",0,1
249,"mobile|multi_factor|high|one_to_one",0,1
250,"mobile|multi_factor|high|one_to_one",0,1
251,"mobile|multi_factor|high|one_to_one",0,1
252,"mobile|multi_factor|high|one_to_one",0,1
253,"mobile|multi_factor|high|one_to_one",0,1
254,"mobile|multi_factor|high|one_to_one",0,1
256,"mobile|multi_factor|high|one_to_one",0,1
258,"mobile|multi_factor|high|one_to_one",0,1
259,"mobile|multi_factor|high|one_to_one",0,1
260,"mobile|multi_factor|high|one_to_one",0,1
261,"mobile|multi_factor|high|one_to_one",0,1
263,"mobile|multi_factor|high|one_to_one",0,1
264,"mobile|multi_factor|high|one_to_one",0,1
265,"mobile|multi_factor|high|one_to_one",0,1
266,"mobile|multi_factor|high|one_to_one",0,1
267,"mobile|multi_factor|high|one_to_one",0,1
268,"mobile|multi_factor|high|one_to_one",0,1
269,"mobile|multi_factor|high|one_to_one",0,1
270,"mobile|multi_factor|high|one_to_one",0,1
271,"mobile|multi_factor|high|one_to_one",0,1
272,"mobile|multi_factor|high|one_to_one",0,1
273,"mobile|multi_factor|high|one_to_one",0,1
274,"mobile|multi_factor|high|one_to_one",0,1
275,"mobile|multi_factor|high|one_to_one",0,1
276,"mobile|multi_factor|high|one_to_one",0,1
277,"mobile|multi_factor|high|one_to_one",0,1
279,"mobile|multi_factor|high|one_to_one",0,1
280,"mobile|multi_factor|high|one_to_one",0,1
281,"mobile|multi_factor|high|one_to_one",0,1
282,"mobile|multi_factor|high|one_to_one",0,1
283,"mobile|multi_factor|high|one_to_one",0,1
284,"mobile|multi_factor|high|one_to_one",0,1
285,"mobile|multi_factor|high|one_to_one",0,1
286,"mobile|multi_factor|high|one_to_one",0,1
287,"mobile|multi_factor|high|one_to_one",0,1
288,"mobile|multi_factor|high|one_to_one",0,1
289,"mobile|multi_factor|high|one_to_one",0,1
290,"mobile|multi_factor|high|one_to_one",0,1
291,"mobile|multi_factor|high|one_to_one",0,1
292,"mobile|multi_factor|high|one_to_one",0,1
293,"mobile|multi_factor|high|one_to_one",0,1
294,"mobile|multi_factor|high|one_to_one",0,1
295,"mobile|multi_factor|high|one_to_one",0,1
296,"mobile|multi_factor|high|one_to_one",0,1
297,"mobile|multi_factor|high|one_to_one",0,1
298,"mobile|multi_factor|high|one_to_one",0,1
299,"mobile|multi_factor|high|one_to_one",0,1
301,"mobile|multi_factor|high|one_to_one",0,1
302,"mobile|multi_factor|high|one_to_one",0,1
303,"mobile|multi_factor|high|one_to_one",0,1
304,"mobile|multi_factor|high|one_to_one",0,1
305,"mobile|multi_factor|high|one_to_one",0,1
306,"mobile|multi_factor|high|one_to_one",0,1
307,"mobile|multi_factor|high|one_to_one",0,1
308,"mobile|multi_factor|high|one_to_one",0,1
309,"mobile|multi_factor|high|one_to_one",0,1
310,"mobile|multi_factor|high|one_to_one",0,1
311,"mobile|multi_factor|high|one_to_one",0,1
312,"mobile|multi_factor|high|one_to_one",0,1
313,"mobile|multi_factor|high|one_to_one",0,1
314,"mobile|multi_factor|high|one_to_one",0,1
2,"web|multi_factor|high|one_to_one",0,1
3,"web|multi_factor|high|one_to_one",0,1
4,"web|multi_factor|high|one_to_one",0,1
5,"web|multi_factor|high|one_to_one",0,1
6,"web|multi_factor|high|one_to_one",0,1
7,"web|multi_factor|high|one_to_one",0,1
8,"web|multi_factor|high|one_to_one",0,1
9,"web|multi_factor|high|one_to_one",0,1
10,"web|multi_factor|high|one_to_one",0,1
11,"web|multi_factor|high|one_to_one",0,1
13,"web|multi_factor|high|one_to_one",0,1
14,"web|multi_factor|high|one_to_one",0,1
15,"web|multi_factor|high|one_to_one",0,1
16,"web|multi_factor|high|one_to_one",0,1
17,"web|multi_factor|high|one_to_one",0,1
18,"web|multi_factor|high|one_to_one",0,1
19,"web|multi_factor|high|one_to_one",0,1
20,"web|multi_factor|high|one_to_one",0,1
21,"web|multi_factor|high|one_to_one",0,1
22,"web|multi_factor|high|one_to_one",0,1
23,"web|multi_factor|high|one_to_one",0,1
24,"web|multi_factor|high|one_to_one",0,1
26,"web|multi_factor|high|one_to_one",0,1
27,"web|multi_factor|high|one_to_one",0,1
28,"web|multi_factor|high|one_to_one",0,1
29,"web|multi_factor|high|one_to_one",0,1
31,"web|multi_factor|high|one_to_one",0,1
32,"web|multi_factor|high|one_to_one",0,1
33,"web|multi_factor|high|one_to_one",0,1
35,"web|multi_factor|high|one_to_one",0,1
36,"web|multi_factor|high|one_to_one",0,1
37,"web|multi_factor|high|one_to_one",0,1
38,"web|multi_factor|high|one_to_one",0,1
39,"web|multi_factor|high|one_to_one",0,1
41,"web|multi_factor|high|one_to_one",0,1
42,"web|multi_factor|high|one_to_one",0,1
43,"web|multi_factor|high|one_to_one",0,1
44,"web|multi_factor|high|one_to_one",0,1
45,"web|multi_factor|high|one_to_one",0,1
46,"web|multi_factor|high|one_to_one",0,1
47,"web|multi_factor|high|one_to_one",0,1
48,"web|multi_factor|high|one_to_one",0,1
49,"web|multi_factor|high|one_to_one",0,1
50,"web|multi_factor|high|one_to_one",0,1
51,"web|multi_factor|high|one_to_one",0,1
52,"web|multi_factor|high|one_to_one",0,1
53,"web|multi_factor|high|one_to_one",0,1
54,"web|multi_factor|high|one_to_one",0,1
55,"web|multi_factor|high|one_to_one",0,1
56,"web|multi_factor|high|one_to_one",0,1
57,"web|multi_factor|high|one_to_one",0,1
58,"web|multi_factor|high|one_to_one",0,1
60,"web|multi_factor|high|one_to_one",0,1
61,"web|multi_factor|high|one_to_one",0,1
62,"web|multi_factor|high|one_to_one",0,1
63,"web|multi_factor|high|one_to_one",0,1
64,"web|multi_factor|high|one_to_one",0,1
65,"web|multi_factor|high|one_to_one",0,1
68,"web|multi_factor|high|one_to_one",0,1
69,"web|multi_factor|high|one_to_one",0,1
70,"web|multi_factor|high|one_to_one",0,1
71,"web|multi_factor|high|one_to_one",0,1
72,"web|multi_factor|high|one_to_one",0,1
73,"web|multi_factor|high|one_to_one",0,1
74,"web|multi_factor|high|one_to_one",0,1
75,"web|multi_factor|high|one_to_one",0,1
76,"web|multi_factor|high|one_to_one",0,1
77,"web|multi_factor|high|one_to_one",0,1
78,"web|multi_factor|high|one_to_one",0,1
79,"web|multi_factor|high|one_to_one",0,1
80,"web|multi_factor|high|one_to_one",0,1
81,"web|multi_factor|high|one_to_one",0,1
82,"web|multi_factor|high|one_to_one",0,1
83,"web|multi_factor|high|one_to_one",0,1
84,"web|multi_factor|high|one_to_one",0,1
86,"web|multi_factor|high|one_to_one",0,1
87,"web|multi_factor|high|one_to_one",0,1
88,"web|multi_factor|high|one_to_one",0,1
90,"web|multi_factor|high|one_to_one",0,1
91,"web|multi_factor|high|one_to_one",0,1
92,"web|multi_factor|high|one_to_one",0,1
93,"web|multi_factor|high|one_to_one",0,1
94,"web|multi_factor|high|one_to_one",0,1
95,"web|multi_factor|high|one_to_one",0,1
96,"web|multi_factor|high|one_to_one",0,1
97,"web|multi_factor|high|one_to_one",0,1
98,"web|multi_factor|high|one_to_one",0,1
99,"web|multi_factor|high|one_to_one",0,1
100,"web|multi_factor|high|one_to_one",0,1
101,"web|multi_factor|high|one_to_one",0,1
103,"web|multi_factor|high|one_to_one",0,1
104,"web|multi_factor|high|one_to_one",0,1
105,"web|multi_factor|high|one_to_one",0,1
106,"web|multi_factor|high|one_to_one",0,1
107,"web|multi_factor|high|one_to_one",0,1
108,"web|multi_factor|high|one_to_one",0,1
109,"web|multi_factor|high|one_to_one",0,1
110,"web|multi_factor|high|one_to_one",0,1
111,"web|multi_factor|high|one_to_one",0,1
112,"web|multi_factor|high|one_to_one",0,1
113,"web|multi_factor|high|one_to_one",0,1
114,"web|multi_factor|high|one_to_one",0,1
115,"web|multi_factor|high|one_to_one",0,1
116,"web|multi_factor|high|one_to_one",0,1
117,"web|multi_factor|high|one_to_one",0,1
118,"web|multi_factor|high|one_to_one",0,1
119,"web|multi_factor|high|one_to_one",0,1
120,"web|multi_factor|high|one_to_one",0,1
121,"web|multi_factor|high|one_to_one",0,1
122,"web|multi_factor|high|one_to_one",0,1
123,"web|multi_factor|high|one_to_one",0,1
124,"web|multi_factor|high|one_to_one",0,1
125,"web|multi_factor|high|one_to_one",0,1
126,"web|multi_factor|high|one_to_one",0,1
127,"web|multi_factor|high|one_to_one",0,1
128,"web|multi_factor|high|one_to_one",0,1
130,"web|multi_factor|high|one_to_one",0,1
131,"web|multi_factor|high|one_to_one",0,1
132,"web|multi_factor|high|one_to_one",0,1
133,"web|multi_factor|high|one_to_one",0,1
135,"web|multi_factor|high|one_to_one",0,1
136,"web|multi_factor|high|one_to_one",0,1
137,"web|multi_factor|high|one_to_one",0,1
138,"web|multi_factor|high|one_to_one",0,1
140,"web|multi_factor|high|one_to_one",0,1
141,"web|multi_factor|high|one_to_one",0,1
142,"web|multi_factor|high|one_to_one",0,1
143,"web|multi_factor|high|one_to_one",0,1
144,"web|multi_factor|high|one_to_one",0,1
145,"web|multi_factor|high|one_to_one",0,1
146,"web|multi_factor|high|one_to_one",0,1
147,"web|multi_factor|high|one_to_one",0,1
148,"web|multi_factor|high|one_to_one",0,1
149,"web|multi_factor|high|one_to_one",0,1
150,"web|multi_factor|high|one_to_one",0,1
151,"web|multi_factor|high|one_to_one",0,1
152,"web|multi_factor|high|one_to_one",0,1
153,"web|multi_factor|high|one_to_one",0,1
154,"web|multi_factor|high|one_to_one",0,1
155,"web|multi_factor|high|one_to_one",0,1
156,"web|multi_factor|high|one_to_one",0,1
157,"web|multi_factor|high|one_to_one",0,1
158,"web|multi_factor|high|one_to_one",0,1
159,"web|multi_factor|high|one_to_one",0,1
160,"web|multi_factor|high|one_to_one",0,1
162,"web|multi_factor|high|one_to_one",0,1
163,"web|multi_factor|high|one_to_one",0,1
164,"web|multi_factor|high|one_to_one",0,1
165,"web|multi_factor|high|one_to_one",0,1
166,"web|multi_factor|high|one_to_one",0,1
167,"web|multi_factor|high|one_to_one",0,1
168,"web|multi_factor|high|one_to_one",0,1
169,"web|multi_factor|high|one_to_one",0,1
170,"web|multi_factor|high|one_to_one",0,1
171,"web|multi_factor|high|one_to_one",0,1
172,"web|multi_factor|high|one_to_one",0,1
173,"web|multi_factor|high|one_to_one",0,1
174,"web|multi_factor|high|one_to_one",0,1
175,"web|multi_factor|high|one_to_one",0,1
176,"web|multi_factor|high|one_to_one",0,1
177,"web|multi_factor|high|one_to_one",0,1
178,"web|multi_factor|high|one_to_one",0,1
179,"web|multi_factor|high|one_to_one",0,1
180,"web|multi_factor|high|one_to_one",0,1
181,"web|multi_factor|high|one_to_one",0,1
183,"web|multi_factor|high|one_to_one",0,1
184,"web|multi_factor|high|one_to_one",0,1
186,"web|multi_factor|high|one_to_one",0,1
187,"web|multi_factor|high|one_to_one",0,1
188,"web|multi_factor|high|one_to_one",0,1
189,"web|multi_factor|high|one_to_one",0,1
190,"web|multi_factor|high|one_to_one",0,1
191,"web|multi_factor|high|one_to_one",0,1
192,"web|multi_factor|high|one_to_one",0,1
194,"web|multi_factor|high|one_to_one",0,1
195,"web|multi_factor|high|one_to_one",0,1
196,"web|multi_factor|high|one_to_one",0,1
197,"web|multi_factor|high|one_to_one",0,1
198,"web|multi_factor|high|one_to_one",0,1
199,"web|multi_factor|high|one_to_one",0,1
200,"web|multi_factor|high|one_to_one",0,1
201,"web|multi_factor|high|one_to_one",0,1
202,"web|multi_factor|high|one_to_one",0,1
203,"web|multi_factor|high|one_to_one",0,1
205,"web|multi_factor|high|one_to_one",0,1
206,"web|multi_factor|high|one_to_one",0,1
207,"web|multi_factor|high|one_to_one",0,1
208,"web|multi_factor|high|one_to_one",0,1
209,"web|multi_factor|high|one_to_one",0,1
210,"web|multi_factor|high|one_to_one",0,1
211,"web|multi_factor|high|one_to_one",0,1
212,"web|multi_factor|high|one_to_one",0,1
213,"web|multi_factor|high|one_to_one",0,1
214,"web|multi_factor|high|one_to_one",0,1
217,"web|multi_factor|high|one_to_one",0,1
219,"web|multi_factor|high|one_to_one",0,1
220,"web|multi_factor|high|one_to_one",0,1
221,"web|multi_factor|high|one_to_one",0,1
222,"web|multi_factor|high|one_to_one",0,1
223,"web|multi_factor|high|one_to_one",0,1
224,"web|multi_factor|high|one_to_one",0,1
225,"web|multi_factor|high|one_to_one",0,1
226,"web|multi_factor|high|one_to_one",0,1
227,"web|multi_factor|high|one_to_one",0,1
228,"web|multi_factor|high|one_to_one",0,1
230,"web|multi_factor|high|one_to_one",0,1
231,"web|multi_factor|high|one_to_one",0,1
232,"web|multi_factor|high|one_to_one",0,1
233,"web|multi_factor|high|one_to_one",0,1
234,"web|multi_factor|high|one_to_one",0,1
235,"web|multi_factor|high|one_to_one",0,1
236,"web|multi_factor|high|one_to_one",0,1
237,"web|multi_factor|high|one_to_one",0,1
238,"web|multi_factor|high|one_to_one",0,1
239,"web|multi_factor|high|one_to_one",0,1
240,"web|multi_factor|high|one_to_one",0,1
241,"web|multi_factor|high|one_to_one",0,1
242,"web|multi_factor|high|one_to_one",0,1
243,"web|multi_factor|high|one_to_one",0,1
245,"web|multi_factor|high|one_to_one",0,1
246,"web|multi_factor|high|one_to_one",0,1
247,"web|multi_factor|high|one_to_one",0,1
248,"web|multi_factor|high|one_to_one",0,1
249,"web|multi_factor|high|one_to_one",0,1
250,"web|multi_factor|high|one_to_one",0,1
251,"web|multi_factor|high|one_to_one",0,1
252,"web|multi_factor|high|one_to_one",0,1
253,"web|multi_factor|high|one_to_one",0,1
254,"web|multi_factor|high|one_to_one",0,1
256,"web|multi_factor|high|one_to_one",0,1
258,"web|multi_factor|high|one_to_one",0,1
259,"web|multi_factor|high|one_to_one",0,1
260,"web|multi_factor|high|one_to_one",0,1
261,"web|multi_factor|high|one_to_one",0,1
263,"web|multi_factor|high|one_to_one",0,1
264,"web|multi_factor|high|one_to_one",0,1
265,"web|multi_factor|high|one_to_one",0,1
266,"web|multi_factor|high|one_to_one",0,1
267,"web|multi_factor|high|one_to_one",0,1
268,"web|multi_factor|high|one_to_one",0,1
269,"web|multi_factor|high|one_to_one",0,1
270,"web|multi_factor|high|one_to_one",0,1
271,"web|multi_factor|high|one_to_one",0,1
272,"web|multi_factor|high|one_to_one",0,1
273,"web|multi_factor|high|one_to_one",0,1
274,"web|multi_factor|high|one_to_one",0,1
275,"web|multi_factor|high|one_to_one",0,1
276,"web|multi_factor|high|one_to_one",0,1
277,"web|multi_factor|high|one_to_one",0,1
279,"web|multi_factor|high|one_to_one",0,1
280,"web|multi_factor|high|one_to_one",0,1
281,"web|multi_factor|high|one_to_one",0,1
282,"web|multi_factor|high|one_to_one",0,1
283,"web|multi_factor|high|one_to_one",0,1
284,"web|multi_factor|high|one_to_one",0,1
285,"web|multi_factor|high|one_to_one",0,1
286,"web|multi_factor|high|one_to_one",0,1
287,"web|multi_factor|high|one_to_one",0,1
288,"web|multi_factor|high|one_to_one",0,1
289,"web|multi_factor|high|one_to_one",0,1
290,"web|multi_factor|high|one_to_one",0,1
291,"web|multi_factor|high|one_to_one",0,1
292,"web|multi_factor|high|one_to_one",0,1
293,"web|multi_factor|high|one_to_one",0,1
294,"web|multi_factor|high|one_to_one",0,1
295,"web|multi_factor|high|one_to_one",0,1
296,"web|multi_factor|high|one_to_one",0,1
297,"web|multi_factor|high|one_to_one",0,1
298,"web|multi_factor|high|one_to_one",0,1
299,"web|multi_factor|high|one_to_one",0,1
301,"web|multi_factor|high|one_to_one",0,1
302,"web|multi_factor|high|one_to_one",0,1
303,"web|multi_factor|high|one_to_one",0,1
304,"web|multi_factor|high|one_to_one",0,1
305,"web|multi_factor|high|one_to_one",0,1
306,"web|multi_factor|high|one_to_one",0,1
307,"web|multi_factor|high|one_to_one",0,1
308,"web|multi_factor|high|one_to_one",0,1
309,"web|multi_factor|high|one_to_one",0,1
310,"web|multi_factor|high|one_to_one",0,1
311,"web|multi_factor|high|one_to_one",0,1
312,"web|multi_factor|high|one_to_one",0,1
313,"web|multi_factor|high|one_to_one",0,1
314,"web|multi_factor|high|one_to_one",0,1
2,"web|simple|medium|multi_person",0,1
3,"web|simple|medium|multi_person",0,1
4,"web|simple|medium|multi_person",0,1
5,"web|simple|medium|multi_person",0,1
6,"web|simple|medium|multi_person",0,1
7,"web|simple|medium|multi_person",0,1
8,"web|simple|medium|multi_person",0,1
9,"web|simple|medium|multi_person",0,1
10,"web|simple|medium|multi_person",0,1
11,"web|simple|medium|multi_person",0,1
13,"web|simple|medium|multi_person",0,1
14,"web|simple|medium|multi_person",0,1
15,"web|simple|medium|multi_person",0,1
16,"web|simple|medium|multi_person",0,1
17,"web|simple|medium|multi_person",0,1
18,"web|simple|medium|multi_person",0,1
19,"web|simple|medium|multi_person",0,1
20,"web|simple|medium|multi_person",0,1
21,"web|simple|medium|multi_person",0,1
22,"web|simple|medium|multi_person",0,1
23,"web|simple|medium|multi_person",0,1
24,"web|simple|medium|multi_person",0,1
26,"web|simple|medium|multi_person",0,1
27,"web|simple|medium|multi_person",0,1
28,"web|simple|medium|multi_person",0,1
29,"web|simple|medium|multi_person",0,1
31,"web|simple|medium|multi_person",0,1
32,"web|simple|medium|multi_person",0,1
33,"web|simple|medium|multi_person",0,1
35,"web|simple|medium|multi_person",0,1
36,"web|simple|medium|multi_person",0,1
37,"web|simple|medium|multi_person",0,1
38,"web|simple|medium|multi_person",0,1
39,"web|simple|medium|multi_person",0,1
41,"web|simple|medium|multi_person",0,1
42,"web|simple|medium|multi_person",0,1
43,"web|simple|medium|multi_person",0,1
44,"web|simple|medium|multi_person",0,1
45,"web|simple|medium|multi_person",0,1
46,"web|simple|medium|multi_person",0,1
47,"web|simple|medium|multi_person",0,1
48,"web|simple|medium|multi_person",0,1
49,"web|simple|medium|multi_person",0,1
50,"web|simple|medium|multi_person",0,1
51,"web|simple|medium|multi_person",0,1
52,"web|simple|medium|multi_person",0,1
53,"web|simple|medium|multi_person",0,1
54,"web|simple|medium|multi_person",0,1
55,"web|simple|medium|multi_person",0,1
56,"web|simple|medium|multi_person",0,1
57,"web|simple|medium|multi_person",0,1
58,"web|simple|medium|multi_person",0,1
60,"web|simple|medium|multi_person",0,1
61,"web|simple|medium|multi_person",0,1
62,"web|simple|medium|multi_person",0,1
63,"web|simple|medium|multi_person",0,1
64,"web|simple|medium|multi_person",0,1
65,"web|simple|medium|multi_person",0,1
68,"web|simple|medium|multi_person",0,1
69,"web|simple|medium|multi_person",0,1
70,"web|simple|medium|multi_person",0,1
71,"web|simple|medium|multi_person",0,1
72,"web|simple|medium|multi_person",0,1
73,"web|simple|medium|multi_person",0,1
74,"web|simple|medium|multi_person",0,1
75,"web|simple|medium|multi_person",0,1
76,"web|simple|medium|multi_person",0,1
77,"web|simple|medium|multi_person",0,1
78,"web|simple|medium|multi_person",0,1
79,"web|simple|medium|multi_person",0,1
80,"web|simple|medium|multi_person",0,1
81,"web|simple|medium|multi_person",0,1
82,"web|simple|medium|multi_person",0,1
83,"web|simple|medium|multi_person",0,1
84,"web|simple|medium|multi_person",0,1
86,"web|simple|medium|multi_person",0,1
87,"web|simple|medium|multi_person",0,1
88,"web|simple|medium|multi_person",0,1
90,"web|simple|medium|multi_person",0,1
91,"web|simple|medium|multi_person",0,1
92,"web|simple|medium|multi_person",0,1
93,"web|simple|medium|multi_person",0,1
94,"web|simple|medium|multi_person",0,1
95,"web|simple|medium|multi_person",0,1
96,"web|simple|medium|multi_person",0,1
97,"web|simple|medium|multi_person",0,1
98,"web|simple|medium|multi_person",0,1
99,"web|simple|medium|multi_person",0,1
100,"web|simple|medium|multi_person",0,1
101,"web|simple|medium|multi_person",0,1
103,"web|simple|medium|multi_person",0,1
104,"web|simple|medium|multi_person",0,1
105,"web|simple|medium|multi_person",0,1
106,"web|simple|medium|multi_person",0,1
107,"web|simple|medium|multi_person",0,1
108,"web|simple|medium|multi_person",0,1
109,"web|simple|medium|multi_person",0,1
110,"web|simple|medium|multi_person",0,1
111,"web|simple|medium|multi_person",0,1
112,"web|simple|medium|multi_person",0,1
113,"web|simple|medium|multi_person",0,1
114,"web|simple|medium|multi_person",0,1
115,"web|simple|medium|multi_person",0,1
116,"web|simple|medium|multi_person",0,1
117,"web|simple|medium|multi_person",0,1
118,"web|simple|medium|multi_person",0,1
119,"web|simple|medium|multi_person",0,1
120,"web|simple|medium|multi_person",0,1
121,"web|simple|medium|multi_person",0,1
122,"web|simple|medium|multi_person",0,1
123,"web|simple|medium|multi_person",0,1
124,"web|simple|medium|multi_person",0,1
125,"web|simple|medium|multi_person",0,1
126,"web|simple|medium|multi_person",0,1
127,"web|simple|medium|multi_person",0,1
128,"web|simple|medium|multi_person",0,1
130,"web|simple|medium|multi_person",0,1
131,"web|simple|medium|multi_person",0,1
132,"web|simple|medium|multi_person",0,1
133,"web|simple|medium|multi_person",0,1
135,"web|simple|medium|multi_person",0,1
136,"web|simple|medium|multi_person",0,1
137,"web|simple|medium|multi_person",0,1
138,"web|simple|medium|multi_person",0,1
140,"web|simple|medium|multi_person",0,1
141,"web|simple|medium|multi_person",0,1
142,"web|simple|medium|multi_person",0,1
143,"web|simple|medium|multi_person",0,1
144,"web|simple|medium|multi_person",0,1
145,"web|simple|medium|multi_person",0,1
146,"web|simple|medium|multi_person",0,1
147,"web|simple|medium|multi_person",0,1
148,"web|simple|medium|multi_person",0,1
149,"web|simple|medium|multi_person",0,1
150,"web|simple|medium|multi_person",0,1
151,"web|simple|medium|multi_person",0,1
152,"web|simple|medium|multi_person",0,1
153,"web|simple|medium|multi_person",0,1
154,"web|simple|medium|multi_person",0,1
155,"web|simple|medium|multi_person",0,1
156,"web|simple|medium|multi_person",0,1
157,"web|simple|medium|multi_person",0,1
158,"web|simple|medium|multi_person",0,1
159,"web|simple|medium|multi_person",0,1
160,"web|simple|medium|multi_person",0,1
162,"web|simple|medium|multi_person",0,1
163,"web|simple|medium|multi_person",0,1
164,"web|simple|medium|multi_person",0,1
165,"web|simple|medium|multi_person",0,1
166,"web|simple|medium|multi_person",0,1
167,"web|simple|medium|multi_person",0,1
168,"web|simple|medium|multi_person",0,1
169,"web|simple|medium|multi_person",0,1
170,"web|simple|medium|multi_person",0,1
171,"web|simple|medium|multi_person",0,1
172,"web|simple|medium|multi_person",0,1
173,"web|simple|medium|multi_person",0,1
174,"web|simple|medium|multi_person",0,1
175,"web|simple|medium|multi_person",0,1
176,"web|simple|medium|multi_person",0,1
177,"web|simple|medium|multi_person",0,1
178,"web|simple|medium|multi_person",0,1
179,"web|simple|medium|multi_person",0,1
180,"web|simple|medium|multi_person",0,1
181,"web|simple|medium|multi_person",0,1
183,"web|simple|medium|multi_person",0,1
184,"web|simple|medium|multi_person",0,1
186,"web|simple|medium|multi_person",0,1
187,"web|simple|medium|multi_person",0,1
188,"web|simple|medium|multi_person",0,1
189,"web|simple|medium|multi_person",0,1
190,"web|simple|medium|multi_person",0,1
191,"web|simple|medium|multi_person",0,1
192,"web|simple|medium|multi_person",0,1
194,"web|simple|medium|multi_person",0,1
195,"web|simple|medium|multi_person",0,1
196,"web|simple|medium|multi_person",0,1
197,"web|simple|medium|multi_person",0,1
198,"web|simple|medium|multi_person",0,1
199,"web|simple|medium|multi_person",0,1
200,"web|simple|medium|multi_person",0,1
201,"web|simple|medium|multi_person",0,1
202,"web|simple|medium|multi_person",0,1
203,"web|simple|medium|multi_person",0,1
205,"web|simple|medium|multi_person",0,1
206,"web|simple|medium|multi_person",0,1
207,"web|simple|medium|multi_person",0,1
208,"web|simple|medium|multi_person",0,1
209,"web|simple|medium|multi_person",0,1
210,"web|simple|medium|multi_person",0,1
211,"web|simple|medium|multi_person",0,1
212,"web|simple|medium|multi_person",0,1
213,"web|simple|medium|multi_person",0,1
214,"web|simple|medium|multi_person",0,1
217,"web|simple|medium|multi_person",0,1
219,"web|simple|medium|multi_person",0,1
220,"web|simple|medium|multi_person",0,1
221,"web|simple|medium|multi_person",0,1
222,"web|simple|medium|multi_person",0,1
223,"web|simple|medium|multi_person",0,1
224,"web|simple|medium|multi_person",0,1
225,"web|simple|medium|multi_person",0,1
226,"web|simple|medium|multi_person",0,1
227,"web|simple|medium|multi_person",0,1
228,"web|simple|medium|multi_person",0,1
230,"web|simple|medium|multi_person",0,1
231,"web|simple|medium|multi_person",0,1
232,"web|simple|medium|multi_person",0,1
233,"web|simple|medium|multi_person",0,1
234,"web|simple|medium|multi_person",0,1
235,"web|simple|medium|multi_person",0,1
236,"web|simple|medium|multi_person",0,1
237,"web|simple|medium|multi_person",0,1
238,"web|simple|medium|multi_person",0,1
239,"web|simple|medium|multi_person",0,1
240,"web|simple|medium|multi_person",0,1
241,"web|simple|medium|multi_person",0,1
242,"web|simple|medium|multi_person",0,1
243,"web|simple|medium|multi_person",0,1
245,"web|simple|medium|multi_person",0,1
246,"web|simple|medium|multi_person",0,1
247,"web|simple|medium|multi_person",0,1
248,"web|simple|medium|multi_person",0,1
249,"web|simple|medium|multi_person",0,1
250,"web|simple|medium|multi_person",0,1
251,"web|simple|medium|multi_person",0,1
252,"web|simple|medium|multi_person",0,1
253,"web|simple|medium|multi_person",0,1
254,"web|simple|medium|multi_person",0,1
256,"web|simple|medium|multi_person",0,1
258,"web|simple|medium|multi_person",0,1
259,"web|simple|medium|multi_person",0,1
260,"web|simple|medium|multi_person",0,1
261,"web|simple|medium|multi_person",0,1
263,"web|simple|medium|multi_person",0,1
264,"web|simple|medium|multi_person",0,1
265,"web|simple|medium|multi_person",0,1
266,"web|simple|medium|multi_person",0,1
267,"web|simple|medium|multi_person",0,1
268,"web|simple|medium|multi_person",0,1
269,"web|simple|medium|multi_person",0,1
270,"web|simple|medium|multi_person",0,1
271,"web|simple|medium|multi_person",0,1
272,"web|simple|medium|multi_person",0,1
273,"web|simple|medium|multi_person",0,1
274,"web|simple|medium|multi_person",0,1
275,"web|simple|medium|multi_person",0,1
276,"web|simple|medium|multi_person",0,1
277,"web|simple|medium|multi_person",0,1
279,"web|simple|medium|multi_person",0,1
280,"web|simple|medium|multi_person",0,1
281,"web|simple|medium|multi_person",0,1
282,"web|simple|medium|multi_person",0,1
283,"web|simple|medium|multi_person",0,1
284,"web|simple|medium|multi_person",0,1
285,"web|simple|medium|multi_person",0,1
286,"web|simple|medium|multi_person",0,1
287,"web|simple|medium|multi_person",0,1
288,"web|simple|medium|multi_person",0,1
289,"web|simple|medium|multi_person",0,1
290,"web|simple|medium|multi_person",0,1
291,"web|simple|medium|multi_person",0,1
292,"web|simple|medium|multi_person",0,1
293,"web|simple|medium|multi_person",0,1
294,"web|simple|medium|multi_person",0,1
295,"web|simple|medium|multi_person",0,1
296,"web|simple|medium|multi_person",0,1
297,"web|simple|medium|multi_person",0,1
298,"web|simple|medium|multi_person",0,1
299,"web|simple|medium|multi_person",0,1
301,"web|simple|medium|multi_person",0,1
302,"web|simple|medium|multi_person",0,1
303,"web|simple|medium|multi_person",0,1
304,"web|simple|medium|multi_person",0,1
305,"web|simple|medium|multi_person",0,1
306,"web|simple|medium|multi_person",0,1
307,"web|simple|medium|multi_person",0,1
308,"web|simple|medium|multi_person",0,1
309,"web|simple|medium|multi_person",0,1
310,"web|simple|medium|multi_person",0,1
311,"web|simple|medium|multi_person",0,1
312,"web|simple|medium|multi_person",0,1
313,"web|simple|medium|multi_person",0,1
314,"web|simple|medium|multi_person",0,1
2,"mobile|two_factor|medium|multi_person",0,1
3,"mobile|two_factor|medium|multi_person",0,1
4,"mobile|two_factor|medium|multi_person",0,1
5,"mobile|two_factor|medium|multi_person",0,1
6,"mobile|two_factor|medium|multi_person",0,1
7,"mobile|two_factor|medium|multi_person",0,1
8,"mobile|two_factor|medium|multi_person",0,1
9,"mobile|two_factor|medium|multi_person",0,1
10,"mobile|two_factor|medium|multi_person",0,1
11,"mobile|two_factor|medium|multi_person",0,1
13,"mobile|two_factor|medium|multi_person",0,1
14,"mobile|two_factor|medium|multi_person",0,1
15,"mobile|two_factor|medium|multi_person",0,1
16,"mobile|two_factor|medium|multi_person",0,1
17,"mobile|two_factor|medium|multi_person",0,1
18,"mobile|two_factor|medium|multi_person",0,1
19,"mobile|two_factor|medium|multi_person",0,1
20,"mobile|two_factor|medium|multi_person",0,1
21,"mobile|two_factor|medium|multi_person",0,1
22,"mobile|two_factor|medium|multi_person",0,1
23,"mobile|two_factor|medium|multi_person",0,1
24,"mobile|two_factor|medium|multi_person",0,1
26,"mobile|two_factor|medium|multi_person",0,1
27,"mobile|two_factor|medium|multi_person",0,1
28,"mobile|two_factor|medium|multi_person",0,1
29,"mobile|two_factor|medium|multi_person",0,1
31,"mobile|two_factor|medium|multi_person",0,1
32,"mobile|two_factor|medium|multi_person",0,1
33,"mobile|two_factor|medium|multi_person",0,1
35,"mobile|two_factor|medium|multi_person",0,1
36,"mobile|two_factor|medium|multi_person",0,1
37,"mobile|two_factor|medium|multi_person",0,1
38,"mobile|two_factor|medium|multi_person",0,1
39,"mobile|two_factor|medium|multi_person",0,1
41,"mobile|two_factor|medium|multi_person",0,1
42,"mobile|two_factor|medium|multi_person",0,1
43,"mobile|two_factor|medium|multi_person",0,1
44,"mobile|two_factor|medium|multi_person",0,1
45,"mobile|two_factor|medium|multi_person",0,1
46,"mobile|two_factor|medium|multi_person",0,1
47,"mobile|two_factor|medium|multi_person",0,1
48,"mobile|two_factor|medium|multi_person",0,1
49,"mobile|two_factor|medium|multi_person",0,1
50,"mobile|two_factor|medium|multi_person",0,1
51,"mobile|two_factor|medium|multi_person",0,1
52,"mobile|two_factor|medium|multi_person",0,1
53,"mobile|two_factor|medium|multi_person",0,1
54,"mobile|two_factor|medium|multi_person",0,1
55,"mobile|two_factor|medium|multi_person",0,1
56,"mobile|two_factor|medium|multi_person",0,1
57,"mobile|two_factor|medium|multi_person",0,1
58,"mobile|two_factor|medium|multi_person",0,1
60,"mobile|two_factor|medium|multi_person",0,1
61,"mobile|two_factor|medium|multi_person",0,1
62,"mobile|two_factor|medium|multi_person",0,1
63,"mobile|two_factor|medium|multi_person",0,1
64,"mobile|two_factor|medium|multi_person",0,1
65,"mobile|two_factor|medium|multi_person",0,1
68,"mobile|two_factor|medium|multi_person",0,1
69,"mobile|two_factor|medium|multi_person",0,1
70,"mobile|two_factor|medium|multi_person",0,1
71,"mobile|two_factor|medium|multi_person",0,1
72,"mobile|two_factor|medium|multi_person",0,1
73,"mobile|two_factor|medium|multi_person",0,1
74,"mobile|two_factor|medium|multi_person",0,1
75,"mobile|two_factor|medium|multi_person",0,1
76,"mobile|two_factor|medium|multi_person",0,1
77,"mobile|two_factor|medium|multi_person",0,1
78,"mobile|two_factor|medium|multi_person",0,1
79,"mobile|two_factor|medium|multi_person",0,1
80,"mobile|two_factor|medium|multi_person",0,1
81,"mobile|two_factor|medium|multi_person",0,1
82,"mobile|two_factor|medium|multi_person",0,1
83,"mobile|two_factor|medium|multi_person",0,1
84,"mobile|two_factor|medium|multi_person",0,1
86,"mobile|two_factor|medium|multi_person",0,1
87,"mobile|two_factor|medium|multi_person",0,1
88,"mobile|two_factor|medium|multi_person",0,1
90,"mobile|two_factor|medium|multi_person",0,1
91,"mobile|two_factor|medium|multi_person",0,1
92,"mobile|two_factor|medium|multi_person",0,1
93,"mobile|two_factor|medium|multi_person",0,1
94,"mobile|two_factor|medium|multi_person",0,1
95,"mobile|two_factor|medium|multi_person",0,1
96,"mobile|two_factor|medium|multi_person",0,1
97,"mobile|two_factor|medium|multi_person",0,1
98,"mobile|two_factor|medium|multi_person",0,1
99,"mobile|two_factor|medium|multi_person",0,1
100,"mobile|two_factor|medium|multi_person",0,1
101,"mobile|two_factor|medium|multi_person",0,1
103,"mobile|two_factor|medium|multi_person",0,1
104,"mobile|two_factor|medium|multi_person",0,1
105,"mobile|two_factor|medium|multi_person",0,1
106,"mobile|two_factor|medium|multi_person",0,1
107,"mobile|two_factor|medium|multi_person",0,1
108,"mobile|two_factor|medium|multi_person",0,1
109,"mobile|two_factor|medium|multi_person",0,1
110,"mobile|two_factor|medium|multi_person",0,1
111,"mobile|two_factor|medium|multi_person",0,1
112,"mobile|two_factor|medium|multi_person",0,1
113,"mobile|two_factor|medium|multi_person",0,1
114,"mobile|two_factor|medium|multi_person",0,1
115,"mobile|two_factor|medium|multi_person",0,1
116,"mobile|two_factor|medium|multi_person",0,1
117,"mobile|two_factor|medium|multi_person",0,1
118,"mobile|two_factor|medium|multi_person",0,1
119,"mobile|two_factor|medium|multi_person",0,1
120,"mobile|two_factor|medium|multi_person",0,1
121,"mobile|two_factor|medium|multi_person",0,1
122,"mobile|two_factor|medium|multi_person",0,1
123,"mobile|two_factor|medium|multi_person",0,1
124,"mobile|two_factor|medium|multi_person",0,1
125,"mobile|two_factor|medium|multi_person",0,1
126,"mobile|two_factor|medium|multi_person",0,1
127,"mobile|two_factor|medium|multi_person",0,1
128,"mobile|two_factor|medium|multi_person",0,1
130,"mobile|two_factor|medium|multi_person",0,1
131,"mobile|two_factor|medium|multi_person",0,1
132,"mobile|two_factor|medium|multi_person",0,1
133,"mobile|two_factor|medium|multi_person",0,1
135,"mobile|two_factor|medium|multi_person",0,1
136,"mobile|two_factor|medium|multi_person",0,1
137,"mobile|two_factor|medium|multi_person",0,1
138,"mobile|two_factor|medium|multi_person",0,1
140,"mobile|two_factor|medium|multi_person",0,1
141,"mobile|two_factor|medium|multi_person",0,1
142,"mobile|two_factor|medium|multi_person",0,1
143,"mobile|two_factor|medium|multi_person",0,1
144,"mobile|two_factor|medium|multi_person",0,1
145,"mobile|two_factor|medium|multi_person",0,1
146,"mobile|two_factor|medium|multi_person",0,1
147,"mobile|two_factor|medium|multi_person",0,1
148,"mobile|two_factor|medium|multi_person",0,1
149,"mobile|two_factor|medium|multi_person",0,1
150,"mobile|two_factor|medium|multi_person",0,1
151,"mobile|two_factor|medium|multi_person",0,1
152,"mobile|two_factor|medium|multi_person",0,1
153,"mobile|two_factor|medium|multi_person",0,1
154,"mobile|two_factor|medium|multi_person",0,1
155,"mobile|two_factor|medium|multi_person",0,1
156,"mobile|two_factor|medium|multi_person",0,1
157,"mobile|two_factor|medium|multi_person",0,1
158,"mobile|two_factor|medium|multi_person",0,1
159,"mobile|two_factor|medium|multi_person",0,1
160,"mobile|two_factor|medium|multi_person",0,1
162,"mobile|two_factor|medium|multi_person",0,1
163,"mobile|two_factor|medium|multi_person",0,1
164,"mobile|two_factor|medium|multi_person",0,1
165,"mobile|two_factor|medium|multi_person",0,1
166,"mobile|two_factor|medium|multi_person",0,1
167,"mobile|two_factor|medium|multi_person",0,1
168,"mobile|two_factor|medium|multi_person",0,1
169,"mobile|two_factor|medium|multi_person",0,1
170,"mobile|two_factor|medium|multi_person",0,1
171,"mobile|two_factor|medium|multi_person",0,1
172,"mobile|two_factor|medium|multi_person",0,1
173,"mobile|two_factor|medium|multi_person",0,1
174,"mobile|two_factor|medium|multi_person",0,1
175,"mobile|two_factor|medium|multi_person",0,1
176,"mobile|two_factor|medium|multi_person",0,1
177,"mobile|two_factor|medium|multi_person",0,1
178,"mobile|two_factor|medium|multi_person",0,1
179,"mobile|two_factor|medium|multi_person",0,1
180,"mobile|two_factor|medium|multi_person",0,1
181,"mobile|two_factor|medium|multi_person",0,1
183,"mobile|two_factor|medium|multi_person",0,1
184,"mobile|two_factor|medium|multi_person",0,1
186,"mobile|two_factor|medium|multi_person",0,1
187,"mobile|two_factor|medium|multi_person",0,1
188,"mobile|two_factor|medium|multi_person",0,1
189,"mobile|two_factor|medium|multi_person",0,1
190,"mobile|two_factor|medium|multi_person",0,1
191,"mobile|two_factor|medium|multi_person",0,1
192,"mobile|two_factor|medium|multi_person",0,1
194,"mobile|two_factor|medium|multi_person",0,1
195,"mobile|two_factor|medium|multi_person",0,1
196,"mobile|two_factor|medium|multi_person",0,1
197,"mobile|two_factor|medium|multi_person",0,1
198,"mobile|two_factor|medium|multi_person",0,1
199,"mobile|two_factor|medium|multi_person",0,1
200,"mobile|two_factor|medium|multi_person",0,1
201,"mobile|two_factor|medium|multi_person",0,1
202,"mobile|two_factor|medium|multi_person",0,1
203,"mobile|two_factor|medium|multi_person",0,1
205,"mobile|two_factor|medium|multi_person",0,1
206,"mobile|two_factor|medium|multi_person",0,1
207,"mobile|two_factor|medium|multi_person",0,1
208,"mobile|two_factor|medium|multi_person",0,1
209,"mobile|two_factor|medium|multi_person",0,1
210,"mobile|two_factor|medium|multi_person",0,1
211,"mobile|two_factor|medium|multi_person",0,1
212,"mobile|two_factor|medium|multi_person",0,1
213,"mobile|two_factor|medium|multi_person",0,1
214,"mobile|two_factor|medium|multi_person",0,1
217,"mobile|two_factor|medium|multi_person",0,1
219,"mobile|two_factor|medium|multi_person",0,1
220,"mobile|two_factor|medium|multi_person",0,1
221,"mobile|two_factor|medium|multi_person",0,1
222,"mobile|two_factor|medium|multi_person",0,1
223,"mobile|two_factor|medium|multi_person",0,1
224,"mobile|two_factor|medium|multi_person",0,1
225,"mobile|two_factor|medium|multi_person",0,1
226,"mobile|two_factor|medium|multi_person",0,1
227,"mobile|two_factor|medium|multi_person",0,1
228,"mobile|two_factor|medium|multi_person",0,1
230,"mobile|two_factor|medium|multi_person",0,1
231,"mobile|two_factor|medium|multi_person",0,1
232,"mobile|two_factor|medium|multi_person",0,1
233,"mobile|two_factor|medium|multi_person",0,1
234,"mobile|two_factor|medium|multi_person",0,1
235,"mobile|two_factor|medium|multi_person",0,1
236,"mobile|two_factor|medium|multi_person",0,1
237,"mobile|two_factor|medium|multi_person",0,1
238,"mobile|two_factor|medium|multi_person",0,1
239,"mobile|two_factor|medium|multi_person",0,1
240,"mobile|two_factor|medium|multi_person",0,1
241,"mobile|two_factor|medium|multi_person",0,1
242,"mobile|two_factor|medium|multi_person",0,1
243,"mobile|two_factor|medium|multi_person",0,1
245,"mobile|two_factor|medium|multi_person",0,1
246,"mobile|two_factor|medium|multi_person",0,1
247,"mobile|two_factor|medium|multi_person",0,1
248,"mobile|two_factor|medium|multi_person",0,1
249,"mobile|two_factor|medium|multi_person",0,1
250,"mobile|two_factor|medium|multi_person",0,1
251,"mobile|two_factor|medium|multi_person",0,1
252,"mobile|two_factor|medium|multi_person",0,1
253,"mobile|two_factor|medium|multi_person",0,1
254,"mobile|two_factor|medium|multi_person",0,1
256,"mobile|two_factor|medium|multi_person",0,1
258,"mobile|two_factor|medium|multi_person",0,1
259,"mobile|two_factor|medium|multi_person",0,1
260,"mobile|two_factor|medium|multi_person",0,1
261,"mobile|two_factor|medium|multi_person",0,1
263,"mobile|two_factor|medium|multi_person",0,1
264,"mobile|two_factor|medium|multi_person",0,1
265,"mobile|two_factor|medium|multi_person",0,1
266,"mobile|two_factor|medium|multi_person",0,1
267,"mobile|two_factor|medium|multi_person",0,1
268,"mobile|two_factor|medium|multi_person",0,1
269,"mobile|two_factor|medium|multi_person",0,1
270,"mobile|two_factor|medium|multi_person",0,1
271,"mobile|two_factor|medium|multi_person",0,1
272,"mobile|two_factor|medium|multi_person",0,1
273,"mobile|two_factor|medium|multi_person",0,1
274,"mobile|two_factor|medium|multi_person",0,1
275,"mobile|two_factor|medium|multi_person",0,1
276,"mobile|two_factor|medium|multi_person",0,1
277,"mobile|two_factor|medium|multi_person",0,1
279,"mobile|two_factor|medium|multi_person",0,1
280,"mobile|two_factor|medium|multi_person",0,1
281,"mobile|two_factor|medium|multi_person",0,1
282,"mobile|two_factor|medium|multi_person",0,1
283,"mobile|two_factor|medium|multi_person",0,1
284,"mobile|two_factor|medium|multi_person",0,1
285,"mobile|two_factor|medium|multi_person",0,1
286,"mobile|two_factor|medium|multi_person",0,1
287,"mobile|two_factor|medium|multi_person",0,1
288,"mobile|two_factor|medium|multi_person",0,1
289,"mobile|two_factor|medium|multi_person",0,1
290,"mobile|two_factor|medium|multi_person",0,1
291,"mobile|two_factor|medium|multi_person",0,1
292,"mobile|two_factor|medium|multi_person",0,1
293,"mobile|two_factor|medium|multi_person",0,1
294,"mobile|two_factor|medium|multi_person",0,1
295,"mobile|two_factor|medium|multi_person",0,1
296,"mobile|two_factor|medium|multi_person",0,1
297,"mobile|two_factor|medium|multi_person",0,1
298,"mobile|two_factor|medium|multi_person",0,1
299,"mobile|two_factor|medium|multi_person",0,1
301,"mobile|two_factor|medium|multi_person",0,1
302,"mobile|two_factor|medium|multi_person",0,1
303,"mobile|two_factor|medium|multi_person",0,1
304,"mobile|two_factor|medium|multi_person",0,1
305,"mobile|two_factor|medium|multi_person",0,1
306,"mobile|two_factor|medium|multi_person",0,1
307,"mobile|two_factor|medium|multi_person",0,1
308,"mobile|two_factor|medium|multi_person",0,1
309,"mobile|two_factor|medium|multi_person",0,1
310,"mobile|two_factor|medium|multi_person",0,1
311,"mobile|two_factor|medium|multi_person",0,1
312,"mobile|two_factor|medium|multi_person",0,1
313,"mobile|two_factor|medium|multi_person",0,1
314,"mobile|two_factor|medium|multi_person",0,1
2,"web|two_factor|high|multi_person",0,1
3,"web|two_factor|high|multi_person",0,1
4,"web|two_factor|high|multi_person",0,1
5,"web|two_factor|high|multi_person",0,1
6,"web|two_factor|high|multi_person",0,1
7,"web|two_factor|high|multi_person",0,1
8,"web|two_factor|high|multi_person",0,1
9,"web|two_factor|high|multi_person",0,1
10,"web|two_factor|high|multi_person",0,1
11,"web|two_factor|high|multi_person",0,1
13,"web|two_factor|high|multi_person",0,1
14,"web|two_factor|high|multi_person",0,1
15,"web|two_factor|high|multi_person",0,1
16,"web|two_factor|high|multi_person",0,1
17,"web|two_factor|high|multi_person",0,1
18,"web|two_factor|high|multi_person",0,1
19,"web|two_factor|high|multi_person",0,1
20,"web|two_factor|high|multi_person",0,1
21,"web|two_factor|high|multi_person",0,1
22,"web|two_factor|high|multi_person",0,1
23,"web|two_factor|high|multi_person",0,1
24,"web|two_factor|high|multi_person",0,1
26,"web|two_factor|high|multi_person",0,1
27,"web|two_factor|high|multi_person",0,1
28,"web|two_factor|high|multi_person",0,1
29,"web|two_factor|high|multi_person",0,1
31,"web|two_factor|high|multi_person",0,1
32,"web|two_factor|high|multi_person",0,1
33,"web|two_factor|high|multi_person",0,1
35,"web|two_factor|high|multi_person",0,1
36,"web|two_factor|high|multi_person",0,1
37,"web|two_factor|high|multi_person",0,1
38,"web|two_factor|high|multi_person",0,1
39,"web|two_factor|high|multi_person",0,1
41,"web|two_factor|high|multi_person",0,1
42,"web|two_factor|high|multi_person",0,1
43,"web|two_factor|high|multi_person",0,1
44,"web|two_factor|high|multi_person",0,1
45,"web|two_factor|high|multi_person",0,1
46,"web|two_factor|high|multi_person",0,1
47,"web|two_factor|high|multi_person",0,1
48,"web|two_factor|high|multi_person",0,1
49,"web|two_factor|high|multi_person",0,1
50,"web|two_factor|high|multi_person",0,1
51,"web|two_factor|high|multi_person",0,1
52,"web|two_factor|high|multi_person",0,1
53,"web|two_factor|high|multi_person",0,1
54,"web|two_factor|high|multi_person",0,1
55,"web|two_factor|high|multi_person",0,1
56,"web|two_factor|high|multi_person",0,1
57,"web|two_factor|high|multi_person",0,1
58,"web|two_factor|high|multi_person",0,1
60,"web|two_factor|high|multi_person",0,1
61,"web|two_factor|high|multi_person",0,1
62,"web|two_factor|high|multi_person",0,1
63,"web|two_factor|high|multi_person",0,1
64,"web|two_factor|high|multi_person",0,1
65,"web|two_factor|high|multi_person",0,1
68,"web|two_factor|high|multi_person",0,1
69,"web|two_factor|high|multi_person",0,1
70,"web|two_factor|high|multi_person",0,1
71,"web|two_factor|high|multi_person",0,1
72,"web|two_factor|high|multi_person",0,1
73,"web|two_factor|high|multi_person",0,1
74,"web|two_factor|high|multi_person",0,1
75,"web|two_factor|high|multi_person",0,1
76,"web|two_factor|high|multi_person",0,1
77,"web|two_factor|high|multi_person",0,1
78,"web|two_factor|high|multi_person",0,1
79,"web|two_factor|high|multi_person",0,1
80,"web|two_factor|high|multi_person",0,1
81,"web|two_factor|high|multi_person",0,1
82,"web|two_factor|high|multi_person",0,1
83,"web|two_factor|high|multi_person",0,1
84,"web|two_factor|high|multi_person",0,1
86,"web|two_factor|high|multi_person",0,1
87,"web|two_factor|high|multi_person",0,1
88,"web|two_factor|high|multi_person",0,1
90,"web|two_factor|high|multi_person",0,1
91,"web|two_factor|high|multi_person",0,1
92,"web|two_factor|high|multi_person",0,1
93,"web|two_factor|high|multi_person",0,1
94,"web|two_factor|high|multi_person",0,1
95,"web|two_factor|high|multi_person",0,1
96,"web|two_factor|high|multi_person",0,1
97,"web|two_factor|high|multi_person",0,1
98,"web|two_factor|high|multi_person",0,1
99,"web|two_factor|high|multi_person",0,1
100,"web|two_factor|high|multi_person",0,1
101,"web|two_factor|high|multi_person",0,1
103,"web|two_factor|high|multi_person",0,1
104,"web|two_factor|high|multi_person",0,1
105,"web|two_factor|high|multi_person",0,1
106,"web|two_factor|high|multi_person",0,1
107,"web|two_factor|high|multi_person",0,1
108,"web|two_factor|high|multi_person",0,1
109,"web|two_factor|high|multi_person",0,1
110,"web|two_factor|high|multi_person",0,1
111,"web|two_factor|high|multi_person",0,1
112,"web|two_factor|high|multi_person",0,1
113,"web|two_factor|high|multi_person",0,1
114,"web|two_factor|high|multi_person",0,1
115,"web|two_factor|high|multi_person",0,1
116,"web|two_factor|high|multi_person",0,1
117,"web|two_factor|high|multi_person",0,1
118,"web|two_factor|high|multi_person",0,1
119,"web|two_factor|high|multi_person",0,1
120,"web|two_factor|high|multi_person",0,1
121,"web|two_factor|high|multi_person",0,1
122,"web|two_factor|high|multi_person",0,1
123,"web|two_factor|high|multi_person",0,1
124,"web|two_factor|high|multi_person",0,1
125,"web|two_factor|high|multi_person",0,1
126,"web|two_factor|high|multi_person",0,1
127,"web|two_factor|high|multi_person",0,1
128,"web|two_factor|high|multi_person",0,1
130,"web|two_factor|high|multi_person",0,1
131,"web|two_factor|high|multi_person",0,1
132,"web|two_factor|high|multi_person",0,1
133,"web|two_factor|high|multi_person",0,1
135,"web|two_factor|high|multi_person",0,1
136,"web|two_factor|high|multi_person",0,1
137,"web|two_factor|high|multi_person",0,1
138,"web|two_factor|high|multi_person",0,1
140,"web|two_factor|high|multi_person",0,1
141,"web|two_factor|high|multi_person",0,1
142,"web|two_factor|high|multi_person",0,1
143,"web|two_factor|high|multi_person",0,1
144,"web|two_factor|high|multi_person",0,1
145,"web|two_factor|high|multi_person",0,1
146,"web|two_factor|high|multi_person",0,1
147,"web|two_factor|high|multi_person",0,1
148,"web|two_factor|high|multi_person",0,1
149,"web|two_factor|high|multi_person",0,1
150,"web|two_factor|high|multi_person",0,1
151,"web|two_factor|high|multi_person",0,1
152,"web|two_factor|high|multi_person",0,1
153,"web|two_factor|high|multi_person",0,1
154,"web|two_factor|high|multi_person",0,1
155,"web|two_factor|high|multi_person",0,1
156,"web|two_factor|high|multi_person",0,1
157,"web|two_factor|high|multi_person",0,1
158,"web|two_factor|high|multi_person",0,1
159,"web|two_factor|high|multi_person",0,1
160,"web|two_factor|high|multi_person",0,1
162,"web|two_factor|high|multi_person",0,1
163,"web|two_factor|high|multi_person",0,1
164,"web|two_factor|high|multi_person",0,1
165,"web|two_factor|high|multi_person",0,1
166,"web|two_factor|high|multi_person",0,1
167,"web|two_factor|high|multi_person",0,1
168,"web|two_factor|high|multi_person",0,1
169,"web|two_factor|high|multi_person",0,1
170,"web|two_factor|high|multi_person",0,1
171,"web|two_factor|high|multi_person",0,1
172,"web|two_factor|high|multi_person",0,1
173,"web|two_factor|high|multi_person",0,1
174,"web|two_factor|high|multi_person",0,1
175,"web|two_factor|high|multi_person",0,1
176,"web|two_factor|high|multi_person",0,1
177,"web|two_factor|high|multi_person",0,1
178,"web|two_factor|high|multi_person",0,1
179,"web|two_factor|high|multi_person",0,1
180,"web|two_factor|high|multi_person",0,1
181,"web|two_factor|high|multi_person",0,1
183,"web|two_factor|high|multi_person",0,1
184,"web|two_factor|high|multi_person",0,1
186,"web|two_factor|high|multi_person",0,1
187,"web|two_factor|high|multi_person",0,1
188,"web|two_factor|high|multi_person",0,1
189,"web|two_factor|high|multi_person",0,1
190,"web|two_factor|high|multi_person",0,1
191,"web|two_factor|high|multi_person",0,1
192,"web|two_factor|high|multi_person",0,1
194,"web|two_factor|high|multi_person",0,1
195,"web|two_factor|high|multi_person",0,1
196,"web|two_factor|high|multi_person",0,1
197,"web|two_factor|high|multi_person",0,1
198,"web|two_factor|high|multi_person",0,1
199,"web|two_factor|high|multi_person",0,1
200,"web|two_factor|high|multi_person",0,1
201,"web|two_factor|high|multi_person",0,1
202,"web|two_factor|high|multi_person",0,1
203,"web|two_factor|high|multi_person",0,1
205,"web|two_factor|high|multi_person",0,1
206,"web|two_factor|high|multi_person",0,1
207,"web|two_factor|high|multi_person",0,1
208,"web|two_factor|high|multi_person",0,1
209,"web|two_factor|high|multi_person",0,1
210,"web|two_factor|high|multi_person",0,1
211,"web|two_factor|high|multi_person",0,1
212,"web|two_factor|high|multi_person",0,1
213,"web|two_factor|high|multi_person",0,1
214,"web|two_factor|high|multi_person",0,1
217,"web|two_factor|high|multi_person",0,1
219,"web|two_factor|high|multi_person",0,1
220,"web|two_factor|high|multi_person",0,1
221,"web|two_factor|high|multi_person",0,1
222,"web|two_factor|high|multi_person",0,1
223,"web|two_factor|high|multi_person",0,1
224,"web|two_factor|high|multi_person",0,1
225,"web|two_factor|high|multi_person",0,1
226,"web|two_factor|high|multi_person",0,1
227,"web|two_factor|high|multi_person",0,1
228,"web|two_factor|high|multi_person",0,1
230,"web|two_factor|high|multi_person",0,1
231,"web|two_factor|high|multi_person",0,1
232,"web|two_factor|high|multi_person",0,1
233,"web|two_factor|high|multi_person",0,1
234,"web|two_factor|high|multi_person",0,1
235,"web|two_factor|high|multi_person",0,1
236,"web|two_factor|high|multi_person",0,1
237,"web|two_factor|high|multi_person",0,1
238,"web|two_factor|high|multi_person",0,1
239,"web|two_factor|high|multi_person",0,1
240,"web|two_factor|high|multi_person",0,1
241,"web|two_factor|high|multi_person",0,1
242,"web|two_factor|high|multi_person",0,1
243,"web|two_factor|high|multi_person",0,1
245,"web|two_factor|high|multi_person",0,1
246,"web|two_factor|high|multi_person",0,1
247,"web|two_factor|high|multi_person",0,1
248,"web|two_factor|high|multi_person",0,1
249,"web|two_factor|high|multi_person",0,1
250,"web|two_factor|high|multi_person",0,1
251,"web|two_factor|high|multi_person",0,1
252,"web|two_factor|high|multi_person",0,1
253,"web|two_factor|high|multi_person",0,1
254,"web|two_factor|high|multi_person",0,1
256,"web|two_factor|high|multi_person",0,1
258,"web|two_factor|high|multi_person",0,1
259,"web|two_factor|high|multi_person",0,1
260,"web|two_factor|high|multi_person",0,1
261,"web|two_factor|high|multi_person",0,1
263,"web|two_factor|high|multi_person",0,1
264,"web|two_factor|high|multi_person",0,1
265,"web|two_factor|high|multi_person",0,1
266,"web|two_factor|high|multi_person",0,1
267,"web|two_factor|high|multi_person",0,1
268,"web|two_factor|high|multi_person",0,1
269,"web|two_factor|high|multi_person",0,1
270,"web|two_factor|high|multi_person",0,1
271,"web|two_factor|high|multi_person",0,1
272,"web|two_factor|high|multi_person",0,1
273,"web|two_factor|high|multi_person",0,1
274,"web|two_factor|high|multi_person",0,1
275,"web|two_factor|high|multi_person",0,1
276,"web|two_factor|high|multi_person",0,1
277,"web|two_factor|high|multi_person",0,1
279,"web|two_factor|high|multi_person",0,1
280,"web|two_factor|high|multi_person",0,1
281,"web|two_factor|high|multi_person",0,1
282,"web|two_factor|high|multi_person",0,1
283,"web|two_factor|high|multi_person",0,1
284,"web|two_factor|high|multi_person",0,1
285,"web|two_factor|high|multi_person",0,1
286,"web|two_factor|high|multi_person",0,1
287,"web|two_factor|high|multi_person",0,1
288,"web|two_factor|high|multi_person",0,1
289,"web|two_factor|high|multi_person",0,1
290,"web|two_factor|high|multi_person",0,1
291,"web|two_factor|high|multi_person",0,1
292,"web|two_factor|high|multi_person",0,1
293,"web|two_factor|high|multi_person",0,1
294,"web|two_factor|high|multi_person",0,1
295,"web|two_factor|high|multi_person",0,1
296,"web|two_factor|high|multi_person",0,1
297,"web|two_factor|high|multi_person",0,1
298,"web|two_factor|high|multi_person",0,1
299,"web|two_factor|high|multi_person",0,1
301,"web|two_factor|high|multi_person",0,1
302,"web|two_factor|high|multi_person",0,1
303,"web|two_factor|high|multi_person",0,1
304,"web|two_factor|high|multi_person",0,1
305,"web|two_factor|high|multi_person",0,1
306,"web|two_factor|high|multi_person",0,1
307,"web|two_factor|high|multi_person",0,1
308,"web|two_factor|high|multi_person",0,1
309,"web|two_factor|high|multi_person",0,1
310,"web|two_factor|high|multi_person",0,1
311,"web|two_factor|high|multi_person",0,1
312,"web|two_factor|high|multi_person",0,1
313,"web|two_factor|high|multi_person",0,1
314,"web|two_factor|high|multi_person",0,1
2,"web|multi_factor|high|multi_person",0,1
3,"web|multi_factor|high|multi_person",0,1
4,"web|multi_factor|high|multi_person",0,1
5,"web|multi_factor|high|multi_person",0,1
6,"web|multi_factor|high|multi_person",0,1
7,"web|multi_factor|high|multi_person",0,1
8,"web|multi_factor|high|multi_person",0,1
9,"web|multi_factor|high|multi_person",0,1
10,"web|multi_factor|high|multi_person",0,1
11,"web|multi_factor|high|multi_person",0,1
13,"web|multi_factor|high|multi_person",0,1
14,"web|multi_factor|high|multi_person",0,1
15,"web|multi_factor|high|multi_person",0,1
16,"web|multi_factor|high|multi_person",0,1
17,"web|multi_factor|high|multi_person",0,1
18,"web|multi_factor|high|multi_person",0,1
19,"web|multi_factor|high|multi_person",0,1
20,"web|multi_factor|high|multi_person",0,1
21,"web|multi_factor|high|multi_person",0,1
22,"web|multi_factor|high|multi_person",0,1
23,"web|multi_factor|high|multi_person",0,1
24,"web|multi_factor|high|multi_person",0,1
26,"web|multi_factor|high|multi_person",0,1
27,"web|multi_factor|high|multi_person",0,1
28,"web|multi_factor|high|multi_person",0,1
29,"web|multi_factor|high|multi_person",0,1
31,"web|multi_factor|high|multi_person",0,1
32,"web|multi_factor|high|multi_person",0,1
33,"web|multi_factor|high|multi_person",0,1
35,"web|multi_factor|high|multi_person",0,1
36,"web|multi_factor|high|multi_person",0,1
37,"web|multi_factor|high|multi_person",0,1
38,"web|multi_factor|high|multi_person",0,1
39,"web|multi_factor|high|multi_person",0,1
41,"web|multi_factor|high|multi_person",0,1
42,"web|multi_factor|high|multi_person",0,1
43,"web|multi_factor|high|multi_person",0,1
44,"web|multi_factor|high|multi_person",0,1
45,"web|multi_factor|high|multi_person",0,1
46,"web|multi_factor|high|multi_person",0,1
47,"web|multi_factor|high|multi_person",0,1
48,"web|multi_factor|high|multi_person",0,1
49,"web|multi_factor|high|multi_person",0,1
50,"web|multi_factor|high|multi_person",0,1
51,"web|multi_factor|high|multi_person",0,1
52,"web|multi_factor|high|multi_person",0,1
53,"web|multi_factor|high|multi_person",0,1
54,"web|multi_factor|high|multi_person",0,1
55,"web|multi_factor|high|multi_person",0,1
56,"web|multi_factor|high|multi_person",0,1
57,"web|multi_factor|high|multi_person",0,1
58,"web|multi_factor|high|multi_person",0,1
60,"web|multi_factor|high|multi_person",0,1
61,"web|multi_factor|high|multi_person",0,1
62,"web|multi_factor|high|multi_person",0,1
63,"web|multi_factor|high|multi_person",0,1
64,"web|multi_factor|high|multi_person",0,1
65,"web|multi_factor|high|multi_person",0,1
68,"web|multi_factor|high|multi_person",0,1
69,"web|multi_factor|high|multi_person",0,1
70,"web|multi_factor|high|multi_person",0,1
71,"web|multi_factor|high|multi_person",0,1
72,"web|multi_factor|high|multi_person",0,1
73,"web|multi_factor|high|multi_person",0,1
74,"web|multi_factor|high|multi_person",0,1
75,"web|multi_factor|high|multi_person",0,1
76,"web|multi_factor|high|multi_person",0,1
77,"web|multi_factor|high|multi_person",0,1
78,"web|multi_factor|high|multi_person",0,1
79,"web|multi_factor|high|multi_person",0,1
80,"web|multi_factor|high|multi_person",0,1
81,"web|multi_factor|high|multi_person",0,1
82,"web|multi_factor|high|multi_person",0,1
83,"web|multi_factor|high|multi_person",0,1
84,"web|multi_factor|high|multi_person",0,1
86,"web|multi_factor|high|multi_person",0,1
87,"web|multi_factor|high|multi_person",0,1
88,"web|multi_factor|high|multi_person",0,1
90,"web|multi_factor|high|multi_person",0,1
91,"web|multi_factor|high|multi_person",0,1
92,"web|multi_factor|high|multi_person",0,1
93,"web|multi_factor|high|multi_person",0,1
94,"web|multi_factor|high|multi_person",0,1
95,"web|multi_factor|high|multi_person",0,1
96,"web|multi_factor|high|multi_person",0,1
97,"web|multi_factor|high|multi_person",0,1
98,"web|multi_factor|high|multi_person",0,1
99,"web|multi_factor|high|multi_person",0,1
100,"web|multi_factor|high|multi_person",0,1
101,"web|multi_factor|high|multi_person",0,1
103,"web|multi_factor|high|multi_person",0,1
104,"web|multi_factor|high|multi_person",0,1
105,"web|multi_factor|high|multi_person",0,1
106,"web|multi_factor|high|multi_person",0,1
107,"web|multi_factor|high|multi_person",0,1
108,"web|multi_factor|high|multi_person",0,1
109,"web|multi_factor|high|multi_person",0,1
110,"web|multi_factor|high|multi_person",0,1
111,"web|multi_factor|high|multi_person",0,1
112,"web|multi_factor|high|multi_person",0,1
113,"web|multi_factor|high|multi_person",0,1
114,"web|multi_factor|high|multi_person",0,1
115,"web|multi_factor|high|multi_person",0,1
116,"web|multi_factor|high|multi_person",0,1
117,"web|multi_factor|high|multi_person",0,1
118,"web|multi_factor|high|multi_person",0,1
119,"web|multi_factor|high|multi_person",0,1
120,"web|multi_factor|high|multi_person",0,1
121,"web|multi_factor|high|multi_person",0,1
122,"web|multi_factor|high|multi_person",0,1
123,"web|multi_factor|high|multi_person",0,1
124,"web|multi_factor|high|multi_person",0,1
125,"web|multi_factor|high|multi_person",0,1
126,"web|multi_factor|high|multi_person",0,1
127,"web|multi_factor|high|multi_person",0,1
128,"web|multi_factor|high|multi_person",0,1
130,"web|multi_factor|high|multi_person",0,1
131,"web|multi_factor|high|multi_person",0,1
132,"web|multi_factor|high|multi_person",0,1
133,"web|multi_factor|high|multi_person",0,1
135,"web|multi_factor|high|multi_person",0,1
136,"web|multi_factor|high|multi_person",0,1
137,"web|multi_factor|high|multi_person",0,1
138,"web|multi_factor|high|multi_person",0,1
140,"web|multi_factor|high|multi_person",0,1
141,"web|multi_factor|high|multi_person",0,1
142,"web|multi_factor|high|multi_person",0,1
143,"web|multi_factor|high|multi_person",0,1
144,"web|multi_factor|high|multi_person",0,1
145,"web|multi_factor|high|multi_person",0,1
146,"web|multi_factor|high|multi_person",0,1
147,"web|multi_factor|high|multi_person",0,1
148,"web|multi_factor|high|multi_person",0,1
149,"web|multi_factor|high|multi_person",0,1
150,"web|multi_factor|high|multi_person",0,1
151,"web|multi_factor|high|multi_person",0,1
152,"web|multi_factor|high|multi_person",0,1
153,"web|multi_factor|high|multi_person",0,1
154,"web|multi_factor|high|multi_person",0,1
155,"web|multi_factor|high|multi_person",0,1
156,"web|multi_factor|high|multi_person",0,1
157,"web|multi_factor|high|multi_person",0,1
158,"web|multi_factor|high|multi_person",0,1
159,"web|multi_factor|high|multi_person",0,1
160,"web|multi_factor|high|multi_person",0,1
162,"web|multi_factor|high|multi_person",0,1
163,"web|multi_factor|high|multi_person",0,1
164,"web|multi_factor|high|multi_person",0,1
165,"web|multi_factor|high|multi_person",0,1
166,"web|multi_factor|high|multi_person",0,1
167,"web|multi_factor|high|multi_person",0,1
168,"web|multi_factor|high|multi_person",0,1
169,"web|multi_factor|high|multi_person",0,1
170,"web|multi_factor|high|multi_person",0,1
171,"web|multi_factor|high|multi_person",0,1
172,"web|multi_factor|high|multi_person",0,1
173,"web|multi_factor|high|multi_person",0,1
174,"web|multi_factor|high|multi_person",0,1
175,"web|multi_factor|high|multi_person",0,1
176,"web|multi_factor|high|multi_person",0,1
177,"web|multi_factor|high|multi_person",0,1
178,"web|multi_factor|high|multi_person",0,1
179,"web|multi_factor|high|multi_person",0,1
180,"web|multi_factor|high|multi_person",0,1
181,"web|multi_factor|high|multi_person",0,1
183,"web|multi_factor|high|multi_person",0,1
184,"web|multi_factor|high|multi_person",0,1
186,"web|multi_factor|high|multi_person",0,1
187,"web|multi_factor|high|multi_person",0,1
188,"web|multi_factor|high|multi_person",0,1
189,"web|multi_factor|high|multi_person",0,1
190,"web|multi_factor|high|multi_person",0,1
191,"web|multi_factor|high|multi_person",0,1
192,"web|multi_factor|high|multi_person",0,1
194,"web|multi_factor|high|multi_person",0,1
195,"web|multi_factor|high|multi_person",0,1
196,"web|multi_factor|high|multi_person",0,1
197,"web|multi_factor|high|multi_person",0,1
198,"web|multi_factor|high|multi_person",0,1
199,"web|multi_factor|high|multi_person",0,1
200,"web|multi_factor|high|multi_person",0,1
201,"web|multi_factor|high|multi_person",0,1
202,"web|multi_factor|high|multi_person",0,1
203,"web|multi_factor|high|multi_person",0,1
205,"web|multi_factor|high|multi_person",0,1
206,"web|multi_factor|high|multi_person",0,1
207,"web|multi_factor|high|multi_person",0,1
208,"web|multi_factor|high|multi_person",0,1
209,"web|multi_factor|high|multi_person",0,1
210,"web|multi_factor|high|multi_person",0,1
211,"web|multi_factor|high|multi_person",0,1
212,"web|multi_factor|high|multi_person",0,1
213,"web|multi_factor|high|multi_person",0,1
214,"web|multi_factor|high|multi_person",0,1
217,"web|multi_factor|high|multi_person",0,1
219,"web|multi_factor|high|multi_person",0,1
220,"web|multi_factor|high|multi_person",0,1
221,"web|multi_factor|high|multi_person",0,1
222,"web|multi_factor|high|multi_person",0,1
223,"web|multi_factor|high|multi_person",0,1
224,"web|multi_factor|high|multi_person",0,1
225,"web|multi_factor|high|multi_person",0,1
226,"web|multi_factor|high|multi_person",0,1
227,"web|multi_factor|high|multi_person",0,1
228,"web|multi_factor|high|multi_person",0,1
230,"web|multi_factor|high|multi_person",0,1
231,"web|multi_factor|high|multi_person",0,1
232,"web|multi_factor|high|multi_person",0,1
233,"web|multi_factor|high|multi_person",0,1
234,"web|multi_factor|high|multi_person",0,1
235,"web|multi_factor|high|multi_person",0,1
236,"web|multi_factor|high|multi_person",0,1
237,"web|multi_factor|high|multi_person",0,1
238,"web|multi_factor|high|multi_person",0,1
239,"web|multi_factor|high|multi_person",0,1
240,"web|multi_factor|high|multi_person",0,1
241,"web|multi_factor|high|multi_person",0,1
242,"web|multi_factor|high|multi_person",0,1
243,"web|multi_factor|high|multi_person",0,1
245,"web|multi_factor|high|multi_person",0,1
246,"web|multi_factor|high|multi_person",0,1
247,"web|multi_factor|high|multi_person",0,1
248,"web|multi_factor|high|multi_person",0,1
249,"web|multi_factor|high|multi_person",0,1
250,"web|multi_factor|high|multi_person",0,1
251,"web|multi_factor|high|multi_person",0,1
252,"web|multi_factor|high|multi_person",0,1
253,"web|multi_factor|high|multi_person",0,1
254,"web|multi_factor|high|multi_person",0,1
256,"web|multi_factor|high|multi_person",0,1
258,"web|multi_factor|high|multi_person",0,1
259,"web|multi_factor|high|multi_person",0,1
260,"web|multi_factor|high|multi_person",0,1
261,"web|multi_factor|high|multi_person",0,1
263,"web|multi_factor|high|multi_person",0,1
264,"web|multi_factor|high|multi_person",0,1
265,"web|multi_factor|high|multi_person",0,1
266,"web|multi_factor|high|multi_person",0,1
267,"web|multi_factor|high|multi_person",0,1
268,"web|multi_factor|high|multi_person",0,1
269,"web|multi_factor|high|multi_person",0,1
270,"web|multi_factor|high|multi_person",0,1
271,"web|multi_factor|high|multi_person",0,1
272,"web|multi_factor|high|multi_person",0,1
273,"web|multi_factor|high|multi_person",0,1
274,"web|multi_factor|high|multi_person",0,1
275,"web|multi_factor|high|multi_person",0,1
276,"web|multi_factor|high|multi_person",0,1
277,"web|multi_factor|high|multi_person",0,1
279,"web|multi_factor|high|multi_person",0,1
280,"web|multi_factor|high|multi_person",0,1
281,"web|multi_factor|high|multi_person",0,1
282,"web|multi_factor|high|multi_person",0,1
283,"web|multi_factor|high|multi_person",0,1
284,"web|multi_factor|high|multi_person",0,1
285,"web|multi_factor|high|multi_person",0,1
286,"web|multi_factor|high|multi_person",0,1
287,"web|multi_factor|high|multi_person",0,1
288,"web|multi_factor|high|multi_person",0,1
289,"web|multi_factor|high|multi_person",0,1
290,"web|multi_factor|high|multi_person",0,1
291,"web|multi_factor|high|multi_person",0,1
292,"web|multi_factor|high|multi_person",0,1
293,"web|multi_factor|high|multi_person",0,1
294,"web|multi_factor|high|multi_person",0,1
295,"web|multi_factor|high|multi_person",0,1
296,"web|multi_factor|high|multi_person",0,1
297,"web|multi_factor|high|multi_person",0,1
298,"web|multi_factor|high|multi_person",0,1
299,"web|multi_factor|high|multi_person",0,1
301,"web|multi_factor|high|multi_person",0,1
302,"web|multi_factor|high|multi_person",0,1
303,"web|multi_factor|high|multi_person",0,1
304,"web|multi_factor|high|multi_person",0,1
305,"web|multi_factor|high|multi_person",0,1
306,"web|multi_factor|high|multi_person",0,1
307,"web|multi_factor|high|multi_person",0,1
308,"web|multi_factor|high|multi_person",0,1
309,"web|multi_factor|high|multi_person",0,1
310,"web|multi_factor|high|multi_person",0,1
311,"web|multi_factor|high|multi_person",0,1
312,"web|multi_factor|high|multi_person",0,1
313,"web|multi_factor|high|multi_person",0,1
314,"web|multi_factor|high|multi_person",0,1
2,"web|simple|medium|one_to_one",0,1
3,"web|simple|medium|one_to_one",0,1
4,"web|simple|medium|one_to_one",0,1
5,"web|simple|medium|one_to_one",0,1
6,"web|simple|medium|one_to_one",0,1
7,"web|simple|medium|one_to_one",0,1
8,"web|simple|medium|one_to_one",0,1
9,"web|simple|medium|one_to_one",0,1
10,"web|simple|medium|one_to_one",0,1
11,"web|simple|medium|one_to_one",0,1
13,"web|simple|medium|one_to_one",0,1
14,"web|simple|medium|one_to_one",0,1
15,"web|simple|medium|one_to_one",0,1
16,"web|simple|medium|one_to_one",0,1
17,"web|simple|medium|one_to_one",0,1
18,"web|simple|medium|one_to_one",0,1
19,"web|simple|medium|one_to_one",0,1
20,"web|simple|medium|one_to_one",0,1
21,"web|simple|medium|one_to_one",0,1
22,"web|simple|medium|one_to_one",0,1
23,"web|simple|medium|one_to_one",0,1
24,"web|simple|medium|one_to_one",0,1
26,"web|simple|medium|one_to_one",0,1
27,"web|simple|medium|one_to_one",0,1
28,"web|simple|medium|one_to_one",0,1
29,"web|simple|medium|one_to_one",0,1
31,"web|simple|medium|one_to_one",0,1
32,"web|simple|medium|one_to_one",0,1
33,"web|simple|medium|one_to_one",0,1
35,"web|simple|medium|one_to_one",0,1
36,"web|simple|medium|one_to_one",0,1
37,"web|simple|medium|one_to_one",0,1
38,"web|simple|medium|one_to_one",0,1
39,"web|simple|medium|one_to_one",0,1
41,"web|simple|medium|one_to_one",0,1
42,"web|simple|medium|one_to_one",0,1
43,"web|simple|medium|one_to_one",0,1
44,"web|simple|medium|one_to_one",0,1
45,"web|simple|medium|one_to_one",0,1
46,"web|simple|medium|one_to_one",0,1
47,"web|simple|medium|one_to_one",0,1
48,"web|simple|medium|one_to_one",0,1
49,"web|simple|medium|one_to_one",0,1
50,"web|simple|medium|one_to_one",0,1
51,"web|simple|medium|one_to_one",0,1
52,"web|simple|medium|one_to_one",0,1
53,"web|simple|medium|one_to_one",0,1
54,"web|simple|medium|one_to_one",0,1
55,"web|simple|medium|one_to_one",0,1
56,"web|simple|medium|one_to_one",0,1
57,"web|simple|medium|one_to_one",0,1
58,"web|simple|medium|one_to_one",0,1
60,"web|simple|medium|one_to_one",0,1
61,"web|simple|medium|one_to_one",0,1
62,"web|simple|medium|one_to_one",0,1
63,"web|simple|medium|one_to_one",0,1
64,"web|simple|medium|one_to_one",0,1
65,"web|simple|medium|one_to_one",0,1
68,"web|simple|medium|one_to_one",0,1
69,"web|simple|medium|one_to_one",0,1
70,"web|simple|medium|one_to_one",0,1
71,"web|simple|medium|one_to_one",0,1
72,"web|simple|medium|one_to_one",0,1
73,"web|simple|medium|one_to_one",0,1
74,"web|simple|medium|one_to_one",0,1
75,"web|simple|medium|one_to_one",0,1
76,"web|simple|medium|one_to_one",0,1
77,"web|simple|medium|one_to_one",0,1
78,"web|simple|medium|one_to_one",0,1
79,"web|simple|medium|one_to_one",0,1
80,"web|simple|medium|one_to_one",0,1
81,"web|simple|medium|one_to_one",0,1
82,"web|simple|medium|one_to_one",0,1
83,"web|simple|medium|one_to_one",0,1
84,"web|simple|medium|one_to_one",0,1
86,"web|simple|medium|one_to_one",0,1
87,"web|simple|medium|one_to_one",0,1
88,"web|simple|medium|one_to_one",0,1
90,"web|simple|medium|one_to_one",0,1
91,"web|simple|medium|one_to_one",0,1
92,"web|simple|medium|one_to_one",0,1
93,"web|simple|medium|one_to_one",0,1
94,"web|simple|medium|one_to_one",0,1
95,"web|simple|medium|one_to_one",0,1
96,"web|simple|medium|one_to_one",0,1
97,"web|simple|medium|one_to_one",0,1
98,"web|simple|medium|one_to_one",0,1
99,"web|simple|medium|one_to_one",0,1
100,"web|simple|medium|one_to_one",0,1
101,"web|simple|medium|one_to_one",0,1
103,"web|simple|medium|one_to_one",0,1
104,"web|simple|medium|one_to_one",0,1
105,"web|simple|medium|one_to_one",0,1
106,"web|simple|medium|one_to_one",0,1
107,"web|simple|medium|one_to_one",0,1
108,"web|simple|medium|one_to_one",0,1
109,"web|simple|medium|one_to_one",0,1
110,"web|simple|medium|one_to_one",0,1
111,"web|simple|medium|one_to_one",0,1
112,"web|simple|medium|one_to_one",0,1
113,"web|simple|medium|one_to_one",0,1
114,"web|simple|medium|one_to_one",0,1
115,"web|simple|medium|one_to_one",0,1
116,"web|simple|medium|one_to_one",0,1
117,"web|simple|medium|one_to_one",0,1
118,"web|simple|medium|one_to_one",0,1
119,"web|simple|medium|one_to_one",0,1
120,"web|simple|medium|one_to_one",0,1
121,"web|simple|medium|one_to_one",0,1
122,"web|simple|medium|one_to_one",0,1
123,"web|simple|medium|one_to_one",0,1
124,"web|simple|medium|one_to_one",0,1
125,"web|simple|medium|one_to_one",0,1
126,"web|simple|medium|one_to_one",0,1
127,"web|simple|medium|one_to_one",0,1
128,"web|simple|medium|one_to_one",0,1
130,"web|simple|medium|one_to_one",0,1
131,"web|simple|medium|one_to_one",0,1
132,"web|simple|medium|one_to_one",0,1
133,"web|simple|medium|one_to_one",0,1
135,"web|simple|medium|one_to_one",0,1
136,"web|simple|medium|one_to_one",0,1
137,"web|simple|medium|one_to_one",0,1
138,"web|simple|medium|one_to_one",0,1
140,"web|simple|medium|one_to_one",0,1
141,"web|simple|medium|one_to_one",0,1
142,"web|simple|medium|one_to_one",0,1
143,"web|simple|medium|one_to_one",0,1
144,"web|simple|medium|one_to_one",0,1
145,"web|simple|medium|one_to_one",0,1
146,"web|simple|medium|one_to_one",0,1
147,"web|simple|medium|one_to_one",0,1
148,"web|simple|medium|one_to_one",0,1
149,"web|simple|medium|one_to_one",0,1
150,"web|simple|medium|one_to_one",0,1
151,"web|simple|medium|one_to_one",0,1
152,"web|simple|medium|one_to_one",0,1
153,"web|simple|medium|one_to_one",0,1
154,"web|simple|medium|one_to_one",0,1
155,"web|simple|medium|one_to_one",0,1
156,"web|simple|medium|one_to_one",0,1
157,"web|simple|medium|one_to_one",0,1
158,"web|simple|medium|one_to_one",0,1
159,"web|simple|medium|one_to_one",0,1
160,"web|simple|medium|one_to_one",0,1
162,"web|simple|medium|one_to_one",0,1
163,"web|simple|medium|one_to_one",0,1
164,"web|simple|medium|one_to_one",0,1
165,"web|simple|medium|one_to_one",0,1
166,"web|simple|medium|one_to_one",0,1
167,"web|simple|medium|one_to_one",0,1
168,"web|simple|medium|one_to_one",0,1
169,"web|simple|medium|one_to_one",0,1
170,"web|simple|medium|one_to_one",0,1
171,"web|simple|medium|one_to_one",0,1
172,"web|simple|medium|one_to_one",0,1
173,"web|simple|medium|one_to_one",0,1
174,"web|simple|medium|one_to_one",0,1
175,"web|simple|medium|one_to_one",0,1
176,"web|simple|medium|one_to_one",0,1
177,"web|simple|medium|one_to_one",0,1
178,"web|simple|medium|one_to_one",0,1
179,"web|simple|medium|one_to_one",0,1
180,"web|simple|medium|one_to_one",0,1
181,"web|simple|medium|one_to_one",0,1
183,"web|simple|medium|one_to_one",0,1
184,"web|simple|medium|one_to_one",0,1
186,"web|simple|medium|one_to_one",0,1
187,"web|simple|medium|one_to_one",0,1
188,"web|simple|medium|one_to_one",0,1
189,"web|simple|medium|one_to_one",0,1
190,"web|simple|medium|one_to_one",0,1
191,"web|simple|medium|one_to_one",0,1
192,"web|simple|medium|one_to_one",0,1
194,"web|simple|medium|one_to_one",0,1
195,"web|simple|medium|one_to_one",0,1
196,"web|simple|medium|one_to_one",0,1
197,"web|simple|medium|one_to_one",0,1
198,"web|simple|medium|one_to_one",0,1
199,"web|simple|medium|one_to_one",0,1
200,"web|simple|medium|one_to_one",0,1
201,"web|simple|medium|one_to_one",0,1
202,"web|simple|medium|one_to_one",0,1
203,"web|simple|medium|one_to_one",0,1
205,"web|simple|medium|one_to_one",0,1
206,"web|simple|medium|one_to_one",0,1
207,"web|simple|medium|one_to_one",0,1
208,"web|simple|medium|one_to_one",0,1
209,"web|simple|medium|one_to_one",0,1
210,"web|simple|medium|one_to_one",0,1
211,"web|simple|medium|one_to_one",0,1
212,"web|simple|medium|one_to_one",0,1
213,"web|simple|medium|one_to_one",0,1
214,"web|simple|medium|one_to_one",0,1
217,"web|simple|medium|one_to_one",0,1
219,"web|simple|medium|one_to_one",0,1
220,"web|simple|medium|one_to_one",0,1
221,"web|simple|medium|one_to_one",0,1
222,"web|simple|medium|one_to_one",0,1
223,"web|simple|medium|one_to_one",0,1
224,"web|simple|medium|one_to_one",0,1
225,"web|simple|medium|one_to_one",0,1
226,"web|simple|medium|one_to_one",0,1
227,"web|simple|medium|one_to_one",0,1
228,"web|simple|medium|one_to_one",0,1
230,"web|simple|medium|one_to_one",0,1
231,"web|simple|medium|one_to_one",0,1
232,"web|simple|medium|one_to_one",0,1
233,"web|simple|medium|one_to_one",0,1
234,"web|simple|medium|one_to_one",0,1
235,"web|simple|medium|one_to_one",0,1
236,"web|simple|medium|one_to_one",0,1
237,"web|simple|medium|one_to_one",0,1
238,"web|simple|medium|one_to_one",0,1
239,"web|simple|medium|one_to_one",0,1
240,"web|simple|medium|one_to_one",0,1
241,"web|simple|medium|one_to_one",0,1
242,"web|simple|medium|one_to_one",0,1
243,"web|simple|medium|one_to_one",0,1
245,"web|simple|medium|one_to_one",0,1
246,"web|simple|medium|one_to_one",0,1
247,"web|simple|medium|one_to_one",0,1
248,"web|simple|medium|one_to_one",0,1
249,"web|simple|medium|one_to_one",0,1
250,"web|simple|medium|one_to_one",0,1
251,"web|simple|medium|one_to_one",0,1
252,"web|simple|medium|one_to_one",0,1
253,"web|simple|medium|one_to_one",0,1
254,"web|simple|medium|one_to_one",0,1
256,"web|simple|medium|one_to_one",0,1
258,"web|simple|medium|one_to_one",0,1
259,"web|simple|medium|one_to_one",0,1
260,"web|simple|medium|one_to_one",0,1
261,"web|simple|medium|one_to_one",0,1
263,"web|simple|medium|one_to_one",0,1
264,"web|simple|medium|one_to_one",0,1
265,"web|simple|medium|one_to_one",0,1
266,"web|simple|medium|one_to_one",0,1
267,"web|simple|medium|one_to_one",0,1
268,"web|simple|medium|one_to_one",0,1
269,"web|simple|medium|one_to_one",0,1
270,"web|simple|medium|one_to_one",0,1
271,"web|simple|medium|one_to_one",0,1
272,"web|simple|medium|one_to_one",0,1
273,"web|simple|medium|one_to_one",0,1
274,"web|simple|medium|one_to_one",0,1
275,"web|simple|medium|one_to_one",0,1
276,"web|simple|medium|one_to_one",0,1
277,"web|simple|medium|one_to_one",0,1
279,"web|simple|medium|one_to_one",0,1
280,"web|simple|medium|one_to_one",0,1
281,"web|simple|medium|one_to_one",0,1
282,"web|simple|medium|one_to_one",0,1
283,"web|simple|medium|one_to_one",0,1
284,"web|simple|medium|one_to_one",0,1
285,"web|simple|medium|one_to_one",0,1
286,"web|simple|medium|one_to_one",0,1
287,"web|simple|medium|one_to_one",0,1
288,"web|simple|medium|one_to_one",0,1
289,"web|simple|medium|one_to_one",0,1
290,"web|simple|medium|one_to_one",0,1
291,"web|simple|medium|one_to_one",0,1
292,"web|simple|medium|one_to_one",0,1
293,"web|simple|medium|one_to_one",0,1
294,"web|simple|medium|one_to_one",0,1
295,"web|simple|medium|one_to_one",0,1
296,"web|simple|medium|one_to_one",0,1
297,"web|simple|medium|one_to_one",0,1
298,"web|simple|medium|one_to_one",0,1
299,"web|simple|medium|one_to_one",0,1
301,"web|simple|medium|one_to_one",0,1
302,"web|simple|medium|one_to_one",0,1
303,"web|simple|medium|one_to_one",0,1
304,"web|simple|medium|one_to_one",0,1
305,"web|simple|medium|one_to_one",0,1
306,"web|simple|medium|one_to_one",0,1
307,"web|simple|medium|one_to_one",0,1
308,"web|simple|medium|one_to_one",0,1
309,"web|simple|medium|one_to_one",0,1
310,"web|simple|medium|one_to_one",0,1
311,"web|simple|medium|one_to_one",0,1
312,"web|simple|medium|one_to_one",0,1
313,"web|simple|medium|one_to_one",0,1
314,"web|simple|medium|one_to_one",0,1
2,"web|two_factor|medium|one_to_one",0,1
3,"web|two_factor|medium|one_to_one",0,1
4,"web|two_factor|medium|one_to_one",0,1
5,"web|two_factor|medium|one_to_one",0,1
6,"web|two_factor|medium|one_to_one",0,1
7,"web|two_factor|medium|one_to_one",0,1
8,"web|two_factor|medium|one_to_one",0,1
9,"web|two_factor|medium|one_to_one",0,1
10,"web|two_factor|medium|one_to_one",0,1
11,"web|two_factor|medium|one_to_one",0,1
13,"web|two_factor|medium|one_to_one",0,1
14,"web|two_factor|medium|one_to_one",0,1
15,"web|two_factor|medium|one_to_one",0,1
16,"web|two_factor|medium|one_to_one",0,1
17,"web|two_factor|medium|one_to_one",0,1
18,"web|two_factor|medium|one_to_one",0,1
19,"web|two_factor|medium|one_to_one",0,1
20,"web|two_factor|medium|one_to_one",0,1
21,"web|two_factor|medium|one_to_one",0,1
22,"web|two_factor|medium|one_to_one",0,1
23,"web|two_factor|medium|one_to_one",0,1
24,"web|two_factor|medium|one_to_one",0,1
26,"web|two_factor|medium|one_to_one",0,1
27,"web|two_factor|medium|one_to_one",0,1
28,"web|two_factor|medium|one_to_one",0,1
29,"web|two_factor|medium|one_to_one",0,1
31,"web|two_factor|medium|one_to_one",0,1
32,"web|two_factor|medium|one_to_one",0,1
33,"web|two_factor|medium|one_to_one",0,1
35,"web|two_factor|medium|one_to_one",0,1
36,"web|two_factor|medium|one_to_one",0,1
37,"web|two_factor|medium|one_to_one",0,1
38,"web|two_factor|medium|one_to_one",0,1
39,"web|two_factor|medium|one_to_one",0,1
41,"web|two_factor|medium|one_to_one",0,1
42,"web|two_factor|medium|one_to_one",0,1
43,"web|two_factor|medium|one_to_one",0,1
44,"web|two_factor|medium|one_to_one",0,1
45,"web|two_factor|medium|one_to_one",0,1
46,"web|two_factor|medium|one_to_one",0,1
47,"web|two_factor|medium|one_to_one",0,1
48,"web|two_factor|medium|one_to_one",0,1
49,"web|two_factor|medium|one_to_one",0,1
50,"web|two_factor|medium|one_to_one",0,1
51,"web|two_factor|medium|one_to_one",0,1
52,"web|two_factor|medium|one_to_one",0,1
53,"web|two_factor|medium|one_to_one",0,1
54,"web|two_factor|medium|one_to_one",0,1
55,"web|two_factor|medium|one_to_one",0,1
56,"web|two_factor|medium|one_to_one",0,1
57,"web|two_factor|medium|one_to_one",0,1
58,"web|two_factor|medium|one_to_one",0,1
60,"web|two_factor|medium|one_to_one",0,1
61,"web|two_factor|medium|one_to_one",0,1
62,"web|two_factor|medium|one_to_one",0,1
63,"web|two_factor|medium|one_to_one",0,1
64,"web|two_factor|medium|one_to_one",0,1
65,"web|two_factor|medium|one_to_one",0,1
68,"web|two_factor|medium|one_to_one",0,1
69,"web|two_factor|medium|one_to_one",0,1
70,"web|two_factor|medium|one_to_one",0,1
71,"web|two_factor|medium|one_to_one",0,1
72,"web|two_factor|medium|one_to_one",0,1
73,"web|two_factor|medium|one_to_one",0,1
74,"web|two_factor|medium|one_to_one",0,1
75,"web|two_factor|medium|one_to_one",0,1
76,"web|two_factor|medium|one_to_one",0,1
77,"web|two_factor|medium|one_to_one",0,1
78,"web|two_factor|medium|one_to_one",0,1
79,"web|two_factor|medium|one_to_one",0,1
80,"web|two_factor|medium|one_to_one",0,1
81,"web|two_factor|medium|one_to_one",0,1
82,"web|two_factor|medium|one_to_one",0,1
83,"web|two_factor|medium|one_to_one",0,1
84,"web|two_factor|medium|one_to_one",0,1
86,"web|two_factor|medium|one_to_one",0,1
87,"web|two_factor|medium|one_to_one",0,1
88,"web|two_factor|medium|one_to_one",0,1
90,"web|two_factor|medium|one_to_one",0,1
91,"web|two_factor|medium|one_to_one",0,1
92,"web|two_factor|medium|one_to_one",0,1
93,"web|two_factor|medium|one_to_one",0,1
94,"web|two_factor|medium|one_to_one",0,1
95,"web|two_factor|medium|one_to_one",0,1
96,"web|two_factor|medium|one_to_one",0,1
97,"web|two_factor|medium|one_to_one",0,1
98,"web|two_factor|medium|one_to_one",0,1
99,"web|two_factor|medium|one_to_one",0,1
100,"web|two_factor|medium|one_to_one",0,1
101,"web|two_factor|medium|one_to_one",0,1
103,"web|two_factor|medium|one_to_one",0,1
104,"web|two_factor|medium|one_to_one",0,1
105,"web|two_factor|medium|one_to_one",0,1
106,"web|two_factor|medium|one_to_one",0,1
107,"web|two_factor|medium|one_to_one",0,1
108,"web|two_factor|medium|one_to_one",0,1
109,"web|two_factor|medium|one_to_one",0,1
110,"web|two_factor|medium|one_to_one",0,1
111,"web|two_factor|medium|one_to_one",0,1
112,"web|two_factor|medium|one_to_one",0,1
113,"web|two_factor|medium|one_to_one",0,1
114,"web|two_factor|medium|one_to_one",0,1
115,"web|two_factor|medium|one_to_one",0,1
116,"web|two_factor|medium|one_to_one",0,1
117,"web|two_factor|medium|one_to_one",0,1
118,"web|two_factor|medium|one_to_one",0,1
119,"web|two_factor|medium|one_to_one",0,1
120,"web|two_factor|medium|one_to_one",0,1
121,"web|two_factor|medium|one_to_one",0,1
122,"web|two_factor|medium|one_to_one",0,1
123,"web|two_factor|medium|one_to_one",0,1
124,"web|two_factor|medium|one_to_one",0,1
125,"web|two_factor|medium|one_to_one",0,1
126,"web|two_factor|medium|one_to_one",0,1
127,"web|two_factor|medium|one_to_one",0,1
128,"web|two_factor|medium|one_to_one",0,1
130,"web|two_factor|medium|one_to_one",0,1
131,"web|two_factor|medium|one_to_one",0,1
132,"web|two_factor|medium|one_to_one",0,1
133,"web|two_factor|medium|one_to_one",0,1
135,"web|two_factor|medium|one_to_one",0,1
136,"web|two_factor|medium|one_to_one",0,1
137,"web|two_factor|medium|one_to_one",0,1
138,"web|two_factor|medium|one_to_one",0,1
140,"web|two_factor|medium|one_to_one",0,1
141,"web|two_factor|medium|one_to_one",0,1
142,"web|two_factor|medium|one_to_one",0,1
143,"web|two_factor|medium|one_to_one",0,1
144,"web|two_factor|medium|one_to_one",0,1
145,"web|two_factor|medium|one_to_one",0,1
146,"web|two_factor|medium|one_to_one",0,1
147,"web|two_factor|medium|one_to_one",0,1
148,"web|two_factor|medium|one_to_one",0,1
149,"web|two_factor|medium|one_to_one",0,1
150,"web|two_factor|medium|one_to_one",0,1
151,"web|two_factor|medium|one_to_one",0,1
152,"web|two_factor|medium|one_to_one",0,1
153,"web|two_factor|medium|one_to_one",0,1
154,"web|two_factor|medium|one_to_one",0,1
155,"web|two_factor|medium|one_to_one",0,1
156,"web|two_factor|medium|one_to_one",0,1
157,"web|two_factor|medium|one_to_one",0,1
158,"web|two_factor|medium|one_to_one",0,1
159,"web|two_factor|medium|one_to_one",0,1
160,"web|two_factor|medium|one_to_one",0,1
162,"web|two_factor|medium|one_to_one",0,1
163,"web|two_factor|medium|one_to_one",0,1
164,"web|two_factor|medium|one_to_one",0,1
165,"web|two_factor|medium|one_to_one",0,1
166,"web|two_factor|medium|one_to_one",0,1
167,"web|two_factor|medium|one_to_one",0,1
168,"web|two_factor|medium|one_to_one",0,1
169,"web|two_factor|medium|one_to_one",0,1
170,"web|two_factor|medium|one_to_one",0,1
171,"web|two_factor|medium|one_to_one",0,1
172,"web|two_factor|medium|one_to_one",0,1
173,"web|two_factor|medium|one_to_one",0,1
174,"web|two_factor|medium|one_to_one",0,1
175,"web|two_factor|medium|one_to_one",0,1
176,"web|two_factor|medium|one_to_one",0,1
177,"web|two_factor|medium|one_to_one",0,1
178,"web|two_factor|medium|one_to_one",0,1
179,"web|two_factor|medium|one_to_one",0,1
180,"web|two_factor|medium|one_to_one",0,1
181,"web|two_factor|medium|one_to_one",0,1
183,"web|two_factor|medium|one_to_one",0,1
184,"web|two_factor|medium|one_to_one",0,1
186,"web|two_factor|medium|one_to_one",0,1
187,"web|two_factor|medium|one_to_one",0,1
188,"web|two_factor|medium|one_to_one",0,1
189,"web|two_factor|medium|one_to_one",0,1
190,"web|two_factor|medium|one_to_one",0,1
191,"web|two_factor|medium|one_to_one",0,1
192,"web|two_factor|medium|one_to_one",0,1
194,"web|two_factor|medium|one_to_one",0,1
195,"web|two_factor|medium|one_to_one",0,1
196,"web|two_factor|medium|one_to_one",0,1
197,"web|two_factor|medium|one_to_one",0,1
198,"web|two_factor|medium|one_to_one",0,1
199,"web|two_factor|medium|one_to_one",0,1
200,"web|two_factor|medium|one_to_one",0,1
201,"web|two_factor|medium|one_to_one",0,1
202,"web|two_factor|medium|one_to_one",0,1
203,"web|two_factor|medium|one_to_one",0,1
205,"web|two_factor|medium|one_to_one",0,1
206,"web|two_factor|medium|one_to_one",0,1
207,"web|two_factor|medium|one_to_one",0,1
208,"web|two_factor|medium|one_to_one",0,1
209,"web|two_factor|medium|one_to_one",0,1
210,"web|two_factor|medium|one_to_one",0,1
211,"web|two_factor|medium|one_to_one",0,1
212,"web|two_factor|medium|one_to_one",0,1
213,"web|two_factor|medium|one_to_one",0,1
214,"web|two_factor|medium|one_to_one",0,1
217,"web|two_factor|medium|one_to_one",0,1
219,"web|two_factor|medium|one_to_one",0,1
220,"web|two_factor|medium|one_to_one",0,1
221,"web|two_factor|medium|one_to_one",0,1
222,"web|two_factor|medium|one_to_one",0,1
223,"web|two_factor|medium|one_to_one",0,1
224,"web|two_factor|medium|one_to_one",0,1
225,"web|two_factor|medium|one_to_one",0,1
226,"web|two_factor|medium|one_to_one",0,1
227,"web|two_factor|medium|one_to_one",0,1
228,"web|two_factor|medium|one_to_one",0,1
230,"web|two_factor|medium|one_to_one",0,1
231,"web|two_factor|medium|one_to_one",0,1
232,"web|two_factor|medium|one_to_one",0,1
233,"web|two_factor|medium|one_to_one",0,1
234,"web|two_factor|medium|one_to_one",0,1
235,"web|two_factor|medium|one_to_one",0,1
236,"web|two_factor|medium|one_to_one",0,1
237,"web|two_factor|medium|one_to_one",0,1
238,"web|two_factor|medium|one_to_one",0,1
239,"web|two_factor|medium|one_to_one",0,1
240,"web|two_factor|medium|one_to_one",0,1
241,"web|two_factor|medium|one_to_one",0,1
242,"web|two_factor|medium|one_to_one",0,1
243,"web|two_factor|medium|one_to_one",0,1
245,"web|two_factor|medium|one_to_one",0,1
246,"web|two_factor|medium|one_to_one",0,1
247,"web|two_factor|medium|one_to_one",0,1
248,"web|two_factor|medium|one_to_one",0,1
249,"web|two_factor|medium|one_to_one",0,1
250,"web|two_factor|medium|one_to_one",0,1
251,"web|two_factor|medium|one_to_one",0,1
252,"web|two_factor|medium|one_to_one",0,1
253,"web|two_factor|medium|one_to_one",0,1
254,"web|two_factor|medium|one_to_one",0,1
256,"web|two_factor|medium|one_to_one",0,1
258,"web|two_factor|medium|one_to_one",0,1
259,"web|two_factor|medium|one_to_one",0,1
260,"web|two_factor|medium|one_to_one",0,1
261,"web|two_factor|medium|one_to_one",0,1
263,"web|two_factor|medium|one_to_one",0,1
264,"web|two_factor|medium|one_to_one",0,1
265,"web|two_factor|medium|one_to_one",0,1
266,"web|two_factor|medium|one_to_one",0,1
267,"web|two_factor|medium|one_to_one",0,1
268,"web|two_factor|medium|one_to_one",0,1
269,"web|two_factor|medium|one_to_one",0,1
270,"web|two_factor|medium|one_to_one",0,1
271,"web|two_factor|medium|one_to_one",0,1
272,"web|two_factor|medium|one_to_one",0,1
273,"web|two_factor|medium|one_to_one",0,1
274,"web|two_factor|medium|one_to_one",0,1
275,"web|two_factor|medium|one_to_one",0,1
276,"web|two_factor|medium|one_to_one",0,1
277,"web|two_factor|medium|one_to_one",0,1
279,"web|two_factor|medium|one_to_one",0,1
280,"web|two_factor|medium|one_to_one",0,1
281,"web|two_factor|medium|one_to_one",0,1
282,"web|two_factor|medium|one_to_one",0,1
283,"web|two_factor|medium|one_to_one",0,1
284,"web|two_factor|medium|one_to_one",0,1
285,"web|two_factor|medium|one_to_one",0,1
286,"web|two_factor|medium|one_to_one",0,1
287,"web|two_factor|medium|one_to_one",0,1
288,"web|two_factor|medium|one_to_one",0,1
289,"web|two_factor|medium|one_to_one",0,1
290,"web|two_factor|medium|one_to_one",0,1
291,"web|two_factor|medium|one_to_one",0,1
292,"web|two_factor|medium|one_to_one",0,1
293,"web|two_factor|medium|one_to_one",0,1
294,"web|two_factor|medium|one_to_one",0,1
295,"web|two_factor|medium|one_to_one",0,1
296,"web|two_factor|medium|one_to_one",0,1
297,"web|two_factor|medium|one_to_one",0,1
298,"web|two_factor|medium|one_to_one",0,1
299,"web|two_factor|medium|one_to_one",0,1
301,"web|two_factor|medium|one_to_one",0,1
302,"web|two_factor|medium|one_to_one",0,1
303,"web|two_factor|medium|one_to_one",0,1
304,"web|two_factor|medium|one_to_one",0,1
305,"web|two_factor|medium|one_to_one",0,1
306,"web|two_factor|medium|one_to_one",0,1
307,"web|two_factor|medium|one_to_one",0,1
308,"web|two_factor|medium|one_to_one",0,1
309,"web|two_factor|medium|one_to_one",0,1
310,"web|two_factor|medium|one_to_one",0,1
311,"web|two_factor|medium|one_to_one",0,1
312,"web|two_factor|medium|one_to_one",0,1
313,"web|two_factor|medium|one_to_one",0,1
314,"web|two_factor|medium|one_to_one",0,1
2,"mobile|simple|high|one_to_one",0,1
3,"mobile|simple|high|one_to_one",0,1
4,"mobile|simple|high|one_to_one",0,1
5,"mobile|simple|high|one_to_one",0,1
6,"mobile|simple|high|one_to_one",0,1
7,"mobile|simple|high|one_to_one",0,1
8,"mobile|simple|high|one_to_one",0,1
9,"mobile|simple|high|one_to_one",0,1
10,"mobile|simple|high|one_to_one",0,1
11,"mobile|simple|high|one_to_one",0,1
13,"mobile|simple|high|one_to_one",0,1
14,"mobile|simple|high|one_to_one",0,1
15,"mobile|simple|high|one_to_one",0,1
16,"mobile|simple|high|one_to_one",0,1
17,"mobile|simple|high|one_to_one",0,1
18,"mobile|simple|high|one_to_one",0,1
19,"mobile|simple|high|one_to_one",0,1
20,"mobile|simple|high|one_to_one",0,1
21,"mobile|simple|high|one_to_one",0,1
22,"mobile|simple|high|one_to_one",0,1
23,"mobile|simple|high|one_to_one",0,1
24,"mobile|simple|high|one_to_one",0,1
26,"mobile|simple|high|one_to_one",0,1
27,"mobile|simple|high|one_to_one",0,1
28,"mobile|simple|high|one_to_one",0,1
29,"mobile|simple|high|one_to_one",0,1
31,"mobile|simple|high|one_to_one",0,1
32,"mobile|simple|high|one_to_one",0,1
33,"mobile|simple|high|one_to_one",0,1
35,"mobile|simple|high|one_to_one",0,1
36,"mobile|simple|high|one_to_one",0,1
37,"mobile|simple|high|one_to_one",0,1
38,"mobile|simple|high|one_to_one",0,1
39,"mobile|simple|high|one_to_one",0,1
41,"mobile|simple|high|one_to_one",0,1
42,"mobile|simple|high|one_to_one",0,1
43,"mobile|simple|high|one_to_one",0,1
44,"mobile|simple|high|one_to_one",0,1
45,"mobile|simple|high|one_to_one",0,1
46,"mobile|simple|high|one_to_one",0,1
47,"mobile|simple|high|one_to_one",0,1
48,"mobile|simple|high|one_to_one",0,1
49,"mobile|simple|high|one_to_one",0,1
50,"mobile|simple|high|one_to_one",0,1
51,"mobile|simple|high|one_to_one",0,1
52,"mobile|simple|high|one_to_one",0,1
53,"mobile|simple|high|one_to_one",0,1
54,"mobile|simple|high|one_to_one",0,1
55,"mobile|simple|high|one_to_one",0,1
56,"mobile|simple|high|one_to_one",0,1
57,"mobile|simple|high|one_to_one",0,1
58,"mobile|simple|high|one_to_one",0,1
60,"mobile|simple|high|one_to_one",0,1
61,"mobile|simple|high|one_to_one",0,1
62,"mobile|simple|high|one_to_one",0,1
63,"mobile|simple|high|one_to_one",0,1
64,"mobile|simple|high|one_to_one",0,1
65,"mobile|simple|high|one_to_one",0,1
68,"mobile|simple|high|one_to_one",0,1
69,"mobile|simple|high|one_to_one",0,1
70,"mobile|simple|high|one_to_one",0,1
71,"mobile|simple|high|one_to_one",0,1
72,"mobile|simple|high|one_to_one",0,1
73,"mobile|simple|high|one_to_one",0,1
74,"mobile|simple|high|one_to_one",0,1
75,"mobile|simple|high|one_to_one",0,1
76,"mobile|simple|high|one_to_one",0,1
77,"mobile|simple|high|one_to_one",0,1
78,"mobile|simple|high|one_to_one",0,1
79,"mobile|simple|high|one_to_one",0,1
80,"mobile|simple|high|one_to_one",0,1
81,"mobile|simple|high|one_to_one",0,1
82,"mobile|simple|high|one_to_one",0,1
83,"mobile|simple|high|one_to_one",0,1
84,"mobile|simple|high|one_to_one",0,1
86,"mobile|simple|high|one_to_one",0,1
87,"mobile|simple|high|one_to_one",0,1
88,"mobile|simple|high|one_to_one",0,1
90,"mobile|simple|high|one_to_one",0,1
91,"mobile|simple|high|one_to_one",0,1
92,"mobile|simple|high|one_to_one",0,1
93,"mobile|simple|high|one_to_one",0,1
94,"mobile|simple|high|one_to_one",0,1
95,"mobile|simple|high|one_to_one",0,1
96,"mobile|simple|high|one_to_one",0,1
97,"mobile|simple|high|one_to_one",0,1
98,"mobile|simple|high|one_to_one",0,1
99,"mobile|simple|high|one_to_one",0,1
100,"mobile|simple|high|one_to_one",0,1
101,"mobile|simple|high|one_to_one",0,1
103,"mobile|simple|high|one_to_one",0,1
104,"mobile|simple|high|one_to_one",0,1
105,"mobile|simple|high|one_to_one",0,1
106,"mobile|simple|high|one_to_one",0,1
107,"mobile|simple|high|one_to_one",0,1
108,"mobile|simple|high|one_to_one",0,1
109,"mobile|simple|high|one_to_one",0,1
110,"mobile|simple|high|one_to_one",0,1
111,"mobile|simple|high|one_to_one",0,1
112,"mobile|simple|high|one_to_one",0,1
113,"mobile|simple|high|one_to_one",0,1
114,"mobile|simple|high|one_to_one",0,1
115,"mobile|simple|high|one_to_one",0,1
116,"mobile|simple|high|one_to_one",0,1
117,"mobile|simple|high|one_to_one",0,1
118,"mobile|simple|high|one_to_one",0,1
119,"mobile|simple|high|one_to_one",0,1
120,"mobile|simple|high|one_to_one",0,1
121,"mobile|simple|high|one_to_one",0,1
122,"mobile|simple|high|one_to_one",0,1
123,"mobile|simple|high|one_to_one",0,1
124,"mobile|simple|high|one_to_one",0,1
125,"mobile|simple|high|one_to_one",0,1
126,"mobile|simple|high|one_to_one",0,1
127,"mobile|simple|high|one_to_one",0,1
128,"mobile|simple|high|one_to_one",0,1
130,"mobile|simple|high|one_to_one",0,1
131,"mobile|simple|high|one_to_one",0,1
132,"mobile|simple|high|one_to_one",0,1
133,"mobile|simple|high|one_to_one",0,1
135,"mobile|simple|high|one_to_one",0,1
136,"mobile|simple|high|one_to_one",0,1
137,"mobile|simple|high|one_to_one",0,1
138,"mobile|simple|high|one_to_one",0,1
140,"mobile|simple|high|one_to_one",0,1
141,"mobile|simple|high|one_to_one",0,1
142,"mobile|simple|high|one_to_one",0,1
143,"mobile|simple|high|one_to_one",0,1
144,"mobile|simple|high|one_to_one",0,1
145,"mobile|simple|high|one_to_one",0,1
146,"mobile|simple|high|one_to_one",0,1
147,"mobile|simple|high|one_to_one",0,1
148,"mobile|simple|high|one_to_one",0,1
149,"mobile|simple|high|one_to_one",0,1
150,"mobile|simple|high|one_to_one",0,1
151,"mobile|simple|high|one_to_one",0,1
152,"mobile|simple|high|one_to_one",0,1
153,"mobile|simple|high|one_to_one",0,1
154,"mobile|simple|high|one_to_one",0,1
155,"mobile|simple|high|one_to_one",0,1
156,"mobile|simple|high|one_to_one",0,1
157,"mobile|simple|high|one_to_one",0,1
158,"mobile|simple|high|one_to_one",0,1
159,"mobile|simple|high|one_to_one",0,1
160,"mobile|simple|high|one_to_one",0,1
162,"mobile|simple|high|one_to_one",0,1
163,"mobile|simple|high|one_to_one",0,1
164,"mobile|simple|high|one_to_one",0,1
165,"mobile|simple|high|one_to_one",0,1
166,"mobile|simple|high|one_to_one",0,1
167,"mobile|simple|high|one_to_one",0,1
168,"mobile|simple|high|one_to_one",0,1
169,"mobile|simple|high|one_to_one",0,1
170,"mobile|simple|high|one_to_one",0,1
171,"mobile|simple|high|one_to_one",0,1
172,"mobile|simple|high|one_to_one",0,1
173,"mobile|simple|high|one_to_one",0,1
174,"mobile|simple|high|one_to_one",0,1
175,"mobile|simple|high|one_to_one",0,1
176,"mobile|simple|high|one_to_one",0,1
177,"mobile|simple|high|one_to_one",0,1
178,"mobile|simple|high|one_to_one",0,1
179,"mobile|simple|high|one_to_one",0,1
180,"mobile|simple|high|one_to_one",0,1
181,"mobile|simple|high|one_to_one",0,1
183,"mobile|simple|high|one_to_one",0,1
184,"mobile|simple|high|one_to_one",0,1
186,"mobile|simple|high|one_to_one",0,1
187,"mobile|simple|high|one_to_one",0,1
188,"mobile|simple|high|one_to_one",0,1
189,"mobile|simple|high|one_to_one",0,1
190,"mobile|simple|high|one_to_one",0,1
191,"mobile|simple|high|one_to_one",0,1
192,"mobile|simple|high|one_to_one",0,1
194,"mobile|simple|high|one_to_one",0,1
195,"mobile|simple|high|one_to_one",0,1
196,"mobile|simple|high|one_to_one",0,1
197,"mobile|simple|high|one_to_one",0,1
198,"mobile|simple|high|one_to_one",0,1
199,"mobile|simple|high|one_to_one",0,1
200,"mobile|simple|high|one_to_one",0,1
201,"mobile|simple|high|one_to_one",0,1
202,"mobile|simple|high|one_to_one",0,1
203,"mobile|simple|high|one_to_one",0,1
205,"mobile|simple|high|one_to_one",0,1
206,"mobile|simple|high|one_to_one",0,1
207,"mobile|simple|high|one_to_one",0,1
208,"mobile|simple|high|one_to_one",0,1
209,"mobile|simple|high|one_to_one",0,1
210,"mobile|simple|high|one_to_one",0,1
211,"mobile|simple|high|one_to_one",0,1
212,"mobile|simple|high|one_to_one",0,1
213,"mobile|simple|high|one_to_one",0,1
214,"mobile|simple|high|one_to_one",0,1
217,"mobile|simple|high|one_to_one",0,1
219,"mobile|simple|high|one_to_one",0,1
220,"mobile|simple|high|one_to_one",0,1
221,"mobile|simple|high|one_to_one",0,1
222,"mobile|simple|high|one_to_one",0,1
223,"mobile|simple|high|one_to_one",0,1
224,"mobile|simple|high|one_to_one",0,1
225,"mobile|simple|high|one_to_one",0,1
226,"mobile|simple|high|one_to_one",0,1
227,"mobile|simple|high|one_to_one",0,1
228,"mobile|simple|high|one_to_one",0,1
230,"mobile|simple|high|one_to_one",0,1
231,"mobile|simple|high|one_to_one",0,1
232,"mobile|simple|high|one_to_one",0,1
233,"mobile|simple|high|one_to_one",0,1
234,"mobile|simple|high|one_to_one",0,1
235,"mobile|simple|high|one_to_one",0,1
236,"mobile|simple|high|one_to_one",0,1
237,"mobile|simple|high|one_to_one",0,1
238,"mobile|simple|high|one_to_one",0,1
239,"mobile|simple|high|one_to_one",0,1
240,"mobile|simple|high|one_to_one",0,1
241,"mobile|simple|high|one_to_one",0,1
242,"mobile|simple|high|one_to_one",0,1
243,"mobile|simple|high|one_to_one",0,1
245,"mobile|simple|high|one_to_one",0,1
246,"mobile|simple|high|one_to_one",0,1
247,"mobile|simple|high|one_to_one",0,1
248,"mobile|simple|high|one_to_one",0,1
249,"mobile|simple|high|one_to_one",0,1
250,"mobile|simple|high|one_to_one",0,1
251,"mobile|simple|high|one_to_one",0,1
252,"mobile|simple|high|one_to_one",0,1
253,"mobile|simple|high|one_to_one",0,1
254,"mobile|simple|high|one_to_one",0,1
256,"mobile|simple|high|one_to_one",0,1
258,"mobile|simple|high|one_to_one",0,1
259,"mobile|simple|high|one_to_one",0,1
260,"mobile|simple|high|one_to_one",0,1
261,"mobile|simple|high|one_to_one",0,1
263,"mobile|simple|high|one_to_one",0,1
264,"mobile|simple|high|one_to_one",0,1
265,"mobile|simple|high|one_to_one",0,1
266,"mobile|simple|high|one_to_one",0,1
267,"mobile|simple|high|one_to_one",0,1
268,"mobile|simple|high|one_to_one",0,1
269,"mobile|simple|high|one_to_one",0,1
270,"mobile|simple|high|one_to_one",0,1
271,"mobile|simple|high|one_to_one",0,1
272,"mobile|simple|high|one_to_one",0,1
273,"mobile|simple|high|one_to_one",0,1
274,"mobile|simple|high|one_to_one",0,1
275,"mobile|simple|high|one_to_one",0,1
276,"mobile|simple|high|one_to_one",0,1
277,"mobile|simple|high|one_to_one",0,1
279,"mobile|simple|high|one_to_one",0,1
280,"mobile|simple|high|one_to_one",0,1
281,"mobile|simple|high|one_to_one",0,1
282,"mobile|simple|high|one_to_one",0,1
283,"mobile|simple|high|one_to_one",0,1
284,"mobile|simple|high|one_to_one",0,1
285,"mobile|simple|high|one_to_one",0,1
286,"mobile|simple|high|one_to_one",0,1
287,"mobile|simple|high|one_to_one",0,1
288,"mobile|simple|high|one_to_one",0,1
289,"mobile|simple|high|one_to_one",0,1
290,"mobile|simple|high|one_to_one",0,1
291,"mobile|simple|high|one_to_one",0,1
292,"mobile|simple|high|one_to_one",0,1
293,"mobile|simple|high|one_to_one",0,1
294,"mobile|simple|high|one_to_one",0,1
295,"mobile|simple|high|one_to_one",0,1
296,"mobile|simple|high|one_to_one",0,1
297,"mobile|simple|high|one_to_one",0,1
298,"mobile|simple|high|one_to_one",0,1
299,"mobile|simple|high|one_to_one",0,1
301,"mobile|simple|high|one_to_one",0,1
302,"mobile|simple|high|one_to_one",0,1
303,"mobile|simple|high|one_to_one",0,1
304,"mobile|simple|high|one_to_one",0,1
305,"mobile|simple|high|one_to_one",0,1
306,"mobile|simple|high|one_to_one",0,1
307,"mobile|simple|high|one_to_one",0,1
308,"mobile|simple|high|one_to_one",0,1
309,"mobile|simple|high|one_to_one",0,1
310,"mobile|simple|high|one_to_one",0,1
311,"mobile|simple|high|one_to_one",0,1
312,"mobile|simple|high|one_to_one",0,1
313,"mobile|simple|high|one_to_one",0,1
314,"mobile|simple|high|one_to_one",0,1
2,"mobile|simple|low|multi_person",0,1
3,"mobile|simple|low|multi_person",0,1
4,"mobile|simple|low|multi_person",0,1
5,"mobile|simple|low|multi_person",0,1
6,"mobile|simple|low|multi_person",0,1
7,"mobile|simple|low|multi_person",0,1
8,"mobile|simple|low|multi_person",0,1
9,"mobile|simple|low|multi_person",0,1
10,"mobile|simple|low|multi_person",0,1
11,"mobile|simple|low|multi_person",0,1
13,"mobile|simple|low|multi_person",0,1
14,"mobile|simple|low|multi_person",0,1
15,"mobile|simple|low|multi_person",0,1
16,"mobile|simple|low|multi_person",0,1
17,"mobile|simple|low|multi_person",0,1
18,"mobile|simple|low|multi_person",0,1
19,"mobile|simple|low|multi_person",0,1
20,"mobile|simple|low|multi_person",0,1
21,"mobile|simple|low|multi_person",0,1
22,"mobile|simple|low|multi_person",0,1
23,"mobile|simple|low|multi_person",0,1
24,"mobile|simple|low|multi_person",0,1
26,"mobile|simple|low|multi_person",0,1
27,"mobile|simple|low|multi_person",0,1
28,"mobile|simple|low|multi_person",0,1
29,"mobile|simple|low|multi_person",0,1
31,"mobile|simple|low|multi_person",0,1
32,"mobile|simple|low|multi_person",0,1
33,"mobile|simple|low|multi_person",0,1
35,"mobile|simple|low|multi_person",0,1
36,"mobile|simple|low|multi_person",0,1
37,"mobile|simple|low|multi_person",0,1
38,"mobile|simple|low|multi_person",0,1
39,"mobile|simple|low|multi_person",0,1
41,"mobile|simple|low|multi_person",0,1
42,"mobile|simple|low|multi_person",0,1
43,"mobile|simple|low|multi_person",0,1
44,"mobile|simple|low|multi_person",0,1
45,"mobile|simple|low|multi_person",0,1
46,"mobile|simple|low|multi_person",0,1
47,"mobile|simple|low|multi_person",0,1
48,"mobile|simple|low|multi_person",0,1
49,"mobile|simple|low|multi_person",0,1
50,"mobile|simple|low|multi_person",0,1
51,"mobile|simple|low|multi_person",0,1
52,"mobile|simple|low|multi_person",0,1
53,"mobile|simple|low|multi_person",0,1
54,"mobile|simple|low|multi_person",0,1
55,"mobile|simple|low|multi_person",0,1
56,"mobile|simple|low|multi_person",0,1
57,"mobile|simple|low|multi_person",0,1
58,"mobile|simple|low|multi_person",0,1
60,"mobile|simple|low|multi_person",0,1
61,"mobile|simple|low|multi_person",0,1
62,"mobile|simple|low|multi_person",0,1
63,"mobile|simple|low|multi_person",0,1
64,"mobile|simple|low|multi_person",0,1
65,"mobile|simple|low|multi_person",0,1
68,"mobile|simple|low|multi_person",0,1
69,"mobile|simple|low|multi_person",0,1
70,"mobile|simple|low|multi_person",0,1
71,"mobile|simple|low|multi_person",0,1
72,"mobile|simple|low|multi_person",0,1
73,"mobile|simple|low|multi_person",0,1
74,"mobile|simple|low|multi_person",0,1
75,"mobile|simple|low|multi_person",0,1
76,"mobile|simple|low|multi_person",0,1
77,"mobile|simple|low|multi_person",0,1
78,"mobile|simple|low|multi_person",0,1
79,"mobile|simple|low|multi_person",0,1
80,"mobile|simple|low|multi_person",0,1
81,"mobile|simple|low|multi_person",0,1
82,"mobile|simple|low|multi_person",0,1
83,"mobile|simple|low|multi_person",0,1
84,"mobile|simple|low|multi_person",0,1
86,"mobile|simple|low|multi_person",0,1
87,"mobile|simple|low|multi_person",0,1
88,"mobile|simple|low|multi_person",0,1
90,"mobile|simple|low|multi_person",0,1
91,"mobile|simple|low|multi_person",0,1
92,"mobile|simple|low|multi_person",0,1
93,"mobile|simple|low|multi_person",0,1
94,"mobile|simple|low|multi_person",0,1
95,"mobile|simple|low|multi_person",0,1
96,"mobile|simple|low|multi_person",0,1
97,"mobile|simple|low|multi_person",0,1
98,"mobile|simple|low|multi_person",0,1
99,"mobile|simple|low|multi_person",0,1
100,"mobile|simple|low|multi_person",0,1
101,"mobile|simple|low|multi_person",0,1
103,"mobile|simple|low|multi_person",0,1
104,"mobile|simple|low|multi_person",0,1
105,"mobile|simple|low|multi_person",0,1
106,"mobile|simple|low|multi_person",0,1
107,"mobile|simple|low|multi_person",0,1
108,"mobile|simple|low|multi_person",0,1
109,"mobile|simple|low|multi_person",0,1
110,"mobile|simple|low|multi_person",0,1
111,"mobile|simple|low|multi_person",0,1
112,"mobile|simple|low|multi_person",0,1
113,"mobile|simple|low|multi_person",0,1
114,"mobile|simple|low|multi_person",0,1
115,"mobile|simple|low|multi_person",0,1
116,"mobile|simple|low|multi_person",0,1
117,"mobile|simple|low|multi_person",0,1
118,"mobile|simple|low|multi_person",0,1
119,"mobile|simple|low|multi_person",0,1
120,"mobile|simple|low|multi_person",0,1
121,"mobile|simple|low|multi_person",0,1
122,"mobile|simple|low|multi_person",0,1
123,"mobile|simple|low|multi_person",0,1
124,"mobile|simple|low|multi_person",0,1
125,"mobile|simple|low|multi_person",0,1
126,"mobile|simple|low|multi_person",0,1
127,"mobile|simple|low|multi_person",0,1
128,"mobile|simple|low|multi_person",0,1
130,"mobile|simple|low|multi_person",0,1
131,"mobile|simple|low|multi_person",0,1
132,"mobile|simple|low|multi_person",0,1
133,"mobile|simple|low|multi_person",0,1
135,"mobile|simple|low|multi_person",0,1
136,"mobile|simple|low|multi_person",0,1
137,"mobile|simple|low|multi_person",0,1
138,"mobile|simple|low|multi_person",0,1
140,"mobile|simple|low|multi_person",0,1
141,"mobile|simple|low|multi_person",0,1
142,"mobile|simple|low|multi_person",0,1
143,"mobile|simple|low|multi_person",0,1
144,"mobile|simple|low|multi_person",0,1
145,"mobile|simple|low|multi_person",0,1
146,"mobile|simple|low|multi_person",0,1
147,"mobile|simple|low|multi_person",0,1
148,"mobile|simple|low|multi_person",0,1
149,"mobile|simple|low|multi_person",0,1
150,"mobile|simple|low|multi_person",0,1
151,"mobile|simple|low|multi_person",0,1
152,"mobile|simple|low|multi_person",0,1
153,"mobile|simple|low|multi_person",0,1
154,"mobile|simple|low|multi_person",0,1
155,"mobile|simple|low|multi_person",0,1
156,"mobile|simple|low|multi_person",0,1
157,"mobile|simple|low|multi_person",0,1
158,"mobile|simple|low|multi_person",0,1
159,"mobile|simple|low|multi_person",0,1
160,"mobile|simple|low|multi_person",0,1
162,"mobile|simple|low|multi_person",0,1
163,"mobile|simple|low|multi_person",0,1
164,"mobile|simple|low|multi_person",0,1
165,"mobile|simple|low|multi_person",0,1
166,"mobile|simple|low|multi_person",0,1
167,"mobile|simple|low|multi_person",0,1
168,"mobile|simple|low|multi_person",0,1
169,"mobile|simple|low|multi_person",0,1
170,"mobile|simple|low|multi_person",0,1
171,"mobile|simple|low|multi_person",0,1
172,"mobile|simple|low|multi_person",0,1
173,"mobile|simple|low|multi_person",0,1
174,"mobile|simple|low|multi_person",0,1
175,"mobile|simple|low|multi_person",0,1
176,"mobile|simple|low|multi_person",0,1
177,"mobile|simple|low|multi_person",0,1
178,"mobile|simple|low|multi_person",0,1
179,"mobile|simple|low|multi_person",0,1
180,"mobile|simple|low|multi_person",0,1
181,"mobile|simple|low|multi_person",0,1
183,"mobile|simple|low|multi_person",0,1
184,"mobile|simple|low|multi_person",0,1
186,"mobile|simple|low|multi_person",0,1
187,"mobile|simple|low|multi_person",0,1
188,"mobile|simple|low|multi_person",0,1
189,"mobile|simple|low|multi_person",0,1
190,"mobile|simple|low|multi_person",0,1
191,"mobile|simple|low|multi_person",0,1
192,"mobile|simple|low|multi_person",0,1
194,"mobile|simple|low|multi_person",0,1
195,"mobile|simple|low|multi_person",0,1
196,"mobile|simple|low|multi_person",0,1
197,"mobile|simple|low|multi_person",0,1
198,"mobile|simple|low|multi_person",0,1
199,"mobile|simple|low|multi_person",0,1
200,"mobile|simple|low|multi_person",0,1
201,"mobile|simple|low|multi_person",0,1
202,"mobile|simple|low|multi_person",0,1
203,"mobile|simple|low|multi_person",0,1
205,"mobile|simple|low|multi_person",0,1
206,"mobile|simple|low|multi_person",0,1
207,"mobile|simple|low|multi_person",0,1
208,"mobile|simple|low|multi_person",0,1
209,"mobile|simple|low|multi_person",0,1
210,"mobile|simple|low|multi_person",0,1
211,"mobile|simple|low|multi_person",0,1
212,"mobile|simple|low|multi_person",0,1
213,"mobile|simple|low|multi_person",0,1
214,"mobile|simple|low|multi_person",0,1
217,"mobile|simple|low|multi_person",0,1
219,"mobile|simple|low|multi_person",0,1
220,"mobile|simple|low|multi_person",0,1
221,"mobile|simple|low|multi_person",0,1
222,"mobile|simple|low|multi_person",0,1
223,"mobile|simple|low|multi_person",0,1
224,"mobile|simple|low|multi_person",0,1
225,"mobile|simple|low|multi_person",0,1
226,"mobile|simple|low|multi_person",0,1
227,"mobile|simple|low|multi_person",0,1
228,"mobile|simple|low|multi_person",0,1
230,"mobile|simple|low|multi_person",0,1
231,"mobile|simple|low|multi_person",0,1
232,"mobile|simple|low|multi_person",0,1
233,"mobile|simple|low|multi_person",0,1
234,"mobile|simple|low|multi_person",0,1
235,"mobile|simple|low|multi_person",0,1
236,"mobile|simple|low|multi_person",0,1
237,"mobile|simple|low|multi_person",0,1
238,"mobile|simple|low|multi_person",0,1
239,"mobile|simple|low|multi_person",0,1
240,"mobile|simple|low|multi_person",0,1
241,"mobile|simple|low|multi_person",0,1
242,"mobile|simple|low|multi_person",0,1
243,"mobile|simple|low|multi_person",0,1
245,"mobile|simple|low|multi_person",0,1
246,"mobile|simple|low|multi_person",0,1
247,"mobile|simple|low|multi_person",0,1
248,"mobile|simple|low|multi_person",0,1
249,"mobile|simple|low|multi_person",0,1
250,"mobile|simple|low|multi_person",0,1
251,"mobile|simple|low|multi_person",0,1
252,"mobile|simple|low|multi_person",0,1
253,"mobile|simple|low|multi_person",0,1
254,"mobile|simple|low|multi_person",0,1
256,"mobile|simple|low|multi_person",0,1
258,"mobile|simple|low|multi_person",0,1
259,"mobile|simple|low|multi_person",0,1
260,"mobile|simple|low|multi_person",0,1
261,"mobile|simple|low|multi_person",0,1
263,"mobile|simple|low|multi_person",0,1
264,"mobile|simple|low|multi_person",0,1
265,"mobile|simple|low|multi_person",0,1
266,"mobile|simple|low|multi_person",0,1
267,"mobile|simple|low|multi_person",0,1
268,"mobile|simple|low|multi_person",0,1
269,"mobile|simple|low|multi_person",0,1
270,"mobile|simple|low|multi_person",0,1
271,"mobile|simple|low|multi_person",0,1
272,"mobile|simple|low|multi_person",0,1
273,"mobile|simple|low|multi_person",0,1
274,"mobile|simple|low|multi_person",0,1
275,"mobile|simple|low|multi_person",0,1
276,"mobile|simple|low|multi_person",0,1
277,"mobile|simple|low|multi_person",0,1
279,"mobile|simple|low|multi_person",0,1
280,"mobile|simple|low|multi_person",0,1
281,"mobile|simple|low|multi_person",0,1
282,"mobile|simple|low|multi_person",0,1
283,"mobile|simple|low|multi_person",0,1
284,"mobile|simple|low|multi_person",0,1
285,"mobile|simple|low|multi_person",0,1
286,"mobile|simple|low|multi_person",0,1
287,"mobile|simple|low|multi_person",0,1
288,"mobile|simple|low|multi_person",0,1
289,"mobile|simple|low|multi_person",0,1
290,"mobile|simple|low|multi_person",0,1
291,"mobile|simple|low|multi_person",0,1
292,"mobile|simple|low|multi_person",0,1
293,"mobile|simple|low|multi_person",0,1
294,"mobile|simple|low|multi_person",0,1
295,"mobile|simple|low|multi_person",0,1
296,"mobile|simple|low|multi_person",0,1
297,"mobile|simple|low|multi_person",0,1
298,"mobile|simple|low|multi_person",0,1
299,"mobile|simple|low|multi_person",0,1
301,"mobile|simple|low|multi_person",0,1
302,"mobile|simple|low|multi_person",0,1
303,"mobile|simple|low|multi_person",0,1
304,"mobile|simple|low|multi_person",0,1
305,"mobile|simple|low|multi_person",0,1
306,"mobile|simple|low|multi_person",0,1
307,"mobile|simple|low|multi_person",0,1
308,"mobile|simple|low|multi_person",0,1
309,"mobile|simple|low|multi_person",0,1
310,"mobile|simple|low|multi_person",0,1
311,"mobile|simple|low|multi_person",0,1
312,"mobile|simple|low|multi_person",0,1
313,"mobile|simple|low|multi_person",0,1
314,"mobile|simple|low|multi_person",0,1
2,"web|multi_factor|low|multi_person",0,1
3,"web|multi_factor|low|multi_person",0,1
4,"web|multi_factor|low|multi_person",0,1
5,"web|multi_factor|low|multi_person",0,1
6,"web|multi_factor|low|multi_person",0,1
7,"web|multi_factor|low|multi_person",0,1
8,"web|multi_factor|low|multi_person",0,1
9,"web|multi_factor|low|multi_person",0,1
10,"web|multi_factor|low|multi_person",0,1
11,"web|multi_factor|low|multi_person",0,1
13,"web|multi_factor|low|multi_person",0,1
14,"web|multi_factor|low|multi_person",0,1
15,"web|multi_factor|low|multi_person",0,1
16,"web|multi_factor|low|multi_person",0,1
17,"web|multi_factor|low|multi_person",0,1
18,"web|multi_factor|low|multi_person",0,1
19,"web|multi_factor|low|multi_person",0,1
20,"web|multi_factor|low|multi_person",0,1
21,"web|multi_factor|low|multi_person",0,1
22,"web|multi_factor|low|multi_person",0,1
23,"web|multi_factor|low|multi_person",0,1
24,"web|multi_factor|low|multi_person",0,1
26,"web|multi_factor|low|multi_person",0,1
27,"web|multi_factor|low|multi_person",0,1
28,"web|multi_factor|low|multi_person",0,1
29,"web|multi_factor|low|multi_person",0,1
31,"web|multi_factor|low|multi_person",0,1
32,"web|multi_factor|low|multi_person",0,1
33,"web|multi_factor|low|multi_person",0,1
35,"web|multi_factor|low|multi_person",0,1
36,"web|multi_factor|low|multi_person",0,1
37,"web|multi_factor|low|multi_person",0,1
38,"web|multi_factor|low|multi_person",0,1
39,"web|multi_factor|low|multi_person",0,1
41,"web|multi_factor|low|multi_person",0,1
42,"web|multi_factor|low|multi_person",0,1
43,"web|multi_factor|low|multi_person",0,1
44,"web|multi_factor|low|multi_person",0,1
45,"web|multi_factor|low|multi_person",0,1
46,"web|multi_factor|low|multi_person",0,1
47,"web|multi_factor|low|multi_person",0,1
48,"web|multi_factor|low|multi_person",0,1
49,"web|multi_factor|low|multi_person",0,1
50,"web|multi_factor|low|multi_person",0,1
51,"web|multi_factor|low|multi_person",0,1
52,"web|multi_factor|low|multi_person",0,1
53,"web|multi_factor|low|multi_person",0,1
54,"web|multi_factor|low|multi_person",0,1
55,"web|multi_factor|low|multi_person",0,1
56,"web|multi_factor|low|multi_person",0,1
57,"web|multi_factor|low|multi_person",0,1
58,"web|multi_factor|low|multi_person",0,1
60,"web|multi_factor|low|multi_person",0,1
61,"web|multi_factor|low|multi_person",0,1
62,"web|multi_factor|low|multi_person",0,1
63,"web|multi_factor|low|multi_person",0,1
64,"web|multi_factor|low|multi_person",0,1
65,"web|multi_factor|low|multi_person",0,1
68,"web|multi_factor|low|multi_person",0,1
69,"web|multi_factor|low|multi_person",0,1
70,"web|multi_factor|low|multi_person",0,1
71,"web|multi_factor|low|multi_person",0,1
72,"web|multi_factor|low|multi_person",0,1
73,"web|multi_factor|low|multi_person",0,1
74,"web|multi_factor|low|multi_person",0,1
75,"web|multi_factor|low|multi_person",0,1
76,"web|multi_factor|low|multi_person",0,1
77,"web|multi_factor|low|multi_person",0,1
78,"web|multi_factor|low|multi_person",0,1
79,"web|multi_factor|low|multi_person",0,1
80,"web|multi_factor|low|multi_person",0,1
81,"web|multi_factor|low|multi_person",0,1
82,"web|multi_factor|low|multi_person",0,1
83,"web|multi_factor|low|multi_person",0,1
84,"web|multi_factor|low|multi_person",0,1
86,"web|multi_factor|low|multi_person",0,1
87,"web|multi_factor|low|multi_person",0,1
88,"web|multi_factor|low|multi_person",0,1
90,"web|multi_factor|low|multi_person",0,1
91,"web|multi_factor|low|multi_person",0,1
92,"web|multi_factor|low|multi_person",0,1
93,"web|multi_factor|low|multi_person",0,1
94,"web|multi_factor|low|multi_person",0,1
95,"web|multi_factor|low|multi_person",0,1
96,"web|multi_factor|low|multi_person",0,1
97,"web|multi_factor|low|multi_person",0,1
98,"web|multi_factor|low|multi_person",0,1
99,"web|multi_factor|low|multi_person",0,1
100,"web|multi_factor|low|multi_person",0,1
101,"web|multi_factor|low|multi_person",0,1
103,"web|multi_factor|low|multi_person",0,1
104,"web|multi_factor|low|multi_person",0,1
105,"web|multi_factor|low|multi_person",0,1
106,"web|multi_factor|low|multi_person",0,1
107,"web|multi_factor|low|multi_person",0,1
108,"web|multi_factor|low|multi_person",0,1
109,"web|multi_factor|low|multi_person",0,1
110,"web|multi_factor|low|multi_person",0,1
111,"web|multi_factor|low|multi_person",0,1
112,"web|multi_factor|low|multi_person",0,1
113,"web|multi_factor|low|multi_person",0,1
114,"web|multi_factor|low|multi_person",0,1
115,"web|multi_factor|low|multi_person",0,1
116,"web|multi_factor|low|multi_person",0,1
117,"web|multi_factor|low|multi_person",0,1
118,"web|multi_factor|low|multi_person",0,1
119,"web|multi_factor|low|multi_person",0,1
120,"web|multi_factor|low|multi_person",0,1
121,"web|multi_factor|low|multi_person",0,1
122,"web|multi_factor|low|multi_person",0,1
123,"web|multi_factor|low|multi_person",0,1
124,"web|multi_factor|low|multi_person",0,1
125,"web|multi_factor|low|multi_person",0,1
126,"web|multi_factor|low|multi_person",0,1
127,"web|multi_factor|low|multi_person",0,1
128,"web|multi_factor|low|multi_person",0,1
130,"web|multi_factor|low|multi_person",0,1
131,"web|multi_factor|low|multi_person",0,1
132,"web|multi_factor|low|multi_person",0,1
133,"web|multi_factor|low|multi_person",0,1
135,"web|multi_factor|low|multi_person",0,1
136,"web|multi_factor|low|multi_person",0,1
137,"web|multi_factor|low|multi_person",0,1
138,"web|multi_factor|low|multi_person",0,1
140,"web|multi_factor|low|multi_person",0,1
141,"web|multi_factor|low|multi_person",0,1
142,"web|multi_factor|low|multi_person",0,1
143,"web|multi_factor|low|multi_person",0,1
144,"web|multi_factor|low|multi_person",0,1
145,"web|multi_factor|low|multi_person",0,1
146,"web|multi_factor|low|multi_person",0,1
147,"web|multi_factor|low|multi_person",0,1
148,"web|multi_factor|low|multi_person",0,1
149,"web|multi_factor|low|multi_person",0,1
150,"web|multi_factor|low|multi_person",0,1
151,"web|multi_factor|low|multi_person",0,1
152,"web|multi_factor|low|multi_person",0,1
153,"web|multi_factor|low|multi_person",0,1
154,"web|multi_factor|low|multi_person",0,1
155,"web|multi_factor|low|multi_person",0,1
156,"web|multi_factor|low|multi_person",0,1
157,"web|multi_factor|low|multi_person",0,1
158,"web|multi_factor|low|multi_person",0,1
159,"web|multi_factor|low|multi_person",0,1
160,"web|multi_factor|low|multi_person",0,1
162,"web|multi_factor|low|multi_person",0,1
163,"web|multi_factor|low|multi_person",0,1
164,"web|multi_factor|low|multi_person",0,1
165,"web|multi_factor|low|multi_person",0,1
166,"web|multi_factor|low|multi_person",0,1
167,"web|multi_factor|low|multi_person",0,1
168,"web|multi_factor|low|multi_person",0,1
169,"web|multi_factor|low|multi_person",0,1
170,"web|multi_factor|low|multi_person",0,1
171,"web|multi_factor|low|multi_person",0,1
172,"web|multi_factor|low|multi_person",0,1
173,"web|multi_factor|low|multi_person",0,1
174,"web|multi_factor|low|multi_person",0,1
175,"web|multi_factor|low|multi_person",0,1
176,"web|multi_factor|low|multi_person",0,1
177,"web|multi_factor|low|multi_person",0,1
178,"web|multi_factor|low|multi_person",0,1
179,"web|multi_factor|low|multi_person",0,1
180,"web|multi_factor|low|multi_person",0,1
181,"web|multi_factor|low|multi_person",0,1
183,"web|multi_factor|low|multi_person",0,1
184,"web|multi_factor|low|multi_person",0,1
186,"web|multi_factor|low|multi_person",0,1
187,"web|multi_factor|low|multi_person",0,1
188,"web|multi_factor|low|multi_person",0,1
189,"web|multi_factor|low|multi_person",0,1
190,"web|multi_factor|low|multi_person",0,1
191,"web|multi_factor|low|multi_person",0,1
192,"web|multi_factor|low|multi_person",0,1
194,"web|multi_factor|low|multi_person",0,1
195,"web|multi_factor|low|multi_person",0,1
196,"web|multi_factor|low|multi_person",0,1
197,"web|multi_factor|low|multi_person",0,1
198,"web|multi_factor|low|multi_person",0,1
199,"web|multi_factor|low|multi_person",0,1
200,"web|multi_factor|low|multi_person",0,1
201,"web|multi_factor|low|multi_person",0,1
202,"web|multi_factor|low|multi_person",0,1
203,"web|multi_factor|low|multi_person",0,1
205,"web|multi_factor|low|multi_person",0,1
206,"web|multi_factor|low|multi_person",0,1
207,"web|multi_factor|low|multi_person",0,1
208,"web|multi_factor|low|multi_person",0,1
209,"web|multi_factor|low|multi_person",0,1
210,"web|multi_factor|low|multi_person",0,1
211,"web|multi_factor|low|multi_person",0,1
212,"web|multi_factor|low|multi_person",0,1
213,"web|multi_factor|low|multi_person",0,1
214,"web|multi_factor|low|multi_person",0,1
217,"web|multi_factor|low|multi_person",0,1
219,"web|multi_factor|low|multi_person",0,1
220,"web|multi_factor|low|multi_person",0,1
221,"web|multi_factor|low|multi_person",0,1
222,"web|multi_factor|low|multi_person",0,1
223,"web|multi_factor|low|multi_person",0,1
224,"web|multi_factor|low|multi_person",0,1
225,"web|multi_factor|low|multi_person",0,1
226,"web|multi_factor|low|multi_person",0,1
227,"web|multi_factor|low|multi_person",0,1
228,"web|multi_factor|low|multi_person",0,1
230,"web|multi_factor|low|multi_person",0,1
231,"web|multi_factor|low|multi_person",0,1
232,"web|multi_factor|low|multi_person",0,1
233,"web|multi_factor|low|multi_person",0,1
234,"web|multi_factor|low|multi_person",0,1
235,"web|multi_factor|low|multi_person",0,1
236,"web|multi_factor|low|multi_person",0,1
237,"web|multi_factor|low|multi_person",0,1
238,"web|multi_factor|low|multi_person",0,1
239,"web|multi_factor|low|multi_person",0,1
240,"web|multi_factor|low|multi_person",0,1
241,"web|multi_factor|low|multi_person",0,1
242,"web|multi_factor|low|multi_person",0,1
243,"web|multi_factor|low|multi_person",0,1
245,"web|multi_factor|low|multi_person",0,1
246,"web|multi_factor|low|multi_person",0,1
247,"web|multi_factor|low|multi_person",0,1
248,"web|multi_factor|low|multi_person",0,1
249,"web|multi_factor|low|multi_person",0,1
250,"web|multi_factor|low|multi_person",0,1
251,"web|multi_factor|low|multi_person",0,1
252,"web|multi_factor|low|multi_person",0,1
253,"web|multi_factor|low|multi_person",0,1
254,"web|multi_factor|low|multi_person",0,1
256,"web|multi_factor|low|multi_person",0,1
258,"web|multi_factor|low|multi_person",0,1
259,"web|multi_factor|low|multi_person",0,1
260,"web|multi_factor|low|multi_person",0,1
261,"web|multi_factor|low|multi_person",0,1
263,"web|multi_factor|low|multi_person",0,1
264,"web|multi_factor|low|multi_person",0,1
265,"web|multi_factor|low|multi_person",0,1
266,"web|multi_factor|low|multi_person",0,1
267,"web|multi_factor|low|multi_person",0,1
268,"web|multi_factor|low|multi_person",0,1
269,"web|multi_factor|low|multi_person",0,1
270,"web|multi_factor|low|multi_person",0,1
271,"web|multi_factor|low|multi_person",0,1
272,"web|multi_factor|low|multi_person",0,1
273,"web|multi_factor|low|multi_person",0,1
274,"web|multi_factor|low|multi_person",0,1
275,"web|multi_factor|low|multi_person",0,1
276,"web|multi_factor|low|multi_person",0,1
277,"web|multi_factor|low|multi_person",0,1
279,"web|multi_factor|low|multi_person",0,1
280,"web|multi_factor|low|multi_person",0,1
281,"web|multi_factor|low|multi_person",0,1
282,"web|multi_factor|low|multi_person",0,1
283,"web|multi_factor|low|multi_person",0,1
284,"web|multi_factor|low|multi_person",0,1
285,"web|multi_factor|low|multi_person",0,1
286,"web|multi_factor|low|multi_person",0,1
287,"web|multi_factor|low|multi_person",0,1
288,"web|multi_factor|low|multi_person",0,1
289,"web|multi_factor|low|multi_person",0,1
290,"web|multi_factor|low|multi_person",0,1
291,"web|multi_factor|low|multi_person",0,1
292,"web|multi_factor|low|multi_person",0,1
293,"web|multi_factor|low|multi_person",0,1
294,"web|multi_factor|low|multi_person",0,1
295,"web|multi_factor|low|multi_person",0,1
296,"web|multi_factor|low|multi_person",0,1
297,"web|multi_factor|low|multi_person",0,1
298,"web|multi_factor|low|multi_person",0,1
299,"web|multi_factor|low|multi_person",0,1
301,"web|multi_factor|low|multi_person",0,1
302,"web|multi_factor|low|multi_person",0,1
303,"web|multi_factor|low|multi_person",0,1
304,"web|multi_factor|low|multi_person",0,1
305,"web|multi_factor|low|multi_person",0,1
306,"web|multi_factor|low|multi_person",0,1
307,"web|multi_factor|low|multi_person",0,1
308,"web|multi_factor|low|multi_person",0,1
309,"web|multi_factor|low|multi_person",0,1
310,"web|multi_factor|low|multi_person",0,1
311,"web|multi_factor|low|multi_person",0,1
312,"web|multi_factor|low|multi_person",0,1
313,"web|multi_factor|low|multi_person",0,1
314,"web|multi_factor|low|multi_person",0,1
2,"web|two_factor|medium|multi_person",0,1
3,"web|two_factor|medium|multi_person",0,1
4,"web|two_factor|medium|multi_person",0,1
5,"web|two_factor|medium|multi_person",0,1
6,"web|two_factor|medium|multi_person",0,1
7,"web|two_factor|medium|multi_person",0,1
8,"web|two_factor|medium|multi_person",0,1
9,"web|two_factor|medium|multi_person",0,1
10,"web|two_factor|medium|multi_person",0,1
11,"web|two_factor|medium|multi_person",0,1
13,"web|two_factor|medium|multi_person",0,1
14,"web|two_factor|medium|multi_person",0,1
15,"web|two_factor|medium|multi_person",0,1
16,"web|two_factor|medium|multi_person",0,1
17,"web|two_factor|medium|multi_person",0,1
18,"web|two_factor|medium|multi_person",0,1
19,"web|two_factor|medium|multi_person",0,1
20,"web|two_factor|medium|multi_person",0,1
21,"web|two_factor|medium|multi_person",0,1
22,"web|two_factor|medium|multi_person",0,1
23,"web|two_factor|medium|multi_person",0,1
24,"web|two_factor|medium|multi_person",0,1
26,"web|two_factor|medium|multi_person",0,1
27,"web|two_factor|medium|multi_person",0,1
28,"web|two_factor|medium|multi_person",0,1
29,"web|two_factor|medium|multi_person",0,1
31,"web|two_factor|medium|multi_person",0,1
32,"web|two_factor|medium|multi_person",0,1
33,"web|two_factor|medium|multi_person",0,1
35,"web|two_factor|medium|multi_person",0,1
36,"web|two_factor|medium|multi_person",0,1
37,"web|two_factor|medium|multi_person",0,1
38,"web|two_factor|medium|multi_person",0,1
39,"web|two_factor|medium|multi_person",0,1
41,"web|two_factor|medium|multi_person",0,1
42,"web|two_factor|medium|multi_person",0,1
43,"web|two_factor|medium|multi_person",0,1
44,"web|two_factor|medium|multi_person",0,1
45,"web|two_factor|medium|multi_person",0,1
46,"web|two_factor|medium|multi_person",0,1
47,"web|two_factor|medium|multi_person",0,1
48,"web|two_factor|medium|multi_person",0,1
49,"web|two_factor|medium|multi_person",0,1
50,"web|two_factor|medium|multi_person",0,1
51,"web|two_factor|medium|multi_person",0,1
52,"web|two_factor|medium|multi_person",0,1
53,"web|two_factor|medium|multi_person",0,1
54,"web|two_factor|medium|multi_person",0,1
55,"web|two_factor|medium|multi_person",0,1
56,"web|two_factor|medium|multi_person",0,1
57,"web|two_factor|medium|multi_person",0,1
58,"web|two_factor|medium|multi_person",0,1
60,"web|two_factor|medium|multi_person",0,1
61,"web|two_factor|medium|multi_person",0,1
62,"web|two_factor|medium|multi_person",0,1
63,"web|two_factor|medium|multi_person",0,1
64,"web|two_factor|medium|multi_person",0,1
65,"web|two_factor|medium|multi_person",0,1
68,"web|two_factor|medium|multi_person",0,1
69,"web|two_factor|medium|multi_person",0,1
70,"web|two_factor|medium|multi_person",0,1
71,"web|two_factor|medium|multi_person",0,1
72,"web|two_factor|medium|multi_person",0,1
73,"web|two_factor|medium|multi_person",0,1
74,"web|two_factor|medium|multi_person",0,1
75,"web|two_factor|medium|multi_person",0,1
76,"web|two_factor|medium|multi_person",0,1
77,"web|two_factor|medium|multi_person",0,1
78,"web|two_factor|medium|multi_person",0,1
79,"web|two_factor|medium|multi_person",0,1
80,"web|two_factor|medium|multi_person",0,1
81,"web|two_factor|medium|multi_person",0,1
82,"web|two_factor|medium|multi_person",0,1
83,"web|two_factor|medium|multi_person",0,1
84,"web|two_factor|medium|multi_person",0,1
86,"web|two_factor|medium|multi_person",0,1
87,"web|two_factor|medium|multi_person",0,1
88,"web|two_factor|medium|multi_person",0,1
90,"web|two_factor|medium|multi_person",0,1
91,"web|two_factor|medium|multi_person",0,1
92,"web|two_factor|medium|multi_person",0,1
93,"web|two_factor|medium|multi_person",0,1
94,"web|two_factor|medium|multi_person",0,1
95,"web|two_factor|medium|multi_person",0,1
96,"web|two_factor|medium|multi_person",0,1
97,"web|two_factor|medium|multi_person",0,1
98,"web|two_factor|medium|multi_person",0,1
99,"web|two_factor|medium|multi_person",0,1
100,"web|two_factor|medium|multi_person",0,1
101,"web|two_factor|medium|multi_person",0,1
103,"web|two_factor|medium|multi_person",0,1
104,"web|two_factor|medium|multi_person",0,1
105,"web|two_factor|medium|multi_person",0,1
106,"web|two_factor|medium|multi_person",0,1
107,"web|two_factor|medium|multi_person",0,1
108,"web|two_factor|medium|multi_person",0,1
109,"web|two_factor|medium|multi_person",0,1
110,"web|two_factor|medium|multi_person",0,1
111,"web|two_factor|medium|multi_person",0,1
112,"web|two_factor|medium|multi_person",0,1
113,"web|two_factor|medium|multi_person",0,1
114,"web|two_factor|medium|multi_person",0,1
115,"web|two_factor|medium|multi_person",0,1
116,"web|two_factor|medium|multi_person",0,1
117,"web|two_factor|medium|multi_person",0,1
118,"web|two_factor|medium|multi_person",0,1
119,"web|two_factor|medium|multi_person",0,1
120,"web|two_factor|medium|multi_person",0,1
121,"web|two_factor|medium|multi_person",0,1
122,"web|two_factor|medium|multi_person",0,1
123,"web|two_factor|medium|multi_person",0,1
124,"web|two_factor|medium|multi_person",0,1
125,"web|two_factor|medium|multi_person",0,1
126,"web|two_factor|medium|multi_person",0,1
127,"web|two_factor|medium|multi_person",0,1
128,"web|two_factor|medium|multi_person",0,1
130,"web|two_factor|medium|multi_person",0,1
131,"web|two_factor|medium|multi_person",0,1
132,"web|two_factor|medium|multi_person",0,1
133,"web|two_factor|medium|multi_person",0,1
135,"web|two_factor|medium|multi_person",0,1
136,"web|two_factor|medium|multi_person",0,1
137,"web|two_factor|medium|multi_person",0,1
138,"web|two_factor|medium|multi_person",0,1
140,"web|two_factor|medium|multi_person",0,1
141,"web|two_factor|medium|multi_person",0,1
142,"web|two_factor|medium|multi_person",0,1
143,"web|two_factor|medium|multi_person",0,1
144,"web|two_factor|medium|multi_person",0,1
145,"web|two_factor|medium|multi_person",0,1
146,"web|two_factor|medium|multi_person",0,1
147,"web|two_factor|medium|multi_person",0,1
148,"web|two_factor|medium|multi_person",0,1
149,"web|two_factor|medium|multi_person",0,1
150,"web|two_factor|medium|multi_person",0,1
151,"web|two_factor|medium|multi_person",0,1
152,"web|two_factor|medium|multi_person",0,1
153,"web|two_factor|medium|multi_person",0,1
154,"web|two_factor|medium|multi_person",0,1
155,"web|two_factor|medium|multi_person",0,1
156,"web|two_factor|medium|multi_person",0,1
157,"web|two_factor|medium|multi_person",0,1
158,"web|two_factor|medium|multi_person",0,1
159,"web|two_factor|medium|multi_person",0,1
160,"web|two_factor|medium|multi_person",0,1
162,"web|two_factor|medium|multi_person",0,1
163,"web|two_factor|medium|multi_person",0,1
164,"web|two_factor|medium|multi_person",0,1
165,"web|two_factor|medium|multi_person",0,1
166,"web|two_factor|medium|multi_person",0,1
167,"web|two_factor|medium|multi_person",0,1
168,"web|two_factor|medium|multi_person",0,1
169,"web|two_factor|medium|multi_person",0,1
170,"web|two_factor|medium|multi_person",0,1
171,"web|two_factor|medium|multi_person",0,1
172,"web|two_factor|medium|multi_person",0,1
173,"web|two_factor|medium|multi_person",0,1
174,"web|two_factor|medium|multi_person",0,1
175,"web|two_factor|medium|multi_person",0,1
176,"web|two_factor|medium|multi_person",0,1
177,"web|two_factor|medium|multi_person",0,1
178,"web|two_factor|medium|multi_person",0,1
179,"web|two_factor|medium|multi_person",0,1
180,"web|two_factor|medium|multi_person",0,1
181,"web|two_factor|medium|multi_person",0,1
183,"web|two_factor|medium|multi_person",0,1
184,"web|two_factor|medium|multi_person",0,1
186,"web|two_factor|medium|multi_person",0,1
187,"web|two_factor|medium|multi_person",0,1
188,"web|two_factor|medium|multi_person",0,1
189,"web|two_factor|medium|multi_person",0,1
190,"web|two_factor|medium|multi_person",0,1
191,"web|two_factor|medium|multi_person",0,1
192,"web|two_factor|medium|multi_person",0,1
194,"web|two_factor|medium|multi_person",0,1
195,"web|two_factor|medium|multi_person",0,1
196,"web|two_factor|medium|multi_person",0,1
197,"web|two_factor|medium|multi_person",0,1
198,"web|two_factor|medium|multi_person",0,1
199,"web|two_factor|medium|multi_person",0,1
200,"web|two_factor|medium|multi_person",0,1
201,"web|two_factor|medium|multi_person",0,1
202,"web|two_factor|medium|multi_person",0,1
203,"web|two_factor|medium|multi_person",0,1
205,"web|two_factor|medium|multi_person",0,1
206,"web|two_factor|medium|multi_person",0,1
207,"web|two_factor|medium|multi_person",0,1
208,"web|two_factor|medium|multi_person",0,1
209,"web|two_factor|medium|multi_person",0,1
210,"web|two_factor|medium|multi_person",0,1
211,"web|two_factor|medium|multi_person",0,1
212,"web|two_factor|medium|multi_person",0,1
213,"web|two_factor|medium|multi_person",0,1
214,"web|two_factor|medium|multi_person",0,1
217,"web|two_factor|medium|multi_person",0,1
219,"web|two_factor|medium|multi_person",0,1
220,"web|two_factor|medium|multi_person",0,1
221,"web|two_factor|medium|multi_person",0,1
222,"web|two_factor|medium|multi_person",0,1
223,"web|two_factor|medium|multi_person",0,1
224,"web|two_factor|medium|multi_person",0,1
225,"web|two_factor|medium|multi_person",0,1
226,"web|two_factor|medium|multi_person",0,1
227,"web|two_factor|medium|multi_person",0,1
228,"web|two_factor|medium|multi_person",0,1
230,"web|two_factor|medium|multi_person",0,1
231,"web|two_factor|medium|multi_person",0,1
232,"web|two_factor|medium|multi_person",0,1
233,"web|two_factor|medium|multi_person",0,1
234,"web|two_factor|medium|multi_person",0,1
235,"web|two_factor|medium|multi_person",0,1
236,"web|two_factor|medium|multi_person",0,1
237,"web|two_factor|medium|multi_person",0,1
238,"web|two_factor|medium|multi_person",0,1
239,"web|two_factor|medium|multi_person",0,1
240,"web|two_factor|medium|multi_person",0,1
241,"web|two_factor|medium|multi_person",0,1
242,"web|two_factor|medium|multi_person",0,1
243,"web|two_factor|medium|multi_person",0,1
245,"web|two_factor|medium|multi_person",0,1
246,"web|two_factor|medium|multi_person",0,1
247,"web|two_factor|medium|multi_person",0,1
248,"web|two_factor|medium|multi_person",0,1
249,"web|two_factor|medium|multi_person",0,1
250,"web|two_factor|medium|multi_person",0,1
251,"web|two_factor|medium|multi_person",0,1
252,"web|two_factor|medium|multi_person",0,1
253,"web|two_factor|medium|multi_person",0,1
254,"web|two_factor|medium|multi_person",0,1
256,"web|two_factor|medium|multi_person",0,1
258,"web|two_factor|medium|multi_person",0,1
259,"web|two_factor|medium|multi_person",0,1
260,"web|two_factor|medium|multi_person",0,1
261,"web|two_factor|medium|multi_person",0,1
263,"web|two_factor|medium|multi_person",0,1
264,"web|two_factor|medium|multi_person",0,1
265,"web|two_factor|medium|multi_person",0,1
266,"web|two_factor|medium|multi_person",0,1
267,"web|two_factor|medium|multi_person",0,1
268,"web|two_factor|medium|multi_person",0,1
269,"web|two_factor|medium|multi_person",0,1
270,"web|two_factor|medium|multi_person",0,1
271,"web|two_factor|medium|multi_person",0,1
272,"web|two_factor|medium|multi_person",0,1
273,"web|two_factor|medium|multi_person",0,1
274,"web|two_factor|medium|multi_person",0,1
275,"web|two_factor|medium|multi_person",0,1
276,"web|two_factor|medium|multi_person",0,1
277,"web|two_factor|medium|multi_person",0,1
279,"web|two_factor|medium|multi_person",0,1
280,"web|two_factor|medium|multi_person",0,1
281,"web|two_factor|medium|multi_person",0,1
282,"web|two_factor|medium|multi_person",0,1
283,"web|two_factor|medium|multi_person",0,1
284,"web|two_factor|medium|multi_person",0,1
285,"web|two_factor|medium|multi_person",0,1
286,"web|two_factor|medium|multi_person",0,1
287,"web|two_factor|medium|multi_person",0,1
288,"web|two_factor|medium|multi_person",0,1
289,"web|two_factor|medium|multi_person",0,1
290,"web|two_factor|medium|multi_person",0,1
291,"web|two_factor|medium|multi_person",0,1
292,"web|two_factor|medium|multi_person",0,1
293,"web|two_factor|medium|multi_person",0,1
294,"web|two_factor|medium|multi_person",0,1
295,"web|two_factor|medium|multi_person",0,1
296,"web|two_factor|medium|multi_person",0,1
297,"web|two_factor|medium|multi_person",0,1
298,"web|two_factor|medium|multi_person",0,1
299,"web|two_factor|medium|multi_person",0,1
301,"web|two_factor|medium|multi_person",0,1
302,"web|two_factor|medium|multi_person",0,1
303,"web|two_factor|medium|multi_person",0,1
304,"web|two_factor|medium|multi_person",0,1
305,"web|two_factor|medium|multi_person",0,1
306,"web|two_factor|medium|multi_person",0,1
307,"web|two_factor|medium|multi_person",0,1
308,"web|two_factor|medium|multi_person",0,1
309,"web|two_factor|medium|multi_person",0,1
310,"web|two_factor|medium|multi_person",0,1
311,"web|two_factor|medium|multi_person",0,1
312,"web|two_factor|medium|multi_person",0,1
313,"web|two_factor|medium|multi_person",0,1
314,"web|two_factor|medium|multi_person",0,1
2,"mobile|two_factor|low|one_to_one",0,1
3,"mobile|two_factor|low|one_to_one",0,1
4,"mobile|two_factor|low|one_to_one",0,1
5,"mobile|two_factor|low|one_to_one",0,1
6,"mobile|two_factor|low|one_to_one",0,1
7,"mobile|two_factor|low|one_to_one",0,1
8,"mobile|two_factor|low|one_to_one",0,1
9,"mobile|two_factor|low|one_to_one",0,1
10,"mobile|two_factor|low|one_to_one",0,1
11,"mobile|two_factor|low|one_to_one",0,1
13,"mobile|two_factor|low|one_to_one",0,1
14,"mobile|two_factor|low|one_to_one",0,1
15,"mobile|two_factor|low|one_to_one",0,1
16,"mobile|two_factor|low|one_to_one",0,1
17,"mobile|two_factor|low|one_to_one",0,1
18,"mobile|two_factor|low|one_to_one",0,1
19,"mobile|two_factor|low|one_to_one",0,1
20,"mobile|two_factor|low|one_to_one",0,1
21,"mobile|two_factor|low|one_to_one",0,1
22,"mobile|two_factor|low|one_to_one",0,1
23,"mobile|two_factor|low|one_to_one",0,1
24,"mobile|two_factor|low|one_to_one",0,1
26,"mobile|two_factor|low|one_to_one",0,1
27,"mobile|two_factor|low|one_to_one",0,1
28,"mobile|two_factor|low|one_to_one",0,1
29,"mobile|two_factor|low|one_to_one",0,1
31,"mobile|two_factor|low|one_to_one",0,1
32,"mobile|two_factor|low|one_to_one",0,1
33,"mobile|two_factor|low|one_to_one",0,1
35,"mobile|two_factor|low|one_to_one",0,1
36,"mobile|two_factor|low|one_to_one",0,1
37,"mobile|two_factor|low|one_to_one",0,1
38,"mobile|two_factor|low|one_to_one",0,1
39,"mobile|two_factor|low|one_to_one",0,1
41,"mobile|two_factor|low|one_to_one",0,1
42,"mobile|two_factor|low|one_to_one",0,1
43,"mobile|two_factor|low|one_to_one",0,1
44,"mobile|two_factor|low|one_to_one",0,1
45,"mobile|two_factor|low|one_to_one",0,1
46,"mobile|two_factor|low|one_to_one",0,1
47,"mobile|two_factor|low|one_to_one",0,1
48,"mobile|two_factor|low|one_to_one",0,1
49,"mobile|two_factor|low|one_to_one",0,1
50,"mobile|two_factor|low|one_to_one",0,1
51,"mobile|two_factor|low|one_to_one",0,1
52,"mobile|two_factor|low|one_to_one",0,1
53,"mobile|two_factor|low|one_to_one",0,1
54,"mobile|two_factor|low|one_to_one",0,1
55,"mobile|two_factor|low|one_to_one",0,1
56,"mobile|two_factor|low|one_to_one",0,1
57,"mobile|two_factor|low|one_to_one",0,1
58,"mobile|two_factor|low|one_to_one",0,1
60,"mobile|two_factor|low|one_to_one",0,1
61,"mobile|two_factor|low|one_to_one",0,1
62,"mobile|two_factor|low|one_to_one",0,1
63,"mobile|two_factor|low|one_to_one",0,1
64,"mobile|two_factor|low|one_to_one",0,1
65,"mobile|two_factor|low|one_to_one",0,1
68,"mobile|two_factor|low|one_to_one",0,1
69,"mobile|two_factor|low|one_to_one",0,1
70,"mobile|two_factor|low|one_to_one",0,1
71,"mobile|two_factor|low|one_to_one",0,1
72,"mobile|two_factor|low|one_to_one",0,1
73,"mobile|two_factor|low|one_to_one",0,1
74,"mobile|two_factor|low|one_to_one",0,1
75,"mobile|two_factor|low|one_to_one",0,1
76,"mobile|two_factor|low|one_to_one",0,1
77,"mobile|two_factor|low|one_to_one",0,1
78,"mobile|two_factor|low|one_to_one",0,1
79,"mobile|two_factor|low|one_to_one",0,1
80,"mobile|two_factor|low|one_to_one",0,1
81,"mobile|two_factor|low|one_to_one",0,1
82,"mobile|two_factor|low|one_to_one",0,1
83,"mobile|two_factor|low|one_to_one",0,1
84,"mobile|two_factor|low|one_to_one",0,1
86,"mobile|two_factor|low|one_to_one",0,1
87,"mobile|two_factor|low|one_to_one",0,1
88,"mobile|two_factor|low|one_to_one",0,1
90,"mobile|two_factor|low|one_to_one",0,1
91,"mobile|two_factor|low|one_to_one",0,1
92,"mobile|two_factor|low|one_to_one",0,1
93,"mobile|two_factor|low|one_to_one",0,1
94,"mobile|two_factor|low|one_to_one",0,1
95,"mobile|two_factor|low|one_to_one",0,1
96,"mobile|two_factor|low|one_to_one",0,1
97,"mobile|two_factor|low|one_to_one",0,1
98,"mobile|two_factor|low|one_to_one",0,1
99,"mobile|two_factor|low|one_to_one",0,1
100,"mobile|two_factor|low|one_to_one",0,1
101,"mobile|two_factor|low|one_to_one",0,1
103,"mobile|two_factor|low|one_to_one",0,1
104,"mobile|two_factor|low|one_to_one",0,1
105,"mobile|two_factor|low|one_to_one",0,1
106,"mobile|two_factor|low|one_to_one",0,1
107,"mobile|two_factor|low|one_to_one",0,1
108,"mobile|two_factor|low|one_to_one",0,1
109,"mobile|two_factor|low|one_to_one",0,1
110,"mobile|two_factor|low|one_to_one",0,1
111,"mobile|two_factor|low|one_to_one",0,1
112,"mobile|two_factor|low|one_to_one",0,1
113,"mobile|two_factor|low|one_to_one",0,1
114,"mobile|two_factor|low|one_to_one",0,1
115,"mobile|two_factor|low|one_to_one",0,1
116,"mobile|two_factor|low|one_to_one",0,1
117,"mobile|two_factor|low|one_to_one",0,1
118,"mobile|two_factor|low|one_to_one",0,1
119,"mobile|two_factor|low|one_to_one",0,1
120,"mobile|two_factor|low|one_to_one",0,1
121,"mobile|two_factor|low|one_to_one",0,1
122,"mobile|two_factor|low|one_to_one",0,1
123,"mobile|two_factor|low|one_to_one",0,1
124,"mobile|two_factor|low|one_to_one",0,1
125,"mobile|two_factor|low|one_to_one",0,1
126,"mobile|two_factor|low|one_to_one",0,1
127,"mobile|two_factor|low|one_to_one",0,1
128,"mobile|two_factor|low|one_to_one",0,1
130,"mobile|two_factor|low|one_to_one",0,1
131,"mobile|two_factor|low|one_to_one",0,1
132,"mobile|two_factor|low|one_to_one",0,1
133,"mobile|two_factor|low|one_to_one",0,1
135,"mobile|two_factor|low|one_to_one",0,1
136,"mobile|two_factor|low|one_to_one",0,1
137,"mobile|two_factor|low|one_to_one",0,1
138,"mobile|two_factor|low|one_to_one",0,1
140,"mobile|two_factor|low|one_to_one",0,1
141,"mobile|two_factor|low|one_to_one",0,1
142,"mobile|two_factor|low|one_to_one",0,1
143,"mobile|two_factor|low|one_to_one",0,1
144,"mobile|two_factor|low|one_to_one",0,1
145,"mobile|two_factor|low|one_to_one",0,1
146,"mobile|two_factor|low|one_to_one",0,1
147,"mobile|two_factor|low|one_to_one",0,1
148,"mobile|two_factor|low|one_to_one",0,1
149,"mobile|two_factor|low|one_to_one",0,1
150,"mobile|two_factor|low|one_to_one",0,1
151,"mobile|two_factor|low|one_to_one",0,1
152,"mobile|two_factor|low|one_to_one",0,1
153,"mobile|two_factor|low|one_to_one",0,1
154,"mobile|two_factor|low|one_to_one",0,1
155,"mobile|two_factor|low|one_to_one",0,1
156,"mobile|two_factor|low|one_to_one",0,1
157,"mobile|two_factor|low|one_to_one",0,1
158,"mobile|two_factor|low|one_to_one",0,1
159,"mobile|two_factor|low|one_to_one",0,1
160,"mobile|two_factor|low|one_to_one",0,1
162,"mobile|two_factor|low|one_to_one",0,1
163,"mobile|two_factor|low|one_to_one",0,1
164,"mobile|two_factor|low|one_to_one",0,1
165,"mobile|two_factor|low|one_to_one",0,1
166,"mobile|two_factor|low|one_to_one",0,1
167,"mobile|two_factor|low|one_to_one",0,1
168,"mobile|two_factor|low|one_to_one",0,1
169,"mobile|two_factor|low|one_to_one",0,1
170,"mobile|two_factor|low|one_to_one",0,1
171,"mobile|two_factor|low|one_to_one",0,1
172,"mobile|two_factor|low|one_to_one",0,1
173,"mobile|two_factor|low|one_to_one",0,1
174,"mobile|two_factor|low|one_to_one",0,1
175,"mobile|two_factor|low|one_to_one",0,1
176,"mobile|two_factor|low|one_to_one",0,1
177,"mobile|two_factor|low|one_to_one",0,1
178,"mobile|two_factor|low|one_to_one",0,1
179,"mobile|two_factor|low|one_to_one",0,1
180,"mobile|two_factor|low|one_to_one",0,1
181,"mobile|two_factor|low|one_to_one",0,1
183,"mobile|two_factor|low|one_to_one",0,1
184,"mobile|two_factor|low|one_to_one",0,1
186,"mobile|two_factor|low|one_to_one",0,1
187,"mobile|two_factor|low|one_to_one",0,1
188,"mobile|two_factor|low|one_to_one",0,1
189,"mobile|two_factor|low|one_to_one",0,1
190,"mobile|two_factor|low|one_to_one",0,1
191,"mobile|two_factor|low|one_to_one",0,1
192,"mobile|two_factor|low|one_to_one",0,1
194,"mobile|two_factor|low|one_to_one",0,1
195,"mobile|two_factor|low|one_to_one",0,1
196,"mobile|two_factor|low|one_to_one",0,1
197,"mobile|two_factor|low|one_to_one",0,1
198,"mobile|two_factor|low|one_to_one",0,1
199,"mobile|two_factor|low|one_to_one",0,1
200,"mobile|two_factor|low|one_to_one",0,1
201,"mobile|two_factor|low|one_to_one",0,1
202,"mobile|two_factor|low|one_to_one",0,1
203,"mobile|two_factor|low|one_to_one",0,1
205,"mobile|two_factor|low|one_to_one",0,1
206,"mobile|two_factor|low|one_to_one",0,1
207,"mobile|two_factor|low|one_to_one",0,1
208,"mobile|two_factor|low|one_to_one",0,1
209,"mobile|two_factor|low|one_to_one",0,1
210,"mobile|two_factor|low|one_to_one",0,1
211,"mobile|two_factor|low|one_to_one",0,1
212,"mobile|two_factor|low|one_to_one",0,1
213,"mobile|two_factor|low|one_to_one",0,1
214,"mobile|two_factor|low|one_to_one",0,1
217,"mobile|two_factor|low|one_to_one",0,1
219,"mobile|two_factor|low|one_to_one",0,1
220,"mobile|two_factor|low|one_to_one",0,1
221,"mobile|two_factor|low|one_to_one",0,1
222,"mobile|two_factor|low|one_to_one",0,1
223,"mobile|two_factor|low|one_to_one",0,1
224,"mobile|two_factor|low|one_to_one",0,1
225,"mobile|two_factor|low|one_to_one",0,1
226,"mobile|two_factor|low|one_to_one",0,1
227,"mobile|two_factor|low|one_to_one",0,1
228,"mobile|two_factor|low|one_to_one",0,1
230,"mobile|two_factor|low|one_to_one",0,1
231,"mobile|two_factor|low|one_to_one",0,1
232,"mobile|two_factor|low|one_to_one",0,1
233,"mobile|two_factor|low|one_to_one",0,1
234,"mobile|two_factor|low|one_to_one",0,1
235,"mobile|two_factor|low|one_to_one",0,1
236,"mobile|two_factor|low|one_to_one",0,1
237,"mobile|two_factor|low|one_to_one",0,1
238,"mobile|two_factor|low|one_to_one",0,1
239,"mobile|two_factor|low|one_to_one",0,1
240,"mobile|two_factor|low|one_to_one",0,1
241,"mobile|two_factor|low|one_to_one",0,1
242,"mobile|two_factor|low|one_to_one",0,1
243,"mobile|two_factor|low|one_to_one",0,1
245,"mobile|two_factor|low|one_to_one",0,1
246,"mobile|two_factor|low|one_to_one",0,1
247,"mobile|two_factor|low|one_to_one",0,1
248,"mobile|two_factor|low|one_to_one",0,1
249,"mobile|two_factor|low|one_to_one",0,1
250,"mobile|two_factor|low|one_to_one",0,1
251,"mobile|two_factor|low|one_to_one",0,1
252,"mobile|two_factor|low|one_to_one",0,1
253,"mobile|two_factor|low|one_to_one",0,1
254,"mobile|two_factor|low|one_to_one",0,1
256,"mobile|two_factor|low|one_to_one",0,1
258,"mobile|two_factor|low|one_to_one",0,1
259,"mobile|two_factor|low|one_to_one",0,1
260,"mobile|two_factor|low|one_to_one",0,1
261,"mobile|two_factor|low|one_to_one",0,1
263,"mobile|two_factor|low|one_to_one",0,1
264,"mobile|two_factor|low|one_to_one",0,1
265,"mobile|two_factor|low|one_to_one",0,1
266,"mobile|two_factor|low|one_to_one",0,1
267,"mobile|two_factor|low|one_to_one",0,1
268,"mobile|two_factor|low|one_to_one",0,1
269,"mobile|two_factor|low|one_to_one",0,1
270,"mobile|two_factor|low|one_to_one",0,1
271,"mobile|two_factor|low|one_to_one",0,1
272,"mobile|two_factor|low|one_to_one",0,1
273,"mobile|two_factor|low|one_to_one",0,1
274,"mobile|two_factor|low|one_to_one",0,1
275,"mobile|two_factor|low|one_to_one",0,1
276,"mobile|two_factor|low|one_to_one",0,1
277,"mobile|two_factor|low|one_to_one",0,1
279,"mobile|two_factor|low|one_to_one",0,1
280,"mobile|two_factor|low|one_to_one",0,1
281,"mobile|two_factor|low|one_to_one",0,1
282,"mobile|two_factor|low|one_to_one",0,1
283,"mobile|two_factor|low|one_to_one",0,1
284,"mobile|two_factor|low|one_to_one",0,1
285,"mobile|two_factor|low|one_to_one",0,1
286,"mobile|two_factor|low|one_to_one",0,1
287,"mobile|two_factor|low|one_to_one",0,1
288,"mobile|two_factor|low|one_to_one",0,1
289,"mobile|two_factor|low|one_to_one",0,1
290,"mobile|two_factor|low|one_to_one",0,1
291,"mobile|two_factor|low|one_to_one",0,1
292,"mobile|two_factor|low|one_to_one",0,1
293,"mobile|two_factor|low|one_to_one",0,1
294,"mobile|two_factor|low|one_to_one",0,1
295,"mobile|two_factor|low|one_to_one",0,1
296,"mobile|two_factor|low|one_to_one",0,1
297,"mobile|two_factor|low|one_to_one",0,1
298,"mobile|two_factor|low|one_to_one",0,1
299,"mobile|two_factor|low|one_to_one",0,1
301,"mobile|two_factor|low|one_to_one",0,1
302,"mobile|two_factor|low|one_to_one",0,1
303,"mobile|two_factor|low|one_to_one",0,1
304,"mobile|two_factor|low|one_to_one",0,1
305,"mobile|two_factor|low|one_to_one",0,1
306,"mobile|two_factor|low|one_to_one",0,1
307,"mobile|two_factor|low|one_to_one",0,1
308,"mobile|two_factor|low|one_to_one",0,1
309,"mobile|two_factor|low|one_to_one",0,1
310,"mobile|two_factor|low|one_to_one",0,1
311,"mobile|two_factor|low|one_to_one",0,1
312,"mobile|two_factor|low|one_to_one",0,1
313,"mobile|two_factor|low|one_to_one",0,1
314,"mobile|two_factor|low|one_to_one",0,1
2,"web|two_factor|high|one_to_one",0,1
3,"web|two_factor|high|one_to_one",0,1
4,"web|two_factor|high|one_to_one",0,1
5,"web|two_factor|high|one_to_one",0,1
6,"web|two_factor|high|one_to_one",0,1
7,"web|two_factor|high|one_to_one",0,1
8,"web|two_factor|high|one_to_one",0,1
9,"web|two_factor|high|one_to_one",0,1
10,"web|two_factor|high|one_to_one",0,1
11,"web|two_factor|high|one_to_one",0,1
13,"web|two_factor|high|one_to_one",0,1
14,"web|two_factor|high|one_to_one",0,1
15,"web|two_factor|high|one_to_one",0,1
16,"web|two_factor|high|one_to_one",0,1
17,"web|two_factor|high|one_to_one",0,1
18,"web|two_factor|high|one_to_one",0,1
19,"web|two_factor|high|one_to_one",0,1
20,"web|two_factor|high|one_to_one",0,1
21,"web|two_factor|high|one_to_one",0,1
22,"web|two_factor|high|one_to_one",0,1
23,"web|two_factor|high|one_to_one",0,1
24,"web|two_factor|high|one_to_one",0,1
26,"web|two_factor|high|one_to_one",0,1
27,"web|two_factor|high|one_to_one",0,1
28,"web|two_factor|high|one_to_one",0,1
29,"web|two_factor|high|one_to_one",0,1
31,"web|two_factor|high|one_to_one",0,1
32,"web|two_factor|high|one_to_one",0,1
33,"web|two_factor|high|one_to_one",0,1
35,"web|two_factor|high|one_to_one",0,1
36,"web|two_factor|high|one_to_one",0,1
37,"web|two_factor|high|one_to_one",0,1
38,"web|two_factor|high|one_to_one",0,1
39,"web|two_factor|high|one_to_one",0,1
41,"web|two_factor|high|one_to_one",0,1
42,"web|two_factor|high|one_to_one",0,1
43,"web|two_factor|high|one_to_one",0,1
44,"web|two_factor|high|one_to_one",0,1
45,"web|two_factor|high|one_to_one",0,1
46,"web|two_factor|high|one_to_one",0,1
47,"web|two_factor|high|one_to_one",0,1
48,"web|two_factor|high|one_to_one",0,1
49,"web|two_factor|high|one_to_one",0,1
50,"web|two_factor|high|one_to_one",0,1
51,"web|two_factor|high|one_to_one",0,1
52,"web|two_factor|high|one_to_one",0,1
53,"web|two_factor|high|one_to_one",0,1
54,"web|two_factor|high|one_to_one",0,1
55,"web|two_factor|high|one_to_one",0,1
56,"web|two_factor|high|one_to_one",0,1
57,"web|two_factor|high|one_to_one",0,1
58,"web|two_factor|high|one_to_one",0,1
60,"web|two_factor|high|one_to_one",0,1
61,"web|two_factor|high|one_to_one",0,1
62,"web|two_factor|high|one_to_one",0,1
63,"web|two_factor|high|one_to_one",0,1
64,"web|two_factor|high|one_to_one",0,1
65,"web|two_factor|high|one_to_one",0,1
68,"web|two_factor|high|one_to_one",0,1
69,"web|two_factor|high|one_to_one",0,1
70,"web|two_factor|high|one_to_one",0,1
71,"web|two_factor|high|one_to_one",0,1
72,"web|two_factor|high|one_to_one",0,1
73,"web|two_factor|high|one_to_one",0,1
74,"web|two_factor|high|one_to_one",0,1
75,"web|two_factor|high|one_to_one",0,1
76,"web|two_factor|high|one_to_one",0,1
77,"web|two_factor|high|one_to_one",0,1
78,"web|two_factor|high|one_to_one",0,1
79,"web|two_factor|high|one_to_one",0,1
80,"web|two_factor|high|one_to_one",0,1
81,"web|two_factor|high|one_to_one",0,1
82,"web|two_factor|high|one_to_one",0,1
83,"web|two_factor|high|one_to_one",0,1
84,"web|two_factor|high|one_to_one",0,1
86,"web|two_factor|high|one_to_one",0,1
87,"web|two_factor|high|one_to_one",0,1
88,"web|two_factor|high|one_to_one",0,1
90,"web|two_factor|high|one_to_one",0,1
91,"web|two_factor|high|one_to_one",0,1
92,"web|two_factor|high|one_to_one",0,1
93,"web|two_factor|high|one_to_one",0,1
94,"web|two_factor|high|one_to_one",0,1
95,"web|two_factor|high|one_to_one",0,1
96,"web|two_factor|high|one_to_one",0,1
97,"web|two_factor|high|one_to_one",0,1
98,"web|two_factor|high|one_to_one",0,1
99,"web|two_factor|high|one_to_one",0,1
100,"web|two_factor|high|one_to_one",0,1
101,"web|two_factor|high|one_to_one",0,1
103,"web|two_factor|high|one_to_one",0,1
104,"web|two_factor|high|one_to_one",0,1
105,"web|two_factor|high|one_to_one",0,1
106,"web|two_factor|high|one_to_one",0,1
107,"web|two_factor|high|one_to_one",0,1
108,"web|two_factor|high|one_to_one",0,1
109,"web|two_factor|high|one_to_one",0,1
110,"web|two_factor|high|one_to_one",0,1
111,"web|two_factor|high|one_to_one",0,1
112,"web|two_factor|high|one_to_one",0,1
113,"web|two_factor|high|one_to_one",0,1
114,"web|two_factor|high|one_to_one",0,1
115,"web|two_factor|high|one_to_one",0,1
116,"web|two_factor|high|one_to_one",0,1
117,"web|two_factor|high|one_to_one",0,1
118,"web|two_factor|high|one_to_one",0,1
119,"web|two_factor|high|one_to_one",0,1
120,"web|two_factor|high|one_to_one",0,1
121,"web|two_factor|high|one_to_one",0,1
122,"web|two_factor|high|one_to_one",0,1
123,"web|two_factor|high|one_to_one",0,1
124,"web|two_factor|high|one_to_one",0,1
125,"web|two_factor|high|one_to_one",0,1
126,"web|two_factor|high|one_to_one",0,1
127,"web|two_factor|high|one_to_one",0,1
128,"web|two_factor|high|one_to_one",0,1
130,"web|two_factor|high|one_to_one",0,1
131,"web|two_factor|high|one_to_one",0,1
132,"web|two_factor|high|one_to_one",0,1
133,"web|two_factor|high|one_to_one",0,1
135,"web|two_factor|high|one_to_one",0,1
136,"web|two_factor|high|one_to_one",0,1
137,"web|two_factor|high|one_to_one",0,1
138,"web|two_factor|high|one_to_one",0,1
140,"web|two_factor|high|one_to_one",0,1
141,"web|two_factor|high|one_to_one",0,1
142,"web|two_factor|high|one_to_one",0,1
143,"web|two_factor|high|one_to_one",0,1
144,"web|two_factor|high|one_to_one",0,1
145,"web|two_factor|high|one_to_one",0,1
146,"web|two_factor|high|one_to_one",0,1
147,"web|two_factor|high|one_to_one",0,1
148,"web|two_factor|high|one_to_one",0,1
149,"web|two_factor|high|one_to_one",0,1
150,"web|two_factor|high|one_to_one",0,1
151,"web|two_factor|high|one_to_one",0,1
152,"web|two_factor|high|one_to_one",0,1
153,"web|two_factor|high|one_to_one",0,1
154,"web|two_factor|high|one_to_one",0,1
155,"web|two_factor|high|one_to_one",0,1
156,"web|two_factor|high|one_to_one",0,1
157,"web|two_factor|high|one_to_one",0,1
158,"web|two_factor|high|one_to_one",0,1
159,"web|two_factor|high|one_to_one",0,1
160,"web|two_factor|high|one_to_one",0,1
162,"web|two_factor|high|one_to_one",0,1
163,"web|two_factor|high|one_to_one",0,1
164,"web|two_factor|high|one_to_one",0,1
165,"web|two_factor|high|one_to_one",0,1
166,"web|two_factor|high|one_to_one",0,1
167,"web|two_factor|high|one_to_one",0,1
168,"web|two_factor|high|one_to_one",0,1
169,"web|two_factor|high|one_to_one",0,1
170,"web|two_factor|high|one_to_one",0,1
171,"web|two_factor|high|one_to_one",0,1
172,"web|two_factor|high|one_to_one",0,1
173,"web|two_factor|high|one_to_one",0,1
174,"web|two_factor|high|one_to_one",0,1
175,"web|two_factor|high|one_to_one",0,1
176,"web|two_factor|high|one_to_one",0,1
177,"web|two_factor|high|one_to_one",0,1
178,"web|two_factor|high|one_to_one",0,1
179,"web|two_factor|high|one_to_one",0,1
180,"web|two_factor|high|one_to_one",0,1
181,"web|two_factor|high|one_to_one",0,1
183,"web|two_factor|high|one_to_one",0,1
184,"web|two_factor|high|one_to_one",0,1
186,"web|two_factor|high|one_to_one",0,1
187,"web|two_factor|high|one_to_one",0,1
188,"web|two_factor|high|one_to_one",0,1
189,"web|two_factor|high|one_to_one",0,1
190,"web|two_factor|high|one_to_one",0,1
191,"web|two_factor|high|one_to_one",0,1
192,"web|two_factor|high|one_to_one",0,1
194,"web|two_factor|high|one_to_one",0,1
195,"web|two_factor|high|one_to_one",0,1
196,"web|two_factor|high|one_to_one",0,1
197,"web|two_factor|high|one_to_one",0,1
198,"web|two_factor|high|one_to_one",0,1
199,"web|two_factor|high|one_to_one",0,1
200,"web|two_factor|high|one_to_one",0,1
201,"web|two_factor|high|one_to_one",0,1
202,"web|two_factor|high|one_to_one",0,1
203,"web|two_factor|high|one_to_one",0,1
205,"web|two_factor|high|one_to_one",0,1
206,"web|two_factor|high|one_to_one",0,1
207,"web|two_factor|high|one_to_one",0,1
208,"web|two_factor|high|one_to_one",0,1
209,"web|two_factor|high|one_to_one",0,1
210,"web|two_factor|high|one_to_one",0,1
211,"web|two_factor|high|one_to_one",0,1
212,"web|two_factor|high|one_to_one",0,1
213,"web|two_factor|high|one_to_one",0,1
214,"web|two_factor|high|one_to_one",0,1
217,"web|two_factor|high|one_to_one",0,1
219,"web|two_factor|high|one_to_one",0,1
220,"web|two_factor|high|one_to_one",0,1
221,"web|two_factor|high|one_to_one",0,1
222,"web|two_factor|high|one_to_one",0,1
223,"web|two_factor|high|one_to_one",0,1
224,"web|two_factor|high|one_to_one",0,1
225,"web|two_factor|high|one_to_one",0,1
226,"web|two_factor|high|one_to_one",0,1
227,"web|two_factor|high|one_to_one",0,1
228,"web|two_factor|high|one_to_one",0,1
230,"web|two_factor|high|one_to_one",0,1
231,"web|two_factor|high|one_to_one",0,1
232,"web|two_factor|high|one_to_one",0,1
233,"web|two_factor|high|one_to_one",0,1
234,"web|two_factor|high|one_to_one",0,1
235,"web|two_factor|high|one_to_one",0,1
236,"web|two_factor|high|one_to_one",0,1
237,"web|two_factor|high|one_to_one",0,1
238,"web|two_factor|high|one_to_one",0,1
239,"web|two_factor|high|one_to_one",0,1
240,"web|two_factor|high|one_to_one",0,1
241,"web|two_factor|high|one_to_one",0,1
242,"web|two_factor|high|one_to_one",0,1
243,"web|two_factor|high|one_to_one",0,1
245,"web|two_factor|high|one_to_one",0,1
246,"web|two_factor|high|one_to_one",0,1
247,"web|two_factor|high|one_to_one",0,1
248,"web|two_factor|high|one_to_one",0,1
249,"web|two_factor|high|one_to_one",0,1
250,"web|two_factor|high|one_to_one",0,1
251,"web|two_factor|high|one_to_one",0,1
252,"web|two_factor|high|one_to_one",0,1
253,"web|two_factor|high|one_to_one",0,1
254,"web|two_factor|high|one_to_one",0,1
256,"web|two_factor|high|one_to_one",0,1
258,"web|two_factor|high|one_to_one",0,1
259,"web|two_factor|high|one_to_one",0,1
260,"web|two_factor|high|one_to_one",0,1
261,"web|two_factor|high|one_to_one",0,1
263,"web|two_factor|high|one_to_one",0,1
264,"web|two_factor|high|one_to_one",0,1
265,"web|two_factor|high|one_to_one",0,1
266,"web|two_factor|high|one_to_one",0,1
267,"web|two_factor|high|one_to_one",0,1
268,"web|two_factor|high|one_to_one",0,1
269,"web|two_factor|high|one_to_one",0,1
270,"web|two_factor|high|one_to_one",0,1
271,"web|two_factor|high|one_to_one",0,1
272,"web|two_factor|high|one_to_one",0,1
273,"web|two_factor|high|one_to_one",0,1
274,"web|two_factor|high|one_to_one",0,1
275,"web|two_factor|high|one_to_one",0,1
276,"web|two_factor|high|one_to_one",0,1
277,"web|two_factor|high|one_to_one",0,1
279,"web|two_factor|high|one_to_one",0,1
280,"web|two_factor|high|one_to_one",0,1
281,"web|two_factor|high|one_to_one",0,1
282,"web|two_factor|high|one_to_one",0,1
283,"web|two_factor|high|one_to_one",0,1
284,"web|two_factor|high|one_to_one",0,1
285,"web|two_factor|high|one_to_one",0,1
286,"web|two_factor|high|one_to_one",0,1
287,"web|two_factor|high|one_to_one",0,1
288,"web|two_factor|high|one_to_one",0,1
289,"web|two_factor|high|one_to_one",0,1
290,"web|two_factor|high|one_to_one",0,1
291,"web|two_factor|high|one_to_one",0,1
292,"web|two_factor|high|one_to_one",0,1
293,"web|two_factor|high|one_to_one",0,1
294,"web|two_factor|high|one_to_one",0,1
295,"web|two_factor|high|one_to_one",0,1
296,"web|two_factor|high|one_to_one",0,1
297,"web|two_factor|high|one_to_one",0,1
298,"web|two_factor|high|one_to_one",0,1
299,"web|two_factor|high|one_to_one",0,1
301,"web|two_factor|high|one_to_one",0,1
302,"web|two_factor|high|one_to_one",0,1
303,"web|two_factor|high|one_to_one",0,1
304,"web|two_factor|high|one_to_one",0,1
305,"web|two_factor|high|one_to_one",0,1
306,"web|two_factor|high|one_to_one",0,1
307,"web|two_factor|high|one_to_one",0,1
308,"web|two_factor|high|one_to_one",0,1
309,"web|two_factor|high|one_to_one",0,1
310,"web|two_factor|high|one_to_one",0,1
311,"web|two_factor|high|one_to_one",0,1
312,"web|two_factor|high|one_to_one",0,1
313,"web|two_factor|high|one_to_one",0,1
314,"web|two_factor|high|one_to_one",0,1
2,"web|two_factor|low|one_to_one",0,1
3,"web|two_factor|low|one_to_one",0,1
4,"web|two_factor|low|one_to_one",0,1
5,"web|two_factor|low|one_to_one",0,1
6,"web|two_factor|low|one_to_one",0,1
7,"web|two_factor|low|one_to_one",0,1
8,"web|two_factor|low|one_to_one",0,1
9,"web|two_factor|low|one_to_one",0,1
10,"web|two_factor|low|one_to_one",0,1
11,"web|two_factor|low|one_to_one",0,1
13,"web|two_factor|low|one_to_one",0,1
14,"web|two_factor|low|one_to_one",0,1
15,"web|two_factor|low|one_to_one",0,1
16,"web|two_factor|low|one_to_one",0,1
17,"web|two_factor|low|one_to_one",0,1
18,"web|two_factor|low|one_to_one",0,1
19,"web|two_factor|low|one_to_one",0,1
20,"web|two_factor|low|one_to_one",0,1
21,"web|two_factor|low|one_to_one",0,1
22,"web|two_factor|low|one_to_one",0,1
23,"web|two_factor|low|one_to_one",0,1
24,"web|two_factor|low|one_to_one",0,1
26,"web|two_factor|low|one_to_one",0,1
27,"web|two_factor|low|one_to_one",0,1
28,"web|two_factor|low|one_to_one",0,1
29,"web|two_factor|low|one_to_one",0,1
31,"web|two_factor|low|one_to_one",0,1
32,"web|two_factor|low|one_to_one",0,1
33,"web|two_factor|low|one_to_one",0,1
35,"web|two_factor|low|one_to_one",0,1
36,"web|two_factor|low|one_to_one",0,1
37,"web|two_factor|low|one_to_one",0,1
38,"web|two_factor|low|one_to_one",0,1
39,"web|two_factor|low|one_to_one",0,1
41,"web|two_factor|low|one_to_one",0,1
42,"web|two_factor|low|one_to_one",0,1
43,"web|two_factor|low|one_to_one",0,1
44,"web|two_factor|low|one_to_one",0,1
45,"web|two_factor|low|one_to_one",0,1
46,"web|two_factor|low|one_to_one",0,1
47,"web|two_factor|low|one_to_one",0,1
48,"web|two_factor|low|one_to_one",0,1
49,"web|two_factor|low|one_to_one",0,1
50,"web|two_factor|low|one_to_one",0,1
51,"web|two_factor|low|one_to_one",0,1
52,"web|two_factor|low|one_to_one",0,1
53,"web|two_factor|low|one_to_one",0,1
54,"web|two_factor|low|one_to_one",0,1
55,"web|two_factor|low|one_to_one",0,1
56,"web|two_factor|low|one_to_one",0,1
57,"web|two_factor|low|one_to_one",0,1
58,"web|two_factor|low|one_to_one",0,1
60,"web|two_factor|low|one_to_one",0,1
61,"web|two_factor|low|one_to_one",0,1
62,"web|two_factor|low|one_to_one",0,1
63,"web|two_factor|low|one_to_one",0,1
64,"web|two_factor|low|one_to_one",0,1
65,"web|two_factor|low|one_to_one",0,1
68,"web|two_factor|low|one_to_one",0,1
69,"web|two_factor|low|one_to_one",0,1
70,"web|two_factor|low|one_to_one",0,1
71,"web|two_factor|low|one_to_one",0,1
72,"web|two_factor|low|one_to_one",0,1
73,"web|two_factor|low|one_to_one",0,1
74,"web|two_factor|low|one_to_one",0,1
75,"web|two_factor|low|one_to_one",0,1
76,"web|two_factor|low|one_to_one",0,1
77,"web|two_factor|low|one_to_one",0,1
78,"web|two_factor|low|one_to_one",0,1
79,"web|two_factor|low|one_to_one",0,1
80,"web|two_factor|low|one_to_one",0,1
81,"web|two_factor|low|one_to_one",0,1
82,"web|two_factor|low|one_to_one",0,1
83,"web|two_factor|low|one_to_one",0,1
84,"web|two_factor|low|one_to_one",0,1
86,"web|two_factor|low|one_to_one",0,1
87,"web|two_factor|low|one_to_one",0,1
88,"web|two_factor|low|one_to_one",0,1
90,"web|two_factor|low|one_to_one",0,1
91,"web|two_factor|low|one_to_one",0,1
92,"web|two_factor|low|one_to_one",0,1
93,"web|two_factor|low|one_to_one",0,1
94,"web|two_factor|low|one_to_one",0,1
95,"web|two_factor|low|one_to_one",0,1
96,"web|two_factor|low|one_to_one",0,1
97,"web|two_factor|low|one_to_one",0,1
98,"web|two_factor|low|one_to_one",0,1
99,"web|two_factor|low|one_to_one",0,1
100,"web|two_factor|low|one_to_one",0,1
101,"web|two_factor|low|one_to_one",0,1
103,"web|two_factor|low|one_to_one",0,1
104,"web|two_factor|low|one_to_one",0,1
105,"web|two_factor|low|one_to_one",0,1
106,"web|two_factor|low|one_to_one",0,1
107,"web|two_factor|low|one_to_one",0,1
108,"web|two_factor|low|one_to_one",0,1
109,"web|two_factor|low|one_to_one",0,1
110,"web|two_factor|low|one_to_one",0,1
111,"web|two_factor|low|one_to_one",0,1
112,"web|two_factor|low|one_to_one",0,1
113,"web|two_factor|low|one_to_one",0,1
114,"web|two_factor|low|one_to_one",0,1
115,"web|two_factor|low|one_to_one",0,1
116,"web|two_factor|low|one_to_one",0,1
117,"web|two_factor|low|one_to_one",0,1
118,"web|two_factor|low|one_to_one",0,1
119,"web|two_factor|low|one_to_one",0,1
120,"web|two_factor|low|one_to_one",0,1
121,"web|two_factor|low|one_to_one",0,1
122,"web|two_factor|low|one_to_one",0,1
123,"web|two_factor|low|one_to_one",0,1
124,"web|two_factor|low|one_to_one",0,1
125,"web|two_factor|low|one_to_one",0,1
126,"web|two_factor|low|one_to_one",0,1
127,"web|two_factor|low|one_to_one",0,1
128,"web|two_factor|low|one_to_one",0,1
130,"web|two_factor|low|one_to_one",0,1
131,"web|two_factor|low|one_to_one",0,1
132,"web|two_factor|low|one_to_one",0,1
133,"web|two_factor|low|one_to_one",0,1
135,"web|two_factor|low|one_to_one",0,1
136,"web|two_factor|low|one_to_one",0,1
137,"web|two_factor|low|one_to_one",0,1
138,"web|two_factor|low|one_to_one",0,1
140,"web|two_factor|low|one_to_one",0,1
141,"web|two_factor|low|one_to_one",0,1
142,"web|two_factor|low|one_to_one",0,1
143,"web|two_factor|low|one_to_one",0,1
144,"web|two_factor|low|one_to_one",0,1
145,"web|two_factor|low|one_to_one",0,1
146,"web|two_factor|low|one_to_one",0,1
147,"web|two_factor|low|one_to_one",0,1
148,"web|two_factor|low|one_to_one",0,1
149,"web|two_factor|low|one_to_one",0,1
150,"web|two_factor|low|one_to_one",0,1
151,"web|two_factor|low|one_to_one",0,1
152,"web|two_factor|low|one_to_one",0,1
153,"web|two_factor|low|one_to_one",0,1
154,"web|two_factor|low|one_to_one",0,1
155,"web|two_factor|low|one_to_one",0,1
156,"web|two_factor|low|one_to_one",0,1
157,"web|two_factor|low|one_to_one",0,1
158,"web|two_factor|low|one_to_one",0,1
159,"web|two_factor|low|one_to_one",0,1
160,"web|two_factor|low|one_to_one",0,1
162,"web|two_factor|low|one_to_one",0,1
163,"web|two_factor|low|one_to_one",0,1
164,"web|two_factor|low|one_to_one",0,1
165,"web|two_factor|low|one_to_one",0,1
166,"web|two_factor|low|one_to_one",0,1
167,"web|two_factor|low|one_to_one",0,1
168,"web|two_factor|low|one_to_one",0,1
169,"web|two_factor|low|one_to_one",0,1
170,"web|two_factor|low|one_to_one",0,1
171,"web|two_factor|low|one_to_one",0,1
172,"web|two_factor|low|one_to_one",0,1
173,"web|two_factor|low|one_to_one",0,1
174,"web|two_factor|low|one_to_one",0,1
175,"web|two_factor|low|one_to_one",0,1
176,"web|two_factor|low|one_to_one",0,1
177,"web|two_factor|low|one_to_one",0,1
178,"web|two_factor|low|one_to_one",0,1
179,"web|two_factor|low|one_to_one",0,1
180,"web|two_factor|low|one_to_one",0,1
181,"web|two_factor|low|one_to_one",0,1
183,"web|two_factor|low|one_to_one",0,1
184,"web|two_factor|low|one_to_one",0,1
186,"web|two_factor|low|one_to_one",0,1
187,"web|two_factor|low|one_to_one",0,1
188,"web|two_factor|low|one_to_one",0,1
189,"web|two_factor|low|one_to_one",0,1
190,"web|two_factor|low|one_to_one",0,1
191,"web|two_factor|low|one_to_one",0,1
192,"web|two_factor|low|one_to_one",0,1
194,"web|two_factor|low|one_to_one",0,1
195,"web|two_factor|low|one_to_one",0,1
196,"web|two_factor|low|one_to_one",0,1
197,"web|two_factor|low|one_to_one",0,1
198,"web|two_factor|low|one_to_one",0,1
199,"web|two_factor|low|one_to_one",0,1
200,"web|two_factor|low|one_to_one",0,1
201,"web|two_factor|low|one_to_one",0,1
202,"web|two_factor|low|one_to_one",0,1
203,"web|two_factor|low|one_to_one",0,1
205,"web|two_factor|low|one_to_one",0,1
206,"web|two_factor|low|one_to_one",0,1
207,"web|two_factor|low|one_to_one",0,1
208,"web|two_factor|low|one_to_one",0,1
209,"web|two_factor|low|one_to_one",0,1
210,"web|two_factor|low|one_to_one",0,1
211,"web|two_factor|low|one_to_one",0,1
212,"web|two_factor|low|one_to_one",0,1
213,"web|two_factor|low|one_to_one",0,1
214,"web|two_factor|low|one_to_one",0,1
217,"web|two_factor|low|one_to_one",0,1
219,"web|two_factor|low|one_to_one",0,1
220,"web|two_factor|low|one_to_one",0,1
221,"web|two_factor|low|one_to_one",0,1
222,"web|two_factor|low|one_to_one",0,1
223,"web|two_factor|low|one_to_one",0,1
224,"web|two_factor|low|one_to_one",0,1
225,"web|two_factor|low|one_to_one",0,1
226,"web|two_factor|low|one_to_one",0,1
227,"web|two_factor|low|one_to_one",0,1
228,"web|two_factor|low|one_to_one",0,1
230,"web|two_factor|low|one_to_one",0,1
231,"web|two_factor|low|one_to_one",0,1
232,"web|two_factor|low|one_to_one",0,1
233,"web|two_factor|low|one_to_one",0,1
234,"web|two_factor|low|one_to_one",0,1
235,"web|two_factor|low|one_to_one",0,1
236,"web|two_factor|low|one_to_one",0,1
237,"web|two_factor|low|one_to_one",0,1
238,"web|two_factor|low|one_to_one",0,1
239,"web|two_factor|low|one_to_one",0,1
240,"web|two_factor|low|one_to_one",0,1
241,"web|two_factor|low|one_to_one",0,1
242,"web|two_factor|low|one_to_one",0,1
243,"web|two_factor|low|one_to_one",0,1
245,"web|two_factor|low|one_to_one",0,1
246,"web|two_factor|low|one_to_one",0,1
247,"web|two_factor|low|one_to_one",0,1
248,"web|two_factor|low|one_to_one",0,1
249,"web|two_factor|low|one_to_one",0,1
250,"web|two_factor|low|one_to_one",0,1
251,"web|two_factor|low|one_to_one",0,1
252,"web|two_factor|low|one_to_one",0,1
253,"web|two_factor|low|one_to_one",0,1
254,"web|two_factor|low|one_to_one",0,1
256,"web|two_factor|low|one_to_one",0,1
258,"web|two_factor|low|one_to_one",0,1
259,"web|two_factor|low|one_to_one",0,1
260,"web|two_factor|low|one_to_one",0,1
261,"web|two_factor|low|one_to_one",0,1
263,"web|two_factor|low|one_to_one",0,1
264,"web|two_factor|low|one_to_one",0,1
265,"web|two_factor|low|one_to_one",0,1
266,"web|two_factor|low|one_to_one",0,1
267,"web|two_factor|low|one_to_one",0,1
268,"web|two_factor|low|one_to_one",0,1
269,"web|two_factor|low|one_to_one",0,1
270,"web|two_factor|low|one_to_one",0,1
271,"web|two_factor|low|one_to_one",0,1
272,"web|two_factor|low|one_to_one",0,1
273,"web|two_factor|low|one_to_one",0,1
274,"web|two_factor|low|one_to_one",0,1
275,"web|two_factor|low|one_to_one",0,1
276,"web|two_factor|low|one_to_one",0,1
277,"web|two_factor|low|one_to_one",0,1
279,"web|two_factor|low|one_to_one",0,1
280,"web|two_factor|low|one_to_one",0,1
281,"web|two_factor|low|one_to_one",0,1
282,"web|two_factor|low|one_to_one",0,1
283,"web|two_factor|low|one_to_one",0,1
284,"web|two_factor|low|one_to_one",0,1
285,"web|two_factor|low|one_to_one",0,1
286,"web|two_factor|low|one_to_one",0,1
287,"web|two_factor|low|one_to_one",0,1
288,"web|two_factor|low|one_to_one",0,1
289,"web|two_factor|low|one_to_one",0,1
290,"web|two_factor|low|one_to_one",0,1
291,"web|two_factor|low|one_to_one",0,1
292,"web|two_factor|low|one_to_one",0,1
293,"web|two_factor|low|one_to_one",0,1
294,"web|two_factor|low|one_to_one",0,1
295,"web|two_factor|low|one_to_one",0,1
296,"web|two_factor|low|one_to_one",0,1
297,"web|two_factor|low|one_to_one",0,1
298,"web|two_factor|low|one_to_one",0,1
299,"web|two_factor|low|one_to_one",0,1
301,"web|two_factor|low|one_to_one",0,1
302,"web|two_factor|low|one_to_one",0,1
303,"web|two_factor|low|one_to_one",0,1
304,"web|two_factor|low|one_to_one",0,1
305,"web|two_factor|low|one_to_one",0,1
306,"web|two_factor|low|one_to_one",0,1
307,"web|two_factor|low|one_to_one",0,1
308,"web|two_factor|low|one_to_one",0,1
309,"web|two_factor|low|one_to_one",0,1
310,"web|two_factor|low|one_to_one",0,1
311,"web|two_factor|low|one_to_one",0,1
312,"web|two_factor|low|one_to_one",0,1
313,"web|two_factor|low|one_to_one",0,1
314,"web|two_factor|low|one_to_one",0,1
