"resp.id","policytypeban","policytypesubsidies","policytypetax","cost4","cost9","cost14","cost19","year2025","year2035","year2045","year2055","distance2","distance5","distance10","distance50","orgccc","orgdp","orggreenpeace","orgrp","noneTRUE","noneFALSE","adopters"
2,2.27283803230351,-1.86199103895806,-0.410846993345449,2.3148528145694,2.360392677513,-0.612140251285573,-4.06310524079684,5.26502129162835,3.25502188410387,-1.71038113534676,-6.80966204038548,-3.6259929490027,-1.05470783092411,1.19191165036213,3.48878912956469,-1.79843691527467,3.99929954651821,4.70113162055997,-6.90199425180351,-5.26191122213408,5.26191122213408,6.49344691878141
3,1.69057160689281,-1.34233712227553,-0.348234484617283,1.84798353292887,-0.0342765452486292,0.787326490956157,-2.60103347863639,3.58452443310828,2.36180183900193,-0.338885112895266,-5.60744115921496,-1.62963065002177,-0.45865756332965,-0.619668819990421,2.70795703334185,-0.00840484269709254,-0.339019601565802,0.63921566700493,-0.291791222742036,-2.16231766862694,2.16231766862694,4.97642880813838
4,2.20334419057881,-2.86628845314445,0.66294426256565,2.25812263077432,1.16060680425181,-0.677996062403722,-2.74073337262242,7.03157214477308,2.0100808205664,-1.76348050314547,-7.27817246219399,-4.83333546274389,-1.47253265409128,1.69747590409256,4.60839221274261,-2.181672122794,4.05927342624528,4.94410828865552,-6.8217095921068,-5.37100312247376,5.37100312247376,6.31674860275348
5,1.94754595332226,-2.47815208554201,0.530606132219753,2.48191085830096,1.22154832868199,-0.198398072306874,-3.50506111467607,6.4989135144837,3.19013993236851,-1.94225238126913,-7.74680106558308,-4.91656210334106,-1.12957948713152,1.09752348507181,4.94861810540079,-2.15425724061401,4.67040522147206,5.55246770755984,-8.06861568841789,-6.13971730341863,6.13971730341863,5.2565305150903
6,-0.0194309303681232,0.53580960359404,-0.516378673225918,3.74298529033259,-0.260156789883556,-0.557600702776162,-2.92522779767288,0.663777650690252,0.0765837639401547,0.891880557883307,-1.63224197251371,-2.41990485537283,0.349373817658399,0.315682671294301,1.75484836642013,-0.000636740054021872,-1.81655396172945,-2.21806702086125,4.03525772264471,0.708795164987614,-0.708795164987614,4.17717302845516
8,-1.01516043985062,1.57102282186984,-0.555862382019219,4.87769198837974,0.136803628292625,-0.82061895772907,-4.19387665894328,0.705714497380691,-0.1606609196751,0.843265608273855,-1.38831918597945,-2.06744098609621,0.379915516407081,0.363957633500983,1.32356783618815,0.103229892351661,-3.9716752926039,-2.08141329252751,5.94985869277975,0.385111526420878,-0.385111526420878,2.91139540537817
9,0.82041659828244,-1.28866502269532,0.468248424412884,3.40518642114414,1.60528716112452,-1.03639226720814,-3.97408131506053,5.48251784281788,2.92164446531938,-1.7030132532653,-6.70114905487196,-5.24374834248669,-1.07834821079476,1.46856901936045,4.853527533921,-0.780618510669797,2.26340431476709,4.89177370938738,-6.37455951348466,-5.26720880409587,5.26720880409587,4.21716039833473
13,-0.297186897534489,0.276850665222981,0.0203362323115076,1.80287728041224,2.31841665033358,-0.841069282157422,-3.28022464858841,4.70980405798358,1.77326095769135,-1.32860586101713,-5.15445915465778,-4.07531262576644,-1.06748922753566,1.36335044249034,3.77945141081177,-0.21727052584711,0.790261932678004,0.478443253832577,-1.05143466066347,-2.6088748043526,2.6088748043526,5.19873345518606
15,2.28231820624379,-2.68858717017089,0.406268963927104,2.65785170014773,1.13344197367355,-0.917358373055768,-2.87393530076551,5.70246576208823,1.38255051667973,0.239345014881165,-7.32436129364911,-4.72779949715495,-0.224286802044297,0.74097878846494,4.2111075107343,-1.66719143921275,2.53944917897228,3.96717824993288,-4.8394359896924,-4.52461878268963,4.52461878268963,4.90776514093551
16,0.45623449032235,-0.176118863074321,-0.280115627248029,2.05913824424323,1.80505092186088,-0.928410466280062,-2.93577869982404,4.39585386573603,2.37898328053571,-1.00285549773676,-5.77198164853499,-3.97342684379221,-0.715353301537301,1.0099490590458,3.67883108628371,-0.332028110839174,0.0899376888804632,0.0851481633176015,0.156942258641108,-2.25527050705779,2.25527050705779,4.72919072647181
18,1.08292702942265,-1.07817563538725,-0.00475139403540802,3.36286372066633,1.63244954195053,-0.681578429256411,-4.31373483336044,3.67141545622833,1.82913825721306,-0.949560356080809,-4.55099335736057,-2.78968424061114,-0.658437398431257,0.765477662638378,2.68264397640401,0.312071093372162,-0.615662621638683,-0.568092344021737,0.871683872288255,-1.78360500420221,1.78360500420221,5.22458495485036
19,1.90559972828028,-1.53270407086729,-0.372895657412991,1.66986929449698,1.20592770787957,0.142980862686596,-3.01877786506315,5.71667619778276,3.43370797521833,-2.4967162165454,-6.65366795645571,-3.7190095661547,-1.98098268024686,1.59929284554006,4.10069940086151,-1.03965315744112,2.55544805578917,3.19914735863468,-4.71494225698273,-4.36599660390627,4.36599660390627,6.11773462936414
21,0.285884975379885,-1.34927047523679,1.0633854998569,1.52695289401355,1.31875766680583,-0.669973893163472,-2.17573666765591,4.01804095547273,1.98564064310663,0.0621344020644322,-6.0658160006438,-3.25465401258401,-0.243389354570075,-0.0717753186534121,3.5698186858075,-0.948347918713282,0.33643844606023,0.0291401522451834,0.582769320407868,-2.02614793358228,2.02614793358228,5.57179643913973
23,-0.78603841296957,0.715883402855375,0.0701550101141936,3.98333759946253,0.947877198685098,-0.866617362264462,-4.06459743588318,-0.605283915981616,0.344568688934234,0.901759203824659,-0.641043976777279,-1.78385489514582,0.664564084998239,-0.435422983701796,1.55471379384938,1.32243597420338,-5.54959888559414,-6.22958757122815,10.4567504826189,3.28316509399499,-3.28316509399499,3.26120430942697
24,0.286388840958512,-0.399440601892298,0.113051760933785,3.81074080244401,2.25303867538369,-1.86537349158132,-4.19840598624638,3.51788838967244,0.731567621901578,-0.877202852611603,-3.37225315896241,-5.43302163513766,-0.578737939264816,1.59183489902114,4.41992467538134,-0.0528833505856729,0.416269290001278,1.29012509414348,-1.65351103355909,-2.87154967730919,2.87154967730919,5.30618185356911
25,0.742776935378858,-1.2165483862668,0.473771450887951,1.62891524279246,1.64253274764741,-1.39997334875852,-1.87147464168135,5.2847473791858,2.34207994472509,-1.73595457967988,-5.890872744231,-4.00521999185026,-1.67856686159973,2.11649330661647,3.56729354683354,-1.15418651676504,1.82742313564041,1.27263131154474,-1.9458679304201,-3.19142190699844,3.19142190699844,5.65753880379979
26,2.54501550006891,-2.13811888170318,-0.406896618365735,1.7242714289972,1.50302081342829,-0.660545130967374,-2.56674711145811,6.83705720119291,3.26162556688345,-2.34838789911353,-7.75029486896285,-4.75073016104603,-1.15186015324547,1.73392080474437,4.16866950954712,-1.32456016141755,4.19991894975649,5.33914920047108,-8.21450798881004,-5.9790832885312,5.9790832885312,6.53674180740773
27,0.437785551596216,-0.955820448395626,0.51803489679941,3.59590843604496,1.74188498049611,-1.14118368140299,-4.19660973513808,3.81513045866495,1.80717817750651,-1.35601871673283,-4.26628991943862,-3.92361481475494,-0.863543004309351,0.901034577224517,3.88612324183977,-0.533623331870383,-0.254102828998547,-0.320601063696763,1.10832722456569,-1.97090329699427,1.97090329699427,4.92940634812817
28,-0.319976532054312,0.769217278338382,-0.449240746284068,4.16870508942949,1.61910430332658,-1.24625842240225,-4.54155097035383,-0.364238834065254,0.955853373461547,-0.11857042932378,-0.47304411007251,-1.54983162805326,-0.686528115677375,1.94405563719295,0.292304106537672,1.53165666810055,-3.40072183751748,-4.26055586405999,6.12962103347691,2.01070509667998,-2.01070509667998,5.44540475073853
29,1.21351046752636,-1.19140173063271,-0.022108736893654,3.80172869200093,1.48645125206434,-0.642027560989625,-4.64615238307563,3.75190873770848,1.10899195101242,0.00557613362901818,-4.86647682234991,-4.47507564969797,-0.375021327812544,0.787293465956707,4.06280351155381,-1.38996036143776,0.497252193718331,1.35290550032012,-0.460197332600689,-2.80817218782593,2.80817218782593,4.90276148058802
32,-1.00941929679736,-0.0306234962152957,1.04004279301266,2.89976201594852,1.49206332571529,-0.754917886375025,-3.63690745528879,0.753635804563189,0.846703257151483,0.398843168420802,-1.99918223013548,-2.88058105293989,0.80382140858901,0.532079700670448,1.54467994368043,0.613118365126889,-3.63864502496277,-3.6872372594712,6.71276391930707,1.2291719338579,-1.2291719338579,3.47133002987286
33,1.07386773997414,-0.184425008208652,-0.889442731765488,2.98935249600242,1.6887073270157,-0.00297383003302265,-4.6750859929851,5.23125893558505,2.87933563038756,-2.5746576891546,-5.535936876818,-5.20314252254375,-0.955239282069065,2.07629213782087,4.08208966679197,-1.41018427061236,3.18210925818656,5.63441160397803,-7.40633659155223,-5.61371545660979,5.61371545660979,5.79017181414123
34,2.69583356948836,-2.04918886529975,-0.646644704188615,1.28110875359933,0.495345571941958,-0.466379662152641,-1.31007466338865,7.73250552242305,3.71817461340788,-2.10244161275889,-9.34823852307206,-4.39466534199456,-1.96563078651137,1.64377523011285,4.71652089839307,-2.20959572603331,5.24082235953439,6.74337536575191,-9.77460199925299,-6.717089522885,6.717089522885,5.4311597235792
35,1.95168927157589,-1.93489528546658,-0.0167939861093079,2.61939927015043,2.14828844553919,-1.0497258880593,-3.7179618276303,6.51242001254615,2.34694803297948,-1.91154393740605,-6.94782410811959,-5.77953102153597,-1.02766606845447,1.85877176406261,4.94842532592781,-1.37978745772929,3.51894011584707,5.73010167494807,-7.86925433306585,-5.84607069349046,5.84607069349046,5.71582653504847
36,1.28288434551371,-1.15232057230792,-0.130563773205792,3.8425272882702,0.965758006439367,-0.801655332568796,-4.00662996214077,4.23511860614054,1.72493451774422,-0.53690071480992,-5.42315240907484,-4.07864462642696,-1.02764575688575,2.26298416041866,2.84330622289406,-1.41934886678142,2.06237639332202,3.72408116630606,-4.36710869284665,-3.98807329813019,3.98807329813019,5.89023248716331
38,2.61136520592223,-1.51487595206565,-1.09648925385658,2.61556929954146,0.671350009117054,-0.822762877962233,-2.46415643069628,6.04428538927507,2.11193306112803,-1.52220414389612,-6.63401430650698,-4.28388475364016,-0.482064731724743,0.727281705441956,4.03866777992295,-1.8540975979562,2.81343760099801,4.21070492020874,-5.17004492325056,-4.75540827928122,4.75540827928122,5.71118510875949
39,2.53079510558039,-2.35973443235032,-0.171060673230068,2.29074041307371,1.3088471145579,-0.464409075597624,-3.13517845203399,4.78183866543785,1.99614328936204,-1.52996698986964,-5.24801496493026,-4.24428522486613,0.753155225636777,1.47254227676063,2.01858772246872,-2.2345771903307,3.78110291835517,2.44617051427453,-3.992696242299,-4.03129855762355,4.03129855762355,5.62014005688902
40,0.430771802496678,-0.379718179480117,-0.051053623016561,3.32779317404279,1.38281638266805,-0.0231856934579584,-4.68742386325288,3.81546953383025,2.14070085460515,-1.50301181549858,-4.45315857293682,-4.8358613818887,-0.76956913977844,1.80515016838634,3.80028035328079,0.0554799106952886,0.365937747082005,0.41470204349152,-0.836119701268813,-2.77896634191361,2.77896634191361,5.50477979293615
41,0.738863139753045,-1.73327808773383,0.994414947980779,2.08416710869776,1.56383600615089,-0.534789394436972,-3.11321372041168,3.8001613871739,1.29725764841668,-0.695637908739065,-4.40178112685152,-5.70641537907336,-0.522329360775546,1.70947324647852,4.51927149337038,-0.134713988732368,0.585385107597212,2.05836033222588,-2.50903145109072,-3.21365866013145,3.21365866013145,5.77668945370836
42,0.212058983623092,-0.291308622136015,0.0792496385129231,1.21228123748955,-0.155775176391415,-0.107226961648822,-0.949279099449314,4.80814584791809,3.83563322354053,-2.29050573274648,-6.35327333871213,-4.78935810842064,-0.64812554515652,2.20350238663268,3.23398126694447,-1.41677006834937,3.33230122762625,3.46339209889806,-5.37892325817493,-4.58585873933914,4.58585873933914,6.87772944080684
43,-0.246924786795032,0.493644286741778,-0.246719499946747,3.19779756116308,2.23283586693019,-1.1908742157753,-4.23975921231796,0.328685060496488,-0.832088210298051,-0.0531709845514904,0.556574134353057,-1.82571002012112,0.280730445450678,0.135774708699813,1.40920486597063,1.46132137430132,-3.88286582167591,-5.31543100505126,7.73697545242586,2.31437965091331,-2.31437965091331,5.91775047118615
44,2.75371555038661,-2.32823471646471,-0.425480833921896,2.57569622693286,0.766169215875002,-0.464774652442091,-2.87709079036577,7.06780060040261,2.15007988555847,-1.46442541270398,-7.7534550732571,-4.37590892065652,-0.801402206184204,0.896183976848708,4.28112714999201,-2.53400345963799,4.47739861288497,6.75494425807539,-8.69833941132235,-6.07560807955909,6.07560807955909,6.07927767225018
45,-1.56321150316956,1.23572036913337,0.327491134036196,3.66312509243584,2.54999488205403,-1.60501095435769,-4.60810902013216,0.419211910143138,0.5847066277353,-0.205008170399593,-0.798910367478845,-1.34782216860416,-0.124661442258138,-0.204170665917977,1.67665427678028,1.04420917663515,-3.5686891282837,-4.09138150001648,6.61586145166505,1.22297385443232,-1.22297385443232,4.95799953604307
46,0.606045162637416,-1.0736885024731,0.467643339835685,4.73219884069037,1.86131943647466,-1.60268173159198,-4.99083654557306,3.63769769747771,1.73982000144257,-1.22061265187285,-4.15690504704742,-3.87254727765587,-0.0704612244810462,0.671773686110153,3.27123481602676,-1.03518213338344,0.267279073964794,2.1516639642051,-1.38376090478645,-3.09767532209258,3.09767532209258,5.17005864611448
49,-0.850807219829754,0.371613152183897,0.479194067645859,3.91960311098569,2.19952622428283,-1.89583609870891,-4.22329323655961,1.43655198862533,-0.290840303536834,0.0262446424346822,-1.17195632752318,-3.16888647467036,0.212105013363786,1.45730747047893,1.49947399082765,0.377063954190054,-3.89394041275975,-3.39505965566489,6.9119361142346,0.990839852933428,-0.990839852933428,3.4385273433698
50,0.538300802467651,-0.0370301803191748,-0.501270622148478,4.66770166207439,1.69852186877822,-1.14280164854592,-5.2234218823067,2.07175797367187,-0.0259785303514491,0.0727752788635586,-2.11855472218398,-3.12140009042236,-0.887765986186101,1.50345158036829,2.50571449624017,0.289631197915533,-0.464051083907089,-1.02805652510415,1.2024764110957,-1.22859736225525,1.22859736225525,6.17224117888543
51,2.11109602582646,-2.38396323365711,0.27286720783065,1.67085215831949,1.07743577233911,-0.114370852947605,-2.63391707771099,5.44669477418767,2.2464593628474,-1.8781228871568,-5.81503124987827,-5.17509068050568,-0.463999583232774,1.33398657853345,4.30510368520501,-2.52539870432817,2.2302135671017,2.84408112570637,-2.54889598847989,-4.01739800614564,4.01739800614564,4.35422970786108
53,2.68055702164093,-2.65434782199859,-0.0262091996423484,0.402417931306037,0.59470866314929,-0.0781645743981166,-0.918962020057209,6.56672995308834,3.68608803706658,-2.55329060873224,-7.69952738142267,-4.2575014703433,-1.6556995741406,2.55584984969625,3.35735119478765,-1.56216976353131,4.49733416723813,4.0640977200084,-6.9992621237152,-5.26195824971766,5.26195824971766,6.77517839298929
54,2.94854300558924,-2.8070799807684,-0.141463024820837,1.40579690252408,0.0245857041902151,0.282454915476866,-1.71283752219116,6.66008465539578,2.82671577938535,-1.16735040797508,-8.31945002680606,-4.67145627338934,-1.21862501800797,3.00994353304932,2.88013775834799,-2.65988354715575,6.42096718374368,7.61388904107664,-11.3749726776646,-6.94807298402162,6.94807298402162,6.0114470188994
56,0.282471289901419,-0.178324194333696,-0.104147095567722,4.2827485998633,1.93201692151393,-0.82908201015538,-5.38568351122184,2.94519365006816,0.611960884104892,-0.757720375806922,-2.79943415836614,-4.56941914692274,-0.909447930641341,2.6464482146922,2.83241886287189,-0.87096133845705,0.541044263588404,1.32148834135668,-0.991571266488028,-2.54777980347365,2.54777980347365,5.30849117265944
57,1.44001568069283,-2.03079991948894,0.590784238796105,0.592576465963528,2.20805966269738,-0.890704157916011,-1.9099319707449,6.03454217452178,1.70362845071759,-1.97293524520318,-5.76523538003618,-3.99941320896551,-0.134719930802416,2.17694291736654,1.9571902224014,-0.41959388673477,3.04456746773401,4.4177550528624,-7.04272863386165,-4.69395716851334,4.69395716851334,4.1417613441059
58,-0.067257861614041,-1.03356188543186,1.1008197470459,3.34755028769919,0.210707241747716,-0.478764898128767,-3.07949263131815,0.726903168107541,1.0355665947929,1.43771263215812,-3.20018239505857,-0.821778062621977,-0.348952342446146,-0.573823552791653,1.74455395785978,0.321517084777832,-3.061000915041,-3.68124040000717,6.42072423027035,1.52464387359714,-1.52464387359714,3.84308123777446
59,-1.5707098200382,1.86450468624286,-0.293794866204656,4.11702873604563,1.25004638712781,-0.915613069573078,-4.45146205360035,-0.230368503457682,0.279346094493758,-0.121784427322595,0.0728068362865187,0.0727785478254848,0.031309233150246,-0.715982689116701,0.611894908140968,2.007523063985,-5.68951847069155,-6.0877939801676,9.76978938687414,2.77697708359032,-2.77697708359032,3.78306324880856
60,0.801230766180487,-0.609048567796598,-0.192182198383892,2.31843174145769,-0.00961729293025087,-0.948748583062917,-1.36006586546453,1.88249913470672,0.0868491753760343,0.682070447138257,-2.65141875722101,-1.95828865383662,0.56034977879223,-1.36243925618105,2.76037813122545,0.274884428523902,-2.28214903541153,-4.25767485650023,6.26493946338785,1.41331220946614,-1.41331220946614,2.67317087006465
61,-0.999689666697799,0.639953819771304,0.359735846926496,4.77030391066088,2.09702586885762,-1.63165770782938,-5.23567207168911,-0.73254978203722,0.478949911368468,-0.135467429206053,0.389067299874804,-2.53543795207816,-0.452128905457156,2.26745266149688,0.720114196038443,0.74188413224822,-3.4032570375921,-4.19538729051491,6.85676019585877,1.79394476335859,-1.79394476335859,4.71575333642666
63,1.13874651432728,-1.63518331941347,0.496436805086194,3.65437254045109,0.464345598837014,-0.643386405771385,-3.47533173351671,6.04220137911236,3.12590866141438,-1.57022240512254,-7.59788763540422,-4.23320414287879,-1.12306422397407,1.39228810529787,3.96398026155499,-1.01635337793471,2.5247785400824,5.84818172476271,-7.35660688691041,-5.5444462042634,5.5444462042634,5.0288454133077
65,1.98228028254321,-2.03148154041718,0.0492012578739702,2.61887430012464,1.40277531449648,-0.818882954798519,-3.2027666598226,6.25887145245302,1.77143790428351,-2.0145220410849,-6.01578731565163,-5.11676594356637,-0.926637484046312,1.99414087244221,4.04926255517048,-1.27216710824026,3.15012497242057,5.30439504677426,-7.18235291095457,-5.22300439563811,5.22300439563811,6.69199658672906
68,0.0788132840308097,0.897601997669136,-0.976415281699944,5.59289649830776,1.20429312421363,-1.53362269372347,-5.26356692879791,0.56534987654566,-0.855573159699066,0.528417673472869,-0.238194390319467,-1.72295502363123,0.110441156235934,-0.78452855719554,2.39704242459084,0.27619380026177,-3.5727476481867,-3.15473767589435,6.45129152381926,1.44808433712643,-1.44808433712643,3.83268489985942
70,1.54277244122647,-1.21916680706005,-0.323605634166417,1.34112324725337,2.08586883583959,-0.205820758293796,-3.22117132479916,6.42295967199589,4.04750800642034,-3.12998228292064,-7.34048539549556,-4.92206915695455,-1.0077012900902,2.35624305802041,3.57352738902434,-1.23702856220968,4.15287002165611,5.36247650958004,-8.27831796902647,-5.98854414574652,5.98854414574652,6.2289465850498
71,1.17594828104362,-0.247262314992486,-0.928685966051135,1.12170711570174,1.33317074871645,0.849200516305397,-3.30407838072358,4.299742148681,3.6626681786375,-3.34788843669404,-4.61452189062449,-4.42061848156428,-0.501175185944363,2.20527265316116,2.71652101434749,0.418009939614165,1.21154022628134,1.85193327715207,-3.48148344304757,-3.59200812812742,3.59200812812742,6.35458295622046
72,1.91098814500523,-1.67741463199727,-0.233573513007961,2.03408402409921,0.839212155151852,-0.545056483543072,-2.32823969570799,6.77209197828137,3.30657259210903,-1.97524718850793,-8.10341738188247,-5.52215135516444,-0.946685892103456,1.61442825966576,4.85440898760215,-1.96587647475027,4.62870546359382,5.16824588527515,-7.83107487411869,-5.99750487948213,5.99750487948213,6.1375523762778
73,1.22523145154863,-0.927908781222218,-0.297322670326411,3.04261723726259,1.36530050978004,-0.947361409618707,-3.46055633742391,5.62358236281023,1.84563508307792,-1.62527789535051,-5.84393955053764,-4.7386460120618,-1.10647272641295,1.67141210527054,4.17370663320422,-0.827258275650591,1.05669697522687,2.63878217842687,-2.86822087800315,-3.69257663817259,3.69257663817259,5.25928255597697
74,1.95465659258905,-2.47958653030726,0.524929937718206,1.46771283182473,0.69127758961842,0.0781266652825989,-2.23711708672574,4.58283854428398,2.84492690646888,-0.468202362927156,-6.9595630878257,-3.77090859997985,-1.64095239335734,2.23421948897111,3.17764150436609,-1.68106162613321,1.28867456572045,2.13150871567837,-1.73912165526562,-3.32386860014769,3.32386860014769,4.5425465819307
77,0.64968481325365,0.164763022938943,-0.814447836192594,3.97985538592419,2.08488565987888,-1.77186498237603,-4.29287606342704,3.2272418431296,1.37193770979297,-0.384119895950999,-4.21505965697156,-3.37856617825703,-0.272628174013382,-0.00428293739393044,3.65547728966433,-0.901122499276068,1.02150290664492,1.38531065155327,-1.50569105892211,-2.75031751050028,2.75031751050028,5.69263631389534
78,1.55103872648005,-1.81793592140015,0.266897194920095,2.27110141542572,1.29538136348665,-0.560912275033705,-3.00557050387865,6.04880142159001,2.99022630307327,-1.56348219838411,-7.47554552627918,-5.52145676740064,-0.581110947556946,2.14087942899603,3.96168828596157,-2.17156098955351,4.32800291161576,6.00681364297746,-8.16325556503973,-6.04988638854505,6.04988638854505,6.46612036794744
79,1.24072878990696,-0.78044626838837,-0.460282521518587,4.65360576400618,1.31308113302707,-0.86964947021212,-5.09703742682113,3.3897991144543,1.39943693475896,-0.864632214795575,-3.92460383441769,-3.87439770418433,-0.939320901842996,1.01745721329353,3.79626139273377,-0.490815452393713,1.23872238202475,2.59319093679334,-3.34109786642439,-3.4500940758327,3.4500940758327,5.84549902283796
80,-1.16593812603987,1.08816513800757,0.0777729880323006,4.54189249575454,2.59563871975695,-1.75990303840091,-5.37762817711059,0.0465586412714724,-0.804398709200004,-0.671414311353059,1.42925437928159,-2.44732729496222,-0.145667699327032,0.776353717444641,1.81664127684462,0.537833533357228,-4.26239751625084,-3.8879374346889,7.61250141758253,1.9131239283633,-1.9131239283633,4.07913270875186
81,-0.285078087044117,0.588769576612801,-0.303691489568683,4.27595904549819,1.75819347813352,-1.71143980436892,-4.3227127192628,1.11116000481359,-0.179154814929297,-0.359456757367117,-0.572548432517175,-2.33742656837388,0.304404945392967,0.637839872134701,1.39518175084621,1.41179701522546,-3.79194629390759,-4.74550075529645,7.12565003397858,1.72186328247029,-1.72186328247029,3.91702983949742
82,2.43386201938956,-1.28097642656496,-1.1528855928246,3.12045777634374,0.175557839138865,-0.660138388338907,-2.6358772271437,5.64696713967769,1.56677917151317,-1.44368648960263,-5.77005982158822,-3.84189786889884,-0.460174339970706,0.844461019478237,3.4576111893913,-1.64936513961819,3.17547080044894,3.57598236955412,-5.10208803038487,-4.28943306220612,4.28943306220612,6.53994262630409
83,1.3873380763512,-1.27130500927703,-0.116033067074171,4.2708527017135,1.84013282467036,-0.988059050229916,-5.12292647615394,5.32487900698929,1.66964156023435,-0.963700540477872,-6.03082002674576,-4.21375120284815,-0.9121929231492,1.2203727941261,3.90557133187125,-1.25609570183021,3.53489023986615,4.48031525968138,-6.75910979771732,-5.26418046833832,5.26418046833832,5.11375979616065
85,1.70003066130322,-1.36242785126741,-0.337602810035802,3.24572515441368,0.90218359872168,-0.657296684981649,-3.49061206815371,5.14374933907503,2.42694392437727,-1.61749926711124,-5.95319399634106,-3.98777424087526,-1.55992884490292,1.17681257851016,4.37089050726803,-1.30728773917004,1.85822662466548,4.302217839773,-4.85315672526844,-4.32436678335376,4.32436678335376,6.70460662554259
86,-1.2516646113019,1.17504986303331,0.0766147482685876,5.33054340483779,1.4497399461143,-1.77067518202198,-5.0096081689301,-0.409999294902776,-0.496176940133326,0.581234789353804,0.324941445682297,-2.35767592523863,0.24355971720245,0.531686563020746,1.58242964501544,1.24619575575842,-4.92768530597309,-5.62377359253107,9.30526314274571,2.24998367857218,-2.24998367857218,3.17983194507281
87,0.473705988032154,-0.33732970760971,-0.136376280422444,2.92794836244074,1.87049234900523,-0.618725312464182,-4.17971539898179,4.49407753536063,1.85194847955606,-1.49769189901482,-4.84833411590187,-3.9348354624139,-1.2364056919906,2.84833006342781,2.32291109097669,-0.778786680903594,2.97189059855722,3.9098877898464,-6.10299170750002,-4.30199870225333,4.30199870225333,6.69576042340008
88,-0.177047236102062,0.589095684112002,-0.412048448009939,3.40571840421767,1.82103702618627,-0.964020089101823,-4.26273534130211,-0.347991573405696,-1.12059834989584,1.01227183840341,0.456318084898121,-1.7308915591205,-0.23059674538955,2.03985596680519,-0.0783676622951459,1.19016909176164,-4.68010188764945,-5.5816540163783,9.0715868122661,3.16807641011685,-3.16807641011685,4.10632550678027
89,-0.766036778488874,0.239828677181863,0.526208101307009,3.77155989177289,1.09041448490025,-0.869361652179782,-3.99261272449336,3.15943859161454,2.78067948368764,-1.22287540323551,-4.71724267206667,-3.58777671774605,-0.170550454539975,1.24965276049207,2.50867441179395,0.379251855170242,-0.535499548700522,0.142495815503454,0.0137518780268268,-2.2784183948045,2.2784183948045,5.37238337973461
93,1.69068542332374,-1.2473830624865,-0.443302360837238,3.80455306196421,2.90201081358828,-1.78898947604563,-4.91757439950686,3.63594683826892,0.378304042889315,-0.608682934423824,-3.40556794673441,-2.32056411932953,-0.472119046943857,1.75131518685509,1.04136797941829,-1.1805025130609,0.671490107687229,3.21996120953576,-2.7109488041621,-1.80285947118203,1.80285947118203,3.54144904435367
94,1.04838014020328,-0.63932741129152,-0.409052728911756,2.30616737502236,1.59605806471276,-0.612515531232063,-3.28970990850306,6.08268010819123,2.26727097859413,-1.49606535912976,-6.85388572765562,-3.81741350602671,-0.784233654329598,1.01640990558946,3.58523725476685,-0.407822358068943,2.16342590934171,4.88223661259016,-6.63784016386292,-4.79640859048392,4.79640859048392,5.91198041135416
95,-0.526833513214154,0.809588810808362,-0.282755297594207,5.32986066957094,0.52401569086007,-1.5896577629446,-4.26421859748641,0.168513987837024,-0.11962697431698,0.460031472877173,-0.508918486397216,-1.9350247710998,-0.321862577765429,0.589945681820626,1.66694166704461,0.870972196177661,-4.47228159098684,-4.65757280810392,8.2588822029131,2.25428158687397,-2.25428158687397,4.23146440557977
98,1.5384819986692,-0.61435381064821,-0.924128188020988,3.43499990048059,1.44160826075837,-1.01888269292854,-3.85772546831041,5.70168501494218,1.60618672096536,-1.46366281414098,-5.84420892176656,-5.16444341076963,-1.34539712722523,2.25540857393071,4.25443196406417,-1.99700276136033,3.22084430383526,6.04571344158019,-7.26955498405514,-5.51377722387602,5.51377722387602,5.51245695033424
99,2.41527291831605,-2.18996257060304,-0.225310347713005,4.10286208993512,1.75899800109172,-1.35589638229319,-4.50596370873364,5.61926167761041,2.06784807003076,-1.65117884040254,-6.03593090723861,-4.09778996060023,-1.68229211614022,1.83339482108001,3.94668725566043,-1.41824719054984,3.84757980552294,5.09514546131797,-7.52447807629106,-5.35769739310769,5.35769739310769,6.30579659026826
100,1.62579659146828,-1.8541391355782,0.228342544109916,3.07294318180062,0.723664334187873,-0.160863093077005,-3.63574442291148,4.71630799146062,2.70666905986632,-1.55329425208339,-5.86968279924355,-4.1992182571937,-0.951697940509326,1.02465994595247,4.12625625175057,-0.19455305645548,1.41759173521701,3.03064184798565,-4.25368052674719,-4.07898532938991,4.07898532938991,6.32072277529647
103,-0.138125524609044,0.348775541726563,-0.210650017117518,2.78112350134716,1.66450044133093,-0.889795902187075,-3.55582804049101,4.26061904615931,1.11386800292671,-1.87640096827719,-3.49808608080883,-5.08112911260922,-1.18632997530626,3.26810036561832,2.99935872229716,0.0906260272298091,1.20672834460605,2.00885004444157,-3.30620441627742,-3.33274570642643,3.33274570642643,5.66347780894297
104,-0.427482384867641,0.0419723510751549,0.385510033792486,3.71717445907911,1.28259947453067,-1.83093462151726,-3.16883931209252,0.564016072995525,-0.400877432438652,-0.562041529189661,0.398902888632788,-2.44870899214871,-0.836338053473775,1.78177654488218,1.50327050074031,1.18000001697452,-3.50993573839731,-5.17443007490984,7.50436579633261,1.6548186420221,-1.6548186420221,5.18811801150016
105,0.979115830916304,-1.82250322324897,0.843387392332669,3.23785754009312,1.56426914762501,-1.90412457158115,-2.89800211613698,5.02871211847821,1.24102152934949,-0.939215625932318,-5.33051802189538,-4.82669615063804,-1.17895012365764,1.03190465102938,4.9737416232663,-2.73465939761589,2.82014414064829,4.08612821584513,-4.17161295887753,-4.38108828702578,4.38108828702578,5.76316695262318
106,0.832519698103626,-0.247783701375758,-0.584735996727868,4.07721216290387,1.38204498012276,-1.75494369368053,-3.70431344934608,5.08217938118954,1.30482133922048,-1.84272320264059,-4.54427751776941,-4.64223565367884,-0.156377483494313,1.70247619867811,3.09613693849504,-1.09573406835403,2.02155981353919,3.56276693237752,-4.48859267756267,-4.07302385631872,4.07302385631872,5.97726441682106
107,2.37852776195264,-2.48329144757325,0.104763685620601,1.06048294538204,1.62749779576508,-0.0251316724686335,-2.66284906867849,5.9355287782767,2.44197453861553,-1.64048148653854,-6.73702183035369,-5.51743298663071,-0.565486295763571,1.48931011733446,4.59360916505982,-0.564991215999251,2.63507447635519,2.37432437297659,-4.44440763333253,-4.72215909733875,4.72215909733875,5.24187662386514
110,1.90738198068848,-1.55776139858331,-0.349620582105172,2.30639964235581,1.19024353756356,-0.889950259747431,-2.60669292017194,7.81630670607849,2.0825345695831,-1.663799335566,-8.23504194009559,-5.50580162564892,-1.41094740514081,2.15134328455441,4.76540574623532,-2.71245442633013,5.47956420670591,7.37011655918149,-10.1372263395573,-6.95645969702923,6.95645969702923,5.75115014510509
111,2.32012681746635,-2.83012328209558,0.509996464629222,1.51259603511954,1.82184555838582,-0.494606069241271,-2.83983552426409,7.06743703804041,4.00742110466356,-2.14779716488969,-8.92706097781424,-4.35001977481445,-1.11292235435318,0.956643876591738,4.5062982525759,-1.8352110036655,4.78126996072919,6.68730608645422,-9.63336504351789,-6.75137911921213,6.75137911921213,5.98025293310915
113,0.106972742616818,0.0820266873383146,-0.188999429955131,3.1837972514078,1.4610855658667,-0.879211121115017,-3.76567169615947,-0.102117723870594,0.497797671252393,0.217671734015975,-0.613351681397775,-2.01569980314847,0.477203140827986,0.958166390201445,0.580330272119034,0.115690867900013,-2.98211393356891,-5.01645177633996,7.88287484200887,1.91910474984849,-1.91910474984849,5.31395687910234
114,0.172119231704272,-0.445901377712417,0.273782146008145,2.67231159151637,0.389920971936804,-0.0131459053730043,-3.04908665808017,4.53074932875541,3.14752414987883,-2.16492565999395,-5.51334781864028,-4.42775250288139,-0.776878544292857,2.35208653636572,2.85254451080853,-0.497818926298054,1.17057080631554,1.34302425139796,-2.01577613141545,-3.20640821358234,3.20640821358234,5.77304012330537
115,2.37296732905296,-2.47706915754335,0.104101828490388,1.62808996133624,1.12747375144361,-0.168626653247416,-2.58693705953243,7.17685735816103,2.65246353301616,-1.63560017784762,-8.19372071332958,-5.41240121606376,-1.53064429063369,2.95432030236093,3.98872520433653,-2.19874178607911,5.21214468828585,6.27427545185936,-9.2876783540661,-6.47528260506108,6.47528260506108,6.23809204382878
116,1.55924666841655,-0.802231493069342,-0.757015175347206,0.975147325562265,0.263834531729762,-0.319167799803648,-0.919814057488379,7.30578626825387,2.37960097926137,-1.18712766967996,-8.49825957783528,-4.46951550463118,-1.5182512685144,1.77125956059347,4.21650721255209,-2.02212955911202,3.53870169170231,5.59119358579133,-7.10776571838161,-5.53547326707392,5.53547326707392,5.02279893069706
117,2.5879171272687,-2.89204106755405,0.304123940285358,2.37483539804209,0.919527058100609,-0.342776816394198,-2.9515856397485,5.39009796231672,2.49282204727108,-0.137002451675495,-7.7459175579123,-2.89460222531708,-1.34807045911019,0.539124333800614,3.70354835062666,-1.72227859529102,3.00330691813159,4.42935523559983,-5.7103835584404,-4.53902424213224,4.53902424213224,4.92337707388063
118,0.186363305999994,0.353952555617852,-0.540315861617846,3.05686146693239,0.593816070839971,-0.939865451779057,-2.7108120859933,1.74980468723445,0.203999143975012,-0.767444984008113,-1.18635884720135,-1.05283285244081,-0.954182057136282,0.695544456941187,1.31147045263591,0.906634134598404,-3.12099739369245,-3.95179597377449,6.16615923286856,2.24993567537037,-2.24993567537037,4.7664484499026
119,1.66480871549825,-1.53602682082111,-0.12878189467714,3.08196108646573,1.42051667212167,-0.431661450812108,-4.07081630777529,5.57647163440702,2.28949446213507,-1.08474385950913,-6.78122223703296,-4.27927944106449,-1.27520891741342,1.71900507035933,3.83548328811857,-1.24505560085358,2.85570353763482,3.88938655255825,-5.50003448933949,-4.675790463396,4.675790463396,5.53659680364351
121,2.60543167589043,-2.655105957272,0.0496742813815643,1.8638327325986,0.491652557503518,-0.399357137300897,-1.95612815280122,6.65162084714595,2.65179042278237,-1.63206800798802,-7.6713432619403,-4.1543536017704,-0.382043216486721,0.481525540624694,4.05487127763242,-2.36853590729926,4.34957790908266,5.05264056245525,-7.03368256423864,-5.51910067844973,5.51910067844973,6.64852225484216
123,2.20672812590632,-3.08093086159511,0.874202735688779,1.09047049764229,0.306138352217434,0.380167438286172,-1.7767762881459,5.84758906742061,2.51519680510195,-0.630299466971816,-7.73248640555075,-5.20948999324774,-0.361051828054682,1.34643412458369,4.22410769671873,-1.20963953988486,3.34949331672108,3.73775673825492,-5.87761051509113,-4.80653372788457,4.80653372788457,5.80660821181088
124,1.15908078364757,-2.26975704038117,1.1106762567336,3.02151225055446,2.44991621848785,-1.64152104906103,-3.82990741998128,4.88864781162308,0.969432499159446,-0.384773010216903,-5.47330730056564,-4.75680550898154,-1.06984680889983,2.17050870395378,3.65614361392758,-1.83797491554629,3.08335339429228,3.43928318652565,-4.68466166527166,-4.32746293795354,4.32746293795354,5.117018910769
125,-0.189242717694701,0.268763164520436,-0.0795204468257343,5.05668284954547,1.23550515608682,-1.20876309278814,-5.08342491284416,1.29369100946338,-0.857770699527718,0.15091177027614,-0.586832080211801,-1.67231728598657,-0.780877358154933,1.12422855370778,1.32896609043371,0.0593014532708071,-2.33946991650768,-3.11280813289311,5.39297659612999,0.614355025568114,-0.614355025568114,5.35242577104368
126,1.31408498073344,-2.1652301803051,0.85114519957165,2.06554540884997,1.50279662294843,-0.526904683631365,-3.04143734816703,5.57114020578299,2.25746719555046,-1.78128549767357,-6.0473219036599,-4.38770663013275,-0.441067640569508,2.04575123015912,2.78302304054314,-0.574644962164126,1.62316137383056,1.82783589550028,-2.87635230716672,-3.50239330884533,3.50239330884533,5.70434877486116
132,-0.488956045734005,0.188269178835901,0.300686866898105,2.32856981632802,1.14607821199677,-0.103918054404155,-3.37072997392064,0.182948751316337,1.30747849988422,-0.77616113324738,-0.714266117953177,-3.94863805924926,0.393602797737452,0.291350281480229,3.26368498003158,2.11652934745164,-4.0121325919951,-5.5006511393868,7.39625438393024,1.47808465442524,-1.47808465442524,4.24792390384257
135,1.65271839928567,-2.26763685701983,0.614918457734155,3.17709271008292,1.76288881787963,-1.29174151226627,-3.64824001569627,6.23324956455848,1.53580935728166,-0.979032788218676,-6.79002613362148,-4.31318373847237,-1.2034526500007,0.859990772162552,4.65664561631054,-3.2301811614459,4.17513349128201,5.38634205161812,-6.33129438145424,-5.54697125926637,5.54697125926637,4.27111851936723
136,-0.678850383636388,0.435303913570177,0.24354647006621,3.7697981594955,1.23878262033244,-0.987077911591765,-4.02150286823617,0.291224119152603,-0.58277752676645,-0.293109210221047,0.584662617834896,-3.30009214053764,1.01915708831488,0.543454320861822,1.73748073136093,1.45340099014079,-4.3697817535282,-5.40059959618327,8.31698035957067,2.6654141173688,-2.6654141173688,4.43398811283342
138,-1.16427344850634,0.928838361391775,0.235435087114566,3.72548495658022,0.445584023492421,-0.208357086657846,-3.96271189341479,0.711504394730011,-0.311911817962442,0.517530342402929,-0.917122919170495,-1.97663395038311,0.445731673461916,0.275205422252701,1.2556968546685,0.986802175949988,-4.22458268530108,-4.9826788381379,8.220459347489,1.79672881910049,-1.79672881910049,4.64760849340404
139,1.86049455373267,-1.9954251935927,0.134930639860035,2.22092451313576,1.06450976408117,-0.269593649194701,-3.01584062802222,6.24953563512336,2.79248015671046,-1.75675176087315,-7.28526403096065,-5.25930880489884,-1.65247741003664,3.29505070675542,3.61673550818007,-1.56119321347444,4.56103475966104,5.00973736004443,-8.00957890623105,-5.60980289171922,5.60980289171922,6.82279796280559
140,-0.367263915427396,0.421243059704071,-0.053979144276674,3.39773545041495,1.04826750450956,-0.491178491877923,-3.95482446304659,3.45902212493868,2.70100007363627,-1.58491211109823,-4.57511008747672,-3.95701674250547,0.18211016587227,1.24357698513205,2.53132959150115,-0.824794138388663,0.503362120537092,1.82175754646798,-1.50032552861641,-3.00354756361864,3.00354756361864,5.66483735350279
142,-1.16054785056646,0.917212653730079,0.24333519683638,4.00536948984383,1.8406406414913,-1.14770152744127,-4.69830860389385,0.170728968400955,-0.455684778817353,0.593747085926103,-0.308791275509706,-2.06742771486246,0.598448171184743,0.152483798882503,1.31649574479521,1.66739694163401,-5.1669956726434,-5.14538988993784,8.64498862094726,2.2115140786423,-2.2115140786423,4.46521940184567
143,0.377252560692127,-0.319413729104682,-0.0578388315874456,2.26390071033619,2.93121743499846,-1.43793677899861,-3.75718136633603,3.63291682708312,2.79279342665653,-1.53850647993723,-4.88720377380242,-4.14288661088645,0.0664596503101795,1.84790677772828,2.22852018284798,0.909119118468117,-0.0537895446959333,0.588400503487705,-1.44373007725989,-2.78611528664948,2.78611528664948,4.36949029826384
145,0.154018386808349,-0.0191217419652276,-0.134896644843122,3.76824308069979,2.49735464716213,-0.188830570195417,-6.0767671576665,2.79416859078613,0.95966245071903,-1.04158782895229,-2.71224321255287,-3.93777789884085,0.317621996700369,1.37158724840448,2.248568653736,0.236899045066704,-0.573436732327378,-0.318448467485018,0.654986154745691,-1.90514065255194,1.90514065255194,5.32250758498556
146,-0.815671505379901,0.83304999813564,-0.017378492755741,4.09904457112632,0.678501980504171,-0.856037906874416,-3.92150864475606,-0.574041854784567,-0.165267704750612,0.970115443366831,-0.230805883831653,-2.41187877027388,0.699749225985547,0.216041865026938,1.49608767926141,1.31639807657274,-5.24902974113921,-6.1804564716452,10.1130881362117,2.55352338087338,-2.55352338087338,4.03847697125361
147,-0.347254874039037,0.669258558558062,-0.322003684519023,3.50762253671431,1.13950366580798,-0.753689990963152,-3.89343621155914,0.124742009425434,-0.0131512330915772,0.025381101835955,-0.136971878169812,-2.12617750554754,0.377751621788964,0.078829899049669,1.66959598470891,0.587159032697095,-4.85017934573257,-5.93269467941095,10.1957149924464,2.64250194404383,-2.64250194404383,3.97405873479652
149,0.0512294895673288,0.105607539465405,-0.156837029032734,3.76692672192061,1.83600032567272,-1.1325801174649,-4.47034693012844,3.33211551914567,1.92073080957881,-1.51359349548873,-3.73925283323575,-3.66761430420268,-0.673515458869922,0.828121888587098,3.5130078744855,0.325541538604382,0.00714979806571118,-0.425337269277125,0.092645932607032,-2.1584782716938,2.1584782716938,5.5829201680715
151,1.83058403369302,-1.99698963387297,0.166405600179948,1.54144624636986,1.48695106201861,-0.189935299199977,-2.83846200918848,6.50478250104537,2.4593992101671,-1.77713377282313,-7.18704793838933,-5.70545718883944,-1.88294118611376,3.07943998269049,4.5089583922627,-1.06369818899292,3.30391925021427,4.062923397393,-6.30314445861436,-5.20295412331537,5.20295412331537,5.22839779071498
152,1.76440677775264,-1.62553605625224,-0.138870721500396,2.19712884380943,1.5511042112538,-0.19322811604017,-3.55500493902306,6.20354158804401,3.12222587035949,-2.49363895153749,-6.83212850686601,-5.48427086028429,-1.33232132100529,2.51631545495494,4.30027672633465,-0.958354110313177,3.8473247865605,5.06425582268566,-7.95322649893299,-5.79393895325135,5.79393895325135,6.5043572436386
154,0.0290519756615747,0.15269836131067,-0.181750336972245,3.33332134667789,3.19632061652881,-1.97853183625847,-4.55111012694822,2.87407195100048,2.17404777303887,-0.955164795391357,-4.09295492864798,-3.97744284966053,-0.355168146518442,2.58362016830503,1.74899082787395,0.244385278857717,-0.0441007048385044,0.978403352989346,-1.17868792700856,-2.51603730019672,2.51603730019672,4.60107241705131
155,1.74982575901413,-1.14715396827778,-0.602671790736351,1.69192242651823,0.640149880044397,-0.269319138588486,-2.06275316797414,5.08938068118843,2.33337766546808,-1.70040132373226,-5.72235702292425,-5.53332960118769,0.0127854825502725,1.41853202354923,4.1020120950882,-1.37667626380013,1.36405330750447,2.48016995541723,-2.46754699912156,-3.73412689851787,3.73412689851787,5.8549863284052
156,2.34759981529941,-1.66350588838331,-0.684093926916092,1.34821140129367,0.716185131999214,-0.353082533397234,-1.71131399989565,7.56241461819066,3.42432177797347,-2.99547719209625,-7.99125920406788,-5.12341033318679,-1.58517207109029,1.97738848461889,4.73119391965819,-0.97221161736047,4.48825118112598,6.3326490946226,-9.84868865838811,-6.52851298367688,6.52851298367688,6.43241881763006
158,1.95982088682736,-2.48839479228364,0.52857390545628,1.45545861221185,0.524445384818116,-0.239920161388713,-1.73998383564126,5.64978784674114,1.4169155460749,-0.152951183116506,-6.91375220969954,-5.57272540589531,-0.958242468099148,1.15759651099943,5.37337136299501,-1.35024864426322,2.79302981286872,2.02029817114623,-3.46307933975173,-3.98545322376267,3.98545322376267,4.22367076526951
160,0.886531671310643,-0.857745259297946,-0.0287864120126933,3.72472620189403,-1.1586032635325,-0.245345592910136,-2.3207773454514,3.85539121984234,2.59269447655674,0.0111481228654262,-6.4592338192645,-3.92200183083479,-0.109790961698409,0.0437839166080701,3.98800887592514,-1.57308182824816,1.33705161310382,3.0883236807952,-2.85229346565085,-3.72480805778016,3.72480805778016,3.69388007616367
163,2.38768129701089,-2.76900323320943,0.381321936198548,1.06384721468899,1.38808794215631,0.0197923185000729,-2.47172747534536,6.64304375893907,2.56703603535393,-2.33208995496094,-6.87798983933205,-5.94309541261369,-0.723182798233292,2.87195091353907,3.79432729730792,-1.8771120254198,4.0133008889128,4.86495124114052,-7.0011401046335,-5.55472592281722,5.55472592281722,6.4691507865483
164,1.42250609783789,-2.14390597648046,0.721399878642579,0.412358300789664,1.73468902552796,0.231742710850833,-2.37879003716846,5.94646308486608,3.51113612240169,-3.02337668834431,-6.43422251892347,-4.31195702131994,-0.423613833300732,2.23865089468139,2.4969199599393,-1.46440470932671,5.1840018098862,4.14568551781996,-7.86528261837943,-5.49702834987677,5.49702834987677,7.26362694189716
165,1.0589727554339,-0.889649442125073,-0.169323313308835,2.7449284171745,1.05956279677041,-0.926943513725844,-2.87754770021906,5.65684092959077,2.56332839750122,-1.4628707785585,-6.75729854853348,-5.78773603663524,-0.416781612843491,2.67999426726326,3.52452338221547,-1.71973121848733,3.3489515837656,3.67771507802134,-5.30693544329963,-4.95883595004171,4.95883595004171,4.78061078613675
166,0.77153224813402,-1.04329499779657,0.271762749662555,2.6680319679846,1.01194857981206,-0.183140210281402,-3.49684033751525,4.38604181113217,2.15058555782199,-1.1515860929274,-5.38504127602677,-4.49892575965053,-1.51652106872418,1.49892057096994,4.51652625740476,-0.280429843237289,1.29500850740522,1.6759026251929,-2.69048128936084,-3.37699214780872,3.37699214780872,6.7793243495252
167,0.927765123194707,-0.175743048414374,-0.752022074780331,4.0652650263177,2.05908963356905,-1.09899063645229,-5.02536402343446,2.98432799017753,1.36159885046666,-0.302463513299748,-4.04346332734444,-4.44069820637228,-0.574849362249682,1.98556667533108,3.02998089329088,-0.257052947692917,0.0499672291947093,0.769896818746178,-0.56281110024797,-2.32957675157839,2.32957675157839,4.45824342633435
168,-0.262106037327405,0.312298536186085,-0.05019249885868,4.13691105303772,1.22694768228,-1.18856048888369,-4.17529824643402,0.658033315224239,-0.361080411440413,0.507108053966628,-0.804060957750454,-2.41686372452384,-0.0543504052980932,0.786348823356565,1.68486530646537,0.920023762805334,-4.17561466255449,-4.89511573521032,8.15070663495946,3.06053352445262,-3.06053352445262,4.23751142778775
169,2.27014328051813,-2.13812265641332,-0.132020624104816,1.92879497219052,1.33303461891638,-0.409883256582751,-2.85194633452416,6.81863053266059,2.57312846530849,-1.94790654953037,-7.44385244843871,-5.67326929027947,-1.21511199244869,2.45745907665589,4.43092220607227,-1.8544372306857,4.2667335169126,5.3390677655569,-7.75136405178379,-5.68454016474334,5.68454016474334,6.08608427949162
170,1.0443611430646,-1.21679556726666,0.172434424202066,2.29749700406467,1.88559215344539,-0.515833182999,-3.66725597451106,6.5959823615235,2.9304782210052,-2.57511373239427,-6.95134685013443,-5.4123246603688,-1.86457461807135,3.10850478949954,4.1683944889406,-1.32039244494473,3.82390103248183,6.1388071153426,-8.64231570287969,-6.17673320795619,6.17673320795619,6.07850721172539
172,1.99033238016452,-2.53682221475219,0.546489834587671,1.97852190196011,0.57196921147106,-0.881171180748184,-1.66931993268298,6.47661019688881,3.07781886150819,-1.66405170123109,-7.89037735716591,-5.06540709487488,-1.87479433307952,1.57425119432459,5.36595023362981,-1.41929819245209,3.17627719013858,4.89405483794247,-6.65103383562896,-5.34883841718204,5.34883841718204,5.6801219331904
173,-0.386583106227952,0.771749970931378,-0.385166864703427,3.16899317393514,0.150340825635732,0.176769565160881,-3.49610356473175,0.587337730286944,0.425923294683759,0.835848849956585,-1.84910987492729,-0.736586352393081,1.1296496772998,-0.554284863562732,0.161221538656007,-0.73442833740736,-1.58695012074762,-4.8076230100576,7.12900146821256,1.04350277972449,-1.04350277972449,4.34087672890333
175,1.68015248314556,-1.07657364187604,-0.603578841269529,2.87569793203791,1.83739594592355,-1.1589448219886,-3.55414905597285,5.54735548569808,2.40067795206865,-1.95093883548779,-5.99709460227894,-4.87318363815049,-0.940562951258583,1.15988815082316,4.65385843858592,-1.41494238816703,3.38340476174415,4.36928156326425,-6.33774393684136,-5.1130713251645,5.1130713251645,5.89042885937389
176,-0.817518348254646,1.10485094760354,-0.287332599348894,4.57625313260467,1.56158829259254,-1.38106492833135,-4.75677649686585,-0.198841724727462,-0.803440958904433,0.637933067187403,0.364349616444492,-1.94699715487924,0.445837719252355,0.714677198783294,0.786482236843592,1.08695324285272,-5.00120436455646,-5.66740693957202,9.58165806127577,2.67749960674932,-2.67749960674932,3.5952897426256
178,2.48385899812126,-2.71826301932169,0.234404021200432,1.66349428556985,1.4612056724093,-0.388012133016917,-2.73668782496224,6.97660060326264,2.79267558579527,-1.51260120467245,-8.25667498438546,-5.70012992401549,-1.32789009344145,2.31556747678358,4.71245254067338,-2.03722076967713,4.7391007791381,6.31476396254875,-9.01664397200969,-6.44506337454493,6.44506337454493,6.12419976107708
179,2.65259835872322,-2.11468472040044,-0.53791363832277,-0.152076590119454,0.809679366992616,0.857869696714924,-1.51547247358808,7.36615173521706,3.07458728785422,-3.1411707867564,-7.29956823631489,-5.81489639300438,-0.926262073013096,1.65783523405438,5.08332323196308,-1.51479775205054,4.30208566992953,4.97777304870121,-7.7650609665802,-5.82618439591355,5.82618439591355,6.00627937395529
181,1.91727893437242,-1.4368167636423,-0.480462170730121,2.73885977577414,0.74988884138597,-0.262469685477008,-3.2262789316831,6.95853946970687,3.59159012058468,-2.26635264851752,-8.28377694177403,-5.30685531746276,-1.33211448294888,2.08934382419511,4.54962597621653,-1.34702546637959,4.26788966809674,7.29354504372755,-10.2144092454447,-6.78864224613208,6.78864224613208,5.53190786343297
183,0.249263722867582,-0.400033242953879,0.150769520086297,1.86452334657112,1.9621936501351,-0.61651127871924,-3.21020571798698,4.2167627190918,2.48031235010635,-1.2215531582296,-5.47552191096856,-2.59808822485576,-1.81808082578095,0.0752522312597002,4.340916819377,-1.32373798793061,3.80867860950198,2.86855868507314,-5.35349930664448,-4.43821480774072,4.43821480774072,5.60653735671021
186,0.99178034283735,-1.00571928297148,0.0139389401341312,2.99772250594698,1.84324958947527,-1.65345194922613,-3.18752014619612,4.73553642890172,1.62225746212966,-1.38671303779832,-4.97108085323307,-4.66730046158704,-0.67796615117619,1.70996995266551,3.63529666009772,-1.16643245496862,2.5347720304874,1.58650513873962,-2.9548447142584,-3.5379176189572,3.5379176189572,6.44053140150248
187,0.975066238094879,-0.344827125795997,-0.630239112298881,2.00952111583586,0.945373682836345,0.145383538014963,-3.10027833668717,4.58159757065576,2.90045335329271,-1.94822559460316,-5.53382532934531,-5.2256566390744,-1.11936062693455,2.37520181926327,3.96981544674568,-0.467535929384101,1.98767770140878,1.30666753756697,-2.82680930959164,-3.77632690089986,3.77632690089986,5.12536890859844
188,1.48909372277582,-1.57830260731638,0.0892088845405556,2.26991711144877,1.30231631321488,-0.506404860802702,-3.06582856386095,6.24309713825045,3.47277287686121,-1.86150823772487,-7.8543617773868,-4.88795381864118,-1.12547257499371,1.45967112741554,4.55375526621935,-0.954904614330724,3.63426352678939,3.78836324103831,-6.46772215349697,-5.33283603975274,5.33283603975274,5.73672568785019
189,2.19625845948285,-2.10695384671563,-0.0893046127672224,2.80085598490193,1.14480606684465,0.0143150768172187,-3.95997712856378,5.44090591363936,2.68579226207982,-0.759562604192437,-7.36713557152674,-4.95261048979729,-1.36329469463823,1.60980945454096,4.70609572989458,-1.92298405392259,2.96556428136604,4.27972579909969,-5.32230602654312,-4.90109522134116,4.90109522134116,4.85112998442648
190,-0.540824560759366,-0.608019313506277,1.14884387426565,3.4743345947729,0.836250678689873,-1.6749899933879,-2.63559528007488,3.07633998247579,1.38661964216882,0.352836569117807,-4.81579619376243,-3.97837157870588,-0.159914885766661,0.799968430775117,3.33831803369742,-0.194771880596278,0.442827704381488,1.7296275538421,-1.9776833776273,-2.69620847094381,2.69620847094381,5.79015186798648
191,0.647680479108314,-0.270090880633235,-0.37758959847508,3.16692336166514,1.26053379197535,-0.634826544730581,-3.7926306089099,3.4236616435222,1.33410286873185,-1.34078777043212,-3.41697674182193,-4.85190435729847,-0.953038054745998,1.82614348616607,3.97879892587839,-0.404908051400842,0.676462733140349,-0.162766761049917,-0.108787920689589,-2.3331937957846,2.3331937957846,5.63089563624193
192,0.96115390482055,-1.11551615745156,0.15436225263101,4.28812304009352,1.27620128945694,-0.816441770709021,-4.74788255884145,1.64620278793944,2.20376314847083,0.370296767450802,-4.22026270386108,-2.66701696987256,-0.296314661362001,0.520494756190301,2.44283687504426,-0.0294633857609668,-1.48320307305977,-0.101438685628752,1.61410514444948,-1.5820424354248,1.5820424354248,3.91488897146662
193,2.32021740083779,-2.22748422052093,-0.0927331803168649,2.01617933483861,1.01744455315874,-0.167348708071156,-2.8662751799262,7.30483853956436,3.1990336253595,-2.07113651768614,-8.43273564723773,-5.34998392124947,-1.18102325951564,2.28892164545607,4.24208553530905,-2.30138754192669,5.27201977682904,7.06428674697617,-10.0349189818785,-6.82853204708401,6.82853204708401,6.34925769744117
195,0.997830282750595,-0.478535203213555,-0.519295079537038,3.64136968310715,1.50952785323019,-0.634813333540078,-4.51608420279724,0.912195968154198,-0.472344693989753,-0.432981140309869,-0.0068701338545757,-1.81629952386581,-0.0353207507610663,0.535280689051642,1.31633958557523,0.888843211328848,-3.34906878621426,-4.80659417055899,7.26681974544442,1.39947165566407,-1.39947165566407,4.3712321505427
196,1.31133188295097,-2.34473234530075,1.03340046234978,3.0938472740849,1.22064751528396,-1.62231810163757,-2.69217668773128,4.60624285443477,2.03190439445264,-1.24502921085875,-5.39311803802866,-5.28686519632092,-1.33418672827232,2.40816066976543,4.21289125482784,-1.30286635125974,2.49948983781944,3.841092853705,-5.03771634026468,-4.33861565891364,4.33861565891364,6.09455282445386
198,-0.153012654985318,0.0575012242481662,0.0955114307371524,3.75219985217818,2.15707661181705,-1.22424208625482,-4.6850343777404,2.28809221947007,0.532597833357282,0.254477412691266,-3.07516746551861,-5.82448960909399,-0.309553536242048,2.50263285340357,3.63141029193246,-0.843301672749706,0.744289027466508,0.427454062861229,-0.328441417578029,-2.50045677465762,2.50045677465762,3.82430023914095
199,-0.970292010435385,1.37388400917001,-0.403591998734627,4.20585747936425,0.916329704564528,-1.94890352390262,-3.17328366002616,1.14045526772985,-0.0751924807292552,0.236200751415523,-1.30146353841612,-2.49623409740577,-0.247223084843508,0.325805662944577,2.4176515193047,0.254555787033789,-3.93531070552557,-3.61669378495262,7.29744870344439,0.879572690433901,-0.879572690433901,4.12879726993363
200,1.36729332753167,-1.52423241000287,0.156939082471202,1.27723802742603,1.40282973593054,-0.389762148662317,-2.29030561469426,5.32977014908239,3.46853113416984,-2.31006430957623,-6.48823697367602,-4.8177069948099,-0.839123350527338,1.1021441908775,4.55468615445974,-0.224444550106048,1.36598575079789,1.79045246379814,-2.93199366448998,-3.69430037589129,3.69430037589129,4.79563172570292
201,-0.494422993124442,0.877904703308283,-0.383481710183844,2.9024964476891,1.851743370433,-0.522390577316052,-4.23184924080606,0.434739783474481,1.19165161928659,-0.644110039529352,-0.982281363231712,-2.70821758310205,-0.414278350335776,1.63469910234519,1.48779683109265,0.747258992698171,-4.03712957479939,-4.41391116343249,7.70378174553372,1.40352737115514,-1.40352737115514,4.56311773859936
202,-0.713289097222001,0.454100608086876,0.259188489135124,4.41994552390954,0.993217585875622,-2.26669032503107,-3.14647278475409,1.32085698071008,-0.389895410769448,0.0394409900116331,-0.970402559952267,-2.5996465439872,0.938002551859364,0.0959200088616429,1.5657239832662,-0.0198025875060065,-3.06799129236988,-3.35951000408052,6.44730388395642,1.12515382705437,-1.12515382705437,4.05278853640999
204,-1.04470551246735,0.732252338106744,0.312453174360606,4.27809061892695,0.527369813712542,-1.17251771730026,-3.63294271533921,0.883604283096556,1.15618495870279,-0.0174502471588783,-2.02233899464046,-1.23772727045121,-0.392205882598627,0.115848725206872,1.51408442784297,0.747937986127527,-3.75694538960534,-3.82287817063887,6.83188557411667,0.744708411638939,-0.744708411638939,4.36833902962154
205,3.20949119340368,-2.86451844974549,-0.344972743658191,1.75275112468321,0.440673662664223,-0.266667725172276,-1.92675706217516,8.34961953149632,3.40834707624725,-1.62969549722269,-10.1282711105209,-5.05782554336212,-1.20894324709109,1.59621508055397,4.67055370989924,-3.23195572457392,6.64265879175105,8.73804288967789,-12.148745956855,-7.92875991938666,7.92875991938666,4.78983036541717
206,-0.633117776921207,0.703495123335885,-0.0703773464146771,3.90955755473812,1.61621703959958,-1.07756334857681,-4.44821124576089,1.07755441924412,-0.549785427848356,-0.234276884216286,-0.293492107179475,-2.54815598909453,0.755079111530083,0.652794150838142,1.1402827267263,1.49519819136091,-4.67218831307653,-3.90687554769922,7.08386566941486,2.24485233524651,-2.24485233524651,4.37792581614527
207,2.49467387909014,-1.35220964021378,-1.14246423887636,0.802154643027707,-0.139177134493922,0.295322626924098,-0.958300135457887,6.68819227486534,2.27021500318917,-2.41116267158406,-6.54724460647044,-5.43442740928817,-1.19996254049542,3.40002379925137,3.23436615053222,-1.4575362452174,4.98276791207755,6.59671250963692,-10.1219441764971,-6.24692064761236,6.24692064761236,7.20829633982034
211,2.03155949536403,-2.46523592436357,0.433676428999548,2.66619542105184,1.32263197966298,-0.523727420574807,-3.46509998014002,5.99742419792216,2.13707575466617,-1.63050628837978,-6.50399366420854,-4.25241767891562,-1.7023298634044,1.73318635100084,4.22156119131917,-1.20903742593427,3.0130312467533,4.03403132983706,-5.83802515065609,-4.74592145880791,4.74592145880791,5.95839338676937
213,1.07059055181143,-0.643243266942803,-0.427347284868627,2.30251365503761,1.02758368023693,0.493069388250357,-3.82316672352489,4.25378030202183,2.37349781746854,-1.74182854349455,-4.88544957599582,-4.63892619456344,-0.597357470603784,1.86822746790078,3.36805619726645,0.0673931502349282,0.19863963012363,0.636804201003493,-0.90283698136205,-2.63367640431718,2.63367640431718,5.05464665124636
215,2.64919020076653,-2.06804411779229,-0.58114608297424,1.74495400778198,0.879148856055512,0.144697104940976,-2.76879996877847,7.06156354600803,2.74298460463813,-2.0840225695193,-7.72052558112688,-5.28145858636714,-1.20142627870567,1.94392998608381,4.538954878989,-1.79794150489934,4.09721446431216,5.6490962783087,-7.94836923772149,-5.89908576558594,5.89908576558594,5.9518814751608
216,0.182466416644002,0.395112977244676,-0.577579393888677,4.00641683535409,2.11719528308101,-0.725028344214636,-5.39858377422047,3.4082515941913,-0.116755864903479,-0.778252573606118,-2.5132431556817,-3.90423583158545,-0.551663304589611,1.93721584677698,2.51868328939808,0.122139982100193,0.409796474054152,0.929121244326959,-1.4610577004813,-2.69238992458757,2.69238992458757,6.09421684638404
217,2.18460271145733,-2.41461040491828,0.230007693460953,1.24464704653184,1.09362908913788,-0.136104164998784,-2.20217197067094,8.09818168388976,4.02369842107744,-2.73572459798323,-9.38615550698395,-6.29788505091172,-1.16879502256469,2.41813598518094,5.04854408829545,-1.58687176149455,5.5327037795799,7.28475074510816,-11.2305827631935,-7.5289152142472,7.5289152142472,6.03455732963705
218,1.70637460256461,-2.51689945448904,0.810524851924422,1.60635132501287,1.73965226386934,-0.325841933748007,-3.0201616551342,5.32516826490164,3.15830547974743,-1.65843027798855,-6.8250434666605,-4.7674201136867,-1.89415218063312,1.37736335377849,5.28420894054133,-0.0293530080091588,1.77806556649673,2.78423074349754,-4.53294330198511,-4.33916964856612,4.33916964856612,4.66346610367128
219,2.93763631578022,-2.72527592082884,-0.212360394951394,0.902126333825955,1.71579477477449,-0.36850045947156,-2.24942064912888,7.31494599275601,3.71175545498825,-2.45211172394665,-8.57458972379763,-6.25392287716462,-0.944790731402905,2.77222182533835,4.42649178322918,-1.99658141927988,4.98547355322373,7.94477502773964,-10.9336671616835,-7.25539479469432,7.25539479469432,5.85441220642191
220,0.043382940288502,-0.441877696961628,0.398494756673126,3.94303084361929,1.14195899987021,-1.42375044918684,-3.66123939430266,5.28735955953927,1.8375200240114,-1.0733610788961,-6.05151850465456,-4.44537548698097,-0.199780735096525,1.22036233614864,3.42479388592885,-2.34639222838593,2.74063278061992,4.73168808697139,-5.12592863920537,-4.71274417188122,4.71274417188122,5.60911895653387
222,1.76409284127371,-1.57608095866695,-0.188011882606763,2.84217109956447,1.97017969458202,-1.15987704720801,-3.65247374693848,6.10390172750649,3.10904523163889,-2.10223899613854,-7.11070796300684,-3.86225639990481,-1.54997188717719,1.34695892156259,4.06526936551942,-1.39706282324081,3.28078737590322,5.50692594918704,-7.39065050184946,-5.48625902871033,5.48625902871033,6.31293870687654
223,1.96603365665181,-2.89337200467275,0.92733834802094,1.684599230874,2.12626144330396,-0.792811758592966,-3.018048915585,6.39955382962432,2.55853764317491,-1.87922982594894,-7.07886164685029,-4.6277203025177,-1.71498272486361,1.69583861896324,4.64686440841807,-1.00214071555193,3.71067360844064,5.60336152732414,-8.31189442021288,-5.70828586991748,5.70828586991748,6.12815147547283
225,1.65957877260788,-1.18375335969488,-0.475825412913011,2.32237283850719,1.90885839783746,-0.456844354377231,-3.77438688196743,4.97827157386214,3.02012772312393,-2.388242351138,-5.61015694584807,-5.85486793065612,-1.19627623531627,2.65565804420191,4.39548612177047,0.037851678026534,2.29647776671663,3.83600591393881,-6.17033535868197,-4.96134718343643,4.96134718343643,5.61652886993554
227,3.03348881764144,-2.23983951720716,-0.793649300434281,2.29237940020623,1.94941198296136,-1.10063823277533,-3.14115315039227,5.68779459208562,2.03793565483583,-1.46742147229024,-6.25830877463119,-5.39404752267234,-0.459709115249,2.70419355136386,3.14956308655748,-2.27136753977964,3.72161851547397,6.13186266359615,-7.58211363929047,-5.62534349705846,5.62534349705846,4.65843759943601
228,1.61590548683641,-0.892867800388389,-0.72303768644802,2.82812919482195,1.29359327801299,-0.775347617109325,-3.34637485572561,6.05612281004969,3.55389363749661,-1.56707050351524,-8.04294594403106,-3.74817139574641,-1.34072395628072,1.64130897192569,3.44758638010144,-0.825520978409572,3.22805463101039,5.65344511885531,-8.05597877145611,-5.75837639080546,5.75837639080546,3.05053745708829
229,0.265119560710438,-0.323984733360292,0.0588651726498551,3.65526064631203,1.47628881766312,-1.29606739860864,-3.83548206536651,4.22897259520184,1.21447894869247,-0.558774893850236,-4.88467665004408,-4.48548596036322,-1.02525835629347,2.16215449777979,3.34858981887689,-1.28809774473616,1.6261536025318,2.12135360700956,-2.45940946480521,-3.35945904043947,3.35945904043947,6.46896044437431
230,-1.45407681475784,1.31443954003062,0.139637274727219,3.67382598733842,1.92020048708874,-1.08642402273046,-4.5076024516967,1.04781991092833,0.708223804228251,-1.52783988260799,-0.228203832548592,-3.08331162426397,-0.40834778975096,1.60233908945123,1.8893203245637,1.85079992040305,-4.248180025954,-4.36213456613108,6.75951467168202,1.13641696955201,-1.13641696955201,4.80296704577936
231,2.13930636645481,-2.91821238467827,0.778906018223456,0.57302431060819,0.645425707984691,-0.373199628794265,-0.845250389798617,7.22691176009395,3.69770650167655,-1.62693462763675,-9.29768363413369,-5.81090370016492,-0.474793842948799,1.73526926728218,4.55042827583153,-0.821783642655928,3.70269545809165,5.60083195662597,-8.48174377206169,-6.15159050902263,6.15159050902263,4.31944432379521
232,-0.867145421240256,1.07371589982947,-0.206570478589213,4.19395472888469,1.62171529437128,-1.20400728868308,-4.61166273457288,-0.0650281470640243,0.37376567821559,-0.254824048503103,-0.0539134826484623,-1.46728745653259,0.407692188952535,1.11406471343882,-0.0544694458587591,0.198613213664101,-3.08715199346557,-5.11779594473851,8.00633472453997,1.63589559157129,-1.63589559157129,3.82904304800438
233,0.434950921639722,-0.830294362660334,0.395343441020614,3.85232517289262,2.21214978254399,-1.69776991902498,-4.36670503641163,3.32888287453144,1.21835515019995,-0.112897245328359,-4.43434077940303,-4.57344586099643,-0.727018588625469,1.88984908422969,3.41061536539222,-0.784134829068565,1.3001916229902,0.241939588148547,-0.757996382070179,-2.52359539003298,2.52359539003298,4.80241095572205
234,-0.725600371586771,1.01397873842059,-0.288378366833815,3.29372394394977,0.342844741978647,0.0521921064808223,-3.68876079240924,0.769865719254832,-0.339949626089066,-0.00990320241265903,-0.420012890753107,-2.52644726040918,0.584468046701495,0.496811938510931,1.44516727519675,0.333376383614303,-3.27245966835561,-4.79064238287807,7.72972566761939,1.96635640927793,-1.96635640927793,4.38923817951333
235,0.507509755626736,-0.2433468585151,-0.264162897111637,2.41956135632138,1.97004667638504,-1.30611551555851,-3.08349251714792,4.87511134945728,3.62648771191094,-2.22523877657082,-6.2763602847974,-4.14657332992821,-0.317120533690037,2.01325107321655,2.45044279040171,0.345870081784961,2.65503989380451,4.8952334865535,-7.89614346214299,-5.27359263103495,5.27359263103495,3.62160008500867
236,1.57538929119457,-1.27544362151655,-0.299945669678018,1.85947116906006,1.57674457245786,-0.681332309313569,-2.75488343220435,5.84952143398142,3.18347850172778,-2.39406745986611,-6.63893247584309,-4.22636285356817,-1.17974770485363,2.10891111225761,3.29719944616419,-0.712138427625728,2.60864738924556,4.15860982739067,-6.0551187890105,-4.62128744570091,4.62128744570091,7.08721159943377
238,1.94945525243056,-1.62527751788934,-0.324177734541217,2.91582399991646,2.22027530009056,-1.49327572928699,-3.64282357072002,4.10140054487823,0.0668553630688828,-0.050743264721858,-4.11751264322525,-4.25602766317586,-0.60295745653379,0.963067127494598,3.89591799221505,-1.89454161720175,2.39481344841005,3.29472763602458,-3.79499946723288,-3.49842561244811,3.49842561244811,6.17552701639792
239,1.20823118024681,-1.16232166900751,-0.0459095112392954,3.94809078309189,2.24617659547241,-1.67745751855891,-4.51680986000539,3.27282202764612,0.728701556671428,0.183337503419176,-4.18486108773673,-3.53122244371133,-1.01421813086317,1.25357337209805,3.29186720247645,-0.659620567499999,-0.0205037644370014,0.23831168258441,0.44181264935259,-2.03856337380646,2.03856337380646,4.77799221063006
242,2.74602370500761,-2.91504702074567,0.169023315738058,1.7125727965532,2.21846677475889,-0.837946489156846,-3.09309308215525,6.9747800419637,2.99226796533938,-2.74408939651706,-7.222958610786,-5.89807827068764,-1.06507363279145,2.3379370861328,4.6252148173463,-1.99447431436646,4.91895894147678,6.89153201385029,-9.8160166409606,-6.86004259649016,6.86004259649016,6.13579812949913
243,3.10214991156794,-3.38539708718276,0.283247175614817,1.10080270219414,1.41363323934152,-0.128462359242705,-2.38597358229296,8.91570611822925,3.52872054167726,-2.75959855040183,-9.68482810950466,-5.63050150513428,-0.780184031243325,1.86604923171128,4.5446363046663,-2.70989789598228,6.49844175772222,9.21266173886823,-13.0012056006082,-8.32340090452256,8.32340090452256,6.24535769257278
245,1.68689494289683,-0.520004768039061,-1.16689017485777,2.26461231889722,1.34092523390573,-1.55341106743046,-2.05212648537248,7.01100020057114,2.4223325978786,-2.0400882236744,-7.39324457477533,-3.78057752927621,-1.59675614870535,2.33143738834564,3.04589628963593,-1.76017919442111,4.4059297967291,6.11255294328766,-8.75830354559566,-4.57197958848489,4.57197958848489,4.15198348103181
247,0.30401978964905,-0.52560953163261,0.22158974198356,3.18241762222008,1.37591982095901,-1.24404019809291,-3.31429724508619,0.878697586068053,-0.523964253201854,1.7609299927362,-2.1156633256024,-2.80743186929956,0.783403926064702,-0.215551544225144,2.23957948746,1.88887399381438,-4.09961445431045,-2.87749032322031,5.08823078371638,0.743460263759415,-0.743460263759415,2.26761829913021
248,2.65453283274199,-3.32588287776187,0.671350045019882,2.29034603258215,1.3339282895572,-0.915870417782318,-2.70840390435703,7.24010426072737,2.95421474159075,-2.00878604571569,-8.18553295660241,-5.25711656654265,-1.33558272988973,1.87433247231112,4.71836682412126,-2.39052135454372,5.39250706650906,6.98343107289829,-9.98541678486365,-6.86384335361906,6.86384335361906,6.14398354456823
249,0.495991367258946,-0.386985624730931,-0.109005742528016,2.73642834028859,1.56989657555227,-1.3034587979575,-3.00286611788335,0.0867056981236508,0.743610529805734,0.0995143150057424,-0.929830542935127,-2.6384437084844,0.41763407947332,-0.156460082909876,2.37726971192096,1.61681346696274,-4.18198276491955,-4.70879873723164,7.27396803518847,1.57206644173245,-1.57206644173245,4.75743315044907
250,1.40227204959743,-0.850124121287915,-0.552147928309513,2.20339549046844,1.57672299013653,-1.51675071479767,-2.26336776580729,5.865478575198,1.97973746224235,-1.15751055234134,-6.68770548509901,-5.11070163137162,-0.331529480003585,1.30912829790564,4.13310281346958,-2.14127560471222,2.78252365528004,4.31583217138384,-4.95708022195165,-4.72771091032996,4.72771091032996,5.22838135675056
251,-2.2938696506784,2.52273932034124,-0.22886966966284,4.0663016587869,1.40411788233965,-1.61944497266514,-3.85097456846141,-1.09393945960065,-0.772357730502742,0.0124103598852316,1.85388683021816,-2.31053951675608,-0.158995712241394,0.516994391081403,1.95254083791607,1.76786695684852,-5.64256501218492,-6.56233934523355,10.43703740057,3.10845390967195,-3.10845390967195,3.38467126778087
252,1.51292368959732,-1.48707661497257,-0.0258470746247406,1.90426594774419,1.31751242771012,-0.152733455187613,-3.0690449202667,5.94723061304269,2.20723670993454,-2.30179240669283,-5.85267491628439,-5.2941565215447,-0.151240981677038,2.68422643584777,2.76117106737397,-0.507047624021068,2.57966635209924,4.10297733711766,-6.17559606519584,-4.63879601279679,4.63879601279679,6.81415219919972
253,3.10194311778206,-2.20948974757712,-0.892453370204939,1.63515059297148,-0.259459418626936,0.0154162176061144,-1.39110739195066,6.50219200701076,2.20531212906428,-0.901084025538779,-7.80642011053626,-5.02559497663155,-0.971558955178267,0.9234753505802,5.07367858122962,-2.56889611928705,4.06676181537671,5.27561174383129,-6.77347743992094,-5.35342323026874,5.35342323026874,5.54922112300519
254,0.110882478179104,-0.603389543919039,0.492507065739936,4.56234866308878,1.28657117116615,-1.62014500738357,-4.22877482687136,0.187356886909143,-0.654421663152816,0.760070083773176,-0.293005307529503,-2.54382570157598,0.301698097334025,0.409396881638238,1.83273072260371,-0.374769323550679,-3.75993853071995,-4.31070555443868,8.44541340870931,1.40168939131282,-1.40168939131282,3.73212688404015
255,0.532099313767086,-0.141570090167797,-0.39052922359929,3.40506011173987,1.66447353285044,-0.815865444743619,-4.25366819984668,4.22528376120554,1.57459244940735,-1.25566332651311,-4.54421288409979,-3.15845105654766,0.52666363922745,0.177705540918921,2.45408187640129,-0.802014756532987,0.0320627124950949,0.432123790955039,0.337828253082852,-2.24044303232136,2.24044303232136,4.94243675264304
256,-0.223210114194544,0.169990899389074,0.0532192148054698,0.984742913947613,2.43828416271386,-0.26119872899464,-3.16182834766683,0.173373646716386,0.269118208663717,-0.474190586573738,0.0316987311936354,-0.438936465997943,0.782220901921769,0.47206738677132,-0.815351822695147,1.69143176839942,-3.87028027806037,-4.97257206192345,7.15142057158439,2.34461622102115,-2.34461622102115,4.43682420934641
258,0.904575659018403,-1.72280804895511,0.818232389936707,2.87304874201535,1.24613111159488,-0.847316668802973,-3.27186318480725,4.61049681519452,1.96950582165187,-0.924855995827808,-5.65514664101859,-4.12466617686104,-1.93280763175875,1.92052019258003,4.13695361603977,-0.506990507492002,1.81848801215238,1.19958673738816,-2.51108424204854,-3.19265509965202,3.19265509965202,6.2610491462187
259,-1.4308501803008,0.678087316303752,0.752762863997047,3.59087353101295,1.85142073850434,-1.37539609321919,-4.06689817629809,-0.612736839355166,0.0466807494127484,0.749723337723196,-0.183667247780778,-1.45474453048437,-0.398930166358186,1.61495316575199,0.238721531090563,1.51804054067634,-4.82446259753625,-5.60587321249503,8.91229526935492,3.03462830769606,-3.03462830769606,3.27532384467458
260,0.505633803298883,0.278642960309968,-0.784276763608849,4.10695745703532,1.5507104060639,-1.58082604830846,-4.07684181479077,0.306996536368702,-0.641405951761712,0.618679827610078,-0.284270412217067,-2.29333341277358,0.0304084115169355,0.704864170307298,1.55806083094935,0.160495003100096,-2.77009327157579,-3.80338320301362,6.41298147148931,1.49166949552708,-1.49166949552708,3.73646032181126
261,-0.0121970614649569,0.813744332826891,-0.801547271361935,3.65507834561228,1.59708719331386,-1.05609622407317,-4.19606931485297,-0.173708087806453,0.497436767299417,-0.886720837869728,0.562992158376767,-2.5215572535679,0.137910148831183,0.201215227629849,2.18243187710687,1.30135478458457,-3.54028965514266,-4.49221996061396,6.73115483117205,1.05725128142312,-1.05725128142312,5.75458103417381
262,0.853228142717033,-1.24483190551229,0.391603762795262,-0.00795877955071784,2.28519649373174,-0.603486890841737,-1.67375082333929,5.909374626349,2.95136916243978,-2.00403914804229,-6.85670464074649,-6.35286830474294,-0.313250908012714,2.67309485544249,3.99302435731315,-0.556713994369215,3.16267218543354,2.91709781264503,-5.52305600370935,-4.69716778828365,4.69716778828365,4.53813250396298
263,2.27665550357122,-2.04712445389395,-0.229531049677275,1.59729541252933,0.938188737316395,-0.6479782787432,-1.88750587110253,4.49070674019996,1.70450996322304,-0.310739419726285,-5.88447728369674,-4.66703940529342,-0.909125326430496,0.591415314798548,4.98474941692536,-1.34826772328546,1.97993941757614,1.73652059649914,-2.36819229078982,-3.41323632938636,3.41323632938636,5.98405771166848
264,2.47740159212825,-2.12898050389961,-0.348421088228639,1.37321123985195,0.895172544902403,-0.633300073892851,-1.6350837108615,6.8136205974019,3.04084589169919,-2.10437919840237,-7.75008729069874,-4.07491973362244,-0.929508765735797,1.02622676407902,3.97820173527921,-3.1283716658414,4.022696494881,5.51546028559978,-6.4097851146394,-5.47760085239255,5.47760085239255,5.98920277760526
265,0.883628034322375,-1.55355011168843,0.669922077366062,3.21924521932621,2.46056770498046,-1.42449648082687,-4.25531644347979,5.7642789346492,1.73387102194603,-1.47929464694244,-6.01885530965281,-5.85571422539647,-0.745275541128345,2.49000732588521,4.11098244063961,-1.39726729266876,3.43684989145996,4.30356332433265,-6.34314592312384,-5.23278319930787,5.23278319930787,5.73725076515959
266,-0.314831822818307,-0.110859256333001,0.425691079151309,2.99841400904951,1.10277325199308,-0.539686761183906,-3.56150049985868,3.32617950326544,2.26932437631181,-0.0125077098939532,-5.5829961696833,-4.6518234910916,-0.497829601939393,1.19616200108268,3.95349109194831,-0.495018633112582,0.593046900382244,-0.171083965327879,0.0730556980582181,-2.38274076083551,2.38274076083551,3.92034898792769
269,-0.106107126330703,0.112847517839472,-0.00674039150876833,3.61416039074487,3.23878021725997,-1.43715061306521,-5.41578999493963,2.20131781975722,0.250343865127586,-0.476584936834333,-1.97507674805047,-3.76781891951127,-0.361927844270667,1.43330559332824,2.6964411704537,0.496249317103568,-1.37355774349483,-1.41072460103693,2.28803302742819,-1.05344621608202,1.05344621608202,5.11045958997135
270,2.11946348345378,-1.12633851069862,-0.993124972755158,2.5145498005514,0.716041521466683,-0.55455146709182,-2.67603985492626,5.5241551015145,1.9315111279131,-1.4442277016137,-6.0114385278139,-5.27351190950411,-0.738448021065184,0.648865964904168,5.36309396566512,-1.92128443136346,4.34490014016797,3.6840312322167,-6.10764694102121,-5.04383764168825,5.04383764168825,6.2325834137247
271,1.26115232917719,-0.96092746220015,-0.300224866977032,3.92894016083997,1.81356612412263,-1.20531623046334,-4.53719005449927,3.41808864645745,0.0528575656390822,-0.546084829379022,-2.92486138271751,-4.22663168469598,-0.00804756955762103,1.22542214143182,3.0092571128218,-1.2636401023072,1.73452988537307,0.797813890386799,-1.26870367345267,-2.6406411640584,2.6406411640584,6.00677943757425
273,2.33337291171389,-2.19151479926554,-0.141858112448351,2.20203332169049,0.291235080117331,-0.334102151929698,-2.15916624987812,6.05856965480036,3.41067169361322,-1.9981278836221,-7.47111346479153,-3.38453967583328,-0.991921899919859,0.940697586188039,3.4357639895651,-1.13833843652388,2.80136329132795,3.11491189255858,-4.77793674736263,-4.41884303118747,4.41884303118747,5.68620007698987
274,-0.539739761149202,0.643984370213149,-0.104244609063948,3.28561144246187,1.19971538832049,-0.248164164785582,-4.23716266599676,0.290597979892933,0.555922252504517,0.368366786715443,-1.21488701911289,-1.88771367503125,0.240970285877274,0.153722702195906,1.49302068695806,0.573723601790896,-3.10063998162119,-3.1387152451545,5.66563162498479,1.31541323731209,-1.31541323731209,4.30781345723296
275,2.21971915033667,-1.76803417710484,-0.45168497323184,2.54325739270191,1.39990020414381,-0.548624079391958,-3.39453351745376,6.22617627887467,3.33779183096502,-1.9809411675841,-7.58302694225558,-4.63361436611868,-1.44497015891016,1.62033519756599,4.45824932746284,-1.12266136525323,3.02032955457457,4.8550323750329,-6.75270056435422,-5.32085651644955,5.32085651644955,5.26864056158899
277,2.19729616770394,-1.72193085630904,-0.475365311394896,1.69113345161007,0.0296433932035298,0.627277488724757,-2.34805433353836,4.74604788060382,2.38954600479322,-0.948847736258108,-6.18674614913892,-4.26783108268085,-0.911419765835814,1.97065394667124,3.20859690184543,-0.940321806276332,1.94427670590627,2.57935596079118,-3.58331086042113,-3.70066574568845,3.70066574568845,6.29874579347234
278,2.09218052686331,-3.18919169008425,1.09701116322094,0.89854634356314,1.7692490576144,-0.0398556850728078,-2.62793971610473,5.0180724055796,2.38845559629174,-1.73949648173491,-5.66703152013641,-5.18294165692898,-1.17477337802531,2.14499841415879,4.21271662079548,-1.89784836761581,2.84614995636231,4.64731892051123,-5.59562050925773,-4.63880018624795,4.63880018624795,6.8492951863475
279,2.09838060186669,-2.3545031276822,0.256122525815513,2.31700246099855,2.10427423239856,-1.44458299406242,-2.9766936993347,5.50881137186224,0.876380896260955,-1.10453907644685,-5.28065319167635,-3.87046749870384,-0.414688194740854,0.83956378841552,3.44559190502917,-2.40947378756582,3.48228959576485,5.11187124625917,-6.18468705445821,-4.80187295027871,4.80187295027871,6.62349538772791
280,0.818520233033756,-1.10593196752537,0.287411734491612,2.66197740165146,1.52716244944381,-0.935704938510944,-3.25343491258432,5.95962198985182,1.8742512461165,-1.19407029333821,-6.63980294263013,-5.24292453747563,-0.752592807208399,2.25142551315112,3.74409183153289,-2.10016265512875,3.27427961996168,4.48152923774209,-5.65564620257501,-4.85247315591913,4.85247315591913,6.08951628452726
281,0.873868403720641,-0.601627072654439,-0.272241331066202,3.87557996597207,2.1467902670839,-1.55162583555713,-4.47074439749884,3.50102544162012,0.972209352507294,-0.679969240402873,-3.79326555372454,-4.73000431353679,-0.521808783691454,1.71184818116038,3.53996491606786,-0.428225130271218,0.162461042085204,0.489329371431688,-0.223565283245675,-2.4809308873605,2.4809308873605,5.22573706523642
282,1.73247901753976,-1.55137324118206,-0.181105776357704,1.63262442189718,2.50631347236465,-1.13856948576198,-3.00036840849985,4.32912566309937,3.83047970934337,-1.74593236528233,-6.41367300716042,-3.84828964614169,-1.79343993296311,1.97176341243226,3.66996616667253,-1.39103696811596,2.6502486537233,3.20863838146226,-4.46785006706962,-4.19235972793516,4.19235972793516,6.00003631485317
284,2.13447486306524,-2.93476364559974,0.800288782534505,1.8006068451112,0.940168328858842,-1.12181865914752,-1.61895651482253,5.75301803742609,2.0474789871973,-2.53146773788344,-5.26902928673993,-2.95166151169647,-1.39354797890395,0.947037183881033,3.39817230671939,-1.74621572452737,2.49599280769448,3.14617109508186,-3.89594817824895,-3.85080766956467,3.85080766956467,6.0060527238309
286,1.57245359087146,-1.55252036940461,-0.0199332214668469,3.4891882297049,2.0517616096393,-0.531662718861964,-5.00928712048225,3.512868586692,2.429518523919,-1.96561618395417,-3.97677092665683,-3.07820235355739,-0.983688745612005,1.48229280385408,2.57959829531531,0.327514060687829,1.4556983918466,2.78298707592381,-4.56619952845824,-3.68456766034582,3.68456766034582,6.0325986654932
287,3.21976830942826,-3.05300544990314,-0.166762859525123,-0.0647544342712723,0.471736412926258,0.35606090065935,-0.763042879314336,8.18907747410406,4.32131162869988,-3.09618983574211,-9.41419926706183,-5.52016255706439,-1.3799514142294,2.26100543997507,4.63910853131872,-2.06301360877645,6.63150080028421,6.8569565242794,-11.4254437157872,-7.48120631831657,7.48120631831657,6.12339362261084
288,-1.10163743799699,1.12417831021229,-0.0225408722152976,5.14984095074533,0.546896366234062,-1.08845409531632,-4.60828322166306,-1.18295137336244,0.387900462846113,-0.25516827252461,1.05021918304094,-0.736089925727968,-0.108913502703925,0.579938138035668,0.265065290396226,0.409621421305849,-3.92972975901845,-4.95643231384548,8.47654065155809,1.57436032789611,-1.57436032789611,5.15776669984434
289,2.09799398910746,-2.38830399919781,0.290310010090349,2.50018043833208,1.01884793499223,-0.660448121047464,-2.85858025227685,6.89171500316057,2.95051682335976,-1.77179478613578,-8.07043704038456,-5.08433486823301,-1.68766895359933,1.43818739402955,5.3338164278028,-2.03757804562677,4.90210651802679,5.47542368247922,-8.33995215487925,-6.22811341810458,6.22811341810458,5.60898773079361
291,1.03604121436786,-0.261746502228184,-0.774294712139673,2.53734058802015,1.6626783076934,-0.728119379655669,-3.47189951605788,4.6029682180198,2.07816625298054,-1.85087820468214,-4.83025626631819,-5.36700409625431,0.778210222933128,2.19358093125219,2.39521294206899,-0.786160382876271,1.79868696748269,3.77988956489451,-4.79241614950093,-4.25267308441817,4.25267308441817,4.78765001025799
294,-0.254388207208897,-0.0018692672660738,0.256257474474971,2.46956695280181,1.38051261592782,-0.596023633031131,-3.2540559356985,4.09462829185339,2.60246633960513,-1.48244225274908,-5.21465237870944,-4.19336242934427,-1.53806792507114,3.2342032234144,2.497227131001,0.171972375499211,0.314614592903653,0.494339888878233,-0.980926857281096,-2.58167368066,2.58167368066,5.17682124299648
295,1.1384610360698,-1.80869863645377,0.670237600383976,2.5723453804928,2.14538836944672,-0.750330365566159,-3.96740338437336,5.06935552119101,2.15046714648633,-1.13407519338916,-6.08574747428819,-5.90026631962018,-1.38388319998945,2.90693005632417,4.37721946328547,-0.5864373448633,2.48272204184746,3.70199981601887,-5.59828451300303,-4.68856758252859,4.68856758252859,5.27010025889539
297,1.5718600019195,-1.88187005258113,0.310010050661631,2.49857819649511,0.442176226720958,-0.00331259420716615,-2.93744182900891,5.6163060978763,3.71007917598349,-2.47230663669171,-6.85407863716808,-4.94601396286022,0.0645283362796468,1.69266160081817,3.18882402576239,-0.184967067143192,2.13966840872354,3.59991998047357,-5.55462132205392,-4.61343660339031,4.61343660339031,5.21349978018872
298,-1.32614389250653,1.2760951161829,0.0500487763236212,3.8226336886422,1.87684424583366,-0.559878953335607,-5.13959898114025,0.354754379117969,0.40544314026003,-1.23054620576344,0.470348686385443,-2.45499576350495,-0.297949972480917,1.11942403895568,1.6335216970302,0.932224941489795,-4.3608177836397,-4.01184365889875,7.44043650104867,1.51822001775424,-1.51822001775424,4.82536147804811
299,1.66979498792575,-1.17029675033663,-0.499498237589121,2.15294497614872,0.714382181070769,0.229730342436154,-3.09705749965565,5.40885835305404,3.36733001440962,-1.81809642205695,-6.9580919454067,-5.14624079633936,-1.50721730790539,2.87369208137842,3.77976602286632,-1.42550542353224,3.09923509467603,3.77366086808152,-5.4473905392253,-4.82678919496669,4.82678919496669,6.11317198032641
300,0.597882695378166,-0.884035181686893,0.286152486308727,3.23006615302943,1.9976542443741,-0.447108684819923,-4.7806117125836,3.95100177540413,0.96579366991653,-0.275397620336476,-4.64139782498419,-4.74995997744683,-0.0788076776171481,1.26572967177939,3.56303798328458,-0.20802547212794,0.219996548873591,-0.205941755004057,0.193970678258406,-2.20625165953825,2.20625165953825,5.1015517065327
301,1.60452071325106,-1.01771788950837,-0.586802823742691,2.57729473744651,0.364378545429329,-1.04532504287575,-1.89634824000009,5.60034468249892,0.875974769620647,-0.218279965283743,-6.25803948683582,-2.14236879778253,-0.706871968431192,1.07727465997593,1.77196610623779,-3.23656141575792,4.51939915363955,5.00381008143822,-6.28664781931985,-4.67984582299117,4.67984582299117,5.66267524122703
302,-0.00171382821463258,-0.110570938933071,0.112284767147704,4.46823044991903,1.73006660836326,-1.32976926157092,-4.86852779671138,4.02103557277152,0.943300281670023,-0.843317570546767,-4.12101828389479,-4.44794611131989,0.183479716253715,1.44349384653065,2.82097254853553,-0.156924502958652,0.0601727859323423,1.26593204040208,-1.16918032337577,-2.99356390112633,2.99356390112633,4.53211505791071
303,2.29349205829392,-2.36645166188903,0.0729596035951054,2.69460771746959,1.48418130844064,-0.991419774437631,-3.1873692514726,6.35253923655745,2.42332223856399,-1.53807960359672,-7.23778187152472,-5.17720898082837,-0.774262464730475,1.42439676372481,4.52707468183403,-1.57355133128088,3.67743444019811,5.11204716872542,-7.21593027764265,-5.54463833538236,5.54463833538236,5.92013552152613
305,1.70078041348124,-1.19870211301369,-0.502078300467544,3.29916278901683,1.23136463977002,-0.906610654292843,-3.62391677449401,5.42780917158919,2.16859795567571,-1.35217649325868,-6.2442306340062,-5.24801498904251,-0.942950909638021,2.01632202545801,4.17464387322253,-1.73975786410515,3.2129117556923,4.49122478570829,-5.96437867729546,-5.00888657825788,5.00888657825788,5.74822682704286
306,1.22886780848206,-0.682071438563933,-0.546796369918132,2.28940609199207,2.1975522627207,-1.39095595569315,-3.09600239901962,5.96055590656346,1.33930937711498,-1.24588838286819,-6.05397690081025,-5.33920477456709,0.035134869334416,1.74373117824337,3.5603387269893,-1.06327390696667,2.95607692322232,3.27620692463898,-5.16900994089462,-4.53291578713615,4.53291578713615,5.88602150389627
308,0.603384753827223,0.196710098056015,-0.800094851883238,2.85443056056667,1.46024155989453,-0.946010363066917,-3.36866175739429,4.24061170874875,1.01609326449818,-1.24000832242482,-4.01669665082212,-4.35138782512019,-0.327658864406017,1.90349539447986,2.77555129504634,-1.0733436566531,0.920919815098626,-0.103319666748484,0.255743508302964,-2.35052127000582,2.35052127000582,5.63762483142362
310,0.881721004911063,-0.0777249490028995,-0.803996055908163,0.268410204131562,2.35437508651723,-0.000475356368317815,-2.62230993428047,4.21576946760041,3.16807834939986,-3.52059466720258,-3.86325314979769,-5.12264762393952,0.642948131616587,2.55069430904057,1.92900518328237,-0.576273056504101,1.90030872744027,2.23186830493209,-3.55590397586826,-3.74480255461328,3.74480255461328,5.0404690421747
311,1.90570768361716,-2.51926043598002,0.613552752362862,2.56355810071408,0.764247816926074,0.0228946232382846,-3.35070054087843,6.18206012402613,1.76642499301416,-1.38740002547097,-6.56108509156933,-5.98398239847649,0.025883306072683,2.63240084703933,3.32569824536448,-1.92244455787327,3.59951670983374,4.82192856017483,-6.4990007121353,-5.25023381930785,5.25023381930785,5.40644331365232
312,2.07205444336194,-1.6611951679597,-0.410859275402235,1.66834840731303,0.653208497727974,-0.464920664848375,-1.85663624019262,6.03337497837094,0.759842805905793,-0.261225178574862,-6.53199260570185,-4.83014554707947,-0.806600056098837,0.544918321657855,5.09182728152044,-1.30170737492788,2.65186579073867,4.89343968392378,-6.24359809973458,-4.82180110174914,4.82180110174914,4.79968418212141
314,3.2459988634498,-3.17294761096392,-0.0730512524858783,1.36720588532259,0.528309398821694,-0.324432574370381,-1.5710827097739,8.56508362546267,2.72955548438908,-1.79678126814663,-9.49785784170512,-5.73022705268959,-1.66396425104416,1.61057067945052,5.78362062428322,-3.15298793999222,5.97927053639289,7.60148716456893,-10.4277697609696,-7.39888230675704,7.39888230675704,4.81116711469253
315,1.81519795288383,-1.10475828597191,-0.710439666911916,2.17464049401575,1.43540804246769,0.240006581940222,-3.85005511842368,5.25187050649681,2.79311277330936,-1.36499138001184,-6.67999189979433,-4.05814194871165,-1.03607358173016,1.83631062031767,3.25790491012415,-1.53929858990384,1.67079124262488,3.24606938791873,-3.37756204063977,-4.10526840404521,4.10526840404521,4.52187196139774
317,0.275932512109283,-0.802404619235332,0.52647210712605,3.92298060517505,2.05370599109312,-0.972472303556352,-5.00421429271181,3.55563604045972,1.97999461033264,-1.67381681056034,-3.86181384023203,-5.67162806090415,-0.900141031507952,2.57345627028561,3.99831282212648,-1.26292049200613,2.0354089782391,3.2069919547343,-3.97948044096727,-4.29170195236915,4.29170195236915,5.96651454838666
318,1.52824014949984,-1.52523459730118,-0.00300555219864684,2.66060166943803,0.762308663438468,-0.517193251767235,-2.90571708110928,6.06884880628018,2.3586031744394,-1.45638909943988,-6.9710628812797,-4.77038151057781,-1.02308294198926,1.88950486496278,3.9039595876043,-1.5539976284918,3.38102846634265,4.54822619101009,-6.37525702886095,-5.27242199909483,5.27242199909483,6.49118195646581
319,-0.44902994877575,0.814577985019756,-0.365548036244006,4.92916251988025,1.81330888548777,-2.17544192983914,-4.56702947552887,0.371054421894728,-0.683546683825657,0.230717305308736,0.0817749566221918,-1.38617481193361,-0.147469544877473,0.540070287607726,0.993574069203352,0.26116030795018,-2.9503763229734,-4.77512789127609,7.4643439062993,2.49500491483223,-2.49500491483223,3.62512524007241
320,-0.788195225569206,0.204587761858498,0.583607463710705,3.14706885174754,2.28420178092866,-1.23908642984842,-4.19218420282779,3.59789352768638,1.66893997842086,-1.29525242805953,-3.9715810780477,-4.62126104463294,-0.570118392028211,2.15750235164587,3.03387708501528,-0.0250910870611411,1.42211863748058,0.245790514090423,-1.64281806450986,-2.79975615444062,2.79975615444062,5.82429179131129
322,-0.866805396397133,1.71279644437583,-0.845991047978699,4.82554993378462,0.60720769169426,-0.74376174764204,-4.68899587783684,1.75597056218132,0.0426021245022297,-0.244108940444196,-1.55446374623936,-3.95258131792305,0.0365286457353335,1.3676496661881,2.54840300599961,0.602765832814411,-1.83341133553926,-1.1566534625918,2.38729896531664,-0.832228731290348,0.832228731290348,5.31070394503404
323,2.25298185698519,-2.17668098599087,-0.0763008709943186,2.5513353491993,0.587104232888132,-0.555776188153598,-2.58266339393384,5.33528063331905,2.27833228425718,-0.758275711623435,-6.85533720595279,-5.6018506190741,0.355136460700152,0.763233780250073,4.48348037812386,-2.36183421166111,2.94731294192384,3.55709085787762,-4.14256958814036,-4.64928280447693,4.64928280447693,4.51572174345158
324,1.4005999641141,-1.71418722076819,0.313587256654086,3.19161012259358,2.32179486428175,-0.658453052593562,-4.85495193428176,4.88051192386508,2.76466293292704,-1.93541646499264,-5.70975839179947,-4.21239011579936,-1.24815433648106,2.26073912962,3.19980532266042,-1.44314400651331,3.2520992064646,3.73884196252202,-5.54779716247332,-4.72152104851792,4.72152104851792,6.16486997250397
325,1.65038006683872,-1.55447750476073,-0.0959025620779972,1.04977361580372,1.42612247442633,0.181778954805363,-2.65767504503541,5.76302033959891,3.76605204224134,-2.62789378714155,-6.90117859469869,-4.96557117792601,-1.15600005593037,2.4956291751373,3.62594205871907,-0.931191679678232,3.27896730669035,4.53783055837463,-6.88560618538674,-5.19805882817077,5.19805882817077,6.49621024839736
327,2.58441275543594,-2.43831003204966,-0.146102723386278,1.45119426871697,1.63613443779631,-0.518252385398063,-2.56907632111521,7.31252320233315,3.34034380404151,-2.76160887289137,-7.89125813348329,-5.88545366762832,-1.62579690074591,2.79168796649712,4.71956260187713,-1.8433710376424,6.0832640119501,8.61690978480598,-12.8568027591137,-7.85599169044565,7.85599169044565,6.71835844822036
328,0.0141688110622098,-0.356420370563881,0.342251559501671,2.80264118882016,1.08602220881565,-0.696905773919404,-3.1917576237164,1.36413907223456,0.235761514108649,0.0535752928511858,-1.65347587919439,-2.03127309676036,-0.0651654985041502,0.348792771810363,1.74764582345415,0.106794086796818,-3.36460533305948,-4.53224521898247,7.79005646524513,2.03778784256008,-2.03778784256008,4.84312456464153
329,0.639076247338225,0.108771673274605,-0.747847920612829,4.37894484150153,1.58212223683862,-1.25071735133999,-4.71034972700015,3.42136136498101,0.765051080199147,-0.687797732334697,-3.49861471284546,-4.09348627406986,0.416039682873193,1.93750847266702,1.73993811852966,-0.345276378320723,0.237627279591054,2.12334053898546,-2.01569144025579,-2.65741035103483,2.65741035103483,5.44820868888104
331,-1.34949838808885,2.0739490803472,-0.724450692258354,2.44887064457282,1.23283221744439,-0.910909173764023,-2.77079368825318,-0.068246016429735,0.268739006551903,-0.995613009541113,0.795120019418943,-1.84218123449958,0.319546031313114,0.980885062293163,0.541750140893305,1.73508185764685,-2.88866649042795,-4.02453168263786,5.17811631541895,0.816418280229055,-0.816418280229055,4.80063631951633
333,1.66297879290436,-2.59837087116087,0.935392078256511,2.01122064138924,1.06193931730427,-0.135007665065137,-2.93815229362837,5.9756990054985,2.90093831311906,-1.81554366254379,-7.06109365607378,-4.87924383207993,-2.19262670306588,2.79530074962764,4.27656978551819,-1.4092595317594,2.67050153952691,5.42843247694587,-6.68967448471341,-5.27460137896372,5.27460137896372,5.6982395183855
336,1.62839696772161,-1.81888618565629,0.190489217934679,1.84137426991895,0.95554721687193,0.410992306611849,-3.20791379340274,5.56555345939696,1.90875124602413,-0.957829070148666,-6.51647563527242,-4.11200484710486,-0.611967491358313,1.72262676309471,3.00134557536847,-0.439352912776032,2.29369058274195,2.58760238320627,-4.44194005317218,-3.82663891878803,3.82663891878803,6.51459461866784
337,-0.0296508004400059,0.491778441261365,-0.462127640821357,2.41765079446111,1.86353085234686,-2.07953838681118,-2.20164325999679,3.66358717432014,1.09987419335662,-1.33298583298395,-3.43047553469281,-4.2724370697831,0.256768287673351,0.895848296012442,3.1198204860973,-0.326410803320616,0.604036013355291,0.598551217472099,-0.876176427506773,-2.47207172024383,2.47207172024383,6.4953480261498
340,2.24846034243746,-2.4654812704238,0.217020927986341,1.940601670119,1.15752951449033,-0.782288259078462,-2.31584292553087,4.74220904246456,1.65868937943648,-0.558837148715188,-5.84206127318584,-2.68241036481326,-0.285850741004817,1.29977591094564,1.66848519487244,-1.47158539516862,2.05256264571211,2.60461520915109,-3.18559245969459,-1.9518442254882,1.9518442254882,4.48372907649525
341,0.943128467183331,-0.902554196743274,-0.0405742704400581,3.37462940282801,0.986585671121181,-0.801662483709592,-3.5595525902396,5.76120892852165,2.30605834783776,-2.17151974423795,-5.89574753212146,-5.14398357257318,-1.21422536486947,1.76392985716261,4.59427908028004,-0.740406531334101,3.12619204455524,3.69983199645463,-6.08561750967577,-5.06959479112764,5.06959479112764,6.59056193119294
342,-0.178898618698107,0.193408782906772,-0.0145101642086649,2.24050794501419,1.75197195364223,-0.31123316886127,-3.68124672979514,1.50150529536661,0.715007940528301,-0.0866612761580496,-2.12985195973687,-1.99458886032935,-0.638995157406237,1.45175852057998,1.18182549715561,1.615963514279,-2.94003255687541,-3.5944456778238,4.91851472042023,2.43271403672626,-2.43271403672626,4.59274116596791
343,0.17802292173058,-0.434151546077242,0.256128624346662,4.54279600253903,1.99869431552591,-0.420946949661891,-6.12054336840305,1.97426027829206,0.158981649325427,-0.44105296151016,-1.69218896610732,-3.15833865285639,-0.116583211055683,1.62106924715567,1.65385261675641,0.429263240928786,-0.483317992041765,-1.41797772055845,1.47203247167143,-1.69863769635712,1.69863769635712,5.674222726285
344,1.71122458068315,-2.04046618711651,0.32924160643335,2.30740289235064,1.25366240924883,-0.402898224807021,-3.15816707679245,6.84763284788321,2.47577661150965,-2.4916105861415,-6.83179887325137,-4.88516799889002,-1.29524690987684,2.06755230897637,4.11286259979049,-1.72878233622541,4.4644773548578,4.73847625118399,-7.47417126981638,-5.56574984960049,5.56574984960049,7.0524726319812
345,0.9027332681481,-0.535992841505595,-0.366740426642503,3.72857747433633,1.3357366908582,-1.50758086108193,-3.55673330411261,1.22440725381809,-0.237358000150606,-0.565727358258797,-0.421321895408687,-4.14376530370042,-0.783167645151983,2.21412591971255,2.71280702913984,0.617348152694588,-2.73299527954415,-2.87243676390312,4.98808389075266,1.18493991084565,-1.18493991084565,4.19653143069892
346,1.01754909281873,-0.470619791265227,-0.546929301553501,3.48117241672161,1.35985455896673,-1.26685226531713,-3.57417471037121,3.38847499265782,0.40096827921227,-0.781331928237203,-3.00811134363289,-2.13224263178417,-0.968685528062558,0.769714015653724,2.331214144193,0.336081735407674,0.515694361173799,-0.407044119883856,-0.444731976697617,-1.75965356758749,1.75965356758749,5.47847917031548
347,0.68891626378833,-0.121748343497887,-0.567167920290442,3.68675572867356,2.30290441032377,-0.675413435427683,-5.31424670356965,2.85009409456466,2.42597194614155,-1.89125597057423,-3.38481007013199,-2.12106974523643,-0.152942264973898,0.651932451436022,1.6220795587743,0.276070099969548,0.071728934628357,0.0968164199938292,-0.444615454591733,-2.15616923138633,2.15616923138633,6.37208826238578
348,-1.34455152726695,1.57639575677152,-0.231844229504567,3.24313123793667,0.975878879941335,-0.565878759959247,-3.65313135791876,0.967532933262111,-0.024137071986355,-0.60426514215999,-0.339130719115765,-2.06767558679327,-0.254121275208455,-0.279291323888325,2.60108818589005,1.24030765413844,-4.56172374948414,-3.62052699105904,6.94194308640473,1.98555165988914,-1.98555165988914,4.07923681562589
349,1.5179722551518,-1.22825868168009,-0.289713573471701,2.71081098187023,0.241872396032537,0.37492782642124,-3.32761120432401,3.50693920152396,2.50867490570108,-1.17147510871767,-4.84413899850737,-2.89158906725371,-0.999996227698556,0.35967134883405,3.53191394611823,-0.656786098292693,1.45783926781878,3.18762079185419,-3.98867396138027,-3.42327072881844,3.42327072881844,6.71954678140521
351,3.40083589696557,-3.12046860987012,-0.280367287095452,1.49733702929702,1.10715734423087,-0.642927781271566,-1.96156659225633,7.73732784903318,2.6660888570715,-1.97943732233401,-8.42397938377068,-4.98793868993542,-1.30196396617101,1.54527058822556,4.74463206788088,-2.2140592468186,5.82608611154421,7.69781543223648,-11.3098422969621,-7.09845639693027,7.09845639693027,6.58309727152003
352,2.23366098004455,-1.75804843465463,-0.475612545389922,3.02089861528462,1.21060867643262,-0.869436466911258,-3.36207082480598,5.53402416001009,2.31168806188604,-1.86796623774124,-5.97774598415489,-4.17988210881946,-0.894266017098646,1.32376995478225,3.75037817113586,-0.8676957699639,2.29842395269376,2.8529730454263,-4.28370122815616,-3.95896185053432,3.95896185053432,5.67356785718335
355,1.66912239720888,-2.49239928071853,0.823276883509652,3.33744863595543,1.48584084402642,-1.07589267908988,-3.74739680089196,5.92064494243852,1.0993525448236,-0.275284492113477,-6.74471299514863,-4.42807793950098,-1.52746270024925,1.32920820186181,4.62633243788842,-2.34892004521989,3.7166675851602,5.30465782391308,-6.67240536385341,-4.23058387231519,4.23058387231519,5.24518379034807
356,0.862989914499792,-0.960217687005339,0.0972277725055421,3.97144368074907,2.53154364782056,-1.08716419723582,-5.41582313133381,2.18871303176088,1.01720306609261,-1.74924029588072,-1.45667580197278,-3.42408074369434,0.432311263663381,1.96795780569262,1.02381167433833,0.639988700124576,-0.365556548692131,-0.0400446967483174,-0.234387454684129,-1.80226850171801,1.80226850171801,6.31376408011236
358,0.837423050291872,-1.163964277047,0.326541226755127,2.20185625874723,1.29200698676843,-0.583092422012765,-2.91077082350289,5.69760690000018,3.36425205517161,-2.45654654004649,-6.60531241512529,-5.64546227607129,-0.73818784018382,2.91250871384534,3.47114140240976,-1.29108916424085,2.45397931178844,3.79310346027086,-4.95599360781845,-4.81210067258316,4.81210067258316,4.99480383291727
361,2.33365889387607,-1.90055065892631,-0.433108234949767,1.26303623840016,1.29984604253691,-0.415418489300651,-2.14746379163643,8.29934311380158,3.83659372828442,-3.30016878686107,-8.83576805522492,-4.99282655239092,-0.905162946917406,2.09733589923114,3.80065360007718,-1.89102642104267,5.988318682369,7.94136814355191,-12.0386604048782,-7.59011797052696,7.59011797052696,6.10491389354624
363,2.1906058309473,-2.22058683355607,0.0299810026087732,2.74939186260581,0.701620902240002,-1.22461274763555,-2.22640001721027,5.10086125409702,2.53983642378945,-1.10955357600351,-6.53114410188295,-3.36992595324645,-1.61706028073128,-0.225907151586798,5.21289338556451,-1.14002014145019,1.41743491767665,3.8878352575082,-4.16525003373465,-4.16508051277841,4.16508051277841,3.03295118358064
364,2.98476824274886,-2.9803443428152,-0.00442389993366859,1.50706314108827,2.1738946808047,-1.04051019117509,-2.64044763071787,6.29174216879122,1.78188491492607,-1.1768069653851,-6.8968201183322,-5.75677955170375,-0.334563415711323,1.87712255530444,4.21422041211063,-2.75447786484424,5.35655203707891,5.73285155400297,-8.33492572623763,-6.11646105567987,6.11646105567987,5.98363349935182
365,1.29451200297152,-0.785350269530464,-0.509161733441058,1.9697310827376,2.12377537634054,-0.288006272017445,-3.8055001870607,6.13742074880925,3.35281513062333,-3.01609680000917,-6.4741390794234,-4.66920280248361,-0.909844112390556,2.60430745631287,2.97473945856128,-0.852224774481169,3.05307998997005,5.83195431899834,-8.03280953448723,-5.68187467767463,5.68187467767463,6.57042793263784
369,2.70480560092145,-2.10744131004968,-0.597364290871772,2.07634633483811,1.43125717082745,-0.516458470546237,-2.99114503511932,6.5633490484154,3.91692140716628,-2.63582351989737,-7.84444693568431,-4.95682211138407,-0.0668144869413932,1.44416185054233,3.57947474778314,-2.32283849260855,5.67090708756074,7.26247846657033,-10.6105470615225,-7.22197098564244,7.22197098564244,6.06322455052823
370,0.662565453824316,-0.744537495708035,0.0819720418837192,3.04506807291097,1.60916701290635,-1.38813275294618,-3.26610233287115,4.25417012266717,1.38140516519558,-1.02015096318534,-4.61542432467741,-3.39281289365393,0.149834618537643,1.01381223711655,2.22916603799973,-0.447999407784904,0.2350575528487,-0.328097797075699,0.541039652011902,-1.99034222542555,1.99034222542555,5.0464989029751
372,1.90870083386783,-0.612715715987747,-1.29598511788008,2.80788676381554,2.32889348118755,-1.26295185364422,-3.87382839135887,4.714176977181,0.0764675106332493,-1.09071811555804,-3.69992637225621,-5.39498276880272,-0.657979362628402,2.4003733556743,3.6525887757568,-1.28821810162554,3.15875600965378,3.18686506036452,-5.05740296839277,-4.06230695557133,4.06230695557133,4.48653565530274
373,0.769419099376575,0.578511655199863,-1.34793075457644,2.65179346169294,2.06643568078349,-0.858781813149593,-3.85944732932684,4.0474846939788,0.967975256257761,-2.89669457685877,-2.1187653733778,-4.43260783591753,-0.136969034912031,2.49124002236236,2.0783368484672,-0.885705432115931,1.3157159450857,3.97384029285411,-4.40385080582388,-3.72839797357438,3.72839797357438,5.53170327188353
375,-0.255035429691276,-0.17443652029736,0.429471949988635,2.32645718968619,1.57763208020803,0.136887254274465,-4.04097652416868,2.91380450861073,2.64646213161684,-1.9546267893015,-3.60563985092606,-4.44277089762206,-1.20113235775242,3.39033616814123,2.25356708723325,0.450048983909388,0.359133605496563,-0.197414131749233,-0.611768457656716,-2.32417036015761,2.32417036015761,5.69285013034018
376,1.91081770108563,-1.09381521449424,-0.817002486591391,3.9868823967058,1.43271992563369,-1.7533739164633,-3.66622840587618,5.9940041825363,1.49404159835514,-1.51042653694223,-5.97761924394921,-3.96162991386363,-0.916998234398519,0.918170371018771,3.96045777724339,-2.0523087321065,4.85995155117986,5.6892368693333,-8.49687968840666,-5.83719535186819,5.83719535186819,5.87812010186809
377,0.383089925463912,-0.262444013360151,-0.12064591210376,2.98236704270278,2.05411827074045,-0.390857007844018,-4.64562830559921,4.72648081671366,2.79868539970353,-1.71922766694703,-5.80593854947014,-4.91070104210924,-0.661615196949757,1.21100350524637,4.36131273381262,-0.395497757802425,1.93786643260677,2.39720503157007,-3.93957370637442,-4.32443201845727,4.32443201845727,5.4346039471089
378,2.21486796692469,-1.86184964202688,-0.353018324897814,1.63549663362884,1.06221850746257,0.362227693035443,-3.05994283412685,7.08402053732711,4.24463977543159,-3.04033187456214,-8.28832843819654,-4.80032265590949,-0.618926826188527,2.33267647539632,3.08657300670169,-2.54199885638641,5.5750598791835,8.24348140750829,-11.2765424303054,-7.47129111389453,7.47129111389453,6.13970541898493
379,1.69787066180846,-1.62308305766625,-0.0747876041422127,2.64629241687148,0.810287688226667,-0.98693033581281,-2.46964976928533,5.7109943641927,1.1209889251896,-0.68511535585773,-6.14686793352458,-4.15177766647107,-0.419853204497557,-0.228841607032926,4.80047247800156,-1.65069894074146,2.52606863836957,4.1739661579255,-5.0493358555536,-4.44107340504982,4.44107340504982,6.38498788245264
381,2.34620778700818,-2.68961654798898,0.343408760980807,2.94105682288148,1.68883838163645,-1.08768143259877,-3.54221377191917,6.5248045519421,2.5064677735048,-1.32248106081649,-7.7087912646304,-5.03886792592327,-1.08374881228092,1.03782856633987,5.08478817186431,-1.45451563509458,3.23094721080544,5.60761723527953,-7.3840488109904,-5.95740517493412,5.95740517493412,3.90595786836259
386,1.95078426786862,-1.75638226162022,-0.194402006248393,1.03609409415825,0.787536753731476,-0.240623965296497,-1.58300688259323,6.86430560886006,3.70507497382238,-2.28675749924875,-8.2826230834337,-6.04317413793405,-1.22628397815516,2.87175147646877,4.39770663962043,-2.14348564556578,4.63508063313545,7.07585926326149,-9.56745425083115,-6.66402814535647,6.66402814535647,6.58125768419652
387,1.67259286576381,-1.63900207139562,-0.0335907943681897,2.15596877347869,0.684381877718716,-0.589707999218907,-2.2506426519785,6.44346418707659,1.48310530134409,-1.33876132003531,-6.58780816838535,-5.82073342624412,-0.59682236572199,1.91703647325757,4.50051931870856,-0.792863688195514,1.97636363860295,3.83809716427087,-5.0215971146783,-4.45769271576239,4.45769271576239,5.35026695177083
391,-0.59026153090217,0.055777618084986,0.534483912817184,3.74223268223138,2.257326472568,-1.56116333691075,-4.43839581788863,2.82934450589101,2.25304223024272,-1.18859498741429,-3.89379174871942,-4.1997177975867,-0.8482891362301,1.73952123953492,3.30848569428187,0.333515239980882,-0.191370079788587,0.339905946818911,-0.482051107011205,-2.39277651897589,2.39277651897589,5.64633407365962
393,-0.513254005060633,0.553921153810643,-0.040667148750009,3.10128134503585,1.96407911918541,-0.485315971681861,-4.5800444925394,0.865762166501924,0.53333777438602,-0.203261592016446,-1.1958383488715,-2.26914259671966,0.947318301680904,1.25634984998026,0.0654744450584895,1.25707507503662,-3.62649400777584,-4.03412126103483,6.40354019377402,1.47226326472629,-1.47226326472629,4.70088288629315
394,1.35534169153991,-1.56510705085576,0.209765359315843,3.16503507973059,1.19368931119659,-0.466002842439737,-3.89272154848745,6.0604145664815,3.25261384430111,-1.53075794191778,-7.78227046886483,-4.42335490673461,-1.77834846792129,2.17920418360797,4.02249919104793,-1.44004596200038,3.85871069080669,6.13727612202806,-8.55594085083438,-6.03475443725199,6.03475443725199,5.68038242110606
395,1.63959481875274,-1.87632962265608,0.236734803903335,1.03379118864526,0.944314148621411,-0.0503776080236478,-1.92772772924302,4.69801354332396,2.98215003346154,-1.81833940613147,-5.86182417065403,-4.35654296613265,-0.895874511673788,1.42667450927561,3.82574296853083,0.0526974820070391,1.31911881298628,0.858040198946734,-2.22985649394005,-3.15334528593823,3.15334528593823,6.57231346476557
396,0.959827134320705,-1.27882511622111,0.318997981900402,2.41844802016948,0.955609786756138,-0.437521080204773,-2.93653672672084,6.35449172760942,3.88554564913111,-2.21783870527488,-8.02219867146566,-3.70620864996344,-0.985688296532512,1.32466798644608,3.36722896004987,-1.76605547606818,3.28215486152687,5.18848413412099,-6.70458351957966,-5.51659949969859,5.51659949969859,5.95338040412475
397,1.03104698677791,-1.58676739385236,0.555720407074444,2.46358148021973,1.37758975054895,-0.878413131895981,-2.96275809887269,5.91755435321978,0.965857063222444,-0.740681273053924,-6.14273014338831,-4.48888455988532,-0.0392973113854341,1.4293973749957,3.09878449627504,-1.59196445705566,3.13270263382085,3.33277200279268,-4.87351017955787,-4.23467646694811,4.23467646694811,6.13729060822368
398,2.59636703621585,-2.14993422486021,-0.446432811355641,0.694820680539707,0.743205617837317,-0.194429613117625,-1.2435966852594,8.63948295697026,3.74611555219518,-3.16743401940149,-9.21816448976395,-5.53564131662096,-1.36908311080998,2.34395946223995,4.56076496519099,-1.95786387520641,6.3395160848685,7.78584025882963,-12.1674924684917,-7.68810901598124,7.68810901598124,5.85953860174188
