"resp.id","policytypeban","policytypesubsidies","policytypetax","cost4","cost9","cost14","cost19","year2025","year2035","year2045","year2055","distance2","distance5","distance10","distance50","orgccc","orgdp","orggreenpeace","orgrp","noneTRUE","noneFALSE","adopters"
2,2.45267769221021,-1.83338544901948,-0.619292243190728,2.27496908621595,0.682546043270229,1.56975530099504,-4.52727043048123,5.74497338402428,2.28014347642571,-0.535155413455714,-7.4899614469943,-5.5533219276242,-0.730236914759222,3.39179092098738,2.89176792139604,-1.6613042975641,4.61491780249614,6.51843562820099,-9.47204913313303,-5.15575618224292,5.15575618224292,6.86948097195893
3,0.0322561677648833,-0.637334608421211,0.605078440656328,3.25470596812564,2.2014763347618,-2.29245086722077,-3.16373143566666,3.40892999741476,2.75038242139652,-1.66923714664795,-4.49007527216333,-4.19016356352801,-1.67712458043698,1.63754059226604,4.22974755169894,-1.03619851977521,1.63535019772899,1.26273488175463,-1.8618865597084,-2.85299339074581,2.85299339074581,6.30828277005686
4,2.86132071109729,-1.2695813228486,-1.5917393882487,4.04734446231491,1.64249886814587,-0.224088787088391,-5.46575454337239,5.81250095748436,2.90511862214289,-1.64452692196748,-7.07309265765977,-6.89244673438225,-0.507860766786783,1.86202403939574,5.5382834617733,-2.25790058172264,5.29758916327117,7.70663485503177,-10.7463234365803,-5.8924296270343,5.8924296270343,7.05068065111634
5,1.91810352582977,-0.596024244275718,-1.32207928155405,3.75580519769522,-0.405351386121789,1.01083857320442,-4.36129238477785,6.46150019738326,1.5259678919778,-1.76063310334734,-6.22683498601371,-7.47666807299356,0.958783394691353,2.04944468882459,4.46843998947761,-2.38184537699597,3.6066543996865,5.75311209781732,-6.97792112050785,-4.33767352628964,4.33767352628964,5.66302442095611
6,-2.57331949277351,2.10270065467483,0.470618838098672,5.06270686332574,1.44774575954418,-1.05650228279226,-5.45395034007765,-0.316282741772968,0.0262529694253921,0.0453501875799943,0.244679584767581,-2.6483703697667,-0.124829562462081,1.13104368180063,1.64215625042816,0.733223759403736,-5.46622390894311,-5.92753808496579,10.6605382345051,3.5633988076585,-3.5633988076585,2.73146502420039
8,-1.66796598035909,1.39792409780715,0.270041882551955,4.18877784234594,2.82220800318004,-1.80921299274506,-5.20177285278091,0.442686695052459,1.05127422230228,0.14202261882564,-1.63598353618038,-3.57216539168345,0.489775070686661,1.7766168205631,1.30577350043369,-0.227241006536039,-2.93874701337105,-2.63457767877323,5.80056569868032,0.60201857344468,-0.60201857344468,4.5556747626771
9,3.10323549644577,-1.89354667585696,-1.20968882058881,2.14813757787787,1.84563657991376,-0.352518329871013,-3.64125582792062,6.78206126770748,3.1463166856423,-1.63323098111019,-8.29514697223962,-6.97242847328265,-0.591951207466157,1.86624502983438,5.69813465091442,-2.32512517631066,5.17500035835162,7.94634329379668,-10.7962184758377,-5.99909280817275,5.99909280817275,7.32637345987813
13,0.000263995835127487,-0.203765764616697,0.20350176878157,4.54352330813506,1.54840360306627,-0.506237277102044,-5.58568963409929,2.9235018469132,1.89305460242586,-1.27003342659637,-3.54652302274269,-6.10283594115041,0.0847494030622554,2.25031237708508,3.76777416100308,-0.942250197494093,-0.498077883648709,1.01785446490658,0.422473616236225,-1.68329858362943,1.68329858362943,5.54149898662726
15,2.83361120541605,-1.12675640596696,-1.70685479944908,3.55368223624549,1.05773600828383,-0.665711849455248,-3.94570639507405,5.71036603307172,2.24441136397491,-0.966839801434503,-6.98793759561213,-7.36476182922945,-0.0533915800210311,2.49181430814893,4.92633910110157,-1.24772342567335,3.53607104371329,5.24611993009292,-7.53446754813285,-4.87475850779137,4.87475850779137,6.84257604028662
16,1.18061656680788,-1.48626372908321,0.305647162275332,4.37372623985228,1.48329030782349,-0.687145290749494,-5.16987125692627,4.44381018288124,2.38560960678429,-1.63304786975786,-5.19637191990767,-5.60828044424927,-0.374180260357056,2.23064842626961,3.75181227833672,-1.9535957704885,1.66989931788079,3.33033208028845,-3.04663562768074,-3.05517403575572,3.05517403575572,6.61515796045124
18,-0.344407718010302,0.281389489261224,0.0630182287490778,4.10312375594111,1.801451179736,-0.432183143212845,-5.47239179246426,2.5798639359321,1.85220330183102,-0.0158286168021788,-4.41623862096093,-4.96279878890709,-1.37767351639762,3.08568199646047,3.25479030884423,-0.0776865742287554,0.068442174487257,1.29139993446058,-1.28215553471908,-2.31373498735463,2.31373498735463,5.53724996202576
19,2.16069469717458,-0.994490229520032,-1.16620446765455,3.13220056741415,1.8961547864837,-0.781616128330471,-4.24673922556738,5.24220260851583,2.9684130979481,-1.53488971109415,-6.67572599536976,-6.94823418142204,0.272084178712998,1.71013412319297,4.96601587951607,-0.375877885328433,2.22096105292273,4.72015452284578,-6.56523769044007,-4.16640023363313,4.16640023363313,6.35463967776617
21,0.396903213916342,0.0125129232925263,-0.409416137208868,4.33962713435521,1.40990694973637,-1.46627196757098,-4.28326211652059,2.99169733140571,1.16922921197106,-1.36551346511879,-2.79541307825798,-5.247030666833,-0.409510160543092,1.28334256599624,4.37319826137985,-0.781367394022477,-0.964445480684235,-0.166050201719766,1.91186307642648,-1.57337738124309,1.57337738124309,5.39237310666972
23,-0.601700679873605,0.724896934385693,-0.123196254512091,2.39916460008333,2.63190497092636,-1.37725835887378,-3.65381121213591,1.82944791357337,-0.0533788764913875,0.975673158209264,-2.75174219529125,-0.554558516942932,-0.897692055737862,0.18869767688943,1.26355289579137,0.297995980640549,-3.50804357707701,-2.98018683498788,6.19023443142434,-0.00691539163403314,0.00691539163403314,4.71033301958197
24,0.881201412507874,-1.02831460531227,0.1471131928044,5.35798563350984,1.93536093156133,-1.97687383921524,-5.31647272585595,2.22362102594763,1.29227060786195,-1.63260457543433,-1.88328705837524,-4.12275141805505,-0.884767043595396,1.53909711427003,3.46842134738042,0.30180557143042,-0.632483188727833,1.3636814471735,-1.03300382987609,-2.25244127988097,2.25244127988097,6.9935842477341
25,2.30319966173503,-0.938487339227553,-1.36471232250747,3.6681074417833,1.66582726874319,-0.562555902815131,-4.77137880771137,4.95272642770136,2.39995277560798,-1.16475229933711,-6.18792690397225,-6.54802138128443,-0.293342567249575,1.97093595535239,4.87042799318161,-1.66791781581096,2.68253283862847,5.48023803858235,-6.49485306139986,-4.31282074564724,4.31282074564724,6.38556402555735
26,2.15310777358505,-1.77549005501476,-0.377617718570294,2.24828207033191,1.8075726533747,0.233081029614709,-4.28893575332132,6.95053817384614,1.78871012967149,-1.01355634651729,-7.72569195700033,-5.99193051617868,-0.169061704891902,2.55197331145984,3.60901890961074,-2.24328996456219,4.29656009546502,7.07549565124668,-9.12876578214952,-5.04201764144502,5.04201764144502,7.53821577052217
27,0.388899398089463,0.629134799471453,-1.01803419756091,2.66086274043864,1.35692865798682,-0.522665164071525,-3.49512623435394,3.02846758710935,1.7586996119745,0.460219944827945,-5.24738714391179,-5.81847866790319,0.765969497039878,1.66669707553599,3.38581209532733,-0.673758163349002,0.433067704062986,0.689698359675403,-0.449007900389385,-2.2206728651873,2.2206728651873,6.16607058137431
28,-1.04492741185368,0.523801653629364,0.52112575822432,4.53547002488443,2.49283523561758,-2.85657023602413,-4.17173502447788,-0.525450462082002,0.00401721024946816,-0.0910141349147261,0.61244738674726,-2.02023296845956,-1.36445336535705,1.64704079549772,1.7376455383189,0.882315761951912,-4.58492841551513,-4.00765780033375,7.71027045389696,0.420697694876058,-0.420697694876058,4.8973034650519
29,-0.443995769304462,-0.535203407007097,0.979199176311559,3.6134598338902,2.42812069710192,-0.774929712284856,-5.26665081870726,0.883042568537496,1.16928416623721,-0.809298802985594,-1.24302793178912,-5.13012126344206,-0.828926005747974,2.40605243428608,3.55299483490395,0.215625544446783,-0.40303846491579,-0.65294954626026,0.840362466729264,-1.70933385140906,1.70933385140906,6.23376062777618
32,-0.605634052466467,1.20193704493779,-0.596302992471317,3.65221315087164,0.926297327786174,0.574024413881947,-5.15253489253978,1.32781825082296,1.28172948024067,-0.391191075280281,-2.21835665578335,-3.922791733083,0.680078102154483,0.651075568869665,2.59163806205885,-0.80996446780008,-2.97222084760882,-2.27023100656062,6.05241632196954,1.98691671276043,-1.98691671276043,3.61731034404768
33,2.65754193131244,-1.43263180900146,-1.22491012231098,2.79627838348771,1.5053058289732,-0.273357257765368,-4.02822695469555,6.19737216994225,2.9067048444432,-1.83747108484062,-7.26660592954483,-7.55372112025719,0.0698129413489092,2.39483087750176,5.08907730140652,-2.24493833743443,4.52851142902228,6.93534623231773,-9.21891932390559,-5.43796428574759,5.43796428574759,7.7396331448451
34,1.23351524020297,-0.418137745924216,-0.815377494278758,4.14962934653866,0.894858182716566,-1.20005537693084,-3.84443215232438,3.3333257754033,1.86571774093837,-0.646284131028671,-4.55275938531301,-6.64337176877314,0.242929675370798,2.45969796933078,3.94074412407155,-1.40734071992522,2.05685186970631,5.48990459025368,-6.13941574003476,-4.08729421699468,4.08729421699468,7.23184343717196
35,2.3920749720738,-0.812882954484469,-1.57919201758933,2.97486600686794,1.12142813228323,-0.155707519030556,-3.94058662012062,5.79298548339951,2.12142266300494,-1.13776846370147,-6.77663968270297,-5.4587558952306,0.768118319291547,1.09721620952358,3.59342136641547,-1.66353683089554,1.65121616506941,4.35073291308158,-4.33841224725545,-3.17453665508296,3.17453665508296,6.87056513539191
36,2.16788124741562,-1.59493167367211,-0.572949573743512,2.40690690874568,1.80332051626056,-0.0606611881543029,-4.14956623685195,3.80686934656675,2.74370775949959,-1.40850278882992,-5.14207431723642,-4.080007923705,0.475833853004982,0.926384398256266,2.67778967244375,-3.27329977692278,2.3597587173266,3.61962129064503,-2.70608023104885,-2.93849903777511,2.93849903777511,7.44791748533765
38,2.77728231254057,-1.93868994528331,-0.838592367257252,2.92512535783891,1.377645536741,-0.713817363037428,-3.58895353154247,6.02142323485048,3.19263104206226,-1.41902410068879,-7.79503017622397,-5.33437144834518,-1.99620814315764,2.67954253524853,4.6510370562543,-1.47131472044947,4.89691183384467,4.93537947036802,-8.36097658376325,-5.21874949486832,5.21874949486832,7.14411171201907
39,2.19340804166209,-2.05817690440297,-0.135231137259116,2.76535112095302,2.19946831508965,-1.20360870855695,-3.76121072748572,4.31614279514563,3.25782244593106,-1.70703214246415,-5.86693309861254,-6.41413238068571,-0.471098474044359,2.89952226876344,3.98570858596665,-0.458604621981209,3.24691971090489,3.8774465200484,-6.66576160897206,-4.44398970828501,4.44398970828501,7.38352462798677
40,-0.110458585699614,0.0674641297708606,0.042994455928754,3.79728123438218,1.8515794291735,-0.669765015450987,-4.97909564810469,3.96367636426965,0.845931129792516,-0.355866446674131,-4.45374104738804,-5.17866608395625,-0.119041591728883,1.75217642013794,3.54553125554719,0.429702627367575,-0.804025774614804,0.225039962506695,0.149283184740535,-1.88231747080309,1.88231747080309,5.97216329020696
41,3.64381579485127,-1.51797084943901,-2.12584494541226,2.26125362550054,0.676595961762301,0.236034030124467,-3.17388361738731,6.23613937276025,3.69071805711279,-1.5041926219509,-8.42266480792215,-7.28964003344561,0.0347622948555595,2.07125921768069,5.18361852090934,-2.41583220012577,5.18322887919488,8.31650987041548,-11.0839065494846,-6.22861643757192,6.22861643757192,7.10653664491737
42,0.223091948011268,-1.21905421340386,0.995962265392594,1.8039504538043,0.986809735182618,1.34355727509933,-4.13431746408625,6.63104031551266,2.41055356541526,-1.88315853633543,-7.1584353445925,-7.32558079489765,0.8824916692442,2.74772241959222,3.69536670606123,-1.53882248373377,3.89164830815803,6.49841298765982,-8.8512388120841,-4.80583661572679,4.80583661572679,6.96925126331003
43,-0.049065612743835,1.01014216867878,-0.961076555934942,2.23074719947365,1.2178510036259,-0.100726607513992,-3.34787159558556,1.7490814683783,0.705029419772338,0.0228440796000383,-2.47695496775066,-4.06846776602102,1.14295690456443,1.13938555287418,1.78612530858242,0.00854873006298957,-4.1972218612745,-2.39262500082847,6.58129813203997,1.65830248713508,-1.65830248713508,5.31072061302142
44,2.03514120332948,-1.11994401778131,-0.915197185548176,3.38597785516589,1.81636412410865,-0.0889279384633656,-5.11341404081117,4.60780015315718,2.70687538092295,-1.52803399978952,-5.78664153429062,-7.58569651096419,-0.367628198250886,2.0942092675891,5.85911544162597,-1.86519837966205,3.53176583241821,5.83751015846518,-7.50407761122132,-4.6790440905808,4.6790440905808,6.78589744139441
45,-1.3950599518577,0.664796514984363,0.730263436873335,4.78595068798231,2.02443381352323,-0.722130607726181,-6.08825389377938,-0.0185012980605696,-0.136616873576837,0.461295215012053,-0.306177043374646,-2.81102052274865,-0.215819583893754,-0.132312869494273,3.15915297613667,0.978579919960254,-4.5315690029014,-4.70249773388341,8.25548681682457,2.9273803698421,-2.9273803698421,3.86542227828654
46,0.544423382180006,0.102461147782141,-0.646884529962147,5.1239682469877,2.60326101963272,-2.27537878737169,-5.45185047924873,3.20817091228454,1.43954467977277,-1.36787360941623,-3.27984198264109,-5.29336154722303,-0.17364756399625,1.9915492612508,3.4754598499685,-0.896476203292269,0.6903014985547,1.71061715187823,-1.50444244714065,-2.39300110688936,2.39300110688936,6.0992387770005
49,-1.61823628060538,1.35165816490403,0.266578115701344,4.09246332144434,0.728138461211325,-0.488152249348535,-4.33244953330714,0.94989670954641,-0.45527404631132,0.222253138944387,-0.716875802179476,-3.3009428925678,0.792557435720622,0.803133400316557,1.70525205653062,0.554918444758542,-4.84913531864467,-5.10479575361547,9.39901262750162,1.86481579355962,-1.86481579355962,4.2633813826561
50,-0.572949144965492,-0.271304753593254,0.844253898558746,6.54953476764396,1.68391767716333,-1.59824981989223,-6.63520262491504,1.41920659221461,1.25715035860003,-0.976913400919989,-1.69944354989466,-4.41236420473532,-0.237031262194056,1.5682213236162,3.08117414331319,-0.807467988136851,-0.968334178360949,0.411363841150697,1.3644383253471,-0.0988285117014647,0.0988285117014647,5.19788627580498
51,2.33297917793383,-1.3546221199629,-0.97835705797093,3.11871264728916,1.85211400453534,-0.0308874059553302,-4.93993924586917,5.61090458241368,3.10049400721541,-1.58089177042611,-7.13050681920298,-6.91855610592887,-0.364940392318579,2.11794109406499,5.16555540418247,-1.84157977407215,4.03312535238017,6.21124601436505,-8.40279159267308,-4.94495817570984,4.94495817570984,6.86655641463667
53,3.39954417008482,-1.80136976823898,-1.59817440184584,1.60144460409395,2.0107906284615,-0.206501698415483,-3.40573353413997,5.57990233458682,2.44920805708412,-1.96582230265913,-6.06328808901181,-7.26092028614187,0.617468494417265,2.22223559686307,4.42121619486152,-1.76061678286123,2.11578969573683,5.15228063303581,-5.5074535459114,-4.18532971858937,4.18532971858937,6.74282446441788
54,2.26754260956326,-1.37922179361492,-0.888320815948344,2.07048424272963,0.605991667354434,-0.416480772564713,-2.25999513751934,6.85856737353724,2.2381091504296,-1.97900487415502,-7.11767164981181,-7.76789053277578,-0.25951523445321,2.7379872924728,5.2894184747562,-1.58420718601232,4.35136071945021,6.56136847711372,-9.32852201055161,-5.50981159589389,5.50981159589389,7.48136734076153
56,-0.248838752693993,1.0321310913312,-0.783292338637206,4.74427445397836,1.84357482897703,-0.166077326123335,-6.42177195683205,2.8140285303639,0.796561174964325,-0.295913467716485,-3.31467623761175,-6.31923298367404,0.348769905237885,1.9992581284211,3.97120495001504,0.325977879572519,-1.11442301978899,1.38717158577247,-0.598726445555999,-1.73118853850189,1.73118853850189,3.93351033250058
57,1.39550100503403,-0.671966489645028,-0.723534515389003,1.85469995154195,1.26765943301575,-0.15308000499001,-2.96927937956769,5.79863888335558,2.42927529118426,-1.63266733453026,-6.59524684000957,-7.33516053728543,0.184169817350016,2.50668663177271,4.6443040881627,-2.33659133990366,2.55282857424628,5.11428302536829,-5.3305202597109,-4.21801614181579,4.21801614181579,6.63190142592153
58,-1.68254419747034,0.713706665345761,0.968837532124581,3.64185552132037,1.1853112293549,-0.280269166778777,-4.5468975838965,1.19107539006826,-0.215119944889556,0.357826818362863,-1.33378226354157,-3.74741828030168,0.168578613542973,2.07623870364332,1.50260096311538,-0.573134979366397,-4.09292729060968,-3.16281399825071,7.82887626822679,3.04737345066583,-3.04737345066583,4.19527648190118
59,-0.430133423677147,0.319908566546586,0.110224857130561,4.68163068915046,2.01274365827706,-2.75511725643647,-3.93925709099105,-0.938936086917449,0.192236591228556,0.163008965075683,0.583690530613214,-1.64290928996995,-0.961286549001434,0.497170710833001,2.10702512813838,0.194958989056028,-4.2529221423833,-5.03196199513629,9.08992514846356,0.521471535237064,-0.521471535237064,5.04824816866236
60,-1.44354244815446,1.13364881032276,0.3098936378317,3.83973707712348,1.08847507005442,-0.0568647855063896,-4.87134736167151,1.11906067982076,0.540703840409506,-0.418587375387745,-1.24117714484252,-1.56610661889554,-0.299187817508201,-0.609908695766659,2.4752031321704,0.45180828695356,-2.83831754080762,-2.76215214079821,5.14866139465228,0.277166544182701,-0.277166544182701,1.99619773153704
61,0.226424876439405,-0.300269695975026,0.07384481953562,3.2505411675729,1.73634556194121,-1.39367302227445,-3.59321370723965,1.48203823171356,0.569566707560949,-0.542580511793231,-1.50902442748127,-4.73495373749109,0.901789718930566,1.74906623933182,2.0840977792287,-1.42159812026112,-2.29043348456597,-1.64665896679059,5.35869057161767,-0.37775261951504,0.37775261951504,6.54502783764415
63,2.70645162213394,-1.10194593287319,-1.60450568926075,2.99339159309637,1.87978013863349,0.289260928555332,-5.16243266028519,5.31425925486079,2.96387221869523,-1.4818015331311,-6.7963299404249,-7.4087631435731,0.196290789386724,1.863535309025,5.34893704516137,-1.48416789215045,4.39718740526537,6.34936500745439,-9.26238452056931,-5.20479707616619,5.20479707616619,7.30751512641613
65,3.04224186332872,-1.96924536820326,-1.07299649512545,2.66875622723014,2.05178078427215,-0.335538918087276,-4.38499809341501,5.63047129969801,2.96965993616822,-2.56791624714326,-6.03221498872298,-6.23177341591343,-0.896443760071572,2.7253083624814,4.4029088135036,-1.76252912889071,2.90739104440081,5.59341525153095,-6.73827716704105,-4.51876027708872,4.51876027708872,7.13002302302201
68,-1.37429670851282,0.506603666802352,0.867693041710463,5.4100194146848,1.9458491825753,-2.09294885237691,-5.26291974488319,0.476452257613672,0.578056187297357,0.373335868479617,-1.42784431339064,-2.73492621126005,-1.84324857527893,1.19769981365265,3.38047497288634,0.308386463952343,-2.78890377418817,-3.14654168522644,5.62705899546229,1.15052517793322,-1.15052517793322,4.0711432347339
70,0.606854266386453,-1.11621483993627,0.509360573549813,2.6088220186519,2.12573786953017,0.0576650023551859,-4.79222489053727,4.01571336191306,2.06282333171832,-0.459197008851834,-5.61933968477953,-5.29256272343488,-0.528059548601764,1.56310824250906,4.25751402952759,-1.73734559229083,1.37940002458923,1.77649894218623,-1.41855337448463,-2.33026013677572,2.33026013677572,6.72433591766484
71,2.12956300149456,-1.57720257209671,-0.552360429397855,2.15652006735204,1.89495118776617,-0.0486782616957836,-4.00279299342243,6.87449365331031,2.73477222037766,-2.1602774501472,-7.44898842354076,-6.97742944316065,-0.359729098041237,2.34449098533529,4.99266755586659,-2.47406151990365,4.57813940194131,6.88092154964776,-8.98499943168541,-5.38650973518021,5.38650973518021,7.53314143216457
72,0.909564469605726,-0.453141261116117,-0.456423208489609,4.29592263050365,2.477624007453,-1.533046743869,-5.24049989408764,3.28846488671985,1.58890079953227,-0.123488732349604,-4.75387695390251,-4.53671384339922,-0.953017492239406,1.98965640660275,3.50007492903588,-0.550798967169999,1.10626164717003,2.830670545017,-3.38613322501703,-2.8924479595071,2.8924479595071,6.79169661163141
73,3.70222267561317,-1.80313926167451,-1.89908341393866,2.74496456889611,0.812006818769654,0.136832135048902,-3.69380352271467,5.24978024688844,2.314958223725,-1.24519817700431,-6.31954029360914,-5.25952279871539,-0.193359315566654,1.10019643974371,4.35268567453834,-1.18724282928342,2.200299208032,5.08128664694239,-6.09434302569095,-4.02314234070932,4.02314234070932,6.88459045430412
74,2.46452434540255,-1.61772418710861,-0.846800158293941,2.43725578066262,2.09897763039663,-0.420973443091514,-4.11525996796775,7.00858023300594,2.75921028818048,-2.17946776610619,-7.58832275508024,-7.86847626257831,-0.586538142461599,2.92734482712029,5.52766957791961,-2.14181503037438,5.05954049264352,8.11512532919759,-11.0328507914667,-6.18643908619395,6.18643908619395,7.53653713504213
77,2.4388014521277,-0.568795264363898,-1.87000618776381,4.35956897941112,1.8247414517493,-0.16781370033534,-6.0164967308251,4.17542825776479,2.89243878182065,-0.48380642150565,-6.58406061807979,-5.06104268098559,0.180420624243701,1.29681825347343,3.58380380326846,-1.68331293095421,2.63680624882315,3.87230741662788,-4.82580073449682,-3.53657644709724,3.53657644709724,5.46823901155605
78,1.43109747141345,-1.70198829190271,0.270890820489255,2.5033041420133,2.33977722829291,-0.615642626024049,-4.22743874428215,5.6965309267542,3.02344725060029,-1.93676203433646,-6.783216143018,-5.53684091567265,-0.2749081935495,2.64936129431521,3.16238781490693,-1.23499161618354,2.20358954784542,3.94892445562657,-4.91752238728846,-3.67463150393829,3.67463150393829,6.99772338212157
79,0.412742754977068,-0.0841300325605508,-0.328612722416516,4.78824760805755,1.69592051729091,-1.06242666490506,-5.4217414604434,3.87581124763598,2.39474528717921,-1.24902425751978,-5.02153227729541,-5.59213514656295,-0.965394784069077,2.29913042226675,4.25839950836526,-1.26050236517679,2.52982257361138,3.97493288559104,-5.24425309402561,-3.76517202425047,3.76517202425047,6.1821511820811
80,-0.103167954038342,0.113898233143687,-0.0107302791053447,4.13382077674004,2.5568168642061,-1.75887851704652,-4.93175912389962,1.1591252659559,0.400638635380768,0.108940122780544,-1.66870402411721,-3.76672925112283,0.291852169591358,1.04810205235628,2.42677502917519,1.1286342893321,-3.84363979781947,-3.55349807372747,6.26850358221482,-0.0903244381384952,0.0903244381384952,4.73668387870247
81,-0.760477959570371,0.132250008786641,0.62822795078373,5.02756003895908,1.95730042237455,-1.62500301724422,-5.3598574440894,0.475770860700997,0.201251462788686,-0.428121500345828,-0.248900823143856,-4.32921933884604,-0.279597285010032,1.37597190113375,3.2328447227223,0.0935997142430367,-3.0040510996207,-2.5116215726085,5.42207295798616,0.928530451395091,-0.928530451395091,5.16397224035637
82,1.70903242237444,-0.0220688383820572,-1.68696358399237,1.55215619725795,0.467508085887598,0.608617282056082,-2.62828156520162,6.60766749059035,2.81396709197631,-1.27798496817123,-8.14364961439543,-6.14961768375883,-1.20463882300735,2.13714104284299,5.21711546392319,-2.54624055470677,5.16519478128921,7.50722312546727,-10.1261773520497,-5.80349859378919,5.80349859378919,6.13262600515509
83,2.13527352212259,-0.14600616727127,-1.98926735485132,2.96531249676798,1.23803556416556,-1.04113902917999,-3.16220903175355,4.41463436264041,2.58345537747657,-1.48805136116025,-5.51003837895674,-5.96123008107113,-0.717731044999581,2.87733453025331,3.80162659581738,-0.93862729765178,2.32914310550688,3.22417111617838,-4.61468692403349,-3.70683334359278,3.70683334359278,7.20887084301692
85,1.97410835699671,-1.1644282705558,-0.809680086440907,4.19769964542007,1.93194730183984,-0.936415079008457,-5.19323186825147,3.76191817060035,2.48415666326784,-1.06774012492397,-5.17833470894424,-5.11328005328694,-1.12512417145213,1.96054027587696,4.2778639488621,-0.336856548638781,2.27970042210141,3.33920691931332,-5.28205079277595,-3.95743082917353,3.95743082917353,7.74129982165518
86,0.293733227429672,0.548679140703536,-0.842412368133208,6.42639443740085,1.3225053533811,-2.42242210934249,-5.32647768143945,1.26767688656576,-0.13873739415329,-0.152072294074727,-0.976867198337747,-2.72714288266884,-0.656607146619165,0.850849132869237,2.53290089641877,-0.341930980314697,-1.75741230756308,-1.24084595751069,3.34018924538846,1.04044297100351,-1.04044297100351,4.9116474567447
87,1.65728243755608,-1.6229190307916,-0.0343634067644778,3.31925307843607,2.22440477720354,0.492360660963174,-6.03601851660279,4.83908158927992,2.61855707316978,-1.68931368517558,-5.76832497727412,-7.10081641393764,-0.16052250729538,1.89378815615424,5.36755076507877,-1.94306020268977,3.6752826121429,6.36724450826255,-8.09946691771567,-4.7091550441332,4.7091550441332,6.56969575193251
88,-0.952173061247641,0.0253216647255001,0.92685139652214,4.85884739381835,1.53761167227468,-1.09656773167938,-5.29989133441366,0.260301524730401,0.969723551381682,-0.986713509287244,-0.243311566824839,-3.24575643701125,-0.046110914167711,0.810404367533749,2.48146298364521,0.841977783732598,-3.91032990840019,-4.00674509694767,7.07509722161524,1.06688319871257,-1.06688319871257,4.8169949330416
89,0.408334437006395,0.199308614044856,-0.607643051051252,3.13762974283725,1.74197026315166,0.422014010747948,-5.30161401673686,3.87691326231098,0.905774766347679,-0.986723649184947,-3.79596437947371,-6.48982565003775,1.49135499257501,1.69179834382134,3.30667231364141,-0.483878052150264,-0.908625424275344,1.80360188170407,-0.411098405278463,-1.5029855108353,1.5029855108353,5.79755775641138
93,0.603072825778066,-0.423419041101109,-0.179653784676957,4.71698067754368,1.94246970340096,0.167193261023226,-6.82664364196787,2.89037644826901,2.15987134778223,-1.20009284840826,-3.85015494764297,-6.59933704099296,-0.0623322920706911,1.53080794179345,5.1308613912702,-1.67198432133428,2.0790794230699,4.10115497121404,-4.50825007294966,-3.59807276914214,3.59807276914214,6.14392713474179
94,4.33341763776286,-2.67310888399428,-1.66030875376858,0.596861855746552,2.40528596968856,-0.704055297655426,-2.29809252777969,6.97264184429485,3.11494559702225,-2.79480237425987,-7.29278506705724,-8.11959753895895,-0.619405046979624,2.4381433761283,6.30085920981026,-2.47542270905651,5.80726893795631,9.10886295875504,-12.4407091876549,-7.00234008428159,7.00234008428159,7.7015067577131
95,-1.11567662579648,0.509010389223602,0.606666236572882,4.50385177741274,2.13507464055389,-2.17005070979985,-4.46887570816677,1.39277714824248,0.653598481587168,-0.369338048746921,-1.67703758108272,-2.26475563466879,-1.90341932587953,2.51105605774768,1.65711890280063,-0.227274259847278,-2.8106140516257,-2.67846342236389,5.71635173383685,1.22342439210287,-1.22342439210287,5.00936147996006
98,0.980507000515972,-0.530645820919485,-0.449861179596486,5.22590420457268,1.93108460532854,-0.6007245116958,-6.55626429820542,2.31835998654254,1.41523139845942,-0.041376342968412,-3.69221504203354,-5.93936515154495,0.450992102305566,1.48714483218197,4.00122821705741,-1.17305747562131,0.131657461891498,1.92550179808378,-0.884101784353966,-2.04867104129444,2.04867104129444,5.56775424638044
99,1.74683040565204,-1.19723391344324,-0.549596492208793,3.698526888159,0.913665964950842,0.578922727070461,-5.19111558018031,4.08855893802582,2.81484776380387,-2.13718333030848,-4.7662233715212,-6.91265648474667,-0.313899002617551,3.12713394804403,4.09942153932018,-1.4352337748175,2.12832779209228,5.01594635437762,-5.70904037165242,-3.86102562597085,3.86102562597085,6.72219049529606
100,2.55265457631297,0.298454846698856,-2.85110942301183,3.40279071043401,1.84667078700534,-0.410428801240627,-4.83903269619875,4.26056544523723,2.69013073901447,-1.46859380565247,-5.48210237859924,-5.8095826422824,0.339810267504272,0.75076909314549,4.71900328163263,-1.37193824432706,2.81171950382994,4.74892992327198,-6.18871118277485,-4.17112533249481,4.17112533249481,6.61480116088959
103,0.318844069009417,-0.0513665310971151,-0.267477537912303,2.37087361824671,2.91166983649151,-1.94473964165791,-3.33780381308032,3.47577247721331,2.01612415578724,-1.30578022475451,-4.18611640824604,-4.95738739619085,-0.987119851819002,2.01039708336828,3.93411016464157,-0.0848255397168704,-0.230147868830088,-0.202161349813432,0.517134758360391,-2.12778566397714,2.12778566397714,6.30990232824078
104,-0.807332887366808,1.80634996748116,-0.999017080114348,4.6815618222626,1.92258163225219,-0.792921707340048,-5.81122174717474,-0.00786267208329154,0.54489088218063,0.415529079667805,-0.952557289765144,-3.59532115241718,0.330114512745707,0.316163703340515,2.94904293633097,0.221864050439774,-4.10953958357761,-4.48568073370079,8.37335626683862,3.03175491238962,-3.03175491238962,3.03400442404003
105,1.93288209767522,-0.667672335978102,-1.26520976169712,3.46162419053105,2.2601800096676,-1.12361334833105,-4.5981908518676,3.61623782483523,2.51653011766925,-1.07774751982485,-5.05502042267963,-6.68012688556583,-1.40925227099242,2.98883548713194,5.10054366942629,-0.750310775205748,3.25203247805003,3.02041837030385,-5.5221400731481,-4.36931881294479,4.36931881294479,5.78640310151542
106,2.44809425518856,-1.85534643223676,-0.5927478229518,3.0186490570493,2.30548828024144,-0.397307558816494,-4.92682977847425,3.78435767050405,2.0801817737989,-1.1395454436158,-4.72499400068714,-5.11798339547818,-0.0209078606890461,2.22244251401821,2.91644874214902,-1.70536616946384,1.82114915284203,2.24207323849542,-2.3578562218736,-2.92776967588556,2.92776967588556,7.0643341692531
107,1.1166297363407,0.0299357398432021,-1.1465654761839,4.08366780950294,1.1811091538352,-0.183667209222642,-5.08110975411552,3.96308067123021,1.8187986522645,-0.715930459882105,-5.0659488636126,-5.81387977813849,0.337316507127058,1.19393539544561,4.28262787556582,-1.19060926537052,0.936667183599178,3.3802312341024,-3.12628915233105,-2.70265256825751,2.70265256825751,6.82903104086531
110,1.62464079309563,-1.30171712094099,-0.322923672154631,2.31467787140774,2.39818368984114,-0.665669746618418,-4.04719181463046,5.81287205549847,2.53324365000848,-2.32084813029196,-6.02526757521499,-6.26853879357312,-0.903828576349387,2.63057625364176,4.54179111628076,-1.48095714496964,2.07082518830197,5.04730950872669,-5.63717755205904,-4.20561865734445,4.20561865734445,6.2744555626797
111,3.20127262219862,-1.89019029890602,-1.31108232329261,3.36902516995365,0.470591502573521,1.56155983325849,-5.40117650578567,6.57688885345304,2.44648492004596,-1.34155484134704,-7.68181893215194,-6.99902937492276,0.0942397765220367,1.79044498668824,5.11434461171249,-2.35522634501857,4.56565840836928,8.04240237524282,-10.2528344385935,-5.50309867890205,5.50309867890205,6.62042655882879
113,-1.27324959292874,0.789067856792648,0.48418173613609,5.59016132445406,2.00374858464974,-1.15633590108888,-6.43757400801493,0.635691230260061,0.951499013707109,0.394146611651107,-1.98133685561828,-3.87184511315624,0.366884955386072,1.63539490258665,1.86956525518352,-0.859778934304685,-2.64128372666788,-2.91991871367721,6.42098137464979,1.77949457755433,-1.77949457755433,4.22369462608947
114,0.535470109595453,0.112541338164197,-0.64801144775965,3.1051975090197,1.4944642255996,0.0951607211275333,-4.69482245574683,3.527151661757,1.93259624772499,-0.866754772064603,-4.59299313741738,-6.63253639194992,0.168114109741082,2.64139997004256,3.82302231216628,-1.43332010978428,1.34365011603469,1.90623108399422,-1.81656109024462,-2.43478709001839,2.43478709001839,6.69120622110716
115,1.02715672718393,-1.54565682758258,0.518500100398641,2.40449998617181,2.10737634071986,-0.15080129256069,-4.36107503433098,6.12716659152253,2.3942282225435,-2.55937472904771,-5.96202008501831,-7.00283572036676,0.261654268761734,1.80593993926436,4.93524151234065,-2.42433756092065,3.77628761730258,6.22386940139893,-7.57581945778086,-4.66921428650404,4.66921428650404,6.66842555411366
116,1.89026615304092,-1.15593090945094,-0.73433524358998,2.1545191408093,2.08054266132958,-1.19069606083803,-3.04436574130084,4.48579100619886,2.21497458098254,-1.88905324312327,-4.81171234405814,-6.82831436470161,0.196688289377722,1.67452439695129,4.9571016783726,-1.99007332475671,2.77553276981776,3.74236126885553,-4.52782071391658,-3.90555156019965,3.90555156019965,7.9762067886091
117,1.35496718754562,-1.14530635057685,-0.20966083696877,2.65888133664904,2.43273567480301,-0.669624303173925,-4.42199270827812,4.00860619470047,2.28668346024419,-1.65722454184092,-4.63806511310375,-6.26407292912263,0.0750599129519408,2.15493581509802,4.03407720107267,-1.82156452247558,1.32372789632551,2.53975576099372,-2.04191913484366,-2.81358031540358,2.81358031540358,7.3012518739192
118,-1.94797388438639,1.52286287503286,0.425111009353526,4.95451177779191,1.62778231176098,-1.13050782935595,-5.45178626019695,0.290035855676892,0.0975897615958618,0.841265579158182,-1.22889119643094,-4.06239637274489,1.12661318516625,0.821520893142435,2.11426229443622,1.03593544640622,-3.30885460897966,-3.89138039901993,6.16429956159337,0.148366054291557,-0.148366054291557,4.39463417735538
119,-0.067959463083642,-0.175096665102472,0.243056128186113,6.14733637640718,0.862314734265731,-0.502312970070532,-6.50733814060236,0.881675822883059,1.38747905585996,0.104128014937789,-2.37328289368081,-4.73494485818453,0.606515892531407,1.53174910368866,2.59667986196447,-0.234516028709492,-0.675901226209949,1.64610977172001,-0.735692516800567,-1.34061143017149,1.34061143017149,6.51666265458121
121,2.887946288175,-1.96856628487678,-0.919380003298218,3.49190475781091,1.9445157579559,-0.607261668503813,-4.82915884726299,5.5176860296317,2.56666066196735,-1.30981044987435,-6.77453624172471,-7.20722746592221,-0.0700611017383962,1.85312944202147,5.42415912563912,-2.09860017468965,4.37040244645702,7.32519387716257,-9.59699614892993,-5.54442419015727,5.54442419015727,7.5794602518216
123,2.09422852033238,-0.915523167508326,-1.17870535282406,3.26805016901842,0.37490039470128,1.16807773666552,-4.81102830038521,4.96682298782367,2.70061568905162,-0.219669130640721,-7.44776954623458,-7.6739668463842,0.371060624810597,1.41629666889885,5.88660955267476,-1.63416614892447,4.13805359377535,6.88028452991606,-9.38417197476694,-5.19086054751038,5.19086054751038,6.3012685355933
124,2.08773273305863,-1.33826426744021,-0.749468465618417,3.4850923437039,1.61396845336086,-0.691219236866812,-4.40784156019795,5.64958773731875,2.26011592123685,-2.15770119027285,-5.75200246828277,-6.79963554593803,-0.00671880432073114,2.78039903648017,4.0259553137786,-1.83860196075808,2.61327683744608,4.41696523173571,-5.19164010842371,-3.92374645090741,3.92374645090741,6.8008004468401
125,-0.0508759873633848,1.04473759622086,-0.993861608857476,5.31670155230605,1.5799091979563,-1.6118554540382,-5.28475529622416,1.08373172972835,0.579483818449489,0.137279050170197,-1.80049459834803,-3.6552163840178,-0.430958006530837,1.41653302914959,2.66964136139905,0.185248769294123,-2.86442787310955,-2.45251257525818,5.13169167907358,-0.173125512784814,0.173125512784814,4.69708944811886
126,1.06286949066647,-0.475702612128609,-0.58716687853786,2.16440692149854,1.79013104905631,-1.58007859048357,-2.37445938007128,5.43056360889032,2.74202809590716,-1.40252767221755,-6.77006403257992,-5.67060844821022,-1.46595268830601,2.72736108359948,4.40920005291675,-0.478077804530552,2.03808396876567,3.42575316729479,-4.98575933152991,-3.9351919447246,3.9351919447246,6.22763894672822
132,-0.113971680816809,0.609864494338553,-0.495892813521742,3.83853823172852,1.85697784483258,-1.59038148854771,-4.10513458801338,1.22586124114919,0.85166407011827,-0.615297048033154,-1.4622282632343,-3.29577681828979,0.352101298359165,1.81153035908824,1.1321451608424,-0.288383971492614,-3.63647878360269,-2.76338033948652,6.68824309458183,0.950705526878413,-0.950705526878413,5.25694165075142
135,1.49705424411757,-0.920013863417162,-0.577040380700411,2.47234884307355,3.30769617454767,-1.5860261577037,-4.19401885991753,4.00321913283629,1.19154602820999,-0.17400230537775,-5.02076285566851,-5.51880416135804,0.472913184219005,0.720827597070649,4.32506338006838,-0.989122236298432,0.94154986745437,1.85723068803505,-1.80965831919099,-2.65404763069191,2.65404763069191,6.72798776597348
136,-1.33076917729594,0.116654531393822,1.21411464590211,5.24793480823714,2.06223965834051,-1.25227613815652,-6.05789832842113,0.265395766467194,0.159402135126328,-0.0713247478993972,-0.353473153694124,-4.31844872452697,0.523779981550559,1.2188168892525,2.57585185372389,0.288099596583577,-3.52925709594779,-3.37056436495768,6.6117218643219,0.00397011357912429,-0.00397011357912429,4.54098044020656
138,-2.01827218098427,1.46362281155732,0.554649369426954,3.30494313669118,0.921490110642609,-1.05093754860714,-3.17549569872665,1.5523255920425,-0.194209122631537,0.324393234599028,-1.68250970400999,-2.74755456709154,0.0148634885292107,1.02504282147394,1.70764825708838,0.903612638880291,-4.4745922628426,-4.67014584906614,8.24112547302848,0.94583087763196,-0.94583087763196,5.5910787029069
139,2.49478756005311,-1.00893480595117,-1.48585275410195,3.22873697138751,1.3518784599893,0.470648947082158,-5.05126437845897,4.51022040193409,2.39349055867881,-0.574840824894924,-6.32887013571797,-7.36320334932768,0.261076442524964,2.2070063153514,4.89512059145131,-1.94252419874742,3.29360985765346,6.09848690814438,-7.44957256705041,-4.70877022306672,4.70877022306672,7.11091886685748
140,3.16018368598641,-1.04283312803403,-2.11735055795238,4.13729546261252,1.17020440522848,-0.602787048778823,-4.70471281906217,5.46845360744662,2.29790895210729,-1.3955850912277,-6.37077746832618,-7.00132343305738,0.358211836594813,1.26711974775283,5.37599184870975,-1.57809012673788,4.17905912718273,5.72468247386107,-8.3256514743059,-4.91525264830385,4.91525264830385,6.56457823810232
142,0.465371199735875,1.1820297324768,-1.64740093221267,4.29911283220889,1.74831232028709,-1.89687948527065,-4.15054566722533,-0.0939014198337103,0.681391054170837,-0.664761567356964,0.0772719330198349,-3.1234391309615,-1.44162048842923,1.48314214505849,3.08191747433225,0.206529908204411,-2.40524985625591,-2.8635601908502,5.0622801389017,-1.0471234170873,1.0471234170873,3.19796979643484
143,-0.865769299821181,1.31017444674306,-0.444405146921873,3.60282784441991,1.02719610209559,-0.439471824981015,-4.19055212153448,4.43570231914469,2.01116557110187,-1.04577336513487,-5.40109452511171,-5.7734969353163,0.222229016748984,1.68886006737078,3.86240785119655,-1.33342608189185,1.54268049030975,2.22987842144464,-2.43913282986253,-2.48402728654803,2.48402728654803,6.19077190700082
145,1.82753186463634,-0.984680667030375,-0.842851197605969,3.77452332821268,1.7944104402556,-0.30318396381689,-5.26574980465138,5.11648910896871,2.61359279908913,-1.49479478273098,-6.23528712532688,-6.49041294247248,-0.224008057957162,1.99291998172623,4.72150101870341,-1.98516654769909,3.23464975427974,5.79653647787371,-7.04601968445435,-4.42600280385277,4.42600280385277,7.04637661006105
146,-0.854801929979898,1.61201982810661,-0.757217898126713,3.50427779721613,1.0051512192355,-0.890332837221142,-3.61909617923049,1.35022829498079,-0.70996644590353,0.354526471040174,-0.994788320117432,-2.83715200417795,1.81900496380713,-0.28828944208647,1.30643648245729,0.857111232831144,-4.93415705884927,-4.52010936839728,8.59715519441544,2.19845847219912,-2.19845847219912,3.49971952081612
147,-0.200888213262845,1.18688026026007,-0.985992046997223,6.24633741976523,0.634940307359884,-0.920223267891849,-5.96105445923327,-0.611689023445138,0.231801531370337,0.602042672234896,-0.222155180160095,-3.56021085982042,0.594436265442847,0.0884574067949148,2.87731718758266,-0.0876772433178648,-3.29488595486364,-3.10773265798377,6.49029585616526,1.94953164468516,-1.94953164468516,4.29514993382787
149,-0.641247275186807,0.323157728731877,0.31808954645493,3.38065675035719,1.28205234075342,-0.420046881143742,-4.24266220996686,2.32110457748887,1.71980444399279,-0.448916237378224,-3.59199278410344,-5.48144104038617,0.00977111739584661,1.98039625138047,3.49127367160986,-0.747380420018101,-0.829819509127923,0.0642683891176277,1.51293154002839,-1.20053341553016,1.20053341553016,6.4015464528804
151,2.36924299596535,-1.32793888597782,-1.04130410998753,2.40866621747905,1.14704878650793,-0.771056078425356,-2.78465892556163,6.35460611453604,2.69366828493758,-1.58109826934273,-7.4671761301309,-5.05654346227684,-1.77692950204509,1.70710733861677,5.12636562570517,-1.05660530808562,2.93847862453017,4.33439249680352,-6.21626581324806,-4.5469970271879,4.5469970271879,6.33289482584566
152,0.389522510888093,-0.758755718686132,0.369233207798039,3.51106227188524,2.2517880723036,-1.08614159781028,-4.67670874637856,4.91358596943627,2.64191485979204,-1.92722122983392,-5.62827959939438,-6.43783637428168,-0.463905689304888,3.36533447036555,3.53640759322103,-1.30733719918196,2.2249125420268,3.95166422273202,-4.86923956557688,-3.61669511925038,3.61669511925038,6.94471580765543
154,0.599742791202559,0.0683886186415463,-0.668131409844106,5.32212599856433,1.31257763532654,-0.975132331484896,-5.65957130240598,2.74713421290294,1.34816416564459,-0.498666381798507,-3.59663199674902,-5.38594828827039,-0.23504458867168,1.08715024163166,4.53384263531039,-0.676172597605303,-0.218776587698079,2.83669627977105,-1.94174709446767,-2.51450841410585,2.51450841410585,5.51446896110344
155,0.907221044166003,-1.04616107003031,0.13894002586431,2.83182322043948,2.53071988323258,-0.717742394898078,-4.64480070877399,3.71552582041083,2.41708241358611,-0.965293462009261,-5.16731477198769,-6.13597046397282,-0.408250558709431,1.02209855625859,5.52212246642368,-1.55706586924842,2.14209244569205,5.01521388626474,-5.60024046270837,-3.99792031705569,3.99792031705569,7.07564952928717
156,1.89256183163993,-1.05473961328225,-0.837822218357688,4.62346361559425,0.621968678448789,0.553945908489477,-5.79937820253252,5.53953277799589,2.10687952028122,-1.18212584894708,-6.46428644933004,-5.99694477592034,0.226003647702306,0.572356160170761,5.19858496804726,-1.32791853213395,2.81859525699493,5.4675545622939,-6.95823128715487,-4.05213192360932,4.05213192360932,5.68461738859181
158,2.07228358273605,-1.72813641931341,-0.344147163422638,2.50205644496609,1.71400252560779,-0.551830296718886,-3.66422867385501,4.33545178888501,2.71758187934348,-1.48857400949894,-5.56445965872955,-6.31360721966396,-0.351852604869364,2.61747945213189,4.04798037240144,-1.3491012300293,1.51363253388931,3.2975049644363,-3.46203626829631,-3.43315592717656,3.43315592717656,7.16325369669221
160,0.936243857210434,-1.7514693181882,0.815225460977774,3.9577303205466,2.26833804301921,-1.21869731674903,-5.00737104681679,4.35537229896461,2.60065740542432,-2.0060225248915,-4.95000717949743,-6.49437005144482,-1.00093006710706,3.2956805452212,4.19961957333067,-1.89592245817185,3.12849579996702,3.90104827990823,-5.1336216217034,-4.0564212908263,4.0564212908263,6.49894577321752
163,1.10370941646461,-0.981920404689219,-0.121789011775391,3.97033290534678,2.39630877420534,-1.74840906953791,-4.61823261001422,4.74437547131635,2.90145559053396,-2.46002647626291,-5.18580458558742,-6.5507357823524,-1.11376459793973,3.00327139983888,4.66122898045324,-2.14742714136244,4.22084554793398,6.5083072531924,-8.58172565976392,-5.31959554296249,5.31959554296249,7.02974177505615
164,2.22870584153989,-0.964853071761538,-1.26385276977835,2.2454413342328,2.137679103855,-0.344775573805665,-4.03834486428214,5.2764410752307,2.5917818396879,-1.45840773592385,-6.40981517899475,-6.58377003806112,0.049117013723302,1.45560640041726,5.07904662392056,-4.08186501934773,6.0058483270378,8.75517456284754,-10.6791578705376,-6.04043371846882,6.04043371846882,8.09556417300556
165,3.18478838578951,-1.45888996351901,-1.72589842227049,2.35781383753418,1.92479812974143,-0.37501702539285,-3.90759494188277,6.88336777644414,2.65763128178236,-2.01492841884483,-7.52607063938166,-7.08510735841435,-0.282868941456558,2.1326380527774,5.23533824709351,-1.74515459820962,3.9365309242106,6.53859573798059,-8.72997206398156,-5.30896406246645,5.30896406246645,6.8639825341881
166,1.24486188716474,0.455555489348066,-1.7004173765128,3.37367707071762,2.01194901240306,-0.204027332001343,-5.18159875111934,4.38691632369709,1.64503934334634,0.0727465380178204,-6.10470220506124,-6.03498777240623,-0.116922016838432,1.68990966337064,4.46200012587401,-0.747559062751426,1.49479382301269,2.98214735888527,-3.72938211914653,-2.86918365631899,2.86918365631899,5.85152322774906
167,-0.0811368827763119,-0.543356237581924,0.624493120358237,4.56992774433789,2.39253206686797,-1.73068308108948,-5.23177673011637,3.09470545956114,1.1333969201142,-1.03341086934839,-3.19469151032696,-5.53029902804983,0.0695788453790151,3.06815249164791,2.3925676910229,-0.960191695736868,-0.796782954293026,0.603073941599865,1.15390070843003,-1.25581889839696,1.25581889839696,5.8178122944072
168,-0.611835885812273,0.872289411339759,-0.260453525527485,2.94829083145602,1.55713452184043,-0.365640103209674,-4.13978525008677,0.542395355976012,0.436462937160088,0.177189603192773,-1.15604789632887,-2.82880747646091,0.331858007491999,0.361708616814341,2.13524085215456,0.687687104954029,-4.52037593306633,-4.79786483820428,8.63055366631658,1.4216729436684,-1.4216729436684,3.92997956550168
169,2.74426991993495,-1.47221502133016,-1.2720548986048,3.26725353546441,2.0025367947497,-0.5808054195263,-4.68898491068783,5.49337425686156,3.01561287995434,-2.16809413249821,-6.34089300431769,-7.3576390146737,-0.265177166279393,2.22831836999817,5.3944978109549,-2.01495177152225,4.43446083717933,6.23402536524067,-8.65353443089775,-5.31110719722686,5.31110719722686,7.23999130208725
170,3.68450850617822,-1.61230199806517,-2.07220650811305,2.25595892854499,2.04722078912793,-0.31532035715288,-3.98785936052003,4.9031795376507,2.86799963624487,-0.685611369592347,-7.08556780430324,-6.49642889451759,0.0351287122907304,1.48616211648078,4.97513806574609,-2.92136443886958,4.69703239385629,6.3182629833606,-8.09393093834732,-5.10136945336883,5.10136945336883,7.95888144163585
172,2.4490235059147,-1.90352032803249,-0.545503177882208,2.07972106238482,1.711762447415,-0.327327035927765,-3.46415647387205,7.59128703701438,2.57388810194204,-2.1116476480616,-8.05352749089482,-7.62474964919059,0.411898921428109,2.00020486693978,5.21264586082269,-2.02005797449655,4.21044777855102,8.36450939392106,-10.5548991979755,-5.99800035988713,5.99800035988713,7.80041746094052
173,-1.90392172466192,0.777231477167428,1.12669024749449,3.82976737223237,1.32442066329681,-2.23290603904817,-2.92128199648101,1.10380884899141,0.313871962232901,-0.491345085807286,-0.926335725417022,-2.88660247951334,-0.778484206131983,1.24073290064827,2.42435378499705,2.07649480065502,-4.22561428119186,-4.95321014613021,7.10232962666704,0.993647834810854,-0.993647834810854,3.63013911566527
175,1.60958421901372,-0.621172827487821,-0.988411391525907,4.49843032526862,1.23321836550816,-0.701145407643684,-5.03050328313309,5.89234664011601,1.79689618826557,-2.34153429651057,-5.34770853187099,-6.17955471135514,-0.344003684910604,2.42488669498895,4.09867170127681,-1.63719153850681,3.32975836467823,5.36340526456263,-7.05597209073406,-4.49324835481165,4.49324835481165,6.82288140642769
176,-0.328937931132911,0.210088279164732,0.118849651968178,4.75023060868018,1.36049812405265,-0.81991708585619,-5.29081164687665,1.66853738208352,0.638415060595596,0.315710019118742,-2.62266246179785,-4.17212983773777,1.47683785652617,1.0037168475351,1.6915751336765,-1.22851349664324,-3.04206948743796,-1.2977221006418,5.568305084723,1.56846084974778,-1.56846084974778,5.45928989843149
178,1.56433093157998,-1.0310121120354,-0.533318819544578,4.62053583148825,1.48886808850856,-1.01950212091438,-5.08990179908242,4.88273346604199,2.00441994009697,-0.783012879540127,-6.10414052659883,-5.90754742241827,-0.681133373043871,2.54537068931756,4.04331010614458,-0.462809841095265,1.6004725367752,3.56213737918105,-4.69980007486098,-3.45641892293696,3.45641892293696,6.19512953989727
179,1.65608741102089,-0.988719171011984,-0.667368240008912,2.6765854097523,2.26316070207691,0.194281714015962,-5.13402782584516,5.55260048224939,2.515068575004,-1.54807786060238,-6.51959119665101,-6.567318893641,0.123442539260416,1.56662134540847,4.87725500897211,-0.81499489751527,1.73526505575701,4.27341535930669,-5.19368551754842,-3.91659961156362,3.91659961156362,5.81348414273424
181,3.10591261030321,-2.42831042647895,-0.67760218382426,3.30376128404655,2.09877834936431,-0.295887384746666,-5.1066522486642,5.72344007452174,2.5861463661928,-2.04731549330319,-6.26227094741136,-7.37034075718076,-0.302327925261699,3.00064115076104,4.6720275316814,-2.12524557059166,3.73234841219327,6.51194719857636,-8.11905004017798,-5.32514904057453,5.32514904057453,7.0942535820785
183,-0.369277836563735,0.356356043845881,0.0129217927178534,4.24629525365765,1.8050363225762,-0.716621473647643,-5.33471010258622,3.03737799301847,1.45278977713104,-0.0331524210784125,-4.45701534907109,-5.633512971347,-0.466919158603418,2.45235973306051,3.64807239688989,-1.05188203716165,1.24400378193637,2.10835954427132,-2.30048128904603,-2.44017327715227,2.44017327715227,6.56938915525633
186,0.145698974571921,0.984235017165062,-1.12993399173698,5.36195997892516,1.4373961208097,-1.63777313235525,-5.16158296737962,2.73350431184913,1.35800062097097,-1.22608379981522,-2.86542113300488,-5.20950035739341,-0.197220495965605,1.13164759799329,4.27507325536573,-0.114782575293331,-0.0229754430338334,1.61014882471935,-1.47239080639218,-2.28749660308762,2.28749660308762,5.96399109130772
187,0.811732065107875,-0.681450818525378,-0.130281246582496,3.58990000364485,2.39205691830409,-2.08389365383242,-3.89806326811652,3.17023532281151,0.791790477944376,-0.889071299534248,-3.07295450122164,-5.1496845637317,0.126694216054425,1.69725581264333,3.32573453503395,0.0460568546438307,-0.829418041474602,0.776853913999162,0.00650727283160766,-1.94690355839745,1.94690355839745,7.36096219764611
188,1.86660458160498,-0.49598777448511,-1.37061680711987,5.30988578634285,0.760716906911635,-0.421186797006342,-5.64941589624815,2.84761576230831,1.89763048307623,-1.41060094965891,-3.33464529572562,-5.03820703227706,-0.601564883958399,1.10791232186674,4.53185959436872,-1.8957929230143,3.71127179150134,4.45863840905915,-6.2741172775462,-4.10554471912136,4.10554471912136,6.87821492251434
189,3.01892336663694,-1.00644794379056,-2.01247542284639,2.55103047497452,0.994663103123742,0.251781245553416,-3.79747482365168,5.95177864117281,2.47030248590317,-1.48313856594399,-6.93894256113201,-7.18830863446043,0.637583272164026,1.39325409176728,5.15747127052912,-2.7124695437651,2.95356080448581,6.64895072474232,-6.89004198546301,-4.5343606098444,4.5343606098444,6.80338786373994
190,1.30251269430317,-0.335574935165099,-0.966937759138068,3.29584680841687,1.61296865060792,-0.253492023492611,-4.65532343553218,3.2456412046137,1.67558054559096,-1.13249096755865,-3.78873078264603,-5.37950383257081,-0.495594589980828,2.08072155845577,3.79437686409588,0.0373768949493466,-0.578142287205616,0.0848115370280351,0.455953855228233,-2.37220532299898,2.37220532299898,5.91077511332428
191,0.800783102479563,-0.2987395343799,-0.502043568099663,4.01162382142613,2.09299990547881,-1.2854985580612,-4.81912516884374,2.37079002844536,1.87998204271294,-0.253991289775459,-3.99678078138284,-5.50655526521613,-0.244478408920555,2.01544523672313,3.73558843741354,0.0451900636917028,0.115257075557805,0.230293906529449,-0.390741045778957,-1.96973686437221,1.96973686437221,7.00928343936355
192,1.2631682593761,-0.751667093869916,-0.511501165506189,3.45001297434567,1.71285807086155,-0.37845013082077,-4.78442091438646,4.55665018386109,2.16085748722699,-0.360693961595628,-6.35681370949244,-5.1672069029486,-0.265155044073826,1.14274335318609,4.28961859383635,-0.837267810619761,0.628780631359631,1.95846367113545,-1.74997649187532,-2.68411631920052,2.68411631920052,5.72341501081099
193,2.8708079001836,-1.72372160659021,-1.14708629359339,3.32722310646756,1.79519175850093,-2.57579188841911,-2.54662297654937,3.73547798151978,2.86753935017552,-1.13873692023521,-5.46428041146008,-4.21752574178054,-1.13420259311707,1.29687791788341,4.05485041701421,-1.46733539087543,1.90974684277302,5.25743509416583,-5.6998465460634,-4.30963993671639,4.30963993671639,7.13300297095193
195,-2.00770701528992,0.561946943433602,1.44576007185632,4.6387935678263,1.69343948057604,-0.310301587522675,-6.02193146087965,1.32083322683772,0.0883414185367531,-0.355632100898621,-1.05354254447584,-2.94091650250458,0.454032145304195,0.920026821766074,1.56685753543432,0.352689828669664,-4.55027026596543,-4.069658843842,8.26723928113774,2.69325743596174,-2.69325743596174,4.60280272850722
196,2.50921326174596,-1.19522104407461,-1.31399221767135,3.51479055855188,1.72163584816096,-0.675954670524595,-4.56047173618824,5.17797543417657,2.15738200696302,-1.76271977370637,-5.57263766743321,-7.02918684773007,-0.112374730301848,1.7794208017738,5.36214077625816,-1.33097981123007,3.09081344010729,3.77160260869035,-5.53143623756757,-4.23466836104259,4.23466836104259,6.82763875709248
198,0.523083546580362,-0.204531191664757,-0.318552354915606,4.2571941304786,2.370932475198,-1.50385756981908,-5.12426903585753,2.48032065866091,1.07063239762742,-1.05047393065068,-2.50047912563764,-5.61009399303698,-0.342813428679979,2.21922250224392,3.73368491947305,-0.528012159167859,-1.19005023090038,0.607168136846633,1.11089425322161,-1.55440839209442,1.55440839209442,5.90154778298005
199,-0.954917865016674,1.41687488545833,-0.46195702044166,4.20181044718001,0.982696551505579,0.229452371210299,-5.41395936989591,0.461279429779173,-0.0615092456716896,0.68734631803377,-1.08711650214125,-3.55726611030612,0.855004496515094,0.622652558451481,2.07960905533955,0.387580402270888,-4.80079760719724,-4.77324873879702,9.18646594372338,3.73538263088693,-3.73538263088693,3.4229020851942
200,1.56258127979217,0.0547241368025196,-1.61730541659469,4.94742144535664,1.20212994030421,-0.367315478957623,-5.78223590670323,3.35057668792273,2.11510123407102,-0.199613095580087,-5.26606482641367,-5.40457567391112,0.103669290741607,1.18428880889732,4.11661757427218,-0.85328990783836,1.27413525989168,3.27231705974715,-3.69316241180047,-2.97950692309617,2.97950692309617,6.02487599797763
201,-0.627974851416135,1.9907677367497,-1.36279288533356,5.20808879205204,0.716187299265937,-0.0221813346515319,-5.90209475666643,0.197481848940351,0.765891324799324,0.727479807863463,-1.69085298160314,-3.03844789149867,0.352053641321618,-0.280592176443019,2.96698642662007,0.0169811198253396,-2.05926265877186,-3.37412746055455,5.41640899950108,-0.217674204210293,0.217674204210293,3.40330086743484
202,-0.908338865404257,0.483631117556997,0.424707747847262,5.28006595024558,2.02182018868627,-1.74612847557441,-5.55575766335742,1.04632983439836,1.02280342965396,-1.31681362937071,-0.75231963468161,-3.79827999101397,-0.281835979482995,0.878230719798273,3.2018852506987,-0.484069801864892,-2.15026010911593,-1.68283347011629,4.31716338109711,0.700158964741792,-0.700158964741792,5.73223639298407
204,-0.392354681924128,1.44076620448221,-1.04841152255808,3.82903147207851,0.987510657686294,-1.27402315142833,-3.54251897833647,-0.987877686213126,0.786240301934778,1.8631593043463,-1.66152192006796,-2.22486667009255,0.432306833188187,-0.0254842773695521,1.81804411427392,-0.131269434418956,-3.19938398033015,-4.71133842859025,8.04199184333936,0.602325026370441,-0.602325026370441,4.59796597669896
205,4.02310676523277,-1.87547131223124,-2.14763545300152,3.94991916189233,0.69634414153273,0.613420915013904,-5.25968421843897,3.90950708469603,3.15839352917237,-0.609547937012477,-6.45835267685592,-7.34932898390398,0.194322762405188,1.35777681600704,5.79722940549179,-2.81440275767972,5.49795839470371,8.25476334831174,-10.9383189853357,-5.94493108441636,5.94493108441636,5.61804912453433
206,-1.88979368972616,2.39217313952092,-0.502379449794757,4.21838091000847,1.33017309779163,-1.90465972590684,-3.64389428189324,-0.0362901821312206,1.3980328821953,0.0646008173160735,-1.42634351738015,-3.40211485984488,-0.368035980661661,1.83615208478752,1.93399875571902,1.93284576029163,-3.71859173850021,-5.27568142175739,7.06142739996598,1.83382892678309,-1.83382892678309,3.5603526233374
207,2.15428041860626,-1.13593981106669,-1.01834060753957,3.61685760413021,1.54807371048522,-0.104705705359403,-5.06022560925604,5.5825102501606,2.27257350975912,-1.30111351076001,-6.55397024915972,-6.79208274354583,-0.43257649287836,1.90999901816092,5.31466021826329,-1.80817942819966,3.19477893373869,5.63840622435815,-7.02500572989718,-4.55942129806834,4.55942129806834,6.75158684647394
211,1.80586097807604,-1.16634714335988,-0.639513834716168,2.52823137887708,2.10659562003829,-0.371675948434347,-4.26315105048101,6.05135136164717,2.33054917699944,-1.96432599825228,-6.41757454039432,-6.20542063236188,-0.65629449785623,2.48248837157387,4.37922675864424,-2.12365977803039,2.50690965039648,5.75383093695183,-6.13708080931792,-4.26152028837316,4.26152028837316,6.45494045534209
213,1.17581874398033,-1.10968575885783,-0.066132985122498,2.4709267796616,2.2494125537337,-0.637122897495815,-4.08321643589949,4.85125113741605,2.24506747818835,-0.384484672559523,-6.71183394304485,-6.63833472027666,0.207602574881729,2.02770630766723,4.40302583772769,-1.30910547085239,1.9561411335588,4.98006364539303,-5.62709930809944,-3.88368152295741,3.88368152295741,7.08675190724124
215,1.24357813383614,-0.74016634137963,-0.503411792456512,2.06469682618039,1.73225782395239,-0.515004219351646,-3.28195043078114,4.96820626952959,2.8922660317739,-1.3387189979701,-6.52175330333337,-4.96731469076601,-0.610632119556634,2.72169886300752,2.85624794731512,-1.01458923132033,0.92329726545958,1.89231880063907,-1.80102683477831,-2.4659302020715,2.4659302020715,6.20702891038791
216,-0.617310758458658,0.2077506352596,0.409560123199056,5.30416181571604,2.03520284247898,-1.09258521045865,-6.24677944773636,2.46911383824644,1.72417703079471,-0.129687608842966,-4.06360326019819,-3.99354351413384,-0.836082213333109,1.06491745964875,3.76470826781821,-0.162884537935101,0.378546619199384,0.941579540193505,-1.15724162145779,-2.25226942396937,2.25226942396937,5.32198756463528
217,1.66009370064395,-1.29261079423795,-0.367482906406002,2.60222196724177,1.81536512633212,0.0137786763767585,-4.43136576995064,6.85918569251623,2.29617048171989,-1.49206163211336,-7.66329454212276,-6.55058937437298,-0.474452250088628,2.433947131834,4.59109449262761,-2.64351610638231,4.70946199068867,6.39208299058001,-8.45802887488636,-5.05979658332119,5.05979658332119,6.76940910539316
218,3.52491566780502,-1.29305362327727,-2.23186204452776,3.68936806474526,2.20925262467764,-1.40911568601823,-4.48950500340466,4.99527579791692,2.17118969378939,-1.2396867836446,-5.92677870806172,-7.07812351874613,0.1399153195931,1.52475345328784,5.4134547458652,-0.583382187690146,3.58300705096372,5.23229776180412,-8.2319226250777,-4.90841121518532,4.90841121518532,7.01029190512905
219,1.95892790857976,-1.76589250476423,-0.193035403815527,3.30597531793935,2.19000505678006,-0.264784912008073,-5.23119546271134,5.81271777704915,2.37162753647325,-1.62380075847906,-6.56054455504333,-6.20656979478519,-0.441277904993994,2.3336654625843,4.31418223719488,-1.87018944559752,3.73627698193431,5.21628990379802,-7.08237744013482,-4.63979285859738,4.63979285859738,7.27114533876959
220,2.30143898857105,-1.55829228079399,-0.743146707777056,3.83662649076933,2.73227632711691,-2.17900043621138,-4.38990238167487,3.2221147282673,1.75977095932275,-0.588212256649137,-4.39367343094094,-2.43249085553644,-1.56205469399205,0.600431678336262,3.39411387119224,-0.766306875056552,0.939848898113598,3.23092201989805,-3.4044640429551,-3.38335483560031,3.38335483560031,6.58831241087199
222,1.74319251598522,-1.25803494730343,-0.485157568681784,5.18029892907161,1.65035877560773,-0.09804713022486,-6.73261057445449,3.64147786620909,2.51327065116064,-1.07079758057659,-5.08395093679313,-6.07161039282451,-0.517670492306689,2.07843748781397,4.51084339731722,-0.585086081257973,1.79513912897224,3.77942322875327,-4.98947627646753,-3.64101223193906,3.64101223193906,5.40986007555057
223,2.54295244471905,-1.61950885712048,-0.923443587598565,3.3509393922907,1.44437543697023,-0.0903936764897553,-4.70492115277117,5.71043904237819,3.15372706770494,-2.060892681446,-6.80327342863715,-7.64292635338837,0.314468220016098,2.32976176822125,4.99869636515101,-2.79570762622487,5.25664571343041,7.33143326096284,-9.79237134816837,-5.60071078857599,5.60071078857599,7.91937919477535
225,-0.508943372030628,0.430954667191381,0.0779887048392474,4.98285710495809,1.33093987097469,-0.0884380465030847,-6.22535892942969,4.07827468694594,1.50359954876714,-0.716843198158571,-4.86503103755451,-4.68138472548476,-0.0133924036672248,1.96993676937127,2.72484035978073,-0.625456286970176,0.669866523463089,1.12283291575437,-1.16724315224728,-1.83468736502349,1.83468736502349,4.66418849225906
227,1.87919587888062,-0.324967821947563,-1.55422805693306,3.28349722584335,1.04584673779062,0.46898422339392,-4.79832818702788,4.9799552348927,2.14776160835919,-1.80459859590109,-5.32311824735083,-8.11468305203829,0.509001957287117,2.5650018638695,5.04067923088166,-2.24679548618787,2.95839591881358,5.25724923626261,-5.96884966888833,-4.44663334421602,4.44663334421602,5.76526155666023
228,2.33559778125941,-1.07091867629436,-1.26467910496505,3.14627993811249,1.58387035853192,-0.515205107355048,-4.21494518928935,5.47928718690543,2.30717799733378,-0.974302465886018,-6.8121627183532,-5.57741943607186,-0.10213916742802,1.03455228178945,4.64500632171043,-1.6728374942959,2.64957197540584,3.55895025441148,-4.53568473552141,-3.6204779941364,3.6204779941364,6.23245122912548
229,2.09205490097065,-0.690843262362604,-1.40121163860804,4.03715593790549,0.470456087468291,0.482057407445079,-4.98966943281885,5.18340756686816,2.2483490133189,-0.769178383618157,-6.6625781965689,-7.05196782796373,-0.0994598041052749,1.38239653868339,5.76903109338562,-1.52217766522855,4.10062287185963,6.88002632503004,-9.45847153166114,-5.12750112312868,5.12750112312868,7.50958525836416
230,-2.56291701250989,2.34111249548359,0.221804517026309,4.03349103814015,0.443114389661563,-0.224243775083002,-4.25236165271871,0.021385905694074,0.891708255182042,0.028547452681829,-0.941641613557947,-4.07036034967999,1.0790462732705,1.89873833169426,1.09257574471524,0.18908082762122,-4.69658001591478,-3.10403811846068,7.61153730675426,1.44132567584233,-1.44132567584233,3.98666417227496
231,1.38599743045406,-1.46355030209318,0.0775528716391101,2.93228777688654,2.22043864656141,-0.792390408152396,-4.36033601529555,5.88808217727945,2.56180868210232,-2.24070415576878,-6.209186703613,-6.43764270695621,-0.31052275136511,2.90406641155142,3.84409904676989,-1.63900022855174,2.93188458648931,4.81242326149262,-6.10530761943019,-4.24580062048833,4.24580062048833,7.11954396595632
232,0.720879725572388,-0.107892714461499,-0.612987011110889,4.08619686530663,0.9748335276876,-0.706703577946606,-4.35432681504763,1.76564157932699,0.923590080147698,-0.118019842884759,-2.57121181658992,-3.03136546089965,0.682043562632869,-0.434184414546237,2.78350631281303,-0.996829688822484,-2.01750594693206,-1.81423950227301,4.82857513802754,-0.54995646478792,0.54995646478792,5.08980289566943
233,1.10265592928356,-0.091763443849256,-1.0108924854343,3.73905708057011,2.31072221470411,-1.13036785311298,-4.91941144216123,3.51085112096664,1.81944768500736,-1.1011139039026,-4.2291849020714,-6.61214302856073,0.183579046100272,1.65722285651438,4.7713411259461,-1.7388761953529,2.05505405997793,2.3195384131624,-2.63571627778745,-2.9767582963705,2.9767582963705,6.74264135070726
234,0.583303095504615,0.0781275184911056,-0.661430613995723,2.8421914414645,2.43389727826828,-0.725354149830142,-4.55073456990264,2.36713422637788,-0.0925736700961068,0.183343663367304,-2.45790421964908,-2.37258963804741,-0.173998484833979,0.499445803438156,2.04714231944324,0.815960615768781,-3.96590279980242,-3.31227904573966,6.46222122977327,1.74324068622294,-1.74324068622294,4.1473263119518
235,1.2393334977748,-0.974458403702831,-0.264875094071971,4.47488371808694,1.78351328698828,-1.36728837166507,-4.89110863341015,2.81872876588444,1.96637934653067,-1.95211434853898,-2.83299376387613,-4.88367880057922,0.0233169270583199,0.977137133849213,3.88322473967169,-2.19214417450901,0.0977172752823487,2.74753085796084,-0.653103958734187,-2.28518792084406,2.28518792084406,7.05972756662832
236,1.53720654876213,-1.18464072530863,-0.352565823453495,3.56990520072121,2.28480563257134,-0.745912211049657,-5.10879862224288,5.08065356223727,3.01525697142341,-1.30958278057873,-6.78632775308193,-5.50615634516796,-0.316088311571711,1.65607791540876,4.1661667413309,-1.95580517457365,2.89739721124897,4.80478350593066,-5.74637554260598,-3.98808306847056,3.98808306847056,6.57585630177781
238,2.54051493785574,-1.01900833904997,-1.52150659880576,2.99871764270208,1.57243657308599,-0.611025230037955,-3.96012898575013,4.88194814153709,2.54316805347876,-0.543994289186808,-6.88112190582904,-5.52644787797835,-0.464404583718155,1.2881183660338,4.70273409566271,-1.26775121592124,1.48222120722551,4.70020821943705,-4.91467821074131,-3.7388743567762,3.7388743567762,6.37564701204685
239,1.87418646582702,-0.0683931783664592,-1.80579328746055,3.80039683194552,2.47680992110519,-0.916592836775232,-5.36061391627549,2.36152214202839,2.31250789276529,-0.0753562455502256,-4.59867378924345,-5.81058254568656,-0.143358192422317,2.06259632377126,3.89134441433764,-0.825770937163541,1.25272152887952,0.934648545258766,-1.36159913697475,-2.46761274792382,2.46761274792382,5.54776190826001
242,3.57447769804303,-1.53230803587604,-2.04216966216697,2.7672557733394,1.28685040352501,0.643734430219105,-4.69784060708353,5.24253654839772,3.2021442362831,-0.823763999809701,-7.62091678487111,-6.88158475924234,0.116277380830296,1.33112864512474,5.4341787332873,-2.92774331557851,6.08076847450059,7.83899413916335,-10.9920192980855,-6.00044164721727,6.00044164721727,7.55144791253598
243,2.81340514560131,-1.70682586966548,-1.10657927593584,3.07062705482642,1.48137187046243,0.236294989443013,-4.78829391473188,6.0410907918798,3.13771510990743,-2.58310720723778,-6.59569869454944,-7.95182318461395,0.471714574838878,2.73342079576795,4.7466878140071,-2.58688467723433,4.8379127722096,7.20204455166199,-9.45307264663722,-5.52847559718899,5.52847559718899,7.19160705027832
245,3.75873464981197,-1.86416146420571,-1.89457318560625,1.81212207213047,1.50404234188584,0.0426635680376578,-3.35882798205398,5.13548124401898,2.42897657530603,-0.389839371534881,-7.17461844779012,-5.56813024612064,-0.0687117454154307,1.79570638672251,3.84113560481355,-1.78953981867867,1.78195151241681,4.28350687039338,-4.27591856413152,-3.81613361331861,3.81613361331861,6.49385869595277
247,-0.703543360288436,-0.14089414620086,0.844437506489296,2.94095772662563,1.28213113008296,-0.908414974882688,-3.31467388182591,1.34902669185904,0.555871904714648,-0.515094709316154,-1.38980388725754,-3.84315545607332,0.281355361702529,1.01730144115812,2.54449865321268,0.167377281764195,-3.80353741987828,-3.30246353158813,6.93862366970221,-0.0915906236809592,0.0915906236809592,5.4665928585717
248,1.60419510754589,-0.887521556646187,-0.716673550899704,3.29729789716458,1.54844774049512,0.657083915919685,-5.50282955357938,4.73302960488609,2.30651405231327,-0.852286644329927,-6.18725701286943,-7.18108390825793,0.525534049246276,2.2718824191464,4.38366743986527,-2.12379820963944,2.88056500714599,5.10750592713668,-5.86427272464325,-4.03005038532113,4.03005038532113,6.7266142735068
249,-2.6598835154108,1.04332456857866,1.61655894683215,3.96385615285085,1.4210404575141,0.255216113645023,-5.64011272400998,0.541717988979578,-0.344547730519393,0.0185498197479941,-0.215720078208179,-4.66171108726675,1.01443113902568,1.24264401460209,2.40463593363898,1.24783608540842,-5.30780344955172,-5.12066868056349,9.18063604470679,2.39102957881112,-2.39102957881112,3.10726046613525
250,2.88413702233813,-0.649915483526931,-2.23422153881121,3.24580467664782,0.647736912635106,-0.504438875591254,-3.38910271369168,4.92049113128678,1.89566903546743,-1.42550924990372,-5.39065091685048,-5.38436770185726,-0.752454377869401,2.13433335818301,4.00248872154365,0.233168862832353,0.653233095489432,3.08951191088979,-3.97591386921158,-3.52908617926844,3.52908617926844,5.89319860314896
251,-1.17081770123421,1.01565529874823,0.155162402485972,4.04425110726583,1.65755701899465,-1.64193809937039,-4.05987002689008,1.83139675646343,1.11660516167873,0.274065436350348,-3.2220673544925,-3.00275905568256,-1.24237441818578,1.21622479935912,3.02890867450922,0.165321876289275,-2.26427970515485,-2.54647787938511,4.64543570825068,-0.470363867882063,0.470363867882063,5.11007512785957
252,1.60776275697028,-0.424643450676435,-1.18311930629385,3.89716229537269,1.18183340590614,-0.386152844223981,-4.69284285705484,3.65910309879599,1.86785144629391,-0.287218093592673,-5.23973645149723,-6.61382707466363,-0.153083903492477,1.03137153067059,5.73553944748552,-1.99856726752256,2.75135900751726,6.40036420421401,-7.15315594420873,-4.56905693415687,4.56905693415687,6.98262093542095
253,1.4928270808548,-1.70021650069096,0.20738941983616,2.45466224543205,1.6227313427992,-0.411596496291576,-3.66579709193968,5.89948467434708,2.13097513706457,-2.08019789313716,-5.9502619182745,-5.74239512105876,-0.720302501241976,2.16879674436879,4.29390087793193,-1.69511773599265,2.3489323533043,3.22574033879801,-3.87955495610967,-3.64838411736997,3.64838411736997,6.79855751979879
254,0.152805100296532,0.844133936454156,-0.99693903675069,4.80139337459766,1.20867899528737,-1.23635024420496,-4.77372212568006,1.81746835765744,1.3302271808184,-0.705582011587657,-2.44211352688818,-4.27826917382609,0.594105487303911,0.956940217758955,2.72722346876322,-1.58944145949448,-1.2711876262538,-1.01220207635712,3.87283116210539,-0.873994432741663,0.873994432741663,5.84117192880663
255,-0.863302040227711,0.913897257921712,-0.0505952176939998,3.6928469769794,1.11874055878071,0.544528772726834,-5.35611630848695,3.90816163103384,1.20324592107423,-0.619688079674344,-4.49171947243372,-4.97047319020275,0.799846999415674,1.33951007564405,2.83111611514302,-0.552580749903585,-1.08698844911822,1.21146228728336,0.428106911738444,-1.22263256336887,1.22263256336887,5.22696455233232
256,-0.472392789367348,0.322211916435154,0.150180872932194,4.17544334809332,1.45305505973486,-0.303422479314879,-5.3250759285133,0.531584111194291,0.517585430367098,-0.369201876207356,-0.679967665354032,-3.06769033077667,-0.724750111444341,0.486417470402563,3.30602297181845,1.50719803603461,-3.43215789592757,-4.45508683652174,6.38004669641469,-0.0918602361062193,0.0918602361062193,3.38198480434915
258,1.14611845392468,-0.80950450033529,-0.336613953589398,4.10706652827435,0.966355818330592,0.231563487100158,-5.30498583370509,3.13011423008774,0.75843872757979,-0.508944253455661,-3.37960870421186,-6.14534833823196,-0.337560688311953,1.59632847573006,4.88658055081386,-0.369624477225766,1.01336225863798,2.23210841263192,-2.87584619404413,-2.7484035357941,2.7484035357941,6.38304545312045
259,-0.499963347256755,1.4132361951024,-0.913272847845645,5.05898626369363,1.31657853236272,0.461705229183552,-6.83727002523991,0.381400851589545,0.304182211557009,-0.0899688590266919,-0.595614204119862,-3.56474978663561,0.974427152510108,0.272095885582467,2.31822674854303,0.996715577487331,-3.9092263066263,-4.60411296718112,7.51662369632009,2.68497577590697,-2.68497577590697,2.91191034020725
260,-0.98127085618783,1.59637517090624,-0.615104314718413,4.7182251221644,1.88532471491285,-1.19008961707455,-5.41346022000271,0.658921788340817,0.829675956641741,-0.468990273150034,-1.01960747183253,-3.92644577827881,0.642089699052989,1.10913593231706,2.17522014690876,-0.14451938956488,-3.63779333361665,-2.58432717954097,6.36663990272248,0.840670646567449,-0.840670646567449,5.10577453109673
261,-0.673729615102288,1.69708245165489,-1.0233528365526,4.33336174973372,1.18603427281358,-0.524475560036941,-4.99492046251038,1.39948924631111,0.202511435105841,1.26923815116039,-2.87123883257734,-3.0724907679071,0.20880662629307,0.803238204946582,2.06044593666745,-0.292513422164627,-2.72197939144411,-2.1572387370333,5.17173155064202,0.782981859644961,-0.782981859644961,4.65034364148212
262,2.9942967783487,-1.54454721135605,-1.44974956699264,2.43988734058678,1.83706544046249,-0.253349436989167,-4.02360334406009,6.84616904837581,3.21417543575622,-2.43351810225364,-7.62682638187837,-6.78108308596946,-0.543073149080513,2.4299218539843,4.89423438106567,-2.44128231177919,4.7037066414315,8.05628662207076,-10.3187109517231,-5.89705941195053,5.89705941195053,7.62245829322846
263,2.74880685493035,-1.28402714613982,-1.46477970879054,3.54544326417703,1.41486349623353,-0.315549700819405,-4.64475705959115,4.88426516778718,2.59381053205896,-1.80318358559716,-5.67489211424898,-6.3594088144448,-0.00175692360624354,1.29353517893865,5.06763055911242,-1.89793941450487,2.549562727992,4.08806589201407,-4.73968920550118,-3.8730479791028,3.8730479791028,7.26257496589947
264,1.47743102846007,-0.631786649998817,-0.845644378461251,2.5932607875284,1.41961591068547,-0.620462693134909,-3.39241400507897,5.57367161703313,2.38064236704266,-1.79171699925378,-6.16259698482202,-6.97322711030401,0.379750728492107,1.42398238553257,5.16949399627932,-0.837749397777003,2.09660583123678,5.01836813384681,-6.27722456730658,-1.93582603542836,1.93582603542836,6.44922802181819
265,1.13892278568434,-0.0711586497618282,-1.06776413592252,3.80875151407424,1.15798471316407,-0.541580842885888,-4.42515538435242,3.78048170671667,1.40683591697668,-1.44518151145069,-3.74213611224265,-7.0269241717096,0.979707939403934,2.65458202818187,3.3926342041238,-1.14141187456262,0.904448804811024,3.53477008107199,-3.2978070113204,-3.000165197883,3.000165197883,7.2201283666737
266,0.711398098424969,0.298720822561147,-1.01011892098612,2.84170055691502,2.31396511328922,-1.59713748101172,-3.55852818919251,3.37171879119219,1.64196412023185,-0.337798238276333,-4.67588467314771,-5.63603207291397,0.146399217958874,2.29734863063732,3.19228422431778,-0.0595748400027614,-0.03830949521818,0.232706171683451,-0.134821836462509,-1.85692967394439,1.85692967394439,6.61811941064516
269,-0.379279490589091,-0.221692765645375,0.600972256234467,5.90519696163309,2.50695849220575,-1.67103611399833,-6.74111933984052,2.18716100910607,1.63170621456902,-0.788901960610086,-3.02996526306501,-4.186425588972,-1.29798195091915,1.99224341383547,3.49216412605569,-0.30119378999888,-0.286079661846754,0.677860758639203,-0.090587306793568,-1.87760807858641,1.87760807858641,4.91294219571832
270,3.79099079963786,-1.90781031730961,-1.88318048232824,0.402239254301885,2.06910904773948,-0.23966802908832,-2.23168027295304,5.73274110320782,2.9468174477606,-1.02075120859142,-7.658807342377,-6.96017182019422,-0.103986153345645,1.99988770680097,5.06427026673891,-2.13612221218311,4.44424314062286,7.09213226646395,-9.40025319490372,-5.81933840117669,5.81933840117669,7.87474070859213
271,-0.0138096189698308,-0.206225256671642,0.220034875641473,5.51914918094048,0.927475599804824,-0.360304720626852,-6.08632006011845,2.72755531196223,1.06047375370243,-0.106229520844823,-3.68179954481982,-5.55479723031306,-0.19242646703742,1.49371569348481,4.25350800386567,-0.393712301613046,0.160235552911859,1.84939678037826,-1.61592003167707,-2.18199895796519,2.18199895796519,5.80135721266205
273,2.6321921167005,-2.1846253221611,-0.447566794539408,4.05293321947368,0.962456788525372,-0.177352939235618,-4.83803706876343,5.42592223598297,2.11356821629689,-1.51128401735536,-6.0282064349245,-7.2060325846959,-0.197738506768492,2.4172524465145,4.98651864494989,-0.63719599140092,3.057499676101,5.97330124107813,-8.39360492577821,-4.79964595090917,4.79964595090917,6.87225391253637
274,-1.05095853474837,0.840030187549033,0.210928347199333,3.7026347151185,1.3429679341185,-0.353872902843956,-4.69172974639305,1.31244835326661,-0.0308786445454798,0.545924348732295,-1.82749405745343,-3.06911006481222,0.525752330344472,0.817861691895139,1.7254960425726,-1.19419275527913,-3.7626261026587,-2.49470689458983,7.45152575252766,1.30046379350987,-1.30046379350987,4.89081102409738
275,3.03583878471597,-1.85103370069537,-1.18480508402059,2.6522493995781,2.20074699425384,-1.19967182227577,-3.65332457155618,5.16297645629293,2.50629426944709,-1.96581149262649,-5.70345923311353,-7.35439969939917,-0.620938978428398,2.8007692437262,5.17456943410137,-1.77887592174454,3.33771523870404,6.10708114242237,-7.66592045938187,-4.99534100180131,4.99534100180131,7.99298929166245
277,2.4863692929606,-0.578415841230915,-1.90795345172969,3.34704667730565,0.963855179504229,1.25426419523957,-5.56516605204944,5.42036037966523,2.46385344071039,-0.52204628087859,-7.36216753949702,-7.03873298607923,0.55506749893332,1.57943331248927,4.90423217465664,-1.32306803305526,3.5006035257043,5.62844659474317,-7.80598208739219,-4.51060823927624,4.51060823927624,5.99422337657251
278,2.63332288845185,-1.66835968228657,-0.964963206165286,3.04053397663593,1.24743704225496,-0.0548902153754559,-4.23308080351543,5.12414945269806,3.25484486721082,-1.21719058852224,-7.16180373138664,-7.13307031802874,-0.497510761828302,2.74559683287947,4.88498424697756,-1.18242613248329,3.21651184586488,5.25049860356885,-7.28458431695045,-4.68833602863322,4.68833602863322,6.97550882028769
279,-0.134606943095944,0.271921763500127,-0.137314820404183,3.88100020309972,1.38995535702337,-0.276936540296252,-4.99401901982686,3.8815301928075,2.23625923091955,-1.33820195851593,-4.77958746521112,-6.41768367696994,0.826007065864051,1.94694288444297,3.64473372666292,-2.07360162231934,1.14706871783153,2.69874648030394,-1.77221357581614,-2.55270177344012,2.55270177344012,5.77210174896772
280,-0.183037916834383,0.476953039474385,-0.293915122640004,3.70234910773438,1.25958012645074,0.190470878915726,-5.15240011310085,3.20502985193684,1.48953883686195,0.174424148190222,-4.86899283698903,-5.7945831506149,0.69909298098659,1.49778178101969,3.5977083886086,-1.15649354626217,0.429296916764285,0.664786626350988,0.0624100031469014,-1.68712614834244,1.68712614834244,6.23992813963603
281,-0.0301156983781722,0.590537720506405,-0.560422022128233,3.79580014740803,1.08833897878333,0.583587327480304,-5.46772645367166,2.89797079750867,1.56032276984613,-0.337930418164919,-4.12036314918987,-5.83463183493381,0.54087730791577,1.83205894995654,3.46169557706149,-0.203608774310012,-0.625079651955533,-0.894753559568874,1.72344198583442,-1.06765995829083,1.06765995829083,5.04611277941147
282,1.30044323564796,-0.979080134513075,-0.321363101134884,3.58280766692403,2.33892282596191,-0.407809900320626,-5.5139205925653,4.21367619479864,2.84170634050843,-1.5794699998624,-5.47591253544465,-7.38270339581475,-0.27895605133541,2.11488425603804,5.54677519111211,-1.4381937322904,2.81881792741523,4.35884368429364,-5.73946787941848,-4.05844050588527,4.05844050588527,6.77977494395183
284,2.77989980903049,-1.11638275764314,-1.66351705138735,4.47705735576733,2.06705669226341,-1.27172207828302,-5.27239196974771,3.804788810383,1.64633120628672,-0.521165334802476,-4.92995468186723,-5.66053289201283,-0.457047779178992,0.842389407191164,5.27519126400066,-1.0445306002108,2.28504749145108,3.67323617859263,-4.91375306983291,-3.68470646854205,3.68470646854205,5.93809371574717
286,1.61280410318051,-1.48131424967217,-0.131489853508348,5.22610186148403,1.82730092234534,-0.480699955270951,-6.57270282855841,2.38862200447449,2.44385375819198,-1.11259689832678,-3.71987886433969,-4.70365835002343,0.0418486916316511,1.41167155414277,3.250138104249,-1.78306314276804,1.27987036127063,2.93280508066405,-2.42961229916663,-2.73289189581893,2.73289189581893,6.48614652465928
287,2.33922528410732,-1.22991186584563,-1.10931341826168,1.41045543981515,2.30090247493037,-2.0537955692805,-1.65756234546503,3.18200974233082,2.61111334501549,-1.96650131037613,-3.8266217769702,-4.01412006813862,-0.779601033061886,2.10191189927512,2.69180920192539,-1.20482533755794,1.99829128276664,2.23218240511591,-3.02564835032461,-3.50947441222547,3.50947441222547,7.2928907651356
288,-0.920595962580383,1.67412308326487,-0.753527120684494,4.63729053162897,1.41974094257257,-0.826938885477309,-5.23009258872422,0.652701880513045,0.671781381176364,0.0117977555135847,-1.33628101720299,-3.28227698323465,-0.620934051476529,1.64116685580657,2.26204417890461,0.38868725624394,-3.59878514241851,-3.0389532311915,6.24905111736607,1.89863477964642,-1.89863477964642,5.01113081762173
289,0.773227034118013,-1.09186117086046,0.318634136742448,4.09878186045339,1.70000969758115,-1.57042573958974,-4.22836581844481,4.66746025884483,2.38644154373355,-2.1882599250261,-4.86564187755229,-5.20318463480589,-1.80753849339723,2.99108988240829,4.01963324579482,-1.13799608798001,2.37087210318872,4.35236874094456,-5.58524475615326,-4.15966453181226,4.15966453181226,6.68425732238111
291,1.87077299113579,-0.937997346230017,-0.932775644905775,2.79325428052303,1.28157245319927,0.018468939439504,-4.0932956731618,4.29327482477743,2.10283544989772,-0.720409911820661,-5.6757003628545,-7.04269091199302,1.12781408035204,1.32622593447969,4.5886508971613,-1.48917651047915,1.2162814216317,2.5240021444014,-2.25110705555396,-2.80105334278791,2.80105334278791,6.71168101130422
294,-0.803993221823051,0.095560936687556,0.708432285135496,1.90428577449064,1.66851126915048,-0.912243858985792,-2.66055318465533,4.3725568507439,1.5991071673368,-1.22454402199504,-4.74711999608567,-2.65388459097652,-1.01316252616981,1.39919451404274,2.2678526031036,0.160716490151145,-1.83834705799923,-0.978796361997622,2.6564269298457,-1.02086525648442,1.02086525648442,5.38930832513751
295,1.44328031826809,-0.922489518627494,-0.520790799640597,4.02969038712151,1.61275854411005,0.602402602424205,-6.24485153365575,3.64121102274875,1.71812319175452,-0.825596530704254,-4.53373768379901,-5.36253523118143,0.216875925550316,1.83794371009538,3.30771559553573,-1.20666850052348,0.0391059159354761,2.22410830919462,-1.05654572460661,-2.03381183308524,2.03381183308524,5.80598524497181
297,2.36967126181281,-1.10245801484205,-1.26721324697075,3.70963604971263,1.43950957556983,-1.0184040231232,-4.13074160215926,4.10460724576842,3.06053794230609,-0.417274232224059,-6.74787095585046,-4.95463017526043,-0.713995783533161,1.81687214016152,3.85175381863207,-2.24339835870705,3.21839694005274,4.41909181165277,-5.39409039299845,-4.12791452770674,4.12791452770674,7.5468332932945
298,-1.45725117152147,1.52915177771412,-0.0719006061926489,5.06287215524583,0.602510552305866,0.676242163770553,-6.34162487132227,-0.293701148919837,0.454383476995303,0.690606814997474,-0.851289143072938,-3.75513022602446,0.0734719824083575,1.16427560495932,2.51738263865679,-0.617531496388128,-3.37040705323951,-2.38530125868804,6.37323980831566,0.467573874671861,-0.467573874671861,4.12391028264062
299,1.40443447169629,-0.0363217091365981,-1.36811276255969,3.07410305203345,2.05561400049736,-1.57030110785634,-3.55941594467447,5.3373699613252,2.15141516895526,-2.3409636430197,-5.14782148726077,-5.96022001966622,0.0472846370742297,1.82535617476581,4.08757920782617,-0.80790258288586,2.29935940872476,3.63685723522817,-5.12831406106707,-3.84675516338112,3.84675516338112,7.55620477867734
300,0.443266042756326,-0.494154546737043,0.0508885039807169,4.22836974228966,1.56075447922914,-0.0212877594915976,-5.76783646202719,4.23379618619522,2.17050053239601,-0.784953784163686,-5.61934293442753,-6.47965484522733,0.819752490575766,1.84353696777969,3.81636538687185,-0.709390575872758,1.5119563754437,2.48519336571047,-3.28775916528141,-2.78406868073726,2.78406868073726,6.26462904203317
301,1.95495782810231,-0.531781516765278,-1.42317631133703,1.71163499156712,1.60611106592049,-1.47712483495578,-1.84062122253183,5.11593332875893,2.69913099167762,-1.08663186840822,-6.7284324520283,-5.82809862648143,-0.949373970172261,1.5223033413185,5.25516925533519,-0.782364702258502,3.67350930917547,4.7427066766697,-7.63385128358666,-4.9267664442183,4.9267664442183,7.94925244959972
302,0.161889998264664,0.0252332010263913,-0.187123199291055,3.26096362603496,2.70897232324283,-0.97159497906197,-4.99834097021584,3.59085625306285,1.41709518816136,-0.997848337687549,-4.01010310353666,-5.51927536909612,0.10128876853979,2.35271375633874,3.06527284421758,-0.56187474907784,-0.441307851432962,0.645534447498498,0.357648153012304,-1.78977381022268,1.78977381022268,6.27663221788342
303,2.71765205639473,-1.06911747844368,-1.64853457795105,3.92758507392056,1.24366635631503,-1.14806571077426,-4.02318571946134,4.30700314158373,1.77272607674853,-0.325141011354893,-5.75458820697736,-7.23320588150505,-0.0516386882878338,2.67921124030636,4.60563332948649,-0.793088170774375,2.53087884018665,5.11523169127631,-6.85302236068859,-4.49250845210085,4.49250845210085,6.19305619722334
305,3.04068611258858,-2.21626814707267,-0.824417965515914,2.51788711443128,1.47725864274477,-0.148317200963622,-3.84682855621243,4.61054208788674,1.59038731528164,-1.37610529126154,-4.82482411190685,-5.53456492019757,1.04255623586208,-0.0694909229064502,4.56149960724194,-1.81067133613079,2.58947767713689,5.09815365514211,-5.8769599961482,-3.96290482099096,3.96290482099096,8.21307686263766
306,2.02084373610504,-1.3896596709974,-0.631184065107641,2.97142354434592,1.56147492686864,-1.98031577318992,-2.55258269802464,4.77357859270976,2.17534510335463,-2.25676895991872,-4.69215473614566,-6.32689311407218,-0.66955669138394,2.55674807442519,4.43970173103094,-0.490797442975169,2.61575904319924,4.21534395418031,-6.34030555440438,-4.63226156684125,4.63226156684125,8.17038332626389
308,1.81082866226512,-1.16061660727461,-0.650212054990517,3.31133597376999,1.94555561247302,-0.910162488122435,-4.34672909812057,4.22027488989265,1.94798968264037,-0.689438035721506,-5.47882653681153,-5.68498799475794,-0.798509120014405,2.6465204039271,3.83697671084525,-0.21313224912233,1.25621813475364,2.42753152700747,-3.47061741263877,-3.15210247373674,3.15210247373674,6.68691695833562
310,4.5099723906289,-3.00178512239948,-1.50818726822943,2.2804604316144,1.42416345884502,-0.244975180176921,-3.45964871028251,6.99767656066671,3.2694013134116,-2.34303871971639,-7.92403915436194,-6.80061783110203,-0.773814636061518,2.23779482613653,5.336637641027,-2.64947167673572,6.88376338970939,9.34447012942369,-13.5787618423973,-7.34255431573931,7.34255431573931,8.69802841799906
311,2.71029569167156,-1.91084456551163,-0.799451126159926,3.0370329091398,2.70635705222708,-0.392662209056637,-5.35072775231026,5.80715466508787,2.91694481510292,-1.3323888953575,-7.39171058483329,-7.73930217354815,0.137366180016413,2.73427925837726,4.86765673515446,-1.5338472687892,4.88141359292508,6.25712975958045,-9.60469608371631,-5.39395363420513,5.39395363420513,6.60805809143063
312,1.10294238061131,-0.0313169720282752,-1.07162540858303,3.2191368705778,2.22489012635012,0.142199754700394,-5.5862267516283,3.25150530076927,1.93033711381598,-1.27694837469352,-3.90489403989173,-6.4416659356034,0.437838470938964,0.749385742506426,5.254441722158,-1.01256548506738,0.793359103921836,3.15409061526775,-2.93488423412221,-2.81812951698834,2.81812951698834,6.25101851834403
314,1.80084626669546,-1.58833059842176,-0.212515668273703,2.17330232118567,1.06286547414952,0.433791014533675,-3.66995880986885,7.03817007387291,2.84672999455062,-1.5666339154312,-8.31826615299233,-6.42442113443085,-0.634053923590275,2.23915840902596,4.81931664899517,-1.38650655656409,4.02430186735937,6.20188976039247,-8.83968507118776,-5.21564723428744,5.21564723428744,6.53932832223408
315,0.767219903251217,-0.83000109890602,0.0627811956548038,3.40449220357413,1.07001710387708,0.868764642004679,-5.34327394945588,6.07282117219739,1.77928156348375,-1.31064053640841,-6.54146219927273,-6.11184483258687,-0.285509624198377,1.73383793838976,4.66351651839549,-1.24017643505385,2.60173513123953,4.51921256322768,-5.88077125941337,-3.96225407462782,3.96225407462782,6.48952443224852
317,2.64720218565527,-1.53673666596276,-1.11046551969251,3.91330055518893,2.14100866162223,-0.793237858090853,-5.26107135872031,4.76339048730744,2.74934140284914,-1.45791488664973,-6.05481700350686,-6.56243310325264,-0.133923603012293,2.38149128928706,4.31486541697787,-1.16220021285758,3.28489066887808,5.38063818119281,-7.50332863721331,-4.50491535074514,4.50491535074514,7.18447883443322
318,2.21791116725309,-2.30510986954662,0.0871987022935193,2.34367533124729,1.72062390517973,0.506565824064056,-4.57086506049108,6.31380518614116,2.45817367385536,-2.32361948350447,-6.44835937649203,-7.80263592960748,-0.189366550705042,2.07954358242482,5.91245889788771,-2.23638512547224,4.52115495646873,7.97869866415211,-10.2634684951486,-5.90127482923536,5.90127482923536,7.76133539642379
319,-1.48351372092957,0.535221941397319,0.948291779532255,4.41071051900916,1.91561609258604,-0.317649238267002,-6.00867737332819,0.0392376777917214,0.782128788212514,0.00413526237544245,-0.825501728379678,-4.49757183906458,0.702314005254661,1.75463182551011,2.04062600829981,-0.180349169704415,-3.11759561323186,-3.97475707968041,7.2727018626167,0.494849998198042,-0.494849998198042,4.95236177711318
320,0.0183030761570294,-0.751158986472247,0.732855910315216,4.96325665349018,2.12863482269104,-1.79761889658924,-5.29427257959197,2.03390460451995,1.44615369023267,-1.42722708350536,-2.05283121124726,-5.60944040990614,-0.92271466670778,2.30459188655396,4.22756319005995,-0.916177375140961,0.574178648607395,1.27703420943787,-0.935035482904304,-2.47985307584342,2.47985307584342,6.39752794762388
322,0.917319163884415,-0.908445969341077,-0.00887319454333755,4.09894352087288,1.85471205932087,-0.773434335549437,-5.18022124464433,3.52250852593545,2.25979114195764,-1.09772204631159,-4.68457762158151,-6.24544946595746,-0.634258904549393,1.5860628066339,5.29364556387296,-1.15568055048069,1.82184859113243,2.70412234439983,-3.37029038505157,-3.32088122824957,3.32088122824957,6.1493605878578
323,1.53262560965456,-0.559755410144788,-0.97287019950977,3.30836773104007,1.38898022238276,0.221111424414763,-4.91845937783759,5.60134856582834,2.38737364994181,-1.96897388186616,-6.019748333904,-7.84485219480664,0.38283017861327,2.07849653277381,5.38352548341956,-2.24127920987797,4.58717015013552,7.00906362262463,-9.35495456288219,-5.17270522623741,5.17270522623741,7.06638410022339
324,2.1380448515966,-0.031872605071435,-2.10617224652517,4.01009761422088,1.54011189827618,-0.21913027457193,-5.33107923792515,4.26452136347831,1.97138410847785,-1.41241458117779,-4.82349089077837,-6.78173840737178,0.57248055705946,1.26878464022481,4.94047321008751,-0.625287962396431,1.46463502511531,3.13312369112475,-3.97247075384361,-3.36783871390562,3.36783871390562,5.9729546029249
325,1.84899591752958,-1.1848804807837,-0.664115436745888,3.17409785410205,1.74955231470773,-1.4062379727785,-3.51741219603128,5.38870195613439,1.71429268841197,-1.38443196755926,-5.71856267698711,-6.26377372139254,-0.383184808917548,2.72902784070527,3.91793068960482,-1.1472896705421,2.05508170569047,4.12949509442082,-5.03728712956917,-3.7999937823837,3.7999937823837,7.17061057376533
327,1.19941241031203,0.593694621236518,-1.79310703154855,4.56353563523673,1.02133417696142,-0.775235088790721,-4.80963472340743,2.30531810758843,2.65275440443052,-1.25680435698437,-3.70126815503456,-3.18453895171721,-1.52448461090746,1.58282462341724,3.12619893920743,-0.756080526814453,2.58150516091057,2.40033846248725,-4.22576309658338,-3.35606134380408,3.35606134380408,6.31917064214354
328,-2.13716970290948,0.695508865887307,1.44166083702216,2.83049176642314,2.34406256715148,-1.62137816347099,-3.55317617010363,0.7237027865176,0.381205824658979,-0.250869176334466,-0.854039434842111,-2.73053727481833,0.213514241788705,1.52220505050769,0.994817982521938,1.00228929225609,-5.33510870006427,-5.88594113262681,10.218760540435,2.09935271053241,-2.09935271053241,4.32175828128841
329,0.989692790720687,-0.0844921315780582,-0.905200659142631,5.18036363892827,1.85851881451106,-1.38191905283022,-5.65696340060911,2.90533595240604,1.30067299684902,-0.818426602149625,-3.38758234710544,-6.33229136365085,-0.0609757690191113,1.31854591980492,5.07472121286506,-0.546210507984293,0.92557164747491,1.47914793569233,-1.85850907518294,-2.4131586451243,2.4131586451243,5.86793300150634
331,-1.44975957333409,1.38977225828193,0.0599873150521553,3.81150358140654,1.59658004773001,-0.659517698025405,-4.74856593111115,-0.463770125311741,0.440908315581677,0.785697978135851,-0.762836168405789,-3.03878867782407,-0.489129570160542,1.20523651722111,2.32268173076351,-0.071261048305242,-3.14982892773275,-4.47063885022404,7.69172882626201,-0.325946320964584,0.325946320964584,4.85175774767886
333,1.30673286781878,-0.620193483839729,-0.686539383979052,3.90551933585598,1.74808940907301,-0.0153676298813062,-5.63824111504768,3.28542832714786,1.89229864449189,-0.676657180726336,-4.50106979091343,-6.92100042062769,-0.280428721539875,2.22881632493929,4.97261281722828,-0.830080511901641,1.58942337659578,4.32171711853099,-5.08105998322513,-3.49137338230503,3.49137338230503,6.40645826039656
336,2.68330585024786,-1.63920050546277,-1.0441053447851,2.55349256167049,2.021657580562,0.179285460464481,-4.75443560269697,6.21273168364401,2.81965781464893,-1.46921925680209,-7.56317024149086,-7.30079972853921,-0.0821218654250765,2.02266822622531,5.36025336773898,-2.48832050499215,5.20279451625437,7.6467238018671,-10.3611978131293,-5.81961726124047,5.81961726124047,7.51968828746393
337,0.0985764214317,0.0880945756684904,-0.18667099710019,4.97515902945517,1.82926369023241,-1.19537044725374,-5.60905227243385,2.38310238670321,1.35617149317171,-0.286377642444128,-3.45289623743078,-4.62980796186165,-1.03075729441806,1.69248090829569,3.96808434798401,0.102823795138124,-0.502874279524342,0.444484992016935,-0.0444345076307155,-1.59574149914971,1.59574149914971,6.20418711045135
340,2.18412677427906,-1.67475212443905,-0.509374649840015,3.22197507374609,0.655650916627139,0.493880210853146,-4.37150620122638,5.02392232699022,2.28772827059304,-0.757573143374567,-6.55407745420869,-7.32720596640746,-0.357194822478154,2.64928205609516,5.03511873279046,-1.71149908221563,2.81044944969803,5.01171553313599,-6.11066590061839,-4.31649504197502,4.31649504197502,6.53641923882187
341,2.92823957717677,-1.50546176470997,-1.42277781246679,2.43286877349969,2.05670526832639,-1.55715994611658,-2.9324140957095,5.20299955810581,2.62222890801203,-1.79222138571544,-6.0330070804024,-6.27419167736619,-0.537726152630861,2.5659374948492,4.24598033514786,-1.45491314505414,3.14908886932867,5.15013982281021,-6.84431554708473,-4.70186153404034,4.70186153404034,7.93574021827938
342,0.281278757017585,0.388096902829839,-0.669375659847423,5.26220964266809,1.72955297270652,-1.292044751635,-5.69971786373961,1.60145237869802,1.17905382166188,-0.803503018683517,-1.97700318167638,-4.85324602313561,-0.07404591083199,1.51988574593591,3.40740618803169,-0.376167952399903,-1.62910106476782,-0.889973973055435,2.89524299022315,-0.966116164837748,0.966116164837748,5.45030858475862
343,0.295833596759282,0.351768913873561,-0.647602510632841,5.89330711444473,1.8299285085275,-1.82141671432305,-5.90181890864919,1.90535524923984,1.57081853228404,-1.23600163278318,-2.24017214874069,-5.22442371484414,-0.326172070644725,1.6270418602175,3.92355392527137,-0.88706085577975,0.226115746519033,0.769935058243161,-0.108989948982442,-1.8416865529263,1.8416865529263,5.36761487765696
344,1.8630001786765,-1.50051819144747,-0.362481987229028,3.84365529072712,1.77163960238308,-0.826798420070677,-4.78849647303953,5.07641615211295,2.37162898406331,-1.26088156721228,-6.187163568964,-6.99993273013601,-0.169628950895584,1.98026226266006,5.18929941837155,-1.24709233150409,2.46002708415938,5.41816767583777,-6.63110242849306,-4.36006211698198,4.36006211698198,6.31739881156927
345,-1.13459765825162,1.25753527777185,-0.12293761952023,5.54266554650743,1.34909621339536,-0.759695371435226,-6.13206638846757,0.395451582577265,-0.000271164878103502,0.974858456104464,-1.37003887380363,-4.00029221896246,-0.363374087954878,1.83650953844361,2.52715676847372,-0.409825934420027,-3.18015399245641,-2.28700098108166,5.8769809079581,1.09650116557469,-1.09650116557469,4.41240140710465
346,0.477553875267346,-0.204748934490863,-0.272804940776483,4.76113852641527,1.74769327185898,-0.801264784964692,-5.70756701330957,3.10649868635343,2.12347301863903,-1.04565701482125,-4.18431469017121,-6.75184716566336,0.642692461945382,2.04658884358902,4.06256586012895,-0.643409697944803,0.979198049853401,2.83437112808604,-3.17015947999464,-2.67395907005658,2.67395907005658,6.92250118631278
347,0.00267068307103897,0.571879065580733,-0.574549748651773,4.74847793677921,1.66802906998961,-1.11390653270691,-5.3026004740619,3.13656134571276,1.46221479414871,-0.463488492048917,-4.13528764781255,-5.55097734407125,0.0219796576324438,1.29601654551758,4.23298114092124,-0.273480378111357,0.772630575812764,1.44891846266887,-1.94806866037028,-2.32311379245383,2.32311379245383,5.87326812052174
348,-1.19799439042826,1.28883054966331,-0.0908361592350495,3.79944614454623,1.62844134280847,-2.16144525695571,-3.26644223039899,0.413524842547834,-0.629507835507123,-0.20907564131433,0.42505863427362,-3.85096743952265,-0.385434872392091,1.49189583748755,2.74450647442719,0.0120945248981734,-4.16563120081035,-3.09723047318412,7.2507671490963,-0.18975866417993,0.18975866417993,4.69980643029453
349,1.87440982555313,-0.978430087452019,-0.895979738101106,3.87767672623476,1.78393758610112,-2.0052309122688,-3.65638340006708,3.37267089857264,2.08226709489552,-1.18070259376361,-4.27423539970454,-4.66195933965619,-1.89425555181347,2.04764967788087,4.50856521358878,0.955289106652082,0.58336947226917,3.05455558031892,-4.59321415924017,-3.68783370509324,3.68783370509324,6.69495503973781
351,2.35958178415637,-1.37288546971476,-0.986696314441607,3.02942427661661,1.81741282923117,0.123017534643295,-4.96985464049107,5.77771655737997,3.11899932644117,-1.60763298020046,-7.2890829036207,-6.98675973695197,-0.365595281291986,2.18916374670003,5.16319127154392,-1.85277240336972,4.15105900608629,6.42558217163591,-8.72386877435245,-5.08237433815442,5.08237433815442,7.02326125247103
352,2.82612663466093,-1.09036913798505,-1.73575749667588,3.2562308068966,1.47230033352212,-0.871729214358438,-3.85680192606027,5.90899783187964,2.83386102223766,-2.16895123510108,-6.57390761901622,-7.38343689250747,-0.722727401244151,1.94647174262011,6.1596925511315,-2.01508129039397,4.15664189209807,5.80352894929719,-7.9450895510013,-5.12533957783595,5.12533957783595,6.60587416978565
355,1.91613633479121,-0.728096241140478,-1.18804009365074,4.8904063393582,1.94128151718779,-2.36326954942157,-4.46841830712443,3.09501417576158,1.72009942822979,-1.68714889543288,-3.12796470855849,-4.89686343473684,-0.665995897455737,1.46609984116768,4.09675949102489,-2.66406004869476,2.25824889781466,3.7629203050802,-3.35710915420009,-3.33353689442908,3.33353689442908,6.72483733404215
356,0.352792560589637,0.12529854319375,-0.478091103783388,3.59651661331597,2.19829546492589,-1.10777909654965,-4.6870329816922,3.64813822917285,1.54390637799082,-0.615277648407313,-4.57676695875635,-5.74280199567969,-0.226515752792287,1.23215303068978,4.73716471778219,-0.898618126237953,0.120501305313051,2.2067608431076,-1.42864402218269,-2.5340604821944,2.5340604821944,4.84675994810271
358,1.53324258183235,-0.9001127327861,-0.633129849046255,4.26186852119374,0.449102376579477,0.827396933464187,-5.5383678312374,3.94000695474604,1.36904591765683,-0.0499952058920285,-5.25905766651085,-4.6203900849294,-0.0802054463318675,0.857979818703275,3.84261571255798,-1.94931750279992,0.830254722146735,4.73274059770649,-3.61367781705331,-2.75414590768699,2.75414590768699,5.48842713259748
361,2.25093631560081,-1.53763006347416,-0.713306252126648,4.26009018515938,2.17369541640052,-0.932831202276306,-5.5009543992836,3.76608473205955,1.94321049386241,-1.98071531615439,-3.72857990976757,-6.57369377576162,0.308659141325613,2.42959805306686,3.83543658136915,-0.809504722948704,1.35007412899131,2.38473518588363,-2.92530459192623,-3.04788665298309,3.04788665298309,6.79905389149501
363,2.8225442764468,-1.23945300662321,-1.58309126982359,3.06010725630264,1.89593159441346,0.277069107351144,-5.23310795806724,5.42955601793879,3.10730344428829,-1.56295034248259,-6.97390911974447,-7.61781108212989,0.220474199627959,2.03386449228592,5.36347239021603,-1.60461425375021,4.47663750904997,6.59245255823361,-9.46447581353336,-5.25385433590602,5.25385433590602,7.61496104104118
364,3.02770972380064,-2.08905529663353,-0.938654427167108,3.59194158638002,1.75455013062513,-0.504772859745918,-4.84171885725923,5.65274415761614,2.29623272283739,-1.34863579984398,-6.60034108060956,-6.30811840745474,-0.531205482995888,2.1544142458173,4.68490964463333,-1.88283113692715,4.05640773410818,6.18108880809408,-8.3546654052751,-5.0107529211724,5.0107529211724,7.36302773193044
365,3.84344343529767,-2.17071770205908,-1.67272573323859,2.86924195259735,2.30031364155324,-0.530913411994329,-4.63864218215626,6.21031905968139,3.36105317180585,-2.09791520451758,-7.47345702696965,-6.999063385345,-0.581761103242525,2.13952916395671,5.44129532463081,-2.37073201676269,5.43935322559196,8.26205333142382,-11.3306745402531,-6.25485249530867,6.25485249530867,7.54432668237834
369,2.77601266299668,-1.73454360188003,-1.04146906111666,3.05714858484837,0.965610313960309,0.383291606084151,-4.40605050489283,6.73370404508844,2.35594814395169,-2.24613507502204,-6.84351711401809,-7.16016477348556,0.0693116521809234,2.18152011657665,4.90933300472796,-2.85901576300848,4.30151187340223,9.20756495981724,-10.650061070211,-5.90611438356351,5.90611438356351,7.01921619473766
370,-0.136717288031194,-0.726346780860124,0.863064068891317,6.31552420845025,1.14045664219117,-1.5019691326733,-5.95401171796811,2.05760886135909,0.86167682445879,-1.04641232026371,-1.87287336555417,-4.69850824603493,-0.62099778014785,2.71778531968405,2.60172070649872,-0.739290153072295,-0.662618285870854,0.819020283649053,0.582888155294098,-1.49377342260789,1.49377342260789,5.61187547319532
372,1.58161890011792,-0.317664335936817,-1.2639545641811,4.11014327860228,1.865104854467,-1.40925333495003,-4.56599479811925,4.6052459466362,2.36566652044049,-1.16629518228041,-5.80461728479629,-6.59718797885996,-0.264866495672959,2.47601660275604,4.38603787177689,-1.46522900924584,2.64381875038321,4.75194239222374,-5.93053213336112,-4.14211661164743,4.14211661164743,6.79177102440037
373,1.39723323379138,-1.02159245287697,-0.375640780914405,1.27825482210613,2.17630017712293,1.38538334312332,-4.83993834235239,5.86237832891436,2.08205107386796,-0.609396394222359,-7.33503300855996,-4.59154432621253,0.230363098665659,2.03955045765376,2.32163076989311,-1.70447678782707,3.33010151192269,4.83023270329521,-6.45585742739083,-3.8643611941876,3.8643611941876,6.41477057842318
375,0.755495693271175,0.355925032013487,-1.11142072528466,3.90318161597532,2.30311129737888,-1.23641109587565,-4.96988181747855,2.73708051308155,1.8168561387573,-0.705531816608898,-3.84840483522995,-5.691162588781,-0.225187314757306,2.04329133542779,3.8730585681105,0.894855865199286,-0.595058068215692,0.763231042127535,-1.06302883911113,-2.19538378914267,2.19538378914267,4.79195503116498
376,0.587802275121678,-0.897434068633069,0.309631793511388,3.46934365664441,0.0165861518382837,-1.0440876025319,-2.44184220595079,3.55858566810764,2.0511763122635,0.0755723183170414,-5.68533429868817,-5.48375961648236,-1.52769982765774,2.22336860874595,4.78809083539416,-0.548942577185685,2.95590241448854,3.41594074054701,-5.82290057784986,-4.41019536019821,4.41019536019821,5.87442248160936
377,-0.576902492771151,0.524115580292806,0.0527869124783447,4.88439956228339,1.89534324701445,-0.235815831133146,-6.54392697816471,3.16366236416746,1.3521122470476,-1.28950456872812,-3.22627004248694,-5.72437806699163,-0.232881673446553,2.34433565904099,3.61292408139719,-1.81021216464133,0.696873166766769,0.893127967555558,0.220211030319003,-1.87760781656554,1.87760781656554,4.5484758262184
378,3.07808406882085,-1.36424142639752,-1.71384264242332,2.09656743316641,1.2893246461828,0.575182087309883,-3.96107416665911,5.16107217439613,2.7662848326663,-2.39632368381122,-5.53103332325119,-7.51206899990381,0.384675696903694,1.70617294080751,5.42122036219263,-2.95847142206686,3.97046526296678,6.29264189558488,-7.30463573648479,-4.8628240627102,4.8628240627102,5.64494677943046
379,1.24618281888411,-0.155082095507028,-1.09110072337708,5.30393998343527,1.06061900583032,-0.964076341565682,-5.4004826476999,3.86341247033201,2.1830738379361,-0.794541255448273,-5.25194505281983,-4.92834480980764,-0.673317496736975,1.46150690712861,4.14015539941601,-1.16273783547438,1.70483916720478,4.54027115653339,-5.08237248826379,-3.5340599941353,3.5340599941353,6.2343078834939
381,1.8375190615128,-1.52867525545745,-0.308843806055348,3.61065654242402,2.20388782087614,-0.902681177778626,-4.91186318552152,3.40249880219252,1.744340603501,-1.42747080075664,-3.71936860493689,-6.715542441078,-0.312201924709521,2.62984384269442,4.3979005230931,-0.191571403680279,0.386561437241748,2.61723885748912,-2.81222889105059,-2.85815136370184,2.85815136370184,6.70537244632964
386,2.64207610617,-2.32014313241241,-0.321932973757595,2.84549647704977,1.7747272630617,-0.804661339292461,-3.81556240081901,6.41803224730445,3.12774542627356,-1.74416337452399,-7.80161429905401,-6.80425211957382,-0.794719526974941,2.5975058943564,5.00146575219234,-2.00879733005439,4.88791047155872,7.61607658293958,-10.4951897244439,-5.83387280851139,5.83387280851139,8.14908242232164
387,1.41696534281793,-0.773741204600343,-0.643224138217587,3.21468807187464,0.789916932681194,0.609729912308875,-4.6143349168647,5.88184695168767,2.16563182920339,-1.51033918255739,-6.53713959833365,-6.85703070341779,-0.255756587158531,1.90483524890238,5.20795204167394,-0.742340920536742,2.57694838257536,5.05492965108129,-6.8895371131199,-4.20802537261933,4.20802537261933,6.01228665585792
391,-0.551143384684399,0.272409750811135,0.278733633873264,6.05811480177982,1.25370833532178,-0.458769536589595,-6.85305360051203,1.40190385557037,1.30952222073348,-0.177092179775318,-2.53433389652853,-5.86895123265122,0.578030115884091,1.29934717203327,3.99157394473387,-0.197373777287867,-0.911580219618521,0.611124217342092,0.497829779564295,-1.24924389029996,1.24924389029996,5.18430161426617
393,-1.80941517806048,0.761453463724553,1.04796171433592,3.97363165227701,2.33179789927987,-1.03275750020782,-5.27267205134906,0.590293566659518,0.980345939208878,-0.458314338200264,-1.11232516766813,-3.32647792837102,-0.494734247303133,2.14965050642512,1.67156166924903,0.52976332438702,-3.8376394563684,-2.78210692533362,6.08998305731502,-0.361497726306378,0.361497726306378,5.05669449076578
394,2.21440873366251,-1.29759501838238,-0.916813715280131,3.71479717224867,1.89373546794505,-0.516135904078759,-5.09239673611495,4.66360924349903,2.97607752394554,-1.09754844079079,-6.54213832665377,-6.58148009725358,-0.359682899400394,2.04480237465645,4.89636062199752,-2.27767259006259,3.71573899503441,5.19225295507778,-6.6303193600496,-4.6060164185006,4.6060164185006,6.7697074557898
395,2.06564132678238,-0.422102876662865,-1.64353845011952,3.10671520600496,1.04727311565064,-1.46065316517604,-2.69333515647955,5.5517100174639,1.96138310336111,-1.44639891625156,-6.06669420457344,-5.09858003349627,-1.73680015176823,2.46299684407749,4.37238334118701,-1.31383401533381,3.19478234642624,3.66294226010671,-5.54389059119915,-4.27937501835972,4.27937501835972,6.28281807483534
396,2.80018365577792,-1.26775510952394,-1.53242854625397,3.19443436553024,2.43713912323392,-1.48616025490117,-4.14541323386299,5.515097794639,2.87168841009219,-1.26245268102189,-7.12433352370931,-6.25804176877571,-1.07006864257517,2.200625170226,5.12748524112488,-1.44373925040875,4.46335790611488,5.6096837469852,-8.62930240269133,-5.3011881004119,5.3011881004119,7.28736284921415
397,3.60177702569174,-1.46811484838823,-2.13366217730352,2.88949410551958,1.33464912322906,-1.18991789989433,-3.03422532885431,5.14990825796362,2.13747040114156,-1.05329621922077,-6.23408243988437,-6.28879677275247,-0.558465490867681,2.20552761116814,4.64173465245199,-0.894117265745639,3.00632488281871,4.40046429074641,-6.51267190781948,-4.43612903436986,4.43612903436986,7.40419418570805
398,2.98127794257411,-0.98944980926628,-1.99182813330783,3.47324146532933,1.27896966477679,-1.11237710097728,-3.63983402912883,4.83878442573586,2.52089056920341,-1.49255610163931,-5.86711889329996,-5.50350260744766,-1.64969534440015,2.19420352051622,4.95899443133159,-1.4835142694253,3.51836909444408,4.54018605838858,-6.57504088340736,-4.69447718258959,4.69447718258959,6.91045570885284
