"resp.id","profile","resistance","beta_si"
2,"web|simple|low|multi_person",-4.38371619741003,20.3096604315012
2,"mobile|two_factor|low|multi_person",-3.54083966938925,20.3096604315012
2,"web|two_factor|low|multi_person",-4.95187604400087,20.3096604315012
2,"mobile|multi_factor|low|multi_person",-4.27673388550152,20.3096604315012
2,"mobile|simple|medium|multi_person",-3.62764207789726,20.3096604315012
2,"mobile|multi_factor|medium|multi_person",-4.93169614060038,20.3096604315012
2,"web|multi_factor|medium|multi_person",-6.342732515212,20.3096604315012
2,"mobile|simple|high|multi_person",-4.74057060878875,20.3096604315012
2,"web|simple|high|multi_person",-6.15160698340038,20.3096604315012
2,"mobile|two_factor|high|multi_person",-5.3087304553796,20.3096604315012
2,"mobile|multi_factor|high|multi_person",-6.04462467149187,20.3096604315012
2,"mobile|simple|low|one_to_one",-3.12043688648474,20.3096604315012
2,"web|simple|low|one_to_one",-4.53147326109636,20.3096604315012
2,"mobile|multi_factor|low|one_to_one",-4.42449094918786,20.3096604315012
2,"web|multi_factor|low|one_to_one",-5.83552732379948,20.3096604315012
2,"mobile|simple|medium|one_to_one",-3.7753991415836,20.3096604315012
2,"mobile|two_factor|medium|one_to_one",-4.34355898817444,20.3096604315012
2,"mobile|multi_factor|medium|one_to_one",-5.07945320428671,20.3096604315012
2,"web|multi_factor|medium|one_to_one",-6.49048957889834,20.3096604315012
2,"web|simple|high|one_to_one",-6.29936404708672,20.3096604315012
2,"mobile|two_factor|high|one_to_one",-5.45648751906593,20.3096604315012
2,"mobile|multi_factor|high|one_to_one",-6.1923817351782,20.3096604315012
2,"web|multi_factor|high|one_to_one",-7.60341810978983,20.3096604315012
2,"web|simple|medium|multi_person",-5.03867845250889,20.3096604315012
2,"mobile|two_factor|medium|multi_person",-4.1958019244881,20.3096604315012
2,"web|two_factor|high|multi_person",-6.71976682999122,20.3096604315012
2,"web|multi_factor|high|multi_person",-7.4556610461035,20.3096604315012
2,"web|simple|medium|one_to_one",-5.18643551619522,20.3096604315012
2,"web|two_factor|medium|one_to_one",-5.75459536278607,20.3096604315012
2,"mobile|simple|high|one_to_one",-4.88832767247509,20.3096604315012
2,"mobile|simple|low|multi_person",-2.9726798227984,20.3096604315012
2,"web|multi_factor|low|multi_person",-5.68777026011314,20.3096604315012
2,"web|two_factor|medium|multi_person",-5.60683829909973,20.3096604315012
2,"mobile|two_factor|low|one_to_one",-3.68859673307558,20.3096604315012
2,"web|two_factor|high|one_to_one",-6.86752389367756,20.3096604315012
2,"web|two_factor|low|one_to_one",-5.09963310768721,20.3096604315012
3,"web|simple|low|multi_person",-4.22699168162363,15.7598753974779
3,"mobile|two_factor|low|multi_person",-5.32521168972112,15.7598753974779
3,"web|two_factor|low|multi_person",-6.06170044155509,15.7598753974779
3,"mobile|multi_factor|low|multi_person",-4.79864207338692,15.7598753974779
3,"mobile|simple|medium|multi_person",-3.39454064396968,15.7598753974779
3,"mobile|multi_factor|medium|multi_person",-4.70267978756694,15.7598753974779
3,"web|multi_factor|medium|multi_person",-5.43916853940092,15.7598753974779
3,"mobile|simple|high|multi_person",-5.89128304988663,15.7598753974779
3,"web|simple|high|multi_person",-6.6277718017206,15.7598753974779
3,"mobile|two_factor|high|multi_person",-7.7259918098181,15.7598753974779
3,"mobile|multi_factor|high|multi_person",-7.19942219348389,15.7598753974779
3,"mobile|simple|low|one_to_one",-2.72584760095082,15.7598753974779
3,"web|simple|low|one_to_one",-3.46233635278479,15.7598753974779
3,"mobile|multi_factor|low|one_to_one",-4.03398674454808,15.7598753974779
3,"web|multi_factor|low|one_to_one",-4.77047549638205,15.7598753974779
3,"mobile|simple|medium|one_to_one",-2.62988531513084,15.7598753974779
3,"mobile|two_factor|medium|one_to_one",-4.46459407506231,15.7598753974779
3,"mobile|multi_factor|medium|one_to_one",-3.93802445872811,15.7598753974779
3,"web|multi_factor|medium|one_to_one",-4.67451321056208,15.7598753974779
3,"web|simple|high|one_to_one",-5.86311647288177,15.7598753974779
3,"mobile|two_factor|high|one_to_one",-6.96133648097926,15.7598753974779
3,"mobile|multi_factor|high|one_to_one",-6.43476686464506,15.7598753974779
3,"web|multi_factor|high|one_to_one",-7.17125561647903,15.7598753974779
3,"web|simple|medium|multi_person",-4.13102939580365,15.7598753974779
3,"mobile|two_factor|medium|multi_person",-5.22924940390115,15.7598753974779
3,"web|two_factor|high|multi_person",-8.46248056165207,15.7598753974779
3,"web|multi_factor|high|multi_person",-7.93591094531787,15.7598753974779
3,"web|simple|medium|one_to_one",-3.36637406696482,15.7598753974779
3,"web|two_factor|medium|one_to_one",-5.20108282689628,15.7598753974779
3,"mobile|simple|high|one_to_one",-5.12662772104779,15.7598753974779
3,"mobile|simple|low|multi_person",-3.49050292978965,15.7598753974779
3,"web|multi_factor|low|multi_person",-5.53513082522089,15.7598753974779
3,"web|two_factor|medium|multi_person",-5.96573815573512,15.7598753974779
3,"mobile|two_factor|low|one_to_one",-4.56055636088228,15.7598753974779
3,"web|two_factor|high|one_to_one",-7.69782523281324,15.7598753974779
3,"web|two_factor|low|one_to_one",-5.29704511271626,15.7598753974779
4,"web|simple|low|multi_person",-4.71940835275563,21.7686229075507
4,"mobile|two_factor|low|multi_person",-4.63665275592413,21.7686229075507
4,"web|two_factor|low|multi_person",-4.71625340424878,21.7686229075507
4,"mobile|multi_factor|low|multi_person",-4.99695406576169,21.7686229075507
4,"mobile|simple|medium|multi_person",-5.78247923985103,21.7686229075507
4,"mobile|multi_factor|medium|multi_person",-6.13962560118174,21.7686229075507
4,"web|multi_factor|medium|multi_person",-6.21922624950639,21.7686229075507
4,"mobile|simple|high|multi_person",-6.14347712921367,21.7686229075507
4,"web|simple|high|multi_person",-6.22307777753833,21.7686229075507
4,"mobile|two_factor|high|multi_person",-6.14032218070683,21.7686229075507
4,"mobile|multi_factor|high|multi_person",-6.50062349054438,21.7686229075507
4,"mobile|simple|low|one_to_one",-3.86629481520167,21.7686229075507
4,"web|simple|low|one_to_one",-3.94589546352632,21.7686229075507
4,"mobile|multi_factor|low|one_to_one",-4.22344117653238,21.7686229075507
4,"web|multi_factor|low|one_to_one",-4.30304182485704,21.7686229075507
4,"mobile|simple|medium|one_to_one",-5.00896635062172,21.7686229075507
4,"mobile|two_factor|medium|one_to_one",-5.00581140211487,21.7686229075507
4,"mobile|multi_factor|medium|one_to_one",-5.36611271195243,21.7686229075507
4,"web|multi_factor|medium|one_to_one",-5.44571336027709,21.7686229075507
4,"web|simple|high|one_to_one",-5.44956488830902,21.7686229075507
4,"mobile|two_factor|high|one_to_one",-5.36680929147752,21.7686229075507
4,"mobile|multi_factor|high|one_to_one",-5.72711060131508,21.7686229075507
4,"web|multi_factor|high|one_to_one",-5.80671124963973,21.7686229075507
4,"web|simple|medium|multi_person",-5.86207988817568,21.7686229075507
4,"mobile|two_factor|medium|multi_person",-5.77932429134418,21.7686229075507
4,"web|two_factor|high|multi_person",-6.21992282903148,21.7686229075507
4,"web|multi_factor|high|multi_person",-6.58022413886904,21.7686229075507
4,"web|simple|medium|one_to_one",-5.08856699894637,21.7686229075507
4,"web|two_factor|medium|one_to_one",-5.08541205043953,21.7686229075507
4,"mobile|simple|high|one_to_one",-5.36996423998437,21.7686229075507
4,"mobile|simple|low|multi_person",-4.63980770443097,21.7686229075507
4,"web|multi_factor|low|multi_person",-5.07655471408634,21.7686229075507
4,"web|two_factor|medium|multi_person",-5.85892493966884,21.7686229075507
4,"mobile|two_factor|low|one_to_one",-3.86313986669482,21.7686229075507
4,"web|two_factor|high|one_to_one",-5.44640993980217,21.7686229075507
4,"web|two_factor|low|one_to_one",-3.94274051501948,21.7686229075507
5,"web|simple|low|multi_person",-5.86917084663977,19.571742013566
5,"mobile|two_factor|low|multi_person",-3.93522447863821,19.571742013566
5,"web|two_factor|low|multi_person",-5.82670945104766,19.571742013566
5,"mobile|multi_factor|low|multi_person",-3.87722692920343,19.571742013566
5,"mobile|simple|medium|multi_person",-4.69704729274705,19.571742013566
5,"mobile|multi_factor|medium|multi_person",-4.59658834772016,19.571742013566
5,"web|multi_factor|medium|multi_person",-6.48807332012961,19.571742013566
5,"mobile|simple|high|multi_person",-5.38041377067513,19.571742013566
5,"web|simple|high|multi_person",-7.27189874308458,19.571742013566
5,"mobile|two_factor|high|multi_person",-5.33795237508302,19.571742013566
5,"mobile|multi_factor|high|multi_person",-5.27995482564824,19.571742013566
5,"mobile|simple|low|one_to_one",-3.1614169327418,19.571742013566
5,"web|simple|low|one_to_one",-5.05290190515125,19.571742013566
5,"mobile|multi_factor|low|one_to_one",-3.06095798771492,19.571742013566
5,"web|multi_factor|low|one_to_one",-4.95244296012437,19.571742013566
5,"mobile|simple|medium|one_to_one",-3.88077835125853,19.571742013566
5,"mobile|two_factor|medium|one_to_one",-3.83831695566642,19.571742013566
5,"mobile|multi_factor|medium|one_to_one",-3.78031940623165,19.571742013566
5,"web|multi_factor|medium|one_to_one",-5.6718043786411,19.571742013566
5,"web|simple|high|one_to_one",-6.45562980159607,19.571742013566
5,"mobile|two_factor|high|one_to_one",-4.52168343359451,19.571742013566
5,"mobile|multi_factor|high|one_to_one",-4.46368588415973,19.571742013566
5,"web|multi_factor|high|one_to_one",-6.35517085656918,19.571742013566
5,"web|simple|medium|multi_person",-6.5885322651565,19.571742013566
5,"mobile|two_factor|medium|multi_person",-4.65458589715494,19.571742013566
5,"web|two_factor|high|multi_person",-7.22943734749247,19.571742013566
5,"web|multi_factor|high|multi_person",-7.1714397980577,19.571742013566
5,"web|simple|medium|one_to_one",-5.77226332366798,19.571742013566
5,"web|two_factor|medium|one_to_one",-5.72980192807587,19.571742013566
5,"mobile|simple|high|one_to_one",-4.56414482918662,19.571742013566
5,"mobile|simple|low|multi_person",-3.97768587423032,19.571742013566
5,"web|multi_factor|low|multi_person",-5.76871190161288,19.571742013566
5,"web|two_factor|medium|multi_person",-6.54607086956439,19.571742013566
5,"mobile|two_factor|low|one_to_one",-3.11895553714969,19.571742013566
5,"web|two_factor|high|one_to_one",-6.41316840600396,19.571742013566
5,"web|two_factor|low|one_to_one",-5.01044050955914,19.571742013566
6,"web|simple|low|multi_person",-3.85600369856874,21.5993666287517
6,"mobile|two_factor|low|multi_person",-3.8183069301522,21.5993666287517
6,"web|two_factor|low|multi_person",-5.28771892502448,21.5993666287517
6,"mobile|multi_factor|low|multi_person",-4.35199960843983,21.5993666287517
6,"mobile|simple|medium|multi_person",-3.48124666978074,21.5993666287517
6,"mobile|multi_factor|medium|multi_person",-5.44665457452411,21.5993666287517
6,"web|multi_factor|medium|multi_person",-6.91606656939639,21.5993666287517
6,"mobile|simple|high|multi_person",-4.21469289070551,21.5993666287517
6,"web|simple|high|multi_person",-5.68410488557779,21.5993666287517
6,"mobile|two_factor|high|multi_person",-5.64640811716125,21.5993666287517
6,"mobile|multi_factor|high|multi_person",-6.18010079544888,21.5993666287517
6,"mobile|simple|low|one_to_one",-1.70214586706486,21.5993666287517
6,"web|simple|low|one_to_one",-3.17155786193714,21.5993666287517
6,"mobile|multi_factor|low|one_to_one",-3.66755377180823,21.5993666287517
6,"web|multi_factor|low|one_to_one",-5.13696576668051,21.5993666287517
6,"mobile|simple|medium|one_to_one",-2.79680083314914,21.5993666287517
6,"mobile|two_factor|medium|one_to_one",-4.22851605960487,21.5993666287517
6,"mobile|multi_factor|medium|one_to_one",-4.76220873789251,21.5993666287517
6,"web|multi_factor|medium|one_to_one",-6.23162073276479,21.5993666287517
6,"web|simple|high|one_to_one",-4.99965904894619,21.5993666287517
6,"mobile|two_factor|high|one_to_one",-4.96196228052965,21.5993666287517
6,"mobile|multi_factor|high|one_to_one",-5.49565495881728,21.5993666287517
6,"web|multi_factor|high|one_to_one",-6.96506695368956,21.5993666287517
6,"web|simple|medium|multi_person",-4.95065866465302,21.5993666287517
6,"mobile|two_factor|medium|multi_person",-4.91296189623648,21.5993666287517
6,"web|two_factor|high|multi_person",-7.11582011203353,21.5993666287517
6,"web|multi_factor|high|multi_person",-7.64951279032116,21.5993666287517
6,"web|simple|medium|one_to_one",-4.26621282802142,21.5993666287517
6,"web|two_factor|medium|one_to_one",-5.69792805447716,21.5993666287517
6,"mobile|simple|high|one_to_one",-3.53024705407391,21.5993666287517
6,"mobile|simple|low|multi_person",-2.38659170369646,21.5993666287517
6,"web|multi_factor|low|multi_person",-5.82141160331211,21.5993666287517
6,"web|two_factor|medium|multi_person",-6.38237389110876,21.5993666287517
6,"mobile|two_factor|low|one_to_one",-3.1338610935206,21.5993666287517
6,"web|two_factor|high|one_to_one",-6.43137427540193,21.5993666287517
6,"web|two_factor|low|one_to_one",-4.60327308839288,21.5993666287517
7,"web|simple|low|multi_person",-5.73660594788144,20.0569575167456
7,"mobile|two_factor|low|multi_person",-5.11821306701878,20.0569575167456
7,"web|two_factor|low|multi_person",-4.5536639588478,20.0569575167456
7,"mobile|multi_factor|low|multi_person",-4.68597277407826,20.0569575167456
7,"mobile|simple|medium|multi_person",-6.73889099112331,20.0569575167456
7,"mobile|multi_factor|medium|multi_person",-5.12370870914915,20.0569575167456
7,"web|multi_factor|medium|multi_person",-4.55915960097817,20.0569575167456
7,"mobile|simple|high|multi_person",-8.63373891704599,20.0569575167456
7,"web|simple|high|multi_person",-8.06918980887501,20.0569575167456
7,"mobile|two_factor|high|multi_person",-7.45079692801234,20.0569575167456
7,"mobile|multi_factor|high|multi_person",-7.01855663507182,20.0569575167456
7,"mobile|simple|low|one_to_one",-6.24030576861465,20.0569575167456
7,"web|simple|low|one_to_one",-5.67575666044367,20.0569575167456
7,"mobile|multi_factor|low|one_to_one",-4.62512348664049,20.0569575167456
7,"web|multi_factor|low|one_to_one",-4.06057437846951,20.0569575167456
7,"mobile|simple|medium|one_to_one",-6.67804170368555,20.0569575167456
7,"mobile|two_factor|medium|one_to_one",-5.4950997146519,20.0569575167456
7,"mobile|multi_factor|medium|one_to_one",-5.06285942171138,20.0569575167456
7,"web|multi_factor|medium|one_to_one",-4.4983103135404,20.0569575167456
7,"web|simple|high|one_to_one",-8.00834052143724,20.0569575167456
7,"mobile|two_factor|high|one_to_one",-7.38994764057458,20.0569575167456
7,"mobile|multi_factor|high|one_to_one",-6.95770734763406,20.0569575167456
7,"web|multi_factor|high|one_to_one",-6.39315823946308,20.0569575167456
7,"web|simple|medium|multi_person",-6.17434188295233,20.0569575167456
7,"mobile|two_factor|medium|multi_person",-5.55594900208967,20.0569575167456
7,"web|two_factor|high|multi_person",-6.88624781984137,20.0569575167456
7,"web|multi_factor|high|multi_person",-6.45400752690084,20.0569575167456
7,"web|simple|medium|one_to_one",-6.11349259551457,20.0569575167456
7,"web|two_factor|medium|one_to_one",-4.93055060648092,20.0569575167456
7,"mobile|simple|high|one_to_one",-8.57288962960822,20.0569575167456
7,"mobile|simple|low|multi_person",-6.30115505605242,20.0569575167456
7,"web|multi_factor|low|multi_person",-4.12142366590728,20.0569575167456
7,"web|two_factor|medium|multi_person",-4.99139989391869,20.0569575167456
7,"mobile|two_factor|low|one_to_one",-5.05736377958101,20.0569575167456
7,"web|two_factor|high|one_to_one",-6.8253985324036,20.0569575167456
7,"web|two_factor|low|one_to_one",-4.49281467141003,20.0569575167456
8,"web|simple|low|multi_person",-3.99670983613813,21.1034127340305
8,"mobile|two_factor|low|multi_person",-3.97911283857814,21.1034127340305
8,"web|two_factor|low|multi_person",-5.13771991889854,21.1034127340305
8,"mobile|multi_factor|low|multi_person",-5.14501815980347,21.1034127340305
8,"mobile|simple|medium|multi_person",-3.96421613013611,21.1034127340305
8,"mobile|multi_factor|medium|multi_person",-6.27113153412185,21.1034127340305
8,"web|multi_factor|medium|multi_person",-7.42973861444225,21.1034127340305
8,"mobile|simple|high|multi_person",-4.46098778287781,21.1034127340305
8,"web|simple|high|multi_person",-5.61959486319821,21.1034127340305
8,"mobile|two_factor|high|multi_person",-5.60199786563822,21.1034127340305
8,"mobile|multi_factor|high|multi_person",-6.76790318686355,21.1034127340305
8,"mobile|simple|low|one_to_one",-1.61825918334468,21.1034127340305
8,"web|simple|low|one_to_one",-2.77686626366508,21.1034127340305
8,"mobile|multi_factor|low|one_to_one",-3.92517458733042,21.1034127340305
8,"web|multi_factor|low|one_to_one",-5.08378166765082,21.1034127340305
8,"mobile|simple|medium|one_to_one",-2.74437255766306,21.1034127340305
8,"mobile|two_factor|medium|one_to_one",-3.88538264042347,21.1034127340305
8,"mobile|multi_factor|medium|one_to_one",-5.0512879616488,21.1034127340305
8,"web|multi_factor|medium|one_to_one",-6.2098950419692,21.1034127340305
8,"web|simple|high|one_to_one",-4.39975129072515,21.1034127340305
8,"mobile|two_factor|high|one_to_one",-4.38215429316516,21.1034127340305
8,"mobile|multi_factor|high|one_to_one",-5.54805961439049,21.1034127340305
8,"web|multi_factor|high|one_to_one",-6.7066666947109,21.1034127340305
8,"web|simple|medium|multi_person",-5.12282321045651,21.1034127340305
8,"mobile|two_factor|medium|multi_person",-5.10522621289652,21.1034127340305
8,"web|two_factor|high|multi_person",-6.76060494595862,21.1034127340305
8,"web|multi_factor|high|multi_person",-7.92651026718395,21.1034127340305
8,"web|simple|medium|one_to_one",-3.90297963798346,21.1034127340305
8,"web|two_factor|medium|one_to_one",-5.04398972074387,21.1034127340305
8,"mobile|simple|high|one_to_one",-3.24114421040475,21.1034127340305
8,"mobile|simple|low|multi_person",-2.83810275581773,21.1034127340305
8,"web|multi_factor|low|multi_person",-6.30362524012387,21.1034127340305
8,"web|two_factor|medium|multi_person",-6.26383329321692,21.1034127340305
8,"mobile|two_factor|low|one_to_one",-2.75926926610508,21.1034127340305
8,"web|two_factor|high|one_to_one",-5.54076137348556,21.1034127340305
8,"web|two_factor|low|one_to_one",-3.91787634642548,21.1034127340305
9,"web|simple|low|multi_person",-4.31354620096221,18.6633532522381
9,"mobile|two_factor|low|multi_person",-4.41829394769349,18.6633532522381
9,"web|two_factor|low|multi_person",-4.21866088273178,18.6633532522381
9,"mobile|multi_factor|low|multi_person",-5.14095474176388,18.6633532522381
9,"mobile|simple|medium|multi_person",-5.76106145784208,18.6633532522381
9,"mobile|multi_factor|medium|multi_person",-6.38883693368204,18.6633532522381
9,"web|multi_factor|medium|multi_person",-6.18920386872033,18.6633532522381
9,"mobile|simple|high|multi_person",-6.15983200703406,18.6633532522381
9,"web|simple|high|multi_person",-5.96019894207235,18.6633532522381
9,"mobile|two_factor|high|multi_person",-6.06494668880363,18.6633532522381
9,"mobile|multi_factor|high|multi_person",-6.78760748287402,18.6633532522381
9,"mobile|simple|low|one_to_one",-4.39833604379197,18.6633532522381
9,"web|simple|low|one_to_one",-4.19870297883026,18.6633532522381
9,"mobile|multi_factor|low|one_to_one",-5.02611151963193,18.6633532522381
9,"web|multi_factor|low|one_to_one",-4.82647845467022,18.6633532522381
9,"mobile|simple|medium|one_to_one",-5.64621823571013,18.6633532522381
9,"mobile|two_factor|medium|one_to_one",-5.5513329174797,18.6633532522381
9,"mobile|multi_factor|medium|one_to_one",-6.27399371155009,18.6633532522381
9,"web|multi_factor|medium|one_to_one",-6.07436064658838,18.6633532522381
9,"web|simple|high|one_to_one",-5.8453557199404,18.6633532522381
9,"mobile|two_factor|high|one_to_one",-5.95010346667168,18.6633532522381
9,"mobile|multi_factor|high|one_to_one",-6.67276426074207,18.6633532522381
9,"web|multi_factor|high|one_to_one",-6.47313119578036,18.6633532522381
9,"web|simple|medium|multi_person",-5.56142839288037,18.6633532522381
9,"mobile|two_factor|medium|multi_person",-5.66617613961165,18.6633532522381
9,"web|two_factor|high|multi_person",-5.86531362384192,18.6633532522381
9,"web|multi_factor|high|multi_person",-6.58797441791231,18.6633532522381
9,"web|simple|medium|one_to_one",-5.44658517074842,18.6633532522381
9,"web|two_factor|medium|one_to_one",-5.35169985251799,18.6633532522381
9,"mobile|simple|high|one_to_one",-6.04498878490211,18.6633532522381
9,"mobile|simple|low|multi_person",-4.51317926592392,18.6633532522381
9,"web|multi_factor|low|multi_person",-4.94132167680217,18.6633532522381
9,"web|two_factor|medium|multi_person",-5.46654307464994,18.6633532522381
9,"mobile|two_factor|low|one_to_one",-4.30345072556154,18.6633532522381
9,"web|two_factor|high|one_to_one",-5.75047040170997,18.6633532522381
9,"web|two_factor|low|one_to_one",-4.10381766059983,18.6633532522381
10,"web|simple|low|multi_person",-3.06393702388598,18.411505582047
10,"mobile|two_factor|low|multi_person",-4.82080266610783,18.411505582047
10,"web|two_factor|low|multi_person",-4.56053890149188,18.411505582047
10,"mobile|multi_factor|low|multi_person",-4.70215851233394,18.411505582047
10,"mobile|simple|medium|multi_person",-4.93436952665034,18.411505582047
10,"mobile|multi_factor|medium|multi_person",-6.31232725048235,18.411505582047
10,"web|multi_factor|medium|multi_person",-6.0520634858664,18.411505582047
10,"mobile|simple|high|multi_person",-6.66754231901426,18.411505582047
10,"web|simple|high|multi_person",-6.40727855439831,18.411505582047
10,"mobile|two_factor|high|multi_person",-8.16414419662016,18.411505582047
10,"mobile|multi_factor|high|multi_person",-8.04550004284627,18.411505582047
10,"mobile|simple|low|one_to_one",-2.2276685559777,18.411505582047
10,"web|simple|low|one_to_one",-1.96740479136175,18.411505582047
10,"mobile|multi_factor|low|one_to_one",-3.60562627980972,18.411505582047
10,"web|multi_factor|low|one_to_one",-3.34536251519377,18.411505582047
10,"mobile|simple|medium|one_to_one",-3.83783729412612,18.411505582047
10,"mobile|two_factor|medium|one_to_one",-5.33443917173202,18.411505582047
10,"mobile|multi_factor|medium|one_to_one",-5.21579501795813,18.411505582047
10,"web|multi_factor|medium|one_to_one",-4.95553125334218,18.411505582047
10,"web|simple|high|one_to_one",-5.31074632187408,18.411505582047
10,"mobile|two_factor|high|one_to_one",-7.06761196409594,18.411505582047
10,"mobile|multi_factor|high|one_to_one",-6.94896781032205,18.411505582047
10,"web|multi_factor|high|one_to_one",-6.6887040457061,18.411505582047
10,"web|simple|medium|multi_person",-4.67410576203439,18.411505582047
10,"mobile|two_factor|medium|multi_person",-6.43097140425625,18.411505582047
10,"web|two_factor|high|multi_person",-7.90388043200421,18.411505582047
10,"web|multi_factor|high|multi_person",-7.78523627823032,18.411505582047
10,"web|simple|medium|one_to_one",-3.57757352951016,18.411505582047
10,"web|two_factor|medium|one_to_one",-5.07417540711607,18.411505582047
10,"mobile|simple|high|one_to_one",-5.57101008649003,18.411505582047
10,"mobile|simple|low|multi_person",-3.32420078850193,18.411505582047
10,"web|multi_factor|low|multi_person",-4.44189474771799,18.411505582047
10,"web|two_factor|medium|multi_person",-6.17070763964029,18.411505582047
10,"mobile|two_factor|low|one_to_one",-3.72427043358361,18.411505582047
10,"web|two_factor|high|one_to_one",-6.80734819947999,18.411505582047
10,"web|two_factor|low|one_to_one",-3.46400666896766,18.411505582047
11,"web|simple|low|multi_person",-8.21172856770729,11.5018687381041
11,"mobile|two_factor|low|multi_person",-3.49848963944349,11.5018687381041
11,"web|two_factor|low|multi_person",-6.79033897963353,11.5018687381041
11,"mobile|multi_factor|low|multi_person",-3.41998430267385,11.5018687381041
11,"mobile|simple|medium|multi_person",-5.63950922778565,11.5018687381041
11,"mobile|multi_factor|medium|multi_person",-4.13961430294225,11.5018687381041
11,"web|multi_factor|medium|multi_person",-7.43146364313229,11.5018687381041
11,"mobile|simple|high|multi_person",-5.62849024770995,11.5018687381041
11,"web|simple|high|multi_person",-8.92033958789999,11.5018687381041
11,"mobile|two_factor|high|multi_person",-4.20710065963619,11.5018687381041
11,"mobile|multi_factor|high|multi_person",-4.12859532286655,11.5018687381041
11,"mobile|simple|low|one_to_one",-4.15952769950159,11.5018687381041
11,"web|simple|low|one_to_one",-7.45137703969163,11.5018687381041
11,"mobile|multi_factor|low|one_to_one",-2.65963277465819,11.5018687381041
11,"web|multi_factor|low|one_to_one",-5.95148211484823,11.5018687381041
11,"mobile|simple|medium|one_to_one",-4.87915769976999,11.5018687381041
11,"mobile|two_factor|medium|one_to_one",-3.45776811169623,11.5018687381041
11,"mobile|multi_factor|medium|one_to_one",-3.37926277492659,11.5018687381041
11,"web|multi_factor|medium|one_to_one",-6.67111211511663,11.5018687381041
11,"web|simple|high|one_to_one",-8.15998805988433,11.5018687381041
11,"mobile|two_factor|high|one_to_one",-3.44674913162053,11.5018687381041
11,"mobile|multi_factor|high|one_to_one",-3.36824379485089,11.5018687381041
11,"web|multi_factor|high|one_to_one",-6.66009313504093,11.5018687381041
11,"web|simple|medium|multi_person",-8.93135856797569,11.5018687381041
11,"mobile|two_factor|medium|multi_person",-4.21811963971189,11.5018687381041
11,"web|two_factor|high|multi_person",-7.49894999982623,11.5018687381041
11,"web|multi_factor|high|multi_person",-7.42044466305659,11.5018687381041
11,"web|simple|medium|one_to_one",-8.17100703996003,11.5018687381041
11,"web|two_factor|medium|one_to_one",-6.74961745188627,11.5018687381041
11,"mobile|simple|high|one_to_one",-4.86813871969429,11.5018687381041
11,"mobile|simple|low|multi_person",-4.91987922751725,11.5018687381041
11,"web|multi_factor|low|multi_person",-6.71183364286389,11.5018687381041
11,"web|two_factor|medium|multi_person",-7.50996897990193,11.5018687381041
11,"mobile|two_factor|low|one_to_one",-2.73813811142783,11.5018687381041
11,"web|two_factor|high|one_to_one",-6.73859847181057,11.5018687381041
11,"web|two_factor|low|one_to_one",-6.02998745161787,11.5018687381041
13,"web|simple|low|multi_person",-5.396412386876,17.5066109162855
13,"mobile|two_factor|low|multi_person",-6.03741443292742,17.5066109162855
13,"web|two_factor|low|multi_person",-5.2393592700681,17.5066109162855
13,"mobile|multi_factor|low|multi_person",-5.09511698099932,17.5066109162855
13,"mobile|simple|medium|multi_person",-6.59450485430662,17.5066109162855
13,"mobile|multi_factor|medium|multi_person",-5.49515428557064,17.5066109162855
13,"web|multi_factor|medium|multi_person",-4.69709912271132,17.5066109162855
13,"mobile|simple|high|multi_person",-7.33056675002656,17.5066109162855
13,"web|simple|high|multi_person",-6.53251158716725,17.5066109162855
13,"mobile|two_factor|high|multi_person",-7.17351363321867,17.5066109162855
13,"mobile|multi_factor|high|multi_person",-6.23121618129058,17.5066109162855
13,"mobile|simple|low|one_to_one",-6.41084566643826,17.5066109162855
13,"web|simple|low|one_to_one",-5.61279050357895,17.5066109162855
13,"mobile|multi_factor|low|one_to_one",-5.31149509770228,17.5066109162855
13,"web|multi_factor|low|one_to_one",-4.51343993484296,17.5066109162855
13,"mobile|simple|medium|one_to_one",-6.81088297100958,17.5066109162855
13,"mobile|two_factor|medium|one_to_one",-6.65382985420169,17.5066109162855
13,"mobile|multi_factor|medium|one_to_one",-5.71153240227359,17.5066109162855
13,"web|multi_factor|medium|one_to_one",-4.91347723941428,17.5066109162855
13,"web|simple|high|one_to_one",-6.74888970387021,17.5066109162855
13,"mobile|two_factor|high|one_to_one",-7.38989174992163,17.5066109162855
13,"mobile|multi_factor|high|one_to_one",-6.44759429799353,17.5066109162855
13,"web|multi_factor|high|one_to_one",-5.64953913513422,17.5066109162855
13,"web|simple|medium|multi_person",-5.79644969144731,17.5066109162855
13,"mobile|two_factor|medium|multi_person",-6.43745173749873,17.5066109162855
13,"web|two_factor|high|multi_person",-6.37545847035936,17.5066109162855
13,"web|multi_factor|high|multi_person",-5.43316101843126,17.5066109162855
13,"web|simple|medium|one_to_one",-6.01282780815027,17.5066109162855
13,"web|two_factor|medium|one_to_one",-5.85577469134238,17.5066109162855
13,"mobile|simple|high|one_to_one",-7.54694486672952,17.5066109162855
13,"mobile|simple|low|multi_person",-6.19446754973531,17.5066109162855
13,"web|multi_factor|low|multi_person",-4.29706181814001,17.5066109162855
13,"web|two_factor|medium|multi_person",-5.63939657463942,17.5066109162855
13,"mobile|two_factor|low|one_to_one",-6.25379254963037,17.5066109162855
13,"web|two_factor|high|one_to_one",-6.59183658706232,17.5066109162855
13,"web|two_factor|low|one_to_one",-5.45573738677106,17.5066109162855
14,"web|simple|low|multi_person",-7.60652871247898,10.5325030128088
14,"mobile|two_factor|low|multi_person",-5.80621978411269,10.5325030128088
14,"web|two_factor|low|multi_person",-6.78943852763111,10.5325030128088
14,"mobile|multi_factor|low|multi_person",-5.89203757688556,10.5325030128088
14,"mobile|simple|medium|multi_person",-5.6812712478293,10.5325030128088
14,"mobile|multi_factor|medium|multi_person",-4.9499988557543,10.5325030128088
14,"web|multi_factor|medium|multi_person",-5.93321759927273,10.5325030128088
14,"mobile|simple|high|multi_person",-6.97444465043414,10.5325030128088
14,"web|simple|high|multi_person",-7.95766339395256,10.5325030128088
14,"mobile|two_factor|high|multi_person",-6.15735446558626,10.5325030128088
14,"mobile|multi_factor|high|multi_person",-6.24317225835913,10.5325030128088
14,"mobile|simple|low|one_to_one",-5.81905346280734,10.5325030128088
14,"web|simple|low|one_to_one",-6.80227220632576,10.5325030128088
14,"mobile|multi_factor|low|one_to_one",-5.08778107073233,10.5325030128088
14,"web|multi_factor|low|one_to_one",-6.07099981425076,10.5325030128088
14,"mobile|simple|medium|one_to_one",-4.87701474167608,10.5325030128088
14,"mobile|two_factor|medium|one_to_one",-4.05992455682821,10.5325030128088
14,"mobile|multi_factor|medium|one_to_one",-4.14574234960108,10.5325030128088
14,"web|multi_factor|medium|one_to_one",-5.1289610931195,10.5325030128088
14,"web|simple|high|one_to_one",-7.15340688779933,10.5325030128088
14,"mobile|two_factor|high|one_to_one",-5.35309795943304,10.5325030128088
14,"mobile|multi_factor|high|one_to_one",-5.43891575220591,10.5325030128088
14,"web|multi_factor|high|one_to_one",-6.42213449572433,10.5325030128088
14,"web|simple|medium|multi_person",-6.66448999134773,10.5325030128088
14,"mobile|two_factor|medium|multi_person",-4.86418106298143,10.5325030128088
14,"web|two_factor|high|multi_person",-7.14057320910468,10.5325030128088
14,"web|multi_factor|high|multi_person",-7.22639100187756,10.5325030128088
14,"web|simple|medium|one_to_one",-5.8602334851945,10.5325030128088
14,"web|two_factor|medium|one_to_one",-5.04314330034663,10.5325030128088
14,"mobile|simple|high|one_to_one",-6.17018814428091,10.5325030128088
14,"mobile|simple|low|multi_person",-6.62330996896056,10.5325030128088
14,"web|multi_factor|low|multi_person",-6.87525632040398,10.5325030128088
14,"web|two_factor|medium|multi_person",-5.84739980649985,10.5325030128088
14,"mobile|two_factor|low|one_to_one",-5.00196327795946,10.5325030128088
14,"web|two_factor|high|one_to_one",-6.33631670295146,10.5325030128088
14,"web|two_factor|low|one_to_one",-5.98518202147789,10.5325030128088
15,"web|simple|low|multi_person",-4.33071404155382,15.9624294131466
15,"mobile|two_factor|low|multi_person",-3.69424848168719,15.9624294131466
15,"web|two_factor|low|multi_person",-4.25782705866947,15.9624294131466
15,"mobile|multi_factor|low|multi_person",-3.25548146929236,15.9624294131466
15,"mobile|simple|medium|multi_person",-4.83420042467886,15.9624294131466
15,"mobile|multi_factor|medium|multi_person",-4.32254642939968,15.9624294131466
15,"web|multi_factor|medium|multi_person",-4.88612500638197,15.9624294131466
15,"mobile|simple|high|multi_person",-6.5847808016029,15.9624294131466
15,"web|simple|high|multi_person",-7.14835937858518,15.9624294131466
15,"mobile|two_factor|high|multi_person",-6.51189381871855,15.9624294131466
15,"mobile|multi_factor|high|multi_person",-6.07312680632372,15.9624294131466
15,"mobile|simple|low|one_to_one",-4.78711178067461,15.9624294131466
15,"web|simple|low|one_to_one",-5.35069035765689,15.9624294131466
15,"mobile|multi_factor|low|one_to_one",-4.27545778539543,15.9624294131466
15,"web|multi_factor|low|one_to_one",-4.83903636237772,15.9624294131466
15,"mobile|simple|medium|one_to_one",-5.85417674078192,15.9624294131466
15,"mobile|two_factor|medium|one_to_one",-5.78128975789758,15.9624294131466
15,"mobile|multi_factor|medium|one_to_one",-5.34252274550275,15.9624294131466
15,"web|multi_factor|medium|one_to_one",-5.90610132248503,15.9624294131466
15,"web|simple|high|one_to_one",-8.16833569468825,15.9624294131466
15,"mobile|two_factor|high|one_to_one",-7.53187013482162,15.9624294131466
15,"mobile|multi_factor|high|one_to_one",-7.09310312242679,15.9624294131466
15,"web|multi_factor|high|one_to_one",-7.65668169940908,15.9624294131466
15,"web|simple|medium|multi_person",-5.39777900166114,15.9624294131466
15,"mobile|two_factor|medium|multi_person",-4.76131344179451,15.9624294131466
15,"web|two_factor|high|multi_person",-7.07547239570083,15.9624294131466
15,"web|multi_factor|high|multi_person",-6.63670538330601,15.9624294131466
15,"web|simple|medium|one_to_one",-6.41775531776421,15.9624294131466
15,"web|two_factor|medium|one_to_one",-6.34486833487986,15.9624294131466
15,"mobile|simple|high|one_to_one",-7.60475711770597,15.9624294131466
15,"mobile|simple|low|multi_person",-3.76713546457154,15.9624294131466
15,"web|multi_factor|low|multi_person",-3.81906004627465,15.9624294131466
15,"web|two_factor|medium|multi_person",-5.32489201877679,15.9624294131466
15,"mobile|two_factor|low|one_to_one",-4.71422479779026,15.9624294131466
15,"web|two_factor|high|one_to_one",-8.0954487118039,15.9624294131466
15,"web|two_factor|low|one_to_one",-5.27780337477254,15.9624294131466
16,"web|simple|low|multi_person",-2.77877497797496,16.8552826444177
16,"mobile|two_factor|low|multi_person",-4.96316692455034,16.8552826444177
16,"web|two_factor|low|multi_person",-4.33202240556147,16.8552826444177
16,"mobile|multi_factor|low|multi_person",-5.11668147383532,16.8552826444177
16,"mobile|simple|medium|multi_person",-4.81190488277525,16.8552826444177
16,"mobile|multi_factor|medium|multi_person",-6.51866685964675,16.8552826444177
16,"web|multi_factor|medium|multi_person",-5.88752234065788,16.8552826444177
16,"mobile|simple|high|multi_person",-4.66323766472424,16.8552826444177
16,"web|simple|high|multi_person",-4.03209314573538,16.8552826444177
16,"mobile|two_factor|high|multi_person",-6.21648509231075,16.8552826444177
16,"mobile|multi_factor|high|multi_person",-6.36999964159574,16.8552826444177
16,"mobile|simple|low|one_to_one",-3.9169502501811,16.8552826444177
16,"web|simple|low|one_to_one",-3.28580573119224,16.8552826444177
16,"mobile|multi_factor|low|one_to_one",-5.6237122270526,16.8552826444177
16,"web|multi_factor|low|one_to_one",-4.99256770806373,16.8552826444177
16,"mobile|simple|medium|one_to_one",-5.31893563599253,16.8552826444177
16,"mobile|two_factor|medium|one_to_one",-6.87218306357904,16.8552826444177
16,"mobile|multi_factor|medium|one_to_one",-7.02569761286402,16.8552826444177
16,"web|multi_factor|medium|one_to_one",-6.39455309387515,16.8552826444177
16,"web|simple|high|one_to_one",-4.53912389895265,16.8552826444177
16,"mobile|two_factor|high|one_to_one",-6.72351584552803,16.8552826444177
16,"mobile|multi_factor|high|one_to_one",-6.87703039481301,16.8552826444177
16,"web|multi_factor|high|one_to_one",-6.24588587582414,16.8552826444177
16,"web|simple|medium|multi_person",-4.18076036378639,16.8552826444177
16,"mobile|two_factor|medium|multi_person",-6.36515231036176,16.8552826444177
16,"web|two_factor|high|multi_person",-5.58534057332188,16.8552826444177
16,"web|multi_factor|high|multi_person",-5.73885512260687,16.8552826444177
16,"web|simple|medium|one_to_one",-4.68779111700366,16.8552826444177
16,"web|two_factor|medium|one_to_one",-6.24103854459017,16.8552826444177
16,"mobile|simple|high|one_to_one",-5.17026841794152,16.8552826444177
16,"mobile|simple|low|multi_person",-3.40991949696383,16.8552826444177
16,"web|multi_factor|low|multi_person",-4.48553695484645,16.8552826444177
16,"web|two_factor|medium|multi_person",-5.7340077913729,16.8552826444177
16,"mobile|two_factor|low|one_to_one",-5.47019767776761,16.8552826444177
16,"web|two_factor|high|one_to_one",-6.09237132653916,16.8552826444177
16,"web|two_factor|low|one_to_one",-4.83905315877874,16.8552826444177
17,"web|simple|low|multi_person",-5.30573346478565,12.0680906769637
17,"mobile|two_factor|low|multi_person",-5.58799566517313,12.0680906769637
17,"web|two_factor|low|multi_person",-7.3436234527188,12.0680906769637
17,"mobile|multi_factor|low|multi_person",-4.40870296334673,12.0680906769637
17,"mobile|simple|medium|multi_person",-3.07440797163822,12.0680906769637
17,"mobile|multi_factor|medium|multi_person",-3.93300525774496,12.0680906769637
17,"web|multi_factor|medium|multi_person",-5.68863304529063,12.0680906769637
17,"mobile|simple|high|multi_person",-3.55222451836017,12.0680906769637
17,"web|simple|high|multi_person",-5.30785230590583,12.0680906769637
17,"mobile|two_factor|high|multi_person",-5.59011450629332,12.0680906769637
17,"mobile|multi_factor|high|multi_person",-4.41082180446692,12.0680906769637
17,"mobile|simple|low|one_to_one",-4.27078135421852,12.0680906769637
17,"web|simple|low|one_to_one",-6.02640914176418,12.0680906769637
17,"mobile|multi_factor|low|one_to_one",-5.12937864032527,12.0680906769637
17,"web|multi_factor|low|one_to_one",-6.88500642787093,12.0680906769637
17,"mobile|simple|medium|one_to_one",-3.79508364861675,12.0680906769637
17,"mobile|two_factor|medium|one_to_one",-5.8329736365499,12.0680906769637
17,"mobile|multi_factor|medium|one_to_one",-4.6536809347235,12.0680906769637
17,"web|multi_factor|medium|one_to_one",-6.40930872226916,12.0680906769637
17,"web|simple|high|one_to_one",-6.02852798288437,12.0680906769637
17,"mobile|two_factor|high|one_to_one",-6.31079018327185,12.0680906769637
17,"mobile|multi_factor|high|one_to_one",-5.13149748144545,12.0680906769637
17,"web|multi_factor|high|one_to_one",-6.88712526899111,12.0680906769637
17,"web|simple|medium|multi_person",-4.83003575918388,12.0680906769637
17,"mobile|two_factor|medium|multi_person",-5.11229795957136,12.0680906769637
17,"web|two_factor|high|multi_person",-7.34574229383898,12.0680906769637
17,"web|multi_factor|high|multi_person",-6.16644959201258,12.0680906769637
17,"web|simple|medium|one_to_one",-5.55071143616241,12.0680906769637
17,"web|two_factor|medium|one_to_one",-7.58860142409556,12.0680906769637
17,"mobile|simple|high|one_to_one",-4.27290019533871,12.0680906769637
17,"mobile|simple|low|multi_person",-3.55010567723999,12.0680906769637
17,"web|multi_factor|low|multi_person",-6.1643307508924,12.0680906769637
17,"web|two_factor|medium|multi_person",-6.86792574711703,12.0680906769637
17,"mobile|two_factor|low|one_to_one",-6.30867134215167,12.0680906769637
17,"web|two_factor|high|one_to_one",-8.06641797081751,12.0680906769637
17,"web|two_factor|low|one_to_one",-8.06429912969733,12.0680906769637
18,"web|simple|low|multi_person",-6.01902995219979,8.43811294509305
18,"mobile|two_factor|low|multi_person",-6.79741481086357,8.43811294509305
18,"web|two_factor|low|multi_person",-7.35805002307565,8.43811294509305
18,"mobile|multi_factor|low|multi_person",-6.2569090119536,8.43811294509305
18,"mobile|simple|medium|multi_person",-5.54945774852374,8.43811294509305
18,"mobile|multi_factor|medium|multi_person",-6.34797202048964,8.43811294509305
18,"web|multi_factor|medium|multi_person",-6.90860723270172,8.43811294509305
18,"mobile|simple|high|multi_person",-4.42345231628304,8.43811294509305
18,"web|simple|high|multi_person",-4.98408752849513,8.43811294509305
18,"mobile|two_factor|high|multi_person",-5.7624723871589,8.43811294509305
18,"mobile|multi_factor|high|multi_person",-5.22196658824893,8.43811294509305
18,"mobile|simple|low|one_to_one",-4.77327500930733,8.43811294509305
18,"web|simple|low|one_to_one",-5.33391022151941,8.43811294509305
18,"mobile|multi_factor|low|one_to_one",-5.57178928127322,8.43811294509305
18,"web|multi_factor|low|one_to_one",-6.13242449348531,8.43811294509305
18,"mobile|simple|medium|one_to_one",-4.86433801784336,8.43811294509305
18,"mobile|two_factor|medium|one_to_one",-6.20335808871922,8.43811294509305
18,"mobile|multi_factor|medium|one_to_one",-5.66285228980925,8.43811294509305
18,"web|multi_factor|medium|one_to_one",-6.22348750202134,8.43811294509305
18,"web|simple|high|one_to_one",-4.29896779781474,8.43811294509305
18,"mobile|two_factor|high|one_to_one",-5.07735265647852,8.43811294509305
18,"mobile|multi_factor|high|one_to_one",-4.53684685756855,8.43811294509305
18,"web|multi_factor|high|one_to_one",-5.09748206978064,8.43811294509305
18,"web|simple|medium|multi_person",-6.11009296073583,8.43811294509305
18,"mobile|two_factor|medium|multi_person",-6.8884778193996,8.43811294509305
18,"web|two_factor|high|multi_person",-6.32310759937098,8.43811294509305
18,"web|multi_factor|high|multi_person",-5.78260180046102,8.43811294509305
18,"web|simple|medium|one_to_one",-5.42497323005544,8.43811294509305
18,"web|two_factor|medium|one_to_one",-6.7639933009313,8.43811294509305
18,"mobile|simple|high|one_to_one",-3.73833258560266,8.43811294509305
18,"mobile|simple|low|multi_person",-5.45839473998771,8.43811294509305
18,"web|multi_factor|low|multi_person",-6.81754422416569,8.43811294509305
18,"web|two_factor|medium|multi_person",-7.44911303161168,8.43811294509305
18,"mobile|two_factor|low|one_to_one",-6.11229508018319,8.43811294509305
18,"web|two_factor|high|one_to_one",-5.6379878686906,8.43811294509305
18,"web|two_factor|low|one_to_one",-6.67293029239527,8.43811294509305
19,"web|simple|low|multi_person",-4.45908156995546,20.8010058682001
19,"mobile|two_factor|low|multi_person",-3.97466632675825,20.8010058682001
19,"web|two_factor|low|multi_person",-4.62784870584034,20.8010058682001
19,"mobile|multi_factor|low|multi_person",-4.46195370769175,20.8010058682001
19,"mobile|simple|medium|multi_person",-4.52929781307557,20.8010058682001
19,"mobile|multi_factor|medium|multi_person",-5.18535232989395,20.8010058682001
19,"web|multi_factor|medium|multi_person",-5.83853470897604,20.8010058682001
19,"mobile|simple|high|multi_person",-5.94779623516544,20.8010058682001
19,"web|simple|high|multi_person",-6.60097861424753,20.8010058682001
19,"mobile|two_factor|high|multi_person",-6.11656337105032,20.8010058682001
19,"mobile|multi_factor|high|multi_person",-6.60385075198382,20.8010058682001
19,"mobile|simple|low|one_to_one",-3.60353195046434,20.8010058682001
19,"web|simple|low|one_to_one",-4.25671432954643,20.8010058682001
19,"mobile|multi_factor|low|one_to_one",-4.25958646728272,20.8010058682001
19,"web|multi_factor|low|one_to_one",-4.91276884636481,20.8010058682001
19,"mobile|simple|medium|one_to_one",-4.32693057266654,20.8010058682001
19,"mobile|two_factor|medium|one_to_one",-4.49569770855142,20.8010058682001
19,"mobile|multi_factor|medium|one_to_one",-4.98298508948492,20.8010058682001
19,"web|multi_factor|medium|one_to_one",-5.63616746856701,20.8010058682001
19,"web|simple|high|one_to_one",-6.3986113738385,20.8010058682001
19,"mobile|two_factor|high|one_to_one",-5.9141961306413,20.8010058682001
19,"mobile|multi_factor|high|one_to_one",-6.40148351157479,20.8010058682001
19,"web|multi_factor|high|one_to_one",-7.05466589065688,20.8010058682001
19,"web|simple|medium|multi_person",-5.18248019215766,20.8010058682001
19,"mobile|two_factor|medium|multi_person",-4.69806494896045,20.8010058682001
19,"web|two_factor|high|multi_person",-6.76974575013242,20.8010058682001
19,"web|multi_factor|high|multi_person",-7.25703313106591,20.8010058682001
19,"web|simple|medium|one_to_one",-4.98011295174863,20.8010058682001
19,"web|two_factor|medium|one_to_one",-5.14888008763351,20.8010058682001
19,"mobile|simple|high|one_to_one",-5.74542899475641,20.8010058682001
19,"mobile|simple|low|multi_person",-3.80589919087337,20.8010058682001
19,"web|multi_factor|low|multi_person",-5.11513608677384,20.8010058682001
19,"web|two_factor|medium|multi_person",-5.35124732804254,20.8010058682001
19,"mobile|two_factor|low|one_to_one",-3.77229908634922,20.8010058682001
19,"web|two_factor|high|one_to_one",-6.56737850972339,20.8010058682001
19,"web|two_factor|low|one_to_one",-4.42548146543131,20.8010058682001
20,"web|simple|low|multi_person",-4.03524799599038,18.0723578193072
20,"mobile|two_factor|low|multi_person",-4.4459179644657,18.0723578193072
20,"web|two_factor|low|multi_person",-4.3588651171797,18.0723578193072
20,"mobile|multi_factor|low|multi_person",-4.28249020668542,18.0723578193072
20,"mobile|simple|medium|multi_person",-5.38279216207047,18.0723578193072
20,"mobile|multi_factor|medium|multi_person",-5.54298152547951,18.0723578193072
20,"web|multi_factor|medium|multi_person",-5.45592867819351,18.0723578193072
20,"mobile|simple|high|multi_person",-7.62146459690659,18.0723578193072
20,"web|simple|high|multi_person",-7.5344117496206,18.0723578193072
20,"mobile|two_factor|high|multi_person",-7.94508171809591,18.0723578193072
20,"mobile|multi_factor|high|multi_person",-7.78165396031563,18.0723578193072
20,"mobile|simple|low|one_to_one",-3.28458124494103,18.0723578193072
20,"web|simple|low|one_to_one",-3.19752839765503,18.0723578193072
20,"mobile|multi_factor|low|one_to_one",-3.44477060835007,18.0723578193072
20,"web|multi_factor|low|one_to_one",-3.35771776106407,18.0723578193072
20,"mobile|simple|medium|one_to_one",-4.54507256373512,18.0723578193072
20,"mobile|two_factor|medium|one_to_one",-4.86868968492444,18.0723578193072
20,"mobile|multi_factor|medium|one_to_one",-4.70526192714416,18.0723578193072
20,"web|multi_factor|medium|one_to_one",-4.61820907985816,18.0723578193072
20,"web|simple|high|one_to_one",-6.69669215128524,18.0723578193072
20,"mobile|two_factor|high|one_to_one",-7.10736211976056,18.0723578193072
20,"mobile|multi_factor|high|one_to_one",-6.94393436198028,18.0723578193072
20,"web|multi_factor|high|one_to_one",-6.85688151469428,18.0723578193072
20,"web|simple|medium|multi_person",-5.29573931478447,18.0723578193072
20,"mobile|two_factor|medium|multi_person",-5.70640928325979,18.0723578193072
20,"web|two_factor|high|multi_person",-7.85802887080991,18.0723578193072
20,"web|multi_factor|high|multi_person",-7.69460111302964,18.0723578193072
20,"web|simple|medium|one_to_one",-4.45801971644912,18.0723578193072
20,"web|two_factor|medium|one_to_one",-4.78163683763844,18.0723578193072
20,"mobile|simple|high|one_to_one",-6.78374499857124,18.0723578193072
20,"mobile|simple|low|multi_person",-4.12230084327638,18.0723578193072
20,"web|multi_factor|low|multi_person",-4.19543735939943,18.0723578193072
20,"web|two_factor|medium|multi_person",-5.61935643597379,18.0723578193072
20,"mobile|two_factor|low|one_to_one",-3.60819836613035,18.0723578193072
20,"web|two_factor|high|one_to_one",-7.02030927247456,18.0723578193072
20,"web|two_factor|low|one_to_one",-3.52114551884435,18.0723578193072
21,"web|simple|low|multi_person",-4.88661751935348,19.9895603837099
21,"mobile|two_factor|low|multi_person",-4.1777666952698,19.9895603837099
21,"web|two_factor|low|multi_person",-5.96785877329274,19.9895603837099
21,"mobile|multi_factor|low|multi_person",-4.77489387181082,19.9895603837099
21,"mobile|simple|medium|multi_person",-2.97891555573784,19.9895603837099
21,"mobile|multi_factor|medium|multi_person",-4.65728398621813,19.9895603837099
21,"web|multi_factor|medium|multi_person",-6.44737606424107,19.9895603837099
21,"mobile|simple|high|multi_person",-4.43893289331461,19.9895603837099
21,"web|simple|high|multi_person",-6.22902497133755,19.9895603837099
21,"mobile|two_factor|high|multi_person",-5.52017414725387,19.9895603837099
21,"mobile|multi_factor|high|multi_person",-6.11730132379489,19.9895603837099
21,"mobile|simple|low|one_to_one",-2.66825631240278,19.9895603837099
21,"web|simple|low|one_to_one",-4.45834839042573,19.9895603837099
21,"mobile|multi_factor|low|one_to_one",-4.34662474288307,19.9895603837099
21,"web|multi_factor|low|one_to_one",-6.13671682090601,19.9895603837099
21,"mobile|simple|medium|one_to_one",-2.55064642681009,19.9895603837099
21,"mobile|two_factor|medium|one_to_one",-3.63188768074935,19.9895603837099
21,"mobile|multi_factor|medium|one_to_one",-4.22901485729037,19.9895603837099
21,"web|multi_factor|medium|one_to_one",-6.01910693531332,19.9895603837099
21,"web|simple|high|one_to_one",-5.8007558424098,19.9895603837099
21,"mobile|two_factor|high|one_to_one",-5.09190501832611,19.9895603837099
21,"mobile|multi_factor|high|one_to_one",-5.68903219486714,19.9895603837099
21,"web|multi_factor|high|one_to_one",-7.47912427289008,19.9895603837099
21,"web|simple|medium|multi_person",-4.76900763376079,19.9895603837099
21,"mobile|two_factor|medium|multi_person",-4.0601568096771,19.9895603837099
21,"web|two_factor|high|multi_person",-7.31026622527681,19.9895603837099
21,"web|multi_factor|high|multi_person",-7.90739340181784,19.9895603837099
21,"web|simple|medium|one_to_one",-4.34073850483303,19.9895603837099
21,"web|two_factor|medium|one_to_one",-5.42197975877229,19.9895603837099
21,"mobile|simple|high|one_to_one",-4.01066376438685,19.9895603837099
21,"mobile|simple|low|multi_person",-3.09652544133054,19.9895603837099
21,"web|multi_factor|low|multi_person",-6.56498594983377,19.9895603837099
21,"web|two_factor|medium|multi_person",-5.85024888770005,19.9895603837099
21,"mobile|two_factor|low|one_to_one",-3.74949756634204,19.9895603837099
21,"web|two_factor|high|one_to_one",-6.88199709634906,19.9895603837099
21,"web|two_factor|low|one_to_one",-5.53958964436499,19.9895603837099
22,"web|simple|low|multi_person",-7.64873667006483,1.88776823895621
22,"mobile|two_factor|low|multi_person",-3.72496020657314,1.88776823895621
22,"web|two_factor|low|multi_person",-6.86007200657568,1.88776823895621
22,"mobile|multi_factor|low|multi_person",-4.06632350473648,1.88776823895621
22,"mobile|simple|medium|multi_person",-5.36843783105413,1.88776823895621
22,"mobile|multi_factor|medium|multi_person",-4.92113646572833,1.88776823895621
22,"web|multi_factor|medium|multi_person",-8.05624826573086,1.88776823895621
22,"mobile|simple|high|multi_person",-4.46279114662123,1.88776823895621
22,"web|simple|high|multi_person",-7.59790294662376,1.88776823895621
22,"mobile|two_factor|high|multi_person",-3.67412648313208,1.88776823895621
22,"mobile|multi_factor|high|multi_person",-4.01548978129542,1.88776823895621
22,"mobile|simple|low|one_to_one",-5.38871166708241,1.88776823895621
22,"web|simple|low|one_to_one",-8.52382346708495,1.88776823895621
22,"mobile|multi_factor|low|one_to_one",-4.9414103017566,1.88776823895621
22,"web|multi_factor|low|one_to_one",-8.07652210175914,1.88776823895621
22,"mobile|simple|medium|one_to_one",-6.24352462807425,1.88776823895621
22,"mobile|two_factor|medium|one_to_one",-5.4548599645851,1.88776823895621
22,"mobile|multi_factor|medium|one_to_one",-5.79622326274845,1.88776823895621
22,"web|multi_factor|medium|one_to_one",-8.93133506275099,1.88776823895621
22,"web|simple|high|one_to_one",-8.47298974364389,1.88776823895621
22,"mobile|two_factor|high|one_to_one",-4.5492132801522,1.88776823895621
22,"mobile|multi_factor|high|one_to_one",-4.89057657831554,1.88776823895621
22,"web|multi_factor|high|one_to_one",-8.02568837831808,1.88776823895621
22,"web|simple|medium|multi_person",-8.50354963105667,1.88776823895621
22,"mobile|two_factor|medium|multi_person",-4.57977316756499,1.88776823895621
22,"web|two_factor|high|multi_person",-6.80923828313462,1.88776823895621
22,"web|multi_factor|high|multi_person",-7.15060158129796,1.88776823895621
22,"web|simple|medium|one_to_one",-9.37863642807679,1.88776823895621
22,"web|two_factor|medium|one_to_one",-8.58997176458764,1.88776823895621
22,"mobile|simple|high|one_to_one",-5.33787794364135,1.88776823895621
22,"mobile|simple|low|multi_person",-4.51362487006229,1.88776823895621
22,"web|multi_factor|low|multi_person",-7.20143530473902,1.88776823895621
22,"web|two_factor|medium|multi_person",-7.71488496756752,1.88776823895621
22,"mobile|two_factor|low|one_to_one",-4.60004700359326,1.88776823895621
22,"web|two_factor|high|one_to_one",-7.68432508015474,1.88776823895621
22,"web|two_factor|low|one_to_one",-7.7351588035958,1.88776823895621
23,"web|simple|low|multi_person",-4.23544492788791,20.0608365527797
23,"mobile|two_factor|low|multi_person",-4.81826070609276,20.0608365527797
23,"web|two_factor|low|multi_person",-4.63454659843926,20.0608365527797
23,"mobile|multi_factor|low|multi_person",-5.17266112286231,20.0608365527797
23,"mobile|simple|medium|multi_person",-5.37480687175445,20.0608365527797
23,"mobile|multi_factor|medium|multi_person",-6.12830895907535,20.0608365527797
23,"web|multi_factor|medium|multi_person",-5.94459485142185,20.0608365527797
23,"mobile|simple|high|multi_person",-6.04032460034096,20.0608365527797
23,"web|simple|high|multi_person",-5.85661049268747,20.0608365527797
23,"mobile|two_factor|high|multi_person",-6.43942627089231,20.0608365527797
23,"mobile|multi_factor|high|multi_person",-6.79382668766186,20.0608365527797
23,"mobile|simple|low|one_to_one",-3.48088587681577,20.0608365527797
23,"web|simple|low|one_to_one",-3.29717176916228,20.0608365527797
23,"mobile|multi_factor|low|one_to_one",-4.23438796413667,20.0608365527797
23,"web|multi_factor|low|one_to_one",-4.05067385648318,20.0608365527797
23,"mobile|simple|medium|one_to_one",-4.43653371302882,20.0608365527797
23,"mobile|two_factor|medium|one_to_one",-4.83563538358017,20.0608365527797
23,"mobile|multi_factor|medium|one_to_one",-5.19003580034972,20.0608365527797
23,"web|multi_factor|medium|one_to_one",-5.00632169269622,20.0608365527797
23,"web|simple|high|one_to_one",-4.91833733396183,20.0608365527797
23,"mobile|two_factor|high|one_to_one",-5.50115311216668,20.0608365527797
23,"mobile|multi_factor|high|one_to_one",-5.85555352893623,20.0608365527797
23,"web|multi_factor|high|one_to_one",-5.67183942128274,20.0608365527797
23,"web|simple|medium|multi_person",-5.19109276410095,20.0608365527797
23,"mobile|two_factor|medium|multi_person",-5.7739085423058,20.0608365527797
23,"web|two_factor|high|multi_person",-6.25571216323882,20.0608365527797
23,"web|multi_factor|high|multi_person",-6.61011258000837,20.0608365527797
23,"web|simple|medium|one_to_one",-4.25281960537532,20.0608365527797
23,"web|two_factor|medium|one_to_one",-4.65192127592667,20.0608365527797
23,"mobile|simple|high|one_to_one",-5.10205144161533,20.0608365527797
23,"mobile|simple|low|multi_person",-4.41915903554141,20.0608365527797
23,"web|multi_factor|low|multi_person",-4.98894701520881,20.0608365527797
23,"web|two_factor|medium|multi_person",-5.5901944346523,20.0608365527797
23,"mobile|two_factor|low|one_to_one",-3.87998754736712,20.0608365527797
23,"web|two_factor|high|one_to_one",-5.31743900451318,20.0608365527797
23,"web|two_factor|low|one_to_one",-3.69627343971363,20.0608365527797
24,"web|simple|low|multi_person",-5.47459508386014,6.34368023438877
24,"mobile|two_factor|low|multi_person",-7.17506116536878,6.34368023438877
24,"web|two_factor|low|multi_person",-6.37089382476807,6.34368023438877
24,"mobile|multi_factor|low|multi_person",-7.63056439444604,6.34368023438877
24,"mobile|simple|medium|multi_person",-5.29724059558206,6.34368023438877
24,"mobile|multi_factor|medium|multi_person",-6.64904256556724,6.34368023438877
24,"web|multi_factor|medium|multi_person",-5.84487522496653,6.34368023438877
24,"mobile|simple|high|multi_person",-6.32544489402789,6.34368023438877
24,"web|simple|high|multi_person",-5.52127755342717,6.34368023438877
24,"mobile|two_factor|high|multi_person",-7.22174363493582,6.34368023438877
24,"mobile|multi_factor|high|multi_person",-7.67724686401307,6.34368023438877
24,"mobile|simple|low|one_to_one",-5.74933270245192,6.34368023438877
24,"web|simple|low|one_to_one",-4.94516536185121,6.34368023438877
24,"mobile|multi_factor|low|one_to_one",-7.10113467243711,6.34368023438877
24,"web|multi_factor|low|one_to_one",-6.29696733183639,6.34368023438877
24,"mobile|simple|medium|one_to_one",-4.76781087357312,6.34368023438877
24,"mobile|two_factor|medium|one_to_one",-5.66410961448105,6.34368023438877
24,"mobile|multi_factor|medium|one_to_one",-6.11961284355831,6.34368023438877
24,"web|multi_factor|medium|one_to_one",-5.31544550295759,6.34368023438877
24,"web|simple|high|one_to_one",-4.99184783141824,6.34368023438877
24,"mobile|two_factor|high|one_to_one",-6.69231391292688,6.34368023438877
24,"mobile|multi_factor|high|one_to_one",-7.14781714200414,6.34368023438877
24,"web|multi_factor|high|one_to_one",-6.34364980140342,6.34368023438877
24,"web|simple|medium|multi_person",-4.49307325498134,6.34368023438877
24,"mobile|two_factor|medium|multi_person",-6.19353933648998,6.34368023438877
24,"web|two_factor|high|multi_person",-6.4175762943351,6.34368023438877
24,"web|multi_factor|high|multi_person",-6.87307952341236,6.34368023438877
24,"web|simple|medium|one_to_one",-3.96364353297241,6.34368023438877
24,"web|two_factor|medium|one_to_one",-4.85994227388034,6.34368023438877
24,"mobile|simple|high|one_to_one",-5.79601517201895,6.34368023438877
24,"mobile|simple|low|multi_person",-6.27876242446086,6.34368023438877
24,"web|multi_factor|low|multi_person",-6.82639705384533,6.34368023438877
24,"web|two_factor|medium|multi_person",-5.38937199588927,6.34368023438877
24,"mobile|two_factor|low|one_to_one",-6.64563144335985,6.34368023438877
24,"web|two_factor|high|one_to_one",-5.88814657232617,6.34368023438877
24,"web|two_factor|low|one_to_one",-5.84146410275914,6.34368023438877
26,"web|simple|low|multi_person",-2.88689952715351,20.362237111385
26,"mobile|two_factor|low|multi_person",-4.84687308073264,20.362237111385
26,"web|two_factor|low|multi_person",-4.21264029361841,20.362237111385
26,"mobile|multi_factor|low|multi_person",-5.52585884096247,20.362237111385
26,"mobile|simple|medium|multi_person",-4.72120858793585,20.362237111385
26,"mobile|multi_factor|medium|multi_person",-6.72593511463058,20.362237111385
26,"web|multi_factor|medium|multi_person",-6.09170232751635,20.362237111385
26,"mobile|simple|high|multi_person",-5.68688629060822,20.362237111385
26,"web|simple|high|multi_person",-5.05265350349399,20.362237111385
26,"mobile|two_factor|high|multi_person",-7.01262705707312,20.362237111385
26,"mobile|multi_factor|high|multi_person",-7.69161281730295,20.362237111385
26,"mobile|simple|low|one_to_one",-3.17785695155623,20.362237111385
26,"web|simple|low|one_to_one",-2.543624164442,20.362237111385
26,"mobile|multi_factor|low|one_to_one",-5.18258347825096,20.362237111385
26,"web|multi_factor|low|one_to_one",-4.54835069113673,20.362237111385
26,"mobile|simple|medium|one_to_one",-4.37793322522434,20.362237111385
26,"mobile|two_factor|medium|one_to_one",-5.70367399168923,20.362237111385
26,"mobile|multi_factor|medium|one_to_one",-6.38265975191907,20.362237111385
26,"web|multi_factor|medium|one_to_one",-5.74842696480484,20.362237111385
26,"web|simple|high|one_to_one",-4.70937814078248,20.362237111385
26,"mobile|two_factor|high|one_to_one",-6.6693516943616,20.362237111385
26,"mobile|multi_factor|high|one_to_one",-7.34833745459144,20.362237111385
26,"web|multi_factor|high|one_to_one",-6.71410466747721,20.362237111385
26,"web|simple|medium|multi_person",-4.08697580082162,20.362237111385
26,"mobile|two_factor|medium|multi_person",-6.04694935440075,20.362237111385
26,"web|two_factor|high|multi_person",-6.37839426995889,20.362237111385
26,"web|multi_factor|high|multi_person",-7.05738003018872,20.362237111385
26,"web|simple|medium|one_to_one",-3.74370043811011,20.362237111385
26,"web|two_factor|medium|one_to_one",-5.069441204575,20.362237111385
26,"mobile|simple|high|one_to_one",-5.34361092789671,20.362237111385
26,"mobile|simple|low|multi_person",-3.52113231426774,20.362237111385
26,"web|multi_factor|low|multi_person",-4.89162605384824,20.362237111385
26,"web|two_factor|medium|multi_person",-5.41271656728652,20.362237111385
26,"mobile|two_factor|low|one_to_one",-4.50359771802113,20.362237111385
26,"web|two_factor|high|one_to_one",-6.03511890724738,20.362237111385
26,"web|two_factor|low|one_to_one",-3.8693649309069,20.362237111385
27,"web|simple|low|multi_person",-4.43940920751174,20.7228071361088
27,"mobile|two_factor|low|multi_person",-4.05451040910111,20.7228071361088
27,"web|two_factor|low|multi_person",-5.89846250830134,20.7228071361088
27,"mobile|multi_factor|low|multi_person",-3.9799991220647,20.7228071361088
27,"mobile|simple|medium|multi_person",-3.15197331568138,20.7228071361088
27,"mobile|multi_factor|medium|multi_person",-4.53651532943456,20.7228071361088
27,"web|multi_factor|medium|multi_person",-6.38046742863479,20.7228071361088
27,"mobile|simple|high|multi_person",-4.36547141610823,20.7228071361088
27,"web|simple|high|multi_person",-6.20942351530846,20.7228071361088
27,"mobile|two_factor|high|multi_person",-5.82452471689783,20.7228071361088
27,"mobile|multi_factor|high|multi_person",-5.75001342986141,20.7228071361088
27,"mobile|simple|low|one_to_one",-1.94552467150028,20.7228071361088
27,"web|simple|low|one_to_one",-3.78947677070051,20.7228071361088
27,"mobile|multi_factor|low|one_to_one",-3.33006668525347,20.7228071361088
27,"web|multi_factor|low|one_to_one",-5.1740187844537,20.7228071361088
27,"mobile|simple|medium|one_to_one",-2.50204087887015,20.7228071361088
27,"mobile|two_factor|medium|one_to_one",-3.96109417965975,20.7228071361088
27,"mobile|multi_factor|medium|one_to_one",-3.88658289262333,20.7228071361088
27,"web|multi_factor|medium|one_to_one",-5.73053499182356,20.7228071361088
27,"web|simple|high|one_to_one",-5.55949107849723,20.7228071361088
27,"mobile|two_factor|high|one_to_one",-5.1745922800866,20.7228071361088
27,"mobile|multi_factor|high|one_to_one",-5.10008099305018,20.7228071361088
27,"web|multi_factor|high|one_to_one",-6.94403309225041,20.7228071361088
27,"web|simple|medium|multi_person",-4.99592541488161,20.7228071361088
27,"mobile|two_factor|medium|multi_person",-4.61102661647098,20.7228071361088
27,"web|two_factor|high|multi_person",-7.66847681609806,20.7228071361088
27,"web|multi_factor|high|multi_person",-7.59396552906164,20.7228071361088
27,"web|simple|medium|one_to_one",-4.34599297807038,20.7228071361088
27,"web|two_factor|medium|one_to_one",-5.80504627885998,20.7228071361088
27,"mobile|simple|high|one_to_one",-3.715538979297,20.7228071361088
27,"mobile|simple|low|multi_person",-2.59545710831151,20.7228071361088
27,"web|multi_factor|low|multi_person",-5.82395122126493,20.7228071361088
27,"web|two_factor|medium|multi_person",-6.45497871567121,20.7228071361088
27,"mobile|two_factor|low|one_to_one",-3.40457797228988,20.7228071361088
27,"web|two_factor|high|one_to_one",-7.01854437928683,20.7228071361088
27,"web|two_factor|low|one_to_one",-5.24853007149011,20.7228071361088
28,"web|simple|low|multi_person",-8.08560276902448,13.6551967976169
28,"mobile|two_factor|low|multi_person",-6.05073912591756,13.6551967976169
28,"web|two_factor|low|multi_person",-5.98257150451297,13.6551967976169
28,"mobile|multi_factor|low|multi_person",-4.83518150070787,13.6551967976169
28,"mobile|simple|medium|multi_person",-8.52084660875864,13.6551967976169
28,"mobile|multi_factor|medium|multi_person",-5.20225771903744,13.6551967976169
28,"web|multi_factor|medium|multi_person",-5.13409009763285,13.6551967976169
28,"mobile|simple|high|multi_person",-8.94987953989547,13.6551967976169
28,"web|simple|high|multi_person",-8.88171191849088,13.6551967976169
28,"mobile|two_factor|high|multi_person",-6.84684827538396,13.6551967976169
28,"mobile|multi_factor|high|multi_person",-5.63129065017427,13.6551967976169
28,"mobile|simple|low|one_to_one",-7.37531315619308,13.6551967976169
28,"web|simple|low|one_to_one",-7.30714553478849,13.6551967976169
28,"mobile|multi_factor|low|one_to_one",-4.05672426647188,13.6551967976169
28,"web|multi_factor|low|one_to_one",-3.98855664506729,13.6551967976169
28,"mobile|simple|medium|one_to_one",-7.74238937452265,13.6551967976169
28,"mobile|two_factor|medium|one_to_one",-5.63935811001114,13.6551967976169
28,"mobile|multi_factor|medium|one_to_one",-4.42380048480145,13.6551967976169
28,"web|multi_factor|medium|one_to_one",-4.35563286339686,13.6551967976169
28,"web|simple|high|one_to_one",-8.10325468425489,13.6551967976169
28,"mobile|two_factor|high|one_to_one",-6.06839104114797,13.6551967976169
28,"mobile|multi_factor|high|one_to_one",-4.85283341593828,13.6551967976169
28,"web|multi_factor|high|one_to_one",-4.78466579453369,13.6551967976169
28,"web|simple|medium|multi_person",-8.45267898735405,13.6551967976169
28,"mobile|two_factor|medium|multi_person",-6.41781534424713,13.6551967976169
28,"web|two_factor|high|multi_person",-6.77868065397937,13.6551967976169
28,"web|multi_factor|high|multi_person",-5.56312302876968,13.6551967976169
28,"web|simple|medium|one_to_one",-7.67422175311806,13.6551967976169
28,"web|two_factor|medium|one_to_one",-5.57119048860655,13.6551967976169
28,"mobile|simple|high|one_to_one",-8.17142230565948,13.6551967976169
28,"mobile|simple|low|multi_person",-8.15377039042907,13.6551967976169
28,"web|multi_factor|low|multi_person",-4.76701387930328,13.6551967976169
28,"web|two_factor|medium|multi_person",-6.34964772284254,13.6551967976169
28,"mobile|two_factor|low|one_to_one",-5.27228189168157,13.6551967976169
28,"web|two_factor|high|one_to_one",-6.00022341974338,13.6551967976169
28,"web|two_factor|low|one_to_one",-5.20411427027698,13.6551967976169
29,"web|simple|low|multi_person",-3.50051540947877,19.8097549952662
29,"mobile|two_factor|low|multi_person",-3.93175687744784,19.8097549952662
29,"web|two_factor|low|multi_person",-5.06548388564249,19.8097549952662
29,"mobile|multi_factor|low|multi_person",-4.71123483987804,19.8097549952662
29,"mobile|simple|medium|multi_person",-3.44209256196165,19.8097549952662
29,"mobile|multi_factor|medium|multi_person",-5.78653900055556,19.8097549952662
29,"web|multi_factor|medium|multi_person",-6.92026600875021,19.8097549952662
29,"mobile|simple|high|multi_person",-4.48508417745695,19.8097549952662
29,"web|simple|high|multi_person",-5.61881118565159,19.8097549952662
29,"mobile|two_factor|high|multi_person",-6.05005265362066,19.8097549952662
29,"mobile|multi_factor|high|multi_person",-6.82953061605086,19.8097549952662
29,"mobile|simple|low|one_to_one",-1.60242598429291,19.8097549952662
29,"web|simple|low|one_to_one",-2.73615299248755,19.8097549952662
29,"mobile|multi_factor|low|one_to_one",-3.94687242288682,19.8097549952662
29,"web|multi_factor|low|one_to_one",-5.08059943108146,19.8097549952662
29,"mobile|simple|medium|one_to_one",-2.67773014497043,19.8097549952662
29,"mobile|two_factor|medium|one_to_one",-4.24269862113414,19.8097549952662
29,"mobile|multi_factor|medium|one_to_one",-5.02217658356434,19.8097549952662
29,"web|multi_factor|medium|one_to_one",-6.15590359175898,19.8097549952662
29,"web|simple|high|one_to_one",-4.85444876866037,19.8097549952662
29,"mobile|two_factor|high|one_to_one",-5.28569023662944,19.8097549952662
29,"mobile|multi_factor|high|one_to_one",-6.06516819905964,19.8097549952662
29,"web|multi_factor|high|one_to_one",-7.19889520725428,19.8097549952662
29,"web|simple|medium|multi_person",-4.5758195701563,19.8097549952662
29,"mobile|two_factor|medium|multi_person",-5.00706103812536,19.8097549952662
29,"web|two_factor|high|multi_person",-7.1837796618153,19.8097549952662
29,"web|multi_factor|high|multi_person",-7.9632576242455,19.8097549952662
29,"web|simple|medium|one_to_one",-3.81145715316507,19.8097549952662
29,"web|two_factor|medium|one_to_one",-5.37642562932879,19.8097549952662
29,"mobile|simple|high|one_to_one",-3.72072176046573,19.8097549952662
29,"mobile|simple|low|multi_person",-2.36678840128413,19.8097549952662
29,"web|multi_factor|low|multi_person",-5.84496184807268,19.8097549952662
29,"web|two_factor|medium|multi_person",-6.14078804632001,19.8097549952662
29,"mobile|two_factor|low|one_to_one",-3.16739446045662,19.8097549952662
29,"web|two_factor|high|one_to_one",-6.41941724482408,19.8097549952662
29,"web|two_factor|low|one_to_one",-4.30112146865126,19.8097549952662
31,"web|simple|low|multi_person",-3.64967559261242,8.06467468248409
31,"mobile|two_factor|low|multi_person",-5.06320899705438,8.06467468248409
31,"web|two_factor|low|multi_person",-6.85103425516107,8.06467468248409
31,"mobile|multi_factor|low|multi_person",-5.43765525258723,8.06467468248409
31,"mobile|simple|medium|multi_person",-2.03996680976954,8.06467468248409
31,"mobile|multi_factor|medium|multi_person",-5.61577172785103,8.06467468248409
31,"web|multi_factor|medium|multi_person",-7.40359698595772,8.06467468248409
31,"mobile|simple|high|multi_person",-3.1787753636485,8.06467468248409
31,"web|simple|high|multi_person",-4.96660062175518,8.06467468248409
31,"mobile|two_factor|high|multi_person",-6.38013402619715,8.06467468248409
31,"mobile|multi_factor|high|multi_person",-6.75458028172999,8.06467468248409
31,"mobile|simple|low|one_to_one",-1.55705964952031,8.06467468248409
31,"web|simple|low|one_to_one",-3.344884907627,8.06467468248409
31,"mobile|multi_factor|low|one_to_one",-5.1328645676018,8.06467468248409
31,"web|multi_factor|low|one_to_one",-6.92068982570849,8.06467468248409
31,"mobile|simple|medium|one_to_one",-1.73517612478412,8.06467468248409
31,"mobile|two_factor|medium|one_to_one",-4.93653478733277,8.06467468248409
31,"mobile|multi_factor|medium|one_to_one",-5.31098104286561,8.06467468248409
31,"web|multi_factor|medium|one_to_one",-7.0988063009723,8.06467468248409
31,"web|simple|high|one_to_one",-4.66180993676976,8.06467468248409
31,"mobile|two_factor|high|one_to_one",-6.07534334121172,8.06467468248409
31,"mobile|multi_factor|high|one_to_one",-6.44978959674456,8.06467468248409
31,"web|multi_factor|high|one_to_one",-8.23761485485125,8.06467468248409
31,"web|simple|medium|multi_person",-3.82779206787623,8.06467468248409
31,"mobile|two_factor|medium|multi_person",-5.24132547231819,8.06467468248409
31,"web|two_factor|high|multi_person",-8.16795928430383,8.06467468248409
31,"web|multi_factor|high|multi_person",-8.54240553983668,8.06467468248409
31,"web|simple|medium|one_to_one",-3.5230013828908,8.06467468248409
31,"web|two_factor|medium|one_to_one",-6.72436004543945,8.06467468248409
31,"mobile|simple|high|one_to_one",-2.87398467866307,8.06467468248409
31,"mobile|simple|low|multi_person",-1.86185033450574,8.06467468248409
31,"web|multi_factor|low|multi_person",-7.22548051069391,8.06467468248409
31,"web|two_factor|medium|multi_person",-7.02915073042488,8.06467468248409
31,"mobile|two_factor|low|one_to_one",-4.75841831206896,8.06467468248409
31,"web|two_factor|high|one_to_one",-7.86316859931841,8.06467468248409
31,"web|two_factor|low|one_to_one",-6.54624357017565,8.06467468248409
32,"web|simple|low|multi_person",-3.75795204149099,9.59709170012025
32,"mobile|two_factor|low|multi_person",-4.802723883399,9.59709170012025
32,"web|two_factor|low|multi_person",-6.25990643411062,9.59709170012025
32,"mobile|multi_factor|low|multi_person",-4.39911677379119,9.59709170012025
32,"mobile|simple|medium|multi_person",-3.14865543317237,9.59709170012025
32,"mobile|multi_factor|medium|multi_person",-5.24700271618419,9.59709170012025
32,"web|multi_factor|medium|multi_person",-6.70418526689581,9.59709170012025
32,"mobile|simple|high|multi_person",-3.89177537697153,9.59709170012025
32,"web|simple|high|multi_person",-5.34895792768315,9.59709170012025
32,"mobile|two_factor|high|multi_person",-6.39372976959116,9.59709170012025
32,"mobile|multi_factor|high|multi_person",-5.99012265998335,9.59709170012025
32,"mobile|simple|low|one_to_one",-2.70942898589587,9.59709170012025
32,"web|simple|low|one_to_one",-4.16661153660749,9.59709170012025
32,"mobile|multi_factor|low|one_to_one",-4.80777626890769,9.59709170012025
32,"web|multi_factor|low|one_to_one",-6.26495881961931,9.59709170012025
32,"mobile|simple|medium|one_to_one",-3.55731492828887,9.59709170012025
32,"mobile|two_factor|medium|one_to_one",-6.0592693209085,9.59709170012025
32,"mobile|multi_factor|medium|one_to_one",-5.65566221130069,9.59709170012025
32,"web|multi_factor|medium|one_to_one",-7.11284476201231,9.59709170012025
32,"web|simple|high|one_to_one",-5.75761742279965,9.59709170012025
32,"mobile|two_factor|high|one_to_one",-6.80238926470766,9.59709170012025
32,"mobile|multi_factor|high|one_to_one",-6.39878215509985,9.59709170012025
32,"web|multi_factor|high|one_to_one",-7.85596470581147,9.59709170012025
32,"web|simple|medium|multi_person",-4.60583798388399,9.59709170012025
32,"mobile|two_factor|medium|multi_person",-5.650609825792,9.59709170012025
32,"web|two_factor|high|multi_person",-7.85091232030278,9.59709170012025
32,"web|multi_factor|high|multi_person",-7.44730521069497,9.59709170012025
32,"web|simple|medium|one_to_one",-5.01449747900049,9.59709170012025
32,"web|two_factor|medium|one_to_one",-7.51645187162012,9.59709170012025
32,"mobile|simple|high|one_to_one",-4.30043487208803,9.59709170012025
32,"mobile|simple|low|multi_person",-2.30076949077937,9.59709170012025
32,"web|multi_factor|low|multi_person",-5.85629932450281,9.59709170012025
32,"web|two_factor|medium|multi_person",-7.10779237650362,9.59709170012025
32,"mobile|two_factor|low|one_to_one",-5.2113833785155,9.59709170012025
32,"web|two_factor|high|one_to_one",-8.25957181541929,9.59709170012025
32,"web|two_factor|low|one_to_one",-6.66856592922712,9.59709170012025
33,"web|simple|low|multi_person",-6.52560372731385,3.86210614217061
33,"mobile|two_factor|low|multi_person",-6.95965933899852,3.86210614217061
33,"web|two_factor|low|multi_person",-5.9993164186368,3.86210614217061
33,"mobile|multi_factor|low|multi_person",-5.97252023357158,3.86210614217061
33,"mobile|simple|medium|multi_person",-8.31680893590064,3.86210614217061
33,"mobile|multi_factor|medium|multi_person",-6.80338252179665,3.86210614217061
33,"web|multi_factor|medium|multi_person",-5.84303960143493,3.86210614217061
33,"mobile|simple|high|multi_person",-8.91131953268208,3.86210614217061
33,"web|simple|high|multi_person",-7.95097661232036,3.86210614217061
33,"mobile|two_factor|high|multi_person",-8.38503222400504,3.86210614217061
33,"mobile|multi_factor|high|multi_person",-7.3978931185781,3.86210614217061
33,"mobile|simple|low|one_to_one",-7.40340949253562,3.86210614217061
33,"web|simple|low|one_to_one",-6.44306657217389,3.86210614217061
33,"mobile|multi_factor|low|one_to_one",-5.88998307843163,3.86210614217061
33,"web|multi_factor|low|one_to_one",-4.9296401580699,3.86210614217061
33,"mobile|simple|medium|one_to_one",-8.23427178076069,3.86210614217061
33,"mobile|two_factor|medium|one_to_one",-7.70798447208364,3.86210614217061
33,"mobile|multi_factor|medium|one_to_one",-6.7208453666567,3.86210614217061
33,"web|multi_factor|medium|one_to_one",-5.76050244629497,3.86210614217061
33,"web|simple|high|one_to_one",-7.8684394571804,3.86210614217061
33,"mobile|two_factor|high|one_to_one",-8.30249506886508,3.86210614217061
33,"mobile|multi_factor|high|one_to_one",-7.31535596343814,3.86210614217061
33,"web|multi_factor|high|one_to_one",-6.35501304307641,3.86210614217061
33,"web|simple|medium|multi_person",-7.35646601553892,3.86210614217061
33,"mobile|two_factor|medium|multi_person",-7.79052162722359,3.86210614217061
33,"web|two_factor|high|multi_person",-7.42468930364331,3.86210614217061
33,"web|multi_factor|high|multi_person",-6.43755019821637,3.86210614217061
33,"web|simple|medium|one_to_one",-7.27392886039896,3.86210614217061
33,"web|two_factor|medium|one_to_one",-6.74764155172191,3.86210614217061
33,"mobile|simple|high|one_to_one",-8.82878237754213,3.86210614217061
33,"mobile|simple|low|multi_person",-7.48594664767557,3.86210614217061
33,"web|multi_factor|low|multi_person",-5.01217731320986,3.86210614217061
33,"web|two_factor|medium|multi_person",-6.83017870686187,3.86210614217061
33,"mobile|two_factor|low|one_to_one",-6.87712218385857,3.86210614217061
33,"web|two_factor|high|one_to_one",-7.34215214850335,3.86210614217061
33,"web|two_factor|low|one_to_one",-5.91677926349684,3.86210614217061
35,"web|simple|low|multi_person",-5.59054061585867,21.3611231311249
35,"mobile|two_factor|low|multi_person",-4.80479490391307,21.3611231311249
35,"web|two_factor|low|multi_person",-5.72170856088351,21.3611231311249
35,"mobile|multi_factor|low|multi_person",-5.1383420796919,21.3611231311249
35,"mobile|simple|medium|multi_person",-4.87421916894948,21.3611231311249
35,"mobile|multi_factor|medium|multi_person",-5.33893428975315,21.3611231311249
35,"web|multi_factor|medium|multi_person",-6.25584794672359,21.3611231311249
35,"mobile|simple|high|multi_person",-6.11406237651153,21.3611231311249
35,"web|simple|high|multi_person",-7.03097603348197,21.3611231311249
35,"mobile|two_factor|high|multi_person",-6.24523032153637,21.3611231311249
35,"mobile|multi_factor|high|multi_person",-6.5787774973152,21.3611231311249
35,"mobile|simple|low|one_to_one",-3.13773172326508,21.3611231311249
35,"web|simple|low|one_to_one",-4.05464538023552,21.3611231311249
35,"mobile|multi_factor|low|one_to_one",-3.60244684406875,21.3611231311249
35,"web|multi_factor|low|one_to_one",-4.51936050103919,21.3611231311249
35,"mobile|simple|medium|one_to_one",-3.33832393332633,21.3611231311249
35,"mobile|two_factor|medium|one_to_one",-3.46949187835117,21.3611231311249
35,"mobile|multi_factor|medium|one_to_one",-3.80303905413,21.3611231311249
35,"web|multi_factor|medium|one_to_one",-4.71995271110044,21.3611231311249
35,"web|simple|high|one_to_one",-5.49508079785882,21.3611231311249
35,"mobile|two_factor|high|one_to_one",-4.70933508591322,21.3611231311249
35,"mobile|multi_factor|high|one_to_one",-5.04288226169205,21.3611231311249
35,"web|multi_factor|high|one_to_one",-5.95979591866249,21.3611231311249
35,"web|simple|medium|multi_person",-5.79113282591992,21.3611231311249
35,"mobile|two_factor|medium|multi_person",-5.00538711397432,21.3611231311249
35,"web|two_factor|high|multi_person",-7.16214397850681,21.3611231311249
35,"web|multi_factor|high|multi_person",-7.49569115428564,21.3611231311249
35,"web|simple|medium|one_to_one",-4.25523759029677,21.3611231311249
35,"web|two_factor|medium|one_to_one",-4.38640553532161,21.3611231311249
35,"mobile|simple|high|one_to_one",-4.57816714088838,21.3611231311249
35,"mobile|simple|low|multi_person",-4.67362695888823,21.3611231311249
35,"web|multi_factor|low|multi_person",-6.05525573666234,21.3611231311249
35,"web|two_factor|medium|multi_person",-5.92230077094476,21.3611231311249
35,"mobile|two_factor|low|one_to_one",-3.26889966828993,21.3611231311249
35,"web|two_factor|high|one_to_one",-5.62624874288366,21.3611231311249
35,"web|two_factor|low|one_to_one",-4.18581332526037,21.3611231311249
36,"web|simple|low|multi_person",-6.25688437036606,7.42522211615299
36,"mobile|two_factor|low|multi_person",-4.92758276778991,7.42522211615299
36,"web|two_factor|low|multi_person",-5.18239565862937,7.42522211615299
36,"mobile|multi_factor|low|multi_person",-4.71100272846673,7.42522211615299
36,"mobile|simple|medium|multi_person",-7.43590836190263,7.42522211615299
36,"mobile|multi_factor|medium|multi_person",-6.14483961084276,7.42522211615299
36,"web|multi_factor|medium|multi_person",-6.39965250168222,7.42522211615299
36,"mobile|simple|high|multi_person",-6.71061511265129,7.42522211615299
36,"web|simple|high|multi_person",-6.96542800349075,7.42522211615299
36,"mobile|two_factor|high|multi_person",-5.63612640091461,7.42522211615299
36,"mobile|multi_factor|high|multi_person",-5.41954636159143,7.42522211615299
36,"mobile|simple|low|one_to_one",-7.27265482676381,7.42522211615299
36,"web|simple|low|one_to_one",-7.52746771760327,7.42522211615299
36,"mobile|multi_factor|low|one_to_one",-5.98158607570395,7.42522211615299
36,"web|multi_factor|low|one_to_one",-6.23639896654341,7.42522211615299
36,"mobile|simple|medium|one_to_one",-8.70649170913985,7.42522211615299
36,"mobile|two_factor|medium|one_to_one",-7.63200299740316,7.42522211615299
36,"mobile|multi_factor|medium|one_to_one",-7.41542295807998,7.42522211615299
36,"web|multi_factor|medium|one_to_one",-7.67023584891944,7.42522211615299
36,"web|simple|high|one_to_one",-8.23601135072797,7.42522211615299
36,"mobile|two_factor|high|one_to_one",-6.90670974815182,7.42522211615299
36,"mobile|multi_factor|high|one_to_one",-6.69012970882864,7.42522211615299
36,"web|multi_factor|high|one_to_one",-6.9449425996681,7.42522211615299
36,"web|simple|medium|multi_person",-7.69072125274209,7.42522211615299
36,"mobile|two_factor|medium|multi_person",-6.36141965016594,7.42522211615299
36,"web|two_factor|high|multi_person",-5.89093929175407,7.42522211615299
36,"web|multi_factor|high|multi_person",-5.67435925243089,7.42522211615299
36,"web|simple|medium|one_to_one",-8.9613045999793,7.42522211615299
36,"web|two_factor|medium|one_to_one",-7.88681588824262,7.42522211615299
36,"mobile|simple|high|one_to_one",-7.98119845988851,7.42522211615299
36,"mobile|simple|low|multi_person",-6.0020714795266,7.42522211615299
36,"web|multi_factor|low|multi_person",-4.96581561930619,7.42522211615299
36,"web|two_factor|medium|multi_person",-6.6162325410054,7.42522211615299
36,"mobile|two_factor|low|one_to_one",-6.19816611502713,7.42522211615299
36,"web|two_factor|high|one_to_one",-7.16152263899128,7.42522211615299
36,"web|two_factor|low|one_to_one",-6.45297900586659,7.42522211615299
37,"web|simple|low|multi_person",-6.24842034341175,19.8810140191159
37,"mobile|two_factor|low|multi_person",-4.41504600370821,19.8810140191159
37,"web|two_factor|low|multi_person",-5.07153440465623,19.8810140191159
37,"mobile|multi_factor|low|multi_person",-4.76649938454685,19.8810140191159
37,"mobile|simple|medium|multi_person",-5.71642628150667,19.8810140191159
37,"mobile|multi_factor|medium|multi_person",-4.89099372358979,19.8810140191159
37,"web|multi_factor|medium|multi_person",-5.54748212453781,19.8810140191159
37,"mobile|simple|high|multi_person",-7.44888463687123,19.8810140191159
37,"web|simple|high|multi_person",-8.10537303781925,19.8810140191159
37,"mobile|two_factor|high|multi_person",-6.27199869811572,19.8810140191159
37,"mobile|multi_factor|high|multi_person",-6.62345207895435,19.8810140191159
37,"mobile|simple|low|one_to_one",-4.57534835037868,19.8810140191159
37,"web|simple|low|one_to_one",-5.2318367513267,19.8810140191159
37,"mobile|multi_factor|low|one_to_one",-3.7499157924618,19.8810140191159
37,"web|multi_factor|low|one_to_one",-4.40640419340982,19.8810140191159
37,"mobile|simple|medium|one_to_one",-4.69984268942163,19.8810140191159
37,"mobile|two_factor|medium|one_to_one",-3.52295675066611,19.8810140191159
37,"mobile|multi_factor|medium|one_to_one",-3.87441013150475,19.8810140191159
37,"web|multi_factor|medium|one_to_one",-4.53089853245277,19.8810140191159
37,"web|simple|high|one_to_one",-7.0887894457342,19.8810140191159
37,"mobile|two_factor|high|one_to_one",-5.25541510603067,19.8810140191159
37,"mobile|multi_factor|high|one_to_one",-5.60686848686931,19.8810140191159
37,"web|multi_factor|high|one_to_one",-6.26335688781733,19.8810140191159
37,"web|simple|medium|multi_person",-6.37291468245469,19.8810140191159
37,"mobile|two_factor|medium|multi_person",-4.53954034275116,19.8810140191159
37,"web|two_factor|high|multi_person",-6.92848709906373,19.8810140191159
37,"web|multi_factor|high|multi_person",-7.27994047990237,19.8810140191159
37,"web|simple|medium|one_to_one",-5.35633109036964,19.8810140191159
37,"web|two_factor|medium|one_to_one",-4.17944515161413,19.8810140191159
37,"mobile|simple|high|one_to_one",-6.43230104478619,19.8810140191159
37,"mobile|simple|low|multi_person",-5.59193194246373,19.8810140191159
37,"web|multi_factor|low|multi_person",-5.42298778549487,19.8810140191159
37,"web|two_factor|medium|multi_person",-5.19602874369917,19.8810140191159
37,"mobile|two_factor|low|one_to_one",-3.39846241162317,19.8810140191159
37,"web|two_factor|high|one_to_one",-5.91190350697869,19.8810140191159
37,"web|two_factor|low|one_to_one",-4.05495081257119,19.8810140191159
38,"web|simple|low|multi_person",-3.84363232294398,21.1176561574507
38,"mobile|two_factor|low|multi_person",-3.36732333838557,21.1176561574507
38,"web|two_factor|low|multi_person",-5.08944452560099,21.1176561574507
38,"mobile|multi_factor|low|multi_person",-3.65599295687476,21.1176561574507
38,"mobile|simple|medium|multi_person",-3.13853217212564,21.1176561574507
38,"mobile|multi_factor|medium|multi_person",-4.67301399327185,21.1176561574507
38,"web|multi_factor|medium|multi_person",-6.39513518048727,21.1176561574507
38,"mobile|simple|high|multi_person",-4.19981895727522,21.1176561574507
38,"web|simple|high|multi_person",-5.92194014449064,21.1176561574507
38,"mobile|two_factor|high|multi_person",-5.44563115993223,21.1176561574507
38,"mobile|multi_factor|high|multi_person",-5.73430077842142,21.1176561574507
38,"mobile|simple|low|one_to_one",-2.13983720261949,21.1176561574507
38,"web|simple|low|one_to_one",-3.86195838983492,21.1176561574507
38,"mobile|multi_factor|low|one_to_one",-3.6743190237657,21.1176561574507
38,"web|multi_factor|low|one_to_one",-5.39644021098113,21.1176561574507
38,"mobile|simple|medium|one_to_one",-3.15685823901658,21.1176561574507
38,"mobile|two_factor|medium|one_to_one",-4.40267044167359,21.1176561574507
38,"mobile|multi_factor|medium|one_to_one",-4.69134006016278,21.1176561574507
38,"web|multi_factor|medium|one_to_one",-6.41346124737821,21.1176561574507
38,"web|simple|high|one_to_one",-5.94026621138158,21.1176561574507
38,"mobile|two_factor|high|one_to_one",-5.46395722682317,21.1176561574507
38,"mobile|multi_factor|high|one_to_one",-5.75262684531236,21.1176561574507
38,"web|multi_factor|high|one_to_one",-7.47474803252778,21.1176561574507
38,"web|simple|medium|multi_person",-4.86065335934106,21.1176561574507
38,"mobile|two_factor|medium|multi_person",-4.38434437478265,21.1176561574507
38,"web|two_factor|high|multi_person",-7.16775234714765,21.1176561574507
38,"web|multi_factor|high|multi_person",-7.45642196563685,21.1176561574507
38,"web|simple|medium|one_to_one",-4.878979426232,21.1176561574507
38,"web|two_factor|medium|one_to_one",-6.12479162888901,21.1176561574507
38,"mobile|simple|high|one_to_one",-4.21814502416615,21.1176561574507
38,"mobile|simple|low|multi_person",-2.12151113572856,21.1176561574507
38,"web|multi_factor|low|multi_person",-5.37811414409019,21.1176561574507
38,"web|two_factor|medium|multi_person",-6.10646556199807,21.1176561574507
38,"mobile|two_factor|low|one_to_one",-3.38564940527651,21.1176561574507
38,"web|two_factor|high|one_to_one",-7.18607841403859,21.1176561574507
38,"web|two_factor|low|one_to_one",-5.10777059249193,21.1176561574507
39,"web|simple|low|multi_person",-4.11773912318788,13.4473957937845
39,"mobile|two_factor|low|multi_person",-4.90442456972001,13.4473957937845
39,"web|two_factor|low|multi_person",-6.17098814369083,13.4473957937845
39,"mobile|multi_factor|low|multi_person",-4.82033471809494,13.4473957937845
39,"mobile|simple|medium|multi_person",-3.48556009627162,13.4473957937845
39,"mobile|multi_factor|medium|multi_person",-5.45471926514951,13.4473957937845
39,"web|multi_factor|medium|multi_person",-6.72128283912033,13.4473957937845
39,"mobile|simple|high|multi_person",-2.85196315178305,13.4473957937845
39,"web|simple|high|multi_person",-4.11852672575387,13.4473957937845
39,"mobile|two_factor|high|multi_person",-4.905212172286,13.4473957937845
39,"mobile|multi_factor|high|multi_person",-4.82112232066093,13.4473957937845
39,"mobile|simple|low|one_to_one",-3.99654245713058,13.4473957937845
39,"web|simple|low|one_to_one",-5.26310603110141,13.4473957937845
39,"mobile|multi_factor|low|one_to_one",-5.96570162600846,13.4473957937845
39,"web|multi_factor|low|one_to_one",-7.23226519997929,13.4473957937845
39,"mobile|simple|medium|one_to_one",-4.63092700418515,13.4473957937845
39,"mobile|two_factor|medium|one_to_one",-6.6841760246881,13.4473957937845
39,"mobile|multi_factor|medium|one_to_one",-6.60008617306303,13.4473957937845
39,"web|multi_factor|medium|one_to_one",-7.86664974703386,13.4473957937845
39,"web|simple|high|one_to_one",-5.2638936336674,13.4473957937845
39,"mobile|two_factor|high|one_to_one",-6.05057908019952,13.4473957937845
39,"mobile|multi_factor|high|one_to_one",-5.96648922857445,13.4473957937845
39,"web|multi_factor|high|one_to_one",-7.23305280254528,13.4473957937845
39,"web|simple|medium|multi_person",-4.75212367024245,13.4473957937845
39,"mobile|two_factor|medium|multi_person",-5.53880911677457,13.4473957937845
39,"web|two_factor|high|multi_person",-6.17177574625682,13.4473957937845
39,"web|multi_factor|high|multi_person",-6.08768589463176,13.4473957937845
39,"web|simple|medium|one_to_one",-5.89749057815597,13.4473957937845
39,"web|two_factor|medium|one_to_one",-7.95073959865892,13.4473957937845
39,"mobile|simple|high|one_to_one",-3.99733005969657,13.4473957937845
39,"mobile|simple|low|multi_person",-2.85117554921706,13.4473957937845
39,"web|multi_factor|low|multi_person",-6.08689829206577,13.4473957937845
39,"web|two_factor|medium|multi_person",-6.8053726907454,13.4473957937845
39,"mobile|two_factor|low|one_to_one",-6.04979147763353,13.4473957937845
39,"web|two_factor|high|one_to_one",-7.31714265417035,13.4473957937845
39,"web|two_factor|low|one_to_one",-7.31635505160436,13.4473957937845
41,"web|simple|low|multi_person",-4.65832993446245,4.05403152834231
41,"mobile|two_factor|low|multi_person",-4.85578590775222,4.05403152834231
41,"web|two_factor|low|multi_person",-5.97511867758168,4.05403152834231
41,"mobile|multi_factor|low|multi_person",-4.89151575551412,4.05403152834231
41,"mobile|simple|medium|multi_person",-3.9057797883122,4.05403152834231
41,"mobile|multi_factor|medium|multi_person",-5.25829837919333,4.05403152834231
41,"web|multi_factor|medium|multi_person",-6.3776311490228,4.05403152834231
41,"mobile|simple|high|multi_person",-4.05572456931224,4.05403152834231
41,"web|simple|high|multi_person",-5.17505733914171,4.05403152834231
41,"mobile|two_factor|high|multi_person",-5.37251331243148,4.05403152834231
41,"mobile|multi_factor|high|multi_person",-5.40824316019338,4.05403152834231
41,"mobile|simple|low|one_to_one",-5.56608825088532,4.05403152834231
41,"web|simple|low|one_to_one",-6.68542102071479,4.05403152834231
41,"mobile|multi_factor|low|one_to_one",-6.91860684176646,4.05403152834231
41,"web|multi_factor|low|one_to_one",-8.03793961159592,4.05403152834231
41,"mobile|simple|medium|one_to_one",-5.93287087456454,4.05403152834231
41,"mobile|two_factor|medium|one_to_one",-7.24965961768377,4.05403152834231
41,"mobile|multi_factor|medium|one_to_one",-7.28538946544567,4.05403152834231
41,"web|multi_factor|medium|one_to_one",-8.40472223527514,4.05403152834231
41,"web|simple|high|one_to_one",-7.20214842539405,4.05403152834231
41,"mobile|two_factor|high|one_to_one",-7.39960439868381,4.05403152834231
41,"mobile|multi_factor|high|one_to_one",-7.43533424644572,4.05403152834231
41,"web|multi_factor|high|one_to_one",-8.55466701627518,4.05403152834231
41,"web|simple|medium|multi_person",-5.02511255814166,4.05403152834231
41,"mobile|two_factor|medium|multi_person",-5.22256853143143,4.05403152834231
41,"web|two_factor|high|multi_person",-6.49184608226094,4.05403152834231
41,"web|multi_factor|high|multi_person",-6.52757593002284,4.05403152834231
41,"web|simple|medium|one_to_one",-7.052203644394,4.05403152834231
41,"web|two_factor|medium|one_to_one",-8.36899238751324,4.05403152834231
41,"mobile|simple|high|one_to_one",-6.08281565556458,4.05403152834231
41,"mobile|simple|low|multi_person",-3.53899716463298,4.05403152834231
41,"web|multi_factor|low|multi_person",-6.01084852534358,4.05403152834231
41,"web|two_factor|medium|multi_person",-6.3419013012609,4.05403152834231
41,"mobile|two_factor|low|one_to_one",-6.88287699400456,4.05403152834231
41,"web|two_factor|high|one_to_one",-8.51893716851328,4.05403152834231
41,"web|two_factor|low|one_to_one",-8.00220976383402,4.05403152834231
42,"web|simple|low|multi_person",-6.33841983824366,7.10986408923304
42,"mobile|two_factor|low|multi_person",-7.42040576438875,7.10986408923304
42,"web|two_factor|low|multi_person",-7.32115228307206,7.10986408923304
42,"mobile|multi_factor|low|multi_person",-6.2440329907677,7.10986408923304
42,"mobile|simple|medium|multi_person",-5.34675308498227,7.10986408923304
42,"mobile|multi_factor|medium|multi_person",-5.15311275618962,7.10986408923304
42,"web|multi_factor|medium|multi_person",-5.05385927487294,7.10986408923304
42,"mobile|simple|high|multi_person",-7.95177245981412,7.10986408923304
42,"web|simple|high|multi_person",-7.85251897849743,7.10986408923304
42,"mobile|two_factor|high|multi_person",-8.93450490464252,7.10986408923304
42,"mobile|multi_factor|high|multi_person",-7.75813213102148,7.10986408923304
42,"mobile|simple|low|one_to_one",-4.96477637174658,7.10986408923304
42,"web|simple|low|one_to_one",-4.86552289042989,7.10986408923304
42,"mobile|multi_factor|low|one_to_one",-4.77113604295393,7.10986408923304
42,"web|multi_factor|low|one_to_one",-4.67188256163724,7.10986408923304
42,"mobile|simple|medium|one_to_one",-3.8738561371685,7.10986408923304
42,"mobile|two_factor|medium|one_to_one",-4.8565885819969,7.10986408923304
42,"mobile|multi_factor|medium|one_to_one",-3.68021580837585,7.10986408923304
42,"web|multi_factor|medium|one_to_one",-3.58096232705916,7.10986408923304
42,"web|simple|high|one_to_one",-6.37962203068366,7.10986408923304
42,"mobile|two_factor|high|one_to_one",-7.46160795682875,7.10986408923304
42,"mobile|multi_factor|high|one_to_one",-6.2852351832077,7.10986408923304
42,"web|multi_factor|high|one_to_one",-6.18598170189101,7.10986408923304
42,"web|simple|medium|multi_person",-5.24749960366558,7.10986408923304
42,"mobile|two_factor|medium|multi_person",-6.32948552981067,7.10986408923304
42,"web|two_factor|high|multi_person",-8.83525142332583,7.10986408923304
42,"web|multi_factor|high|multi_person",-7.65887864970479,7.10986408923304
42,"web|simple|medium|one_to_one",-3.77460265585181,7.10986408923304
42,"web|two_factor|medium|one_to_one",-4.75733510068021,7.10986408923304
42,"mobile|simple|high|one_to_one",-6.47887551200035,7.10986408923304
42,"mobile|simple|low|multi_person",-6.43767331956035,7.10986408923304
42,"web|multi_factor|low|multi_person",-6.14477950945102,7.10986408923304
42,"web|two_factor|medium|multi_person",-6.23023204849398,7.10986408923304
42,"mobile|two_factor|low|one_to_one",-5.94750881657498,7.10986408923304
42,"web|two_factor|high|one_to_one",-7.36235447551206,7.10986408923304
42,"web|two_factor|low|one_to_one",-5.84825533525829,7.10986408923304
43,"web|simple|low|multi_person",-4.83087422134983,21.3018472216668
43,"mobile|two_factor|low|multi_person",-4.12410812286529,21.3018472216668
43,"web|two_factor|low|multi_person",-4.73755696735615,21.3018472216668
43,"mobile|multi_factor|low|multi_person",-4.52932629294953,21.3018472216668
43,"mobile|simple|medium|multi_person",-5.53676601110733,21.3018472216668
43,"mobile|multi_factor|medium|multi_person",-5.84866692719789,21.3018472216668
43,"web|multi_factor|medium|multi_person",-6.46211577168875,21.3018472216668
43,"mobile|simple|high|multi_person",-6.48516987974418,21.3018472216668
43,"web|simple|high|multi_person",-7.09861872423504,21.3018472216668
43,"mobile|two_factor|high|multi_person",-6.3918526257505,21.3018472216668
43,"mobile|multi_factor|high|multi_person",-6.79707079583474,21.3018472216668
43,"mobile|simple|low|one_to_one",-3.13697052562623,21.3018472216668
43,"web|simple|low|one_to_one",-3.75041937011709,21.3018472216668
43,"mobile|multi_factor|low|one_to_one",-3.44887144171679,21.3018472216668
43,"web|multi_factor|low|one_to_one",-4.06232028620765,21.3018472216668
43,"mobile|simple|medium|one_to_one",-4.45631115987459,21.3018472216668
43,"mobile|two_factor|medium|one_to_one",-4.36299390588091,21.3018472216668
43,"mobile|multi_factor|medium|one_to_one",-4.76821207596515,21.3018472216668
43,"web|multi_factor|medium|one_to_one",-5.38166092045601,21.3018472216668
43,"web|simple|high|one_to_one",-6.0181638730023,21.3018472216668
43,"mobile|two_factor|high|one_to_one",-5.31139777451776,21.3018472216668
43,"mobile|multi_factor|high|one_to_one",-5.716615944602,21.3018472216668
43,"web|multi_factor|high|one_to_one",-6.33006478909286,21.3018472216668
43,"web|simple|medium|multi_person",-6.1502148555982,21.3018472216668
43,"mobile|two_factor|medium|multi_person",-5.44344875711365,21.3018472216668
43,"web|two_factor|high|multi_person",-7.00530147024136,21.3018472216668
43,"web|multi_factor|high|multi_person",-7.4105196403256,21.3018472216668
43,"web|simple|medium|one_to_one",-5.06976000436545,21.3018472216668
43,"web|two_factor|medium|one_to_one",-4.97644275037177,21.3018472216668
43,"mobile|simple|high|one_to_one",-5.40471502851144,21.3018472216668
43,"mobile|simple|low|multi_person",-4.21742537685897,21.3018472216668
43,"web|multi_factor|low|multi_person",-5.14277513744039,21.3018472216668
43,"web|two_factor|medium|multi_person",-6.05689760160452,21.3018472216668
43,"mobile|two_factor|low|one_to_one",-3.04365327163255,21.3018472216668
43,"web|two_factor|high|one_to_one",-5.92484661900862,21.3018472216668
43,"web|two_factor|low|one_to_one",-3.65710211612341,21.3018472216668
44,"web|simple|low|multi_person",-2.56373416650668,15.6351195153799
44,"mobile|two_factor|low|multi_person",-4.73579308371432,15.6351195153799
44,"web|two_factor|low|multi_person",-5.26407785029824,15.6351195153799
44,"mobile|multi_factor|low|multi_person",-5.49538498713288,15.6351195153799
44,"mobile|simple|medium|multi_person",-2.89489570877556,15.6351195153799
44,"mobile|multi_factor|medium|multi_person",-6.35483129598568,15.6351195153799
44,"web|multi_factor|medium|multi_person",-6.8831160625696,15.6351195153799
44,"mobile|simple|high|multi_person",-2.74611212029438,15.6351195153799
44,"web|simple|high|multi_person",-3.2743968868783,15.6351195153799
44,"mobile|two_factor|high|multi_person",-5.44645580408594,15.6351195153799
44,"mobile|multi_factor|high|multi_person",-6.2060477075045,15.6351195153799
44,"mobile|simple|low|one_to_one",-2.7708912503751,15.6351195153799
44,"web|simple|low|one_to_one",-3.29917601695902,15.6351195153799
44,"mobile|multi_factor|low|one_to_one",-6.23082683758522,15.6351195153799
44,"web|multi_factor|low|one_to_one",-6.75911160416914,15.6351195153799
44,"mobile|simple|medium|one_to_one",-3.6303375592279,15.6351195153799
44,"mobile|two_factor|medium|one_to_one",-6.33068124301946,15.6351195153799
44,"mobile|multi_factor|medium|one_to_one",-7.09027314643802,15.6351195153799
44,"web|multi_factor|medium|one_to_one",-7.61855791302194,15.6351195153799
44,"web|simple|high|one_to_one",-4.00983873733064,15.6351195153799
44,"mobile|two_factor|high|one_to_one",-6.18189765453828,15.6351195153799
44,"mobile|multi_factor|high|one_to_one",-6.94148955795684,15.6351195153799
44,"web|multi_factor|high|one_to_one",-7.46977432454076,15.6351195153799
44,"web|simple|medium|multi_person",-3.42318047535948,15.6351195153799
44,"mobile|two_factor|medium|multi_person",-5.59523939256712,15.6351195153799
44,"web|two_factor|high|multi_person",-5.97474057066986,15.6351195153799
44,"web|multi_factor|high|multi_person",-6.73433247408842,15.6351195153799
44,"web|simple|medium|one_to_one",-4.15862232581182,15.6351195153799
44,"web|two_factor|medium|one_to_one",-6.85896600960337,15.6351195153799
44,"mobile|simple|high|one_to_one",-3.48155397074672,15.6351195153799
44,"mobile|simple|low|multi_person",-2.03544939992276,15.6351195153799
44,"web|multi_factor|low|multi_person",-6.0236697537168,15.6351195153799
44,"web|two_factor|medium|multi_person",-6.12352415915103,15.6351195153799
44,"mobile|two_factor|low|one_to_one",-5.47123493416666,15.6351195153799
44,"web|two_factor|high|one_to_one",-6.7101824211222,15.6351195153799
44,"web|two_factor|low|one_to_one",-5.99951970075058,15.6351195153799
45,"web|simple|low|multi_person",-5.80681250598739,15.1826385392861
45,"mobile|two_factor|low|multi_person",-6.15329056811131,15.1826385392861
45,"web|two_factor|low|multi_person",-5.58255906073945,15.1826385392861
45,"mobile|multi_factor|low|multi_person",-5.10914508790859,15.1826385392861
45,"mobile|simple|medium|multi_person",-6.51810779968083,15.1826385392861
45,"mobile|multi_factor|medium|multi_person",-5.24970887423017,15.1826385392861
45,"web|multi_factor|medium|multi_person",-4.67897736685831,15.1826385392861
45,"mobile|simple|high|multi_person",-7.75610173440471,15.1826385392861
45,"web|simple|high|multi_person",-7.18537022703286,15.1826385392861
45,"mobile|two_factor|high|multi_person",-7.53184828915677,15.1826385392861
45,"mobile|multi_factor|high|multi_person",-6.48770280895406,15.1826385392861
45,"mobile|simple|low|one_to_one",-6.14834469237623,15.1826385392861
45,"web|simple|low|one_to_one",-5.57761318500438,15.1826385392861
45,"mobile|multi_factor|low|one_to_one",-4.87994576692558,15.1826385392861
45,"web|multi_factor|low|one_to_one",-4.30921425955372,15.1826385392861
45,"mobile|simple|medium|one_to_one",-6.28890847869781,15.1826385392861
45,"mobile|two_factor|medium|one_to_one",-6.06465503344987,15.1826385392861
45,"mobile|multi_factor|medium|one_to_one",-5.02050955324715,15.1826385392861
45,"web|multi_factor|medium|one_to_one",-4.4497780458753,15.1826385392861
45,"web|simple|high|one_to_one",-6.95617090604984,15.1826385392861
45,"mobile|two_factor|high|one_to_one",-7.30264896817375,15.1826385392861
45,"mobile|multi_factor|high|one_to_one",-6.25850348797104,15.1826385392861
45,"web|multi_factor|high|one_to_one",-5.68777198059918,15.1826385392861
45,"web|simple|medium|multi_person",-5.94737629230897,15.1826385392861
45,"mobile|two_factor|medium|multi_person",-6.29385435443288,15.1826385392861
45,"web|two_factor|high|multi_person",-6.96111678178492,15.1826385392861
45,"web|multi_factor|high|multi_person",-5.9169713015822,15.1826385392861
45,"web|simple|medium|one_to_one",-5.71817697132595,15.1826385392861
45,"web|two_factor|medium|one_to_one",-5.49392352607801,15.1826385392861
45,"mobile|simple|high|one_to_one",-7.5269024134217,15.1826385392861
45,"mobile|simple|low|multi_person",-6.37754401335925,15.1826385392861
45,"web|multi_factor|low|multi_person",-4.53841358053674,15.1826385392861
45,"web|two_factor|medium|multi_person",-5.72312284706103,15.1826385392861
45,"mobile|two_factor|low|one_to_one",-5.92409124712829,15.1826385392861
45,"web|two_factor|high|one_to_one",-6.7319174608019,15.1826385392861
45,"web|two_factor|low|one_to_one",-5.35335973975643,15.1826385392861
46,"web|simple|low|multi_person",-5.82471082219044,21.1713831796282
46,"mobile|two_factor|low|multi_person",-4.8780079608081,21.1713831796282
46,"web|two_factor|low|multi_person",-4.91383168129876,21.1713831796282
46,"mobile|multi_factor|low|multi_person",-4.20689440445898,21.1713831796282
46,"mobile|simple|medium|multi_person",-6.40106103888816,21.1713831796282
46,"mobile|multi_factor|medium|multi_person",-4.81906834164736,21.1713831796282
46,"web|multi_factor|medium|multi_person",-4.85489206213802,21.1713831796282
46,"mobile|simple|high|multi_person",-7.80571794617695,21.1713831796282
46,"web|simple|high|multi_person",-7.84154166666761,21.1713831796282
46,"mobile|two_factor|high|multi_person",-6.89483880528527,21.1713831796282
46,"mobile|multi_factor|high|multi_person",-6.22372524893615,21.1713831796282
46,"mobile|simple|low|one_to_one",-5.17284887352957,21.1713831796282
46,"web|simple|low|one_to_one",-5.20867259402023,21.1713831796282
46,"mobile|multi_factor|low|one_to_one",-3.59085617628877,21.1713831796282
46,"web|multi_factor|low|one_to_one",-3.62667989677943,21.1713831796282
46,"mobile|simple|medium|one_to_one",-5.78502281071795,21.1713831796282
46,"mobile|two_factor|medium|one_to_one",-4.87414366982627,21.1713831796282
46,"mobile|multi_factor|medium|one_to_one",-4.20303011347715,21.1713831796282
46,"web|multi_factor|medium|one_to_one",-4.23885383396781,21.1713831796282
46,"web|simple|high|one_to_one",-7.2255034384974,21.1713831796282
46,"mobile|two_factor|high|one_to_one",-6.27880057711506,21.1713831796282
46,"mobile|multi_factor|high|one_to_one",-5.60768702076594,21.1713831796282
46,"web|multi_factor|high|one_to_one",-5.6435107412566,21.1713831796282
46,"web|simple|medium|multi_person",-6.43688475937882,21.1713831796282
46,"mobile|two_factor|medium|multi_person",-5.49018189799648,21.1713831796282
46,"web|two_factor|high|multi_person",-6.93066252577593,21.1713831796282
46,"web|multi_factor|high|multi_person",-6.25954896942681,21.1713831796282
46,"web|simple|medium|one_to_one",-5.82084653120861,21.1713831796282
46,"web|two_factor|medium|one_to_one",-4.90996739031693,21.1713831796282
46,"mobile|simple|high|one_to_one",-7.18967971800674,21.1713831796282
46,"mobile|simple|low|multi_person",-5.78888710169978,21.1713831796282
46,"web|multi_factor|low|multi_person",-4.24271812494964,21.1713831796282
46,"web|two_factor|medium|multi_person",-5.52600561848714,21.1713831796282
46,"mobile|two_factor|low|one_to_one",-4.26196973263789,21.1713831796282
46,"web|two_factor|high|one_to_one",-6.31462429760572,21.1713831796282
46,"web|two_factor|low|one_to_one",-4.29779345312855,21.1713831796282
47,"web|simple|low|multi_person",-3.37347176105977,20.1896162430083
47,"mobile|two_factor|low|multi_person",-3.90635337624064,20.1896162430083
47,"web|two_factor|low|multi_person",-4.10866331366021,20.1896162430083
47,"mobile|multi_factor|low|multi_person",-5.05223752821959,20.1896162430083
47,"mobile|simple|medium|multi_person",-4.32797891095831,20.1896162430083
47,"mobile|multi_factor|medium|multi_person",-6.2090546155377,20.1896162430083
47,"web|multi_factor|medium|multi_person",-6.41136455295728,20.1896162430083
47,"mobile|simple|high|multi_person",-5.65731322780078,20.1896162430083
47,"web|simple|high|multi_person",-5.85962316522035,20.1896162430083
47,"mobile|two_factor|high|multi_person",-6.39250478040122,20.1896162430083
47,"mobile|multi_factor|high|multi_person",-7.53838893238017,20.1896162430083
47,"mobile|simple|low|one_to_one",-2.50400683495905,20.1896162430083
47,"web|simple|low|one_to_one",-2.70631677237862,20.1896162430083
47,"mobile|multi_factor|low|one_to_one",-4.38508253953844,20.1896162430083
47,"web|multi_factor|low|one_to_one",-4.58739247695801,20.1896162430083
47,"mobile|simple|medium|one_to_one",-3.66082392227717,20.1896162430083
47,"mobile|two_factor|medium|one_to_one",-4.39601547487761,20.1896162430083
47,"mobile|multi_factor|medium|one_to_one",-5.54189962685656,20.1896162430083
47,"web|multi_factor|medium|one_to_one",-5.74420956427613,20.1896162430083
47,"web|simple|high|one_to_one",-5.1924681765392,20.1896162430083
47,"mobile|two_factor|high|one_to_one",-5.72534979172007,20.1896162430083
47,"mobile|multi_factor|high|one_to_one",-6.87123394369902,20.1896162430083
47,"web|multi_factor|high|one_to_one",-7.07354388111859,20.1896162430083
47,"web|simple|medium|multi_person",-4.53028884837789,20.1896162430083
47,"mobile|two_factor|medium|multi_person",-5.06317046355875,20.1896162430083
47,"web|two_factor|high|multi_person",-6.59481471782079,20.1896162430083
47,"web|multi_factor|high|multi_person",-7.74069886979974,20.1896162430083
47,"web|simple|medium|one_to_one",-3.86313385969674,20.1896162430083
47,"web|two_factor|medium|one_to_one",-4.59832541229718,20.1896162430083
47,"mobile|simple|high|one_to_one",-4.99015823911963,20.1896162430083
47,"mobile|simple|low|multi_person",-3.1711618236402,20.1896162430083
47,"web|multi_factor|low|multi_person",-5.25454746563916,20.1896162430083
47,"web|two_factor|medium|multi_person",-5.26548040097832,20.1896162430083
47,"mobile|two_factor|low|one_to_one",-3.23919838755949,20.1896162430083
47,"web|two_factor|high|one_to_one",-5.92765972913964,20.1896162430083
47,"web|two_factor|low|one_to_one",-3.44150832497906,20.1896162430083
48,"web|simple|low|multi_person",-6.17401189559659,18.9744905623447
48,"mobile|two_factor|low|multi_person",-4.41575089929051,18.9744905623447
48,"web|two_factor|low|multi_person",-5.66211461968989,18.9744905623447
48,"mobile|multi_factor|low|multi_person",-3.89023396603106,18.9744905623447
48,"mobile|simple|medium|multi_person",-5.42276150628679,18.9744905623447
48,"mobile|multi_factor|medium|multi_person",-4.38534729712064,18.9744905623447
48,"web|multi_factor|medium|multi_person",-5.63171101752002,18.9744905623447
48,"mobile|simple|high|multi_person",-7.06176573023828,18.9744905623447
48,"web|simple|high|multi_person",-8.30812945063767,18.9744905623447
48,"mobile|two_factor|high|multi_person",-6.54986845433159,18.9744905623447
48,"mobile|multi_factor|high|multi_person",-6.02435152107213,18.9744905623447
48,"mobile|simple|low|one_to_one",-4.04015692912442,18.9744905623447
48,"web|simple|low|one_to_one",-5.2865206495238,18.9744905623447
48,"mobile|multi_factor|low|one_to_one",-3.00274271995827,18.9744905623447
48,"web|multi_factor|low|one_to_one",-4.24910644035765,18.9744905623447
48,"mobile|simple|medium|one_to_one",-4.535270260214,18.9744905623447
48,"mobile|two_factor|medium|one_to_one",-4.0233729843073,18.9744905623447
48,"mobile|multi_factor|medium|one_to_one",-3.49785605104785,18.9744905623447
48,"web|multi_factor|medium|one_to_one",-4.74421977144723,18.9744905623447
48,"web|simple|high|one_to_one",-7.42063820456488,18.9744905623447
48,"mobile|two_factor|high|one_to_one",-5.6623772082588,18.9744905623447
48,"mobile|multi_factor|high|one_to_one",-5.13686027499934,18.9744905623447
48,"web|multi_factor|high|one_to_one",-6.38322399539872,18.9744905623447
48,"web|simple|medium|multi_person",-6.66912522668617,18.9744905623447
48,"mobile|two_factor|medium|multi_person",-4.91086423038009,18.9744905623447
48,"web|two_factor|high|multi_person",-7.79623217473097,18.9744905623447
48,"web|multi_factor|high|multi_person",-7.27071524147151,18.9744905623447
48,"web|simple|medium|one_to_one",-5.78163398061338,18.9744905623447
48,"web|two_factor|medium|one_to_one",-5.26973670470669,18.9744905623447
48,"mobile|simple|high|one_to_one",-6.17427448416549,18.9744905623447
48,"mobile|simple|low|multi_person",-4.92764817519721,18.9744905623447
48,"web|multi_factor|low|multi_person",-5.13659768643044,18.9744905623447
48,"web|two_factor|medium|multi_person",-6.15722795077948,18.9744905623447
48,"mobile|two_factor|low|one_to_one",-3.52825965321772,18.9744905623447
48,"web|two_factor|high|one_to_one",-6.90874092865818,18.9744905623447
48,"web|two_factor|low|one_to_one",-4.7746233736171,18.9744905623447
49,"web|simple|low|multi_person",-6.61192892497855,6.69768585260051
49,"mobile|two_factor|low|multi_person",-4.37012825724041,6.69768585260051
49,"web|two_factor|low|multi_person",-6.6730206441459,6.69768585260051
49,"mobile|multi_factor|low|multi_person",-3.81278236633241,6.69768585260051
49,"mobile|simple|medium|multi_person",-6.21388764130536,6.69768585260051
49,"mobile|multi_factor|medium|multi_person",-5.7176334695647,6.69768585260051
49,"web|multi_factor|medium|multi_person",-8.02052585647018,6.69768585260051
49,"mobile|simple|high|multi_person",-5.69525384435713,6.69768585260051
49,"web|simple|high|multi_person",-7.99814623126261,6.69768585260051
49,"mobile|two_factor|high|multi_person",-5.75634556352447,6.69768585260051
49,"mobile|multi_factor|high|multi_person",-5.19899967261647,6.69768585260051
49,"mobile|simple|low|one_to_one",-3.24590884354851,6.69768585260051
49,"web|simple|low|one_to_one",-5.54880123045399,6.69768585260051
49,"mobile|multi_factor|low|one_to_one",-2.74965467180786,6.69768585260051
49,"web|multi_factor|low|one_to_one",-5.05254705871334,6.69768585260051
49,"mobile|simple|medium|one_to_one",-5.15075994678081,6.69768585260051
49,"mobile|two_factor|medium|one_to_one",-5.21185166594816,6.69768585260051
49,"mobile|multi_factor|medium|one_to_one",-4.65450577504015,6.69768585260051
49,"web|multi_factor|medium|one_to_one",-6.95739816194563,6.69768585260051
49,"web|simple|high|one_to_one",-6.93501853673805,6.69768585260051
49,"mobile|two_factor|high|one_to_one",-4.69321786899992,6.69768585260051
49,"mobile|multi_factor|high|one_to_one",-4.13587197809191,6.69768585260051
49,"web|multi_factor|high|one_to_one",-6.4387643649974,6.69768585260051
49,"web|simple|medium|multi_person",-8.51678002821084,6.69768585260051
49,"mobile|two_factor|medium|multi_person",-6.27497936047271,6.69768585260051
49,"web|two_factor|high|multi_person",-8.05923795042995,6.69768585260051
49,"web|multi_factor|high|multi_person",-7.50189205952195,6.69768585260051
49,"web|simple|medium|one_to_one",-7.45365233368629,6.69768585260051
49,"web|two_factor|medium|one_to_one",-7.51474405285364,6.69768585260051
49,"mobile|simple|high|one_to_one",-4.63212614983257,6.69768585260051
49,"mobile|simple|low|multi_person",-4.30903653807307,6.69768585260051
49,"web|multi_factor|low|multi_person",-6.11567475323789,6.69768585260051
49,"web|two_factor|medium|multi_person",-8.57787174737819,6.69768585260051
49,"mobile|two_factor|low|one_to_one",-3.30700056271586,6.69768585260051
49,"web|two_factor|high|one_to_one",-6.9961102559054,6.69768585260051
49,"web|two_factor|low|one_to_one",-5.60989294962134,6.69768585260051
50,"web|simple|low|multi_person",-2.94469636432366,7.20474634986285
50,"mobile|two_factor|low|multi_person",-6.67332897217251,7.20474634986285
50,"web|two_factor|low|multi_person",-6.35981448318202,7.20474634986285
50,"mobile|multi_factor|low|multi_person",-7.46158231555042,7.20474634986285
50,"mobile|simple|medium|multi_person",-2.94045652558591,7.20474634986285
50,"mobile|multi_factor|medium|multi_person",-7.14382798782218,7.20474634986285
50,"web|multi_factor|medium|multi_person",-6.83031349883169,7.20474634986285
50,"mobile|simple|high|multi_person",-4.40983827584779,7.20474634986285
50,"web|simple|high|multi_person",-4.0963237868573,7.20474634986285
50,"mobile|two_factor|high|multi_person",-7.82495639470614,7.20474634986285
50,"mobile|multi_factor|high|multi_person",-8.61320973808406,7.20474634986285
50,"mobile|simple|low|one_to_one",-2.49476774752221,7.20474634986285
50,"web|simple|low|one_to_one",-2.18125325853172,7.20474634986285
50,"mobile|multi_factor|low|one_to_one",-6.69813920975848,7.20474634986285
50,"web|multi_factor|low|one_to_one",-6.38462472076799,7.20474634986285
50,"mobile|simple|medium|one_to_one",-2.17701341979397,7.20474634986285
50,"mobile|two_factor|medium|one_to_one",-5.59213153865232,7.20474634986285
50,"mobile|multi_factor|medium|one_to_one",-6.38038488203023,7.20474634986285
50,"web|multi_factor|medium|one_to_one",-6.06687039303975,7.20474634986285
50,"web|simple|high|one_to_one",-3.33288068106536,7.20474634986285
50,"mobile|two_factor|high|one_to_one",-7.0615132889142,7.20474634986285
50,"mobile|multi_factor|high|one_to_one",-7.84976663229211,7.20474634986285
50,"web|multi_factor|high|one_to_one",-7.53625214330163,7.20474634986285
50,"web|simple|medium|multi_person",-2.62694203659542,7.20474634986285
50,"mobile|two_factor|medium|multi_person",-6.35557464444426,7.20474634986285
50,"web|two_factor|high|multi_person",-7.51144190571566,7.20474634986285
50,"web|multi_factor|high|multi_person",-8.29969524909357,7.20474634986285
50,"web|simple|medium|one_to_one",-1.86349893080348,7.20474634986285
50,"web|two_factor|medium|one_to_one",-5.27861704966184,7.20474634986285
50,"mobile|simple|high|one_to_one",-3.64639517005584,7.20474634986285
50,"mobile|simple|low|multi_person",-3.25821085331415,7.20474634986285
50,"web|multi_factor|low|multi_person",-7.14806782655993,7.20474634986285
50,"web|two_factor|medium|multi_person",-6.04206015545378,7.20474634986285
50,"mobile|two_factor|low|one_to_one",-5.90988586638056,7.20474634986285
50,"web|two_factor|high|one_to_one",-6.74799879992372,7.20474634986285
50,"web|two_factor|low|one_to_one",-5.59637137739008,7.20474634986285
51,"web|simple|low|multi_person",-5.26899974452573,15.0885126233195
51,"mobile|two_factor|low|multi_person",-4.45143332335933,15.0885126233195
51,"web|two_factor|low|multi_person",-6.67101163470583,15.0885126233195
51,"mobile|multi_factor|low|multi_person",-3.89824280623401,15.0885126233195
51,"mobile|simple|medium|multi_person",-2.98955863893045,15.0885126233195
51,"mobile|multi_factor|medium|multi_person",-3.83838001198522,15.0885126233195
51,"web|multi_factor|medium|multi_person",-6.05795832333172,15.0885126233195
51,"mobile|simple|high|multi_person",-4.37497064351334,15.0885126233195
51,"web|simple|high|multi_person",-6.59454895485984,15.0885126233195
51,"mobile|two_factor|high|multi_person",-5.77698253369343,15.0885126233195
51,"mobile|multi_factor|high|multi_person",-5.22379201656812,15.0885126233195
51,"mobile|simple|low|one_to_one",-3.1713237950021,15.0885126233195
51,"web|simple|low|one_to_one",-5.3909021063486,15.0885126233195
51,"mobile|multi_factor|low|one_to_one",-4.02014516805688,15.0885126233195
51,"web|multi_factor|low|one_to_one",-6.23972347940338,15.0885126233195
51,"mobile|simple|medium|one_to_one",-3.11146100075331,15.0885126233195
51,"mobile|two_factor|medium|one_to_one",-4.51347289093341,15.0885126233195
51,"mobile|multi_factor|medium|one_to_one",-3.96028237380809,15.0885126233195
51,"web|multi_factor|medium|one_to_one",-6.17986068515459,15.0885126233195
51,"web|simple|high|one_to_one",-6.7164513166827,15.0885126233195
51,"mobile|two_factor|high|one_to_one",-5.8988848955163,15.0885126233195
51,"mobile|multi_factor|high|one_to_one",-5.34569437839098,15.0885126233195
51,"web|multi_factor|high|one_to_one",-7.56527268973748,15.0885126233195
51,"web|simple|medium|multi_person",-5.20913695027695,15.0885126233195
51,"mobile|two_factor|medium|multi_person",-4.39157052911054,15.0885126233195
51,"web|two_factor|high|multi_person",-7.99656084503993,15.0885126233195
51,"web|multi_factor|high|multi_person",-7.44337032791462,15.0885126233195
51,"web|simple|medium|one_to_one",-5.33103931209981,15.0885126233195
51,"web|two_factor|medium|one_to_one",-6.73305120227991,15.0885126233195
51,"mobile|simple|high|one_to_one",-4.4968730053362,15.0885126233195
51,"mobile|simple|low|multi_person",-3.04942143317923,15.0885126233195
51,"web|multi_factor|low|multi_person",-6.11782111758051,15.0885126233195
51,"web|two_factor|medium|multi_person",-6.61114884045704,15.0885126233195
51,"mobile|two_factor|low|one_to_one",-4.5733356851822,15.0885126233195
51,"web|two_factor|high|one_to_one",-8.1184632068628,15.0885126233195
51,"web|two_factor|low|one_to_one",-6.7929139965287,15.0885126233195
52,"web|simple|low|multi_person",-3.8258744185048,19.9962512709662
52,"mobile|two_factor|low|multi_person",-4.36264871405651,19.9962512709662
52,"web|two_factor|low|multi_person",-5.24959481302744,19.9962512709662
52,"mobile|multi_factor|low|multi_person",-5.43548194900622,19.9962512709662
52,"mobile|simple|medium|multi_person",-3.81828867127261,19.9962512709662
52,"mobile|multi_factor|medium|multi_person",-6.31484230074496,19.9962512709662
52,"web|multi_factor|medium|multi_person",-7.20178839971589,19.9962512709662
52,"mobile|simple|high|multi_person",-4.00062610150905,19.9962512709662
52,"web|simple|high|multi_person",-4.88757220047998,19.9962512709662
52,"mobile|two_factor|high|multi_person",-5.42434649603169,19.9962512709662
52,"mobile|multi_factor|high|multi_person",-6.4971797309814,19.9962512709662
52,"mobile|simple|low|one_to_one",-1.73172752579222,19.9962512709662
52,"web|simple|low|one_to_one",-2.61867362476315,19.9962512709662
52,"mobile|multi_factor|low|one_to_one",-4.22828115526457,19.9962512709662
52,"web|multi_factor|low|one_to_one",-5.1152272542355,19.9962512709662
52,"mobile|simple|medium|one_to_one",-2.61108787753096,19.9962512709662
52,"mobile|two_factor|medium|one_to_one",-4.0348082720536,19.9962512709662
52,"mobile|multi_factor|medium|one_to_one",-5.10764150700331,19.9962512709662
52,"web|multi_factor|medium|one_to_one",-5.99458760597424,19.9962512709662
52,"web|simple|high|one_to_one",-3.68037140673833,19.9962512709662
52,"mobile|two_factor|high|one_to_one",-4.21714570229004,19.9962512709662
52,"mobile|multi_factor|high|one_to_one",-5.28997893723975,19.9962512709662
52,"web|multi_factor|high|one_to_one",-6.17692503621068,19.9962512709662
52,"web|simple|medium|multi_person",-4.70523477024354,19.9962512709662
52,"mobile|two_factor|medium|multi_person",-5.24200906579525,19.9962512709662
52,"web|two_factor|high|multi_person",-6.31129259500262,19.9962512709662
52,"web|multi_factor|high|multi_person",-7.38412582995233,19.9962512709662
52,"web|simple|medium|one_to_one",-3.49803397650189,19.9962512709662
52,"web|two_factor|medium|one_to_one",-4.92175437102453,19.9962512709662
52,"mobile|simple|high|one_to_one",-2.7934253077674,19.9962512709662
52,"mobile|simple|low|multi_person",-2.93892831953387,19.9962512709662
52,"web|multi_factor|low|multi_person",-6.32242804797715,19.9962512709662
52,"web|two_factor|medium|multi_person",-6.12895516476618,19.9962512709662
52,"mobile|two_factor|low|one_to_one",-3.15544792031486,19.9962512709662
52,"web|two_factor|high|one_to_one",-5.10409180126098,19.9962512709662
52,"web|two_factor|low|one_to_one",-4.04239401928579,19.9962512709662
53,"web|simple|low|multi_person",-4.15004090343646,17.0375719552831
53,"mobile|two_factor|low|multi_person",-5.56616314198474,17.0375719552831
53,"web|two_factor|low|multi_person",-4.60110452671107,17.0375719552831
53,"mobile|multi_factor|low|multi_person",-6.12501877891869,17.0375719552831
53,"mobile|simple|medium|multi_person",-6.09883668917055,17.0375719552831
53,"mobile|multi_factor|medium|multi_person",-7.10875594937911,17.0375719552831
53,"web|multi_factor|medium|multi_person",-6.14369733410545,17.0375719552831
53,"mobile|simple|high|multi_person",-7.5092326070786,17.0375719552831
53,"web|simple|high|multi_person",-6.54417399180494,17.0375719552831
53,"mobile|two_factor|high|multi_person",-7.96029623035322,17.0375719552831
53,"mobile|multi_factor|high|multi_person",-8.51915186728717,17.0375719552831
53,"mobile|simple|low|one_to_one",-3.72944574565378,17.0375719552831
53,"web|simple|low|one_to_one",-2.76438713038011,17.0375719552831
53,"mobile|multi_factor|low|one_to_one",-4.73936500586234,17.0375719552831
53,"web|multi_factor|low|one_to_one",-3.77430639058867,17.0375719552831
53,"mobile|simple|medium|one_to_one",-4.7131829161142,17.0375719552831
53,"mobile|two_factor|medium|one_to_one",-5.16424653938882,17.0375719552831
53,"mobile|multi_factor|medium|one_to_one",-5.72310217632277,17.0375719552831
53,"web|multi_factor|medium|one_to_one",-4.7580435610491,17.0375719552831
53,"web|simple|high|one_to_one",-5.15852021874859,17.0375719552831
53,"mobile|two_factor|high|one_to_one",-6.57464245729687,17.0375719552831
53,"mobile|multi_factor|high|one_to_one",-7.13349809423082,17.0375719552831
53,"web|multi_factor|high|one_to_one",-6.16843947895715,17.0375719552831
53,"web|simple|medium|multi_person",-5.13377807389688,17.0375719552831
53,"mobile|two_factor|medium|multi_person",-6.54990031244517,17.0375719552831
53,"web|two_factor|high|multi_person",-6.99523761507955,17.0375719552831
53,"web|multi_factor|high|multi_person",-7.5540932520135,17.0375719552831
53,"web|simple|medium|one_to_one",-3.74812430084053,17.0375719552831
53,"web|two_factor|medium|one_to_one",-4.19918792411515,17.0375719552831
53,"mobile|simple|high|one_to_one",-6.12357883402226,17.0375719552831
53,"mobile|simple|low|multi_person",-5.11509951871013,17.0375719552831
53,"web|multi_factor|low|multi_person",-5.15996016364502,17.0375719552831
53,"web|two_factor|medium|multi_person",-5.5848416971715,17.0375719552831
53,"mobile|two_factor|low|one_to_one",-4.18050936892839,17.0375719552831
53,"web|two_factor|high|one_to_one",-5.6095838420232,17.0375719552831
53,"web|two_factor|low|one_to_one",-3.21545075365472,17.0375719552831
54,"web|simple|low|multi_person",-3.35957483844441,20.9518880750226
54,"mobile|two_factor|low|multi_person",-5.03087455850138,20.9518880750226
54,"web|two_factor|low|multi_person",-4.83513597593834,20.9518880750226
54,"mobile|multi_factor|low|multi_person",-5.00687755382093,20.9518880750226
54,"mobile|simple|medium|multi_person",-4.51017260747839,20.9518880750226
54,"mobile|multi_factor|medium|multi_person",-5.96173674029187,20.9518880750226
54,"web|multi_factor|medium|multi_person",-5.76599815772883,20.9518880750226
54,"mobile|simple|high|multi_person",-6.20437416673603,20.9518880750226
54,"web|simple|high|multi_person",-6.00863558417299,20.9518880750226
54,"mobile|two_factor|high|multi_person",-7.67993530422996,20.9518880750226
54,"mobile|multi_factor|high|multi_person",-7.65593829954951,20.9518880750226
54,"mobile|simple|low|one_to_one",-2.66188082862952,20.9518880750226
54,"web|simple|low|one_to_one",-2.46614224606648,20.9518880750226
54,"mobile|multi_factor|low|one_to_one",-4.113444961443,20.9518880750226
54,"web|multi_factor|low|one_to_one",-3.91770637887996,20.9518880750226
54,"mobile|simple|medium|one_to_one",-3.61674001510046,20.9518880750226
54,"mobile|two_factor|medium|one_to_one",-5.09230115259439,20.9518880750226
54,"mobile|multi_factor|medium|one_to_one",-5.06830414791394,20.9518880750226
54,"web|multi_factor|medium|one_to_one",-4.8725655653509,20.9518880750226
54,"web|simple|high|one_to_one",-5.11520299179506,20.9518880750226
54,"mobile|two_factor|high|one_to_one",-6.78650271185203,20.9518880750226
54,"mobile|multi_factor|high|one_to_one",-6.76250570717158,20.9518880750226
54,"web|multi_factor|high|one_to_one",-6.56676712460854,20.9518880750226
54,"web|simple|medium|multi_person",-4.31443402491535,20.9518880750226
54,"mobile|two_factor|medium|multi_person",-5.98573374497232,20.9518880750226
54,"web|two_factor|high|multi_person",-7.48419672166692,20.9518880750226
54,"web|multi_factor|high|multi_person",-7.46019971698647,20.9518880750226
54,"web|simple|medium|one_to_one",-3.42100143253742,20.9518880750226
54,"web|two_factor|medium|one_to_one",-4.89656257003135,20.9518880750226
54,"mobile|simple|high|one_to_one",-5.3109415743581,20.9518880750226
54,"mobile|simple|low|multi_person",-3.55531342100745,20.9518880750226
54,"web|multi_factor|low|multi_person",-4.81113897125789,20.9518880750226
54,"web|two_factor|medium|multi_person",-5.78999516240928,20.9518880750226
54,"mobile|two_factor|low|one_to_one",-4.13744196612345,20.9518880750226
54,"web|two_factor|high|one_to_one",-6.59076412928899,20.9518880750226
54,"web|two_factor|low|one_to_one",-3.94170338356041,20.9518880750226
55,"web|simple|low|multi_person",-6.06606984302775,21.3443537790563
55,"mobile|two_factor|low|multi_person",-4.40831570959597,21.3443537790563
55,"web|two_factor|low|multi_person",-5.753801159007,21.3443537790563
55,"mobile|multi_factor|low|multi_person",-4.39093846427046,21.3443537790563
55,"mobile|simple|medium|multi_person",-5.29768201833876,21.3443537790563
55,"mobile|multi_factor|medium|multi_person",-4.96803608899251,21.3443537790563
55,"web|multi_factor|medium|multi_person",-6.31352153840355,21.3443537790563
55,"mobile|simple|high|multi_person",-6.64561392393642,21.3443537790563
55,"web|simple|high|multi_person",-7.99109937334746,21.3443537790563
55,"mobile|two_factor|high|multi_person",-6.33334523991568,21.3443537790563
55,"mobile|multi_factor|high|multi_person",-6.31596799459017,21.3443537790563
55,"mobile|simple|low|one_to_one",-3.49660788147657,21.3443537790563
55,"web|simple|low|one_to_one",-4.8420933308876,21.3443537790563
55,"mobile|multi_factor|low|one_to_one",-3.16696195213032,21.3443537790563
55,"web|multi_factor|low|one_to_one",-4.51244740154135,21.3443537790563
55,"mobile|simple|medium|one_to_one",-4.07370550619862,21.3443537790563
55,"mobile|two_factor|medium|one_to_one",-3.76143682217787,21.3443537790563
55,"mobile|multi_factor|medium|one_to_one",-3.74405957685237,21.3443537790563
55,"web|multi_factor|medium|one_to_one",-5.0895450262634,21.3443537790563
55,"web|simple|high|one_to_one",-6.76712286120731,21.3443537790563
55,"mobile|two_factor|high|one_to_one",-5.10936872777553,21.3443537790563
55,"mobile|multi_factor|high|one_to_one",-5.09199148245003,21.3443537790563
55,"web|multi_factor|high|one_to_one",-6.43747693186106,21.3443537790563
55,"web|simple|medium|multi_person",-6.6431674677498,21.3443537790563
55,"mobile|two_factor|medium|multi_person",-4.98541333431802,21.3443537790563
55,"web|two_factor|high|multi_person",-7.67883068932671,21.3443537790563
55,"web|multi_factor|high|multi_person",-7.66145344400121,21.3443537790563
55,"web|simple|medium|one_to_one",-5.41919095560965,21.3443537790563
55,"web|two_factor|medium|one_to_one",-5.1069222715889,21.3443537790563
55,"mobile|simple|high|one_to_one",-5.42163741179628,21.3443537790563
55,"mobile|simple|low|multi_person",-4.72058439361671,21.3443537790563
55,"web|multi_factor|low|multi_person",-5.7364239136815,21.3443537790563
55,"web|two_factor|medium|multi_person",-6.33089878372905,21.3443537790563
55,"mobile|two_factor|low|one_to_one",-3.18433919745582,21.3443537790563
55,"web|two_factor|high|one_to_one",-6.45485417718657,21.3443537790563
55,"web|two_factor|low|one_to_one",-4.52982464686685,21.3443537790563
56,"web|simple|low|multi_person",-4.82498991931952,19.02715771206
56,"mobile|two_factor|low|multi_person",-4.51638482645196,19.02715771206
56,"web|two_factor|low|multi_person",-5.90312932872607,19.02715771206
56,"mobile|multi_factor|low|multi_person",-4.40370652723089,19.02715771206
56,"mobile|simple|medium|multi_person",-3.69685942730606,19.02715771206
56,"mobile|multi_factor|medium|multi_person",-4.66232053749155,19.02715771206
56,"web|multi_factor|medium|multi_person",-6.04906503976566,19.02715771206
56,"mobile|simple|high|multi_person",-4.80040752347707,19.02715771206
56,"web|simple|high|multi_person",-6.18715202575119,19.02715771206
56,"mobile|two_factor|high|multi_person",-5.87854693288362,19.02715771206
56,"mobile|multi_factor|high|multi_person",-5.76586863366256,19.02715771206
56,"mobile|simple|low|one_to_one",-3.12282619786633,19.02715771206
56,"web|simple|low|one_to_one",-4.50957070014044,19.02715771206
56,"mobile|multi_factor|low|one_to_one",-4.08828730805182,19.02715771206
56,"web|multi_factor|low|one_to_one",-5.47503181032593,19.02715771206
56,"mobile|simple|medium|one_to_one",-3.38144020812699,19.02715771206
56,"mobile|two_factor|medium|one_to_one",-4.45957961753354,19.02715771206
56,"mobile|multi_factor|medium|one_to_one",-4.34690131831248,19.02715771206
56,"web|multi_factor|medium|one_to_one",-5.73364582058659,19.02715771206
56,"web|simple|high|one_to_one",-5.87173280657211,19.02715771206
56,"mobile|two_factor|high|one_to_one",-5.56312771370455,19.02715771206
56,"mobile|multi_factor|high|one_to_one",-5.45044941448349,19.02715771206
56,"web|multi_factor|high|one_to_one",-6.8371939167576,19.02715771206
56,"web|simple|medium|multi_person",-5.08360392958018,19.02715771206
56,"mobile|two_factor|medium|multi_person",-4.77499883671262,19.02715771206
56,"web|two_factor|high|multi_person",-7.26529143515774,19.02715771206
56,"web|multi_factor|high|multi_person",-7.15261313593667,19.02715771206
56,"web|simple|medium|one_to_one",-4.7681847104011,19.02715771206
56,"web|two_factor|medium|one_to_one",-5.84632411980765,19.02715771206
56,"mobile|simple|high|one_to_one",-4.484988304298,19.02715771206
56,"mobile|simple|low|multi_person",-3.43824541704541,19.02715771206
56,"web|multi_factor|low|multi_person",-5.790451029505,19.02715771206
56,"web|two_factor|medium|multi_person",-6.16174333898673,19.02715771206
56,"mobile|two_factor|low|one_to_one",-4.20096560727288,19.02715771206
56,"web|two_factor|high|one_to_one",-6.94987221597866,19.02715771206
56,"web|two_factor|low|one_to_one",-5.587710109547,19.02715771206
57,"web|simple|low|multi_person",-3.79663657531143,17.78360817311
57,"mobile|two_factor|low|multi_person",-4.17083303076215,17.78360817311
57,"web|two_factor|low|multi_person",-3.91476424170884,17.78360817311
57,"mobile|multi_factor|low|multi_person",-5.03204803910898,17.78360817311
57,"mobile|simple|medium|multi_person",-5.02266007797816,17.78360817311
57,"mobile|multi_factor|medium|multi_person",-6.0020027527224,17.78360817311
57,"web|multi_factor|medium|multi_person",-5.74593396366909,17.78360817311
57,"mobile|simple|high|multi_person",-6.76219325029205,17.78360817311
57,"web|simple|high|multi_person",-6.50612446123875,17.78360817311
57,"mobile|two_factor|high|multi_person",-6.88032091668947,17.78360817311
57,"mobile|multi_factor|high|multi_person",-7.7415359250363,17.78360817311
57,"mobile|simple|low|one_to_one",-4.72253305918845,17.78360817311
57,"web|simple|low|one_to_one",-4.46646427013515,17.78360817311
57,"mobile|multi_factor|low|one_to_one",-5.70187573393269,17.78360817311
57,"web|multi_factor|low|one_to_one",-5.44580694487939,17.78360817311
57,"mobile|simple|medium|one_to_one",-5.69248777280188,17.78360817311
57,"mobile|two_factor|medium|one_to_one",-5.81061543919929,17.78360817311
57,"mobile|multi_factor|medium|one_to_one",-6.67183044754612,17.78360817311
57,"web|multi_factor|medium|one_to_one",-6.41576165849281,17.78360817311
57,"web|simple|high|one_to_one",-7.17595215606247,17.78360817311
57,"mobile|two_factor|high|one_to_one",-7.55014861151319,17.78360817311
57,"mobile|multi_factor|high|one_to_one",-8.41136361986001,17.78360817311
57,"web|multi_factor|high|one_to_one",-8.15529483080671,17.78360817311
57,"web|simple|medium|multi_person",-4.76659128892485,17.78360817311
57,"mobile|two_factor|medium|multi_person",-5.14078774437557,17.78360817311
57,"web|two_factor|high|multi_person",-6.62425212763616,17.78360817311
57,"web|multi_factor|high|multi_person",-7.48546713598299,17.78360817311
57,"web|simple|medium|one_to_one",-5.43641898374857,17.78360817311
57,"web|two_factor|medium|one_to_one",-5.55454665014599,17.78360817311
57,"mobile|simple|high|one_to_one",-7.43202094511577,17.78360817311
57,"mobile|simple|low|multi_person",-4.05270536436474,17.78360817311
57,"web|multi_factor|low|multi_person",-4.77597925005567,17.78360817311
57,"web|two_factor|medium|multi_person",-4.88471895532227,17.78360817311
57,"mobile|two_factor|low|one_to_one",-4.84066072558587,17.78360817311
57,"web|two_factor|high|one_to_one",-7.29407982245988,17.78360817311
57,"web|two_factor|low|one_to_one",-4.58459193653256,17.78360817311
58,"web|simple|low|multi_person",-3.26075618470072,6.9255232108891
58,"mobile|two_factor|low|multi_person",-5.55467450274179,6.9255232108891
58,"web|two_factor|low|multi_person",-4.8501579392984,6.9255232108891
58,"mobile|multi_factor|low|multi_person",-6.29810958959233,6.9255232108891
58,"mobile|simple|medium|multi_person",-6.0064254008985,6.9255232108891
58,"mobile|multi_factor|medium|multi_person",-8.33926224234672,6.9255232108891
58,"web|multi_factor|medium|multi_person",-7.63474567890333,6.9255232108891
58,"mobile|simple|high|multi_person",-6.26534314214979,6.9255232108891
58,"web|simple|high|multi_person",-5.5608265787064,6.9255232108891
58,"mobile|two_factor|high|multi_person",-7.85474489674747,6.9255232108891
58,"mobile|multi_factor|high|multi_person",-8.59817998359801,6.9255232108891
58,"mobile|simple|low|one_to_one",-3.3191512140601,6.9255232108891
58,"web|simple|low|one_to_one",-2.61463465061671,6.9255232108891
58,"mobile|multi_factor|low|one_to_one",-5.65198805550832,6.9255232108891
58,"web|multi_factor|low|one_to_one",-4.94747149206493,6.9255232108891
58,"mobile|simple|medium|one_to_one",-5.36030386681449,6.9255232108891
58,"mobile|two_factor|medium|one_to_one",-6.94970562141216,6.9255232108891
58,"mobile|multi_factor|medium|one_to_one",-7.69314070826271,6.9255232108891
58,"web|multi_factor|medium|one_to_one",-6.98862414481931,6.9255232108891
58,"web|simple|high|one_to_one",-4.91470504462238,6.9255232108891
58,"mobile|two_factor|high|one_to_one",-7.20862336266346,6.9255232108891
58,"mobile|multi_factor|high|one_to_one",-7.952058449514,6.9255232108891
58,"web|multi_factor|high|one_to_one",-7.2475418860706,6.9255232108891
58,"web|simple|medium|multi_person",-5.30190883745511,6.9255232108891
58,"mobile|two_factor|medium|multi_person",-7.59582715549618,6.9255232108891
58,"web|two_factor|high|multi_person",-7.15022833330407,6.9255232108891
58,"web|multi_factor|high|multi_person",-7.89366342015462,6.9255232108891
58,"web|simple|medium|one_to_one",-4.65578730337109,6.9255232108891
58,"web|two_factor|medium|one_to_one",-6.24518905796877,6.9255232108891
58,"mobile|simple|high|one_to_one",-5.61922160806578,6.9255232108891
58,"mobile|simple|low|multi_person",-3.96527274814411,6.9255232108891
58,"web|multi_factor|low|multi_person",-5.59359302614894,6.9255232108891
58,"web|two_factor|medium|multi_person",-6.89131059205278,6.9255232108891
58,"mobile|two_factor|low|one_to_one",-4.90855296865778,6.9255232108891
58,"web|two_factor|high|one_to_one",-6.50410679922006,6.9255232108891
58,"web|two_factor|low|one_to_one",-4.20403640521438,6.9255232108891
60,"web|simple|low|multi_person",-4.51896567085944,19.6104249703583
60,"mobile|two_factor|low|multi_person",-4.8724122205531,19.6104249703583
60,"web|two_factor|low|multi_person",-4.89314466744373,19.6104249703583
60,"mobile|multi_factor|low|multi_person",-4.07957569679558,19.6104249703583
60,"mobile|simple|medium|multi_person",-5.24152987655442,19.6104249703583
60,"mobile|multi_factor|medium|multi_person",-4.8228723493812,19.6104249703583
60,"web|multi_factor|medium|multi_person",-4.84360479627183,19.6104249703583
60,"mobile|simple|high|multi_person",-7.17739001032463,19.6104249703583
60,"web|simple|high|multi_person",-7.19812245721527,19.6104249703583
60,"mobile|two_factor|high|multi_person",-7.55156900690893,19.6104249703583
60,"mobile|multi_factor|high|multi_person",-6.75873248315141,19.6104249703583
60,"mobile|simple|low|one_to_one",-4.44267251581007,19.6104249703583
60,"web|simple|low|one_to_one",-4.4634049627007,19.6104249703583
60,"mobile|multi_factor|low|one_to_one",-4.02401498863685,19.6104249703583
60,"web|multi_factor|low|one_to_one",-4.04474743552748,19.6104249703583
60,"mobile|simple|medium|one_to_one",-5.18596916839569,19.6104249703583
60,"mobile|two_factor|medium|one_to_one",-5.56014816497998,19.6104249703583
60,"mobile|multi_factor|medium|one_to_one",-4.76731164122246,19.6104249703583
60,"web|multi_factor|medium|one_to_one",-4.7880440881131,19.6104249703583
60,"web|simple|high|one_to_one",-7.14256174905653,19.6104249703583
60,"mobile|two_factor|high|one_to_one",-7.4960082987502,19.6104249703583
60,"mobile|multi_factor|high|one_to_one",-6.70317177499268,19.6104249703583
60,"web|multi_factor|high|one_to_one",-6.72390422188331,19.6104249703583
60,"web|simple|medium|multi_person",-5.26226232344505,19.6104249703583
60,"mobile|two_factor|medium|multi_person",-5.61570887313872,19.6104249703583
60,"web|two_factor|high|multi_person",-7.57230145379956,19.6104249703583
60,"web|multi_factor|high|multi_person",-6.77946493004205,19.6104249703583
60,"web|simple|medium|one_to_one",-5.20670161528632,19.6104249703583
60,"web|two_factor|medium|one_to_one",-5.58088061187062,19.6104249703583
60,"mobile|simple|high|one_to_one",-7.1218293021659,19.6104249703583
60,"mobile|simple|low|multi_person",-4.4982332239688,19.6104249703583
60,"web|multi_factor|low|multi_person",-4.10030814368622,19.6104249703583
60,"web|two_factor|medium|multi_person",-5.63644132002935,19.6104249703583
60,"mobile|two_factor|low|one_to_one",-4.81685151239437,19.6104249703583
60,"web|two_factor|high|one_to_one",-7.51674074564083,19.6104249703583
60,"web|two_factor|low|one_to_one",-4.837583959285,19.6104249703583
61,"web|simple|low|multi_person",-4.07045986312817,19.4078062917881
61,"mobile|two_factor|low|multi_person",-4.59062443520696,19.4078062917881
61,"web|two_factor|low|multi_person",-5.5228724537759,19.4078062917881
61,"mobile|multi_factor|low|multi_person",-4.77679599339785,19.4078062917881
61,"mobile|simple|medium|multi_person",-3.60371991332009,19.4078062917881
61,"mobile|multi_factor|medium|multi_person",-5.24230406215871,19.4078062917881
61,"web|multi_factor|medium|multi_person",-6.17455208072765,19.4078062917881
61,"mobile|simple|high|multi_person",-5.14822450953851,19.4078062917881
61,"web|simple|high|multi_person",-6.08047252810745,19.4078062917881
61,"mobile|two_factor|high|multi_person",-6.60063710018623,19.4078062917881
61,"mobile|multi_factor|high|multi_person",-6.78680865837713,19.4078062917881
61,"mobile|simple|low|one_to_one",-2.44998158732674,19.4078062917881
61,"web|simple|low|one_to_one",-3.38222960589568,19.4078062917881
61,"mobile|multi_factor|low|one_to_one",-4.08856573616536,19.4078062917881
61,"web|multi_factor|low|one_to_one",-5.0208137547343,19.4078062917881
61,"mobile|simple|medium|one_to_one",-2.91548965608759,19.4078062917881
61,"mobile|two_factor|medium|one_to_one",-4.36790224673532,19.4078062917881
61,"mobile|multi_factor|medium|one_to_one",-4.55407380492622,19.4078062917881
61,"web|multi_factor|medium|one_to_one",-5.48632182349516,19.4078062917881
61,"web|simple|high|one_to_one",-5.39224227087495,19.4078062917881
61,"mobile|two_factor|high|one_to_one",-5.91240684295374,19.4078062917881
61,"mobile|multi_factor|high|one_to_one",-6.09857840114464,19.4078062917881
61,"web|multi_factor|high|one_to_one",-7.03082641971358,19.4078062917881
61,"web|simple|medium|multi_person",-4.53596793188903,19.4078062917881
61,"mobile|two_factor|medium|multi_person",-5.05613250396781,19.4078062917881
61,"web|two_factor|high|multi_person",-7.53288511875517,19.4078062917881
61,"web|multi_factor|high|multi_person",-7.71905667694607,19.4078062917881
61,"web|simple|medium|one_to_one",-3.84773767465653,19.4078062917881
61,"web|two_factor|medium|one_to_one",-5.30015026530426,19.4078062917881
61,"mobile|simple|high|one_to_one",-4.45999425230601,19.4078062917881
61,"mobile|simple|low|multi_person",-3.13821184455923,19.4078062917881
61,"web|multi_factor|low|multi_person",-5.70904401196679,19.4078062917881
61,"web|two_factor|medium|multi_person",-5.98838052253675,19.4078062917881
61,"mobile|two_factor|low|one_to_one",-3.90239417797447,19.4078062917881
61,"web|two_factor|high|one_to_one",-6.84465486152268,19.4078062917881
61,"web|two_factor|low|one_to_one",-4.8346421965434,19.4078062917881
62,"web|simple|low|multi_person",-5.26964492316989,14.4837383283606
62,"mobile|two_factor|low|multi_person",-3.74715612943701,14.4837383283606
62,"web|two_factor|low|multi_person",-4.86821426931157,14.4837383283606
62,"mobile|multi_factor|low|multi_person",-5.61678832792816,14.4837383283606
62,"mobile|simple|medium|multi_person",-5.2903390205227,14.4837383283606
62,"mobile|multi_factor|medium|multi_person",-6.75854056515554,14.4837383283606
62,"web|multi_factor|medium|multi_person",-7.87959870503011,14.4837383283606
62,"mobile|simple|high|multi_person",-5.02585622342455,14.4837383283606
62,"web|simple|high|multi_person",-6.14691436329911,14.4837383283606
62,"mobile|two_factor|high|multi_person",-4.62442556956623,14.4837383283606
62,"mobile|multi_factor|high|multi_person",-6.49405776805739,14.4837383283606
62,"mobile|simple|low|one_to_one",-3.74421573591088,14.4837383283606
62,"web|simple|low|one_to_one",-4.86527387578545,14.4837383283606
62,"mobile|multi_factor|low|one_to_one",-5.21241728054373,14.4837383283606
62,"web|multi_factor|low|one_to_one",-6.33347542041829,14.4837383283606
62,"mobile|simple|medium|one_to_one",-4.88596797313826,14.4837383283606
62,"mobile|two_factor|medium|one_to_one",-4.48453731927995,14.4837383283606
62,"mobile|multi_factor|medium|one_to_one",-6.3541695177711,14.4837383283606
62,"web|multi_factor|medium|one_to_one",-7.47522765764567,14.4837383283606
62,"web|simple|high|one_to_one",-5.74254331591467,14.4837383283606
62,"mobile|two_factor|high|one_to_one",-4.22005452218179,14.4837383283606
62,"mobile|multi_factor|high|one_to_one",-6.08968672067295,14.4837383283606
62,"web|multi_factor|high|one_to_one",-7.21074486054751,14.4837383283606
62,"web|simple|medium|multi_person",-6.41139716039727,14.4837383283606
62,"mobile|two_factor|medium|multi_person",-4.88890836666438,14.4837383283606
62,"web|two_factor|high|multi_person",-5.74548370944079,14.4837383283606
62,"web|multi_factor|high|multi_person",-7.61511590793195,14.4837383283606
62,"web|simple|medium|one_to_one",-6.00702611301283,14.4837383283606
62,"web|two_factor|medium|one_to_one",-5.60559545915451,14.4837383283606
62,"mobile|simple|high|one_to_one",-4.62148517604011,14.4837383283606
62,"mobile|simple|low|multi_person",-4.14858678329532,14.4837383283606
62,"web|multi_factor|low|multi_person",-6.73784646780273,14.4837383283606
62,"web|two_factor|medium|multi_person",-6.00996650653895,14.4837383283606
62,"mobile|two_factor|low|one_to_one",-3.34278508205257,14.4837383283606
62,"web|two_factor|high|one_to_one",-5.34111266205635,14.4837383283606
62,"web|two_factor|low|one_to_one",-4.46384322192713,14.4837383283606
63,"web|simple|low|multi_person",-6.57335491145561,6.2117234927714
63,"mobile|two_factor|low|multi_person",-3.88311564909278,6.2117234927714
63,"web|two_factor|low|multi_person",-6.98214369013564,6.2117234927714
63,"mobile|multi_factor|low|multi_person",-3.58480751366543,6.2117234927714
63,"mobile|simple|medium|multi_person",-4.54438111240119,6.2117234927714
63,"mobile|multi_factor|medium|multi_person",-4.65486175565387,6.2117234927714
63,"web|multi_factor|medium|multi_person",-7.75388979669673,6.2117234927714
63,"mobile|simple|high|multi_person",-3.59888868194575,6.2117234927714
63,"web|simple|high|multi_person",-6.69791672298861,6.2117234927714
63,"mobile|two_factor|high|multi_person",-4.00767746062578,6.2117234927714
63,"mobile|multi_factor|high|multi_person",-3.70936932519843,6.2117234927714
63,"mobile|simple|low|one_to_one",-3.89305571942412,6.2117234927714
63,"web|simple|low|one_to_one",-6.99208376046698,6.2117234927714
63,"mobile|multi_factor|low|one_to_one",-4.0035363626768,6.2117234927714
63,"web|multi_factor|low|one_to_one",-7.10256440371966,6.2117234927714
63,"mobile|simple|medium|one_to_one",-4.96310996141256,6.2117234927714
63,"mobile|two_factor|medium|one_to_one",-5.37189874009258,6.2117234927714
63,"mobile|multi_factor|medium|one_to_one",-5.07359060466523,6.2117234927714
63,"web|multi_factor|medium|one_to_one",-8.17261864570809,6.2117234927714
63,"web|simple|high|one_to_one",-7.11664557199998,6.2117234927714
63,"mobile|two_factor|high|one_to_one",-4.42640630963714,6.2117234927714
63,"mobile|multi_factor|high|one_to_one",-4.1280981742098,6.2117234927714
63,"web|multi_factor|high|one_to_one",-7.22712621525266,6.2117234927714
63,"web|simple|medium|multi_person",-7.64340915344405,6.2117234927714
63,"mobile|two_factor|medium|multi_person",-4.95316989108121,6.2117234927714
63,"web|two_factor|high|multi_person",-7.10670550166864,6.2117234927714
63,"web|multi_factor|high|multi_person",-6.80839736624129,6.2117234927714
63,"web|simple|medium|one_to_one",-8.06213800245541,6.2117234927714
63,"web|two_factor|medium|one_to_one",-8.47092678113544,6.2117234927714
63,"mobile|simple|high|one_to_one",-4.01761753095712,6.2117234927714
63,"mobile|simple|low|multi_person",-3.47432687041275,6.2117234927714
63,"web|multi_factor|low|multi_person",-6.68383555470829,6.2117234927714
63,"web|two_factor|medium|multi_person",-8.05219793212407,6.2117234927714
63,"mobile|two_factor|low|one_to_one",-4.30184449810414,6.2117234927714
63,"web|two_factor|high|one_to_one",-7.52543435068,6.2117234927714
63,"web|two_factor|low|one_to_one",-7.400872539147,6.2117234927714
64,"web|simple|low|multi_person",-8.23790262074779,10.6121089867753
64,"mobile|two_factor|low|multi_person",-4.08465417611124,10.6121089867753
64,"web|two_factor|low|multi_person",-5.14008420216798,10.6121089867753
64,"mobile|multi_factor|low|multi_person",-3.93424533604246,10.6121089867753
64,"mobile|simple|medium|multi_person",-8.66606489058155,10.6121089867753
64,"mobile|multi_factor|medium|multi_person",-5.41783763193297,10.6121089867753
64,"web|multi_factor|medium|multi_person",-6.47326765798971,10.6121089867753
64,"mobile|simple|high|multi_person",-8.54936167137761,10.6121089867753
64,"web|simple|high|multi_person",-9.60479169743436,10.6121089867753
64,"mobile|two_factor|high|multi_person",-5.45154325279781,10.6121089867753
64,"mobile|multi_factor|high|multi_person",-5.30113441272903,10.6121089867753
64,"mobile|simple|low|one_to_one",-7.17819133806693,10.6121089867753
64,"web|simple|low|one_to_one",-8.23362136412367,10.6121089867753
64,"mobile|multi_factor|low|one_to_one",-3.92996407941835,10.6121089867753
64,"web|multi_factor|low|one_to_one",-4.98539410547509,10.6121089867753
64,"mobile|simple|medium|one_to_one",-8.66178363395744,10.6121089867753
64,"mobile|two_factor|medium|one_to_one",-5.56396521537763,10.6121089867753
64,"mobile|multi_factor|medium|one_to_one",-5.41355637530886,10.6121089867753
64,"web|multi_factor|medium|one_to_one",-6.4689864013656,10.6121089867753
64,"web|simple|high|one_to_one",-9.60051044081025,10.6121089867753
64,"mobile|two_factor|high|one_to_one",-5.4472619961737,10.6121089867753
64,"mobile|multi_factor|high|one_to_one",-5.29685315610492,10.6121089867753
64,"web|multi_factor|high|one_to_one",-6.35228318216167,10.6121089867753
64,"web|simple|medium|multi_person",-9.72149491663829,10.6121089867753
64,"mobile|two_factor|medium|multi_person",-5.56824647200174,10.6121089867753
64,"web|two_factor|high|multi_person",-6.50697327885455,10.6121089867753
64,"web|multi_factor|high|multi_person",-6.35656443878578,10.6121089867753
64,"web|simple|medium|one_to_one",-9.71721366001418,10.6121089867753
64,"web|two_factor|medium|one_to_one",-6.61939524143437,10.6121089867753
64,"mobile|simple|high|one_to_one",-8.5450804147535,10.6121089867753
64,"mobile|simple|low|multi_person",-7.18247259469104,10.6121089867753
64,"web|multi_factor|low|multi_person",-4.9896753620992,10.6121089867753
64,"web|two_factor|medium|multi_person",-6.62367649805848,10.6121089867753
64,"mobile|two_factor|low|one_to_one",-4.08037291948712,10.6121089867753
64,"web|two_factor|high|one_to_one",-6.50269202223044,10.6121089867753
64,"web|two_factor|low|one_to_one",-5.13580294554387,10.6121089867753
65,"web|simple|low|multi_person",-3.52782566384936,14.3294642302109
65,"mobile|two_factor|low|multi_person",-3.74872327431972,14.3294642302109
65,"web|two_factor|low|multi_person",-4.28739017798332,14.3294642302109
65,"mobile|multi_factor|low|multi_person",-4.14545501805418,14.3294642302109
65,"mobile|simple|medium|multi_person",-4.28793572726106,14.3294642302109
65,"mobile|multi_factor|medium|multi_person",-5.44423198512948,14.3294642302109
65,"web|multi_factor|medium|multi_person",-5.98289888879308,14.3294642302109
65,"mobile|simple|high|multi_person",-6.17088062802964,14.3294642302109
65,"web|simple|high|multi_person",-6.70954753169324,14.3294642302109
65,"mobile|two_factor|high|multi_person",-6.9304451421636,14.3294642302109
65,"mobile|multi_factor|high|multi_person",-7.32717688589806,14.3294642302109
65,"mobile|simple|low|one_to_one",-3.30267456836061,14.3294642302109
65,"web|simple|low|one_to_one",-3.84134147202421,14.3294642302109
65,"mobile|multi_factor|low|one_to_one",-4.45897082622903,14.3294642302109
65,"web|multi_factor|low|one_to_one",-4.99763772989263,14.3294642302109
65,"mobile|simple|medium|one_to_one",-4.60145153543591,14.3294642302109
65,"mobile|two_factor|medium|one_to_one",-5.36101604956987,14.3294642302109
65,"mobile|multi_factor|medium|one_to_one",-5.75774779330433,14.3294642302109
65,"web|multi_factor|medium|one_to_one",-6.29641469696793,14.3294642302109
65,"web|simple|high|one_to_one",-7.02306333986809,14.3294642302109
65,"mobile|two_factor|high|one_to_one",-7.24396095033845,14.3294642302109
65,"mobile|multi_factor|high|one_to_one",-7.64069269407291,14.3294642302109
65,"web|multi_factor|high|one_to_one",-8.17935959773651,14.3294642302109
65,"web|simple|medium|multi_person",-4.82660263092466,14.3294642302109
65,"mobile|two_factor|medium|multi_person",-5.04750024139502,14.3294642302109
65,"web|two_factor|high|multi_person",-7.4691120458272,14.3294642302109
65,"web|multi_factor|high|multi_person",-7.86584378956166,14.3294642302109
65,"web|simple|medium|one_to_one",-5.14011843909951,14.3294642302109
65,"web|two_factor|medium|one_to_one",-5.89968295323347,14.3294642302109
65,"mobile|simple|high|one_to_one",-6.48439643620449,14.3294642302109
65,"mobile|simple|low|multi_person",-2.98915876018576,14.3294642302109
65,"web|multi_factor|low|multi_person",-4.68412192171778,14.3294642302109
65,"web|two_factor|medium|multi_person",-5.58616714505862,14.3294642302109
65,"mobile|two_factor|low|one_to_one",-4.06223908249457,14.3294642302109
65,"web|two_factor|high|one_to_one",-7.78262785400205,14.3294642302109
65,"web|two_factor|low|one_to_one",-4.60090598615817,14.3294642302109
68,"web|simple|low|multi_person",-6.72427723372483,11.3026253399229
68,"mobile|two_factor|low|multi_person",-5.74999942784673,11.3026253399229
68,"web|two_factor|low|multi_person",-7.45889629543906,11.3026253399229
68,"mobile|multi_factor|low|multi_person",-4.23631863091481,11.3026253399229
68,"mobile|simple|medium|multi_person",-4.54559519667265,11.3026253399229
68,"mobile|multi_factor|medium|multi_person",-3.76653346145496,11.3026253399229
68,"web|multi_factor|medium|multi_person",-5.47543032904728,11.3026253399229
68,"mobile|simple|high|multi_person",-6.22643071085117,11.3026253399229
68,"web|simple|high|multi_person",-7.9353275784435,11.3026253399229
68,"mobile|two_factor|high|multi_person",-6.9610497725654,11.3026253399229
68,"mobile|multi_factor|high|multi_person",-5.44736897563348,11.3026253399229
68,"mobile|simple|low|one_to_one",-4.22528895095613,11.3026253399229
68,"web|simple|low|one_to_one",-5.93418581854845,11.3026253399229
68,"mobile|multi_factor|low|one_to_one",-3.44622721573843,11.3026253399229
68,"web|multi_factor|low|one_to_one",-5.15512408333076,11.3026253399229
68,"mobile|simple|medium|one_to_one",-3.75550378149627,11.3026253399229
68,"mobile|two_factor|medium|one_to_one",-4.49012284321049,11.3026253399229
68,"mobile|multi_factor|medium|one_to_one",-2.97644204627858,11.3026253399229
68,"web|multi_factor|medium|one_to_one",-4.6853389138709,11.3026253399229
68,"web|simple|high|one_to_one",-7.14523616326712,11.3026253399229
68,"mobile|two_factor|high|one_to_one",-6.17095835738902,11.3026253399229
68,"mobile|multi_factor|high|one_to_one",-4.6572775604571,11.3026253399229
68,"web|multi_factor|high|one_to_one",-6.36617442804943,11.3026253399229
68,"web|simple|medium|multi_person",-6.25449206426497,11.3026253399229
68,"mobile|two_factor|medium|multi_person",-5.28021425838687,11.3026253399229
68,"web|two_factor|high|multi_person",-8.66994664015772,11.3026253399229
68,"web|multi_factor|high|multi_person",-7.15626584322581,11.3026253399229
68,"web|simple|medium|one_to_one",-5.4644006490886,11.3026253399229
68,"web|two_factor|medium|one_to_one",-6.19901971080282,11.3026253399229
68,"mobile|simple|high|one_to_one",-5.43633929567479,11.3026253399229
68,"mobile|simple|low|multi_person",-5.0153803661325,11.3026253399229
68,"web|multi_factor|low|multi_person",-5.94521549850714,11.3026253399229
68,"web|two_factor|medium|multi_person",-6.9891111259792,11.3026253399229
68,"mobile|two_factor|low|one_to_one",-4.95990801267035,11.3026253399229
68,"web|two_factor|high|one_to_one",-7.87985522498134,11.3026253399229
68,"web|two_factor|low|one_to_one",-6.66880488026267,11.3026253399229
69,"web|simple|low|multi_person",-6.9152222480798,8.59225690409768
69,"mobile|two_factor|low|multi_person",-5.19064931143251,8.59225690409768
69,"web|two_factor|low|multi_person",-5.86531579947259,8.59225690409768
69,"mobile|multi_factor|low|multi_person",-3.54759163261053,8.59225690409768
69,"mobile|simple|medium|multi_person",-6.15766612404196,8.59225690409768
69,"mobile|multi_factor|medium|multi_person",-3.46470199661277,8.59225690409768
69,"web|multi_factor|medium|multi_person",-4.13936848465285,8.59225690409768
69,"mobile|simple|high|multi_person",-8.91951613874886,8.59225690409768
69,"web|simple|high|multi_person",-9.59418262678894,8.59225690409768
69,"mobile|two_factor|high|multi_person",-7.86960969014164,8.59225690409768
69,"mobile|multi_factor|high|multi_person",-6.22655201131967,8.59225690409768
69,"mobile|simple|low|one_to_one",-6.42170523978677,8.59225690409768
69,"web|simple|low|one_to_one",-7.09637172782685,8.59225690409768
69,"mobile|multi_factor|low|one_to_one",-3.72874111235758,8.59225690409768
69,"web|multi_factor|low|one_to_one",-4.40340760039766,8.59225690409768
69,"mobile|simple|medium|one_to_one",-6.33881560378901,8.59225690409768
69,"mobile|two_factor|medium|one_to_one",-5.2889091551818,8.59225690409768
69,"mobile|multi_factor|medium|one_to_one",-3.64585147635982,8.59225690409768
69,"web|multi_factor|medium|one_to_one",-4.3205179643999,8.59225690409768
69,"web|simple|high|one_to_one",-9.77533210653598,8.59225690409768
69,"mobile|two_factor|high|one_to_one",-8.05075916988869,8.59225690409768
69,"mobile|multi_factor|high|one_to_one",-6.40770149106672,8.59225690409768
69,"web|multi_factor|high|one_to_one",-7.08236797910679,8.59225690409768
69,"web|simple|medium|multi_person",-6.83233261208204,8.59225690409768
69,"mobile|two_factor|medium|multi_person",-5.10775967543475,8.59225690409768
69,"web|two_factor|high|multi_person",-8.54427617818172,8.59225690409768
69,"web|multi_factor|high|multi_person",-6.90121849935974,8.59225690409768
69,"web|simple|medium|one_to_one",-7.01348209182909,8.59225690409768
69,"web|two_factor|medium|one_to_one",-5.96357564322187,8.59225690409768
69,"mobile|simple|high|one_to_one",-9.10066561849591,8.59225690409768
69,"mobile|simple|low|multi_person",-6.24055576003972,8.59225690409768
69,"web|multi_factor|low|multi_person",-4.22225812065061,8.59225690409768
69,"web|two_factor|medium|multi_person",-5.78242616347483,8.59225690409768
69,"mobile|two_factor|low|one_to_one",-5.37179879117956,8.59225690409768
69,"web|two_factor|high|one_to_one",-8.72542565792877,8.59225690409768
69,"web|two_factor|low|one_to_one",-6.04646527921963,8.59225690409768
70,"web|simple|low|multi_person",-5.16222271232062,12.4848298718381
70,"mobile|two_factor|low|multi_person",-5.29182169479484,12.4848298718381
70,"web|two_factor|low|multi_person",-7.17873555634986,12.4848298718381
70,"mobile|multi_factor|low|multi_person",-4.96935418955826,12.4848298718381
70,"mobile|simple|medium|multi_person",-2.72221774253165,12.4848298718381
70,"mobile|multi_factor|medium|multi_person",-4.41626308132431,12.4848298718381
70,"web|multi_factor|medium|multi_person",-6.30317694287933,12.4848298718381
70,"mobile|simple|high|multi_person",-4.84937443095654,12.4848298718381
70,"web|simple|high|multi_person",-6.73628829251156,12.4848298718381
70,"mobile|two_factor|high|multi_person",-6.86588727498578,12.4848298718381
70,"mobile|multi_factor|high|multi_person",-6.54341976974921,12.4848298718381
70,"mobile|simple|low|one_to_one",-2.52497605756342,12.4848298718381
70,"web|simple|low|one_to_one",-4.41188991911844,12.4848298718381
70,"mobile|multi_factor|low|one_to_one",-4.21902139635608,12.4848298718381
70,"web|multi_factor|low|one_to_one",-6.1059352579111,12.4848298718381
70,"mobile|simple|medium|one_to_one",-1.97188494932947,12.4848298718381
70,"mobile|two_factor|medium|one_to_one",-3.9883977933587,12.4848298718381
70,"mobile|multi_factor|medium|one_to_one",-3.66593028812213,12.4848298718381
70,"web|multi_factor|medium|one_to_one",-5.55284414967715,12.4848298718381
70,"web|simple|high|one_to_one",-5.98595549930938,12.4848298718381
70,"mobile|two_factor|high|one_to_one",-6.1155544817836,12.4848298718381
70,"mobile|multi_factor|high|one_to_one",-5.79308697654702,12.4848298718381
70,"web|multi_factor|high|one_to_one",-7.68000083810204,12.4848298718381
70,"web|simple|medium|multi_person",-4.60913160408667,12.4848298718381
70,"mobile|two_factor|medium|multi_person",-4.73873058656089,12.4848298718381
70,"web|two_factor|high|multi_person",-8.7528011365408,12.4848298718381
70,"web|multi_factor|high|multi_person",-8.43033363130422,12.4848298718381
70,"web|simple|medium|one_to_one",-3.85879881088448,12.4848298718381
70,"web|two_factor|medium|one_to_one",-5.87531165491372,12.4848298718381
70,"mobile|simple|high|one_to_one",-4.09904163775436,12.4848298718381
70,"mobile|simple|low|multi_person",-3.2753088507656,12.4848298718381
70,"web|multi_factor|low|multi_person",-6.85626805111328,12.4848298718381
70,"web|two_factor|medium|multi_person",-6.6256444481159,12.4848298718381
70,"mobile|two_factor|low|one_to_one",-4.54148890159266,12.4848298718381
70,"web|two_factor|high|one_to_one",-8.00246834333862,12.4848298718381
70,"web|two_factor|low|one_to_one",-6.42840276314768,12.4848298718381
71,"web|simple|low|multi_person",-6.0415205071419,20.8723029680674
71,"mobile|two_factor|low|multi_person",-3.27338711231366,20.8723029680674
71,"web|two_factor|low|multi_person",-4.92010951614953,20.8723029680674
71,"mobile|multi_factor|low|multi_person",-3.8820188490778,20.8723029680674
71,"mobile|simple|medium|multi_person",-4.59434361942325,20.8723029680674
71,"mobile|multi_factor|medium|multi_person",-4.08156436519502,20.8723029680674
71,"web|multi_factor|medium|multi_person",-5.7282867690309,20.8723029680674
71,"mobile|simple|high|multi_person",-6.5991511393623,20.8723029680674
71,"web|simple|high|multi_person",-8.24587354319818,20.8723029680674
71,"mobile|two_factor|high|multi_person",-5.47774014836994,20.8723029680674
71,"mobile|multi_factor|high|multi_person",-6.08637188513408,20.8723029680674
71,"mobile|simple|low|one_to_one",-4.27950957898493,20.8723029680674
71,"web|simple|low|one_to_one",-5.9262319828208,20.8723029680674
71,"mobile|multi_factor|low|one_to_one",-3.7667303247567,20.8723029680674
71,"web|multi_factor|low|one_to_one",-5.41345272859257,20.8723029680674
71,"mobile|simple|medium|one_to_one",-4.47905509510215,20.8723029680674
71,"mobile|two_factor|medium|one_to_one",-3.35764410410978,20.8723029680674
71,"mobile|multi_factor|medium|one_to_one",-3.96627584087392,20.8723029680674
71,"web|multi_factor|medium|one_to_one",-5.61299824470979,20.8723029680674
71,"web|simple|high|one_to_one",-8.13058501887707,20.8723029680674
71,"mobile|two_factor|high|one_to_one",-5.36245162404883,20.8723029680674
71,"mobile|multi_factor|high|one_to_one",-5.97108336081297,20.8723029680674
71,"web|multi_factor|high|one_to_one",-7.61780576464885,20.8723029680674
71,"web|simple|medium|multi_person",-6.24106602325912,20.8723029680674
71,"mobile|two_factor|medium|multi_person",-3.47293262843088,20.8723029680674
71,"web|two_factor|high|multi_person",-7.12446255220581,20.8723029680674
71,"web|multi_factor|high|multi_person",-7.73309428896995,20.8723029680674
71,"web|simple|medium|one_to_one",-6.12577749893802,20.8723029680674
71,"web|two_factor|medium|one_to_one",-5.00436650794565,20.8723029680674
71,"mobile|simple|high|one_to_one",-6.4838626150412,20.8723029680674
71,"mobile|simple|low|multi_person",-4.39479810330603,20.8723029680674
71,"web|multi_factor|low|multi_person",-5.52874125291367,20.8723029680674
71,"web|two_factor|medium|multi_person",-5.11965503226676,20.8723029680674
71,"mobile|two_factor|low|one_to_one",-3.15809858799256,20.8723029680674
71,"web|two_factor|high|one_to_one",-7.00917402788471,20.8723029680674
71,"web|two_factor|low|one_to_one",-4.80482099182843,20.8723029680674
72,"web|simple|low|multi_person",-4.19255218623921,14.355732583664
72,"mobile|two_factor|low|multi_person",-3.49155106107616,14.355732583664
72,"web|two_factor|low|multi_person",-5.06161381223463,14.355732583664
72,"mobile|multi_factor|low|multi_person",-3.61687992043163,14.355732583664
72,"mobile|simple|medium|multi_person",-3.06416783614823,14.355732583664
72,"mobile|multi_factor|medium|multi_person",-4.05855832149913,14.355732583664
72,"web|multi_factor|medium|multi_person",-5.6286210726576,14.355732583664
72,"mobile|simple|high|multi_person",-4.37033631644346,14.355732583664
72,"web|simple|high|multi_person",-5.94039906760193,14.355732583664
72,"mobile|two_factor|high|multi_person",-5.23939794243888,14.355732583664
72,"mobile|multi_factor|high|multi_person",-5.36472680179436,14.355732583664
72,"mobile|simple|low|one_to_one",-4.05973381904163,14.355732583664
72,"web|simple|low|one_to_one",-5.6297965702001,14.355732583664
72,"mobile|multi_factor|low|one_to_one",-5.05412430439253,14.355732583664
72,"web|multi_factor|low|one_to_one",-6.62418705555101,14.355732583664
72,"mobile|simple|medium|one_to_one",-4.50141222010913,14.355732583664
72,"mobile|two_factor|medium|one_to_one",-5.37047384610455,14.355732583664
72,"mobile|multi_factor|medium|one_to_one",-5.49580270546003,14.355732583664
72,"web|multi_factor|medium|one_to_one",-7.0658654566185,14.355732583664
72,"web|simple|high|one_to_one",-7.37764345156283,14.355732583664
72,"mobile|two_factor|high|one_to_one",-6.67664232639978,14.355732583664
72,"mobile|multi_factor|high|one_to_one",-6.80197118575526,14.355732583664
72,"web|multi_factor|high|one_to_one",-8.37203393691373,14.355732583664
72,"web|simple|medium|multi_person",-4.6342305873067,14.355732583664
72,"mobile|two_factor|medium|multi_person",-3.93322946214365,14.355732583664
72,"web|two_factor|high|multi_person",-6.80946069359735,14.355732583664
72,"web|multi_factor|high|multi_person",-6.93478955295283,14.355732583664
72,"web|simple|medium|one_to_one",-6.0714749712676,14.355732583664
72,"web|two_factor|medium|one_to_one",-6.94053659726302,14.355732583664
72,"mobile|simple|high|one_to_one",-5.80758070040436,14.355732583664
72,"mobile|simple|low|multi_person",-2.62248943508073,14.355732583664
72,"web|multi_factor|low|multi_person",-5.18694267159011,14.355732583664
72,"web|two_factor|medium|multi_person",-5.50329221330212,14.355732583664
72,"mobile|two_factor|low|one_to_one",-4.92879544503706,14.355732583664
72,"web|two_factor|high|one_to_one",-8.24670507755825,14.355732583664
72,"web|two_factor|low|one_to_one",-6.49885819619553,14.355732583664
73,"web|simple|low|multi_person",-4.90655626843397,9.41766378179574
73,"mobile|two_factor|low|multi_person",-4.53555528545089,9.41766378179574
73,"web|two_factor|low|multi_person",-5.69179100011783,9.41766378179574
73,"mobile|multi_factor|low|multi_person",-3.25503684929372,9.41766378179574
73,"mobile|simple|medium|multi_person",-4.1504522704434,9.41766378179574
73,"mobile|multi_factor|medium|multi_person",-3.65516856597008,9.41766378179574
73,"web|multi_factor|medium|multi_person",-4.81140428063701,9.41766378179574
73,"mobile|simple|high|multi_person",-6.25403406508743,9.41766378179574
73,"web|simple|high|multi_person",-7.41026977975436,9.41766378179574
73,"mobile|two_factor|high|multi_person",-7.03926879677128,9.41766378179574
73,"mobile|multi_factor|high|multi_person",-5.7587503606141,9.41766378179574
73,"mobile|simple|low|one_to_one",-4.86148665888375,9.41766378179574
73,"web|simple|low|one_to_one",-6.01772237355069,9.41766378179574
73,"mobile|multi_factor|low|one_to_one",-4.36620295441043,9.41766378179574
73,"web|multi_factor|low|one_to_one",-5.52243866907737,9.41766378179574
73,"mobile|simple|medium|one_to_one",-5.26161837556011,9.41766378179574
73,"mobile|two_factor|medium|one_to_one",-6.04685310724397,9.41766378179574
73,"mobile|multi_factor|medium|one_to_one",-4.76633467108679,9.41766378179574
73,"web|multi_factor|medium|one_to_one",-5.92257038575373,9.41766378179574
73,"web|simple|high|one_to_one",-8.52143588487107,9.41766378179574
73,"mobile|two_factor|high|one_to_one",-8.15043490188799,9.41766378179574
73,"mobile|multi_factor|high|one_to_one",-6.86991646573082,9.41766378179574
73,"web|multi_factor|high|one_to_one",-8.02615218039775,9.41766378179574
73,"web|simple|medium|multi_person",-5.30668798511033,9.41766378179574
73,"mobile|two_factor|medium|multi_person",-4.93568700212725,9.41766378179574
73,"web|two_factor|high|multi_person",-8.19550451143821,9.41766378179574
73,"web|multi_factor|high|multi_person",-6.91498607528104,9.41766378179574
73,"web|simple|medium|one_to_one",-6.41785409022705,9.41766378179574
73,"web|two_factor|medium|one_to_one",-7.2030888219109,9.41766378179574
73,"mobile|simple|high|one_to_one",-7.36520017020414,9.41766378179574
73,"mobile|simple|low|multi_person",-3.75032055376704,9.41766378179574
73,"web|multi_factor|low|multi_person",-4.41127256396065,9.41766378179574
73,"web|two_factor|medium|multi_person",-6.09192271679419,9.41766378179574
73,"mobile|two_factor|low|one_to_one",-5.64672139056761,9.41766378179574
73,"web|two_factor|high|one_to_one",-9.30667061655493,9.41766378179574
73,"web|two_factor|low|one_to_one",-6.80295710523454,9.41766378179574
74,"web|simple|low|multi_person",-3.9414515434456,20.473137911644
74,"mobile|two_factor|low|multi_person",-4.42589162917278,20.473137911644
74,"web|two_factor|low|multi_person",-4.78616845795426,20.473137911644
74,"mobile|multi_factor|low|multi_person",-4.84975237915294,20.473137911644
74,"mobile|simple|medium|multi_person",-4.68842557102724,20.473137911644
74,"mobile|multi_factor|medium|multi_person",-5.95700323551606,20.473137911644
74,"web|multi_factor|medium|multi_person",-6.31728006429755,20.473137911644
74,"mobile|simple|high|multi_person",-5.61135891127563,20.473137911644
74,"web|simple|high|multi_person",-5.97163574005711,20.473137911644
74,"mobile|two_factor|high|multi_person",-6.45607582578429,20.473137911644
74,"mobile|multi_factor|high|multi_person",-6.87993657576445,20.473137911644
74,"mobile|simple|low|one_to_one",-3.23396674150741,20.473137911644
74,"web|simple|low|one_to_one",-3.5942435702889,20.473137911644
74,"mobile|multi_factor|low|one_to_one",-4.50254440599623,20.473137911644
74,"web|multi_factor|low|one_to_one",-4.86282123477772,20.473137911644
74,"mobile|simple|medium|one_to_one",-4.34121759787054,20.473137911644
74,"mobile|two_factor|medium|one_to_one",-5.1859345123792,20.473137911644
74,"mobile|multi_factor|medium|one_to_one",-5.60979526235936,20.473137911644
74,"web|multi_factor|medium|one_to_one",-5.97007209114084,20.473137911644
74,"web|simple|high|one_to_one",-5.62442776690041,20.473137911644
74,"mobile|two_factor|high|one_to_one",-6.10886785262759,20.473137911644
74,"mobile|multi_factor|high|one_to_one",-6.53272860260775,20.473137911644
74,"web|multi_factor|high|one_to_one",-6.89300543138923,20.473137911644
74,"web|simple|medium|multi_person",-5.04870239980873,20.473137911644
74,"mobile|two_factor|medium|multi_person",-5.5331424855359,20.473137911644
74,"web|two_factor|high|multi_person",-6.81635265456577,20.473137911644
74,"web|multi_factor|high|multi_person",-7.24021340454593,20.473137911644
74,"web|simple|medium|one_to_one",-4.70149442665202,20.473137911644
74,"web|two_factor|medium|one_to_one",-5.54621134116068,20.473137911644
74,"mobile|simple|high|one_to_one",-5.26415093811893,20.473137911644
74,"mobile|simple|low|multi_person",-3.58117471466412,20.473137911644
74,"web|multi_factor|low|multi_person",-5.21002920793442,20.473137911644
74,"web|two_factor|medium|multi_person",-5.89341931431739,20.473137911644
74,"mobile|two_factor|low|one_to_one",-4.07868365601607,20.473137911644
74,"web|two_factor|high|one_to_one",-6.46914468140907,20.473137911644
74,"web|two_factor|low|one_to_one",-4.43896048479756,20.473137911644
75,"web|simple|low|multi_person",-3.70459761746696,21.700373104714
75,"mobile|two_factor|low|multi_person",-3.93170410739248,21.700373104714
75,"web|two_factor|low|multi_person",-4.44670636570982,21.700373104714
75,"mobile|multi_factor|low|multi_person",-3.68173597726382,21.700373104714
75,"mobile|simple|medium|multi_person",-4.19436968548413,21.700373104714
75,"mobile|multi_factor|medium|multi_person",-4.68651030359831,21.700373104714
75,"web|multi_factor|medium|multi_person",-5.20151256191565,21.700373104714
75,"mobile|simple|high|multi_person",-5.63702616656482,21.700373104714
75,"web|simple|high|multi_person",-6.15202842488215,21.700373104714
75,"mobile|two_factor|high|multi_person",-6.37913491480767,21.700373104714
75,"mobile|multi_factor|high|multi_person",-6.12916678467901,21.700373104714
75,"mobile|simple|low|one_to_one",-3.243766340535,21.700373104714
75,"web|simple|low|one_to_one",-3.75876859885234,21.700373104714
75,"mobile|multi_factor|low|one_to_one",-3.73590695864919,21.700373104714
75,"web|multi_factor|low|one_to_one",-4.25090921696652,21.700373104714
75,"mobile|simple|medium|one_to_one",-4.2485406668695,21.700373104714
75,"mobile|two_factor|medium|one_to_one",-4.99064941511235,21.700373104714
75,"mobile|multi_factor|medium|one_to_one",-4.74068128498369,21.700373104714
75,"web|multi_factor|medium|one_to_one",-5.25568354330102,21.700373104714
75,"web|simple|high|one_to_one",-6.20619940626753,21.700373104714
75,"mobile|two_factor|high|one_to_one",-6.43330589619305,21.700373104714
75,"mobile|multi_factor|high|one_to_one",-6.18333776606438,21.700373104714
75,"web|multi_factor|high|one_to_one",-6.69834002438171,21.700373104714
75,"web|simple|medium|multi_person",-4.70937194380146,21.700373104714
75,"mobile|two_factor|medium|multi_person",-4.93647843372698,21.700373104714
75,"web|two_factor|high|multi_person",-6.89413717312501,21.700373104714
75,"web|multi_factor|high|multi_person",-6.64416904299634,21.700373104714
75,"web|simple|medium|one_to_one",-4.76354292518683,21.700373104714
75,"web|two_factor|medium|one_to_one",-5.50565167342969,21.700373104714
75,"mobile|simple|high|one_to_one",-5.69119714795019,21.700373104714
75,"mobile|simple|low|multi_person",-3.18959535914963,21.700373104714
75,"web|multi_factor|low|multi_person",-4.19673823558115,21.700373104714
75,"web|two_factor|medium|multi_person",-5.45148069204432,21.700373104714
75,"mobile|two_factor|low|one_to_one",-3.98587508877786,21.700373104714
75,"web|two_factor|high|one_to_one",-6.94830815451038,21.700373104714
75,"web|two_factor|low|one_to_one",-4.50087734709519,21.700373104714
76,"web|simple|low|multi_person",-3.1193894475639,20.7864324863667
76,"mobile|two_factor|low|multi_person",-3.81127069624261,20.7864324863667
76,"web|two_factor|low|multi_person",-4.08667187296102,20.7864324863667
76,"mobile|multi_factor|low|multi_person",-5.52196695802091,20.7864324863667
76,"mobile|simple|medium|multi_person",-4.07089840672244,20.7864324863667
76,"mobile|multi_factor|medium|multi_person",-6.74887709389787,20.7864324863667
76,"web|multi_factor|medium|multi_person",-7.02427827061628,20.7864324863667
76,"mobile|simple|high|multi_person",-4.51576990713778,20.7864324863667
76,"web|simple|high|multi_person",-4.79117108385619,20.7864324863667
76,"mobile|two_factor|high|multi_person",-5.4830523325349,20.7864324863667
76,"mobile|multi_factor|high|multi_person",-7.1937485943132,20.7864324863667
76,"mobile|simple|low|one_to_one",-2.55993908883097,20.7864324863667
76,"web|simple|low|one_to_one",-2.83534026554939,20.7864324863667
76,"mobile|multi_factor|low|one_to_one",-5.23791777600639,20.7864324863667
76,"web|multi_factor|low|one_to_one",-5.51331895272481,20.7864324863667
76,"mobile|simple|medium|one_to_one",-3.78684922470793,20.7864324863667
76,"mobile|two_factor|medium|one_to_one",-4.75413165010505,20.7864324863667
76,"mobile|multi_factor|medium|one_to_one",-6.46482791188335,20.7864324863667
76,"web|multi_factor|medium|one_to_one",-6.74022908860176,20.7864324863667
76,"web|simple|high|one_to_one",-4.50712190184168,20.7864324863667
76,"mobile|two_factor|high|one_to_one",-5.19900315052038,20.7864324863667
76,"mobile|multi_factor|high|one_to_one",-6.90969941229868,20.7864324863667
76,"web|multi_factor|high|one_to_one",-7.1851005890171,20.7864324863667
76,"web|simple|medium|multi_person",-4.34629958344086,20.7864324863667
76,"mobile|two_factor|medium|multi_person",-5.03818083211956,20.7864324863667
76,"web|two_factor|high|multi_person",-5.75845350925331,20.7864324863667
76,"web|multi_factor|high|multi_person",-7.46914977103161,20.7864324863667
76,"web|simple|medium|one_to_one",-4.06225040142634,20.7864324863667
76,"web|two_factor|medium|one_to_one",-5.02953282682346,20.7864324863667
76,"mobile|simple|high|one_to_one",-4.23172072512326,20.7864324863667
76,"mobile|simple|low|multi_person",-2.84398827084549,20.7864324863667
76,"web|multi_factor|low|multi_person",-5.79736813473932,20.7864324863667
76,"web|two_factor|medium|multi_person",-5.31358200883798,20.7864324863667
76,"mobile|two_factor|low|one_to_one",-3.52722151422809,20.7864324863667
76,"web|two_factor|high|one_to_one",-5.4744043272388,20.7864324863667
76,"web|two_factor|low|one_to_one",-3.80262269094651,20.7864324863667
77,"web|simple|low|multi_person",-5.60544143304661,19.4815816088226
77,"mobile|two_factor|low|multi_person",-5.14699851068535,19.4815816088226
77,"web|two_factor|low|multi_person",-6.2013435064385,19.4815816088226
77,"mobile|multi_factor|low|multi_person",-3.50319842175818,19.4815816088226
77,"mobile|simple|medium|multi_person",-5.05270169627779,19.4815816088226
77,"mobile|multi_factor|medium|multi_person",-4.00480368074251,19.4815816088226
77,"web|multi_factor|medium|multi_person",-5.05914867649565,19.4815816088226
77,"mobile|simple|high|multi_person",-5.47461216587122,19.4815816088226
77,"web|simple|high|multi_person",-6.52895716162436,19.4815816088226
77,"mobile|two_factor|high|multi_person",-6.0705142392631,19.4815816088226
77,"mobile|multi_factor|high|multi_person",-4.42671415033593,19.4815816088226
77,"mobile|simple|low|one_to_one",-4.61288183324063,19.4815816088226
77,"web|simple|low|one_to_one",-5.66722682899378,19.4815816088226
77,"mobile|multi_factor|low|one_to_one",-3.56498381770534,19.4815816088226
77,"web|multi_factor|low|one_to_one",-4.61932881345849,19.4815816088226
77,"mobile|simple|medium|one_to_one",-5.11448709222496,19.4815816088226
77,"mobile|two_factor|medium|one_to_one",-5.71038916561684,19.4815816088226
77,"mobile|multi_factor|medium|one_to_one",-4.06658907668967,19.4815816088226
77,"web|multi_factor|medium|one_to_one",-5.12093407244282,19.4815816088226
77,"web|simple|high|one_to_one",-6.59074255757153,19.4815816088226
77,"mobile|two_factor|high|one_to_one",-6.13229963521027,19.4815816088226
77,"mobile|multi_factor|high|one_to_one",-4.48849954628309,19.4815816088226
77,"web|multi_factor|high|one_to_one",-5.54284454203624,19.4815816088226
77,"web|simple|medium|multi_person",-6.10704669203094,19.4815816088226
77,"mobile|two_factor|medium|multi_person",-5.64860376966968,19.4815816088226
77,"web|two_factor|high|multi_person",-7.12485923501625,19.4815816088226
77,"web|multi_factor|high|multi_person",-5.48105914608908,19.4815816088226
77,"web|simple|medium|one_to_one",-6.1688320879781,19.4815816088226
77,"web|two_factor|medium|one_to_one",-6.76473416136999,19.4815816088226
77,"mobile|simple|high|one_to_one",-5.53639756181838,19.4815816088226
77,"mobile|simple|low|multi_person",-4.55109643729346,19.4815816088226
77,"web|multi_factor|low|multi_person",-4.55754341751132,19.4815816088226
77,"web|two_factor|medium|multi_person",-6.70294876542282,19.4815816088226
77,"mobile|two_factor|low|one_to_one",-5.20878390663251,19.4815816088226
77,"web|two_factor|high|one_to_one",-7.18664463096341,19.4815816088226
77,"web|two_factor|low|one_to_one",-6.26312890238566,19.4815816088226
78,"web|simple|low|multi_person",-3.79050546721008,15.3820548033563
78,"mobile|two_factor|low|multi_person",-4.5681385654757,15.3820548033563
78,"web|two_factor|low|multi_person",-4.47077474124762,15.3820548033563
78,"mobile|multi_factor|low|multi_person",-5.49314853587556,15.3820548033563
78,"mobile|simple|medium|multi_person",-4.79964060421027,15.3820548033563
78,"mobile|multi_factor|medium|multi_person",-6.40491984864768,15.3820548033563
78,"web|multi_factor|medium|multi_person",-6.3075560244196,15.3820548033563
78,"mobile|simple|high|multi_person",-6.66936135134294,15.3820548033563
78,"web|simple|high|multi_person",-6.57199752711486,15.3820548033563
78,"mobile|two_factor|high|multi_person",-7.34963062538048,15.3820548033563
78,"mobile|multi_factor|high|multi_person",-8.27464059578034,15.3820548033563
78,"mobile|simple|low|one_to_one",-3.35729110734097,15.3820548033563
78,"web|simple|low|one_to_one",-3.25992728311289,15.3820548033563
78,"mobile|multi_factor|low|one_to_one",-4.96257035177837,15.3820548033563
78,"web|multi_factor|low|one_to_one",-4.86520652755029,15.3820548033563
78,"mobile|simple|medium|one_to_one",-4.26906242011309,15.3820548033563
78,"mobile|two_factor|medium|one_to_one",-4.94933169415063,15.3820548033563
78,"mobile|multi_factor|medium|one_to_one",-5.87434166455049,15.3820548033563
78,"web|multi_factor|medium|one_to_one",-5.77697784032241,15.3820548033563
78,"web|simple|high|one_to_one",-6.04141934301767,15.3820548033563
78,"mobile|two_factor|high|one_to_one",-6.8190524412833,15.3820548033563
78,"mobile|multi_factor|high|one_to_one",-7.74406241168315,15.3820548033563
78,"web|multi_factor|high|one_to_one",-7.64669858745507,15.3820548033563
78,"web|simple|medium|multi_person",-4.7022767799822,15.3820548033563
78,"mobile|two_factor|medium|multi_person",-5.47990987824782,15.3820548033563
78,"web|two_factor|high|multi_person",-7.2522668011524,15.3820548033563
78,"web|multi_factor|high|multi_person",-8.17727677155226,15.3820548033563
78,"web|simple|medium|one_to_one",-4.17169859588501,15.3820548033563
78,"web|two_factor|medium|one_to_one",-4.85196786992255,15.3820548033563
78,"mobile|simple|high|one_to_one",-6.13878316724575,15.3820548033563
78,"mobile|simple|low|multi_person",-3.88786929143816,15.3820548033563
78,"web|multi_factor|low|multi_person",-5.39578471164748,15.3820548033563
78,"web|two_factor|medium|multi_person",-5.38254605401974,15.3820548033563
78,"mobile|two_factor|low|one_to_one",-4.03756038137852,15.3820548033563
78,"web|two_factor|high|one_to_one",-6.72168861705522,15.3820548033563
78,"web|two_factor|low|one_to_one",-3.94019655715044,15.3820548033563
79,"web|simple|low|multi_person",-3.83880543478169,19.6526068082223
79,"mobile|two_factor|low|multi_person",-3.56740319846893,19.6526068082223
79,"web|two_factor|low|multi_person",-4.78677959793868,19.6526068082223
79,"mobile|multi_factor|low|multi_person",-4.49311322455333,19.6526068082223
79,"mobile|simple|medium|multi_person",-3.56102291054475,19.6526068082223
79,"mobile|multi_factor|medium|multi_person",-5.43470709978615,19.6526068082223
79,"web|multi_factor|medium|multi_person",-6.65408349925589,19.6526068082223
79,"mobile|simple|high|multi_person",-4.83168527646319,19.6526068082223
79,"web|simple|high|multi_person",-6.05106167593294,19.6526068082223
79,"mobile|two_factor|high|multi_person",-5.77965943962018,19.6526068082223
79,"mobile|multi_factor|high|multi_person",-6.70536946570458,19.6526068082223
79,"mobile|simple|low|one_to_one",-2.37090596378105,19.6526068082223
79,"web|simple|low|one_to_one",-3.59028236325079,19.6526068082223
79,"mobile|multi_factor|low|one_to_one",-4.24459015302244,19.6526068082223
79,"web|multi_factor|low|one_to_one",-5.46396655249219,19.6526068082223
79,"mobile|simple|medium|one_to_one",-3.31249983901386,19.6526068082223
79,"mobile|two_factor|medium|one_to_one",-4.26047400217085,19.6526068082223
79,"mobile|multi_factor|medium|one_to_one",-5.18618402825525,19.6526068082223
79,"web|multi_factor|medium|one_to_one",-6.405560427725,19.6526068082223
79,"web|simple|high|one_to_one",-5.80253860440204,19.6526068082223
79,"mobile|two_factor|high|one_to_one",-5.53113636808929,19.6526068082223
79,"mobile|multi_factor|high|one_to_one",-6.45684639417369,19.6526068082223
79,"web|multi_factor|high|one_to_one",-7.67622279364344,19.6526068082223
79,"web|simple|medium|multi_person",-4.7803993100145,19.6526068082223
79,"mobile|two_factor|medium|multi_person",-4.50899707370174,19.6526068082223
79,"web|two_factor|high|multi_person",-6.99903583908993,19.6526068082223
79,"web|multi_factor|high|multi_person",-7.92474586517433,19.6526068082223
79,"web|simple|medium|one_to_one",-4.53187623848361,19.6526068082223
79,"web|two_factor|medium|one_to_one",-5.4798504016406,19.6526068082223
79,"mobile|simple|high|one_to_one",-4.5831622049323,19.6526068082223
79,"mobile|simple|low|multi_person",-2.61942903531194,19.6526068082223
79,"web|multi_factor|low|multi_person",-5.71248962402308,19.6526068082223
79,"web|two_factor|medium|multi_person",-5.72837347317149,19.6526068082223
79,"mobile|two_factor|low|one_to_one",-3.31888012693804,19.6526068082223
79,"web|two_factor|high|one_to_one",-6.75051276755903,19.6526068082223
79,"web|two_factor|low|one_to_one",-4.53825652640778,19.6526068082223
80,"web|simple|low|multi_person",-5.22671752428,20.5839926134042
80,"mobile|two_factor|low|multi_person",-4.50739813467402,20.5839926134042
80,"web|two_factor|low|multi_person",-5.06061605488843,20.5839926134042
80,"mobile|multi_factor|low|multi_person",-3.85828676492434,20.5839926134042
80,"mobile|simple|medium|multi_person",-5.52329160415343,20.5839926134042
80,"mobile|multi_factor|medium|multi_person",-4.70807876501218,20.5839926134042
80,"web|multi_factor|medium|multi_person",-5.2612966852266,20.5839926134042
80,"mobile|simple|high|multi_person",-6.97798881121035,20.5839926134042
80,"web|simple|high|multi_person",-7.53120673142477,20.5839926134042
80,"mobile|two_factor|high|multi_person",-6.81188734181879,20.5839926134042
80,"mobile|multi_factor|high|multi_person",-6.16277597206911,20.5839926134042
80,"mobile|simple|low|one_to_one",-4.12386803432624,20.5839926134042
80,"web|simple|low|one_to_one",-4.67708595454065,20.5839926134042
80,"mobile|multi_factor|low|one_to_one",-3.30865519518499,20.5839926134042
80,"web|multi_factor|low|one_to_one",-3.86187311539941,20.5839926134042
80,"mobile|simple|medium|one_to_one",-4.97366003441408,20.5839926134042
80,"mobile|two_factor|medium|one_to_one",-4.80755856502252,20.5839926134042
80,"mobile|multi_factor|medium|one_to_one",-4.15844719527284,20.5839926134042
80,"web|multi_factor|medium|one_to_one",-4.71166511548726,20.5839926134042
80,"web|simple|high|one_to_one",-6.98157516168542,20.5839926134042
80,"mobile|two_factor|high|one_to_one",-6.26225577207944,20.5839926134042
80,"mobile|multi_factor|high|one_to_one",-5.61314440232976,20.5839926134042
80,"web|multi_factor|high|one_to_one",-6.16636232254418,20.5839926134042
80,"web|simple|medium|multi_person",-6.07650952436784,20.5839926134042
80,"mobile|two_factor|medium|multi_person",-5.35719013476186,20.5839926134042
80,"web|two_factor|high|multi_person",-7.3651052620332,20.5839926134042
80,"web|multi_factor|high|multi_person",-6.71599389228352,20.5839926134042
80,"web|simple|medium|one_to_one",-5.5268779546285,20.5839926134042
80,"web|two_factor|medium|one_to_one",-5.36077648523694,20.5839926134042
80,"mobile|simple|high|one_to_one",-6.42835724147101,20.5839926134042
80,"mobile|simple|low|multi_person",-4.67349960406558,20.5839926134042
80,"web|multi_factor|low|multi_person",-4.41150468513875,20.5839926134042
80,"web|two_factor|medium|multi_person",-5.91040805497628,20.5839926134042
80,"mobile|two_factor|low|one_to_one",-3.95776656493467,20.5839926134042
80,"web|two_factor|high|one_to_one",-6.81547369229386,20.5839926134042
80,"web|two_factor|low|one_to_one",-4.51098448514909,20.5839926134042
81,"web|simple|low|multi_person",-4.57234404089055,19.8594427263373
81,"mobile|two_factor|low|multi_person",-3.80950690473543,19.8594427263373
81,"web|two_factor|low|multi_person",-4.81096021482053,19.8594427263373
81,"mobile|multi_factor|low|multi_person",-4.01274537727351,19.8594427263373
81,"mobile|simple|medium|multi_person",-4.35633941667018,19.8594427263373
81,"mobile|multi_factor|medium|multi_person",-4.79819406313824,19.8594427263373
81,"web|multi_factor|medium|multi_person",-5.79964737322335,19.8594427263373
81,"mobile|simple|high|multi_person",-6.05146485695932,19.8594427263373
81,"web|simple|high|multi_person",-7.05291816704442,19.8594427263373
81,"mobile|two_factor|high|multi_person",-6.2900810308893,19.8594427263373
81,"mobile|multi_factor|high|multi_person",-6.49331950342738,19.8594427263373
81,"mobile|simple|low|one_to_one",-2.78353990205746,19.8594427263373
81,"web|simple|low|one_to_one",-3.78499321214256,19.8594427263373
81,"mobile|multi_factor|low|one_to_one",-3.22539454852552,19.8594427263373
81,"web|multi_factor|low|one_to_one",-4.22684785861062,19.8594427263373
81,"mobile|simple|medium|one_to_one",-3.56898858792219,19.8594427263373
81,"mobile|two_factor|medium|one_to_one",-3.80760476185217,19.8594427263373
81,"mobile|multi_factor|medium|one_to_one",-4.01084323439025,19.8594427263373
81,"web|multi_factor|medium|one_to_one",-5.01229654447536,19.8594427263373
81,"web|simple|high|one_to_one",-6.26556733829643,19.8594427263373
81,"mobile|two_factor|high|one_to_one",-5.50273020214131,19.8594427263373
81,"mobile|multi_factor|high|one_to_one",-5.70596867467939,19.8594427263373
81,"web|multi_factor|high|one_to_one",-6.70742198476449,19.8594427263373
81,"web|simple|medium|multi_person",-5.35779272675529,19.8594427263373
81,"mobile|two_factor|medium|multi_person",-4.59495559060016,19.8594427263373
81,"web|two_factor|high|multi_person",-7.2915343409744,19.8594427263373
81,"web|multi_factor|high|multi_person",-7.49477281351248,19.8594427263373
81,"web|simple|medium|one_to_one",-4.5704418980073,19.8594427263373
81,"web|two_factor|medium|one_to_one",-4.80905807193728,19.8594427263373
81,"mobile|simple|high|one_to_one",-5.26411402821133,19.8594427263373
81,"mobile|simple|low|multi_person",-3.57089073080545,19.8594427263373
81,"web|multi_factor|low|multi_person",-5.01419868735861,19.8594427263373
81,"web|two_factor|medium|multi_person",-5.59640890068527,19.8594427263373
81,"mobile|two_factor|low|one_to_one",-3.02215607598744,19.8594427263373
81,"web|two_factor|high|one_to_one",-6.50418351222641,19.8594427263373
81,"web|two_factor|low|one_to_one",-4.02360938607254,19.8594427263373
82,"web|simple|low|multi_person",-4.79042712936277,21.2659865341167
82,"mobile|two_factor|low|multi_person",-4.30140964163223,21.2659865341167
82,"web|two_factor|low|multi_person",-4.94720954968981,21.2659865341167
82,"mobile|multi_factor|low|multi_person",-4.64975417540868,21.2659865341167
82,"mobile|simple|medium|multi_person",-5.0532639983829,21.2659865341167
82,"mobile|multi_factor|medium|multi_person",-5.5583909524864,21.2659865341167
82,"web|multi_factor|medium|multi_person",-6.20419086054397,21.2659865341167
82,"mobile|simple|high|multi_person",-5.74889482717338,21.2659865341167
82,"web|simple|high|multi_person",-6.39469473523095,21.2659865341167
82,"mobile|two_factor|high|multi_person",-5.90567724750042,21.2659865341167
82,"mobile|multi_factor|high|multi_person",-6.25402178127687,21.2659865341167
82,"mobile|simple|low|one_to_one",-3.51309124797621,21.2659865341167
82,"web|simple|low|one_to_one",-4.15889115603379,21.2659865341167
82,"mobile|multi_factor|low|one_to_one",-4.01821820207971,21.2659865341167
82,"web|multi_factor|low|one_to_one",-4.66401811013728,21.2659865341167
82,"mobile|simple|medium|one_to_one",-4.42172802505392,21.2659865341167
82,"mobile|two_factor|medium|one_to_one",-4.57851044538096,21.2659865341167
82,"mobile|multi_factor|medium|one_to_one",-4.92685497915742,21.2659865341167
82,"web|multi_factor|medium|one_to_one",-5.572654887215,21.2659865341167
82,"web|simple|high|one_to_one",-5.76315876190198,21.2659865341167
82,"mobile|two_factor|high|one_to_one",-5.27414127417144,21.2659865341167
82,"mobile|multi_factor|high|one_to_one",-5.6224858079479,21.2659865341167
82,"web|multi_factor|high|one_to_one",-6.26828571600547,21.2659865341167
82,"web|simple|medium|multi_person",-5.69906390644048,21.2659865341167
82,"mobile|two_factor|medium|multi_person",-5.21004641870994,21.2659865341167
82,"web|two_factor|high|multi_person",-6.551477155558,21.2659865341167
82,"web|multi_factor|high|multi_person",-6.89982168933445,21.2659865341167
82,"web|simple|medium|one_to_one",-5.0675279331115,21.2659865341167
82,"web|two_factor|medium|one_to_one",-5.22431035343854,21.2659865341167
82,"mobile|simple|high|one_to_one",-5.1173588538444,21.2659865341167
82,"mobile|simple|low|multi_person",-4.14462722130519,21.2659865341167
82,"web|multi_factor|low|multi_person",-5.29555408346626,21.2659865341167
82,"web|two_factor|medium|multi_person",-5.85584632676752,21.2659865341167
82,"mobile|two_factor|low|one_to_one",-3.66987366830325,21.2659865341167
82,"web|two_factor|high|one_to_one",-5.91994118222902,21.2659865341167
82,"web|two_factor|low|one_to_one",-4.31567357636083,21.2659865341167
83,"web|simple|low|multi_person",-5.43664717275102,18.308579842603
83,"mobile|two_factor|low|multi_person",-4.17015578423104,18.308579842603
83,"web|two_factor|low|multi_person",-4.07074411505606,18.308579842603
83,"mobile|multi_factor|low|multi_person",-4.26256016609121,18.308579842603
83,"mobile|simple|medium|multi_person",-6.82225502870546,18.308579842603
83,"mobile|multi_factor|medium|multi_person",-5.54875635287067,18.308579842603
83,"web|multi_factor|medium|multi_person",-5.44934468369569,18.308579842603
83,"mobile|simple|high|multi_person",-7.75723986698261,18.308579842603
83,"web|simple|high|multi_person",-7.65782819780763,18.308579842603
83,"mobile|two_factor|high|multi_person",-6.39133680928765,18.308579842603
83,"mobile|multi_factor|high|multi_person",-6.48374119114782,18.308579842603
83,"mobile|simple|low|one_to_one",-6.09123516611645,18.308579842603
83,"web|simple|low|one_to_one",-5.99182349694148,18.308579842603
83,"mobile|multi_factor|low|one_to_one",-4.81773649028167,18.308579842603
83,"web|multi_factor|low|one_to_one",-4.71832482110669,18.308579842603
83,"mobile|simple|medium|one_to_one",-7.37743135289591,18.308579842603
83,"mobile|two_factor|medium|one_to_one",-6.01152829520096,18.308579842603
83,"mobile|multi_factor|medium|one_to_one",-6.10393267706113,18.308579842603
83,"web|multi_factor|medium|one_to_one",-6.00452100788615,18.308579842603
83,"web|simple|high|one_to_one",-8.21300452199809,18.308579842603
83,"mobile|two_factor|high|one_to_one",-6.94651313347811,18.308579842603
83,"mobile|multi_factor|high|one_to_one",-7.03891751533828,18.308579842603
83,"web|multi_factor|high|one_to_one",-6.9395058461633,18.308579842603
83,"web|simple|medium|multi_person",-6.72284335953048,18.308579842603
83,"mobile|two_factor|medium|multi_person",-5.4563519710105,18.308579842603
83,"web|two_factor|high|multi_person",-6.29192514011267,18.308579842603
83,"web|multi_factor|high|multi_person",-6.38432952197284,18.308579842603
83,"web|simple|medium|one_to_one",-7.27801968372094,18.308579842603
83,"web|two_factor|medium|one_to_one",-5.91211662602598,18.308579842603
83,"mobile|simple|high|one_to_one",-8.31241619117306,18.308579842603
83,"mobile|simple|low|multi_person",-5.536058841926,18.308579842603
83,"web|multi_factor|low|multi_person",-4.16314849691623,18.308579842603
83,"web|two_factor|medium|multi_person",-5.35694030183552,18.308579842603
83,"mobile|two_factor|low|one_to_one",-4.7253321084215,18.308579842603
83,"web|two_factor|high|one_to_one",-6.84710146430313,18.308579842603
83,"web|two_factor|low|one_to_one",-4.62592043924652,18.308579842603
84,"web|simple|low|multi_person",-3.42687311712338,19.640806708409
84,"mobile|two_factor|low|multi_person",-4.55905729340729,19.640806708409
84,"web|two_factor|low|multi_person",-4.16526734354454,19.640806708409
84,"mobile|multi_factor|low|multi_person",-4.81597737471738,19.640806708409
84,"mobile|simple|medium|multi_person",-4.92120504759014,19.640806708409
84,"mobile|multi_factor|medium|multi_person",-5.91651935532138,19.640806708409
84,"web|multi_factor|medium|multi_person",-5.52272940545863,19.640806708409
84,"mobile|simple|high|multi_person",-5.91352066571304,19.640806708409
84,"web|simple|high|multi_person",-5.51973071585029,19.640806708409
84,"mobile|two_factor|high|multi_person",-6.6519148921342,19.640806708409
84,"mobile|multi_factor|high|multi_person",-6.90883497344429,19.640806708409
84,"mobile|simple|low|one_to_one",-4.05464383117993,19.640806708409
84,"web|simple|low|one_to_one",-3.66085388131717,19.640806708409
84,"mobile|multi_factor|low|one_to_one",-5.04995813891117,19.640806708409
84,"web|multi_factor|low|one_to_one",-4.65616818904841,19.640806708409
84,"mobile|simple|medium|one_to_one",-5.15518581178393,19.640806708409
84,"mobile|two_factor|medium|one_to_one",-5.89358003820509,19.640806708409
84,"mobile|multi_factor|medium|one_to_one",-6.15050011951518,19.640806708409
84,"web|multi_factor|medium|one_to_one",-5.75671016965242,19.640806708409
84,"web|simple|high|one_to_one",-5.75371148004408,19.640806708409
84,"mobile|two_factor|high|one_to_one",-6.885895656328,19.640806708409
84,"mobile|multi_factor|high|one_to_one",-7.14281573763808,19.640806708409
84,"web|multi_factor|high|one_to_one",-6.74902578777532,19.640806708409
84,"web|simple|medium|multi_person",-4.52741509772739,19.640806708409
84,"mobile|two_factor|medium|multi_person",-5.6595992740113,19.640806708409
84,"web|two_factor|high|multi_person",-6.25812494227145,19.640806708409
84,"web|multi_factor|high|multi_person",-6.51504502358153,19.640806708409
84,"web|simple|medium|one_to_one",-4.76139586192118,19.640806708409
84,"web|two_factor|medium|one_to_one",-5.49979008834234,19.640806708409
84,"mobile|simple|high|one_to_one",-6.14750142990684,19.640806708409
84,"mobile|simple|low|multi_person",-3.82066306698613,19.640806708409
84,"web|multi_factor|low|multi_person",-4.42218742485462,19.640806708409
84,"web|two_factor|medium|multi_person",-5.26580932414855,19.640806708409
84,"mobile|two_factor|low|one_to_one",-4.79303805760109,19.640806708409
84,"web|two_factor|high|one_to_one",-6.49210570646524,19.640806708409
84,"web|two_factor|low|one_to_one",-4.39924810773833,19.640806708409
86,"web|simple|low|multi_person",-4.66276999347859,19.8755998791704
86,"mobile|two_factor|low|multi_person",-4.4309086061414,19.8755998791704
86,"web|two_factor|low|multi_person",-4.19508437213707,19.8755998791704
86,"mobile|multi_factor|low|multi_person",-4.0410400333118,19.8755998791704
86,"mobile|simple|medium|multi_person",-6.72097381045475,19.8755998791704
86,"mobile|multi_factor|medium|multi_person",-5.86341961628364,19.8755998791704
86,"web|multi_factor|medium|multi_person",-5.62759538227932,19.8755998791704
86,"mobile|simple|high|multi_person",-6.80142634514268,19.8755998791704
86,"web|simple|high|multi_person",-6.56560211113836,19.8755998791704
86,"mobile|two_factor|high|multi_person",-6.33374072380117,19.8755998791704
86,"mobile|multi_factor|high|multi_person",-5.94387215097158,19.8755998791704
86,"mobile|simple|low|one_to_one",-4.9293807930931,19.8755998791704
86,"web|simple|low|one_to_one",-4.69355655908877,19.8755998791704
86,"mobile|multi_factor|low|one_to_one",-4.07182659892199,19.8755998791704
86,"web|multi_factor|low|one_to_one",-3.83600236491767,19.8755998791704
86,"mobile|simple|medium|one_to_one",-6.75176037606494,19.8755998791704
86,"mobile|two_factor|medium|one_to_one",-6.28407475472342,19.8755998791704
86,"mobile|multi_factor|medium|one_to_one",-5.89420618189383,19.8755998791704
86,"web|multi_factor|medium|one_to_one",-5.65838194788951,19.8755998791704
86,"web|simple|high|one_to_one",-6.59638867674855,19.8755998791704
86,"mobile|two_factor|high|one_to_one",-6.36452728941136,19.8755998791704
86,"mobile|multi_factor|high|one_to_one",-5.97465871658176,19.8755998791704
86,"web|multi_factor|high|one_to_one",-5.73883448257744,19.8755998791704
86,"web|simple|medium|multi_person",-6.48514957645043,19.8755998791704
86,"mobile|two_factor|medium|multi_person",-6.25328818911324,19.8755998791704
86,"web|two_factor|high|multi_person",-6.09791648979685,19.8755998791704
86,"web|multi_factor|high|multi_person",-5.70804791696725,19.8755998791704
86,"web|simple|medium|one_to_one",-6.51593614206061,19.8755998791704
86,"web|two_factor|medium|one_to_one",-6.0482505207191,19.8755998791704
86,"mobile|simple|high|one_to_one",-6.83221291075287,19.8755998791704
86,"mobile|simple|low|multi_person",-4.89859422748291,19.8755998791704
86,"web|multi_factor|low|multi_person",-3.80521579930748,19.8755998791704
86,"web|two_factor|medium|multi_person",-6.01746395510891,19.8755998791704
86,"mobile|two_factor|low|one_to_one",-4.46169517175158,19.8755998791704
86,"web|two_factor|high|one_to_one",-6.12870305540703,19.8755998791704
86,"web|two_factor|low|one_to_one",-4.22587093774726,19.8755998791704
87,"web|simple|low|multi_person",-5.78582785130884,5.30981938879011
87,"mobile|two_factor|low|multi_person",-4.93104525054737,5.30981938879011
87,"web|two_factor|low|multi_person",-5.71296494584832,5.30981938879011
87,"mobile|multi_factor|low|multi_person",-5.24216237104203,5.30981938879011
87,"mobile|simple|medium|multi_person",-5.25328050896803,5.30981938879011
87,"mobile|multi_factor|medium|multi_person",-5.49153472400218,5.30981938879011
87,"web|multi_factor|medium|multi_person",-6.27345441930313,5.30981938879011
87,"mobile|simple|high|multi_person",-6.09268705160039,5.30981938879011
87,"web|simple|high|multi_person",-6.87460674690134,5.30981938879011
87,"mobile|two_factor|high|multi_person",-6.01982414613987,5.30981938879011
87,"mobile|multi_factor|high|multi_person",-6.33094126663454,5.30981938879011
87,"mobile|simple|low|one_to_one",-6.11829965256028,5.30981938879011
87,"web|simple|low|one_to_one",-6.90021934786123,5.30981938879011
87,"mobile|multi_factor|low|one_to_one",-6.35655386759443,5.30981938879011
87,"web|multi_factor|low|one_to_one",-7.13847356289538,5.30981938879011
87,"mobile|simple|medium|one_to_one",-6.36767200552043,5.30981938879011
87,"mobile|two_factor|medium|one_to_one",-6.29480910005991,5.30981938879011
87,"mobile|multi_factor|medium|one_to_one",-6.60592622055457,5.30981938879011
87,"web|multi_factor|medium|one_to_one",-7.38784591585553,5.30981938879011
87,"web|simple|high|one_to_one",-7.98899824345374,5.30981938879011
87,"mobile|two_factor|high|one_to_one",-7.13421564269227,5.30981938879011
87,"mobile|multi_factor|high|one_to_one",-7.44533276318693,5.30981938879011
87,"web|multi_factor|high|one_to_one",-8.22725245848788,5.30981938879011
87,"web|simple|medium|multi_person",-6.03520020426899,5.30981938879011
87,"mobile|two_factor|medium|multi_person",-5.18041760350752,5.30981938879011
87,"web|two_factor|high|multi_person",-6.80174384144082,5.30981938879011
87,"web|multi_factor|high|multi_person",-7.11286096193549,5.30981938879011
87,"web|simple|medium|one_to_one",-7.14959170082138,5.30981938879011
87,"web|two_factor|medium|one_to_one",-7.07672879536086,5.30981938879011
87,"mobile|simple|high|one_to_one",-7.20707854815278,5.30981938879011
87,"mobile|simple|low|multi_person",-5.00390815600789,5.30981938879011
87,"web|multi_factor|low|multi_person",-6.02408206634299,5.30981938879011
87,"web|two_factor|medium|multi_person",-5.96233729880847,5.30981938879011
87,"mobile|two_factor|low|one_to_one",-6.04543674709977,5.30981938879011
87,"web|two_factor|high|one_to_one",-7.91613533799322,5.30981938879011
87,"web|two_factor|low|one_to_one",-6.82735644240072,5.30981938879011
88,"web|simple|low|multi_person",-4.65816940530034,19.7263392786615
88,"mobile|two_factor|low|multi_person",-5.33346823849423,19.7263392786615
88,"web|two_factor|low|multi_person",-4.39286569221196,19.7263392786615
88,"mobile|multi_factor|low|multi_person",-5.37309134551849,19.7263392786615
88,"mobile|simple|medium|multi_person",-6.29892561899231,19.7263392786615
88,"mobile|multi_factor|medium|multi_person",-6.07324501292819,19.7263392786615
88,"web|multi_factor|medium|multi_person",-5.13264246664592,19.7263392786615
88,"mobile|simple|high|multi_person",-7.75096166795527,19.7263392786615
88,"web|simple|high|multi_person",-6.810359121673,19.7263392786615
88,"mobile|two_factor|high|multi_person",-7.4856579548669,19.7263392786615
88,"mobile|multi_factor|high|multi_person",-7.52528106189116,19.7263392786615
88,"mobile|simple|low|one_to_one",-5.09031394120131,19.7263392786615
88,"web|simple|low|one_to_one",-4.14971139491904,19.7263392786615
88,"mobile|multi_factor|low|one_to_one",-4.86463333513719,19.7263392786615
88,"web|multi_factor|low|one_to_one",-3.92403078885492,19.7263392786615
88,"mobile|simple|medium|one_to_one",-5.79046760861101,19.7263392786615
88,"mobile|two_factor|medium|one_to_one",-5.52516389552263,19.7263392786615
88,"mobile|multi_factor|medium|one_to_one",-5.56478700254689,19.7263392786615
88,"web|multi_factor|medium|one_to_one",-4.62418445626462,19.7263392786615
88,"web|simple|high|one_to_one",-6.3019011112917,19.7263392786615
88,"mobile|two_factor|high|one_to_one",-6.9771999444856,19.7263392786615
88,"mobile|multi_factor|high|one_to_one",-7.01682305150986,19.7263392786615
88,"web|multi_factor|high|one_to_one",-6.07622050522759,19.7263392786615
88,"web|simple|medium|multi_person",-5.35832307271004,19.7263392786615
88,"mobile|two_factor|medium|multi_person",-6.03362190590393,19.7263392786615
88,"web|two_factor|high|multi_person",-6.54505540858462,19.7263392786615
88,"web|multi_factor|high|multi_person",-6.58467851560889,19.7263392786615
88,"web|simple|medium|one_to_one",-4.84986506232874,19.7263392786615
88,"web|two_factor|medium|one_to_one",-4.58456134924036,19.7263392786615
88,"mobile|simple|high|one_to_one",-7.24250365757397,19.7263392786615
88,"mobile|simple|low|multi_person",-5.59877195158261,19.7263392786615
88,"web|multi_factor|low|multi_person",-4.43248879923622,19.7263392786615
88,"web|two_factor|medium|multi_person",-5.09301935962166,19.7263392786615
88,"mobile|two_factor|low|one_to_one",-4.82501022811293,19.7263392786615
88,"web|two_factor|high|one_to_one",-6.03659739820332,19.7263392786615
88,"web|two_factor|low|one_to_one",-3.88440768183066,19.7263392786615
90,"web|simple|low|multi_person",-3.93724630121914,2.4382018760525
90,"mobile|two_factor|low|multi_person",-5.06274457213664,2.4382018760525
90,"web|two_factor|low|multi_person",-4.9921641191359,2.4382018760525
90,"mobile|multi_factor|low|multi_person",-7.69340351208012,2.4382018760525
90,"mobile|simple|medium|multi_person",-3.99472880848409,2.4382018760525
90,"mobile|multi_factor|medium|multi_person",-7.68030556634432,2.4382018760525
90,"web|multi_factor|medium|multi_person",-7.60972511334357,2.4382018760525
90,"mobile|simple|high|multi_person",-4.83930569075597,2.4382018760525
90,"web|simple|high|multi_person",-4.76872523775523,2.4382018760525
90,"mobile|two_factor|high|multi_person",-5.89422350867273,2.4382018760525
90,"mobile|multi_factor|high|multi_person",-8.5248824486162,2.4382018760525
90,"mobile|simple|low|one_to_one",-5.24624499050996,2.4382018760525
90,"web|simple|low|one_to_one",-5.17566453750922,2.4382018760525
90,"mobile|multi_factor|low|one_to_one",-8.9318217483702,2.4382018760525
90,"web|multi_factor|low|one_to_one",-8.86124129536945,2.4382018760525
90,"mobile|simple|medium|one_to_one",-5.23314704477417,2.4382018760525
90,"mobile|two_factor|medium|one_to_one",-6.28806486269093,2.4382018760525
90,"mobile|multi_factor|medium|one_to_one",-8.9187238026344,2.4382018760525
90,"web|multi_factor|medium|one_to_one",-8.84814334963365,2.4382018760525
90,"web|simple|high|one_to_one",-6.00714347404531,2.4382018760525
90,"mobile|two_factor|high|one_to_one",-7.13264174496281,2.4382018760525
90,"mobile|multi_factor|high|one_to_one",-9.76330068490628,2.4382018760525
90,"web|multi_factor|high|one_to_one",-9.69272023190554,2.4382018760525
90,"web|simple|medium|multi_person",-3.92414835548334,2.4382018760525
90,"mobile|two_factor|medium|multi_person",-5.04964662640085,2.4382018760525
90,"web|two_factor|high|multi_person",-5.82364305567199,2.4382018760525
90,"web|multi_factor|high|multi_person",-8.45430199561546,2.4382018760525
90,"web|simple|medium|one_to_one",-5.16256659177342,2.4382018760525
90,"web|two_factor|medium|one_to_one",-6.21748440969018,2.4382018760525
90,"mobile|simple|high|one_to_one",-6.07772392704605,2.4382018760525
90,"mobile|simple|low|multi_person",-4.00782675421988,2.4382018760525
90,"web|multi_factor|low|multi_person",-7.62282305907937,2.4382018760525
90,"web|two_factor|medium|multi_person",-4.9790661734001,2.4382018760525
90,"mobile|two_factor|low|one_to_one",-6.30116280842672,2.4382018760525
90,"web|two_factor|high|one_to_one",-7.06206129196207,2.4382018760525
90,"web|two_factor|low|one_to_one",-6.23058235542598,2.4382018760525
91,"web|simple|low|multi_person",-5.00567118168684,21.4106168132741
91,"mobile|two_factor|low|multi_person",-3.57706530977646,21.4106168132741
91,"web|two_factor|low|multi_person",-5.17339065527879,21.4106168132741
91,"mobile|multi_factor|low|multi_person",-3.69245295913046,21.4106168132741
91,"mobile|simple|medium|multi_person",-4.61188674320732,21.4106168132741
91,"mobile|multi_factor|medium|multi_person",-4.89499386615327,21.4106168132741
91,"web|multi_factor|medium|multi_person",-6.4913192116556,21.4106168132741
91,"mobile|simple|high|multi_person",-5.61884354448372,21.4106168132741
91,"web|simple|high|multi_person",-7.21516888998605,21.4106168132741
91,"mobile|two_factor|high|multi_person",-5.78656301807567,21.4106168132741
91,"mobile|multi_factor|high|multi_person",-5.90195066742967,21.4106168132741
91,"mobile|simple|low|one_to_one",-2.51260341861364,21.4106168132741
91,"web|simple|low|one_to_one",-4.10892876411597,21.4106168132741
91,"mobile|multi_factor|low|one_to_one",-2.79571054155959,21.4106168132741
91,"web|multi_factor|low|one_to_one",-4.39203588706192,21.4106168132741
91,"mobile|simple|medium|one_to_one",-3.71514432563646,21.4106168132741
91,"mobile|two_factor|medium|one_to_one",-3.88286379922841,21.4106168132741
91,"mobile|multi_factor|medium|one_to_one",-3.9982514485824,21.4106168132741
91,"web|multi_factor|medium|one_to_one",-5.59457679408473,21.4106168132741
91,"web|simple|high|one_to_one",-6.31842647241518,21.4106168132741
91,"mobile|two_factor|high|one_to_one",-4.8898206005048,21.4106168132741
91,"mobile|multi_factor|high|one_to_one",-5.0052082498588,21.4106168132741
91,"web|multi_factor|high|one_to_one",-6.60153359536113,21.4106168132741
91,"web|simple|medium|multi_person",-6.20821208870965,21.4106168132741
91,"mobile|two_factor|medium|multi_person",-4.77960621679927,21.4106168132741
91,"web|two_factor|high|multi_person",-7.382888363578,21.4106168132741
91,"web|multi_factor|high|multi_person",-7.498276012932,21.4106168132741
91,"web|simple|medium|one_to_one",-5.31146967113878,21.4106168132741
91,"web|two_factor|medium|one_to_one",-5.47918914473073,21.4106168132741
91,"mobile|simple|high|one_to_one",-4.72210112691285,21.4106168132741
91,"mobile|simple|low|multi_person",-3.40934583618451,21.4106168132741
91,"web|multi_factor|low|multi_person",-5.28877830463279,21.4106168132741
91,"web|two_factor|medium|multi_person",-6.3759315623016,21.4106168132741
91,"mobile|two_factor|low|one_to_one",-2.68032289220559,21.4106168132741
91,"web|two_factor|high|one_to_one",-6.48614594600713,21.4106168132741
91,"web|two_factor|low|one_to_one",-4.27664823770792,21.4106168132741
92,"web|simple|low|multi_person",-6.03628723293798,19.9141475370394
92,"mobile|two_factor|low|multi_person",-3.68243843990182,19.9141475370394
92,"web|two_factor|low|multi_person",-4.51260774929939,19.9141475370394
92,"mobile|multi_factor|low|multi_person",-4.69728742644782,19.9141475370394
92,"mobile|simple|medium|multi_person",-6.64345223720662,19.9141475370394
92,"mobile|multi_factor|medium|multi_person",-6.13462174011402,19.9141475370394
92,"web|multi_factor|medium|multi_person",-6.96479104951159,19.9141475370394
92,"mobile|simple|high|multi_person",-6.69827615431902,19.9141475370394
92,"web|simple|high|multi_person",-7.52844546371658,19.9141475370394
92,"mobile|two_factor|high|multi_person",-5.17459667068043,19.9141475370394
92,"mobile|multi_factor|high|multi_person",-6.18944565722642,19.9141475370394
92,"mobile|simple|low|one_to_one",-4.42955571639462,19.9141475370394
92,"web|simple|low|one_to_one",-5.25972502579218,19.9141475370394
92,"mobile|multi_factor|low|one_to_one",-3.92072521930202,19.9141475370394
92,"web|multi_factor|low|one_to_one",-4.75089452869959,19.9141475370394
92,"mobile|simple|medium|one_to_one",-5.86689003006083,19.9141475370394
92,"mobile|two_factor|medium|one_to_one",-4.34321054642223,19.9141475370394
92,"mobile|multi_factor|medium|one_to_one",-5.35805953296823,19.9141475370394
92,"web|multi_factor|medium|one_to_one",-6.1882288423658,19.9141475370394
92,"web|simple|high|one_to_one",-6.75188325657079,19.9141475370394
92,"mobile|two_factor|high|one_to_one",-4.39803446353463,19.9141475370394
92,"mobile|multi_factor|high|one_to_one",-5.41288345008063,19.9141475370394
92,"web|multi_factor|high|one_to_one",-6.24305275947819,19.9141475370394
92,"web|simple|medium|multi_person",-7.47362154660418,19.9141475370394
92,"mobile|two_factor|medium|multi_person",-5.11977275356803,19.9141475370394
92,"web|two_factor|high|multi_person",-6.00476598007799,19.9141475370394
92,"web|multi_factor|high|multi_person",-7.01961496662399,19.9141475370394
92,"web|simple|medium|one_to_one",-6.69705933945839,19.9141475370394
92,"web|two_factor|medium|one_to_one",-5.1733798558198,19.9141475370394
92,"mobile|simple|high|one_to_one",-5.92171394717322,19.9141475370394
92,"mobile|simple|low|multi_person",-5.20611792354041,19.9141475370394
92,"web|multi_factor|low|multi_person",-5.52745673584538,19.9141475370394
92,"web|two_factor|medium|multi_person",-5.94994206296559,19.9141475370394
92,"mobile|two_factor|low|one_to_one",-2.90587623275603,19.9141475370394
92,"web|two_factor|high|one_to_one",-5.2282037729322,19.9141475370394
92,"web|two_factor|low|one_to_one",-3.73604554215359,19.9141475370394
93,"web|simple|low|multi_person",-7.63166665074644,1.40900355849672
93,"mobile|two_factor|low|multi_person",-6.14328808266364,1.40900355849672
93,"web|two_factor|low|multi_person",-4.93817426033347,1.40900355849672
93,"mobile|multi_factor|low|multi_person",-6.63932018268241,1.40900355849672
93,"mobile|simple|medium|multi_person",-9.75779140225636,1.40900355849672
93,"mobile|multi_factor|medium|multi_person",-7.56033111186215,1.40900355849672
93,"web|multi_factor|medium|multi_person",-6.35521728953198,1.40900355849672
93,"mobile|simple|high|multi_person",-9.85856719966501,1.40900355849672
93,"web|simple|high|multi_person",-8.65345337733484,1.40900355849672
93,"mobile|two_factor|high|multi_person",-7.16507480925204,1.40900355849672
93,"mobile|multi_factor|high|multi_person",-7.6611069092708,1.40900355849672
93,"mobile|simple|low|one_to_one",-9.56883682082788,1.40900355849672
93,"web|simple|low|one_to_one",-8.36372299849771,1.40900355849672
93,"mobile|multi_factor|low|one_to_one",-7.37137653043367,1.40900355849672
93,"web|multi_factor|low|one_to_one",-6.1662627081035,1.40900355849672
93,"mobile|simple|medium|one_to_one",-10.4898477500076,1.40900355849672
93,"mobile|two_factor|medium|one_to_one",-7.79635535959465,1.40900355849672
93,"mobile|multi_factor|medium|one_to_one",-8.29238745961341,1.40900355849672
93,"web|multi_factor|medium|one_to_one",-7.08727363728324,1.40900355849672
93,"web|simple|high|one_to_one",-9.3855097250861,1.40900355849672
93,"mobile|two_factor|high|one_to_one",-7.8971311570033,1.40900355849672
93,"mobile|multi_factor|high|one_to_one",-8.39316325702207,1.40900355849672
93,"web|multi_factor|high|one_to_one",-7.1880494346919,1.40900355849672
93,"web|simple|medium|multi_person",-8.55267757992618,1.40900355849672
93,"mobile|two_factor|medium|multi_person",-7.06429901184339,1.40900355849672
93,"web|two_factor|high|multi_person",-5.95996098692187,1.40900355849672
93,"web|multi_factor|high|multi_person",-6.45599308694063,1.40900355849672
93,"web|simple|medium|one_to_one",-9.28473392767745,1.40900355849672
93,"web|two_factor|medium|one_to_one",-6.59124153726448,1.40900355849672
93,"mobile|simple|high|one_to_one",-10.5906235474163,1.40900355849672
93,"mobile|simple|low|multi_person",-8.83678047307662,1.40900355849672
93,"web|multi_factor|low|multi_person",-5.43420636035224,1.40900355849672
93,"web|two_factor|medium|multi_person",-5.85918518951321,1.40900355849672
93,"mobile|two_factor|low|one_to_one",-6.87534443041491,1.40900355849672
93,"web|two_factor|high|one_to_one",-6.69201733467313,1.40900355849672
93,"web|two_factor|low|one_to_one",-5.67023060808474,1.40900355849672
94,"web|simple|low|multi_person",-3.31875924759763,19.523159194454
94,"mobile|two_factor|low|multi_person",-4.68357891284312,19.523159194454
94,"web|two_factor|low|multi_person",-5.58017852496647,19.523159194454
94,"mobile|multi_factor|low|multi_person",-4.81385389177882,19.523159194454
94,"mobile|simple|medium|multi_person",-3.55840554719714,19.523159194454
94,"mobile|multi_factor|medium|multi_person",-5.9500998035017,19.523159194454
94,"web|multi_factor|medium|multi_person",-6.84669941562505,19.523159194454
94,"mobile|simple|high|multi_person",-4.31056090785367,19.523159194454
94,"web|simple|high|multi_person",-5.20716051997703,19.523159194454
94,"mobile|two_factor|high|multi_person",-6.57198018522252,19.523159194454
94,"mobile|multi_factor|high|multi_person",-6.70225516415823,19.523159194454
94,"mobile|simple|low|one_to_one",-1.18352598249543,19.523159194454
94,"web|simple|low|one_to_one",-2.08012559461879,19.523159194454
94,"mobile|multi_factor|low|one_to_one",-3.57522023879999,19.523159194454
94,"web|multi_factor|low|one_to_one",-4.47181985092334,19.523159194454
94,"mobile|simple|medium|one_to_one",-2.31977189421831,19.523159194454
94,"mobile|two_factor|medium|one_to_one",-4.58119117158715,19.523159194454
94,"mobile|multi_factor|medium|one_to_one",-4.71146615052286,19.523159194454
94,"web|multi_factor|medium|one_to_one",-5.60806576264621,19.523159194454
94,"web|simple|high|one_to_one",-3.96852686699819,19.523159194454
94,"mobile|two_factor|high|one_to_one",-5.33334653224368,19.523159194454
94,"mobile|multi_factor|high|one_to_one",-5.46362151117939,19.523159194454
94,"web|multi_factor|high|one_to_one",-6.36022112330274,19.523159194454
94,"web|simple|medium|multi_person",-4.4550051593205,19.523159194454
94,"mobile|two_factor|medium|multi_person",-5.81982482456599,19.523159194454
94,"web|two_factor|high|multi_person",-7.46857979734587,19.523159194454
94,"web|multi_factor|high|multi_person",-7.59885477628158,19.523159194454
94,"web|simple|medium|one_to_one",-3.21637150634166,19.523159194454
94,"web|two_factor|medium|one_to_one",-5.47779078371051,19.523159194454
94,"mobile|simple|high|one_to_one",-3.07192725487483,19.523159194454
94,"mobile|simple|low|multi_person",-2.42215963547427,19.523159194454
94,"web|multi_factor|low|multi_person",-5.71045350390218,19.523159194454
94,"web|two_factor|medium|multi_person",-6.71642443668934,19.523159194454
94,"mobile|two_factor|low|one_to_one",-3.44494525986428,19.523159194454
94,"web|two_factor|high|one_to_one",-6.22994614436703,19.523159194454
94,"web|two_factor|low|one_to_one",-4.34154487198763,19.523159194454
95,"web|simple|low|multi_person",-6.32674661958365,19.3261438498805
95,"mobile|two_factor|low|multi_person",-5.22522562061992,19.3261438498805
95,"web|two_factor|low|multi_person",-5.75605509679914,19.3261438498805
95,"mobile|multi_factor|low|multi_person",-4.08337443121633,19.3261438498805
95,"mobile|simple|medium|multi_person",-6.75468638138451,19.3261438498805
95,"mobile|multi_factor|medium|multi_person",-5.04214366919641,19.3261438498805
95,"web|multi_factor|medium|multi_person",-5.57297314537563,19.3261438498805
95,"mobile|simple|high|multi_person",-7.09756354936373,19.3261438498805
95,"web|simple|high|multi_person",-7.62839302554295,19.3261438498805
95,"mobile|two_factor|high|multi_person",-6.52687202657921,19.3261438498805
95,"mobile|multi_factor|high|multi_person",-5.38502083717563,19.3261438498805
95,"mobile|simple|low|one_to_one",-4.80117524593206,19.3261438498805
95,"web|simple|low|one_to_one",-5.33200472211128,19.3261438498805
95,"mobile|multi_factor|low|one_to_one",-3.08863253374396,19.3261438498805
95,"web|multi_factor|low|one_to_one",-3.61946200992318,19.3261438498805
95,"mobile|simple|medium|one_to_one",-5.75994448391214,19.3261438498805
95,"mobile|two_factor|medium|one_to_one",-5.18925296112763,19.3261438498805
95,"mobile|multi_factor|medium|one_to_one",-4.04740177172405,19.3261438498805
95,"web|multi_factor|medium|one_to_one",-4.57823124790327,19.3261438498805
95,"web|simple|high|one_to_one",-6.63365112807058,19.3261438498805
95,"mobile|two_factor|high|one_to_one",-5.53213012910685,19.3261438498805
95,"mobile|multi_factor|high|one_to_one",-4.39027893970326,19.3261438498805
95,"web|multi_factor|high|one_to_one",-4.92110841588248,19.3261438498805
95,"web|simple|medium|multi_person",-7.28551585756373,19.3261438498805
95,"mobile|two_factor|medium|multi_person",-6.1839948586,19.3261438498805
95,"web|two_factor|high|multi_person",-7.05770150275844,19.3261438498805
95,"web|multi_factor|high|multi_person",-5.91585031335485,19.3261438498805
95,"web|simple|medium|one_to_one",-6.29077396009137,19.3261438498805
95,"web|two_factor|medium|one_to_one",-5.72008243730685,19.3261438498805
95,"mobile|simple|high|one_to_one",-6.10282165189136,19.3261438498805
95,"mobile|simple|low|multi_person",-5.79591714340443,19.3261438498805
95,"web|multi_factor|low|multi_person",-4.61420390739555,19.3261438498805
95,"web|two_factor|medium|multi_person",-6.71482433477922,19.3261438498805
95,"mobile|two_factor|low|one_to_one",-4.23048372314755,19.3261438498805
95,"web|two_factor|high|one_to_one",-6.06295960528607,19.3261438498805
95,"web|two_factor|low|one_to_one",-4.76131319932677,19.3261438498805
96,"web|simple|low|multi_person",-4.29552938377982,17.5564395211033
96,"mobile|two_factor|low|multi_person",-3.87911417324322,17.5564395211033
96,"web|two_factor|low|multi_person",-5.47240407238977,17.5564395211033
96,"mobile|multi_factor|low|multi_person",-4.82794566528134,17.5564395211033
96,"mobile|simple|medium|multi_person",-3.04357482892627,17.5564395211033
96,"mobile|multi_factor|medium|multi_person",-5.16928100957433,17.5564395211033
96,"web|multi_factor|medium|multi_person",-6.76257090872088,17.5564395211033
96,"mobile|simple|high|multi_person",-3.4842320156842,17.5564395211033
96,"web|simple|high|multi_person",-5.07752191483074,17.5564395211033
96,"mobile|two_factor|high|multi_person",-4.66110670429414,17.5564395211033
96,"mobile|multi_factor|high|multi_person",-5.60993819633226,17.5564395211033
96,"mobile|simple|low|one_to_one",-3.13156953302404,17.5564395211033
96,"web|simple|low|one_to_one",-4.72485943217059,17.5564395211033
96,"mobile|multi_factor|low|one_to_one",-5.2572757136721,17.5564395211033
96,"web|multi_factor|low|one_to_one",-6.85056561281865,17.5564395211033
96,"mobile|simple|medium|one_to_one",-3.47290487731704,17.5564395211033
96,"mobile|two_factor|medium|one_to_one",-4.64977956592698,17.5564395211033
96,"mobile|multi_factor|medium|one_to_one",-5.5986110579651,17.5564395211033
96,"web|multi_factor|medium|one_to_one",-7.19190095711164,17.5564395211033
96,"web|simple|high|one_to_one",-5.50685196322151,17.5564395211033
96,"mobile|two_factor|high|one_to_one",-5.09043675268491,17.5564395211033
96,"mobile|multi_factor|high|one_to_one",-6.03926824472302,17.5564395211033
96,"web|multi_factor|high|one_to_one",-7.63255814386957,17.5564395211033
96,"web|simple|medium|multi_person",-4.63686472807282,17.5564395211033
96,"mobile|two_factor|medium|multi_person",-4.22044951753622,17.5564395211033
96,"web|two_factor|high|multi_person",-6.25439660344069,17.5564395211033
96,"web|multi_factor|high|multi_person",-7.2032280954788,17.5564395211033
96,"web|simple|medium|one_to_one",-5.06619477646358,17.5564395211033
96,"web|two_factor|medium|one_to_one",-6.24306946507353,17.5564395211033
96,"mobile|simple|high|one_to_one",-3.91356206407496,17.5564395211033
96,"mobile|simple|low|multi_person",-2.70223948463328,17.5564395211033
96,"web|multi_factor|low|multi_person",-6.42123556442788,17.5564395211033
96,"web|two_factor|medium|multi_person",-5.81373941668276,17.5564395211033
96,"mobile|two_factor|low|one_to_one",-4.30844422163399,17.5564395211033
96,"web|two_factor|high|one_to_one",-6.68372665183145,17.5564395211033
96,"web|two_factor|low|one_to_one",-5.90173412078053,17.5564395211033
97,"web|simple|low|multi_person",-4.43112993391016,14.349257159022
97,"mobile|two_factor|low|multi_person",-5.41775647218255,14.349257159022
97,"web|two_factor|low|multi_person",-6.32283905630165,14.349257159022
97,"mobile|multi_factor|low|multi_person",-4.85050761490252,14.349257159022
97,"mobile|simple|medium|multi_person",-4.42395619274343,14.349257159022
97,"mobile|multi_factor|medium|multi_person",-5.74841645785489,14.349257159022
97,"web|multi_factor|medium|multi_person",-6.65349904197398,14.349257159022
97,"mobile|simple|high|multi_person",-4.69901403403885,14.349257159022
97,"web|simple|high|multi_person",-5.60409661815794,14.349257159022
97,"mobile|two_factor|high|multi_person",-6.59072315643033,14.349257159022
97,"mobile|multi_factor|high|multi_person",-6.0234742991503,14.349257159022
97,"mobile|simple|low|one_to_one",-2.8730216399727,14.349257159022
97,"web|simple|low|one_to_one",-3.7781042240918,14.349257159022
97,"mobile|multi_factor|low|one_to_one",-4.19748190508416,14.349257159022
97,"web|multi_factor|low|one_to_one",-5.10256448920325,14.349257159022
97,"mobile|simple|medium|one_to_one",-3.77093048292507,14.349257159022
97,"mobile|two_factor|medium|one_to_one",-5.66263960531655,14.349257159022
97,"mobile|multi_factor|medium|one_to_one",-5.09539074803652,14.349257159022
97,"web|multi_factor|medium|one_to_one",-6.00047333215562,14.349257159022
97,"web|simple|high|one_to_one",-4.95107090833958,14.349257159022
97,"mobile|two_factor|high|one_to_one",-5.93769744661196,14.349257159022
97,"mobile|multi_factor|high|one_to_one",-5.37044858933193,14.349257159022
97,"web|multi_factor|high|one_to_one",-6.27553117345103,14.349257159022
97,"web|simple|medium|multi_person",-5.32903877686253,14.349257159022
97,"mobile|two_factor|medium|multi_person",-6.31566531513491,14.349257159022
97,"web|two_factor|high|multi_person",-7.49580574054943,14.349257159022
97,"web|multi_factor|high|multi_person",-6.9285568832694,14.349257159022
97,"web|simple|medium|one_to_one",-4.67601306704416,14.349257159022
97,"web|two_factor|medium|one_to_one",-6.56772218943565,14.349257159022
97,"mobile|simple|high|one_to_one",-4.04598832422048,14.349257159022
97,"mobile|simple|low|multi_person",-3.52604734979107,14.349257159022
97,"web|multi_factor|low|multi_person",-5.75559019902162,14.349257159022
97,"web|two_factor|medium|multi_person",-7.22074789925401,14.349257159022
97,"mobile|two_factor|low|one_to_one",-4.76473076236418,14.349257159022
97,"web|two_factor|high|one_to_one",-6.84278003073106,14.349257159022
97,"web|two_factor|low|one_to_one",-5.66981334648328,14.349257159022
98,"web|simple|low|multi_person",-5.38537838719767,6.9711476092184
98,"mobile|two_factor|low|multi_person",-7.58952331621613,6.9711476092184
98,"web|two_factor|low|multi_person",-6.39397360996856,6.9711476092184
98,"mobile|multi_factor|low|multi_person",-6.75679189825205,6.9711476092184
98,"mobile|simple|medium|multi_person",-6.46740643603085,6.9711476092184
98,"mobile|multi_factor|medium|multi_person",-6.64327024083766,6.9711476092184
98,"web|multi_factor|medium|multi_person",-5.44772053459008,6.9711476092184
98,"mobile|simple|high|multi_person",-6.66288553107337,6.9711476092184
98,"web|simple|high|multi_person",-5.4673358248258,6.9711476092184
98,"mobile|two_factor|high|multi_person",-7.67148075384426,6.9711476092184
98,"mobile|multi_factor|high|multi_person",-6.83874933588018,6.9711476092184
98,"mobile|simple|low|one_to_one",-6.83290792308079,6.9711476092184
98,"web|simple|low|one_to_one",-5.63735821683321,6.9711476092184
98,"mobile|multi_factor|low|one_to_one",-7.00877172788759,6.9711476092184
98,"web|multi_factor|low|one_to_one",-5.81322202164002,6.9711476092184
98,"mobile|simple|medium|one_to_one",-6.7193862656664,6.9711476092184
98,"mobile|two_factor|medium|one_to_one",-7.72798148843729,6.9711476092184
98,"mobile|multi_factor|medium|one_to_one",-6.8952500704732,6.9711476092184
98,"web|multi_factor|medium|one_to_one",-5.69970036422563,6.9711476092184
98,"web|simple|high|one_to_one",-5.71931565446134,6.9711476092184
98,"mobile|two_factor|high|one_to_one",-7.92346058347981,6.9711476092184
98,"mobile|multi_factor|high|one_to_one",-7.09072916551572,6.9711476092184
98,"web|multi_factor|high|one_to_one",-5.89517945926815,6.9711476092184
98,"web|simple|medium|multi_person",-5.27185672978328,6.9711476092184
98,"mobile|two_factor|medium|multi_person",-7.47600165880174,6.9711476092184
98,"web|two_factor|high|multi_person",-6.47593104759669,6.9711476092184
98,"web|multi_factor|high|multi_person",-5.6431996296326,6.9711476092184
98,"web|simple|medium|one_to_one",-5.52383655941882,6.9711476092184
98,"web|two_factor|medium|one_to_one",-6.53243178218971,6.9711476092184
98,"mobile|simple|high|one_to_one",-6.91486536070892,6.9711476092184
98,"mobile|simple|low|multi_person",-6.58092809344524,6.9711476092184
98,"web|multi_factor|low|multi_person",-5.56124219200447,6.9711476092184
98,"web|two_factor|medium|multi_person",-6.28045195255417,6.9711476092184
98,"mobile|two_factor|low|one_to_one",-7.84150314585168,6.9711476092184
98,"web|two_factor|high|one_to_one",-6.72791087723223,6.9711476092184
98,"web|two_factor|low|one_to_one",-6.6459534396041,6.9711476092184
99,"web|simple|low|multi_person",-2.9250413755397,16.7629392289485
99,"mobile|two_factor|low|multi_person",-5.23465115784643,16.7629392289485
99,"web|two_factor|low|multi_person",-4.98561751464768,16.7629392289485
99,"mobile|multi_factor|low|multi_person",-4.64057098238202,16.7629392289485
99,"mobile|simple|medium|multi_person",-3.71823076328073,16.7629392289485
99,"mobile|multi_factor|medium|multi_person",-5.18472672692429,16.7629392289485
99,"web|multi_factor|medium|multi_person",-4.93569308372554,16.7629392289485
99,"mobile|simple|high|multi_person",-4.62999356620318,16.7629392289485
99,"web|simple|high|multi_person",-4.38095992300443,16.7629392289485
99,"mobile|two_factor|high|multi_person",-6.69056970531116,16.7629392289485
99,"mobile|multi_factor|high|multi_person",-6.09648952984675,16.7629392289485
99,"mobile|simple|low|one_to_one",-4.08106581702101,16.7629392289485
99,"web|simple|low|one_to_one",-3.83203217382226,16.7629392289485
99,"mobile|multi_factor|low|one_to_one",-5.54756178066458,16.7629392289485
99,"web|multi_factor|low|one_to_one",-5.29852813746582,16.7629392289485
99,"mobile|simple|medium|one_to_one",-4.62522156156329,16.7629392289485
99,"mobile|two_factor|medium|one_to_one",-6.68579770067126,16.7629392289485
99,"mobile|multi_factor|medium|one_to_one",-6.09171752520685,16.7629392289485
99,"web|multi_factor|medium|one_to_one",-5.8426838820081,16.7629392289485
99,"web|simple|high|one_to_one",-5.28795072128699,16.7629392289485
99,"mobile|two_factor|high|one_to_one",-7.59756050359371,16.7629392289485
99,"mobile|multi_factor|high|one_to_one",-7.0034803281293,16.7629392289485
99,"web|multi_factor|high|one_to_one",-6.75444668493055,16.7629392289485
99,"web|simple|medium|multi_person",-3.46919712008198,16.7629392289485
99,"mobile|two_factor|medium|multi_person",-5.7788069023887,16.7629392289485
99,"web|two_factor|high|multi_person",-6.4415360621124,16.7629392289485
99,"web|multi_factor|high|multi_person",-5.847455886648,16.7629392289485
99,"web|simple|medium|one_to_one",-4.37618791836453,16.7629392289485
99,"web|two_factor|medium|one_to_one",-6.43676405747251,16.7629392289485
99,"mobile|simple|high|one_to_one",-5.53698436448574,16.7629392289485
99,"mobile|simple|low|multi_person",-3.17407501873846,16.7629392289485
99,"web|multi_factor|low|multi_person",-4.39153733918327,16.7629392289485
99,"web|two_factor|medium|multi_person",-5.52977325918995,16.7629392289485
99,"mobile|two_factor|low|one_to_one",-6.14164195612898,16.7629392289485
99,"web|two_factor|high|one_to_one",-7.34852686039496,16.7629392289485
99,"web|two_factor|low|one_to_one",-5.89260831293023,16.7629392289485
100,"web|simple|low|multi_person",-5.69599823914247,11.2991024560139
100,"mobile|two_factor|low|multi_person",-4.04588509726715,11.2991024560139
100,"web|two_factor|low|multi_person",-5.47136696036278,11.2991024560139
100,"mobile|multi_factor|low|multi_person",-3.86418096502063,11.2991024560139
100,"mobile|simple|medium|multi_person",-5.33714547377396,11.2991024560139
100,"mobile|multi_factor|medium|multi_person",-4.93081006274775,11.2991024560139
100,"web|multi_factor|medium|multi_person",-6.35629192584337,11.2991024560139
100,"mobile|simple|high|multi_person",-6.47025921951014,11.2991024560139
100,"web|simple|high|multi_person",-7.89574108260577,11.2991024560139
100,"mobile|two_factor|high|multi_person",-6.24562794073045,11.2991024560139
100,"mobile|multi_factor|high|multi_person",-6.06392380848393,11.2991024560139
100,"mobile|simple|low|one_to_one",-4.04085939979643,11.2991024560139
100,"web|simple|low|one_to_one",-5.46634126289206,11.2991024560139
100,"mobile|multi_factor|low|one_to_one",-3.63452398877022,11.2991024560139
100,"web|multi_factor|low|one_to_one",-5.06000585186585,11.2991024560139
100,"mobile|simple|medium|one_to_one",-5.10748849752355,11.2991024560139
100,"mobile|two_factor|medium|one_to_one",-4.88285721874386,11.2991024560139
100,"mobile|multi_factor|medium|one_to_one",-4.70115308649734,11.2991024560139
100,"web|multi_factor|medium|one_to_one",-6.12663494959297,11.2991024560139
100,"web|simple|high|one_to_one",-7.66608410635536,11.2991024560139
100,"mobile|two_factor|high|one_to_one",-6.01597096448005,11.2991024560139
100,"mobile|multi_factor|high|one_to_one",-5.83426683223352,11.2991024560139
100,"web|multi_factor|high|one_to_one",-7.25974869532915,11.2991024560139
100,"web|simple|medium|multi_person",-6.76262733686958,11.2991024560139
100,"mobile|two_factor|medium|multi_person",-5.11251419499427,11.2991024560139
100,"web|two_factor|high|multi_person",-7.67110980382608,11.2991024560139
100,"web|multi_factor|high|multi_person",-7.48940567157956,11.2991024560139
100,"web|simple|medium|one_to_one",-6.53297036061918,11.2991024560139
100,"web|two_factor|medium|one_to_one",-6.30833908183949,11.2991024560139
100,"mobile|simple|high|one_to_one",-6.24060224325973,11.2991024560139
100,"mobile|simple|low|multi_person",-4.27051637604684,11.2991024560139
100,"web|multi_factor|low|multi_person",-5.28966282811626,11.2991024560139
100,"web|two_factor|medium|multi_person",-6.5379960580899,11.2991024560139
100,"mobile|two_factor|low|one_to_one",-3.81622812101674,11.2991024560139
100,"web|two_factor|high|one_to_one",-7.44145282757567,11.2991024560139
100,"web|two_factor|low|one_to_one",-5.24170998411237,11.2991024560139
101,"web|simple|low|multi_person",-4.8235780762392,21.1504548017374
101,"mobile|two_factor|low|multi_person",-4.35604568814966,21.1504548017374
101,"web|two_factor|low|multi_person",-5.03152654773556,21.1504548017374
101,"mobile|multi_factor|low|multi_person",-4.87813292260826,21.1504548017374
101,"mobile|simple|medium|multi_person",-5.01781406214554,21.1504548017374
101,"mobile|multi_factor|medium|multi_person",-5.7478497681005,21.1504548017374
101,"web|multi_factor|medium|multi_person",-6.4233306276864,21.1504548017374
101,"mobile|simple|high|multi_person",-6.15813307982825,21.1504548017374
101,"web|simple|high|multi_person",-6.83361393941415,21.1504548017374
101,"mobile|two_factor|high|multi_person",-6.3660815513246,21.1504548017374
101,"mobile|multi_factor|high|multi_person",-6.88816878578321,21.1504548017374
101,"mobile|simple|low|one_to_one",-2.86523790787571,21.1504548017374
101,"web|simple|low|one_to_one",-3.54071876746162,21.1504548017374
101,"mobile|multi_factor|low|one_to_one",-3.59527361383068,21.1504548017374
101,"web|multi_factor|low|one_to_one",-4.27075447341658,21.1504548017374
101,"mobile|simple|medium|one_to_one",-3.73495475336795,21.1504548017374
101,"mobile|two_factor|medium|one_to_one",-3.94290322486431,21.1504548017374
101,"mobile|multi_factor|medium|one_to_one",-4.46499045932291,21.1504548017374
101,"web|multi_factor|medium|one_to_one",-5.14047131890882,21.1504548017374
101,"web|simple|high|one_to_one",-5.55075463063656,21.1504548017374
101,"mobile|two_factor|high|one_to_one",-5.08322224254702,21.1504548017374
101,"mobile|multi_factor|high|one_to_one",-5.60530947700563,21.1504548017374
101,"web|multi_factor|high|one_to_one",-6.28079033659153,21.1504548017374
101,"web|simple|medium|multi_person",-5.69329492173144,21.1504548017374
101,"mobile|two_factor|medium|multi_person",-5.22576253364189,21.1504548017374
101,"web|two_factor|high|multi_person",-7.04156241091051,21.1504548017374
101,"web|multi_factor|high|multi_person",-7.56364964536912,21.1504548017374
101,"web|simple|medium|one_to_one",-4.41043561295385,21.1504548017374
101,"web|two_factor|medium|one_to_one",-4.61838408445021,21.1504548017374
101,"mobile|simple|high|one_to_one",-4.87527377105066,21.1504548017374
101,"mobile|simple|low|multi_person",-4.1480972166533,21.1504548017374
101,"web|multi_factor|low|multi_person",-5.55361378219417,21.1504548017374
101,"web|two_factor|medium|multi_person",-5.9012433932278,21.1504548017374
101,"mobile|two_factor|low|one_to_one",-3.07318637937207,21.1504548017374
101,"web|two_factor|high|one_to_one",-5.75870310213292,21.1504548017374
101,"web|two_factor|low|one_to_one",-3.74866723895798,21.1504548017374
103,"web|simple|low|multi_person",-6.13456361206312,4.62403395952852
103,"mobile|two_factor|low|multi_person",-7.71158058110656,4.62403395952852
103,"web|two_factor|low|multi_person",-5.25087488879704,4.62403395952852
103,"mobile|multi_factor|low|multi_person",-6.17772784401532,4.62403395952852
103,"mobile|simple|medium|multi_person",-9.36876580912474,4.62403395952852
103,"mobile|multi_factor|medium|multi_person",-6.95122434876742,4.62403395952852
103,"web|multi_factor|medium|multi_person",-4.4905186564579,4.62403395952852
103,"mobile|simple|high|multi_person",-9.71845006668847,4.62403395952852
103,"web|simple|high|multi_person",-7.25774437437895,4.62403395952852
103,"mobile|two_factor|high|multi_person",-8.8347613434224,4.62403395952852
103,"mobile|multi_factor|high|multi_person",-7.30090860633115,4.62403395952852
103,"mobile|simple|low|one_to_one",-9.04577570029041,4.62403395952852
103,"web|simple|low|one_to_one",-6.5850700079809,4.62403395952852
103,"mobile|multi_factor|low|one_to_one",-6.6282342399331,4.62403395952852
103,"web|multi_factor|low|one_to_one",-4.16752854762358,4.62403395952852
103,"mobile|simple|medium|one_to_one",-9.81927220504252,4.62403395952852
103,"mobile|two_factor|medium|one_to_one",-8.93558348177644,4.62403395952852
103,"mobile|multi_factor|medium|one_to_one",-7.4017307446852,4.62403395952852
103,"web|multi_factor|medium|one_to_one",-4.94102505237568,4.62403395952852
103,"web|simple|high|one_to_one",-7.70825077029673,4.62403395952852
103,"mobile|two_factor|high|one_to_one",-9.28526773934017,4.62403395952852
103,"mobile|multi_factor|high|one_to_one",-7.75141500224893,4.62403395952852
103,"web|multi_factor|high|one_to_one",-5.29070930993941,4.62403395952852
103,"web|simple|medium|multi_person",-6.90806011681522,4.62403395952852
103,"mobile|two_factor|medium|multi_person",-8.48507708585866,4.62403395952852
103,"web|two_factor|high|multi_person",-6.37405565111288,4.62403395952852
103,"web|multi_factor|high|multi_person",-4.84020291402163,4.62403395952852
103,"web|simple|medium|one_to_one",-7.358566512733,4.62403395952852
103,"web|two_factor|medium|one_to_one",-6.47487778946692,4.62403395952852
103,"mobile|simple|high|one_to_one",-10.1689564626062,4.62403395952852
103,"mobile|simple|low|multi_person",-8.59526930437264,4.62403395952852
103,"web|multi_factor|low|multi_person",-3.7170221517058,4.62403395952852
103,"web|two_factor|medium|multi_person",-6.02437139354914,4.62403395952852
103,"mobile|two_factor|low|one_to_one",-8.16208697702434,4.62403395952852
103,"web|two_factor|high|one_to_one",-6.82456204703066,4.62403395952852
103,"web|two_factor|low|one_to_one",-5.70138128471482,4.62403395952852
104,"web|simple|low|multi_person",-4.95913555059296,20.0100020866709
104,"mobile|two_factor|low|multi_person",-3.95645166466254,20.0100020866709
104,"web|two_factor|low|multi_person",-5.12815055999898,20.0100020866709
104,"mobile|multi_factor|low|multi_person",-4.0918436053714,20.0100020866709
104,"mobile|simple|medium|multi_person",-4.60178276014718,20.0100020866709
104,"mobile|multi_factor|medium|multi_person",-4.90618971026207,20.0100020866709
104,"web|multi_factor|medium|multi_person",-6.07788860559852,20.0100020866709
104,"mobile|simple|high|multi_person",-5.60696236987762,20.0100020866709
104,"web|simple|high|multi_person",-6.77866126521407,20.0100020866709
104,"mobile|two_factor|high|multi_person",-5.77597737928365,20.0100020866709
104,"mobile|multi_factor|high|multi_person",-5.91136931999251,20.0100020866709
104,"mobile|simple|low|one_to_one",-3.20765355979256,20.0100020866709
104,"web|simple|low|one_to_one",-4.37935245512901,20.0100020866709
104,"mobile|multi_factor|low|one_to_one",-3.51206050990745,20.0100020866709
104,"web|multi_factor|low|one_to_one",-4.6837594052439,20.0100020866709
104,"mobile|simple|medium|one_to_one",-4.02199966468324,20.0100020866709
104,"mobile|two_factor|medium|one_to_one",-4.19101467408926,20.0100020866709
104,"mobile|multi_factor|medium|one_to_one",-4.32640661479813,20.0100020866709
104,"web|multi_factor|medium|one_to_one",-5.49810551013457,20.0100020866709
104,"web|simple|high|one_to_one",-6.19887816975012,20.0100020866709
104,"mobile|two_factor|high|one_to_one",-5.1961942838197,20.0100020866709
104,"mobile|multi_factor|high|one_to_one",-5.33158622452857,20.0100020866709
104,"web|multi_factor|high|one_to_one",-6.50328511986501,20.0100020866709
104,"web|simple|medium|multi_person",-5.77348165548363,20.0100020866709
104,"mobile|two_factor|medium|multi_person",-4.77079776955321,20.0100020866709
104,"web|two_factor|high|multi_person",-6.9476762746201,20.0100020866709
104,"web|multi_factor|high|multi_person",-7.08306821532896,20.0100020866709
104,"web|simple|medium|one_to_one",-5.19369856001968,20.0100020866709
104,"web|two_factor|medium|one_to_one",-5.36271356942571,20.0100020866709
104,"mobile|simple|high|one_to_one",-5.02717927441368,20.0100020866709
104,"mobile|simple|low|multi_person",-3.78743665525651,20.0100020866709
104,"web|multi_factor|low|multi_person",-5.26354250070784,20.0100020866709
104,"web|two_factor|medium|multi_person",-5.94249666488966,20.0100020866709
104,"mobile|two_factor|low|one_to_one",-3.37666856919859,20.0100020866709
104,"web|two_factor|high|one_to_one",-6.36789317915615,20.0100020866709
104,"web|two_factor|low|one_to_one",-4.54836746453504,20.0100020866709
105,"web|simple|low|multi_person",-2.93621958312141,7.54418302757856
105,"mobile|two_factor|low|multi_person",-4.327835030589,7.54418302757856
105,"web|two_factor|low|multi_person",-5.75743158909308,7.54418302757856
105,"mobile|multi_factor|low|multi_person",-4.8327502951797,7.54418302757856
105,"mobile|simple|medium|multi_person",-2.86898420870425,7.54418302757856
105,"mobile|multi_factor|medium|multi_person",-6.19511147926663,7.54418302757856
105,"web|multi_factor|medium|multi_person",-7.62470803777071,7.54418302757856
105,"mobile|simple|high|multi_person",-4.20133748819196,7.54418302757856
105,"web|simple|high|multi_person",-5.63093404669605,7.54418302757856
105,"mobile|two_factor|high|multi_person",-7.02254949416364,7.54418302757856
105,"mobile|multi_factor|high|multi_person",-7.52746475875434,7.54418302757856
105,"mobile|simple|low|one_to_one",-1.14542909293851,7.54418302757856
105,"web|simple|low|one_to_one",-2.5750256514426,7.54418302757856
105,"mobile|multi_factor|low|one_to_one",-4.47155636350089,7.54418302757856
105,"web|multi_factor|low|one_to_one",-5.90115292200498,7.54418302757856
105,"mobile|simple|medium|one_to_one",-2.50779027702544,7.54418302757856
105,"mobile|two_factor|medium|one_to_one",-5.32900228299711,7.54418302757856
105,"mobile|multi_factor|medium|one_to_one",-5.83391754758782,7.54418302757856
105,"web|multi_factor|medium|one_to_one",-7.2635141060919,7.54418302757856
105,"web|simple|high|one_to_one",-5.26974011501724,7.54418302757856
105,"mobile|two_factor|high|one_to_one",-6.66135556248483,7.54418302757856
105,"mobile|multi_factor|high|one_to_one",-7.16627082707553,7.54418302757856
105,"web|multi_factor|high|one_to_one",-8.59586738557962,7.54418302757856
105,"web|simple|medium|multi_person",-4.29858076720833,7.54418302757856
105,"mobile|two_factor|medium|multi_person",-5.69019621467592,7.54418302757856
105,"web|two_factor|high|multi_person",-8.45214605266772,7.54418302757856
105,"web|multi_factor|high|multi_person",-8.95706131725843,7.54418302757856
105,"web|simple|medium|one_to_one",-3.93738683552952,7.54418302757856
105,"web|two_factor|medium|one_to_one",-6.7585988415012,7.54418302757856
105,"mobile|simple|high|one_to_one",-3.84014355651315,7.54418302757856
105,"mobile|simple|low|multi_person",-1.50662302461732,7.54418302757856
105,"web|multi_factor|low|multi_person",-6.26234685368379,7.54418302757856
105,"web|two_factor|medium|multi_person",-7.11979277318001,7.54418302757856
105,"mobile|two_factor|low|one_to_one",-3.96664109891019,7.54418302757856
105,"web|two_factor|high|one_to_one",-8.09095212098891,7.54418302757856
105,"web|two_factor|low|one_to_one",-5.39623765741427,7.54418302757856
106,"web|simple|low|multi_person",-4.1246035826948,20.341629086291
106,"mobile|two_factor|low|multi_person",-4.55887685131521,20.341629086291
106,"web|two_factor|low|multi_person",-4.65026224561664,20.341629086291
106,"mobile|multi_factor|low|multi_person",-5.84788271085644,20.341629086291
106,"mobile|simple|medium|multi_person",-4.68028582255554,20.341629086291
106,"mobile|multi_factor|medium|multi_person",-6.4949503450186,20.341629086291
106,"web|multi_factor|medium|multi_person",-6.58633573932003,20.341629086291
106,"mobile|simple|high|multi_person",-6.17456118360375,20.341629086291
106,"web|simple|high|multi_person",-6.26594657790518,20.341629086291
106,"mobile|two_factor|high|multi_person",-6.70021984652559,20.341629086291
106,"mobile|multi_factor|high|multi_person",-7.98922570606682,20.341629086291
106,"mobile|simple|low|one_to_one",-2.9688122049764,20.341629086291
106,"web|simple|low|one_to_one",-3.06019759927782,20.341629086291
106,"mobile|multi_factor|low|one_to_one",-4.78347672743946,20.341629086291
106,"web|multi_factor|low|one_to_one",-4.87486212174089,20.341629086291
106,"mobile|simple|medium|one_to_one",-3.61587983913856,20.341629086291
106,"mobile|two_factor|medium|one_to_one",-4.1415385020604,20.341629086291
106,"mobile|multi_factor|medium|one_to_one",-5.43054436160163,20.341629086291
106,"web|multi_factor|medium|one_to_one",-5.52192975590305,20.341629086291
106,"web|simple|high|one_to_one",-5.2015405944882,20.341629086291
106,"mobile|two_factor|high|one_to_one",-5.63581386310861,20.341629086291
106,"mobile|multi_factor|high|one_to_one",-6.92481972264984,20.341629086291
106,"web|multi_factor|high|one_to_one",-7.01620511695127,20.341629086291
106,"web|simple|medium|multi_person",-4.77167121685697,20.341629086291
106,"mobile|two_factor|medium|multi_person",-5.20594448547738,20.341629086291
106,"web|two_factor|high|multi_person",-6.79160524082701,20.341629086291
106,"web|multi_factor|high|multi_person",-8.08061110036824,20.341629086291
106,"web|simple|medium|one_to_one",-3.70726523343999,20.341629086291
106,"web|two_factor|medium|one_to_one",-4.23292389636183,20.341629086291
106,"mobile|simple|high|one_to_one",-5.11015520018677,20.341629086291
106,"mobile|simple|low|multi_person",-4.03321818839337,20.341629086291
106,"web|multi_factor|low|multi_person",-5.93926810515786,20.341629086291
106,"web|two_factor|medium|multi_person",-5.2973298797788,20.341629086291
106,"mobile|two_factor|low|one_to_one",-3.49447086789823,20.341629086291
106,"web|two_factor|high|one_to_one",-5.72719925741004,20.341629086291
106,"web|two_factor|low|one_to_one",-3.58585626219966,20.341629086291
107,"web|simple|low|multi_person",-3.33766747669266,18.2527683679144
107,"mobile|two_factor|low|multi_person",-4.87512038555216,18.2527683679144
107,"web|two_factor|low|multi_person",-3.96029413463747,18.2527683679144
107,"mobile|multi_factor|low|multi_person",-6.05356473346911,18.2527683679144
107,"mobile|simple|medium|multi_person",-5.2147014313256,18.2527683679144
107,"mobile|multi_factor|medium|multi_person",-7.01577243718736,18.2527683679144
107,"web|multi_factor|medium|multi_person",-6.10094618627268,18.2527683679144
107,"mobile|simple|high|multi_person",-5.89558899279097,18.2527683679144
107,"web|simple|high|multi_person",-4.98076274187628,18.2527683679144
107,"mobile|two_factor|high|multi_person",-6.51821565073578,18.2527683679144
107,"mobile|multi_factor|high|multi_person",-7.69665999865273,18.2527683679144
107,"mobile|simple|low|one_to_one",-4.41539959096264,18.2527683679144
107,"web|simple|low|one_to_one",-3.50057334004795,18.2527683679144
107,"mobile|multi_factor|low|one_to_one",-6.2164705968244,18.2527683679144
107,"web|multi_factor|low|one_to_one",-5.30164434590971,18.2527683679144
107,"mobile|simple|medium|one_to_one",-5.3776072946809,18.2527683679144
107,"mobile|two_factor|medium|one_to_one",-6.00023395262571,18.2527683679144
107,"mobile|multi_factor|medium|one_to_one",-7.17867830054266,18.2527683679144
107,"web|multi_factor|medium|one_to_one",-6.26385204962797,18.2527683679144
107,"web|simple|high|one_to_one",-5.14366860523157,18.2527683679144
107,"mobile|two_factor|high|one_to_one",-6.68112151409108,18.2527683679144
107,"mobile|multi_factor|high|one_to_one",-7.85956586200802,18.2527683679144
107,"web|multi_factor|high|one_to_one",-6.94473961109334,18.2527683679144
107,"web|simple|medium|multi_person",-4.29987518041091,18.2527683679144
107,"mobile|two_factor|medium|multi_person",-5.83732808927042,18.2527683679144
107,"web|two_factor|high|multi_person",-5.6033893998211,18.2527683679144
107,"web|multi_factor|high|multi_person",-6.78183374773804,18.2527683679144
107,"web|simple|medium|one_to_one",-4.46278104376621,18.2527683679144
107,"web|two_factor|medium|one_to_one",-5.08540770171102,18.2527683679144
107,"mobile|simple|high|one_to_one",-6.05849485614626,18.2527683679144
107,"mobile|simple|low|multi_person",-4.25249372760734,18.2527683679144
107,"web|multi_factor|low|multi_person",-5.13873848255442,18.2527683679144
107,"web|two_factor|medium|multi_person",-4.92250183835573,18.2527683679144
107,"mobile|two_factor|low|one_to_one",-5.03802624890745,18.2527683679144
107,"web|two_factor|high|one_to_one",-5.76629526317639,18.2527683679144
107,"web|two_factor|low|one_to_one",-4.12319999799276,18.2527683679144
108,"web|simple|low|multi_person",-3.34754924812494,18.8837427332242
108,"mobile|two_factor|low|multi_person",-4.36042285800306,18.8837427332242
108,"web|two_factor|low|multi_person",-5.02942437844596,18.8837427332242
108,"mobile|multi_factor|low|multi_person",-5.13209233333581,18.8837427332242
108,"mobile|simple|medium|multi_person",-3.41327933035571,18.8837427332242
108,"mobile|multi_factor|medium|multi_person",-5.86682393600948,18.8837427332242
108,"web|multi_factor|medium|multi_person",-6.53582545645238,18.8837427332242
108,"mobile|simple|high|multi_person",-3.68409540754082,18.8837427332242
108,"web|simple|high|multi_person",-4.35309692798373,18.8837427332242
108,"mobile|two_factor|high|multi_person",-5.36597053786184,18.8837427332242
108,"mobile|multi_factor|high|multi_person",-6.13764001319459,18.8837427332242
108,"mobile|simple|low|one_to_one",-3.05538584915699,18.8837427332242
108,"web|simple|low|one_to_one",-3.72438736959989,18.8837427332242
108,"mobile|multi_factor|low|one_to_one",-5.50893045481076,18.8837427332242
108,"web|multi_factor|low|one_to_one",-6.17793197525366,18.8837427332242
108,"mobile|simple|medium|one_to_one",-3.79011745183066,18.8837427332242
108,"mobile|two_factor|medium|one_to_one",-5.47199258215167,18.8837427332242
108,"mobile|multi_factor|medium|one_to_one",-6.24366205748443,18.8837427332242
108,"web|multi_factor|medium|one_to_one",-6.91266357792733,18.8837427332242
108,"web|simple|high|one_to_one",-4.72993504945867,18.8837427332242
108,"mobile|two_factor|high|one_to_one",-5.74280865933679,18.8837427332242
108,"mobile|multi_factor|high|one_to_one",-6.51447813466954,18.8837427332242
108,"web|multi_factor|high|one_to_one",-7.18347965511244,18.8837427332242
108,"web|simple|medium|multi_person",-4.08228085079861,18.8837427332242
108,"mobile|two_factor|medium|multi_person",-5.09515446067673,18.8837427332242
108,"web|two_factor|high|multi_person",-6.03497205830474,18.8837427332242
108,"web|multi_factor|high|multi_person",-6.8066415336375,18.8837427332242
108,"web|simple|medium|one_to_one",-4.45911897227356,18.8837427332242
108,"web|two_factor|medium|one_to_one",-6.14099410259458,18.8837427332242
108,"mobile|simple|high|one_to_one",-4.06093352901577,18.8837427332242
108,"mobile|simple|low|multi_person",-2.67854772768204,18.8837427332242
108,"web|multi_factor|low|multi_person",-5.80109385377871,18.8837427332242
108,"web|two_factor|medium|multi_person",-5.76415598111963,18.8837427332242
108,"mobile|two_factor|low|one_to_one",-4.737260979478,18.8837427332242
108,"web|two_factor|high|one_to_one",-6.41181017977969,18.8837427332242
108,"web|two_factor|low|one_to_one",-5.40626249992091,18.8837427332242
109,"web|simple|low|multi_person",-3.86118211378985,20.2198889044372
109,"mobile|two_factor|low|multi_person",-3.77261929435441,20.2198889044372
109,"web|two_factor|low|multi_person",-5.06032948283123,20.2198889044372
109,"mobile|multi_factor|low|multi_person",-4.00730218765819,20.2198889044372
109,"mobile|simple|medium|multi_person",-3.47404553683027,20.2198889044372
109,"mobile|multi_factor|medium|multi_person",-4.90787579917544,20.2198889044372
109,"web|multi_factor|medium|multi_person",-6.19558598765226,20.2198889044372
109,"mobile|simple|high|multi_person",-4.53790021402411,20.2198889044372
109,"web|simple|high|multi_person",-5.82561040250093,20.2198889044372
109,"mobile|two_factor|high|multi_person",-5.73704758306549,20.2198889044372
109,"mobile|multi_factor|high|multi_person",-5.97173047636927,20.2198889044372
109,"mobile|simple|low|one_to_one",-2.51636513337591,20.2198889044372
109,"web|simple|low|one_to_one",-3.80407532185273,20.2198889044372
109,"mobile|multi_factor|low|one_to_one",-3.95019539572107,20.2198889044372
109,"web|multi_factor|low|one_to_one",-5.23790558419789,20.2198889044372
109,"mobile|simple|medium|one_to_one",-3.41693874489315,20.2198889044372
109,"mobile|two_factor|medium|one_to_one",-4.61608611393453,20.2198889044372
109,"mobile|multi_factor|medium|one_to_one",-4.85076900723831,20.2198889044372
109,"web|multi_factor|medium|one_to_one",-6.13847919571514,20.2198889044372
109,"web|simple|high|one_to_one",-5.76850361056381,20.2198889044372
109,"mobile|two_factor|high|one_to_one",-5.67994079112837,20.2198889044372
109,"mobile|multi_factor|high|one_to_one",-5.91462368443215,20.2198889044372
109,"web|multi_factor|high|one_to_one",-7.20233387290897,20.2198889044372
109,"web|simple|medium|multi_person",-4.76175572530709,20.2198889044372
109,"mobile|two_factor|medium|multi_person",-4.67319290587165,20.2198889044372
109,"web|two_factor|high|multi_person",-7.02475777154231,20.2198889044372
109,"web|multi_factor|high|multi_person",-7.25944066484609,20.2198889044372
109,"web|simple|medium|one_to_one",-4.70464893336997,20.2198889044372
109,"web|two_factor|medium|one_to_one",-5.90379630241135,20.2198889044372
109,"mobile|simple|high|one_to_one",-4.48079342208699,20.2198889044372
109,"mobile|simple|low|multi_person",-2.57347192531303,20.2198889044372
109,"web|multi_factor|low|multi_person",-5.29501237613501,20.2198889044372
109,"web|two_factor|medium|multi_person",-5.96090309434847,20.2198889044372
109,"mobile|two_factor|low|one_to_one",-3.71551250241729,20.2198889044372
109,"web|two_factor|high|one_to_one",-6.96765097960519,20.2198889044372
109,"web|two_factor|low|one_to_one",-5.00322269089411,20.2198889044372
110,"web|simple|low|multi_person",-5.63537329232987,8.22612094443751
110,"mobile|two_factor|low|multi_person",-5.6575064684622,8.22612094443751
110,"web|two_factor|low|multi_person",-6.04971596712723,8.22612094443751
110,"mobile|multi_factor|low|multi_person",-5.8273418708296,8.22612094443751
110,"mobile|simple|medium|multi_person",-5.91914132040417,8.22612094443751
110,"mobile|multi_factor|medium|multi_person",-6.50331939756893,8.22612094443751
110,"web|multi_factor|medium|multi_person",-6.89552889623396,8.22612094443751
110,"mobile|simple|high|multi_person",-5.87562110697524,8.22612094443751
110,"web|simple|high|multi_person",-6.26783060564027,8.22612094443751
110,"mobile|two_factor|high|multi_person",-6.28996378177261,8.22612094443751
110,"mobile|multi_factor|high|multi_person",-6.45979918414,8.22612094443751
110,"mobile|simple|low|one_to_one",-4.6114367466864,8.22612094443751
110,"web|simple|low|one_to_one",-5.00364624535143,8.22612094443751
110,"mobile|multi_factor|low|one_to_one",-5.19561482385116,8.22612094443751
110,"web|multi_factor|low|one_to_one",-5.58782432251619,8.22612094443751
110,"mobile|simple|medium|one_to_one",-5.28741427342573,8.22612094443751
110,"mobile|two_factor|medium|one_to_one",-5.7017569482231,8.22612094443751
110,"mobile|multi_factor|medium|one_to_one",-5.87159235059049,8.22612094443751
110,"web|multi_factor|medium|one_to_one",-6.26380184925552,8.22612094443751
110,"web|simple|high|one_to_one",-5.63610355866183,8.22612094443751
110,"mobile|two_factor|high|one_to_one",-5.65823673479417,8.22612094443751
110,"mobile|multi_factor|high|one_to_one",-5.82807213716156,8.22612094443751
110,"web|multi_factor|high|one_to_one",-6.22028163582659,8.22612094443751
110,"web|simple|medium|multi_person",-6.3113508190692,8.22612094443751
110,"mobile|two_factor|medium|multi_person",-6.33348399520154,8.22612094443751
110,"web|two_factor|high|multi_person",-6.68217328043764,8.22612094443751
110,"web|multi_factor|high|multi_person",-6.85200868280503,8.22612094443751
110,"web|simple|medium|one_to_one",-5.67962377209076,8.22612094443751
110,"web|two_factor|medium|one_to_one",-6.09396644688813,8.22612094443751
110,"mobile|simple|high|one_to_one",-5.2438940599968,8.22612094443751
110,"mobile|simple|low|multi_person",-5.24316379366484,8.22612094443751
110,"web|multi_factor|low|multi_person",-6.21955136949463,8.22612094443751
110,"web|two_factor|medium|multi_person",-6.72569349386657,8.22612094443751
110,"mobile|two_factor|low|one_to_one",-5.02577942148376,8.22612094443751
110,"web|two_factor|high|one_to_one",-6.0504462334592,8.22612094443751
110,"web|two_factor|low|one_to_one",-5.41798892014879,8.22612094443751
111,"web|simple|low|multi_person",-4.05922053722647,20.0918545337171
111,"mobile|two_factor|low|multi_person",-3.94853987539151,20.0918545337171
111,"web|two_factor|low|multi_person",-5.27327892372354,20.0918545337171
111,"mobile|multi_factor|low|multi_person",-5.50877404664047,20.0918545337171
111,"mobile|simple|medium|multi_person",-3.03962885620608,20.0918545337171
111,"mobile|multi_factor|medium|multi_person",-5.8139214139521,20.0918545337171
111,"web|multi_factor|medium|multi_person",-7.13866046228413,20.0918545337171
111,"mobile|simple|high|multi_person",-3.85963285645681,20.0918545337171
111,"web|simple|high|multi_person",-5.18437190478884,20.0918545337171
111,"mobile|two_factor|high|multi_person",-5.07369124295388,20.0918545337171
111,"mobile|multi_factor|high|multi_person",-6.63392541420284,20.0918545337171
111,"mobile|simple|low|one_to_one",-2.18533394814129,20.0918545337171
111,"web|simple|low|one_to_one",-3.51007299647331,20.0918545337171
111,"mobile|multi_factor|low|one_to_one",-4.95962650588732,20.0918545337171
111,"web|multi_factor|low|one_to_one",-6.28436555421934,20.0918545337171
111,"mobile|simple|medium|one_to_one",-2.49048131545292,20.0918545337171
111,"mobile|two_factor|medium|one_to_one",-3.70453970194999,20.0918545337171
111,"mobile|multi_factor|medium|one_to_one",-5.26477387319895,20.0918545337171
111,"web|multi_factor|medium|one_to_one",-6.58951292153098,20.0918545337171
111,"web|simple|high|one_to_one",-4.63522436403569,20.0918545337171
111,"mobile|two_factor|high|one_to_one",-4.52454370220073,20.0918545337171
111,"mobile|multi_factor|high|one_to_one",-6.08477787344969,20.0918545337171
111,"web|multi_factor|high|one_to_one",-7.40951692178172,20.0918545337171
111,"web|simple|medium|multi_person",-4.3643679045381,20.0918545337171
111,"mobile|two_factor|medium|multi_person",-4.25368724270314,20.0918545337171
111,"web|two_factor|high|multi_person",-6.39843029128591,20.0918545337171
111,"web|multi_factor|high|multi_person",-7.95866446253487,20.0918545337171
111,"web|simple|medium|one_to_one",-3.81522036378495,20.0918545337171
111,"web|two_factor|medium|one_to_one",-5.02927875028202,20.0918545337171
111,"mobile|simple|high|one_to_one",-3.31048531570366,20.0918545337171
111,"mobile|simple|low|multi_person",-2.73448148889444,20.0918545337171
111,"web|multi_factor|low|multi_person",-6.8335130949725,20.0918545337171
111,"web|two_factor|medium|multi_person",-5.57842629103517,20.0918545337171
111,"mobile|two_factor|low|one_to_one",-3.39939233463835,20.0918545337171
111,"web|two_factor|high|one_to_one",-5.84928275053276,20.0918545337171
111,"web|two_factor|low|one_to_one",-4.72413138297038,20.0918545337171
112,"web|simple|low|multi_person",-6.05290783174982,13.8699810728357
112,"mobile|two_factor|low|multi_person",-2.49717023889919,13.8699810728357
112,"web|two_factor|low|multi_person",-4.86380218016103,13.8699810728357
112,"mobile|multi_factor|low|multi_person",-3.22258788433064,13.8699810728357
112,"mobile|simple|medium|multi_person",-4.59035595971648,13.8699810728357
112,"mobile|multi_factor|medium|multi_person",-4.12666795355914,13.8699810728357
112,"web|multi_factor|medium|multi_person",-6.49329989482098,13.8699810728357
112,"mobile|simple|high|multi_person",-5.67771180896907,13.8699810728357
112,"web|simple|high|multi_person",-8.04434375023091,13.8699810728357
112,"mobile|two_factor|high|multi_person",-4.48860615738028,13.8699810728357
112,"mobile|multi_factor|high|multi_person",-5.21402380281173,13.8699810728357
112,"mobile|simple|low|one_to_one",-4.68998009176204,13.8699810728357
112,"web|simple|low|one_to_one",-7.05661203302388,13.8699810728357
112,"mobile|multi_factor|low|one_to_one",-4.2262920856047,13.8699810728357
112,"web|multi_factor|low|one_to_one",-6.59292402686654,13.8699810728357
112,"mobile|simple|medium|one_to_one",-5.59406016099055,13.8699810728357
112,"mobile|two_factor|medium|one_to_one",-4.40495450940176,13.8699810728357
112,"mobile|multi_factor|medium|one_to_one",-5.1303721548332,13.8699810728357
112,"web|multi_factor|medium|one_to_one",-7.49700409609505,13.8699810728357
112,"web|simple|high|one_to_one",-9.04804795150497,13.8699810728357
112,"mobile|two_factor|high|one_to_one",-5.49231035865434,13.8699810728357
112,"mobile|multi_factor|high|one_to_one",-6.21772800408579,13.8699810728357
112,"web|multi_factor|high|one_to_one",-8.58435994534763,13.8699810728357
112,"web|simple|medium|multi_person",-6.95698790097832,13.8699810728357
112,"mobile|two_factor|medium|multi_person",-3.4012503081277,13.8699810728357
112,"web|two_factor|high|multi_person",-6.85523809864212,13.8699810728357
112,"web|multi_factor|high|multi_person",-7.58065574407357,13.8699810728357
112,"web|simple|medium|one_to_one",-7.96069210225239,13.8699810728357
112,"web|two_factor|medium|one_to_one",-6.7715864506636,13.8699810728357
112,"mobile|simple|high|one_to_one",-6.68141601024313,13.8699810728357
112,"mobile|simple|low|multi_person",-3.68627589048798,13.8699810728357
112,"web|multi_factor|low|multi_person",-5.58921982559248,13.8699810728357
112,"web|two_factor|medium|multi_person",-5.76788224938953,13.8699810728357
112,"mobile|two_factor|low|one_to_one",-3.50087444017325,13.8699810728357
112,"web|two_factor|high|one_to_one",-7.85894229991619,13.8699810728357
112,"web|two_factor|low|one_to_one",-5.86750638143509,13.8699810728357
113,"web|simple|low|multi_person",-5.43282477341347,3.86825492388509
113,"mobile|two_factor|low|multi_person",-4.40063667844338,3.86825492388509
113,"web|two_factor|low|multi_person",-6.85132485451486,3.86825492388509
113,"mobile|multi_factor|low|multi_person",-6.16285164536112,3.86825492388509
113,"mobile|simple|medium|multi_person",-3.07942563924212,3.86825492388509
113,"mobile|multi_factor|medium|multi_person",-6.26014068726125,3.86825492388509
113,"web|multi_factor|medium|multi_person",-8.71082886333273,3.86825492388509
113,"mobile|simple|high|multi_person",-3.4735784966762,3.86825492388509
113,"web|simple|high|multi_person",-5.92426667274769,3.86825492388509
113,"mobile|two_factor|high|multi_person",-4.89207857777759,3.86825492388509
113,"mobile|multi_factor|high|multi_person",-6.65429354469534,3.86825492388509
113,"mobile|simple|low|one_to_one",-2.88761531631066,3.86825492388509
113,"web|simple|low|one_to_one",-5.33830349238214,3.86825492388509
113,"mobile|multi_factor|low|one_to_one",-6.06833036432979,3.86825492388509
113,"web|multi_factor|low|one_to_one",-8.51901854040127,3.86825492388509
113,"mobile|simple|medium|one_to_one",-2.98490435821079,3.86825492388509
113,"mobile|two_factor|medium|one_to_one",-4.40340443931218,3.86825492388509
113,"mobile|multi_factor|medium|one_to_one",-6.16561940622992,3.86825492388509
113,"web|multi_factor|medium|one_to_one",-8.6163075823014,3.86825492388509
113,"web|simple|high|one_to_one",-5.82974539171636,3.86825492388509
113,"mobile|two_factor|high|one_to_one",-4.79755729674626,3.86825492388509
113,"mobile|multi_factor|high|one_to_one",-6.559772263664,3.86825492388509
113,"web|multi_factor|high|one_to_one",-9.01046043973549,3.86825492388509
113,"web|simple|medium|multi_person",-5.5301138153136,3.86825492388509
113,"mobile|two_factor|medium|multi_person",-4.4979257203435,3.86825492388509
113,"web|two_factor|high|multi_person",-7.34276675384907,3.86825492388509
113,"web|multi_factor|high|multi_person",-9.10498172076682,3.86825492388509
113,"web|simple|medium|one_to_one",-5.43559253428227,3.86825492388509
113,"web|two_factor|medium|one_to_one",-6.85409261538366,3.86825492388509
113,"mobile|simple|high|one_to_one",-3.37905721564488,3.86825492388509
113,"mobile|simple|low|multi_person",-2.98213659734199,3.86825492388509
113,"web|multi_factor|low|multi_person",-8.6135398214326,3.86825492388509
113,"web|two_factor|medium|multi_person",-6.94861389641499,3.86825492388509
113,"mobile|two_factor|low|one_to_one",-4.30611539741205,3.86825492388509
113,"web|two_factor|high|one_to_one",-7.24824547281774,3.86825492388509
113,"web|two_factor|low|one_to_one",-6.75680357348353,3.86825492388509
114,"web|simple|low|multi_person",-5.62405658074539,19.9106914231271
114,"mobile|two_factor|low|multi_person",-3.9014161585067,19.9106914231271
114,"web|two_factor|low|multi_person",-5.6536039958258,19.9106914231271
114,"mobile|multi_factor|low|multi_person",-4.42789916349184,19.9106914231271
114,"mobile|simple|medium|multi_person",-4.23904422931918,19.9106914231271
114,"mobile|multi_factor|medium|multi_person",-4.79507464938473,19.9106914231271
114,"web|multi_factor|medium|multi_person",-6.54726248670383,19.9106914231271
114,"mobile|simple|high|multi_person",-5.80413808854699,19.9106914231271
114,"web|simple|high|multi_person",-7.55632592586608,19.9106914231271
114,"mobile|two_factor|high|multi_person",-5.8336855036274,19.9106914231271
114,"mobile|multi_factor|high|multi_person",-6.36016850861253,19.9106914231271
114,"mobile|simple|low|one_to_one",-2.95770351193125,19.9106914231271
114,"web|simple|low|one_to_one",-4.70989134925035,19.9106914231271
114,"mobile|multi_factor|low|one_to_one",-3.5137339319968,19.9106914231271
114,"web|multi_factor|low|one_to_one",-5.2659217693159,19.9106914231271
114,"mobile|simple|medium|one_to_one",-3.32487899782414,19.9106914231271
114,"mobile|two_factor|medium|one_to_one",-3.35442641290455,19.9106914231271
114,"mobile|multi_factor|medium|one_to_one",-3.88090941788969,19.9106914231271
114,"web|multi_factor|medium|one_to_one",-5.63309725520878,19.9106914231271
114,"web|simple|high|one_to_one",-6.64216069437104,19.9106914231271
114,"mobile|two_factor|high|one_to_one",-4.91952027213235,19.9106914231271
114,"mobile|multi_factor|high|one_to_one",-5.44600327711749,19.9106914231271
114,"web|multi_factor|high|one_to_one",-7.19819111443658,19.9106914231271
114,"web|simple|medium|multi_person",-5.99123206663828,19.9106914231271
114,"mobile|two_factor|medium|multi_person",-4.26859164439959,19.9106914231271
114,"web|two_factor|high|multi_person",-7.58587334094649,19.9106914231271
114,"web|multi_factor|high|multi_person",-8.11235634593163,19.9106914231271
114,"web|simple|medium|one_to_one",-5.07706683514323,19.9106914231271
114,"web|two_factor|medium|one_to_one",-5.10661425022364,19.9106914231271
114,"mobile|simple|high|one_to_one",-4.88997285705194,19.9106914231271
114,"mobile|simple|low|multi_person",-3.8718687434263,19.9106914231271
114,"web|multi_factor|low|multi_person",-6.18008700081094,19.9106914231271
114,"web|two_factor|medium|multi_person",-6.02077948171869,19.9106914231271
114,"mobile|two_factor|low|one_to_one",-2.98725092701166,19.9106914231271
114,"web|two_factor|high|one_to_one",-6.67170810945145,19.9106914231271
114,"web|two_factor|low|one_to_one",-4.73943876433076,19.9106914231271
115,"web|simple|low|multi_person",-4.61703229876871,8.12302468265329
115,"mobile|two_factor|low|multi_person",-3.46454120115223,8.12302468265329
115,"web|two_factor|low|multi_person",-6.43689788452153,8.12302468265329
115,"mobile|multi_factor|low|multi_person",-4.30627921272312,8.12302468265329
115,"mobile|simple|medium|multi_person",-2.32865497876356,8.12302468265329
115,"mobile|multi_factor|medium|multi_person",-4.99025857608727,8.12302468265329
115,"web|multi_factor|medium|multi_person",-7.96261525945657,8.12302468265329
115,"mobile|simple|high|multi_person",-2.93969585628784,8.12302468265329
115,"web|simple|high|multi_person",-5.91205253965714,8.12302468265329
115,"mobile|two_factor|high|multi_person",-4.75956144204066,8.12302468265329
115,"mobile|multi_factor|high|multi_person",-5.60129945361155,8.12302468265329
115,"mobile|simple|low|one_to_one",-2.20851527185507,8.12302468265329
115,"web|simple|low|one_to_one",-5.18087195522437,8.12302468265329
115,"mobile|multi_factor|low|one_to_one",-4.87011886917878,8.12302468265329
115,"web|multi_factor|low|one_to_one",-7.84247555254808,8.12302468265329
115,"mobile|simple|medium|one_to_one",-2.89249463521922,8.12302468265329
115,"mobile|two_factor|medium|one_to_one",-4.71236022097203,8.12302468265329
115,"mobile|multi_factor|medium|one_to_one",-5.55409823254293,8.12302468265329
115,"web|multi_factor|medium|one_to_one",-8.52645491591223,8.12302468265329
115,"web|simple|high|one_to_one",-6.4758921961128,8.12302468265329
115,"mobile|two_factor|high|one_to_one",-5.32340109849631,8.12302468265329
115,"mobile|multi_factor|high|one_to_one",-6.16513911006721,8.12302468265329
115,"web|multi_factor|high|one_to_one",-9.13749579343651,8.12302468265329
115,"web|simple|medium|multi_person",-5.30101166213286,8.12302468265329
115,"mobile|two_factor|medium|multi_person",-4.14852056451638,8.12302468265329
115,"web|two_factor|high|multi_person",-7.73191812540996,8.12302468265329
115,"web|multi_factor|high|multi_person",-8.57365613698085,8.12302468265329
115,"web|simple|medium|one_to_one",-5.86485131858852,8.12302468265329
115,"web|two_factor|medium|one_to_one",-7.68471690434133,8.12302468265329
115,"mobile|simple|high|one_to_one",-3.5035355127435,8.12302468265329
115,"mobile|simple|low|multi_person",-1.64467561539941,8.12302468265329
115,"web|multi_factor|low|multi_person",-7.27863589609242,8.12302468265329
115,"web|two_factor|medium|multi_person",-7.12087724788567,8.12302468265329
115,"mobile|two_factor|low|one_to_one",-4.02838085760788,8.12302468265329
115,"web|two_factor|high|one_to_one",-8.29575778186561,8.12302468265329
115,"web|two_factor|low|one_to_one",-7.00073754097718,8.12302468265329
116,"web|simple|low|multi_person",-5.90830204561388,17.7593821720878
116,"mobile|two_factor|low|multi_person",-3.02920446275083,17.7593821720878
116,"web|two_factor|low|multi_person",-5.50282430439497,17.7593821720878
116,"mobile|multi_factor|low|multi_person",-4.267714898592,17.7593821720878
116,"mobile|simple|medium|multi_person",-4.13858113725249,17.7593821720878
116,"mobile|multi_factor|medium|multi_person",-4.97161383187475,17.7593821720878
116,"web|multi_factor|medium|multi_person",-7.44523367351889,17.7593821720878
116,"mobile|simple|high|multi_person",-4.08321294348677,17.7593821720878
116,"web|simple|high|multi_person",-6.55683278513091,17.7593821720878
116,"mobile|two_factor|high|multi_person",-3.67773520226786,17.7593821720878
116,"mobile|multi_factor|high|multi_person",-4.91624563810903,17.7593821720878
116,"mobile|simple|low|one_to_one",-3.44175827238404,17.7593821720878
116,"web|simple|low|one_to_one",-5.91537811402818,17.7593821720878
116,"mobile|multi_factor|low|one_to_one",-4.27479096700631,17.7593821720878
116,"web|multi_factor|low|one_to_one",-6.74841080865045,17.7593821720878
116,"mobile|simple|medium|one_to_one",-4.14565720566679,17.7593821720878
116,"mobile|two_factor|medium|one_to_one",-3.74017946444789,17.7593821720878
116,"mobile|multi_factor|medium|one_to_one",-4.97868990028906,17.7593821720878
116,"web|multi_factor|medium|one_to_one",-7.4523097419332,17.7593821720878
116,"web|simple|high|one_to_one",-6.56390885354521,17.7593821720878
116,"mobile|two_factor|high|one_to_one",-3.68481127068217,17.7593821720878
116,"mobile|multi_factor|high|one_to_one",-4.92332170652334,17.7593821720878
116,"web|multi_factor|high|one_to_one",-7.39694154816748,17.7593821720878
116,"web|simple|medium|multi_person",-6.61220097889663,17.7593821720878
116,"mobile|two_factor|medium|multi_person",-3.73310339603358,17.7593821720878
116,"web|two_factor|high|multi_person",-6.151355043912,17.7593821720878
116,"web|multi_factor|high|multi_person",-7.38986547975317,17.7593821720878
116,"web|simple|medium|one_to_one",-6.61927704731093,17.7593821720878
116,"web|two_factor|medium|one_to_one",-6.21379930609203,17.7593821720878
116,"mobile|simple|high|one_to_one",-4.09028901190107,17.7593821720878
116,"mobile|simple|low|multi_person",-3.43468220396974,17.7593821720878
116,"web|multi_factor|low|multi_person",-6.74133474023614,17.7593821720878
116,"web|two_factor|medium|multi_person",-6.20672323767772,17.7593821720878
116,"mobile|two_factor|low|one_to_one",-3.03628053116514,17.7593821720878
116,"web|two_factor|high|one_to_one",-6.15843111232631,17.7593821720878
116,"web|two_factor|low|one_to_one",-5.50990037280928,17.7593821720878
117,"web|simple|low|multi_person",-4.20341624336612,20.0184233431253
117,"mobile|two_factor|low|multi_person",-4.29997495892866,20.0184233431253
117,"web|two_factor|low|multi_person",-4.84598786679776,20.0184233431253
117,"mobile|multi_factor|low|multi_person",-5.02913333656024,20.0184233431253
117,"mobile|simple|medium|multi_person",-4.17059612010336,20.0184233431253
117,"mobile|multi_factor|medium|multi_person",-5.54232612116658,20.0184233431253
117,"web|multi_factor|medium|multi_person",-6.08833902903569,20.0184233431253
117,"mobile|simple|high|multi_person",-5.60607070042046,20.0184233431253
117,"web|simple|high|multi_person",-6.15208360828956,20.0184233431253
117,"mobile|two_factor|high|multi_person",-6.2486423238521,20.0184233431253
117,"mobile|multi_factor|high|multi_person",-6.97780070148368,20.0184233431253
117,"mobile|simple|low|one_to_one",-2.99303851553015,20.0184233431253
117,"web|simple|low|one_to_one",-3.53905142339925,20.0184233431253
117,"mobile|multi_factor|low|one_to_one",-4.36476851659338,20.0184233431253
117,"web|multi_factor|low|one_to_one",-4.91078142446248,20.0184233431253
117,"mobile|simple|medium|one_to_one",-3.50623130013649,20.0184233431253
117,"mobile|two_factor|medium|one_to_one",-4.14880292356814,20.0184233431253
117,"mobile|multi_factor|medium|one_to_one",-4.87796130119972,20.0184233431253
117,"web|multi_factor|medium|one_to_one",-5.42397420906882,20.0184233431253
117,"web|simple|high|one_to_one",-5.4877187883227,20.0184233431253
117,"mobile|two_factor|high|one_to_one",-5.58427750388524,20.0184233431253
117,"mobile|multi_factor|high|one_to_one",-6.31343588151682,20.0184233431253
117,"web|multi_factor|high|one_to_one",-6.85944878938592,20.0184233431253
117,"web|simple|medium|multi_person",-4.71660902797246,20.0184233431253
117,"mobile|two_factor|medium|multi_person",-4.813167743535,20.0184233431253
117,"web|two_factor|high|multi_person",-6.7946552317212,20.0184233431253
117,"web|multi_factor|high|multi_person",-7.52381360935279,20.0184233431253
117,"web|simple|medium|one_to_one",-4.0522442080056,20.0184233431253
117,"web|two_factor|medium|one_to_one",-4.69481583143724,20.0184233431253
117,"mobile|simple|high|one_to_one",-4.94170588045359,20.0184233431253
117,"mobile|simple|low|multi_person",-3.65740333549702,20.0184233431253
117,"web|multi_factor|low|multi_person",-5.57514624442935,20.0184233431253
117,"web|two_factor|medium|multi_person",-5.3591806514041,20.0184233431253
117,"mobile|two_factor|low|one_to_one",-3.6356101389618,20.0184233431253
117,"web|two_factor|high|one_to_one",-6.13029041175434,20.0184233431253
117,"web|two_factor|low|one_to_one",-4.1816230468309,20.0184233431253
118,"web|simple|low|multi_person",-5.97839635266674,11.4883672517917
118,"mobile|two_factor|low|multi_person",-3.71545264949002,11.4883672517917
118,"web|two_factor|low|multi_person",-6.37827825477914,11.4883672517917
118,"mobile|multi_factor|low|multi_person",-2.6256356403025,11.4883672517917
118,"mobile|simple|medium|multi_person",-3.9901511538184,11.4883672517917
118,"mobile|multi_factor|medium|multi_person",-3.30021604674328,11.4883672517917
118,"web|multi_factor|medium|multi_person",-5.9630416520324,11.4883672517917
118,"mobile|simple|high|multi_person",-5.54235670593044,11.4883672517917
118,"web|simple|high|multi_person",-8.20518231121956,11.4883672517917
118,"mobile|two_factor|high|multi_person",-5.94223860804284,11.4883672517917
118,"mobile|multi_factor|high|multi_person",-4.85242159885532,11.4883672517917
118,"mobile|simple|low|one_to_one",-3.52376897477227,11.4883672517917
118,"web|simple|low|one_to_one",-6.18659458006139,11.4883672517917
118,"mobile|multi_factor|low|one_to_one",-2.83383386769715,11.4883672517917
118,"web|multi_factor|low|one_to_one",-5.49665947298627,11.4883672517917
118,"mobile|simple|medium|one_to_one",-4.19834938121305,11.4883672517917
118,"mobile|two_factor|medium|one_to_one",-4.59823128332545,11.4883672517917
118,"mobile|multi_factor|medium|one_to_one",-3.50841427413793,11.4883672517917
118,"web|multi_factor|medium|one_to_one",-6.17123987942705,11.4883672517917
118,"web|simple|high|one_to_one",-8.41338053861422,11.4883672517917
118,"mobile|two_factor|high|one_to_one",-6.1504368354375,11.4883672517917
118,"mobile|multi_factor|high|one_to_one",-5.06061982624998,11.4883672517917
118,"web|multi_factor|high|one_to_one",-7.7234454315391,11.4883672517917
118,"web|simple|medium|multi_person",-6.65297675910752,11.4883672517917
118,"mobile|two_factor|medium|multi_person",-4.3900330559308,11.4883672517917
118,"web|two_factor|high|multi_person",-8.60506421333196,11.4883672517917
118,"web|multi_factor|high|multi_person",-7.51524720414444,11.4883672517917
118,"web|simple|medium|one_to_one",-6.86117498650217,11.4883672517917
118,"web|two_factor|medium|one_to_one",-7.26105688861457,11.4883672517917
118,"mobile|simple|high|one_to_one",-5.7505549333251,11.4883672517917
118,"mobile|simple|low|multi_person",-3.31557074737762,11.4883672517917
118,"web|multi_factor|low|multi_person",-5.28846124559162,11.4883672517917
118,"web|two_factor|medium|multi_person",-7.05285866121991,11.4883672517917
118,"mobile|two_factor|low|one_to_one",-3.92365087688467,11.4883672517917
118,"web|two_factor|high|one_to_one",-8.81326244072662,11.4883672517917
118,"web|two_factor|low|one_to_one",-6.58647648217379,11.4883672517917
119,"web|simple|low|multi_person",-4.23955555254424,19.7622173443387
119,"mobile|two_factor|low|multi_person",-5.76323827527115,19.7622173443387
119,"web|two_factor|low|multi_person",-5.21441820675971,19.7622173443387
119,"mobile|multi_factor|low|multi_person",-4.43314351866032,19.7622173443387
119,"mobile|simple|medium|multi_person",-4.9678503140686,19.7622173443387
119,"mobile|multi_factor|medium|multi_person",-4.61261821167324,19.7622173443387
119,"web|multi_factor|medium|multi_person",-4.0637981431618,19.7622173443387
119,"mobile|simple|high|multi_person",-6.78683406843627,19.7622173443387
119,"web|simple|high|multi_person",-6.23801399992482,19.7622173443387
119,"mobile|two_factor|high|multi_person",-7.76169672265173,19.7622173443387
119,"mobile|multi_factor|high|multi_person",-6.4316019660409,19.7622173443387
119,"mobile|simple|low|one_to_one",-5.21449008968246,19.7622173443387
119,"web|simple|low|one_to_one",-4.66567002117102,19.7622173443387
119,"mobile|multi_factor|low|one_to_one",-4.8592579872871,19.7622173443387
119,"web|multi_factor|low|one_to_one",-4.31043791877565,19.7622173443387
119,"mobile|simple|medium|one_to_one",-5.39396478269538,19.7622173443387
119,"mobile|two_factor|medium|one_to_one",-6.36882743691085,19.7622173443387
119,"mobile|multi_factor|medium|one_to_one",-5.03873268030002,19.7622173443387
119,"web|multi_factor|medium|one_to_one",-4.48991261178857,19.7622173443387
119,"web|simple|high|one_to_one",-6.6641284685516,19.7622173443387
119,"mobile|two_factor|high|one_to_one",-8.18781119127851,19.7622173443387
119,"mobile|multi_factor|high|one_to_one",-6.85771643466768,19.7622173443387
119,"web|multi_factor|high|one_to_one",-6.30889636615623,19.7622173443387
119,"web|simple|medium|multi_person",-4.41903024555716,19.7622173443387
119,"mobile|two_factor|medium|multi_person",-5.94271296828407,19.7622173443387
119,"web|two_factor|high|multi_person",-7.21287665414029,19.7622173443387
119,"web|multi_factor|high|multi_person",-5.88278189752946,19.7622173443387
119,"web|simple|medium|one_to_one",-4.84514471418394,19.7622173443387
119,"web|two_factor|medium|one_to_one",-5.8200073683994,19.7622173443387
119,"mobile|simple|high|one_to_one",-7.21294853706304,19.7622173443387
119,"mobile|simple|low|multi_person",-4.78837562105569,19.7622173443387
119,"web|multi_factor|low|multi_person",-3.88432345014888,19.7622173443387
119,"web|two_factor|medium|multi_person",-5.39389289977263,19.7622173443387
119,"mobile|two_factor|low|one_to_one",-6.18935274389793,19.7622173443387
119,"web|two_factor|high|one_to_one",-7.63899112276706,19.7622173443387
119,"web|two_factor|low|one_to_one",-5.64053267538648,19.7622173443387
120,"web|simple|low|multi_person",-5.81383649126259,19.8856043508452
120,"mobile|two_factor|low|multi_person",-4.22872817747211,19.8856043508452
120,"web|two_factor|low|multi_person",-5.90218846885425,19.8856043508452
120,"mobile|multi_factor|low|multi_person",-4.08404067195546,19.8856043508452
120,"mobile|simple|medium|multi_person",-4.23423138024697,19.8856043508452
120,"mobile|multi_factor|medium|multi_person",-4.17789585232198,19.8856043508452
120,"web|multi_factor|medium|multi_person",-5.85135614370412,19.8856043508452
120,"mobile|simple|high|multi_person",-5.78698400812997,19.8856043508452
120,"web|simple|high|multi_person",-7.46044429951211,19.8856043508452
120,"mobile|two_factor|high|multi_person",-5.87533598572163,19.8856043508452
120,"mobile|multi_factor|high|multi_person",-5.73064848020498,19.8856043508452
120,"mobile|simple|low|one_to_one",-3.89231627130839,19.8856043508452
120,"web|simple|low|one_to_one",-5.56577656269053,19.8856043508452
120,"mobile|multi_factor|low|one_to_one",-3.8359807433834,19.8856043508452
120,"web|multi_factor|low|one_to_one",-5.50944103476554,19.8856043508452
120,"mobile|simple|medium|one_to_one",-3.98617145167492,19.8856043508452
120,"mobile|two_factor|medium|one_to_one",-4.07452342926658,19.8856043508452
120,"mobile|multi_factor|medium|one_to_one",-3.92983592374993,19.8856043508452
120,"web|multi_factor|medium|one_to_one",-5.60329621513207,19.8856043508452
120,"web|simple|high|one_to_one",-7.21238437094005,19.8856043508452
120,"mobile|two_factor|high|one_to_one",-5.62727605714957,19.8856043508452
120,"mobile|multi_factor|high|one_to_one",-5.48258855163292,19.8856043508452
120,"web|multi_factor|high|one_to_one",-7.15604884301506,19.8856043508452
120,"web|simple|medium|multi_person",-5.90769167162911,19.8856043508452
120,"mobile|two_factor|medium|multi_person",-4.32258335783863,19.8856043508452
120,"web|two_factor|high|multi_person",-7.54879627710377,19.8856043508452
120,"web|multi_factor|high|multi_person",-7.40410877158712,19.8856043508452
120,"web|simple|medium|one_to_one",-5.65963174305706,19.8856043508452
120,"web|two_factor|medium|one_to_one",-5.74798372064872,19.8856043508452
120,"mobile|simple|high|one_to_one",-5.53892407955791,19.8856043508452
120,"mobile|simple|low|multi_person",-4.14037619988045,19.8856043508452
120,"web|multi_factor|low|multi_person",-5.7575009633376,19.8856043508452
120,"web|two_factor|medium|multi_person",-5.99604364922077,19.8856043508452
120,"mobile|two_factor|low|one_to_one",-3.98066824890005,19.8856043508452
120,"web|two_factor|high|one_to_one",-7.30073634853171,19.8856043508452
120,"web|two_factor|low|one_to_one",-5.65412854028219,19.8856043508452
121,"web|simple|low|multi_person",-4.73382738676347,20.8854026722973
121,"mobile|two_factor|low|multi_person",-3.87507358273074,20.8854026722973
121,"web|two_factor|low|multi_person",-4.64353179063051,20.8854026722973
121,"mobile|multi_factor|low|multi_person",-3.71871112142372,20.8854026722973
121,"mobile|simple|medium|multi_person",-5.44743740359574,20.8854026722973
121,"mobile|multi_factor|medium|multi_person",-5.20077934615577,20.8854026722973
121,"web|multi_factor|medium|multi_person",-5.96923755405554,20.8854026722973
121,"mobile|simple|high|multi_person",-6.42038622989186,20.8854026722973
121,"web|simple|high|multi_person",-7.18884443779164,20.8854026722973
121,"mobile|two_factor|high|multi_person",-6.33009063375891,20.8854026722973
121,"mobile|multi_factor|high|multi_person",-6.17372817245189,20.8854026722973
121,"mobile|simple|low|one_to_one",-3.59569567231596,20.8854026722973
121,"web|simple|low|one_to_one",-4.36415388021573,20.8854026722973
121,"mobile|multi_factor|low|one_to_one",-3.34903761487598,20.8854026722973
121,"web|multi_factor|low|one_to_one",-4.11749582277575,20.8854026722973
121,"mobile|simple|medium|one_to_one",-5.07776389704801,20.8854026722973
121,"mobile|two_factor|medium|one_to_one",-4.98746830091505,20.8854026722973
121,"mobile|multi_factor|medium|one_to_one",-4.83110583960803,20.8854026722973
121,"web|multi_factor|medium|one_to_one",-5.5995640475078,20.8854026722973
121,"web|simple|high|one_to_one",-6.8191709312439,20.8854026722973
121,"mobile|two_factor|high|one_to_one",-5.96041712721117,20.8854026722973
121,"mobile|multi_factor|high|one_to_one",-5.80405466590415,20.8854026722973
121,"web|multi_factor|high|one_to_one",-6.57251287380392,20.8854026722973
121,"web|simple|medium|multi_person",-6.21589561149552,20.8854026722973
121,"mobile|two_factor|medium|multi_person",-5.35714180746279,20.8854026722973
121,"web|two_factor|high|multi_person",-7.09854884165868,20.8854026722973
121,"web|multi_factor|high|multi_person",-6.94218638035166,20.8854026722973
121,"web|simple|medium|one_to_one",-5.84622210494778,20.8854026722973
121,"web|two_factor|medium|one_to_one",-5.75592650881482,20.8854026722973
121,"mobile|simple|high|one_to_one",-6.05071272334413,20.8854026722973
121,"mobile|simple|low|multi_person",-3.9653691788637,20.8854026722973
121,"web|multi_factor|low|multi_person",-4.48716932932349,20.8854026722973
121,"web|two_factor|medium|multi_person",-6.12560001536256,20.8854026722973
121,"mobile|two_factor|low|one_to_one",-3.505400076183,20.8854026722973
121,"web|two_factor|high|one_to_one",-6.72887533511094,20.8854026722973
121,"web|two_factor|low|one_to_one",-4.27385828408277,20.8854026722973
122,"web|simple|low|multi_person",-8.35246137781124,11.7193989295336
122,"mobile|two_factor|low|multi_person",-3.53053182019875,11.7193989295336
122,"web|two_factor|low|multi_person",-6.61798440466267,11.7193989295336
122,"mobile|multi_factor|low|multi_person",-2.86550476553122,11.7193989295336
122,"mobile|simple|medium|multi_person",-5.88964910621236,11.7193989295336
122,"mobile|multi_factor|medium|multi_person",-3.49014507839626,11.7193989295336
122,"web|multi_factor|medium|multi_person",-6.57759766286018,11.7193989295336
122,"mobile|simple|high|multi_person",-7.09568699625082,11.7193989295336
122,"web|simple|high|multi_person",-10.1831395807147,11.7193989295336
122,"mobile|two_factor|high|multi_person",-5.36121002310225,11.7193989295336
122,"mobile|multi_factor|high|multi_person",-4.69618296843472,11.7193989295336
122,"mobile|simple|low|one_to_one",-4.70898050333816,11.7193989295336
122,"web|simple|low|one_to_one",-7.79643308780208,11.7193989295336
122,"mobile|multi_factor|low|one_to_one",-2.30947647552206,11.7193989295336
122,"web|multi_factor|low|one_to_one",-5.39692905998598,11.7193989295336
122,"mobile|simple|medium|one_to_one",-5.33362081620319,11.7193989295336
122,"mobile|two_factor|medium|one_to_one",-3.59914384305462,11.7193989295336
122,"mobile|multi_factor|medium|one_to_one",-2.93411678838709,11.7193989295336
122,"web|multi_factor|medium|one_to_one",-6.02156937285101,11.7193989295336
122,"web|simple|high|one_to_one",-9.62711129070558,11.7193989295336
122,"mobile|two_factor|high|one_to_one",-4.80518173309309,11.7193989295336
122,"mobile|multi_factor|high|one_to_one",-4.14015467842556,11.7193989295336
122,"web|multi_factor|high|one_to_one",-7.22760726288948,11.7193989295336
122,"web|simple|medium|multi_person",-8.97710169067627,11.7193989295336
122,"mobile|two_factor|medium|multi_person",-4.15517213306379,11.7193989295336
122,"web|two_factor|high|multi_person",-8.44866260756617,11.7193989295336
122,"web|multi_factor|high|multi_person",-7.78363555289864,11.7193989295336
122,"web|simple|medium|one_to_one",-8.42107340066712,11.7193989295336
122,"web|two_factor|medium|one_to_one",-6.68659642751854,11.7193989295336
122,"mobile|simple|high|one_to_one",-6.53965870624166,11.7193989295336
122,"mobile|simple|low|multi_person",-5.26500879334732,11.7193989295336
122,"web|multi_factor|low|multi_person",-5.95295734999514,11.7193989295336
122,"web|two_factor|medium|multi_person",-7.24262471752771,11.7193989295336
122,"mobile|two_factor|low|one_to_one",-2.97450353018959,11.7193989295336
122,"web|two_factor|high|one_to_one",-7.89263431755701,11.7193989295336
122,"web|two_factor|low|one_to_one",-6.06195611465351,11.7193989295336
123,"web|simple|low|multi_person",-4.46084625777581,7.51977033623314
123,"mobile|two_factor|low|multi_person",-4.94450360830036,7.51977033623314
123,"web|two_factor|low|multi_person",-5.21388369967968,7.51977033623314
123,"mobile|multi_factor|low|multi_person",-5.21375263130232,7.51977033623314
123,"mobile|simple|medium|multi_person",-5.09651521278137,7.51977033623314
123,"mobile|multi_factor|medium|multi_person",-6.11880167768719,7.51977033623314
123,"web|multi_factor|medium|multi_person",-6.3881817690665,7.51977033623314
123,"mobile|simple|high|multi_person",-5.20717720014206,7.51977033623314
123,"web|simple|high|multi_person",-5.47655729152137,7.51977033623314
123,"mobile|two_factor|high|multi_person",-5.96021464204592,7.51977033623314
123,"mobile|multi_factor|high|multi_person",-6.22946366504788,7.51977033623314
123,"mobile|simple|low|one_to_one",-5.41095397988994,7.51977033623314
123,"web|simple|low|one_to_one",-5.68033407126925,7.51977033623314
123,"mobile|multi_factor|low|one_to_one",-6.43324044479576,7.51977033623314
123,"web|multi_factor|low|one_to_one",-6.70262053617508,7.51977033623314
123,"mobile|simple|medium|one_to_one",-6.31600302627481,7.51977033623314
123,"mobile|two_factor|medium|one_to_one",-7.06904046817867,7.51977033623314
123,"mobile|multi_factor|medium|one_to_one",-7.33828949118063,7.51977033623314
123,"web|multi_factor|medium|one_to_one",-7.60766958255994,7.51977033623314
123,"web|simple|high|one_to_one",-6.69604510501481,7.51977033623314
123,"mobile|two_factor|high|one_to_one",-7.17970245553937,7.51977033623314
123,"mobile|multi_factor|high|one_to_one",-7.44895147854132,7.51977033623314
123,"web|multi_factor|high|one_to_one",-7.71833156992064,7.51977033623314
123,"web|simple|medium|multi_person",-5.36589530416068,7.51977033623314
123,"mobile|two_factor|medium|multi_person",-5.84955265468523,7.51977033623314
123,"web|two_factor|high|multi_person",-6.22959473342524,7.51977033623314
123,"web|multi_factor|high|multi_person",-6.4988437564272,7.51977033623314
123,"web|simple|medium|one_to_one",-6.58538311765412,7.51977033623314
123,"web|two_factor|medium|one_to_one",-7.33842055955798,7.51977033623314
123,"mobile|simple|high|one_to_one",-6.4266650136355,7.51977033623314
123,"mobile|simple|low|multi_person",-4.1914661663965,7.51977033623314
123,"web|multi_factor|low|multi_person",-5.48313272268163,7.51977033623314
123,"web|two_factor|medium|multi_person",-6.11893274606454,7.51977033623314
123,"mobile|two_factor|low|one_to_one",-6.1639914217938,7.51977033623314
123,"web|two_factor|high|one_to_one",-7.44908254691868,7.51977033623314
123,"web|two_factor|low|one_to_one",-6.43337151317312,7.51977033623314
124,"web|simple|low|multi_person",-6.96599952414295,6.89129698750022
124,"mobile|two_factor|low|multi_person",-5.12257026717911,6.89129698750022
124,"web|two_factor|low|multi_person",-6.65495023003914,6.89129698750022
124,"mobile|multi_factor|low|multi_person",-2.91341347668098,6.89129698750022
124,"mobile|simple|medium|multi_person",-5.53317495924661,6.89129698750022
124,"mobile|multi_factor|medium|multi_person",-3.01296887464468,6.89129698750022
124,"web|multi_factor|medium|multi_person",-4.54534883750471,6.89129698750022
124,"mobile|simple|high|multi_person",-7.37437094950095,6.89129698750022
124,"web|simple|high|multi_person",-8.90675091236098,6.89129698750022
124,"mobile|two_factor|high|multi_person",-7.06332165539715,6.89129698750022
124,"mobile|multi_factor|high|multi_person",-4.85416486489902,6.89129698750022
124,"mobile|simple|low|one_to_one",-6.15327359168908,6.89129698750022
124,"web|simple|low|one_to_one",-7.68565355454912,6.89129698750022
124,"mobile|multi_factor|low|one_to_one",-3.63306750708715,6.89129698750022
124,"web|multi_factor|low|one_to_one",-5.16544746994718,6.89129698750022
124,"mobile|simple|medium|one_to_one",-6.25282898965278,6.89129698750022
124,"mobile|two_factor|medium|one_to_one",-5.94177969554898,6.89129698750022
124,"mobile|multi_factor|medium|one_to_one",-3.73262290505085,6.89129698750022
124,"web|multi_factor|medium|one_to_one",-5.26500286791088,6.89129698750022
124,"web|simple|high|one_to_one",-9.62640494276715,6.89129698750022
124,"mobile|two_factor|high|one_to_one",-7.78297568580332,6.89129698750022
124,"mobile|multi_factor|high|one_to_one",-5.57381889530519,6.89129698750022
124,"web|multi_factor|high|one_to_one",-7.10619885816522,6.89129698750022
124,"web|simple|medium|multi_person",-7.06555492210664,6.89129698750022
124,"mobile|two_factor|medium|multi_person",-5.22212566514281,6.89129698750022
124,"web|two_factor|high|multi_person",-8.59570161825718,6.89129698750022
124,"web|multi_factor|high|multi_person",-6.38654482775905,6.89129698750022
124,"web|simple|medium|one_to_one",-7.78520895251281,6.89129698750022
124,"web|two_factor|medium|one_to_one",-7.47415965840901,6.89129698750022
124,"mobile|simple|high|one_to_one",-8.09402497990712,6.89129698750022
124,"mobile|simple|low|multi_person",-5.43361956128291,6.89129698750022
124,"web|multi_factor|low|multi_person",-4.44579343954101,6.89129698750022
124,"web|two_factor|medium|multi_person",-6.75450562800284,6.89129698750022
124,"mobile|two_factor|low|one_to_one",-5.84222429758528,6.89129698750022
124,"web|two_factor|high|one_to_one",-9.31535564866335,6.89129698750022
124,"web|two_factor|low|one_to_one",-7.37460426044532,6.89129698750022
125,"web|simple|low|multi_person",-4.48065379568737,21.2809812199633
125,"mobile|two_factor|low|multi_person",-4.15454545619365,21.2809812199633
125,"web|two_factor|low|multi_person",-4.89626198403028,21.2809812199633
125,"mobile|multi_factor|low|multi_person",-3.87632532545906,21.2809812199633
125,"mobile|simple|medium|multi_person",-4.48791207183963,21.2809812199633
125,"mobile|multi_factor|medium|multi_person",-4.62530012944795,21.2809812199633
125,"web|multi_factor|medium|multi_person",-5.36701665728458,21.2809812199633
125,"mobile|simple|high|multi_person",-6.07671898924277,21.2809812199633
125,"web|simple|high|multi_person",-6.8184355170794,21.2809812199633
125,"mobile|two_factor|high|multi_person",-6.49232717758568,21.2809812199633
125,"mobile|multi_factor|high|multi_person",-6.21410704685109,21.2809812199633
125,"mobile|simple|low|one_to_one",-3.31246093816871,21.2809812199633
125,"web|simple|low|one_to_one",-4.05417746600533,21.2809812199633
125,"mobile|multi_factor|low|one_to_one",-3.44984899577703,21.2809812199633
125,"web|multi_factor|low|one_to_one",-4.19156552361366,21.2809812199633
125,"mobile|simple|medium|one_to_one",-4.0614357421576,21.2809812199633
125,"mobile|two_factor|medium|one_to_one",-4.4770439305005,21.2809812199633
125,"mobile|multi_factor|medium|one_to_one",-4.19882379976592,21.2809812199633
125,"web|multi_factor|medium|one_to_one",-4.94054032760255,21.2809812199633
125,"web|simple|high|one_to_one",-6.39195918739736,21.2809812199633
125,"mobile|two_factor|high|one_to_one",-6.06585084790364,21.2809812199633
125,"mobile|multi_factor|high|one_to_one",-5.78763071716906,21.2809812199633
125,"web|multi_factor|high|one_to_one",-6.52934724500569,21.2809812199633
125,"web|simple|medium|multi_person",-5.22962859967626,21.2809812199633
125,"mobile|two_factor|medium|multi_person",-4.90352026018254,21.2809812199633
125,"web|two_factor|high|multi_person",-7.2340437054223,21.2809812199633
125,"web|multi_factor|high|multi_person",-6.95582357468772,21.2809812199633
125,"web|simple|medium|one_to_one",-4.80315226999422,21.2809812199633
125,"web|two_factor|medium|one_to_one",-5.21876045833713,21.2809812199633
125,"mobile|simple|high|one_to_one",-5.65024265956074,21.2809812199633
125,"mobile|simple|low|multi_person",-3.73893726785074,21.2809812199633
125,"web|multi_factor|low|multi_person",-4.61804185329569,21.2809812199633
125,"web|two_factor|medium|multi_person",-5.64523678801917,21.2809812199633
125,"mobile|two_factor|low|one_to_one",-3.72806912651161,21.2809812199633
125,"web|two_factor|high|one_to_one",-6.80756737574027,21.2809812199633
125,"web|two_factor|low|one_to_one",-4.46978565434824,21.2809812199633
126,"web|simple|low|multi_person",-5.71694739091076,16.004011778447
126,"mobile|two_factor|low|multi_person",-5.2121104942655,16.004011778447
126,"web|two_factor|low|multi_person",-5.34445809799475,16.004011778447
126,"mobile|multi_factor|low|multi_person",-6.66936850070915,16.004011778447
126,"mobile|simple|medium|multi_person",-6.64275689757855,16.004011778447
126,"mobile|multi_factor|medium|multi_person",-7.72752561110619,16.004011778447
126,"web|multi_factor|medium|multi_person",-7.85987321483543,16.004011778447
126,"mobile|simple|high|multi_person",-6.6425633454171,16.004011778447
126,"web|simple|high|multi_person",-6.77491094914635,16.004011778447
126,"mobile|two_factor|high|multi_person",-6.27007405250109,16.004011778447
126,"mobile|multi_factor|high|multi_person",-7.72733205894473,16.004011778447
126,"mobile|simple|low|one_to_one",-3.34944814608411,16.004011778447
126,"web|simple|low|one_to_one",-3.48179574981336,16.004011778447
126,"mobile|multi_factor|low|one_to_one",-4.43421685961175,16.004011778447
126,"web|multi_factor|low|one_to_one",-4.566564463341,16.004011778447
126,"mobile|simple|medium|one_to_one",-4.40760525648115,16.004011778447
126,"mobile|two_factor|medium|one_to_one",-4.03511596356514,16.004011778447
126,"mobile|multi_factor|medium|one_to_one",-5.49237397000879,16.004011778447
126,"web|multi_factor|medium|one_to_one",-5.62472157373803,16.004011778447
126,"web|simple|high|one_to_one",-4.53975930804894,16.004011778447
126,"mobile|two_factor|high|one_to_one",-4.03492241140369,16.004011778447
126,"mobile|multi_factor|high|one_to_one",-5.49218041784733,16.004011778447
126,"web|multi_factor|high|one_to_one",-5.62452802157658,16.004011778447
126,"web|simple|medium|multi_person",-6.7751045013078,16.004011778447
126,"mobile|two_factor|medium|multi_person",-6.27026760466254,16.004011778447
126,"web|two_factor|high|multi_person",-6.40242165623033,16.004011778447
126,"web|multi_factor|high|multi_person",-7.85967966267398,16.004011778447
126,"web|simple|medium|one_to_one",-4.5399528602104,16.004011778447
126,"web|two_factor|medium|one_to_one",-4.16746356729439,16.004011778447
126,"mobile|simple|high|one_to_one",-4.4074117043197,16.004011778447
126,"mobile|simple|low|multi_person",-5.58459978718151,16.004011778447
126,"web|multi_factor|low|multi_person",-6.8017161044384,16.004011778447
126,"web|two_factor|medium|multi_person",-6.40261520839178,16.004011778447
126,"mobile|two_factor|low|one_to_one",-2.9769588531681,16.004011778447
126,"web|two_factor|high|one_to_one",-4.16727001513293,16.004011778447
126,"web|two_factor|low|one_to_one",-3.10930645689735,16.004011778447
127,"web|simple|low|multi_person",-6.49072169199444,20.4496501183314
127,"mobile|two_factor|low|multi_person",-4.27563681248104,20.4496501183314
127,"web|two_factor|low|multi_person",-5.84620603571387,20.4496501183314
127,"mobile|multi_factor|low|multi_person",-3.7976694092771,20.4496501183314
127,"mobile|simple|medium|multi_person",-5.07319135648146,20.4496501183314
127,"mobile|multi_factor|medium|multi_person",-3.95070829699696,20.4496501183314
127,"web|multi_factor|medium|multi_person",-5.52127752022979,20.4496501183314
127,"mobile|simple|high|multi_person",-6.56709463641361,20.4496501183314
127,"web|simple|high|multi_person",-8.13766385964644,20.4496501183314
127,"mobile|two_factor|high|multi_person",-5.92257898013305,20.4496501183314
127,"mobile|multi_factor|high|multi_person",-5.44461157692911,20.4496501183314
127,"mobile|simple|low|one_to_one",-4.28107731969339,20.4496501183314
127,"web|simple|low|one_to_one",-5.85164654292622,20.4496501183314
127,"mobile|multi_factor|low|one_to_one",-3.15859426020889,20.4496501183314
127,"web|multi_factor|low|one_to_one",-4.72916348344172,20.4496501183314
127,"mobile|simple|medium|one_to_one",-4.43411620741324,20.4496501183314
127,"mobile|two_factor|medium|one_to_one",-3.78960055113268,20.4496501183314
127,"mobile|multi_factor|medium|one_to_one",-3.31163314792874,20.4496501183314
127,"web|multi_factor|medium|one_to_one",-4.88220237116157,20.4496501183314
127,"web|simple|high|one_to_one",-7.49858871057823,20.4496501183314
127,"mobile|two_factor|high|one_to_one",-5.28350383106483,20.4496501183314
127,"mobile|multi_factor|high|one_to_one",-4.80553642786089,20.4496501183314
127,"web|multi_factor|high|one_to_one",-6.37610565109372,20.4496501183314
127,"web|simple|medium|multi_person",-6.64376057971429,20.4496501183314
127,"mobile|two_factor|medium|multi_person",-4.4286757002009,20.4496501183314
127,"web|two_factor|high|multi_person",-7.49314820336588,20.4496501183314
127,"web|multi_factor|high|multi_person",-7.01518080016194,20.4496501183314
127,"web|simple|medium|one_to_one",-6.00468543064608,20.4496501183314
127,"web|two_factor|medium|one_to_one",-5.36016977436551,20.4496501183314
127,"mobile|simple|high|one_to_one",-5.92801948734539,20.4496501183314
127,"mobile|simple|low|multi_person",-4.92015246876161,20.4496501183314
127,"web|multi_factor|low|multi_person",-5.36823863250993,20.4496501183314
127,"web|two_factor|medium|multi_person",-5.99924492343373,20.4496501183314
127,"mobile|two_factor|low|one_to_one",-3.63656166341283,20.4496501183314
127,"web|two_factor|high|one_to_one",-6.85407305429766,20.4496501183314
127,"web|two_factor|low|one_to_one",-5.20713088664566,20.4496501183314
128,"web|simple|low|multi_person",-5.26213017057716,13.3052027926866
128,"mobile|two_factor|low|multi_person",-6.23681751996428,13.3052027926866
128,"web|two_factor|low|multi_person",-6.70777946173813,13.3052027926866
128,"mobile|multi_factor|low|multi_person",-6.19776929900659,13.3052027926866
128,"mobile|simple|medium|multi_person",-3.93745063218649,13.3052027926866
128,"mobile|multi_factor|medium|multi_person",-5.34405170238977,13.3052027926866
128,"web|multi_factor|medium|multi_person",-5.81501364416361,13.3052027926866
128,"mobile|simple|high|multi_person",-5.12941359121646,13.3052027926866
128,"web|simple|high|multi_person",-5.6003755329903,13.3052027926866
128,"mobile|two_factor|high|multi_person",-6.57506288237743,13.3052027926866
128,"mobile|multi_factor|high|multi_person",-6.53601466141973,13.3052027926866
128,"mobile|simple|low|one_to_one",-4.43266812544437,13.3052027926866
128,"web|simple|low|one_to_one",-4.90363006721821,13.3052027926866
128,"mobile|multi_factor|low|one_to_one",-5.83926919564765,13.3052027926866
128,"web|multi_factor|low|one_to_one",-6.31023113742149,13.3052027926866
128,"mobile|simple|medium|one_to_one",-3.57895052882755,13.3052027926866
128,"mobile|two_factor|medium|one_to_one",-5.02459981998852,13.3052027926866
128,"mobile|multi_factor|medium|one_to_one",-4.98555159903082,13.3052027926866
128,"web|multi_factor|medium|one_to_one",-5.45651354080467,13.3052027926866
128,"web|simple|high|one_to_one",-5.24187542963136,13.3052027926866
128,"mobile|two_factor|high|one_to_one",-6.21656277901849,13.3052027926866
128,"mobile|multi_factor|high|one_to_one",-6.17751455806079,13.3052027926866
128,"web|multi_factor|high|one_to_one",-6.64847649983463,13.3052027926866
128,"web|simple|medium|multi_person",-4.40841257396033,13.3052027926866
128,"mobile|two_factor|medium|multi_person",-5.38309992334746,13.3052027926866
128,"web|two_factor|high|multi_person",-7.04602482415127,13.3052027926866
128,"web|multi_factor|high|multi_person",-7.00697660319358,13.3052027926866
128,"web|simple|medium|one_to_one",-4.04991247060139,13.3052027926866
128,"web|two_factor|medium|one_to_one",-5.49556176176236,13.3052027926866
128,"mobile|simple|high|one_to_one",-4.77091348785751,13.3052027926866
128,"mobile|simple|low|multi_person",-4.79116822880331,13.3052027926866
128,"web|multi_factor|low|multi_person",-6.66873124078043,13.3052027926866
128,"web|two_factor|medium|multi_person",-5.8540618651213,13.3052027926866
128,"mobile|two_factor|low|one_to_one",-5.87831741660534,13.3052027926866
128,"web|two_factor|high|one_to_one",-6.68752472079233,13.3052027926866
128,"web|two_factor|low|one_to_one",-6.34927935837918,13.3052027926866
130,"web|simple|low|multi_person",-5.78554743179278,18.4506356653928
130,"mobile|two_factor|low|multi_person",-4.10796047939659,18.4506356653928
130,"web|two_factor|low|multi_person",-5.15381176408664,18.4506356653928
130,"mobile|multi_factor|low|multi_person",-2.88272395731434,18.4506356653928
130,"mobile|simple|medium|multi_person",-5.72754002879127,18.4506356653928
130,"mobile|multi_factor|medium|multi_person",-3.87056783900289,18.4506356653928
130,"web|multi_factor|medium|multi_person",-4.91641912369294,18.4506356653928
130,"mobile|simple|high|multi_person",-6.29727038487545,18.4506356653928
130,"web|simple|high|multi_person",-7.3431216695655,18.4506356653928
130,"mobile|two_factor|high|multi_person",-5.66553471716931,18.4506356653928
130,"mobile|multi_factor|high|multi_person",-4.44029819508706,18.4506356653928
130,"mobile|simple|low|one_to_one",-5.0515714205641,18.4506356653928
130,"web|simple|low|one_to_one",-6.09742270525415,18.4506356653928
130,"mobile|multi_factor|low|one_to_one",-3.19459923077571,18.4506356653928
130,"web|multi_factor|low|one_to_one",-4.24045051546576,18.4506356653928
130,"mobile|simple|medium|one_to_one",-6.03941530225264,18.4506356653928
130,"mobile|two_factor|medium|one_to_one",-5.40767963454651,18.4506356653928
130,"mobile|multi_factor|medium|one_to_one",-4.18244311246426,18.4506356653928
130,"web|multi_factor|medium|one_to_one",-5.22829439715431,18.4506356653928
130,"web|simple|high|one_to_one",-7.65499694302687,18.4506356653928
130,"mobile|two_factor|high|one_to_one",-5.97740999063068,18.4506356653928
130,"mobile|multi_factor|high|one_to_one",-4.75217346854843,18.4506356653928
130,"web|multi_factor|high|one_to_one",-5.79802475323848,18.4506356653928
130,"web|simple|medium|multi_person",-6.77339131348132,18.4506356653928
130,"mobile|two_factor|medium|multi_person",-5.09580436108514,18.4506356653928
130,"web|two_factor|high|multi_person",-6.71138600185936,18.4506356653928
130,"web|multi_factor|high|multi_person",-5.48614947977711,18.4506356653928
130,"web|simple|medium|one_to_one",-7.08526658694269,18.4506356653928
130,"web|two_factor|medium|one_to_one",-6.45353091923656,18.4506356653928
130,"mobile|simple|high|one_to_one",-6.60914565833682,18.4506356653928
130,"mobile|simple|low|multi_person",-4.73969614710273,18.4506356653928
130,"web|multi_factor|low|multi_person",-3.92857524200439,18.4506356653928
130,"web|two_factor|medium|multi_person",-6.14165564577519,18.4506356653928
130,"mobile|two_factor|low|one_to_one",-4.41983575285796,18.4506356653928
130,"web|two_factor|high|one_to_one",-7.02326127532073,18.4506356653928
130,"web|two_factor|low|one_to_one",-5.46568703754801,18.4506356653928
131,"web|simple|low|multi_person",-4.81613747223537,18.754011590675
131,"mobile|two_factor|low|multi_person",-4.30001263155908,18.754011590675
131,"web|two_factor|low|multi_person",-3.94454422865994,18.754011590675
131,"mobile|multi_factor|low|multi_person",-5.80810198273996,18.754011590675
131,"mobile|simple|medium|multi_person",-6.36634320031263,18.754011590675
131,"mobile|multi_factor|medium|multi_person",-7.00283930791808,18.754011590675
131,"web|multi_factor|medium|multi_person",-6.64737090501894,18.754011590675
131,"mobile|simple|high|multi_person",-6.31493793703377,18.754011590675
131,"web|simple|high|multi_person",-5.95946953413463,18.754011590675
131,"mobile|two_factor|high|multi_person",-5.44334469345834,18.754011590675
131,"mobile|multi_factor|high|multi_person",-6.95143404463922,18.754011590675
131,"mobile|simple|low|one_to_one",-4.90728792041732,18.754011590675
131,"web|simple|low|one_to_one",-4.55181951751818,18.754011590675
131,"mobile|multi_factor|low|one_to_one",-5.54378402802277,18.754011590675
131,"web|multi_factor|low|one_to_one",-5.18831562512363,18.754011590675
131,"mobile|simple|medium|one_to_one",-6.10202524559544,18.754011590675
131,"mobile|two_factor|medium|one_to_one",-5.23043200202001,18.754011590675
131,"mobile|multi_factor|medium|one_to_one",-6.7385213532009,18.754011590675
131,"web|multi_factor|medium|one_to_one",-6.38305295030176,18.754011590675
131,"web|simple|high|one_to_one",-5.69515157941744,18.754011590675
131,"mobile|two_factor|high|one_to_one",-5.17902673874115,18.754011590675
131,"mobile|multi_factor|high|one_to_one",-6.68711608992203,18.754011590675
131,"web|multi_factor|high|one_to_one",-6.33164768702289,18.754011590675
131,"web|simple|medium|multi_person",-6.01087479741349,18.754011590675
131,"mobile|two_factor|medium|multi_person",-5.4947499567372,18.754011590675
131,"web|two_factor|high|multi_person",-5.0878762905592,18.754011590675
131,"web|multi_factor|high|multi_person",-6.59596564174008,18.754011590675
131,"web|simple|medium|one_to_one",-5.7465568426963,18.754011590675
131,"web|two_factor|medium|one_to_one",-4.87496359912087,18.754011590675
131,"mobile|simple|high|one_to_one",-6.05061998231658,18.754011590675
131,"mobile|simple|low|multi_person",-5.17160587513451,18.754011590675
131,"web|multi_factor|low|multi_person",-5.45263357984082,18.754011590675
131,"web|two_factor|medium|multi_person",-5.13928155383806,18.754011590675
131,"mobile|two_factor|low|one_to_one",-4.03569467684189,18.754011590675
131,"web|two_factor|high|one_to_one",-4.82355833584201,18.754011590675
131,"web|two_factor|low|one_to_one",-3.68022627394275,18.754011590675
132,"web|simple|low|multi_person",-3.37864759482499,19.8335585349943
132,"mobile|two_factor|low|multi_person",-4.26113071602323,19.8335585349943
132,"web|two_factor|low|multi_person",-4.81541195501513,19.8335585349943
132,"mobile|multi_factor|low|multi_person",-3.91781225769934,19.8335585349943
132,"mobile|simple|medium|multi_person",-4.01866974350258,19.8335585349943
132,"mobile|multi_factor|medium|multi_person",-5.11211564536884,19.8335585349943
132,"web|multi_factor|medium|multi_person",-5.66639688436074,19.8335585349943
132,"mobile|simple|high|multi_person",-4.97440049562335,19.8335585349943
132,"web|simple|high|multi_person",-5.52868173461526,19.8335585349943
132,"mobile|two_factor|high|multi_person",-6.4111648558135,19.8335585349943
132,"mobile|multi_factor|high|multi_person",-6.06784639748961,19.8335585349943
132,"mobile|simple|low|one_to_one",-3.24328964382856,19.8335585349943
132,"web|simple|low|one_to_one",-3.79757088282046,19.8335585349943
132,"mobile|multi_factor|low|one_to_one",-4.33673554569482,19.8335585349943
132,"web|multi_factor|low|one_to_one",-4.89101678468672,19.8335585349943
132,"mobile|simple|medium|one_to_one",-4.43759303149805,19.8335585349943
132,"mobile|two_factor|medium|one_to_one",-5.87435739168819,19.8335585349943
132,"mobile|multi_factor|medium|one_to_one",-5.53103893336431,19.8335585349943
132,"web|multi_factor|medium|one_to_one",-6.08532017235621,19.8335585349943
132,"web|simple|high|one_to_one",-5.94760502261073,19.8335585349943
132,"mobile|two_factor|high|one_to_one",-6.83008814380897,19.8335585349943
132,"mobile|multi_factor|high|one_to_one",-6.48676968548509,19.8335585349943
132,"web|multi_factor|high|one_to_one",-7.04105092447699,19.8335585349943
132,"web|simple|medium|multi_person",-4.57295098249448,19.8335585349943
132,"mobile|two_factor|medium|multi_person",-5.45543410369272,19.8335585349943
132,"web|two_factor|high|multi_person",-6.9654460948054,19.8335585349943
132,"web|multi_factor|high|multi_person",-6.62212763648152,19.8335585349943
132,"web|simple|medium|one_to_one",-4.99187427048995,19.8335585349943
132,"web|two_factor|medium|one_to_one",-6.4286386306801,19.8335585349943
132,"mobile|simple|high|one_to_one",-5.39332378361883,19.8335585349943
132,"mobile|simple|low|multi_person",-2.82436635583308,19.8335585349943
132,"web|multi_factor|low|multi_person",-4.47209349669125,19.8335585349943
132,"web|two_factor|medium|multi_person",-6.00971534268463,19.8335585349943
132,"mobile|two_factor|low|one_to_one",-4.6800540040187,19.8335585349943
132,"web|two_factor|high|one_to_one",-7.38436938280088,19.8335585349943
132,"web|two_factor|low|one_to_one",-5.23433524301061,19.8335585349943
133,"web|simple|low|multi_person",-3.26673231294971,14.0561059224348
133,"mobile|two_factor|low|multi_person",-4.62968540813616,14.0561059224348
133,"web|two_factor|low|multi_person",-4.56886516117755,14.0561059224348
133,"mobile|multi_factor|low|multi_person",-4.94670075652677,14.0561059224348
133,"mobile|simple|medium|multi_person",-4.75143817690662,14.0561059224348
133,"mobile|multi_factor|medium|multi_person",-6.37058637352507,14.0561059224348
133,"web|multi_factor|medium|multi_person",-6.30976612656646,14.0561059224348
133,"mobile|simple|high|multi_person",-6.38392647828489,14.0561059224348
133,"web|simple|high|multi_person",-6.32310623132628,14.0561059224348
133,"mobile|two_factor|high|multi_person",-7.68605932651273,14.0561059224348
133,"mobile|multi_factor|high|multi_person",-8.00307467490334,14.0561059224348
133,"mobile|simple|low|one_to_one",-2.36335093571522,14.0561059224348
133,"web|simple|low|one_to_one",-2.30253068875661,14.0561059224348
133,"mobile|multi_factor|low|one_to_one",-3.98249913233367,14.0561059224348
133,"web|multi_factor|low|one_to_one",-3.92167888537506,14.0561059224348
133,"mobile|simple|medium|one_to_one",-3.78723655271352,14.0561059224348
133,"mobile|two_factor|medium|one_to_one",-5.08936940094136,14.0561059224348
133,"mobile|multi_factor|medium|one_to_one",-5.40638474933197,14.0561059224348
133,"web|multi_factor|medium|one_to_one",-5.34556450237336,14.0561059224348
133,"web|simple|high|one_to_one",-5.35890460713318,14.0561059224348
133,"mobile|two_factor|high|one_to_one",-6.72185770231963,14.0561059224348
133,"mobile|multi_factor|high|one_to_one",-7.03887305071024,14.0561059224348
133,"web|multi_factor|high|one_to_one",-6.97805280375163,14.0561059224348
133,"web|simple|medium|multi_person",-4.69061792994801,14.0561059224348
133,"mobile|two_factor|medium|multi_person",-6.05357102513446,14.0561059224348
133,"web|two_factor|high|multi_person",-7.62523907955412,14.0561059224348
133,"web|multi_factor|high|multi_person",-7.94225442794473,14.0561059224348
133,"web|simple|medium|one_to_one",-3.72641630575491,14.0561059224348
133,"web|two_factor|medium|one_to_one",-5.02854915398275,14.0561059224348
133,"mobile|simple|high|one_to_one",-5.41972485409179,14.0561059224348
133,"mobile|simple|low|multi_person",-3.32755255990832,14.0561059224348
133,"web|multi_factor|low|multi_person",-4.88588050956816,14.0561059224348
133,"web|two_factor|medium|multi_person",-5.99275077817585,14.0561059224348
133,"mobile|two_factor|low|one_to_one",-3.66548378394306,14.0561059224348
133,"web|two_factor|high|one_to_one",-6.66103745536102,14.0561059224348
133,"web|two_factor|low|one_to_one",-3.60466353698445,14.0561059224348
135,"web|simple|low|multi_person",-4.66484448722696,20.9245330384784
135,"mobile|two_factor|low|multi_person",-4.03691546868159,20.9245330384784
135,"web|two_factor|low|multi_person",-5.06725973514071,20.9245330384784
135,"mobile|multi_factor|low|multi_person",-4.22284303429677,20.9245330384784
135,"mobile|simple|medium|multi_person",-4.47759711479837,20.9245330384784
135,"mobile|multi_factor|medium|multi_person",-5.06593992832729,20.9245330384784
135,"web|multi_factor|medium|multi_person",-6.09628419478641,20.9245330384784
135,"mobile|simple|high|multi_person",-5.4511539243552,20.9245330384784
135,"web|simple|high|multi_person",-6.48149819081432,20.9245330384784
135,"mobile|two_factor|high|multi_person",-5.85356917226895,20.9245330384784
135,"mobile|multi_factor|high|multi_person",-6.03949673788413,20.9245330384784
135,"mobile|simple|low|one_to_one",-3.19873099088154,20.9245330384784
135,"web|simple|low|one_to_one",-4.22907525734066,20.9245330384784
135,"mobile|multi_factor|low|one_to_one",-3.78707380441046,20.9245330384784
135,"web|multi_factor|low|one_to_one",-4.81741807086958,20.9245330384784
135,"mobile|simple|medium|one_to_one",-4.04182788491206,20.9245330384784
135,"mobile|two_factor|medium|one_to_one",-4.4442431328258,20.9245330384784
135,"mobile|multi_factor|medium|one_to_one",-4.63017069844098,20.9245330384784
135,"web|multi_factor|medium|one_to_one",-5.6605149649001,20.9245330384784
135,"web|simple|high|one_to_one",-6.04572896092802,20.9245330384784
135,"mobile|two_factor|high|one_to_one",-5.41779994238264,20.9245330384784
135,"mobile|multi_factor|high|one_to_one",-5.60372750799782,20.9245330384784
135,"web|multi_factor|high|one_to_one",-6.63407177445694,20.9245330384784
135,"web|simple|medium|multi_person",-5.50794138125749,20.9245330384784
135,"mobile|two_factor|medium|multi_person",-4.88001236271211,20.9245330384784
135,"web|two_factor|high|multi_person",-6.88391343872807,20.9245330384784
135,"web|multi_factor|high|multi_person",-7.06984100434325,20.9245330384784
135,"web|simple|medium|one_to_one",-5.07217215137118,20.9245330384784
135,"web|two_factor|medium|one_to_one",-5.47458739928492,20.9245330384784
135,"mobile|simple|high|one_to_one",-5.0153846944689,20.9245330384784
135,"mobile|simple|low|multi_person",-3.63450022076785,20.9245330384784
135,"web|multi_factor|low|multi_person",-5.25318730075589,20.9245330384784
135,"web|two_factor|medium|multi_person",-5.91035662917123,20.9245330384784
135,"mobile|two_factor|low|one_to_one",-3.60114623879528,20.9245330384784
135,"web|two_factor|high|one_to_one",-6.44814420884176,20.9245330384784
135,"web|two_factor|low|one_to_one",-4.6314905052544,20.9245330384784
136,"web|simple|low|multi_person",-5.91977486419893,13.7922299999056
136,"mobile|two_factor|low|multi_person",-3.96768157549872,13.7922299999056
136,"web|two_factor|low|multi_person",-5.5181984219061,13.7922299999056
136,"mobile|multi_factor|low|multi_person",-4.2522142107062,13.7922299999056
136,"mobile|simple|medium|multi_person",-4.97130389800724,13.7922299999056
136,"mobile|multi_factor|medium|multi_person",-4.85426009092189,13.7922299999056
136,"web|multi_factor|medium|multi_person",-6.40477693732927,13.7922299999056
136,"mobile|simple|high|multi_person",-5.97636943605822,13.7922299999056
136,"web|simple|high|multi_person",-7.5268862824656,13.7922299999056
136,"mobile|two_factor|high|multi_person",-5.57479299376539,13.7922299999056
136,"mobile|multi_factor|high|multi_person",-5.85932562897287,13.7922299999056
136,"mobile|simple|low|one_to_one",-4.27070921615261,13.7922299999056
136,"web|simple|low|one_to_one",-5.82122606255999,13.7922299999056
136,"mobile|multi_factor|low|one_to_one",-4.15366540906726,13.7922299999056
136,"web|multi_factor|low|one_to_one",-5.70418225547464,13.7922299999056
136,"mobile|simple|medium|one_to_one",-4.87275509636829,13.7922299999056
136,"mobile|two_factor|medium|one_to_one",-4.47117865407546,13.7922299999056
136,"mobile|multi_factor|medium|one_to_one",-4.75571128928294,13.7922299999056
136,"web|multi_factor|medium|one_to_one",-6.30622813569032,13.7922299999056
136,"web|simple|high|one_to_one",-7.42833748082665,13.7922299999056
136,"mobile|two_factor|high|one_to_one",-5.47624419212644,13.7922299999056
136,"mobile|multi_factor|high|one_to_one",-5.76077682733392,13.7922299999056
136,"web|multi_factor|high|one_to_one",-7.3112936737413,13.7922299999056
136,"web|simple|medium|multi_person",-6.52182074441462,13.7922299999056
136,"mobile|two_factor|medium|multi_person",-4.56972745571441,13.7922299999056
136,"web|two_factor|high|multi_person",-7.12530984017277,13.7922299999056
136,"web|multi_factor|high|multi_person",-7.40984247538025,13.7922299999056
136,"web|simple|medium|one_to_one",-6.42327194277567,13.7922299999056
136,"web|two_factor|medium|one_to_one",-6.02169550048284,13.7922299999056
136,"mobile|simple|high|one_to_one",-5.87782063441927,13.7922299999056
136,"mobile|simple|low|multi_person",-4.36925801779156,13.7922299999056
136,"web|multi_factor|low|multi_person",-5.80273105711358,13.7922299999056
136,"web|two_factor|medium|multi_person",-6.12024430212179,13.7922299999056
136,"mobile|two_factor|low|one_to_one",-3.86913277385978,13.7922299999056
136,"web|two_factor|high|one_to_one",-7.02676103853382,13.7922299999056
136,"web|two_factor|low|one_to_one",-5.41964962026716,13.7922299999056
137,"web|simple|low|multi_person",-9.59377914113912,2.26469319430065
137,"mobile|two_factor|low|multi_person",-5.31400505536064,2.26469319430065
137,"web|two_factor|low|multi_person",-6.54610336833192,2.26469319430065
137,"mobile|multi_factor|low|multi_person",-3.87964181010375,2.26469319430065
137,"mobile|simple|medium|multi_person",-8.61406828358743,2.26469319430065
137,"mobile|multi_factor|medium|multi_person",-4.13202926552334,2.26469319430065
137,"web|multi_factor|medium|multi_person",-5.36412757849462,2.26469319430065
137,"mobile|simple|high|multi_person",-9.80916269761192,2.26469319430065
137,"web|simple|high|multi_person",-11.0412610105832,2.26469319430065
137,"mobile|two_factor|high|multi_person",-6.76148692480471,2.26469319430065
137,"mobile|multi_factor|high|multi_person",-5.32712367954783,2.26469319430065
137,"mobile|simple|low|one_to_one",-9.02797319165336,2.26469319430065
137,"web|simple|low|one_to_one",-10.2600715046246,2.26469319430065
137,"mobile|multi_factor|low|one_to_one",-4.54593417358927,2.26469319430065
137,"web|multi_factor|low|one_to_one",-5.77803248656055,2.26469319430065
137,"mobile|simple|medium|one_to_one",-9.28036064707295,2.26469319430065
137,"mobile|two_factor|medium|one_to_one",-6.23268487426574,2.26469319430065
137,"mobile|multi_factor|medium|one_to_one",-4.79832162900886,2.26469319430065
137,"web|multi_factor|medium|one_to_one",-6.03041994198014,2.26469319430065
137,"web|simple|high|one_to_one",-11.7075533740687,2.26469319430065
137,"mobile|two_factor|high|one_to_one",-7.42777928829023,2.26469319430065
137,"mobile|multi_factor|high|one_to_one",-5.99341604303335,2.26469319430065
137,"web|multi_factor|high|one_to_one",-7.22551435600463,2.26469319430065
137,"web|simple|medium|multi_person",-9.84616659655871,2.26469319430065
137,"mobile|two_factor|medium|multi_person",-5.56639251078022,2.26469319430065
137,"web|two_factor|high|multi_person",-7.993585237776,2.26469319430065
137,"web|multi_factor|high|multi_person",-6.55922199251911,2.26469319430065
137,"web|simple|medium|one_to_one",-10.5124589600442,2.26469319430065
137,"web|two_factor|medium|one_to_one",-7.46478318723702,2.26469319430065
137,"mobile|simple|high|one_to_one",-10.4754550610974,2.26469319430065
137,"mobile|simple|low|multi_person",-8.36168082816784,2.26469319430065
137,"web|multi_factor|low|multi_person",-5.11174012307503,2.26469319430065
137,"web|two_factor|medium|multi_person",-6.7984908237515,2.26469319430065
137,"mobile|two_factor|low|one_to_one",-5.98029741884615,2.26469319430065
137,"web|two_factor|high|one_to_one",-8.65987760126152,2.26469319430065
137,"web|two_factor|low|one_to_one",-7.21239573181744,2.26469319430065
138,"web|simple|low|multi_person",-5.68656242497266,19.9963545225758
138,"mobile|two_factor|low|multi_person",-4.12564897011605,19.9963545225758
138,"web|two_factor|low|multi_person",-5.47748945857462,19.9963545225758
138,"mobile|multi_factor|low|multi_person",-3.13260371026905,19.9963545225758
138,"mobile|simple|medium|multi_person",-5.29339125767202,19.9963545225758
138,"mobile|multi_factor|medium|multi_person",-4.09127303142698,19.9963545225758
138,"web|multi_factor|medium|multi_person",-5.44311351988555,19.9963545225758
138,"mobile|simple|high|multi_person",-6.60763913910015,19.9963545225758
138,"web|simple|high|multi_person",-7.95947962755872,19.9963545225758
138,"mobile|two_factor|high|multi_person",-6.39856617270211,19.9963545225758
138,"mobile|multi_factor|high|multi_person",-5.40552091285512,19.9963545225758
138,"mobile|simple|low|one_to_one",-3.37411808493438,19.9963545225758
138,"web|simple|low|one_to_one",-4.72595857339295,19.9963545225758
138,"mobile|multi_factor|low|one_to_one",-2.17199985868934,19.9963545225758
138,"web|multi_factor|low|one_to_one",-3.52384034714791,19.9963545225758
138,"mobile|simple|medium|one_to_one",-4.3327874060923,19.9963545225758
138,"mobile|two_factor|medium|one_to_one",-4.12371443969426,19.9963545225758
138,"mobile|multi_factor|medium|one_to_one",-3.13066917984727,19.9963545225758
138,"web|multi_factor|medium|one_to_one",-4.48250966830584,19.9963545225758
138,"web|simple|high|one_to_one",-6.99887577597901,19.9963545225758
138,"mobile|two_factor|high|one_to_one",-5.4379623211224,19.9963545225758
138,"mobile|multi_factor|high|one_to_one",-4.4449170612754,19.9963545225758
138,"web|multi_factor|high|one_to_one",-5.79675754973397,19.9963545225758
138,"web|simple|medium|multi_person",-6.64523174613059,19.9963545225758
138,"mobile|two_factor|medium|multi_person",-5.08431829127398,19.9963545225758
138,"web|two_factor|high|multi_person",-7.75040666116068,19.9963545225758
138,"web|multi_factor|high|multi_person",-6.75736140131369,19.9963545225758
138,"web|simple|medium|one_to_one",-5.68462789455087,19.9963545225758
138,"web|two_factor|medium|one_to_one",-5.47555492815283,19.9963545225758
138,"mobile|simple|high|one_to_one",-5.64703528752043,19.9963545225758
138,"mobile|simple|low|multi_person",-4.33472193651409,19.9963545225758
138,"web|multi_factor|low|multi_person",-4.48444419872763,19.9963545225758
138,"web|two_factor|medium|multi_person",-6.43615877973255,19.9963545225758
138,"mobile|two_factor|low|one_to_one",-3.16504511853634,19.9963545225758
138,"web|two_factor|high|one_to_one",-6.78980280958097,19.9963545225758
138,"web|two_factor|low|one_to_one",-4.51688560699491,19.9963545225758
140,"web|simple|low|multi_person",-5.1885792419177,13.4145647496582
140,"mobile|two_factor|low|multi_person",-5.46629830965567,13.4145647496582
140,"web|two_factor|low|multi_person",-5.47940431472101,13.4145647496582
140,"mobile|multi_factor|low|multi_person",-6.0686150079252,13.4145647496582
140,"mobile|simple|medium|multi_person",-5.77329921447121,13.4145647496582
140,"mobile|multi_factor|medium|multi_person",-6.66644098554405,13.4145647496582
140,"web|multi_factor|medium|multi_person",-6.67954699060938,13.4145647496582
140,"mobile|simple|high|multi_person",-4.54361255729895,13.4145647496582
140,"web|simple|high|multi_person",-4.55671856236429,13.4145647496582
140,"mobile|two_factor|high|multi_person",-4.83443763010226,13.4145647496582
140,"mobile|multi_factor|high|multi_person",-5.43675432837178,13.4145647496582
140,"mobile|simple|low|one_to_one",-5.31966561811397,13.4145647496582
140,"web|simple|low|one_to_one",-5.33277162317931,13.4145647496582
140,"mobile|multi_factor|low|one_to_one",-6.2128073891868,13.4145647496582
140,"web|multi_factor|low|one_to_one",-6.22591339425214,13.4145647496582
140,"mobile|simple|medium|one_to_one",-5.91749159573282,13.4145647496582
140,"mobile|two_factor|medium|one_to_one",-6.20831666853612,13.4145647496582
140,"mobile|multi_factor|medium|one_to_one",-6.81063336680565,13.4145647496582
140,"web|multi_factor|medium|one_to_one",-6.82373937187099,13.4145647496582
140,"web|simple|high|one_to_one",-4.70091094362589,13.4145647496582
140,"mobile|two_factor|high|one_to_one",-4.97863001136386,13.4145647496582
140,"mobile|multi_factor|high|one_to_one",-5.58094670963339,13.4145647496582
140,"web|multi_factor|high|one_to_one",-5.59405271469872,13.4145647496582
140,"web|simple|medium|multi_person",-5.78640521953655,13.4145647496582
140,"mobile|two_factor|medium|multi_person",-6.06412428727452,13.4145647496582
140,"web|two_factor|high|multi_person",-4.84754363516759,13.4145647496582
140,"web|multi_factor|high|multi_person",-5.44986033343712,13.4145647496582
140,"web|simple|medium|one_to_one",-5.93059760079815,13.4145647496582
140,"web|two_factor|medium|one_to_one",-6.22142267360146,13.4145647496582
140,"mobile|simple|high|one_to_one",-4.68780493856055,13.4145647496582
140,"mobile|simple|low|multi_person",-5.17547323685237,13.4145647496582
140,"web|multi_factor|low|multi_person",-6.08172101299054,13.4145647496582
140,"web|two_factor|medium|multi_person",-6.07723029233986,13.4145647496582
140,"mobile|two_factor|low|one_to_one",-5.61049069091728,13.4145647496582
140,"web|two_factor|high|one_to_one",-4.9917360164292,13.4145647496582
140,"web|two_factor|low|one_to_one",-5.62359669598261,13.4145647496582
141,"web|simple|low|multi_person",-3.63442639236341,22.0270921983095
141,"mobile|two_factor|low|multi_person",-4.21984471599416,22.0270921983095
141,"web|two_factor|low|multi_person",-4.7609499759807,22.0270921983095
141,"mobile|multi_factor|low|multi_person",-4.76468719686832,22.0270921983095
141,"mobile|simple|medium|multi_person",-3.99611716617366,22.0270921983095
141,"mobile|multi_factor|medium|multi_person",-5.6674832306651,22.0270921983095
141,"web|multi_factor|medium|multi_person",-6.20858849065163,22.0270921983095
141,"mobile|simple|high|multi_person",-5.04629892887453,22.0270921983095
141,"web|simple|high|multi_person",-5.58740418886106,22.0270921983095
141,"mobile|two_factor|high|multi_person",-6.17282251249181,22.0270921983095
141,"mobile|multi_factor|high|multi_person",-6.71766499336597,22.0270921983095
141,"mobile|simple|low|one_to_one",-1.88027508851077,22.0270921983095
141,"web|simple|low|one_to_one",-2.4213803484973,22.0270921983095
141,"mobile|multi_factor|low|one_to_one",-3.55164115300221,22.0270921983095
141,"web|multi_factor|low|one_to_one",-4.09274641298874,22.0270921983095
141,"mobile|simple|medium|one_to_one",-2.78307112230755,22.0270921983095
141,"mobile|two_factor|medium|one_to_one",-3.90959470592483,22.0270921983095
141,"mobile|multi_factor|medium|one_to_one",-4.45443718679899,22.0270921983095
141,"web|multi_factor|medium|one_to_one",-4.99554244678552,22.0270921983095
141,"web|simple|high|one_to_one",-4.37435814499495,22.0270921983095
141,"mobile|two_factor|high|one_to_one",-4.9597764686257,22.0270921983095
141,"mobile|multi_factor|high|one_to_one",-5.50461894949986,22.0270921983095
141,"web|multi_factor|high|one_to_one",-6.04572420948639,22.0270921983095
141,"web|simple|medium|multi_person",-4.53722242616019,22.0270921983095
141,"mobile|two_factor|medium|multi_person",-5.12264074979094,22.0270921983095
141,"web|two_factor|high|multi_person",-6.71392777247835,22.0270921983095
141,"web|multi_factor|high|multi_person",-7.2587702533525,22.0270921983095
141,"web|simple|medium|one_to_one",-3.32417638229408,22.0270921983095
141,"web|two_factor|medium|one_to_one",-4.45069996591136,22.0270921983095
141,"mobile|simple|high|one_to_one",-3.83325288500842,22.0270921983095
141,"mobile|simple|low|multi_person",-3.09332113237688,22.0270921983095
141,"web|multi_factor|low|multi_person",-5.30579245685485,22.0270921983095
141,"web|two_factor|medium|multi_person",-5.66374600977747,22.0270921983095
141,"mobile|two_factor|low|one_to_one",-3.00679867212805,22.0270921983095
141,"web|two_factor|high|one_to_one",-5.50088172861224,22.0270921983095
141,"web|two_factor|low|one_to_one",-3.54790393211459,22.0270921983095
142,"web|simple|low|multi_person",-4.83663175732072,21.1255035047112
142,"mobile|two_factor|low|multi_person",-3.9859867297867,21.1255035047112
142,"web|two_factor|low|multi_person",-4.66143093469439,21.1255035047112
142,"mobile|multi_factor|low|multi_person",-4.72543270109171,21.1255035047112
142,"mobile|simple|medium|multi_person",-5.21315380861703,21.1255035047112
142,"mobile|multi_factor|medium|multi_person",-5.77739895729571,21.1255035047112
142,"web|multi_factor|medium|multi_person",-6.45284316220341,21.1255035047112
142,"mobile|simple|high|multi_person",-6.03904976811344,21.1255035047112
142,"web|simple|high|multi_person",-6.71449397302114,21.1255035047112
142,"mobile|two_factor|high|multi_person",-5.86384894548712,21.1255035047112
142,"mobile|multi_factor|high|multi_person",-6.60329491679213,21.1255035047112
142,"mobile|simple|low|one_to_one",-3.24705126262176,21.1255035047112
142,"web|simple|low|one_to_one",-3.92249546752946,21.1255035047112
142,"mobile|multi_factor|low|one_to_one",-3.81129641130045,21.1255035047112
142,"web|multi_factor|low|one_to_one",-4.48674061620814,21.1255035047112
142,"mobile|simple|medium|one_to_one",-4.29901751882576,21.1255035047112
142,"mobile|two_factor|medium|one_to_one",-4.12381669619943,21.1255035047112
142,"mobile|multi_factor|medium|one_to_one",-4.86326266750445,21.1255035047112
142,"web|multi_factor|medium|one_to_one",-5.53870687241214,21.1255035047112
142,"web|simple|high|one_to_one",-5.80035768322987,21.1255035047112
142,"mobile|two_factor|high|one_to_one",-4.94971265569585,21.1255035047112
142,"mobile|multi_factor|high|one_to_one",-5.68915862700086,21.1255035047112
142,"web|multi_factor|high|one_to_one",-6.36460283190856,21.1255035047112
142,"web|simple|medium|multi_person",-5.88859801352472,21.1255035047112
142,"mobile|two_factor|medium|multi_person",-5.0379529859907,21.1255035047112
142,"web|two_factor|high|multi_person",-6.53929315039481,21.1255035047112
142,"web|multi_factor|high|multi_person",-7.27873912169982,21.1255035047112
142,"web|simple|medium|one_to_one",-4.97446172373346,21.1255035047112
142,"web|two_factor|medium|one_to_one",-4.79926090110713,21.1255035047112
142,"mobile|simple|high|one_to_one",-5.12491347832218,21.1255035047112
142,"mobile|simple|low|multi_person",-4.16118755241303,21.1255035047112
142,"web|multi_factor|low|multi_person",-5.40087690599941,21.1255035047112
142,"web|two_factor|medium|multi_person",-5.7133971908984,21.1255035047112
142,"mobile|two_factor|low|one_to_one",-3.07185043999543,21.1255035047112
142,"web|two_factor|high|one_to_one",-5.62515686060355,21.1255035047112
142,"web|two_factor|low|one_to_one",-3.74729464490313,21.1255035047112
143,"web|simple|low|multi_person",-5.68275868829057,18.825897292214
143,"mobile|two_factor|low|multi_person",-3.91702138367053,18.825897292214
143,"web|two_factor|low|multi_person",-5.69099974313352,18.825897292214
143,"mobile|multi_factor|low|multi_person",-3.76627179627963,18.825897292214
143,"mobile|simple|medium|multi_person",-4.49293361928319,18.825897292214
143,"mobile|multi_factor|medium|multi_person",-4.35042508673524,18.825897292214
143,"web|multi_factor|medium|multi_person",-6.12440344619822,18.825897292214
143,"mobile|simple|high|multi_person",-5.58568259411676,18.825897292214
143,"web|simple|high|multi_person",-7.35966095357975,18.825897292214
143,"mobile|two_factor|high|multi_person",-5.59392364895971,18.825897292214
143,"mobile|multi_factor|high|multi_person",-5.44317406156881,18.825897292214
143,"mobile|simple|low|one_to_one",-3.17974900654116,18.825897292214
143,"web|simple|low|one_to_one",-4.95372736600415,18.825897292214
143,"mobile|multi_factor|low|one_to_one",-3.03724047399321,18.825897292214
143,"web|multi_factor|low|one_to_one",-4.81121883345619,18.825897292214
143,"mobile|simple|medium|one_to_one",-3.76390229699677,18.825897292214
143,"mobile|two_factor|medium|one_to_one",-3.77214335183972,18.825897292214
143,"mobile|multi_factor|medium|one_to_one",-3.62139376444881,18.825897292214
143,"web|multi_factor|medium|one_to_one",-5.3953721239118,18.825897292214
143,"web|simple|high|one_to_one",-6.63062963129333,18.825897292214
143,"mobile|two_factor|high|one_to_one",-4.86489232667329,18.825897292214
143,"mobile|multi_factor|high|one_to_one",-4.71414273928239,18.825897292214
143,"web|multi_factor|high|one_to_one",-6.48812109874537,18.825897292214
143,"web|simple|medium|multi_person",-6.26691197874618,18.825897292214
143,"mobile|two_factor|medium|multi_person",-4.50117467412614,18.825897292214
143,"web|two_factor|high|multi_person",-7.3679020084227,18.825897292214
143,"web|multi_factor|high|multi_person",-7.2171524210318,18.825897292214
143,"web|simple|medium|one_to_one",-5.53788065645975,18.825897292214
143,"web|two_factor|medium|one_to_one",-5.5461217113027,18.825897292214
143,"mobile|simple|high|one_to_one",-4.85665127183034,18.825897292214
143,"mobile|simple|low|multi_person",-3.90878032882758,18.825897292214
143,"web|multi_factor|low|multi_person",-5.54025015574262,18.825897292214
143,"web|two_factor|medium|multi_person",-6.27515303358912,18.825897292214
143,"mobile|two_factor|low|one_to_one",-3.18799006138411,18.825897292214
143,"web|two_factor|high|one_to_one",-6.63887068613627,18.825897292214
143,"web|two_factor|low|one_to_one",-4.9619684208471,18.825897292214
144,"web|simple|low|multi_person",-5.56298562433723,22.5430948977165
144,"mobile|two_factor|low|multi_person",-4.24039005179254,22.5430948977165
144,"web|two_factor|low|multi_person",-5.22241804527612,22.5430948977165
144,"mobile|multi_factor|low|multi_person",-3.8449565213639,22.5430948977165
144,"mobile|simple|medium|multi_person",-5.67086344540266,22.5430948977165
144,"mobile|multi_factor|medium|multi_person",-4.9348623359129,22.5430948977165
144,"web|multi_factor|medium|multi_person",-5.91689032939648,22.5430948977165
144,"mobile|simple|high|multi_person",-6.51630803539793,22.5430948977165
144,"web|simple|high|multi_person",-7.49833602888151,22.5430948977165
144,"mobile|two_factor|high|multi_person",-6.17574045633682,22.5430948977165
144,"mobile|multi_factor|high|multi_person",-5.78030692590817,22.5430948977165
144,"mobile|simple|low|one_to_one",-3.97792019232952,22.5430948977165
144,"web|simple|low|one_to_one",-4.9599481858131,22.5430948977165
144,"mobile|multi_factor|low|one_to_one",-3.24191908283976,22.5430948977165
144,"web|multi_factor|low|one_to_one",-4.22394707632334,22.5430948977165
144,"mobile|simple|medium|one_to_one",-5.06782600687852,22.5430948977165
144,"mobile|two_factor|medium|one_to_one",-4.72725842781741,22.5430948977165
144,"mobile|multi_factor|medium|one_to_one",-4.33182489738876,22.5430948977165
144,"web|multi_factor|medium|one_to_one",-5.31385289087234,22.5430948977165
144,"web|simple|high|one_to_one",-6.89529859035737,22.5430948977165
144,"mobile|two_factor|high|one_to_one",-5.57270301781268,22.5430948977165
144,"mobile|multi_factor|high|one_to_one",-5.17726948738404,22.5430948977165
144,"web|multi_factor|high|one_to_one",-6.15929748086761,22.5430948977165
144,"web|simple|medium|multi_person",-6.65289143888623,22.5430948977165
144,"mobile|two_factor|medium|multi_person",-5.33029586634154,22.5430948977165
144,"web|two_factor|high|multi_person",-7.1577684498204,22.5430948977165
144,"web|multi_factor|high|multi_person",-6.76233491939175,22.5430948977165
144,"web|simple|medium|one_to_one",-6.04985400036209,22.5430948977165
144,"web|two_factor|medium|one_to_one",-5.70928642130098,22.5430948977165
144,"mobile|simple|high|one_to_one",-5.91327059687379,22.5430948977165
144,"mobile|simple|low|multi_person",-4.58095763085366,22.5430948977165
144,"web|multi_factor|low|multi_person",-4.82698451484748,22.5430948977165
144,"web|two_factor|medium|multi_person",-6.31232385982512,22.5430948977165
144,"mobile|two_factor|low|one_to_one",-3.63735261326841,22.5430948977165
144,"web|two_factor|high|one_to_one",-6.55473101129626,22.5430948977165
144,"web|two_factor|low|one_to_one",-4.61938060675198,22.5430948977165
145,"web|simple|low|multi_person",-4.1712238158705,21.0501081795209
145,"mobile|two_factor|low|multi_person",-3.55843169915243,21.0501081795209
145,"web|two_factor|low|multi_person",-4.59582976391752,21.0501081795209
145,"mobile|multi_factor|low|multi_person",-4.53120156835696,21.0501081795209
145,"mobile|simple|medium|multi_person",-4.39985971332633,21.0501081795209
145,"mobile|multi_factor|medium|multi_person",-5.79723553057789,21.0501081795209
145,"web|multi_factor|medium|multi_person",-6.83463359534298,21.0501081795209
145,"mobile|simple|high|multi_person",-4.91725249749106,21.0501081795209
145,"web|simple|high|multi_person",-5.95465056225616,21.0501081795209
145,"mobile|two_factor|high|multi_person",-5.34185844553808,21.0501081795209
145,"mobile|multi_factor|high|multi_person",-6.31462831474262,21.0501081795209
145,"mobile|simple|low|one_to_one",-3.02818468806801,21.0501081795209
145,"web|simple|low|one_to_one",-4.0655827528331,21.0501081795209
145,"mobile|multi_factor|low|one_to_one",-4.42556050531956,21.0501081795209
145,"web|multi_factor|low|one_to_one",-5.46295857008466,21.0501081795209
145,"mobile|simple|medium|one_to_one",-4.29421865028893,21.0501081795209
145,"mobile|two_factor|medium|one_to_one",-4.71882459833595,21.0501081795209
145,"mobile|multi_factor|medium|one_to_one",-5.69159446754049,21.0501081795209
145,"web|multi_factor|medium|one_to_one",-6.72899253230559,21.0501081795209
145,"web|simple|high|one_to_one",-5.84900949921876,21.0501081795209
145,"mobile|two_factor|high|one_to_one",-5.23621738250068,21.0501081795209
145,"mobile|multi_factor|high|one_to_one",-6.20898725170522,21.0501081795209
145,"web|multi_factor|high|one_to_one",-7.24638531647032,21.0501081795209
145,"web|simple|medium|multi_person",-5.43725777809143,21.0501081795209
145,"mobile|two_factor|medium|multi_person",-4.82446566137335,21.0501081795209
145,"web|two_factor|high|multi_person",-6.37925651030318,21.0501081795209
145,"web|multi_factor|high|multi_person",-7.35202637950771,21.0501081795209
145,"web|simple|medium|one_to_one",-5.33161671505403,21.0501081795209
145,"web|two_factor|medium|one_to_one",-5.75622266310105,21.0501081795209
145,"mobile|simple|high|one_to_one",-4.81161143445366,21.0501081795209
145,"mobile|simple|low|multi_person",-3.13382575110541,21.0501081795209
145,"web|multi_factor|low|multi_person",-5.56859963312206,21.0501081795209
145,"web|two_factor|medium|multi_person",-5.86186372613845,21.0501081795209
145,"mobile|two_factor|low|one_to_one",-3.45279063611503,21.0501081795209
145,"web|two_factor|high|one_to_one",-6.27361544726578,21.0501081795209
145,"web|two_factor|low|one_to_one",-4.49018870088013,21.0501081795209
146,"web|simple|low|multi_person",-7.7738343638425,8.38660964623989
146,"mobile|two_factor|low|multi_person",-6.93349999482191,8.38660964623989
146,"web|two_factor|low|multi_person",-6.57159378350005,8.38660964623989
146,"mobile|multi_factor|low|multi_person",-6.91624246772922,8.38660964623989
146,"mobile|simple|medium|multi_person",-7.33480520698416,8.38660964623989
146,"mobile|multi_factor|medium|multi_person",-6.11530709954902,8.38660964623989
146,"web|multi_factor|medium|multi_person",-5.75340088822715,8.38660964623989
146,"mobile|simple|high|multi_person",-8.93197562719319,8.38660964623989
146,"web|simple|high|multi_person",-8.57006941587132,8.38660964623989
146,"mobile|two_factor|high|multi_person",-7.72973504685074,8.38660964623989
146,"mobile|multi_factor|high|multi_person",-7.71247751975804,8.38660964623989
146,"mobile|simple|low|one_to_one",-6.27294068861221,8.38660964623989
146,"web|simple|low|one_to_one",-5.91103447729035,8.38660964623989
146,"mobile|multi_factor|low|one_to_one",-5.05344258117707,8.38660964623989
146,"web|multi_factor|low|one_to_one",-4.6915363698552,8.38660964623989
146,"mobile|simple|medium|one_to_one",-5.47200532043202,8.38660964623989
146,"mobile|two_factor|medium|one_to_one",-4.26976474008957,8.38660964623989
146,"mobile|multi_factor|medium|one_to_one",-4.25250721299687,8.38660964623989
146,"web|multi_factor|medium|one_to_one",-3.890601001675,8.38660964623989
146,"web|simple|high|one_to_one",-6.70726952931917,8.38660964623989
146,"mobile|two_factor|high|one_to_one",-5.86693516029859,8.38660964623989
146,"mobile|multi_factor|high|one_to_one",-5.8496776332059,8.38660964623989
146,"web|multi_factor|high|one_to_one",-5.48777142188403,8.38660964623989
146,"web|simple|medium|multi_person",-6.9728989956623,8.38660964623989
146,"mobile|two_factor|medium|multi_person",-6.13256462664171,8.38660964623989
146,"web|two_factor|high|multi_person",-7.36782883552887,8.38660964623989
146,"web|multi_factor|high|multi_person",-7.35057130843618,8.38660964623989
146,"web|simple|medium|one_to_one",-5.11009910911015,8.38660964623989
146,"web|two_factor|medium|one_to_one",-3.9078585287677,8.38660964623989
146,"mobile|simple|high|one_to_one",-7.06917574064104,8.38660964623989
146,"mobile|simple|low|multi_person",-8.13574057516436,8.38660964623989
146,"web|multi_factor|low|multi_person",-6.55433625640735,8.38660964623989
146,"web|two_factor|medium|multi_person",-5.77065841531985,8.38660964623989
146,"mobile|two_factor|low|one_to_one",-5.07070010826977,8.38660964623989
146,"web|two_factor|high|one_to_one",-5.50502894897672,8.38660964623989
146,"web|two_factor|low|one_to_one",-4.7087938969479,8.38660964623989
147,"web|simple|low|multi_person",-6.52673193541537,16.3879681596168
147,"mobile|two_factor|low|multi_person",-3.46914933587701,16.3879681596168
147,"web|two_factor|low|multi_person",-5.91548328690097,16.3879681596168
147,"mobile|multi_factor|low|multi_person",-3.92641247580192,16.3879681596168
147,"mobile|simple|medium|multi_person",-5.38997177555145,16.3879681596168
147,"mobile|multi_factor|medium|multi_person",-5.23598626696195,16.3879681596168
147,"web|multi_factor|medium|multi_person",-7.68232021798591,16.3879681596168
147,"mobile|simple|high|multi_person",-5.46021444096819,16.3879681596168
147,"web|simple|high|multi_person",-7.90654839199215,16.3879681596168
147,"mobile|two_factor|high|multi_person",-4.84896579245378,16.3879681596168
147,"mobile|multi_factor|high|multi_person",-5.30622893237869,16.3879681596168
147,"mobile|simple|low|one_to_one",-2.6378960909953,16.3879681596168
147,"web|simple|low|one_to_one",-5.08423004201926,16.3879681596168
147,"mobile|multi_factor|low|one_to_one",-2.4839105824058,16.3879681596168
147,"web|multi_factor|low|one_to_one",-4.93024453342976,16.3879681596168
147,"mobile|simple|medium|one_to_one",-3.94746988215533,16.3879681596168
147,"mobile|two_factor|medium|one_to_one",-3.33622123364093,16.3879681596168
147,"mobile|multi_factor|medium|one_to_one",-3.79348437356584,16.3879681596168
147,"web|multi_factor|medium|one_to_one",-6.2398183245898,16.3879681596168
147,"web|simple|high|one_to_one",-6.46404649859603,16.3879681596168
147,"mobile|two_factor|high|one_to_one",-3.40646389905767,16.3879681596168
147,"mobile|multi_factor|high|one_to_one",-3.86372703898258,16.3879681596168
147,"web|multi_factor|high|one_to_one",-6.31006099000654,16.3879681596168
147,"web|simple|medium|multi_person",-7.83630572657541,16.3879681596168
147,"mobile|two_factor|medium|multi_person",-4.77872312703705,16.3879681596168
147,"web|two_factor|high|multi_person",-7.29529974347775,16.3879681596168
147,"web|multi_factor|high|multi_person",-7.75256288340265,16.3879681596168
147,"web|simple|medium|one_to_one",-6.3938038331793,16.3879681596168
147,"web|two_factor|medium|one_to_one",-5.78255518466489,16.3879681596168
147,"mobile|simple|high|one_to_one",-4.01771254757207,16.3879681596168
147,"mobile|simple|low|multi_person",-4.08039798439141,16.3879681596168
147,"web|multi_factor|low|multi_person",-6.37274642682588,16.3879681596168
147,"web|two_factor|medium|multi_person",-7.22505707806101,16.3879681596168
147,"mobile|two_factor|low|one_to_one",-2.0266474424809,16.3879681596168
147,"web|two_factor|high|one_to_one",-5.85279785008163,16.3879681596168
147,"web|two_factor|low|one_to_one",-4.47298139350486,16.3879681596168
148,"web|simple|low|multi_person",-6.22463670610808,17.798728528107
148,"mobile|two_factor|low|multi_person",-3.90319232205477,17.798728528107
148,"web|two_factor|low|multi_person",-4.884490099584,17.798728528107
148,"mobile|multi_factor|low|multi_person",-2.99361819850071,17.798728528107
148,"mobile|simple|medium|multi_person",-6.42719979747613,17.798728528107
148,"mobile|multi_factor|medium|multi_person",-4.17747906739798,17.798728528107
148,"web|multi_factor|medium|multi_person",-5.1587768449272,17.798728528107
148,"mobile|simple|high|multi_person",-7.40993735600756,17.798728528107
148,"web|simple|high|multi_person",-8.39123513353679,17.798728528107
148,"mobile|two_factor|high|multi_person",-6.06979074948347,17.798728528107
148,"mobile|multi_factor|high|multi_person",-5.16021662592941,17.798728528107
148,"mobile|simple|low|one_to_one",-5.70075989756206,17.798728528107
148,"web|simple|low|one_to_one",-6.68205767509128,17.798728528107
148,"mobile|multi_factor|low|one_to_one",-3.45103916748391,17.798728528107
148,"web|multi_factor|low|one_to_one",-4.43233694501313,17.798728528107
148,"mobile|simple|medium|one_to_one",-6.88462076645932,17.798728528107
148,"mobile|two_factor|medium|one_to_one",-5.54447415993524,17.798728528107
148,"mobile|multi_factor|medium|one_to_one",-4.63490003638118,17.798728528107
148,"web|multi_factor|medium|one_to_one",-5.6161978139104,17.798728528107
148,"web|simple|high|one_to_one",-8.84865610251998,17.798728528107
148,"mobile|two_factor|high|one_to_one",-6.52721171846667,17.798728528107
148,"mobile|multi_factor|high|one_to_one",-5.61763759491261,17.798728528107
148,"web|multi_factor|high|one_to_one",-6.59893537244183,17.798728528107
148,"web|simple|medium|multi_person",-7.40849757500535,17.798728528107
148,"mobile|two_factor|medium|multi_person",-5.08705319095204,17.798728528107
148,"web|two_factor|high|multi_person",-7.0510885270127,17.798728528107
148,"web|multi_factor|high|multi_person",-6.14151440345863,17.798728528107
148,"web|simple|medium|one_to_one",-7.86591854398855,17.798728528107
148,"web|two_factor|medium|one_to_one",-6.52577193746447,17.798728528107
148,"mobile|simple|high|one_to_one",-7.86735832499076,17.798728528107
148,"mobile|simple|low|multi_person",-5.24333892857886,17.798728528107
148,"web|multi_factor|low|multi_person",-3.97491597602993,17.798728528107
148,"web|two_factor|medium|multi_person",-6.06835096848127,17.798728528107
148,"mobile|two_factor|low|one_to_one",-4.36061329103797,17.798728528107
148,"web|two_factor|high|one_to_one",-7.5085094959959,17.798728528107
148,"web|two_factor|low|one_to_one",-5.3419110685672,17.798728528107
149,"web|simple|low|multi_person",-5.21113585033071,21.2644754286061
149,"mobile|two_factor|low|multi_person",-3.62696730153559,21.2644754286061
149,"web|two_factor|low|multi_person",-5.40877266504179,21.2644754286061
149,"mobile|multi_factor|low|multi_person",-3.70057318702203,21.2644754286061
149,"mobile|simple|medium|multi_person",-4.29581831931762,21.2644754286061
149,"mobile|multi_factor|medium|multi_person",-4.56706101951513,21.2644754286061
149,"web|multi_factor|medium|multi_person",-6.34886638302133,21.2644754286061
149,"mobile|simple|high|multi_person",-4.92398940337324,21.2644754286061
149,"web|simple|high|multi_person",-6.70579476687944,21.2644754286061
149,"mobile|two_factor|high|multi_person",-5.12162621808432,21.2644754286061
149,"mobile|multi_factor|high|multi_person",-5.19523210357075,21.2644754286061
149,"mobile|simple|low|one_to_one",-2.77419036673874,21.2644754286061
149,"web|simple|low|one_to_one",-4.55599573024494,21.2644754286061
149,"mobile|multi_factor|low|one_to_one",-3.04543306693626,21.2644754286061
149,"web|multi_factor|low|one_to_one",-4.82723843044245,21.2644754286061
149,"mobile|simple|medium|one_to_one",-3.64067819923184,21.2644754286061
149,"mobile|two_factor|medium|one_to_one",-3.83831501394292,21.2644754286061
149,"mobile|multi_factor|medium|one_to_one",-3.91192089942936,21.2644754286061
149,"web|multi_factor|medium|one_to_one",-5.69372626293556,21.2644754286061
149,"web|simple|high|one_to_one",-6.05065464679366,21.2644754286061
149,"mobile|two_factor|high|one_to_one",-4.46648609799854,21.2644754286061
149,"mobile|multi_factor|high|one_to_one",-4.54009198348498,21.2644754286061
149,"web|multi_factor|high|one_to_one",-6.32189734699118,21.2644754286061
149,"web|simple|medium|multi_person",-6.07762368282381,21.2644754286061
149,"mobile|two_factor|medium|multi_person",-4.4934551340287,21.2644754286061
149,"web|two_factor|high|multi_person",-6.90343158159051,21.2644754286061
149,"web|multi_factor|high|multi_person",-6.97703746707695,21.2644754286061
149,"web|simple|medium|one_to_one",-5.42248356273804,21.2644754286061
149,"web|two_factor|medium|one_to_one",-5.62012037744912,21.2644754286061
149,"mobile|simple|high|one_to_one",-4.26884928328746,21.2644754286061
149,"mobile|simple|low|multi_person",-3.42933048682451,21.2644754286061
149,"web|multi_factor|low|multi_person",-5.48237855052823,21.2644754286061
149,"web|two_factor|medium|multi_person",-6.27526049753489,21.2644754286061
149,"mobile|two_factor|low|one_to_one",-2.97182718144982,21.2644754286061
149,"web|two_factor|high|one_to_one",-6.24829146150474,21.2644754286061
149,"web|two_factor|low|one_to_one",-4.75363254495602,21.2644754286061
150,"web|simple|low|multi_person",-4.62219452907687,20.6805893594381
150,"mobile|two_factor|low|multi_person",-4.41833796406012,20.6805893594381
150,"web|two_factor|low|multi_person",-5.63230418690604,20.6805893594381
150,"mobile|multi_factor|low|multi_person",-5.06242244984081,20.6805893594381
150,"mobile|simple|medium|multi_person",-3.41526588788627,20.6805893594381
150,"mobile|multi_factor|medium|multi_person",-5.06946003149613,20.6805893594381
150,"web|multi_factor|medium|multi_person",-6.28342625434205,20.6805893594381
150,"mobile|simple|high|multi_person",-4.22262046830177,20.6805893594381
150,"web|simple|high|multi_person",-5.43658669114768,20.6805893594381
150,"mobile|two_factor|high|multi_person",-5.23273012613094,20.6805893594381
150,"mobile|multi_factor|high|multi_person",-5.87681461191163,20.6805893594381
150,"mobile|simple|low|one_to_one",-3.02253323766633,20.6805893594381
150,"web|simple|low|one_to_one",-4.23649946051224,20.6805893594381
150,"mobile|multi_factor|low|one_to_one",-4.67672738127619,20.6805893594381
150,"web|multi_factor|low|one_to_one",-5.89069360412211,20.6805893594381
150,"mobile|simple|medium|one_to_one",-3.02957081932165,20.6805893594381
150,"mobile|two_factor|medium|one_to_one",-4.03968047715082,20.6805893594381
150,"mobile|multi_factor|medium|one_to_one",-4.68376496293151,20.6805893594381
150,"web|multi_factor|medium|one_to_one",-5.89773118577743,20.6805893594381
150,"web|simple|high|one_to_one",-5.05089162258306,20.6805893594381
150,"mobile|two_factor|high|one_to_one",-4.84703505756632,20.6805893594381
150,"mobile|multi_factor|high|one_to_one",-5.49111954334701,20.6805893594381
150,"web|multi_factor|high|one_to_one",-6.70508576619292,20.6805893594381
150,"web|simple|medium|multi_person",-4.62923211073219,20.6805893594381
150,"mobile|two_factor|medium|multi_person",-4.42537554571544,20.6805893594381
150,"web|two_factor|high|multi_person",-6.44669634897685,20.6805893594381
150,"web|multi_factor|high|multi_person",-7.09078083475754,20.6805893594381
150,"web|simple|medium|one_to_one",-4.24353704216756,20.6805893594381
150,"web|two_factor|medium|one_to_one",-5.25364669999674,20.6805893594381
150,"mobile|simple|high|one_to_one",-3.83692539973715,20.6805893594381
150,"mobile|simple|low|multi_person",-3.40822830623095,20.6805893594381
150,"web|multi_factor|low|multi_person",-6.27638867268673,20.6805893594381
150,"web|two_factor|medium|multi_person",-5.63934176856136,20.6805893594381
150,"mobile|two_factor|low|one_to_one",-4.0326428954955,20.6805893594381
150,"web|two_factor|high|one_to_one",-6.06100128041223,20.6805893594381
150,"web|two_factor|low|one_to_one",-5.24660911834141,20.6805893594381
151,"web|simple|low|multi_person",-5.57632041137651,19.7226682910326
151,"mobile|two_factor|low|multi_person",-4.12410161351785,19.7226682910326
151,"web|two_factor|low|multi_person",-5.04162309248526,19.7226682910326
151,"mobile|multi_factor|low|multi_person",-3.92505952945691,19.7226682910326
151,"mobile|simple|medium|multi_person",-5.10905771825693,19.7226682910326
151,"mobile|multi_factor|medium|multi_person",-4.37531831530474,19.7226682910326
151,"web|multi_factor|medium|multi_person",-5.29283979427214,19.7226682910326
151,"mobile|simple|high|multi_person",-6.94821718730995,19.7226682910326
151,"web|simple|high|multi_person",-7.86573866627735,19.7226682910326
151,"mobile|two_factor|high|multi_person",-6.41351986841869,19.7226682910326
151,"mobile|multi_factor|high|multi_person",-6.21447778435776,19.7226682910326
151,"mobile|simple|low|one_to_one",-4.56163877611054,19.7226682910326
151,"web|simple|low|one_to_one",-5.47916025507795,19.7226682910326
151,"mobile|multi_factor|low|one_to_one",-3.82789937315835,19.7226682910326
151,"web|multi_factor|low|one_to_one",-4.74542085212576,19.7226682910326
151,"mobile|simple|medium|one_to_one",-5.01189756195837,19.7226682910326
151,"mobile|two_factor|medium|one_to_one",-4.47720024306711,19.7226682910326
151,"mobile|multi_factor|medium|one_to_one",-4.27815815900618,19.7226682910326
151,"web|multi_factor|medium|one_to_one",-5.19567963797359,19.7226682910326
151,"web|simple|high|one_to_one",-7.76857850997879,19.7226682910326
151,"mobile|two_factor|high|one_to_one",-6.31635971212013,19.7226682910326
151,"mobile|multi_factor|high|one_to_one",-6.1173176280592,19.7226682910326
151,"web|multi_factor|high|one_to_one",-7.03483910702661,19.7226682910326
151,"web|simple|medium|multi_person",-6.02657919722433,19.7226682910326
151,"mobile|two_factor|medium|multi_person",-4.57436039936567,19.7226682910326
151,"web|two_factor|high|multi_person",-7.3310413473861,19.7226682910326
151,"web|multi_factor|high|multi_person",-7.13199926332517,19.7226682910326
151,"web|simple|medium|one_to_one",-5.92941904092577,19.7226682910326
151,"web|two_factor|medium|one_to_one",-5.39472172203452,19.7226682910326
151,"mobile|simple|high|one_to_one",-6.85105703101139,19.7226682910326
151,"mobile|simple|low|multi_person",-4.6587989324091,19.7226682910326
151,"web|multi_factor|low|multi_person",-4.84258100842432,19.7226682910326
151,"web|two_factor|medium|multi_person",-5.49188187833308,19.7226682910326
151,"mobile|two_factor|low|one_to_one",-4.02694145721929,19.7226682910326
151,"web|two_factor|high|one_to_one",-7.23388119108754,19.7226682910326
151,"web|two_factor|low|one_to_one",-4.9444629361867,19.7226682910326
152,"web|simple|low|multi_person",-5.22470687402578,21.6461681983246
152,"mobile|two_factor|low|multi_person",-3.83937974981957,21.6461681983246
152,"web|two_factor|low|multi_person",-4.47195571038042,21.6461681983246
152,"mobile|multi_factor|low|multi_person",-4.04448066191875,21.6461681983246
152,"mobile|simple|medium|multi_person",-5.96853525253573,21.6461681983246
152,"mobile|multi_factor|medium|multi_person",-5.42088500098955,21.6461681983246
152,"web|multi_factor|medium|multi_person",-6.0534609615504,21.6461681983246
152,"mobile|simple|high|multi_person",-6.40465550161664,21.6461681983246
152,"web|simple|high|multi_person",-7.03723146217749,21.6461681983246
152,"mobile|two_factor|high|multi_person",-5.65190433797128,21.6461681983246
152,"mobile|multi_factor|high|multi_person",-5.85700525007046,21.6461681983246
152,"mobile|simple|low|one_to_one",-4.21073245288824,21.6461681983246
152,"web|simple|low|one_to_one",-4.84330841344909,21.6461681983246
152,"mobile|multi_factor|low|one_to_one",-3.66308220134206,21.6461681983246
152,"web|multi_factor|low|one_to_one",-4.29565816190291,21.6461681983246
152,"mobile|simple|medium|one_to_one",-5.58713679195903,21.6461681983246
152,"mobile|two_factor|medium|one_to_one",-4.83438562831368,21.6461681983246
152,"mobile|multi_factor|medium|one_to_one",-5.03948654041286,21.6461681983246
152,"web|multi_factor|medium|one_to_one",-5.6720625009737,21.6461681983246
152,"web|simple|high|one_to_one",-6.6558330016008,21.6461681983246
152,"mobile|two_factor|high|one_to_one",-5.27050587739459,21.6461681983246
152,"mobile|multi_factor|high|one_to_one",-5.47560678949377,21.6461681983246
152,"web|multi_factor|high|one_to_one",-6.10818275005462,21.6461681983246
152,"web|simple|medium|multi_person",-6.60111121309657,21.6461681983246
152,"mobile|two_factor|medium|multi_person",-5.21578408889037,21.6461681983246
152,"web|two_factor|high|multi_person",-6.28448029853213,21.6461681983246
152,"web|multi_factor|high|multi_person",-6.48958121063131,21.6461681983246
152,"web|simple|medium|one_to_one",-6.21971275251988,21.6461681983246
152,"web|two_factor|medium|one_to_one",-5.46696158887453,21.6461681983246
152,"mobile|simple|high|one_to_one",-6.02325704103995,21.6461681983246
152,"mobile|simple|low|multi_person",-4.59213091346493,21.6461681983246
152,"web|multi_factor|low|multi_person",-4.6770566224796,21.6461681983246
152,"web|two_factor|medium|multi_person",-5.84836004945122,21.6461681983246
152,"mobile|two_factor|low|one_to_one",-3.45798128924288,21.6461681983246
152,"web|two_factor|high|one_to_one",-5.90308183795544,21.6461681983246
152,"web|two_factor|low|one_to_one",-4.09055724980373,21.6461681983246
153,"web|simple|low|multi_person",-9.38281922997604,3.42012800173498
153,"mobile|two_factor|low|multi_person",-4.5325049964485,3.42012800173498
153,"web|two_factor|low|multi_person",-7.44737343002872,3.42012800173498
153,"mobile|multi_factor|low|multi_person",-4.51427992636943,3.42012800173498
153,"mobile|simple|medium|multi_person",-6.58478952650265,3.42012800173498
153,"mobile|multi_factor|medium|multi_person",-4.63111865647625,3.42012800173498
153,"web|multi_factor|medium|multi_person",-7.54598709005647,3.42012800173498
153,"mobile|simple|high|multi_person",-7.05879548476939,3.42012800173498
153,"web|simple|high|multi_person",-9.97366391834961,3.42012800173498
153,"mobile|two_factor|high|multi_person",-5.12334968482207,3.42012800173498
153,"mobile|multi_factor|high|multi_person",-5.105124614743,3.42012800173498
153,"mobile|simple|low|one_to_one",-5.6217981886419,3.42012800173498
153,"web|simple|low|one_to_one",-8.53666662222212,3.42012800173498
153,"mobile|multi_factor|low|one_to_one",-3.66812731861551,3.42012800173498
153,"web|multi_factor|low|one_to_one",-6.58299575219573,3.42012800173498
153,"mobile|simple|medium|one_to_one",-5.73863691874873,3.42012800173498
153,"mobile|two_factor|medium|one_to_one",-3.8031911188014,3.42012800173498
153,"mobile|multi_factor|medium|one_to_one",-3.78496604872233,3.42012800173498
153,"web|multi_factor|medium|one_to_one",-6.69983448230255,3.42012800173498
153,"web|simple|high|one_to_one",-9.12751131059569,3.42012800173498
153,"mobile|two_factor|high|one_to_one",-4.27719707706815,3.42012800173498
153,"mobile|multi_factor|high|one_to_one",-4.25897200698908,3.42012800173498
153,"web|multi_factor|high|one_to_one",-7.1738404405693,3.42012800173498
153,"web|simple|medium|multi_person",-9.49965796008287,3.42012800173498
153,"mobile|two_factor|medium|multi_person",-4.64934372655532,3.42012800173498
153,"web|two_factor|high|multi_person",-8.03821811840229,3.42012800173498
153,"web|multi_factor|high|multi_person",-8.01999304832322,3.42012800173498
153,"web|simple|medium|one_to_one",-8.65350535232895,3.42012800173498
153,"web|two_factor|medium|one_to_one",-6.71805955238162,3.42012800173498
153,"mobile|simple|high|one_to_one",-6.21264287701547,3.42012800173498
153,"mobile|simple|low|multi_person",-6.46795079639582,3.42012800173498
153,"web|multi_factor|low|multi_person",-7.42914835994965,3.42012800173498
153,"web|two_factor|medium|multi_person",-7.56421216013554,3.42012800173498
153,"mobile|two_factor|low|one_to_one",-3.68635238869458,3.42012800173498
153,"web|two_factor|high|one_to_one",-7.19206551064837,3.42012800173498
153,"web|two_factor|low|one_to_one",-6.6012208222748,3.42012800173498
154,"web|simple|low|multi_person",-6.58967186099538,7.70245421170877
154,"mobile|two_factor|low|multi_person",-5.84591591274978,7.70245421170877
154,"web|two_factor|low|multi_person",-5.93413705834646,7.70245421170877
154,"mobile|multi_factor|low|multi_person",-5.95443395684489,7.70245421170877
154,"mobile|simple|medium|multi_person",-6.28221461993626,7.70245421170877
154,"mobile|multi_factor|medium|multi_person",-5.73519786138245,7.70245421170877
154,"web|multi_factor|medium|multi_person",-5.82341900697912,7.70245421170877
154,"mobile|simple|high|multi_person",-7.33800635509585,7.70245421170877
154,"web|simple|high|multi_person",-7.42622750069252,7.70245421170877
154,"mobile|two_factor|high|multi_person",-6.68247155244693,7.70245421170877
154,"mobile|multi_factor|high|multi_person",-6.79098959654204,7.70245421170877
154,"mobile|simple|low|one_to_one",-6.63600019010223,7.70245421170877
154,"web|simple|low|one_to_one",-6.7242213356989,7.70245421170877
154,"mobile|multi_factor|low|one_to_one",-6.08898343154841,7.70245421170877
154,"web|multi_factor|low|one_to_one",-6.17720457714509,7.70245421170877
154,"mobile|simple|medium|one_to_one",-6.41676409463978,7.70245421170877
154,"mobile|two_factor|medium|one_to_one",-5.76122929199086,7.70245421170877
154,"mobile|multi_factor|medium|one_to_one",-5.86974733608597,7.70245421170877
154,"web|multi_factor|medium|one_to_one",-5.95796848168265,7.70245421170877
154,"web|simple|high|one_to_one",-7.56077697539605,7.70245421170877
154,"mobile|two_factor|high|one_to_one",-6.81702102715045,7.70245421170877
154,"mobile|multi_factor|high|one_to_one",-6.92553907124556,7.70245421170877
154,"web|multi_factor|high|one_to_one",-7.01376021684224,7.70245421170877
154,"web|simple|medium|multi_person",-6.37043576553293,7.70245421170877
154,"mobile|two_factor|medium|multi_person",-5.62667981728734,7.70245421170877
154,"web|two_factor|high|multi_person",-6.7706926980436,7.70245421170877
154,"web|multi_factor|high|multi_person",-6.87921074213871,7.70245421170877
154,"web|simple|medium|one_to_one",-6.50498524023646,7.70245421170877
154,"web|two_factor|medium|one_to_one",-5.84945043758754,7.70245421170877
154,"mobile|simple|high|one_to_one",-7.47255582979937,7.70245421170877
154,"mobile|simple|low|multi_person",-6.5014507153987,7.70245421170877
154,"web|multi_factor|low|multi_person",-6.04265510244157,7.70245421170877
154,"web|two_factor|medium|multi_person",-5.71490096288401,7.70245421170877
154,"mobile|two_factor|low|one_to_one",-5.9804653874533,7.70245421170877
154,"web|two_factor|high|one_to_one",-6.90524217274713,7.70245421170877
154,"web|two_factor|low|one_to_one",-6.06868653304998,7.70245421170877
155,"web|simple|low|multi_person",-6.99886833932122,8.02713712097368
155,"mobile|two_factor|low|multi_person",-5.60487331347465,8.02713712097368
155,"web|two_factor|low|multi_person",-6.26149145725547,8.02713712097368
155,"mobile|multi_factor|low|multi_person",-6.24682136711607,8.02713712097368
155,"mobile|simple|medium|multi_person",-6.29062735789125,8.02713712097368
155,"mobile|multi_factor|medium|multi_person",-6.19519852946691,8.02713712097368
155,"web|multi_factor|medium|multi_person",-6.85181667324773,8.02713712097368
155,"mobile|simple|high|multi_person",-6.26096664978007,8.02713712097368
155,"web|simple|high|multi_person",-6.91758479356089,8.02713712097368
155,"mobile|two_factor|high|multi_person",-5.52358976771432,8.02713712097368
155,"mobile|multi_factor|high|multi_person",-6.16553782135574,8.02713712097368
155,"mobile|simple|low|one_to_one",-6.18629430380646,8.02713712097368
155,"web|simple|low|one_to_one",-6.84291244758727,8.02713712097368
155,"mobile|multi_factor|low|one_to_one",-6.09086547538212,8.02713712097368
155,"web|multi_factor|low|one_to_one",-6.74748361916294,8.02713712097368
155,"mobile|simple|medium|one_to_one",-6.1346714661573,8.02713712097368
155,"mobile|two_factor|medium|one_to_one",-5.39729458409155,8.02713712097368
155,"mobile|multi_factor|medium|one_to_one",-6.03924263773296,8.02713712097368
155,"web|multi_factor|medium|one_to_one",-6.69586078151378,8.02713712097368
155,"web|simple|high|one_to_one",-6.76162890182694,8.02713712097368
155,"mobile|two_factor|high|one_to_one",-5.36763387598038,8.02713712097368
155,"mobile|multi_factor|high|one_to_one",-6.0095819296218,8.02713712097368
155,"web|multi_factor|high|one_to_one",-6.66620007340261,8.02713712097368
155,"web|simple|medium|multi_person",-6.94724550167206,8.02713712097368
155,"mobile|two_factor|medium|multi_person",-5.55325047582549,8.02713712097368
155,"web|two_factor|high|multi_person",-6.18020791149514,8.02713712097368
155,"web|multi_factor|high|multi_person",-6.82215596513656,8.02713712097368
155,"web|simple|medium|one_to_one",-6.79128960993811,8.02713712097368
155,"web|two_factor|medium|one_to_one",-6.05391272787236,8.02713712097368
155,"mobile|simple|high|one_to_one",-6.10501075804613,8.02713712097368
155,"mobile|simple|low|multi_person",-6.3422501955404,8.02713712097368
155,"web|multi_factor|low|multi_person",-6.90343951089689,8.02713712097368
155,"web|two_factor|medium|multi_person",-6.20986861960631,8.02713712097368
155,"mobile|two_factor|low|one_to_one",-5.44891742174071,8.02713712097368
155,"web|two_factor|high|one_to_one",-6.02425201976119,8.02713712097368
155,"web|two_factor|low|one_to_one",-6.10553556552152,8.02713712097368
156,"web|simple|low|multi_person",-3.93845084934765,20.0018194170123
156,"mobile|two_factor|low|multi_person",-3.48447926593654,20.0018194170123
156,"web|two_factor|low|multi_person",-4.96238476119684,20.0018194170123
156,"mobile|multi_factor|low|multi_person",-4.21524663134204,20.0018194170123
156,"mobile|simple|medium|multi_person",-3.43940389739983,20.0018194170123
156,"mobile|multi_factor|medium|multi_person",-5.19410517465453,20.0018194170123
156,"web|multi_factor|medium|multi_person",-6.67201066991483,20.0018194170123
156,"mobile|simple|high|multi_person",-4.03047109001888,20.0018194170123
156,"web|simple|high|multi_person",-5.50837658527919,20.0018194170123
156,"mobile|two_factor|high|multi_person",-5.05440500186807,20.0018194170123
156,"mobile|multi_factor|high|multi_person",-5.78517236727357,20.0018194170123
156,"mobile|simple|low|one_to_one",-2.12741887161078,20.0018194170123
156,"web|simple|low|one_to_one",-3.60532436687109,20.0018194170123
156,"mobile|multi_factor|low|one_to_one",-3.88212014886547,20.0018194170123
156,"web|multi_factor|low|one_to_one",-5.36002564412578,20.0018194170123
156,"mobile|simple|medium|one_to_one",-3.10627741492327,20.0018194170123
156,"mobile|two_factor|medium|one_to_one",-4.13021132677247,20.0018194170123
156,"mobile|multi_factor|medium|one_to_one",-4.86097869217796,20.0018194170123
156,"web|multi_factor|medium|one_to_one",-6.33888418743827,20.0018194170123
156,"web|simple|high|one_to_one",-5.17525010280263,20.0018194170123
156,"mobile|two_factor|high|one_to_one",-4.72127851939151,20.0018194170123
156,"mobile|multi_factor|high|one_to_one",-5.45204588479701,20.0018194170123
156,"web|multi_factor|high|one_to_one",-6.92995138005732,20.0018194170123
156,"web|simple|medium|multi_person",-4.91730939266014,20.0018194170123
156,"mobile|two_factor|medium|multi_person",-4.46333780924903,20.0018194170123
156,"web|two_factor|high|multi_person",-6.53231049712838,20.0018194170123
156,"web|multi_factor|high|multi_person",-7.26307786253388,20.0018194170123
156,"web|simple|medium|one_to_one",-4.58418291018358,20.0018194170123
156,"web|two_factor|medium|one_to_one",-5.60811682203277,20.0018194170123
156,"mobile|simple|high|one_to_one",-3.69734460754232,20.0018194170123
156,"mobile|simple|low|multi_person",-2.46054535408734,20.0018194170123
156,"web|multi_factor|low|multi_person",-5.69315212660234,20.0018194170123
156,"web|two_factor|medium|multi_person",-5.94124330450933,20.0018194170123
156,"mobile|two_factor|low|one_to_one",-3.15135278345997,20.0018194170123
156,"web|two_factor|high|one_to_one",-6.19918401465182,20.0018194170123
156,"web|two_factor|low|one_to_one",-4.62925827872028,20.0018194170123
157,"web|simple|low|multi_person",-4.56950874811295,20.6451092509219
157,"mobile|two_factor|low|multi_person",-3.75665487881366,20.6451092509219
157,"web|two_factor|low|multi_person",-4.64048251347093,20.6451092509219
157,"mobile|multi_factor|low|multi_person",-4.7366110263104,20.6451092509219
157,"mobile|simple|medium|multi_person",-4.6848859198443,20.6451092509219
157,"mobile|multi_factor|medium|multi_person",-5.73581583269903,20.6451092509219
157,"web|multi_factor|medium|multi_person",-6.61964346735631,20.6451092509219
157,"mobile|simple|high|multi_person",-5.766740276757,20.6451092509219
157,"web|simple|high|multi_person",-6.65056791141428,20.6451092509219
157,"mobile|two_factor|high|multi_person",-5.83771404211499,20.6451092509219
157,"mobile|multi_factor|high|multi_person",-6.81767018961173,20.6451092509219
157,"mobile|simple|low|one_to_one",-3.18348107021823,20.6451092509219
157,"web|simple|low|one_to_one",-4.06730870487551,20.6451092509219
157,"mobile|multi_factor|low|one_to_one",-4.23441098307296,20.6451092509219
157,"web|multi_factor|low|one_to_one",-5.11823861773023,20.6451092509219
157,"mobile|simple|medium|one_to_one",-4.18268587660687,20.6451092509219
157,"mobile|two_factor|medium|one_to_one",-4.25365964196485,20.6451092509219
157,"mobile|multi_factor|medium|one_to_one",-5.23361578946159,20.6451092509219
157,"web|multi_factor|medium|one_to_one",-6.11744342411887,20.6451092509219
157,"web|simple|high|one_to_one",-6.14836786817684,20.6451092509219
157,"mobile|two_factor|high|one_to_one",-5.33551399887755,20.6451092509219
157,"mobile|multi_factor|high|one_to_one",-6.31547014637429,20.6451092509219
157,"web|multi_factor|high|one_to_one",-7.19929778103156,20.6451092509219
157,"web|simple|medium|multi_person",-5.56871355450158,20.6451092509219
157,"mobile|two_factor|medium|multi_person",-4.75585968520229,20.6451092509219
157,"web|two_factor|high|multi_person",-6.72154167677227,20.6451092509219
157,"web|multi_factor|high|multi_person",-7.701497824269,20.6451092509219
157,"web|simple|medium|one_to_one",-5.06651351126414,20.6451092509219
157,"web|two_factor|medium|one_to_one",-5.13748727662213,20.6451092509219
157,"mobile|simple|high|one_to_one",-5.26454023351956,20.6451092509219
157,"mobile|simple|low|multi_person",-3.68568111345567,20.6451092509219
157,"web|multi_factor|low|multi_person",-5.62043866096767,20.6451092509219
157,"web|two_factor|medium|multi_person",-5.63968731985957,20.6451092509219
157,"mobile|two_factor|low|one_to_one",-3.25445483557622,20.6451092509219
157,"web|two_factor|high|one_to_one",-6.21934163353482,20.6451092509219
157,"web|two_factor|low|one_to_one",-4.13828247023349,20.6451092509219
158,"web|simple|low|multi_person",-4.96200181234127,8.75900050083597
158,"mobile|two_factor|low|multi_person",-5.03278681348802,8.75900050083597
158,"web|two_factor|low|multi_person",-5.69051907410558,8.75900050083597
158,"mobile|multi_factor|low|multi_person",-5.95544417549558,8.75900050083597
158,"mobile|simple|medium|multi_person",-4.44545809179069,8.75900050083597
158,"mobile|multi_factor|medium|multi_person",-6.09663271556256,8.75900050083597
158,"web|multi_factor|medium|multi_person",-6.75436497618013,8.75900050083597
158,"mobile|simple|high|multi_person",-5.85538324206234,8.75900050083597
158,"web|simple|high|multi_person",-6.51311550267991,8.75900050083597
158,"mobile|two_factor|high|multi_person",-6.58390050382665,8.75900050083597
158,"mobile|multi_factor|high|multi_person",-7.50655786583422,8.75900050083597
158,"mobile|simple|low|one_to_one",-4.06346129989145,8.75900050083597
158,"web|simple|low|one_to_one",-4.72119356050901,8.75900050083597
158,"mobile|multi_factor|low|one_to_one",-5.71463592366332,8.75900050083597
158,"web|multi_factor|low|one_to_one",-6.37236818428089,8.75900050083597
158,"mobile|simple|medium|one_to_one",-4.20464983995843,8.75900050083597
158,"mobile|two_factor|medium|one_to_one",-4.93316710172274,8.75900050083597
158,"mobile|multi_factor|medium|one_to_one",-5.8558244637303,8.75900050083597
158,"web|multi_factor|medium|one_to_one",-6.51355672434787,8.75900050083597
158,"web|simple|high|one_to_one",-6.27230725084764,8.75900050083597
158,"mobile|two_factor|high|one_to_one",-6.34309225199439,8.75900050083597
158,"mobile|multi_factor|high|one_to_one",-7.26574961400196,8.75900050083597
158,"web|multi_factor|high|one_to_one",-7.92348187461952,8.75900050083597
158,"web|simple|medium|multi_person",-5.10319035240825,8.75900050083597
158,"mobile|two_factor|medium|multi_person",-5.173975353555,8.75900050083597
158,"web|two_factor|high|multi_person",-7.24163276444421,8.75900050083597
158,"web|multi_factor|high|multi_person",-8.16429012645178,8.75900050083597
158,"web|simple|medium|one_to_one",-4.86238210057599,8.75900050083597
158,"web|two_factor|medium|one_to_one",-5.5908993623403,8.75900050083597
158,"mobile|simple|high|one_to_one",-5.61457499023008,8.75900050083597
158,"mobile|simple|low|multi_person",-4.30426955172371,8.75900050083597
158,"web|multi_factor|low|multi_person",-6.61317643611315,8.75900050083597
158,"web|two_factor|medium|multi_person",-5.83170761417256,8.75900050083597
158,"mobile|two_factor|low|one_to_one",-4.79197856165576,8.75900050083597
158,"web|two_factor|high|one_to_one",-7.00082451261195,8.75900050083597
158,"web|two_factor|low|one_to_one",-5.44971082227332,8.75900050083597
159,"web|simple|low|multi_person",-5.63844788590018,19.8314922378865
159,"mobile|two_factor|low|multi_person",-3.07583368820231,19.8314922378865
159,"web|two_factor|low|multi_person",-4.74383901162946,19.8314922378865
159,"mobile|multi_factor|low|multi_person",-3.04872632528259,19.8314922378865
159,"mobile|simple|medium|multi_person",-5.01232317917765,19.8314922378865
159,"mobile|multi_factor|medium|multi_person",-4.0906069419872,19.8314922378865
159,"web|multi_factor|medium|multi_person",-5.75861226541435,19.8314922378865
159,"mobile|simple|high|multi_person",-6.53391217502656,19.8314922378865
159,"web|simple|high|multi_person",-8.2019174984537,19.8314922378865
159,"mobile|two_factor|high|multi_person",-5.63930330075584,19.8314922378865
159,"mobile|multi_factor|high|multi_person",-5.61219593783611,19.8314922378865
159,"mobile|simple|low|one_to_one",-3.85843280853566,19.8314922378865
159,"web|simple|low|one_to_one",-5.5264381319628,19.8314922378865
159,"mobile|multi_factor|low|one_to_one",-2.93671657134521,19.8314922378865
159,"web|multi_factor|low|one_to_one",-4.60472189477236,19.8314922378865
159,"mobile|simple|medium|one_to_one",-4.90031342524027,19.8314922378865
159,"mobile|two_factor|medium|one_to_one",-4.00570455096955,19.8314922378865
159,"mobile|multi_factor|medium|one_to_one",-3.97859718804982,19.8314922378865
159,"web|multi_factor|medium|one_to_one",-5.64660251147697,19.8314922378865
159,"web|simple|high|one_to_one",-8.08990774451632,19.8314922378865
159,"mobile|two_factor|high|one_to_one",-5.52729354681846,19.8314922378865
159,"mobile|multi_factor|high|one_to_one",-5.50018618389873,19.8314922378865
159,"web|multi_factor|high|one_to_one",-7.16819150732588,19.8314922378865
159,"web|simple|medium|multi_person",-6.68032850260479,19.8314922378865
159,"mobile|two_factor|medium|multi_person",-4.11771430490693,19.8314922378865
159,"web|two_factor|high|multi_person",-7.30730862418298,19.8314922378865
159,"web|multi_factor|high|multi_person",-7.28020126126325,19.8314922378865
159,"web|simple|medium|one_to_one",-6.56831874866741,19.8314922378865
159,"web|two_factor|medium|one_to_one",-5.67370987439669,19.8314922378865
159,"mobile|simple|high|one_to_one",-6.42190242108918,19.8314922378865
159,"mobile|simple|low|multi_person",-3.97044256247304,19.8314922378865
159,"web|multi_factor|low|multi_person",-4.71673164870973,19.8314922378865
159,"web|two_factor|medium|multi_person",-5.78571962833407,19.8314922378865
159,"mobile|two_factor|low|one_to_one",-2.96382393426494,19.8314922378865
159,"web|two_factor|high|one_to_one",-7.1952988702456,19.8314922378865
159,"web|two_factor|low|one_to_one",-4.63182925769208,19.8314922378865
160,"web|simple|low|multi_person",-4.2494700077592,19.9885475986322
160,"mobile|two_factor|low|multi_person",-4.43342773727401,19.9885475986322
160,"web|two_factor|low|multi_person",-4.57053485936121,19.9885475986322
160,"mobile|multi_factor|low|multi_person",-5.77149063046381,19.9885475986322
160,"mobile|simple|medium|multi_person",-4.73910025698918,19.9885475986322
160,"mobile|multi_factor|medium|multi_person",-6.398228001781,19.9885475986322
160,"web|multi_factor|medium|multi_person",-6.53533512386821,19.9885475986322
160,"mobile|simple|high|multi_person",-5.42002377896666,19.9885475986322
160,"web|simple|high|multi_person",-5.55713090105387,19.9885475986322
160,"mobile|two_factor|high|multi_person",-5.74108863056867,19.9885475986322
160,"mobile|multi_factor|high|multi_person",-7.07915152375848,19.9885475986322
160,"mobile|simple|low|one_to_one",-3.91777101578298,19.9885475986322
160,"web|simple|low|one_to_one",-4.05487813787019,19.9885475986322
160,"mobile|multi_factor|low|one_to_one",-5.5768987605748,19.9885475986322
160,"web|multi_factor|low|one_to_one",-5.71400588266201,19.9885475986322
160,"mobile|simple|medium|one_to_one",-4.54450838710017,19.9885475986322
160,"mobile|two_factor|medium|one_to_one",-4.86557323870219,19.9885475986322
160,"mobile|multi_factor|medium|one_to_one",-6.20363613189199,19.9885475986322
160,"web|multi_factor|medium|one_to_one",-6.3407432539792,19.9885475986322
160,"web|simple|high|one_to_one",-5.36253903116485,19.9885475986322
160,"mobile|two_factor|high|one_to_one",-5.54649676067966,19.9885475986322
160,"mobile|multi_factor|high|one_to_one",-6.88455965386947,19.9885475986322
160,"web|multi_factor|high|one_to_one",-7.02166677595667,19.9885475986322
160,"web|simple|medium|multi_person",-4.87620737907639,19.9885475986322
160,"mobile|two_factor|medium|multi_person",-5.0601651085912,19.9885475986322
160,"web|two_factor|high|multi_person",-5.87819575265588,19.9885475986322
160,"web|multi_factor|high|multi_person",-7.21625864584569,19.9885475986322
160,"web|simple|medium|one_to_one",-4.68161550918738,19.9885475986322
160,"web|two_factor|medium|one_to_one",-5.00268036078939,19.9885475986322
160,"mobile|simple|high|one_to_one",-5.22543190907764,19.9885475986322
160,"mobile|simple|low|multi_person",-4.11236288567199,19.9885475986322
160,"web|multi_factor|low|multi_person",-5.90859775255102,19.9885475986322
160,"web|two_factor|medium|multi_person",-5.19727223067841,19.9885475986322
160,"mobile|two_factor|low|one_to_one",-4.23883586738499,19.9885475986322
160,"web|two_factor|high|one_to_one",-5.68360388276687,19.9885475986322
160,"web|two_factor|low|one_to_one",-4.3759429894722,19.9885475986322
162,"web|simple|low|multi_person",-5.25886623067178,7.40977160907726
162,"mobile|two_factor|low|multi_person",-5.02212632547893,7.40977160907726
162,"web|two_factor|low|multi_person",-5.20981246268148,7.40977160907726
162,"mobile|multi_factor|low|multi_person",-4.72800903920624,7.40977160907726
162,"mobile|simple|medium|multi_person",-6.21837712432927,7.40977160907726
162,"mobile|multi_factor|medium|multi_person",-5.87520607006629,7.40977160907726
162,"web|multi_factor|medium|multi_person",-6.06289220726883,7.40977160907726
162,"mobile|simple|high|multi_person",-6.28085664632012,7.40977160907726
162,"web|simple|high|multi_person",-6.46854278352267,7.40977160907726
162,"mobile|two_factor|high|multi_person",-6.23180287832982,7.40977160907726
162,"mobile|multi_factor|high|multi_person",-5.93768559205713,7.40977160907726
162,"mobile|simple|low|one_to_one",-6.0819778093781,7.40977160907726
162,"web|simple|low|one_to_one",-6.26966394658064,7.40977160907726
162,"mobile|multi_factor|low|one_to_one",-5.73880675511511,7.40977160907726
162,"web|multi_factor|low|one_to_one",-5.92649289231766,7.40977160907726
162,"mobile|simple|medium|one_to_one",-7.22917484023814,7.40977160907726
162,"mobile|two_factor|medium|one_to_one",-7.18012107224784,7.40977160907726
162,"mobile|multi_factor|medium|one_to_one",-6.88600378597515,7.40977160907726
162,"web|multi_factor|medium|one_to_one",-7.0736899231777,7.40977160907726
162,"web|simple|high|one_to_one",-7.47934049943153,7.40977160907726
162,"mobile|two_factor|high|one_to_one",-7.24260059423869,7.40977160907726
162,"mobile|multi_factor|high|one_to_one",-6.948483307966,7.40977160907726
162,"web|multi_factor|high|one_to_one",-7.13616944516855,7.40977160907726
162,"web|simple|medium|multi_person",-6.40606326153182,7.40977160907726
162,"mobile|two_factor|medium|multi_person",-6.16932335633898,7.40977160907726
162,"web|two_factor|high|multi_person",-6.41948901553237,7.40977160907726
162,"web|multi_factor|high|multi_person",-6.12537172925968,7.40977160907726
162,"web|simple|medium|one_to_one",-7.41686097744068,7.40977160907726
162,"web|two_factor|medium|one_to_one",-7.36780720945039,7.40977160907726
162,"mobile|simple|high|one_to_one",-7.29165436222899,7.40977160907726
162,"mobile|simple|low|multi_person",-5.07118009346923,7.40977160907726
162,"web|multi_factor|low|multi_person",-4.91569517640879,7.40977160907726
162,"web|two_factor|medium|multi_person",-6.35700949354152,7.40977160907726
162,"mobile|two_factor|low|one_to_one",-6.0329240413878,7.40977160907726
162,"web|two_factor|high|one_to_one",-7.43028673144124,7.40977160907726
162,"web|two_factor|low|one_to_one",-6.22061017859035,7.40977160907726
163,"web|simple|low|multi_person",-3.12011750816738,6.81333522135874
163,"mobile|two_factor|low|multi_person",-4.87640805205369,6.81333522135874
163,"web|two_factor|low|multi_person",-5.36639764063483,6.81333522135874
163,"mobile|multi_factor|low|multi_person",-4.84343072468293,6.81333522135874
163,"mobile|simple|medium|multi_person",-3.51821421027091,6.81333522135874
163,"mobile|multi_factor|medium|multi_person",-5.7315170153676,6.81333522135874
163,"web|multi_factor|medium|multi_person",-6.22150660394874,6.81333522135874
163,"mobile|simple|high|multi_person",-4.70050176771864,6.81333522135874
163,"web|simple|high|multi_person",-5.19049135629978,6.81333522135874
163,"mobile|two_factor|high|multi_person",-6.94678190018609,6.81333522135874
163,"mobile|multi_factor|high|multi_person",-6.91380457281533,6.81333522135874
163,"mobile|simple|low|one_to_one",-3.42464928085954,6.81333522135874
163,"web|simple|low|one_to_one",-3.91463886944068,6.81333522135874
163,"mobile|multi_factor|low|one_to_one",-5.63795208595622,6.81333522135874
163,"web|multi_factor|low|one_to_one",-6.12794167453736,6.81333522135874
163,"mobile|simple|medium|one_to_one",-4.31273557154421,6.81333522135874
163,"mobile|two_factor|medium|one_to_one",-6.55901570401165,6.81333522135874
163,"mobile|multi_factor|medium|one_to_one",-6.52603837664089,6.81333522135874
163,"web|multi_factor|medium|one_to_one",-7.01602796522203,6.81333522135874
163,"web|simple|high|one_to_one",-5.98501271757308,6.81333522135874
163,"mobile|two_factor|high|one_to_one",-7.74130326145938,6.81333522135874
163,"mobile|multi_factor|high|one_to_one",-7.70832593408862,6.81333522135874
163,"web|multi_factor|high|one_to_one",-8.19831552266976,6.81333522135874
163,"web|simple|medium|multi_person",-4.00820379885205,6.81333522135874
163,"mobile|two_factor|medium|multi_person",-5.76449434273836,6.81333522135874
163,"web|two_factor|high|multi_person",-7.43677148876723,6.81333522135874
163,"web|multi_factor|high|multi_person",-7.40379416139647,6.81333522135874
163,"web|simple|medium|one_to_one",-4.80272516012535,6.81333522135874
163,"web|two_factor|medium|one_to_one",-7.04900529259279,6.81333522135874
163,"mobile|simple|high|one_to_one",-5.49502312899194,6.81333522135874
163,"mobile|simple|low|multi_person",-2.63012791958624,6.81333522135874
163,"web|multi_factor|low|multi_person",-5.33342031326407,6.81333522135874
163,"web|two_factor|medium|multi_person",-6.2544839313195,6.81333522135874
163,"mobile|two_factor|low|one_to_one",-5.67092941332698,6.81333522135874
163,"web|two_factor|high|one_to_one",-8.23129285004052,6.81333522135874
163,"web|two_factor|low|one_to_one",-6.16091900190812,6.81333522135874
164,"web|simple|low|multi_person",-4.39848848349991,21.8779722663656
164,"mobile|two_factor|low|multi_person",-4.13318395925096,21.8779722663656
164,"web|two_factor|low|multi_person",-4.73215681261169,21.8779722663656
164,"mobile|multi_factor|low|multi_person",-4.60915591785729,21.8779722663656
164,"mobile|simple|medium|multi_person",-4.83352599523164,21.8779722663656
164,"mobile|multi_factor|medium|multi_person",-5.64316628294976,21.8779722663656
164,"web|multi_factor|medium|multi_person",-6.24213913631049,21.8779722663656
164,"mobile|simple|high|multi_person",-5.67320113615585,21.8779722663656
164,"web|simple|high|multi_person",-6.27217398951658,21.8779722663656
164,"mobile|two_factor|high|multi_person",-6.00686946526763,21.8779722663656
164,"mobile|multi_factor|high|multi_person",-6.48284142387397,21.8779722663656
164,"mobile|simple|low|one_to_one",-3.04491494688087,21.8779722663656
164,"web|simple|low|one_to_one",-3.6438878002416,21.8779722663656
164,"mobile|multi_factor|low|one_to_one",-3.85455523459898,21.8779722663656
164,"web|multi_factor|low|one_to_one",-4.45352808795971,21.8779722663656
164,"mobile|simple|medium|one_to_one",-4.07892531197333,21.8779722663656
164,"mobile|two_factor|medium|one_to_one",-4.41259364108511,21.8779722663656
164,"mobile|multi_factor|medium|one_to_one",-4.88856559969145,21.8779722663656
164,"web|multi_factor|medium|one_to_one",-5.48753845305218,21.8779722663656
164,"web|simple|high|one_to_one",-5.51757330625827,21.8779722663656
164,"mobile|two_factor|high|one_to_one",-5.25226878200932,21.8779722663656
164,"mobile|multi_factor|high|one_to_one",-5.72824074061566,21.8779722663656
164,"web|multi_factor|high|one_to_one",-6.32721359397639,21.8779722663656
164,"web|simple|medium|multi_person",-5.43249884859237,21.8779722663656
164,"mobile|two_factor|medium|multi_person",-5.16719432434343,21.8779722663656
164,"web|two_factor|high|multi_person",-6.60584231862836,21.8779722663656
164,"web|multi_factor|high|multi_person",-7.0818142772347,21.8779722663656
164,"web|simple|medium|one_to_one",-4.67789816533406,21.8779722663656
164,"web|two_factor|medium|one_to_one",-5.01156649444584,21.8779722663656
164,"mobile|simple|high|one_to_one",-4.91860045289754,21.8779722663656
164,"mobile|simple|low|multi_person",-3.79951563013918,21.8779722663656
164,"web|multi_factor|low|multi_person",-5.20812877121802,21.8779722663656
164,"web|two_factor|medium|multi_person",-5.76616717770415,21.8779722663656
164,"mobile|two_factor|low|one_to_one",-3.37858327599265,21.8779722663656
164,"web|two_factor|high|one_to_one",-5.85124163537005,21.8779722663656
164,"web|two_factor|low|one_to_one",-3.97755612935338,21.8779722663656
165,"web|simple|low|multi_person",-3.32242342023849,4.11675833215235
165,"mobile|two_factor|low|multi_person",-4.53684544297699,4.11675833215235
165,"web|two_factor|low|multi_person",-6.16055921393713,4.11675833215235
165,"mobile|multi_factor|low|multi_person",-4.60184872935061,4.11675833215235
165,"mobile|simple|medium|multi_person",-3.21895394635791,4.11675833215235
165,"mobile|multi_factor|medium|multi_person",-6.12209302643016,4.11675833215235
165,"web|multi_factor|medium|multi_person",-7.74580679739029,4.11675833215235
165,"mobile|simple|high|multi_person",-3.3112755214943,4.11675833215235
165,"web|simple|high|multi_person",-4.93498929245443,4.11675833215235
165,"mobile|two_factor|high|multi_person",-6.14941131519293,4.11675833215235
165,"mobile|multi_factor|high|multi_person",-6.21441460156655,4.11675833215235
165,"mobile|simple|low|one_to_one",-2.00841874725373,4.11675833215235
165,"web|simple|low|one_to_one",-3.63213251821386,4.11675833215235
165,"mobile|multi_factor|low|one_to_one",-4.91155782732598,4.11675833215235
165,"web|multi_factor|low|one_to_one",-6.53527159828611,4.11675833215235
165,"mobile|simple|medium|one_to_one",-3.52866304433328,4.11675833215235
165,"mobile|two_factor|medium|one_to_one",-6.36679883803191,4.11675833215235
165,"mobile|multi_factor|medium|one_to_one",-6.43180212440553,4.11675833215235
165,"web|multi_factor|medium|one_to_one",-8.05551589536566,4.11675833215235
165,"web|simple|high|one_to_one",-5.2446983904298,4.11675833215235
165,"mobile|two_factor|high|one_to_one",-6.4591204131683,4.11675833215235
165,"mobile|multi_factor|high|one_to_one",-6.52412369954191,4.11675833215235
165,"web|multi_factor|high|one_to_one",-8.14783747050205,4.11675833215235
165,"web|simple|medium|multi_person",-4.84266771731804,4.11675833215235
165,"mobile|two_factor|medium|multi_person",-6.05708974005654,4.11675833215235
165,"web|two_factor|high|multi_person",-7.77312508615306,4.11675833215235
165,"web|multi_factor|high|multi_person",-7.83812837252668,4.11675833215235
165,"web|simple|medium|one_to_one",-5.15237681529341,4.11675833215235
165,"web|two_factor|medium|one_to_one",-7.99051260899205,4.11675833215235
165,"mobile|simple|high|one_to_one",-3.62098461946967,4.11675833215235
165,"mobile|simple|low|multi_person",-1.69870964927836,4.11675833215235
165,"web|multi_factor|low|multi_person",-6.22556250031074,4.11675833215235
165,"web|two_factor|medium|multi_person",-7.68080351101668,4.11675833215235
165,"mobile|two_factor|low|one_to_one",-4.84655454095236,4.11675833215235
165,"web|two_factor|high|one_to_one",-8.08283418412843,4.11675833215235
165,"web|two_factor|low|one_to_one",-6.47026831191249,4.11675833215235
166,"web|simple|low|multi_person",-4.70322994049392,11.27876795231
166,"mobile|two_factor|low|multi_person",-5.9843692766862,11.27876795231
166,"web|two_factor|low|multi_person",-6.97444376665387,11.27876795231
166,"mobile|multi_factor|low|multi_person",-4.79530243772031,11.27876795231
166,"mobile|simple|medium|multi_person",-4.88882662882553,11.27876795231
166,"mobile|multi_factor|medium|multi_person",-5.97097361601958,11.27876795231
166,"web|multi_factor|medium|multi_person",-6.96104810598725,11.27876795231
166,"mobile|simple|high|multi_person",-4.18466769575794,11.27876795231
166,"web|simple|high|multi_person",-5.17474218572561,11.27876795231
166,"mobile|two_factor|high|multi_person",-6.45588152191789,11.27876795231
166,"mobile|multi_factor|high|multi_person",-5.266814682952,11.27876795231
166,"mobile|simple|low|one_to_one",-2.76687017781481,11.27876795231
166,"web|simple|low|one_to_one",-3.75694466778247,11.27876795231
166,"mobile|multi_factor|low|one_to_one",-3.84901716500886,11.27876795231
166,"web|multi_factor|low|one_to_one",-4.83909165497653,11.27876795231
166,"mobile|simple|medium|one_to_one",-3.94254135611408,11.27876795231
166,"mobile|two_factor|medium|one_to_one",-6.21375518227403,11.27876795231
166,"mobile|multi_factor|medium|one_to_one",-5.02468834330814,11.27876795231
166,"web|multi_factor|medium|one_to_one",-6.0147628332758,11.27876795231
166,"web|simple|high|one_to_one",-4.22845691301416,11.27876795231
166,"mobile|two_factor|high|one_to_one",-5.50959624920644,11.27876795231
166,"mobile|multi_factor|high|one_to_one",-4.32052941024055,11.27876795231
166,"web|multi_factor|high|one_to_one",-5.31060390020822,11.27876795231
166,"web|simple|medium|multi_person",-5.87890111879319,11.27876795231
166,"mobile|two_factor|medium|multi_person",-7.16004045498548,11.27876795231
166,"web|two_factor|high|multi_person",-7.44595601188556,11.27876795231
166,"web|multi_factor|high|multi_person",-6.25688917291967,11.27876795231
166,"web|simple|medium|one_to_one",-4.93261584608175,11.27876795231
166,"web|two_factor|medium|one_to_one",-7.2038296722417,11.27876795231
166,"mobile|simple|high|one_to_one",-3.23838242304649,11.27876795231
166,"mobile|simple|low|multi_person",-3.71315545052625,11.27876795231
166,"web|multi_factor|low|multi_person",-5.78537692768798,11.27876795231
166,"web|two_factor|medium|multi_person",-8.15011494495314,11.27876795231
166,"mobile|two_factor|low|one_to_one",-5.03808400397476,11.27876795231
166,"web|two_factor|high|one_to_one",-6.49967073917411,11.27876795231
166,"web|two_factor|low|one_to_one",-6.02815849394242,11.27876795231
167,"web|simple|low|multi_person",-6.17922804669307,3.34191339944743
167,"mobile|two_factor|low|multi_person",-6.73052163617059,3.34191339944743
167,"web|two_factor|low|multi_person",-7.56748131254925,3.34191339944743
167,"mobile|multi_factor|low|multi_person",-6.57641555447574,3.34191339944743
167,"mobile|simple|medium|multi_person",-5.98381171752673,3.34191339944743
167,"mobile|multi_factor|medium|multi_person",-7.21795890168806,3.34191339944743
167,"web|multi_factor|medium|multi_person",-8.05491857806672,3.34191339944743
167,"mobile|simple|high|multi_person",-5.72660921133582,3.34191339944743
167,"web|simple|high|multi_person",-6.56356888771448,3.34191339944743
167,"mobile|two_factor|high|multi_person",-7.114862477192,3.34191339944743
167,"mobile|multi_factor|high|multi_person",-6.96075639549715,3.34191339944743
167,"mobile|simple|low|one_to_one",-3.10725743892065,3.34191339944743
167,"web|simple|low|one_to_one",-3.94421711529932,3.34191339944743
167,"mobile|multi_factor|low|one_to_one",-4.34140462308198,3.34191339944743
167,"web|multi_factor|low|one_to_one",-5.17836429946065,3.34191339944743
167,"mobile|simple|medium|one_to_one",-3.74880078613297,3.34191339944743
167,"mobile|two_factor|medium|one_to_one",-5.13705405198914,3.34191339944743
167,"mobile|multi_factor|medium|one_to_one",-4.9829479702943,3.34191339944743
167,"web|multi_factor|medium|one_to_one",-5.81990764667296,3.34191339944743
167,"web|simple|high|one_to_one",-4.32855795632072,3.34191339944743
167,"mobile|two_factor|high|one_to_one",-4.87985154579824,3.34191339944743
167,"mobile|multi_factor|high|one_to_one",-4.72574546410339,3.34191339944743
167,"web|multi_factor|high|one_to_one",-5.56270514048206,3.34191339944743
167,"web|simple|medium|multi_person",-6.82077139390539,3.34191339944743
167,"mobile|two_factor|medium|multi_person",-7.3720649833829,3.34191339944743
167,"web|two_factor|high|multi_person",-7.95182215357066,3.34191339944743
167,"web|multi_factor|high|multi_person",-7.79771607187581,3.34191339944743
167,"web|simple|medium|one_to_one",-4.58576046251163,3.34191339944743
167,"web|two_factor|medium|one_to_one",-5.97401372836781,3.34191339944743
167,"mobile|simple|high|one_to_one",-3.49159827994206,3.34191339944743
167,"mobile|simple|low|multi_person",-5.34226837031441,3.34191339944743
167,"web|multi_factor|low|multi_person",-7.4133752308544,3.34191339944743
167,"web|two_factor|medium|multi_person",-8.20902465976157,3.34191339944743
167,"mobile|two_factor|low|one_to_one",-4.49551070477683,3.34191339944743
167,"web|two_factor|high|one_to_one",-5.7168112221769,3.34191339944743
167,"web|two_factor|low|one_to_one",-5.33247038115549,3.34191339944743
168,"web|simple|low|multi_person",-5.24282398948758,18.2838073389952
168,"mobile|two_factor|low|multi_person",-4.20156638448067,18.2838073389952
168,"web|two_factor|low|multi_person",-5.77412241747409,18.2838073389952
168,"mobile|multi_factor|low|multi_person",-3.70887913186083,18.2838073389952
168,"mobile|simple|medium|multi_person",-4.81786902825217,18.2838073389952
168,"mobile|multi_factor|medium|multi_person",-4.85648020361884,18.2838073389952
168,"web|multi_factor|medium|multi_person",-6.42903623661225,18.2838073389952
168,"mobile|simple|high|multi_person",-4.82055247722819,18.2838073389952
168,"web|simple|high|multi_person",-6.39310851022161,18.2838073389952
168,"mobile|two_factor|high|multi_person",-5.3518509052147,18.2838073389952
168,"mobile|multi_factor|high|multi_person",-4.85916365259486,18.2838073389952
168,"mobile|simple|low|one_to_one",-3.42241984580089,18.2838073389952
168,"web|simple|low|one_to_one",-4.99497587879431,18.2838073389952
168,"mobile|multi_factor|low|one_to_one",-3.46103102116756,18.2838073389952
168,"web|multi_factor|low|one_to_one",-5.03358705416098,18.2838073389952
168,"mobile|simple|medium|one_to_one",-4.5700209175589,18.2838073389952
168,"mobile|two_factor|medium|one_to_one",-5.10131934554541,18.2838073389952
168,"mobile|multi_factor|medium|one_to_one",-4.60863209292557,18.2838073389952
168,"web|multi_factor|medium|one_to_one",-6.18118812591898,18.2838073389952
168,"web|simple|high|one_to_one",-6.14526039952834,18.2838073389952
168,"mobile|two_factor|high|one_to_one",-5.10400279452143,18.2838073389952
168,"mobile|multi_factor|high|one_to_one",-4.61131554190159,18.2838073389952
168,"web|multi_factor|high|one_to_one",-6.18387157489501,18.2838073389952
168,"web|simple|medium|multi_person",-6.39042506124559,18.2838073389952
168,"mobile|two_factor|medium|multi_person",-5.34916745623868,18.2838073389952
168,"web|two_factor|high|multi_person",-6.92440693820812,18.2838073389952
168,"web|multi_factor|high|multi_person",-6.43171968558828,18.2838073389952
168,"web|simple|medium|one_to_one",-6.14257695055232,18.2838073389952
168,"web|two_factor|medium|one_to_one",-6.67387537853882,18.2838073389952
168,"mobile|simple|high|one_to_one",-4.57270436653492,18.2838073389952
168,"mobile|simple|low|multi_person",-3.67026795649416,18.2838073389952
168,"web|multi_factor|low|multi_person",-5.28143516485425,18.2838073389952
168,"web|two_factor|medium|multi_person",-6.92172348923209,18.2838073389952
168,"mobile|two_factor|low|one_to_one",-3.9537182737874,18.2838073389952
168,"web|two_factor|high|one_to_one",-6.67655882751484,18.2838073389952
168,"web|two_factor|low|one_to_one",-5.52627430678082,18.2838073389952
169,"web|simple|low|multi_person",-6.52589469348369,20.0422422718257
169,"mobile|two_factor|low|multi_person",-4.72240599426639,20.0422422718257
169,"web|two_factor|low|multi_person",-5.46248521757511,20.0422422718257
169,"mobile|multi_factor|low|multi_person",-4.3062036911385,20.0422422718257
169,"mobile|simple|medium|multi_person",-6.14694458216704,20.0422422718257
169,"mobile|multi_factor|medium|multi_person",-4.66733280313056,20.0422422718257
169,"web|multi_factor|medium|multi_person",-5.40741202643928,20.0422422718257
169,"mobile|simple|high|multi_person",-7.26802835203425,20.0422422718257
169,"web|simple|high|multi_person",-8.00810757534297,20.0422422718257
169,"mobile|two_factor|high|multi_person",-6.20461887612567,20.0422422718257
169,"mobile|multi_factor|high|multi_person",-5.78841657299778,20.0422422718257
169,"mobile|simple|low|one_to_one",-5.61914680038073,20.0422422718257
169,"web|simple|low|one_to_one",-6.35922602368945,20.0422422718257
169,"mobile|multi_factor|low|one_to_one",-4.13953502134426,20.0422422718257
169,"web|multi_factor|low|one_to_one",-4.87961424465297,20.0422422718257
169,"mobile|simple|medium|one_to_one",-5.9802759123728,20.0422422718257
169,"mobile|two_factor|medium|one_to_one",-4.91686643646422,20.0422422718257
169,"mobile|multi_factor|medium|one_to_one",-4.50066413333633,20.0422422718257
169,"web|multi_factor|medium|one_to_one",-5.24074335664504,20.0422422718257
169,"web|simple|high|one_to_one",-7.84143890554873,20.0422422718257
169,"mobile|two_factor|high|one_to_one",-6.03795020633143,20.0422422718257
169,"mobile|multi_factor|high|one_to_one",-5.62174790320354,20.0422422718257
169,"web|multi_factor|high|one_to_one",-6.36182712651226,20.0422422718257
169,"web|simple|medium|multi_person",-6.88702380547575,20.0422422718257
169,"mobile|two_factor|medium|multi_person",-5.08353510625846,20.0422422718257
169,"web|two_factor|high|multi_person",-6.94469809943439,20.0422422718257
169,"web|multi_factor|high|multi_person",-6.5284957963065,20.0422422718257
169,"web|simple|medium|one_to_one",-6.72035513568152,20.0422422718257
169,"web|two_factor|medium|one_to_one",-5.65694565977293,20.0422422718257
169,"mobile|simple|high|one_to_one",-7.10135968224001,20.0422422718257
169,"mobile|simple|low|multi_person",-5.78581547017497,20.0422422718257
169,"web|multi_factor|low|multi_person",-5.04628291444721,20.0422422718257
169,"web|two_factor|medium|multi_person",-5.82361432956717,20.0422422718257
169,"mobile|two_factor|low|one_to_one",-4.55573732447215,20.0422422718257
169,"web|two_factor|high|one_to_one",-6.77802942964015,20.0422422718257
169,"web|two_factor|low|one_to_one",-5.29581654778087,20.0422422718257
170,"web|simple|low|multi_person",-5.71358544292497,18.5109631507248
170,"mobile|two_factor|low|multi_person",-4.26344725335208,18.5109631507248
170,"web|two_factor|low|multi_person",-6.11290166302044,18.5109631507248
170,"mobile|multi_factor|low|multi_person",-3.6161106505859,18.5109631507248
170,"mobile|simple|medium|multi_person",-3.94374726995382,18.5109631507248
170,"mobile|multi_factor|medium|multi_person",-3.69572688728311,18.5109631507248
170,"web|multi_factor|medium|multi_person",-5.54518129695147,18.5109631507248
170,"mobile|simple|high|multi_person",-5.25558076136238,18.5109631507248
170,"web|simple|high|multi_person",-7.10503517103074,18.5109631507248
170,"mobile|two_factor|high|multi_person",-5.65489698145784,18.5109631507248
170,"mobile|multi_factor|high|multi_person",-5.00756037869167,18.5109631507248
170,"mobile|simple|low|one_to_one",-3.58369289373258,18.5109631507248
170,"web|simple|low|one_to_one",-5.43314730340094,18.5109631507248
170,"mobile|multi_factor|low|one_to_one",-3.33567251106187,18.5109631507248
170,"web|multi_factor|low|one_to_one",-5.18512692073023,18.5109631507248
170,"mobile|simple|medium|one_to_one",-3.66330913042979,18.5109631507248
170,"mobile|two_factor|medium|one_to_one",-4.06262535052525,18.5109631507248
170,"mobile|multi_factor|medium|one_to_one",-3.41528874775908,18.5109631507248
170,"web|multi_factor|medium|one_to_one",-5.26474315742744,18.5109631507248
170,"web|simple|high|one_to_one",-6.82459703150671,18.5109631507248
170,"mobile|two_factor|high|one_to_one",-5.37445884193381,18.5109631507248
170,"mobile|multi_factor|high|one_to_one",-4.72712223916764,18.5109631507248
170,"web|multi_factor|high|one_to_one",-6.576576648836,18.5109631507248
170,"web|simple|medium|multi_person",-5.79320167962218,18.5109631507248
170,"mobile|two_factor|medium|multi_person",-4.34306349004929,18.5109631507248
170,"web|two_factor|high|multi_person",-7.5043513911262,18.5109631507248
170,"web|multi_factor|high|multi_person",-6.85701478836003,18.5109631507248
170,"web|simple|medium|one_to_one",-5.51276354009815,18.5109631507248
170,"web|two_factor|medium|one_to_one",-5.91207976019361,18.5109631507248
170,"mobile|simple|high|one_to_one",-4.97514262183835,18.5109631507248
170,"mobile|simple|low|multi_person",-3.86413103325661,18.5109631507248
170,"web|multi_factor|low|multi_person",-5.46556506025426,18.5109631507248
170,"web|two_factor|medium|multi_person",-6.19251789971765,18.5109631507248
170,"mobile|two_factor|low|one_to_one",-3.98300911382804,18.5109631507248
170,"web|two_factor|high|one_to_one",-7.22391325160217,18.5109631507248
170,"web|two_factor|low|one_to_one",-5.8324635234964,18.5109631507248
171,"web|simple|low|multi_person",-5.42871071345027,15.4520755855518
171,"mobile|two_factor|low|multi_person",-6.35781110073743,15.4520755855518
171,"web|two_factor|low|multi_person",-6.79654346053782,15.4520755855518
171,"mobile|multi_factor|low|multi_person",-6.0341407156143,15.4520755855518
171,"mobile|simple|medium|multi_person",-4.4347807880836,15.4520755855518
171,"mobile|multi_factor|medium|multi_person",-5.47894315004802,15.4520755855518
171,"web|multi_factor|medium|multi_person",-5.9176755098484,15.4520755855518
171,"mobile|simple|high|multi_person",-5.16243783108287,15.4520755855518
171,"web|simple|high|multi_person",-5.60117019088326,15.4520755855518
171,"mobile|two_factor|high|multi_person",-6.53027057817042,15.4520755855518
171,"mobile|multi_factor|high|multi_person",-6.20660019304729,15.4520755855518
171,"mobile|simple|low|one_to_one",-4.28545473362187,15.4520755855518
171,"web|simple|low|one_to_one",-4.72418709342226,15.4520755855518
171,"mobile|multi_factor|low|one_to_one",-5.32961709558628,15.4520755855518
171,"web|multi_factor|low|one_to_one",-5.76834945538667,15.4520755855518
171,"mobile|simple|medium|one_to_one",-3.73025716805559,15.4520755855518
171,"mobile|two_factor|medium|one_to_one",-5.09808991514313,15.4520755855518
171,"mobile|multi_factor|medium|one_to_one",-4.77441953002,15.4520755855518
171,"web|multi_factor|medium|one_to_one",-5.21315188982039,15.4520755855518
171,"web|simple|high|one_to_one",-4.89664657085525,15.4520755855518
171,"mobile|two_factor|high|one_to_one",-5.8257469581424,15.4520755855518
171,"mobile|multi_factor|high|one_to_one",-5.50207657301927,15.4520755855518
171,"web|multi_factor|high|one_to_one",-5.94080893281966,15.4520755855518
171,"web|simple|medium|multi_person",-4.87351314788399,15.4520755855518
171,"mobile|two_factor|medium|multi_person",-5.80261353517115,15.4520755855518
171,"web|two_factor|high|multi_person",-6.9690029379708,15.4520755855518
171,"web|multi_factor|high|multi_person",-6.64533255284767,15.4520755855518
171,"web|simple|medium|one_to_one",-4.16898952785598,15.4520755855518
171,"web|two_factor|medium|one_to_one",-5.53682227494352,15.4520755855518
171,"mobile|simple|high|one_to_one",-4.45791421105486,15.4520755855518
171,"mobile|simple|low|multi_person",-4.98997835364989,15.4520755855518
171,"web|multi_factor|low|multi_person",-6.47287307541469,15.4520755855518
171,"web|two_factor|medium|multi_person",-6.24134589497154,15.4520755855518
171,"mobile|two_factor|low|one_to_one",-5.65328748070942,15.4520755855518
171,"web|two_factor|high|one_to_one",-6.26447931794279,15.4520755855518
171,"web|two_factor|low|one_to_one",-6.0920198405098,15.4520755855518
172,"web|simple|low|multi_person",-4.98452818774757,18.7863816915663
172,"mobile|two_factor|low|multi_person",-5.52874197462845,18.7863816915663
172,"web|two_factor|low|multi_person",-4.75363755963152,18.7863816915663
172,"mobile|multi_factor|low|multi_person",-4.58963814851583,18.7863816915663
172,"mobile|simple|medium|multi_person",-6.79188999519143,18.7863816915663
172,"mobile|multi_factor|medium|multi_person",-5.62189554096275,18.7863816915663
172,"web|multi_factor|medium|multi_person",-4.84679112596582,18.7863816915663
172,"mobile|simple|high|multi_person",-7.92964839658847,18.7863816915663
172,"web|simple|high|multi_person",-7.15454398159154,18.7863816915663
172,"mobile|two_factor|high|multi_person",-7.69875776847242,18.7863816915663
172,"mobile|multi_factor|high|multi_person",-6.7596539423598,18.7863816915663
172,"mobile|simple|low|one_to_one",-5.40882805120889,18.7863816915663
172,"web|simple|low|one_to_one",-4.63372363621195,18.7863816915663
172,"mobile|multi_factor|low|one_to_one",-4.23883359698021,18.7863816915663
172,"web|multi_factor|low|one_to_one",-3.46372918198328,18.7863816915663
172,"mobile|simple|medium|one_to_one",-6.44108544365581,18.7863816915663
172,"mobile|two_factor|medium|one_to_one",-6.21019481553977,18.7863816915663
172,"mobile|multi_factor|medium|one_to_one",-5.27109098942714,18.7863816915663
172,"web|multi_factor|medium|one_to_one",-4.49598657443021,18.7863816915663
172,"web|simple|high|one_to_one",-6.80373943005592,18.7863816915663
172,"mobile|two_factor|high|one_to_one",-7.34795321693681,18.7863816915663
172,"mobile|multi_factor|high|one_to_one",-6.40884939082418,18.7863816915663
172,"web|multi_factor|high|one_to_one",-5.63374497582725,18.7863816915663
172,"web|simple|medium|multi_person",-6.01678558019449,18.7863816915663
172,"mobile|two_factor|medium|multi_person",-6.56099936707538,18.7863816915663
172,"web|two_factor|high|multi_person",-6.92365335347549,18.7863816915663
172,"web|multi_factor|high|multi_person",-5.98454952736286,18.7863816915663
172,"web|simple|medium|one_to_one",-5.66598102865888,18.7863816915663
172,"web|two_factor|medium|one_to_one",-5.43509040054283,18.7863816915663
172,"mobile|simple|high|one_to_one",-7.57884384505286,18.7863816915663
172,"mobile|simple|low|multi_person",-5.7596326027445,18.7863816915663
172,"web|multi_factor|low|multi_person",-3.81453373351889,18.7863816915663
172,"web|two_factor|medium|multi_person",-5.78589495207845,18.7863816915663
172,"mobile|two_factor|low|one_to_one",-5.17793742309284,18.7863816915663
172,"web|two_factor|high|one_to_one",-6.57284880193987,18.7863816915663
172,"web|two_factor|low|one_to_one",-4.40283300809591,18.7863816915663
173,"web|simple|low|multi_person",-3.11117634126173,13.9866895702844
173,"mobile|two_factor|low|multi_person",-5.40919695412048,13.9866895702844
173,"web|two_factor|low|multi_person",-4.93013830409309,13.9866895702844
173,"mobile|multi_factor|low|multi_person",-5.80078306809044,13.9866895702844
173,"mobile|simple|medium|multi_person",-5.21486908736012,13.9866895702844
173,"mobile|multi_factor|medium|multi_person",-7.42541716416144,13.9866895702844
173,"web|multi_factor|medium|multi_person",-6.94635851413404,13.9866895702844
173,"mobile|simple|high|multi_person",-5.24421655426167,13.9866895702844
173,"web|simple|high|multi_person",-4.76515790423428,13.9866895702844
173,"mobile|two_factor|high|multi_person",-7.06317851709303,13.9866895702844
173,"mobile|multi_factor|high|multi_person",-7.454764631063,13.9866895702844
173,"mobile|simple|low|one_to_one",-3.53274327938811,13.9866895702844
173,"web|simple|low|one_to_one",-3.05368462936072,13.9866895702844
173,"mobile|multi_factor|low|one_to_one",-5.74329135618943,13.9866895702844
173,"web|multi_factor|low|one_to_one",-5.26423270616204,13.9866895702844
173,"mobile|simple|medium|one_to_one",-5.1573773754591,13.9866895702844
173,"mobile|two_factor|medium|one_to_one",-6.97633933829046,13.9866895702844
173,"mobile|multi_factor|medium|one_to_one",-7.36792545226042,13.9866895702844
173,"web|multi_factor|medium|one_to_one",-6.88886680223303,13.9866895702844
173,"web|simple|high|one_to_one",-4.70766619233327,13.9866895702844
173,"mobile|two_factor|high|one_to_one",-7.00568680519202,13.9866895702844
173,"mobile|multi_factor|high|one_to_one",-7.39727291916198,13.9866895702844
173,"web|multi_factor|high|one_to_one",-6.91821426913459,13.9866895702844
173,"web|simple|medium|multi_person",-4.73581043733272,13.9866895702844
173,"mobile|two_factor|medium|multi_person",-7.03383105019147,13.9866895702844
173,"web|two_factor|high|multi_person",-6.58411986706564,13.9866895702844
173,"web|multi_factor|high|multi_person",-6.9757059810356,13.9866895702844
173,"web|simple|medium|one_to_one",-4.67831872543171,13.9866895702844
173,"web|two_factor|medium|one_to_one",-6.49728068826307,13.9866895702844
173,"mobile|simple|high|one_to_one",-5.18672484236066,13.9866895702844
173,"mobile|simple|low|multi_person",-3.59023499128912,13.9866895702844
173,"web|multi_factor|low|multi_person",-5.32172441806305,13.9866895702844
173,"web|two_factor|medium|multi_person",-6.55477240016408,13.9866895702844
173,"mobile|two_factor|low|one_to_one",-5.35170524221947,13.9866895702844
173,"web|two_factor|high|one_to_one",-6.52662815516463,13.9866895702844
173,"web|two_factor|low|one_to_one",-4.87264659219207,13.9866895702844
174,"web|simple|low|multi_person",-6.30415920600752,20.7276499267803
174,"mobile|two_factor|low|multi_person",-4.40492106906157,20.7276499267803
174,"web|two_factor|low|multi_person",-5.0454340429415,20.7276499267803
174,"mobile|multi_factor|low|multi_person",-4.58688773797316,20.7276499267803
174,"mobile|simple|medium|multi_person",-6.47195770706702,20.7276499267803
174,"mobile|multi_factor|medium|multi_person",-5.39519921291259,20.7276499267803
174,"web|multi_factor|medium|multi_person",-6.03571218679251,20.7276499267803
174,"mobile|simple|high|multi_person",-7.25264455161202,20.7276499267803
174,"web|simple|high|multi_person",-7.89315752549194,20.7276499267803
174,"mobile|two_factor|high|multi_person",-5.993919388546,20.7276499267803
174,"mobile|multi_factor|high|multi_person",-6.17588605745759,20.7276499267803
174,"mobile|simple|low|one_to_one",-4.90128058716606,20.7276499267803
174,"web|simple|low|one_to_one",-5.54179356104598,20.7276499267803
174,"mobile|multi_factor|low|one_to_one",-3.82452209301163,20.7276499267803
174,"web|multi_factor|low|one_to_one",-4.46503506689155,20.7276499267803
174,"mobile|simple|medium|one_to_one",-5.70959206210548,20.7276499267803
174,"mobile|two_factor|medium|one_to_one",-4.45086689903946,20.7276499267803
174,"mobile|multi_factor|medium|one_to_one",-4.63283356795105,20.7276499267803
174,"web|multi_factor|medium|one_to_one",-5.27334654183097,20.7276499267803
174,"web|simple|high|one_to_one",-7.13079188053041,20.7276499267803
174,"mobile|two_factor|high|one_to_one",-5.23155374358446,20.7276499267803
174,"mobile|multi_factor|high|one_to_one",-5.41352041249605,20.7276499267803
174,"web|multi_factor|high|one_to_one",-6.05403338637598,20.7276499267803
174,"web|simple|medium|multi_person",-7.11247068094694,20.7276499267803
174,"mobile|two_factor|medium|multi_person",-5.213232544001,20.7276499267803
174,"web|two_factor|high|multi_person",-6.63443236242592,20.7276499267803
174,"web|multi_factor|high|multi_person",-6.81639903133751,20.7276499267803
174,"web|simple|medium|one_to_one",-6.3501050359854,20.7276499267803
174,"web|two_factor|medium|one_to_one",-5.09137987291938,20.7276499267803
174,"mobile|simple|high|one_to_one",-6.49027890665048,20.7276499267803
174,"mobile|simple|low|multi_person",-5.66364623212759,20.7276499267803
174,"web|multi_factor|low|multi_person",-5.22740071185309,20.7276499267803
174,"web|two_factor|medium|multi_person",-5.85374551788092,20.7276499267803
174,"mobile|two_factor|low|one_to_one",-3.64255542410004,20.7276499267803
174,"web|two_factor|high|one_to_one",-5.87206671746439,20.7276499267803
174,"web|two_factor|low|one_to_one",-4.28306839797996,20.7276499267803
175,"web|simple|low|multi_person",-4.6619981087332,20.4009128150116
175,"mobile|two_factor|low|multi_person",-4.60955085447797,20.4009128150116
175,"web|two_factor|low|multi_person",-4.6515000913536,20.4009128150116
175,"mobile|multi_factor|low|multi_person",-4.24475101213227,20.4009128150116
175,"mobile|simple|medium|multi_person",-5.6698145965939,20.4009128150116
175,"mobile|multi_factor|medium|multi_person",-5.29451673686859,20.4009128150116
175,"web|multi_factor|medium|multi_person",-5.33646597374422,20.4009128150116
175,"mobile|simple|high|multi_person",-7.0620078075726,20.4009128150116
175,"web|simple|high|multi_person",-7.10395704444822,20.4009128150116
175,"mobile|two_factor|high|multi_person",-7.05150979019299,20.4009128150116
175,"mobile|multi_factor|high|multi_person",-6.68670994784729,20.4009128150116
175,"mobile|simple|low|one_to_one",-4.32038513789877,20.4009128150116
175,"web|simple|low|one_to_one",-4.3623343747744,20.4009128150116
175,"mobile|multi_factor|low|one_to_one",-3.94508727817346,20.4009128150116
175,"web|multi_factor|low|one_to_one",-3.98703651504909,20.4009128150116
175,"mobile|simple|medium|one_to_one",-5.3701508626351,20.4009128150116
175,"mobile|two_factor|medium|one_to_one",-5.35965284525549,20.4009128150116
175,"mobile|multi_factor|medium|one_to_one",-4.99485300290979,20.4009128150116
175,"web|multi_factor|medium|one_to_one",-5.03680223978542,20.4009128150116
175,"web|simple|high|one_to_one",-6.80429331048942,20.4009128150116
175,"mobile|two_factor|high|one_to_one",-6.75184605623419,20.4009128150116
175,"mobile|multi_factor|high|one_to_one",-6.38704621388848,20.4009128150116
175,"web|multi_factor|high|one_to_one",-6.42899545076411,20.4009128150116
175,"web|simple|medium|multi_person",-5.71176383346953,20.4009128150116
175,"mobile|two_factor|medium|multi_person",-5.6593165792143,20.4009128150116
175,"web|two_factor|high|multi_person",-7.09345902706862,20.4009128150116
175,"web|multi_factor|high|multi_person",-6.72865918472292,20.4009128150116
175,"web|simple|medium|one_to_one",-5.41210009951072,20.4009128150116
175,"web|two_factor|medium|one_to_one",-5.40160208213112,20.4009128150116
175,"mobile|simple|high|one_to_one",-6.76234407361379,20.4009128150116
175,"mobile|simple|low|multi_person",-4.62004887185758,20.4009128150116
175,"web|multi_factor|low|multi_person",-4.2867002490079,20.4009128150116
175,"web|two_factor|medium|multi_person",-5.70126581608992,20.4009128150116
175,"mobile|two_factor|low|one_to_one",-4.30988712051917,20.4009128150116
175,"web|two_factor|high|one_to_one",-6.79379529310981,20.4009128150116
175,"web|two_factor|low|one_to_one",-4.35183635739479,20.4009128150116
176,"web|simple|low|multi_person",-5.94715475417231,7.61668932027613
176,"mobile|two_factor|low|multi_person",-4.58771434835402,7.61668932027613
176,"web|two_factor|low|multi_person",-5.91209657496327,7.61668932027613
176,"mobile|multi_factor|low|multi_person",-4.27460399336847,7.61668932027613
176,"mobile|simple|medium|multi_person",-4.92531642405939,7.61668932027613
176,"mobile|multi_factor|medium|multi_person",-4.5771478898648,7.61668932027613
176,"web|multi_factor|medium|multi_person",-5.90153011647404,7.61668932027613
176,"mobile|simple|high|multi_person",-6.53344173266783,7.61668932027613
176,"web|simple|high|multi_person",-7.85782395927707,7.61668932027613
176,"mobile|two_factor|high|multi_person",-6.49838355345879,7.61668932027613
176,"mobile|multi_factor|high|multi_person",-6.18527319847324,7.61668932027613
176,"mobile|simple|low|one_to_one",-5.15174326642112,7.61668932027613
176,"web|simple|low|one_to_one",-6.47612549303036,7.61668932027613
176,"mobile|multi_factor|low|one_to_one",-4.80357473222653,7.61668932027613
176,"web|multi_factor|low|one_to_one",-6.12795695883577,7.61668932027613
176,"mobile|simple|medium|one_to_one",-5.45428716291745,7.61668932027613
176,"mobile|two_factor|medium|one_to_one",-5.41922898370841,7.61668932027613
176,"mobile|multi_factor|medium|one_to_one",-5.10611862872286,7.61668932027613
176,"web|multi_factor|medium|one_to_one",-6.4305008553321,7.61668932027613
176,"web|simple|high|one_to_one",-8.38679469813513,7.61668932027613
176,"mobile|two_factor|high|one_to_one",-7.02735429231685,7.61668932027613
176,"mobile|multi_factor|high|one_to_one",-6.7142439373313,7.61668932027613
176,"web|multi_factor|high|one_to_one",-8.03862616394054,7.61668932027613
176,"web|simple|medium|multi_person",-6.24969865066863,7.61668932027613
176,"mobile|two_factor|medium|multi_person",-4.89025824485035,7.61668932027613
176,"web|two_factor|high|multi_person",-7.82276578006804,7.61668932027613
176,"web|multi_factor|high|multi_person",-7.50965542508248,7.61668932027613
176,"web|simple|medium|one_to_one",-6.77866938952669,7.61668932027613
176,"web|two_factor|medium|one_to_one",-6.74361121031765,7.61668932027613
176,"mobile|simple|high|one_to_one",-7.06241247152589,7.61668932027613
176,"mobile|simple|low|multi_person",-4.62277252756306,7.61668932027613
176,"web|multi_factor|low|multi_person",-5.59898621997772,7.61668932027613
176,"web|two_factor|medium|multi_person",-6.2146404714596,7.61668932027613
176,"mobile|two_factor|low|one_to_one",-5.11668508721208,7.61668932027613
176,"web|two_factor|high|one_to_one",-8.35173651892609,7.61668932027613
176,"web|two_factor|low|one_to_one",-6.44106731382133,7.61668932027613
177,"web|simple|low|multi_person",-3.71421665992685,19.229942488522
177,"mobile|two_factor|low|multi_person",-4.76915529373323,19.229942488522
177,"web|two_factor|low|multi_person",-5.47181177444699,19.229942488522
177,"mobile|multi_factor|low|multi_person",-4.8791565885266,19.229942488522
177,"mobile|simple|medium|multi_person",-3.60253227694359,19.229942488522
177,"mobile|multi_factor|medium|multi_person",-5.47012868625711,19.229942488522
177,"web|multi_factor|medium|multi_person",-6.17278516697087,19.229942488522
177,"mobile|simple|high|multi_person",-4.87339764185698,19.229942488522
177,"web|simple|high|multi_person",-5.57605412257075,19.229942488522
177,"mobile|two_factor|high|multi_person",-6.63099275637713,19.229942488522
177,"mobile|multi_factor|high|multi_person",-6.7409940511705,19.229942488522
177,"mobile|simple|low|one_to_one",-2.04091754346121,19.229942488522
177,"web|simple|low|one_to_one",-2.74357402417498,19.229942488522
177,"mobile|multi_factor|low|one_to_one",-3.90851395277473,19.229942488522
177,"web|multi_factor|low|one_to_one",-4.61117043348849,19.229942488522
177,"mobile|simple|medium|one_to_one",-2.63188964119172,19.229942488522
177,"mobile|two_factor|medium|one_to_one",-4.38948475571187,19.229942488522
177,"mobile|multi_factor|medium|one_to_one",-4.49948605050524,19.229942488522
177,"web|multi_factor|medium|one_to_one",-5.202142531219,19.229942488522
177,"web|simple|high|one_to_one",-4.60541148681888,19.229942488522
177,"mobile|two_factor|high|one_to_one",-5.66035012062525,19.229942488522
177,"mobile|multi_factor|high|one_to_one",-5.77035141541863,19.229942488522
177,"web|multi_factor|high|one_to_one",-6.47300789613239,19.229942488522
177,"web|simple|medium|multi_person",-4.30518875765736,19.229942488522
177,"mobile|two_factor|medium|multi_person",-5.36012739146374,19.229942488522
177,"web|two_factor|high|multi_person",-7.33364923709089,19.229942488522
177,"web|multi_factor|high|multi_person",-7.44365053188426,19.229942488522
177,"web|simple|medium|one_to_one",-3.33454612190549,19.229942488522
177,"web|two_factor|medium|one_to_one",-5.09214123642563,19.229942488522
177,"mobile|simple|high|one_to_one",-3.90275500610511,19.229942488522
177,"mobile|simple|low|multi_person",-3.01156017921308,19.229942488522
177,"web|multi_factor|low|multi_person",-5.58181306924036,19.229942488522
177,"web|two_factor|medium|multi_person",-6.0627838721775,19.229942488522
177,"mobile|two_factor|low|one_to_one",-3.79851265798136,19.229942488522
177,"web|two_factor|high|one_to_one",-6.36300660133902,19.229942488522
177,"web|two_factor|low|one_to_one",-4.50116913869512,19.229942488522
178,"web|simple|low|multi_person",-4.3508212414505,15.7933335024298
178,"mobile|two_factor|low|multi_person",-4.36140623465915,15.7933335024298
178,"web|two_factor|low|multi_person",-6.01943221145788,15.7933335024298
178,"mobile|multi_factor|low|multi_person",-3.48123119895242,15.7933335024298
178,"mobile|simple|medium|multi_person",-3.59334861122194,15.7933335024298
178,"mobile|multi_factor|medium|multi_person",-4.3817845455226,15.7933335024298
178,"web|multi_factor|medium|multi_person",-6.03981052232133,15.7933335024298
178,"mobile|simple|high|multi_person",-3.6419065113866,15.7933335024298
178,"web|simple|high|multi_person",-5.29993248818534,15.7933335024298
178,"mobile|two_factor|high|multi_person",-5.31051748139399,15.7933335024298
178,"mobile|multi_factor|high|multi_person",-4.43034244568726,15.7933335024298
178,"mobile|simple|low|one_to_one",-3.37993908267383,15.7933335024298
178,"web|simple|low|one_to_one",-5.03796505947257,15.7933335024298
178,"mobile|multi_factor|low|one_to_one",-4.16837501697449,15.7933335024298
178,"web|multi_factor|low|one_to_one",-5.82640099377322,15.7933335024298
178,"mobile|simple|medium|one_to_one",-4.28049242924401,15.7933335024298
178,"mobile|two_factor|medium|one_to_one",-5.9491033992514,15.7933335024298
178,"mobile|multi_factor|medium|one_to_one",-5.06892836354467,15.7933335024298
178,"web|multi_factor|medium|one_to_one",-6.7269543403434,15.7933335024298
178,"web|simple|high|one_to_one",-5.98707630620741,15.7933335024298
178,"mobile|two_factor|high|one_to_one",-5.99766129941606,15.7933335024298
178,"mobile|multi_factor|high|one_to_one",-5.11748626370933,15.7933335024298
178,"web|multi_factor|high|one_to_one",-6.77551224050806,15.7933335024298
178,"web|simple|medium|multi_person",-5.25137458802068,15.7933335024298
178,"mobile|two_factor|medium|multi_person",-5.26195958122933,15.7933335024298
178,"web|two_factor|high|multi_person",-6.96854345819273,15.7933335024298
178,"web|multi_factor|high|multi_person",-6.088368422486,15.7933335024298
178,"web|simple|medium|one_to_one",-5.93851840604275,15.7933335024298
178,"web|two_factor|medium|one_to_one",-7.60712937605014,15.7933335024298
178,"mobile|simple|high|one_to_one",-4.32905032940867,15.7933335024298
178,"mobile|simple|low|multi_person",-2.69279526465176,15.7933335024298
178,"web|multi_factor|low|multi_person",-5.13925717575115,15.7933335024298
178,"web|two_factor|medium|multi_person",-6.91998555802807,15.7933335024298
178,"mobile|two_factor|low|one_to_one",-5.04855005268122,15.7933335024298
178,"web|two_factor|high|one_to_one",-7.6556872762148,15.7933335024298
178,"web|two_factor|low|one_to_one",-6.70657602947995,15.7933335024298
179,"web|simple|low|multi_person",-7.54480295446631,16.2460139153546
179,"mobile|two_factor|low|multi_person",-4.75967793700686,16.2460139153546
179,"web|two_factor|low|multi_person",-5.18500644815742,16.2460139153546
179,"mobile|multi_factor|low|multi_person",-4.41336573023558,16.2460139153546
179,"mobile|simple|medium|multi_person",-8.00578575828318,16.2460139153546
179,"mobile|multi_factor|medium|multi_person",-5.29967704520302,16.2460139153546
179,"web|multi_factor|medium|multi_person",-5.72500555635359,16.2460139153546
179,"mobile|simple|high|multi_person",-8.39693976602618,16.2460139153546
179,"web|simple|high|multi_person",-8.82226827717675,16.2460139153546
179,"mobile|two_factor|high|multi_person",-6.03714325971729,16.2460139153546
179,"mobile|multi_factor|high|multi_person",-5.69083105294602,16.2460139153546
179,"mobile|simple|low|one_to_one",-6.67980367528733,16.2460139153546
179,"web|simple|low|one_to_one",-7.1051321864379,16.2460139153546
179,"mobile|multi_factor|low|one_to_one",-3.97369496220717,16.2460139153546
179,"web|multi_factor|low|one_to_one",-4.39902347335774,16.2460139153546
179,"mobile|simple|medium|one_to_one",-7.56611499025477,16.2460139153546
179,"mobile|two_factor|medium|one_to_one",-5.20631848394588,16.2460139153546
179,"mobile|multi_factor|medium|one_to_one",-4.86000627717461,16.2460139153546
179,"web|multi_factor|medium|one_to_one",-5.28533478832518,16.2460139153546
179,"web|simple|high|one_to_one",-8.38259750914834,16.2460139153546
179,"mobile|two_factor|high|one_to_one",-5.59747249168888,16.2460139153546
179,"mobile|multi_factor|high|one_to_one",-5.25116028491761,16.2460139153546
179,"web|multi_factor|high|one_to_one",-5.67648879606818,16.2460139153546
179,"web|simple|medium|multi_person",-8.43111426943375,16.2460139153546
179,"mobile|two_factor|medium|multi_person",-5.64598925197429,16.2460139153546
179,"web|two_factor|high|multi_person",-6.46247177086786,16.2460139153546
179,"web|multi_factor|high|multi_person",-6.11615956409659,16.2460139153546
179,"web|simple|medium|one_to_one",-7.99144350140534,16.2460139153546
179,"web|two_factor|medium|one_to_one",-5.63164699509645,16.2460139153546
179,"mobile|simple|high|one_to_one",-7.95726899799777,16.2460139153546
179,"mobile|simple|low|multi_person",-7.11947444331574,16.2460139153546
179,"web|multi_factor|low|multi_person",-4.83869424138615,16.2460139153546
179,"web|two_factor|medium|multi_person",-6.07131776312486,16.2460139153546
179,"mobile|two_factor|low|one_to_one",-4.32000716897844,16.2460139153546
179,"web|two_factor|high|one_to_one",-6.02280100283945,16.2460139153546
179,"web|two_factor|low|one_to_one",-4.74533568012901,16.2460139153546
180,"web|simple|low|multi_person",-4.33839099848758,11.2442956476845
180,"mobile|two_factor|low|multi_person",-6.71266641977467,11.2442956476845
180,"web|two_factor|low|multi_person",-5.40444278645058,11.2442956476845
180,"mobile|multi_factor|low|multi_person",-6.44813825112076,11.2442956476845
180,"mobile|simple|medium|multi_person",-6.40782103357119,11.2442956476845
180,"mobile|multi_factor|medium|multi_person",-7.20934465288028,11.2442956476845
180,"web|multi_factor|medium|multi_person",-5.90112101955618,11.2442956476845
180,"mobile|simple|high|multi_person",-6.26980006853052,11.2442956476845
180,"web|simple|high|multi_person",-4.96157643520643,11.2442956476845
180,"mobile|two_factor|high|multi_person",-7.33585185649351,11.2442956476845
180,"mobile|multi_factor|high|multi_person",-7.07132368783961,11.2442956476845
180,"mobile|simple|low|one_to_one",-5.47261549446407,11.2442956476845
180,"web|simple|low|one_to_one",-4.16439186113998,11.2442956476845
180,"mobile|multi_factor|low|one_to_one",-6.27413911377316,11.2442956476845
180,"web|multi_factor|low|one_to_one",-4.96591548044906,11.2442956476845
180,"mobile|simple|medium|one_to_one",-6.23382189622359,11.2442956476845
180,"mobile|two_factor|medium|one_to_one",-7.29987368418658,11.2442956476845
180,"mobile|multi_factor|medium|one_to_one",-7.03534551553267,11.2442956476845
180,"web|multi_factor|medium|one_to_one",-5.72712188220858,11.2442956476845
180,"web|simple|high|one_to_one",-4.78757729785882,11.2442956476845
180,"mobile|two_factor|high|one_to_one",-7.16185271914591,11.2442956476845
180,"mobile|multi_factor|high|one_to_one",-6.897324550492,11.2442956476845
180,"web|multi_factor|high|one_to_one",-5.58910091716791,11.2442956476845
180,"web|simple|medium|multi_person",-5.0995974002471,11.2442956476845
180,"mobile|two_factor|medium|multi_person",-7.47387282153418,11.2442956476845
180,"web|two_factor|high|multi_person",-6.02762822316942,11.2442956476845
180,"web|multi_factor|high|multi_person",-5.76310005451551,11.2442956476845
180,"web|simple|medium|one_to_one",-4.92559826289949,11.2442956476845
180,"web|two_factor|medium|one_to_one",-5.99165005086248,11.2442956476845
180,"mobile|simple|high|one_to_one",-6.09580093118292,11.2442956476845
180,"mobile|simple|low|multi_person",-5.64661463181168,11.2442956476845
180,"web|multi_factor|low|multi_person",-5.13991461779667,11.2442956476845
180,"web|two_factor|medium|multi_person",-6.16564918821009,11.2442956476845
180,"mobile|two_factor|low|one_to_one",-6.53866728242706,11.2442956476845
180,"web|two_factor|high|one_to_one",-5.85362908582182,11.2442956476845
180,"web|two_factor|low|one_to_one",-5.23044364910297,11.2442956476845
181,"web|simple|low|multi_person",-6.27500760265144,19.6373562536251
181,"mobile|two_factor|low|multi_person",-4.17231326906237,19.6373562536251
181,"web|two_factor|low|multi_person",-5.45502145415618,19.6373562536251
181,"mobile|multi_factor|low|multi_person",-4.0674625730775,19.6373562536251
181,"mobile|simple|medium|multi_person",-5.21510599957077,19.6373562536251
181,"mobile|multi_factor|medium|multi_person",-4.29026915509064,19.6373562536251
181,"web|multi_factor|medium|multi_person",-5.57297734018446,19.6373562536251
181,"mobile|simple|high|multi_person",-6.65640429138334,19.6373562536251
181,"web|simple|high|multi_person",-7.93911247647715,19.6373562536251
181,"mobile|two_factor|high|multi_person",-5.83641814288807,19.6373562536251
181,"mobile|multi_factor|high|multi_person",-5.73156744690321,19.6373562536251
181,"mobile|simple|low|one_to_one",-4.31237195829199,19.6373562536251
181,"web|simple|low|one_to_one",-5.5950801433858,19.6373562536251
181,"mobile|multi_factor|low|one_to_one",-3.38753511381186,19.6373562536251
181,"web|multi_factor|low|one_to_one",-4.67024329890567,19.6373562536251
181,"mobile|simple|medium|one_to_one",-4.53517854030513,19.6373562536251
181,"mobile|two_factor|medium|one_to_one",-3.71519239180986,19.6373562536251
181,"mobile|multi_factor|medium|one_to_one",-3.610341695825,19.6373562536251
181,"web|multi_factor|medium|one_to_one",-4.89304988091881,19.6373562536251
181,"web|simple|high|one_to_one",-7.2591850172115,19.6373562536251
181,"mobile|two_factor|high|one_to_one",-5.15649068362243,19.6373562536251
181,"mobile|multi_factor|high|one_to_one",-5.05163998763757,19.6373562536251
181,"web|multi_factor|high|one_to_one",-6.33434817273138,19.6373562536251
181,"web|simple|medium|multi_person",-6.49781418466458,19.6373562536251
181,"mobile|two_factor|medium|multi_person",-4.39511985107551,19.6373562536251
181,"web|two_factor|high|multi_person",-7.11912632798188,19.6373562536251
181,"web|multi_factor|high|multi_person",-7.01427563199702,19.6373562536251
181,"web|simple|medium|one_to_one",-5.81788672539894,19.6373562536251
181,"web|two_factor|medium|one_to_one",-4.99790057690368,19.6373562536251
181,"mobile|simple|high|one_to_one",-5.97647683211769,19.6373562536251
181,"mobile|simple|low|multi_person",-4.99229941755763,19.6373562536251
181,"web|multi_factor|low|multi_person",-5.35017075817132,19.6373562536251
181,"web|two_factor|medium|multi_person",-5.67782803616932,19.6373562536251
181,"mobile|two_factor|low|one_to_one",-3.49238580979672,19.6373562536251
181,"web|two_factor|high|one_to_one",-6.43919886871624,19.6373562536251
181,"web|two_factor|low|one_to_one",-4.77509399489053,19.6373562536251
183,"web|simple|low|multi_person",-4.8505497852704,17.618508817467
183,"mobile|two_factor|low|multi_person",-5.480576498004,17.618508817467
183,"web|two_factor|low|multi_person",-4.81529511977845,17.618508817467
183,"mobile|multi_factor|low|multi_person",-4.22126896483136,17.618508817467
183,"mobile|simple|medium|multi_person",-6.20481430745862,17.618508817467
183,"mobile|multi_factor|medium|multi_person",-4.91025210879403,17.618508817467
183,"web|multi_factor|medium|multi_person",-4.24497073056848,17.618508817467
183,"mobile|simple|high|multi_person",-6.67381462476934,17.618508817467
183,"web|simple|high|multi_person",-6.00853324654379,17.618508817467
183,"mobile|two_factor|high|multi_person",-6.63855995927739,17.618508817467
183,"mobile|multi_factor|high|multi_person",-5.37925242610475,17.618508817467
183,"mobile|simple|low|one_to_one",-6.50335990582911,17.618508817467
183,"web|simple|low|one_to_one",-5.83807852760356,17.618508817467
183,"mobile|multi_factor|low|one_to_one",-5.20879770716452,17.618508817467
183,"web|multi_factor|low|one_to_one",-4.54351632893896,17.618508817467
183,"mobile|simple|medium|one_to_one",-7.19234304979178,17.618508817467
183,"mobile|two_factor|medium|one_to_one",-7.15708838429983,17.618508817467
183,"mobile|multi_factor|medium|one_to_one",-5.89778085112719,17.618508817467
183,"web|multi_factor|medium|one_to_one",-5.23249947290163,17.618508817467
183,"web|simple|high|one_to_one",-6.99606198887695,17.618508817467
183,"mobile|two_factor|high|one_to_one",-7.62608870161055,17.618508817467
183,"mobile|multi_factor|high|one_to_one",-6.36678116843791,17.618508817467
183,"web|multi_factor|high|one_to_one",-5.70149979021236,17.618508817467
183,"web|simple|medium|multi_person",-5.53953292923307,17.618508817467
183,"mobile|two_factor|medium|multi_person",-6.16955964196667,17.618508817467
183,"web|two_factor|high|multi_person",-5.97327858105184,17.618508817467
183,"web|multi_factor|high|multi_person",-4.7139710478792,17.618508817467
183,"web|simple|medium|one_to_one",-6.52706167156623,17.618508817467
183,"web|two_factor|medium|one_to_one",-6.49180700607427,17.618508817467
183,"mobile|simple|high|one_to_one",-7.6613433671025,17.618508817467
183,"mobile|simple|low|multi_person",-5.51583116349595,17.618508817467
183,"web|multi_factor|low|multi_person",-3.55598758660581,17.618508817467
183,"web|two_factor|medium|multi_person",-5.50427826374112,17.618508817467
183,"mobile|two_factor|low|one_to_one",-6.46810524033716,17.618508817467
183,"web|two_factor|high|one_to_one",-6.96080732338499,17.618508817467
183,"web|two_factor|low|one_to_one",-5.8028238621116,17.618508817467
184,"web|simple|low|multi_person",-3.27262185260941,7.63735323489602
184,"mobile|two_factor|low|multi_person",-7.06391892409802,7.63735323489602
184,"web|two_factor|low|multi_person",-7.21974752985653,7.63735323489602
184,"mobile|multi_factor|low|multi_person",-7.32054034750623,7.63735323489602
184,"mobile|simple|medium|multi_person",-3.16912959410989,7.63735323489602
184,"mobile|multi_factor|medium|multi_person",-7.37287669476522,7.63735323489602
184,"web|multi_factor|medium|multi_person",-7.52870530052372,7.63735323489602
184,"mobile|simple|high|multi_person",-3.92089796937831,7.63735323489602
184,"web|simple|high|multi_person",-4.07672657513681,7.63735323489602
184,"mobile|two_factor|high|multi_person",-7.86802364662543,7.63735323489602
184,"mobile|multi_factor|high|multi_person",-8.12464507003364,7.63735323489602
184,"mobile|simple|low|one_to_one",-1.77847661112721,7.63735323489602
184,"web|simple|low|one_to_one",-1.93430521688571,7.63735323489602
184,"mobile|multi_factor|low|one_to_one",-5.98222371178254,7.63735323489602
184,"web|multi_factor|low|one_to_one",-6.13805231754104,7.63735323489602
184,"mobile|simple|medium|one_to_one",-1.83081295838619,7.63735323489602
184,"mobile|two_factor|medium|one_to_one",-5.77793863563331,7.63735323489602
184,"mobile|multi_factor|medium|one_to_one",-6.03456005904152,7.63735323489602
184,"web|multi_factor|medium|one_to_one",-6.19038866480003,7.63735323489602
184,"web|simple|high|one_to_one",-2.73840993941311,7.63735323489602
184,"mobile|two_factor|high|one_to_one",-6.52970701090173,7.63735323489602
184,"mobile|multi_factor|high|one_to_one",-6.78632843430994,7.63735323489602
184,"web|multi_factor|high|one_to_one",-6.94215704006844,7.63735323489602
184,"web|simple|medium|multi_person",-3.32495819986839,7.63735323489602
184,"mobile|two_factor|medium|multi_person",-7.11625527135701,7.63735323489602
184,"web|two_factor|high|multi_person",-8.02385225238393,7.63735323489602
184,"web|multi_factor|high|multi_person",-8.28047367579214,7.63735323489602
184,"web|simple|medium|one_to_one",-1.9866415641447,7.63735323489602
184,"web|two_factor|medium|one_to_one",-5.93376724139182,7.63735323489602
184,"mobile|simple|high|one_to_one",-2.58258133365461,7.63735323489602
184,"mobile|simple|low|multi_person",-3.1167932468509,7.63735323489602
184,"web|multi_factor|low|multi_person",-7.47636895326474,7.63735323489602
184,"web|two_factor|medium|multi_person",-7.27208387711551,7.63735323489602
184,"mobile|two_factor|low|one_to_one",-5.72560228837433,7.63735323489602
184,"web|two_factor|high|one_to_one",-6.68553561666023,7.63735323489602
184,"web|two_factor|low|one_to_one",-5.88143089413283,7.63735323489602
186,"web|simple|low|multi_person",-4.05342441362693,18.4018224894575
186,"mobile|two_factor|low|multi_person",-4.5489640953629,18.4018224894575
186,"web|two_factor|low|multi_person",-3.53510844642267,18.4018224894575
186,"mobile|multi_factor|low|multi_person",-5.49130593447602,18.4018224894575
186,"mobile|simple|medium|multi_person",-5.86907915944417,18.4018224894575
186,"mobile|multi_factor|medium|multi_person",-6.29310503135302,18.4018224894575
186,"web|multi_factor|medium|multi_person",-5.27924938241279,18.4018224894575
186,"mobile|simple|high|multi_person",-6.92806294067031,18.4018224894575
186,"web|simple|high|multi_person",-5.91420729173008,18.4018224894575
186,"mobile|two_factor|high|multi_person",-6.40974697346604,18.4018224894575
186,"mobile|multi_factor|high|multi_person",-7.35208881257916,18.4018224894575
186,"mobile|simple|low|one_to_one",-5.99324467318082,18.4018224894575
186,"web|simple|low|one_to_one",-4.97938902424059,18.4018224894575
186,"mobile|multi_factor|low|one_to_one",-6.41727054508967,18.4018224894575
186,"web|multi_factor|low|one_to_one",-5.40341489614944,18.4018224894575
186,"mobile|simple|medium|one_to_one",-6.79504377005782,18.4018224894575
186,"mobile|two_factor|medium|one_to_one",-6.27672780285356,18.4018224894575
186,"mobile|multi_factor|medium|one_to_one",-7.21906964196667,18.4018224894575
186,"web|multi_factor|medium|one_to_one",-6.20521399302644,18.4018224894575
186,"web|simple|high|one_to_one",-6.84017190234373,18.4018224894575
186,"mobile|two_factor|high|one_to_one",-7.3357115840797,18.4018224894575
186,"mobile|multi_factor|high|one_to_one",-8.27805342319282,18.4018224894575
186,"web|multi_factor|high|one_to_one",-7.26419777425258,18.4018224894575
186,"web|simple|medium|multi_person",-4.85522351050393,18.4018224894575
186,"mobile|two_factor|medium|multi_person",-5.3507631922399,18.4018224894575
186,"web|two_factor|high|multi_person",-5.39589132452581,18.4018224894575
186,"web|multi_factor|high|multi_person",-6.33823316363893,18.4018224894575
186,"web|simple|medium|one_to_one",-5.78118812111759,18.4018224894575
186,"web|two_factor|medium|one_to_one",-5.26287215391332,18.4018224894575
186,"mobile|simple|high|one_to_one",-7.85402755128396,18.4018224894575
186,"mobile|simple|low|multi_person",-5.06728006256717,18.4018224894575
186,"web|multi_factor|low|multi_person",-4.47745028553579,18.4018224894575
186,"web|two_factor|medium|multi_person",-4.33690754329967,18.4018224894575
186,"mobile|two_factor|low|one_to_one",-5.47492870597656,18.4018224894575
186,"web|two_factor|high|one_to_one",-6.32185593513947,18.4018224894575
186,"web|two_factor|low|one_to_one",-4.46107305703632,18.4018224894575
187,"web|simple|low|multi_person",-4.72810535057349,16.4004134268578
187,"mobile|two_factor|low|multi_person",-5.8144237851715,16.4004134268578
187,"web|two_factor|low|multi_person",-6.61063324547844,16.4004134268578
187,"mobile|multi_factor|low|multi_person",-4.48061664670985,16.4004134268578
187,"mobile|simple|medium|multi_person",-4.36597863419908,16.4004134268578
187,"mobile|multi_factor|medium|multi_person",-4.91469939064238,16.4004134268578
187,"web|multi_factor|medium|multi_person",-5.71090885094933,16.4004134268578
187,"mobile|simple|high|multi_person",-4.17538188248655,16.4004134268578
187,"web|simple|high|multi_person",-4.9715913427935,16.4004134268578
187,"mobile|two_factor|high|multi_person",-6.05790977739151,16.4004134268578
187,"mobile|multi_factor|high|multi_person",-4.72410263892985,16.4004134268578
187,"mobile|simple|low|one_to_one",-3.89472879821454,16.4004134268578
187,"web|simple|low|one_to_one",-4.69093825852148,16.4004134268578
187,"mobile|multi_factor|low|one_to_one",-4.44344955465784,16.4004134268578
187,"web|multi_factor|low|one_to_one",-5.23965901496479,16.4004134268578
187,"mobile|simple|medium|one_to_one",-4.32881154214707,16.4004134268578
187,"mobile|two_factor|medium|one_to_one",-6.21133943705203,16.4004134268578
187,"mobile|multi_factor|medium|one_to_one",-4.87753229859038,16.4004134268578
187,"web|multi_factor|medium|one_to_one",-5.67374175889732,16.4004134268578
187,"web|simple|high|one_to_one",-4.93442425074149,16.4004134268578
187,"mobile|two_factor|high|one_to_one",-6.0207426853395,16.4004134268578
187,"mobile|multi_factor|high|one_to_one",-4.68693554687785,16.4004134268578
187,"web|multi_factor|high|one_to_one",-5.48314500718479,16.4004134268578
187,"web|simple|medium|multi_person",-5.16218809450602,16.4004134268578
187,"mobile|two_factor|medium|multi_person",-6.24850652910403,16.4004134268578
187,"web|two_factor|high|multi_person",-6.85411923769845,16.4004134268578
187,"web|multi_factor|high|multi_person",-5.5203120992368,16.4004134268578
187,"web|simple|medium|one_to_one",-5.12502100245402,16.4004134268578
187,"web|two_factor|medium|one_to_one",-7.00754889735898,16.4004134268578
187,"mobile|simple|high|one_to_one",-4.13821479043454,16.4004134268578
187,"mobile|simple|low|multi_person",-3.93189589026654,16.4004134268578
187,"web|multi_factor|low|multi_person",-5.27682610701679,16.4004134268578
187,"web|two_factor|medium|multi_person",-7.04471598941098,16.4004134268578
187,"mobile|two_factor|low|one_to_one",-5.77725669311949,16.4004134268578
187,"web|two_factor|high|one_to_one",-6.81695214564645,16.4004134268578
187,"web|two_factor|low|one_to_one",-6.57346615342644,16.4004134268578
188,"web|simple|low|multi_person",-3.71081274612288,20.6502850092533
188,"mobile|two_factor|low|multi_person",-3.63839414769206,20.6502850092533
188,"web|two_factor|low|multi_person",-4.79507721129454,20.6502850092533
188,"mobile|multi_factor|low|multi_person",-4.27742981891355,20.6502850092533
188,"mobile|simple|medium|multi_person",-3.37661927977265,20.6502850092533
188,"mobile|multi_factor|medium|multi_person",-5.0999194161658,20.6502850092533
188,"web|multi_factor|medium|multi_person",-6.25660247976828,20.6502850092533
188,"mobile|simple|high|multi_person",-4.75095476238696,20.6502850092533
188,"web|simple|high|multi_person",-5.90763782598944,20.6502850092533
188,"mobile|two_factor|high|multi_person",-5.83521922755862,20.6502850092533
188,"mobile|multi_factor|high|multi_person",-6.47425489878011,20.6502850092533
188,"mobile|simple|low|one_to_one",-2.4273144393146,20.6502850092533
188,"web|simple|low|one_to_one",-3.58399750291708,20.6502850092533
188,"mobile|multi_factor|low|one_to_one",-4.15061457570775,20.6502850092533
188,"web|multi_factor|low|one_to_one",-5.30729763931023,20.6502850092533
188,"mobile|simple|medium|one_to_one",-3.24980403656684,20.6502850092533
188,"mobile|two_factor|medium|one_to_one",-4.3340685017385,20.6502850092533
188,"mobile|multi_factor|medium|one_to_one",-4.97310417295999,20.6502850092533
188,"web|multi_factor|medium|one_to_one",-6.12978723656247,20.6502850092533
188,"web|simple|high|one_to_one",-5.78082258278364,20.6502850092533
188,"mobile|two_factor|high|one_to_one",-5.70840398435282,20.6502850092533
188,"mobile|multi_factor|high|one_to_one",-6.34743965557431,20.6502850092533
188,"web|multi_factor|high|one_to_one",-7.50412271917679,20.6502850092533
188,"web|simple|medium|multi_person",-4.53330234337513,20.6502850092533
188,"mobile|two_factor|medium|multi_person",-4.46088374494431,20.6502850092533
188,"web|two_factor|high|multi_person",-6.9919022911611,20.6502850092533
188,"web|multi_factor|high|multi_person",-7.63093796238259,20.6502850092533
188,"web|simple|medium|one_to_one",-4.40648710016932,20.6502850092533
188,"web|two_factor|medium|one_to_one",-5.49075156534098,20.6502850092533
188,"mobile|simple|high|one_to_one",-4.62413951918116,20.6502850092533
188,"mobile|simple|low|multi_person",-2.5541296825204,20.6502850092533
188,"web|multi_factor|low|multi_person",-5.43411288251603,20.6502850092533
188,"web|two_factor|medium|multi_person",-5.61756680854679,20.6502850092533
188,"mobile|two_factor|low|one_to_one",-3.51157890448626,20.6502850092533
188,"web|two_factor|high|one_to_one",-6.8650870479553,20.6502850092533
188,"web|two_factor|low|one_to_one",-4.66826196808874,20.6502850092533
189,"web|simple|low|multi_person",-7.01270573045571,7.62016665500219
189,"mobile|two_factor|low|multi_person",-2.96343851604571,7.62016665500219
189,"web|two_factor|low|multi_person",-6.36006907072257,7.62016665500219
189,"mobile|multi_factor|low|multi_person",-3.92784352997682,7.62016665500219
189,"mobile|simple|medium|multi_person",-4.74935081105088,7.62016665500219
189,"mobile|multi_factor|medium|multi_person",-5.06111916524885,7.62016665500219
189,"web|multi_factor|medium|multi_person",-8.45774971992571,7.62016665500219
189,"mobile|simple|high|multi_person",-5.20688040587317,7.62016665500219
189,"web|simple|high|multi_person",-8.60351096055003,7.62016665500219
189,"mobile|two_factor|high|multi_person",-4.55424374614002,7.62016665500219
189,"mobile|multi_factor|high|multi_person",-5.51864876007114,7.62016665500219
189,"mobile|simple|low|one_to_one",-2.63700924671579,7.62016665500219
189,"web|simple|low|one_to_one",-6.03363980139265,7.62016665500219
189,"mobile|multi_factor|low|one_to_one",-2.94877760091376,7.62016665500219
189,"web|multi_factor|low|one_to_one",-6.34540815559062,7.62016665500219
189,"mobile|simple|medium|one_to_one",-3.77028488198781,7.62016665500219
189,"mobile|two_factor|medium|one_to_one",-3.11764822225467,7.62016665500219
189,"mobile|multi_factor|medium|one_to_one",-4.08205323618578,7.62016665500219
189,"web|multi_factor|medium|one_to_one",-7.47868379086264,7.62016665500219
189,"web|simple|high|one_to_one",-7.62444503148696,7.62016665500219
189,"mobile|two_factor|high|one_to_one",-3.57517781707696,7.62016665500219
189,"mobile|multi_factor|high|one_to_one",-4.53958283100807,7.62016665500219
189,"web|multi_factor|high|one_to_one",-7.93621338568493,7.62016665500219
189,"web|simple|medium|multi_person",-8.14598136572774,7.62016665500219
189,"mobile|two_factor|medium|multi_person",-4.09671415131774,7.62016665500219
189,"web|two_factor|high|multi_person",-7.95087430081688,7.62016665500219
189,"web|multi_factor|high|multi_person",-8.915279314748,7.62016665500219
189,"web|simple|medium|one_to_one",-7.16691543666467,7.62016665500219
189,"web|two_factor|medium|one_to_one",-6.51427877693153,7.62016665500219
189,"mobile|simple|high|one_to_one",-4.2278144768101,7.62016665500219
189,"mobile|simple|low|multi_person",-3.61607517577885,7.62016665500219
189,"web|multi_factor|low|multi_person",-7.32447408465369,7.62016665500219
189,"web|two_factor|medium|multi_person",-7.4933447059946,7.62016665500219
189,"mobile|two_factor|low|one_to_one",-1.98437258698264,7.62016665500219
189,"web|two_factor|high|one_to_one",-6.97180837175382,7.62016665500219
189,"web|two_factor|low|one_to_one",-5.3810031416595,7.62016665500219
190,"web|simple|low|multi_person",-7.23835162320521,6.7199912643264
190,"mobile|two_factor|low|multi_person",-4.80620385893167,6.7199912643264
190,"web|two_factor|low|multi_person",-6.63984260691143,6.7199912643264
190,"mobile|multi_factor|low|multi_person",-5.3080638675899,6.7199912643264
190,"mobile|simple|medium|multi_person",-5.61958584489095,6.7199912643264
190,"mobile|multi_factor|medium|multi_person",-5.52293683725539,6.7199912643264
190,"web|multi_factor|medium|multi_person",-7.35657558523515,6.7199912643264
190,"mobile|simple|high|multi_person",-5.30809034573261,6.7199912643264
190,"web|simple|high|multi_person",-7.14172909371237,6.7199912643264
190,"mobile|two_factor|high|multi_person",-4.70958132943883,6.7199912643264
190,"mobile|multi_factor|high|multi_person",-5.21144133809706,6.7199912643264
190,"mobile|simple|low|one_to_one",-5.53050057539574,6.7199912643264
190,"web|simple|low|one_to_one",-7.3641393233755,6.7199912643264
190,"mobile|multi_factor|low|one_to_one",-5.43385156776019,6.7199912643264
190,"web|multi_factor|low|one_to_one",-7.26749031573994,6.7199912643264
190,"mobile|simple|medium|one_to_one",-5.74537354506123,6.7199912643264
190,"mobile|two_factor|medium|one_to_one",-5.14686452876745,6.7199912643264
190,"mobile|multi_factor|medium|one_to_one",-5.64872453742568,6.7199912643264
190,"web|multi_factor|medium|one_to_one",-7.48236328540543,6.7199912643264
190,"web|simple|high|one_to_one",-7.26751679388265,6.7199912643264
190,"mobile|two_factor|high|one_to_one",-4.83536902960911,6.7199912643264
190,"mobile|multi_factor|high|one_to_one",-5.33722903826734,6.7199912643264
190,"web|multi_factor|high|one_to_one",-7.1708677862471,6.7199912643264
190,"web|simple|medium|multi_person",-7.4532245928707,6.7199912643264
190,"mobile|two_factor|medium|multi_person",-5.02107682859716,6.7199912643264
190,"web|two_factor|high|multi_person",-6.54322007741859,6.7199912643264
190,"web|multi_factor|high|multi_person",-7.04508008607682,6.7199912643264
190,"web|simple|medium|one_to_one",-7.57901229304099,6.7199912643264
190,"web|two_factor|medium|one_to_one",-6.9805032767472,6.7199912643264
190,"mobile|simple|high|one_to_one",-5.4338780459029,6.7199912643264
190,"mobile|simple|low|multi_person",-5.40471287522546,6.7199912643264
190,"web|multi_factor|low|multi_person",-7.14170261556966,6.7199912643264
190,"web|two_factor|medium|multi_person",-6.85471557657692,6.7199912643264
190,"mobile|two_factor|low|one_to_one",-4.93199155910196,6.7199912643264
190,"web|two_factor|high|one_to_one",-6.66900777758887,6.7199912643264
190,"web|two_factor|low|one_to_one",-6.76563030708171,6.7199912643264
191,"web|simple|low|multi_person",-6.35865192872056,14.6884568927215
191,"mobile|two_factor|low|multi_person",-3.49486263789828,14.6884568927215
191,"web|two_factor|low|multi_person",-6.04854304194708,14.6884568927215
191,"mobile|multi_factor|low|multi_person",-3.57668057220208,14.6884568927215
191,"mobile|simple|medium|multi_person",-4.52326007212336,14.6884568927215
191,"mobile|multi_factor|medium|multi_person",-4.29496911965368,14.6884568927215
191,"web|multi_factor|medium|multi_person",-6.84864952370248,14.6884568927215
191,"mobile|simple|high|multi_person",-4.82288243587121,14.6884568927215
191,"web|simple|high|multi_person",-7.37656283992001,14.6884568927215
191,"mobile|two_factor|high|multi_person",-4.51277354909773,14.6884568927215
191,"mobile|multi_factor|high|multi_person",-4.59459148340153,14.6884568927215
191,"mobile|simple|low|one_to_one",-3.81041571460382,14.6884568927215
191,"web|simple|low|one_to_one",-6.36409611865262,14.6884568927215
191,"mobile|multi_factor|low|one_to_one",-3.58212476213414,14.6884568927215
191,"web|multi_factor|low|one_to_one",-6.13580516618294,14.6884568927215
191,"mobile|simple|medium|one_to_one",-4.52870426205542,14.6884568927215
191,"mobile|two_factor|medium|one_to_one",-4.21859537528194,14.6884568927215
191,"mobile|multi_factor|medium|one_to_one",-4.30041330958574,14.6884568927215
191,"web|multi_factor|medium|one_to_one",-6.85409371363454,14.6884568927215
191,"web|simple|high|one_to_one",-7.38200702985208,14.6884568927215
191,"mobile|two_factor|high|one_to_one",-4.51821773902979,14.6884568927215
191,"mobile|multi_factor|high|one_to_one",-4.60003567333359,14.6884568927215
191,"web|multi_factor|high|one_to_one",-7.1537160773824,14.6884568927215
191,"web|simple|medium|multi_person",-7.07694047617216,14.6884568927215
191,"mobile|two_factor|medium|multi_person",-4.21315118534987,14.6884568927215
191,"web|two_factor|high|multi_person",-7.06645395314653,14.6884568927215
191,"web|multi_factor|high|multi_person",-7.14827188745033,14.6884568927215
191,"web|simple|medium|one_to_one",-7.08238466610422,14.6884568927215
191,"web|two_factor|medium|one_to_one",-6.77227577933074,14.6884568927215
191,"mobile|simple|high|one_to_one",-4.82832662580328,14.6884568927215
191,"mobile|simple|low|multi_person",-3.80497152467176,14.6884568927215
191,"web|multi_factor|low|multi_person",-6.13036097625088,14.6884568927215
191,"web|two_factor|medium|multi_person",-6.76683158939867,14.6884568927215
191,"mobile|two_factor|low|one_to_one",-3.50030682783034,14.6884568927215
191,"web|two_factor|high|one_to_one",-7.07189814307859,14.6884568927215
191,"web|two_factor|low|one_to_one",-6.05398723187914,14.6884568927215
192,"web|simple|low|multi_person",-4.59183490582642,21.0192406669364
192,"mobile|two_factor|low|multi_person",-4.84929412663263,21.0192406669364
192,"web|two_factor|low|multi_person",-5.39908273322838,21.0192406669364
192,"mobile|multi_factor|low|multi_person",-4.77950634659004,21.0192406669364
192,"mobile|simple|medium|multi_person",-5.00789060042663,21.0192406669364
192,"mobile|multi_factor|medium|multi_person",-5.74535064778599,21.0192406669364
192,"web|multi_factor|medium|multi_person",-6.29513925438174,21.0192406669364
192,"mobile|simple|high|multi_person",-5.9085024515185,21.0192406669364
192,"web|simple|high|multi_person",-6.45829105811425,21.0192406669364
192,"mobile|two_factor|high|multi_person",-6.71575027892046,21.0192406669364
192,"mobile|multi_factor|high|multi_person",-6.64596249887787,21.0192406669364
192,"mobile|simple|low|one_to_one",-2.62771871893609,21.0192406669364
192,"web|simple|low|one_to_one",-3.17750732553184,21.0192406669364
192,"mobile|multi_factor|low|one_to_one",-3.36517876629546,21.0192406669364
192,"web|multi_factor|low|one_to_one",-3.91496737289121,21.0192406669364
192,"mobile|simple|medium|one_to_one",-3.59356302013205,21.0192406669364
192,"mobile|two_factor|medium|one_to_one",-4.400810847534,21.0192406669364
192,"mobile|multi_factor|medium|one_to_one",-4.33102306749141,21.0192406669364
192,"web|multi_factor|medium|one_to_one",-4.88081167408716,21.0192406669364
192,"web|simple|high|one_to_one",-5.04396347781967,21.0192406669364
192,"mobile|two_factor|high|one_to_one",-5.30142269862588,21.0192406669364
192,"mobile|multi_factor|high|one_to_one",-5.23163491858329,21.0192406669364
192,"web|multi_factor|high|one_to_one",-5.78142352517903,21.0192406669364
192,"web|simple|medium|multi_person",-5.55767920702238,21.0192406669364
192,"mobile|two_factor|medium|multi_person",-5.81513842782859,21.0192406669364
192,"web|two_factor|high|multi_person",-7.26553888551621,21.0192406669364
192,"web|multi_factor|high|multi_person",-7.19575110547362,21.0192406669364
192,"web|simple|medium|one_to_one",-4.1433516267278,21.0192406669364
192,"web|two_factor|medium|one_to_one",-4.95059945412975,21.0192406669364
192,"mobile|simple|high|one_to_one",-4.49417487122392,21.0192406669364
192,"mobile|simple|low|multi_person",-4.04204629923068,21.0192406669364
192,"web|multi_factor|low|multi_person",-5.32929495318579,21.0192406669364
192,"web|two_factor|medium|multi_person",-6.36492703442434,21.0192406669364
192,"mobile|two_factor|low|one_to_one",-3.43496654633805,21.0192406669364
192,"web|two_factor|high|one_to_one",-5.85121130522163,21.0192406669364
192,"web|two_factor|low|one_to_one",-3.9847551529338,21.0192406669364
194,"web|simple|low|multi_person",-3.82526334093749,16.7952383792506
194,"mobile|two_factor|low|multi_person",-3.01740336421322,16.7952383792506
194,"web|two_factor|low|multi_person",-4.71679531850681,16.7952383792506
194,"mobile|multi_factor|low|multi_person",-3.40836300921925,16.7952383792506
194,"mobile|simple|medium|multi_person",-3.76502848937723,16.7952383792506
194,"mobile|multi_factor|medium|multi_person",-5.04752011195258,16.7952383792506
194,"web|multi_factor|medium|multi_person",-6.74691206624617,16.7952383792506
194,"mobile|simple|high|multi_person",-4.5171053598456,16.7952383792506
194,"web|simple|high|multi_person",-6.21649731413919,16.7952383792506
194,"mobile|two_factor|high|multi_person",-5.40863733741492,16.7952383792506
194,"mobile|multi_factor|high|multi_person",-5.79959698242095,16.7952383792506
194,"mobile|simple|low|one_to_one",-2.52221541361032,16.7952383792506
194,"web|simple|low|one_to_one",-4.22160736790391,16.7952383792506
194,"mobile|multi_factor|low|one_to_one",-3.80470703618567,16.7952383792506
194,"web|multi_factor|low|one_to_one",-5.50409899047926,16.7952383792506
194,"mobile|simple|medium|one_to_one",-4.16137251634365,16.7952383792506
194,"mobile|two_factor|medium|one_to_one",-5.05290449391297,16.7952383792506
194,"mobile|multi_factor|medium|one_to_one",-5.443864138919,16.7952383792506
194,"web|multi_factor|medium|one_to_one",-7.14325609321259,16.7952383792506
194,"web|simple|high|one_to_one",-6.61284134110561,16.7952383792506
194,"mobile|two_factor|high|one_to_one",-5.80498136438134,16.7952383792506
194,"mobile|multi_factor|high|one_to_one",-6.19594100938737,16.7952383792506
194,"web|multi_factor|high|one_to_one",-7.89533296368096,16.7952383792506
194,"web|simple|medium|multi_person",-5.46442044367083,16.7952383792506
194,"mobile|two_factor|medium|multi_person",-4.65656046694655,16.7952383792506
194,"web|two_factor|high|multi_person",-7.10802929170851,16.7952383792506
194,"web|multi_factor|high|multi_person",-7.49898893671454,16.7952383792506
194,"web|simple|medium|one_to_one",-5.86076447063724,16.7952383792506
194,"web|two_factor|medium|one_to_one",-6.75229644820656,16.7952383792506
194,"mobile|simple|high|one_to_one",-4.91344938681202,16.7952383792506
194,"mobile|simple|low|multi_person",-2.1258713866439,16.7952383792506
194,"web|multi_factor|low|multi_person",-5.10775496351284,16.7952383792506
194,"web|two_factor|medium|multi_person",-6.35595242124014,16.7952383792506
194,"mobile|two_factor|low|one_to_one",-3.41374739117964,16.7952383792506
194,"web|two_factor|high|one_to_one",-7.50437331867493,16.7952383792506
194,"web|two_factor|low|one_to_one",-5.11313934547323,16.7952383792506
195,"web|simple|low|multi_person",-1.35107741178554,11.559641964618
195,"mobile|two_factor|low|multi_person",-0.164694240954759,11.559641964618
195,"web|two_factor|low|multi_person",-2.81151793696346,11.559641964618
195,"mobile|multi_factor|low|multi_person",-0.096996269083198,11.559641964618
195,"mobile|simple|medium|multi_person",0.431008558661586,11.559641964618
195,"mobile|multi_factor|medium|multi_person",-0.961733994644775,11.559641964618
195,"web|multi_factor|medium|multi_person",-3.60855769065347,11.559641964618
195,"mobile|simple|high|multi_person",0.214442081243958,11.559641964618
195,"web|simple|high|multi_person",-2.43238161476474,11.559641964618
195,"mobile|two_factor|high|multi_person",-1.24599844393396,11.559641964618
195,"mobile|multi_factor|high|multi_person",-1.1783004720624,11.559641964618
195,"mobile|simple|low|one_to_one",2.59529417220659,11.559641964618
195,"web|simple|low|one_to_one",-0.051529523802109,11.559641964618
195,"mobile|multi_factor|low|one_to_one",1.20255161890023,11.559641964618
195,"web|multi_factor|low|one_to_one",-1.44427207710847,11.559641964618
195,"mobile|simple|medium|one_to_one",1.73055644664501,11.559641964618
195,"mobile|two_factor|medium|one_to_one",0.270115921467092,11.559641964618
195,"mobile|multi_factor|medium|one_to_one",0.337813893338653,11.559641964618
195,"web|multi_factor|medium|one_to_one",-2.30900980267005,11.559641964618
195,"web|simple|high|one_to_one",-1.13283372678131,11.559641964618
195,"mobile|two_factor|high|one_to_one",0.053549444049464,11.559641964618
195,"mobile|multi_factor|high|one_to_one",0.121247415921025,11.559641964618
195,"web|multi_factor|high|one_to_one",-2.52557628008767,11.559641964618
195,"web|simple|medium|multi_person",-2.21581513734711,11.559641964618
195,"mobile|two_factor|medium|multi_person",-1.02943196651634,11.559641964618
195,"web|two_factor|high|multi_person",-3.89282213994266,11.559641964618
195,"web|multi_factor|high|multi_person",-3.8251241680711,11.559641964618
195,"web|simple|medium|one_to_one",-0.916267249363686,11.559641964618
195,"web|two_factor|medium|one_to_one",-2.37670777454161,11.559641964618
195,"mobile|simple|high|one_to_one",1.51398996922739,11.559641964618
195,"mobile|simple|low|multi_person",1.29574628422316,11.559641964618
195,"web|multi_factor|low|multi_person",-2.7438199650919,11.559641964618
195,"web|two_factor|medium|multi_person",-3.67625566252504,11.559641964618
195,"mobile|two_factor|low|one_to_one",1.13485364702867,11.559641964618
195,"web|two_factor|high|one_to_one",-2.59327425195924,11.559641964618
195,"web|two_factor|low|one_to_one",-1.51197004898003,11.559641964618
196,"web|simple|low|multi_person",-4.68657268157359,19.7039380275224
196,"mobile|two_factor|low|multi_person",-4.28635005121335,19.7039380275224
196,"web|two_factor|low|multi_person",-5.06000962166279,19.7039380275224
196,"mobile|multi_factor|low|multi_person",-4.62752105108064,19.7039380275224
196,"mobile|simple|medium|multi_person",-4.69784896209394,19.7039380275224
196,"mobile|multi_factor|medium|multi_person",-5.41245690205044,19.7039380275224
196,"web|multi_factor|medium|multi_person",-6.18611647249988,19.7039380275224
196,"mobile|simple|high|multi_person",-5.82822753186896,19.7039380275224
196,"web|simple|high|multi_person",-6.6018871023184,19.7039380275224
196,"mobile|two_factor|high|multi_person",-6.20166447195816,19.7039380275224
196,"mobile|multi_factor|high|multi_person",-6.54283547182545,19.7039380275224
196,"mobile|simple|low|one_to_one",-3.456130748161,19.7039380275224
196,"web|simple|low|one_to_one",-4.22979031861044,19.7039380275224
196,"mobile|multi_factor|low|one_to_one",-4.17073868811749,19.7039380275224
196,"web|multi_factor|low|one_to_one",-4.94439825856694,19.7039380275224
196,"mobile|simple|medium|one_to_one",-4.24106659913079,19.7039380275224
196,"mobile|two_factor|medium|one_to_one",-4.61450353921999,19.7039380275224
196,"mobile|multi_factor|medium|one_to_one",-4.95567453908729,19.7039380275224
196,"web|multi_factor|medium|one_to_one",-5.72933410953673,19.7039380275224
196,"web|simple|high|one_to_one",-6.14510473935525,19.7039380275224
196,"mobile|two_factor|high|one_to_one",-5.74488210899501,19.7039380275224
196,"mobile|multi_factor|high|one_to_one",-6.0860531088623,19.7039380275224
196,"web|multi_factor|high|one_to_one",-6.85971267931174,19.7039380275224
196,"web|simple|medium|multi_person",-5.47150853254338,19.7039380275224
196,"mobile|two_factor|medium|multi_person",-5.07128590218314,19.7039380275224
196,"web|two_factor|high|multi_person",-6.9753240424076,19.7039380275224
196,"web|multi_factor|high|multi_person",-7.31649504227489,19.7039380275224
196,"web|simple|medium|one_to_one",-5.01472616958023,19.7039380275224
196,"web|two_factor|medium|one_to_one",-5.38816310966943,19.7039380275224
196,"mobile|simple|high|one_to_one",-5.37144516890581,19.7039380275224
196,"mobile|simple|low|multi_person",-3.91291311112415,19.7039380275224
196,"web|multi_factor|low|multi_person",-5.40118062153009,19.7039380275224
196,"web|two_factor|medium|multi_person",-5.84494547263258,19.7039380275224
196,"mobile|two_factor|low|one_to_one",-3.8295676882502,19.7039380275224
196,"web|two_factor|high|one_to_one",-6.51854167944445,19.7039380275224
196,"web|two_factor|low|one_to_one",-4.60322725869964,19.7039380275224
197,"web|simple|low|multi_person",-6.78366958511589,15.4322432584511
197,"mobile|two_factor|low|multi_person",-3.399058945366,15.4322432584511
197,"web|two_factor|low|multi_person",-5.04016536711571,15.4322432584511
197,"mobile|multi_factor|low|multi_person",-4.02942427575243,15.4322432584511
197,"mobile|simple|medium|multi_person",-5.77572268272921,15.4322432584511
197,"mobile|multi_factor|medium|multi_person",-4.66258379511547,15.4322432584511
197,"web|multi_factor|medium|multi_person",-6.30369021686518,15.4322432584511
197,"mobile|simple|high|multi_person",-7.46838658843881,15.4322432584511
197,"web|simple|high|multi_person",-9.10949301018852,15.4322432584511
197,"mobile|two_factor|high|multi_person",-5.72488237043863,15.4322432584511
197,"mobile|multi_factor|high|multi_person",-6.35524770082506,15.4322432584511
197,"mobile|simple|low|one_to_one",-4.73608831853637,15.4322432584511
197,"web|simple|low|one_to_one",-6.37719474028609,15.4322432584511
197,"mobile|multi_factor|low|one_to_one",-3.62294943092263,15.4322432584511
197,"web|multi_factor|low|one_to_one",-5.26405585267234,15.4322432584511
197,"mobile|simple|medium|one_to_one",-5.36924783789941,15.4322432584511
197,"mobile|two_factor|medium|one_to_one",-3.62574361989924,15.4322432584511
197,"mobile|multi_factor|medium|one_to_one",-4.25610895028567,15.4322432584511
197,"web|multi_factor|medium|one_to_one",-5.89721537203538,15.4322432584511
197,"web|simple|high|one_to_one",-8.70301816535872,15.4322432584511
197,"mobile|two_factor|high|one_to_one",-5.31840752560883,15.4322432584511
197,"mobile|multi_factor|high|one_to_one",-5.94877285599526,15.4322432584511
197,"web|multi_factor|high|one_to_one",-7.58987927774498,15.4322432584511
197,"web|simple|medium|multi_person",-7.41682910447893,15.4322432584511
197,"mobile|two_factor|medium|multi_person",-4.03221846472904,15.4322432584511
197,"web|two_factor|high|multi_person",-7.36598879218834,15.4322432584511
197,"web|multi_factor|high|multi_person",-7.99635412257478,15.4322432584511
197,"web|simple|medium|one_to_one",-7.01035425964913,15.4322432584511
197,"web|two_factor|medium|one_to_one",-5.26685004164895,15.4322432584511
197,"mobile|simple|high|one_to_one",-7.06191174360901,15.4322432584511
197,"mobile|simple|low|multi_person",-5.14256316336617,15.4322432584511
197,"web|multi_factor|low|multi_person",-5.67053069750214,15.4322432584511
197,"web|two_factor|medium|multi_person",-5.67332488647875,15.4322432584511
197,"mobile|two_factor|low|one_to_one",-2.9925841005362,15.4322432584511
197,"web|two_factor|high|one_to_one",-6.95951394735854,15.4322432584511
197,"web|two_factor|low|one_to_one",-4.63369052228591,15.4322432584511
198,"web|simple|low|multi_person",-5.04427078694742,12.8913073706944
198,"mobile|two_factor|low|multi_person",-3.8765043664087,12.8913073706944
198,"web|two_factor|low|multi_person",-4.6061981359635,12.8913073706944
198,"mobile|multi_factor|low|multi_person",-3.42057265597425,12.8913073706944
198,"mobile|simple|medium|multi_person",-5.72691928848048,12.8913073706944
198,"mobile|multi_factor|medium|multi_person",-4.8329149270621,12.8913073706944
198,"web|multi_factor|medium|multi_person",-5.5626086966169,12.8913073706944
198,"mobile|simple|high|multi_person",-7.37139757421006,12.8913073706944
198,"web|simple|high|multi_person",-8.10109134376486,12.8913073706944
198,"mobile|two_factor|high|multi_person",-6.93332492322614,12.8913073706944
198,"mobile|multi_factor|high|multi_person",-6.47739321279169,12.8913073706944
198,"mobile|simple|low|one_to_one",-4.81249973068975,12.8913073706944
198,"web|simple|low|one_to_one",-5.54219350024455,12.8913073706944
198,"mobile|multi_factor|low|one_to_one",-3.91849536927138,12.8913073706944
198,"web|multi_factor|low|one_to_one",-4.64818913882617,12.8913073706944
198,"mobile|simple|medium|one_to_one",-6.22484200177761,12.8913073706944
198,"mobile|two_factor|medium|one_to_one",-5.78676935079369,12.8913073706944
198,"mobile|multi_factor|medium|one_to_one",-5.33083764035923,12.8913073706944
198,"web|multi_factor|medium|one_to_one",-6.06053140991403,12.8913073706944
198,"web|simple|high|one_to_one",-8.59901405706199,12.8913073706944
198,"mobile|two_factor|high|one_to_one",-7.43124763652327,12.8913073706944
198,"mobile|multi_factor|high|one_to_one",-6.97531592608882,12.8913073706944
198,"web|multi_factor|high|one_to_one",-7.70500969564361,12.8913073706944
198,"web|simple|medium|multi_person",-6.45661305803527,12.8913073706944
198,"mobile|two_factor|medium|multi_person",-5.28884663749656,12.8913073706944
198,"web|two_factor|high|multi_person",-7.66301869278093,12.8913073706944
198,"web|multi_factor|high|multi_person",-7.20708698234648,12.8913073706944
198,"web|simple|medium|one_to_one",-6.9545357713324,12.8913073706944
198,"web|two_factor|medium|one_to_one",-6.51646312034848,12.8913073706944
198,"mobile|simple|high|one_to_one",-7.86932028750719,12.8913073706944
198,"mobile|simple|low|multi_person",-4.31457701739262,12.8913073706944
198,"web|multi_factor|low|multi_person",-4.15026642552904,12.8913073706944
198,"web|two_factor|medium|multi_person",-6.01854040705135,12.8913073706944
198,"mobile|two_factor|low|one_to_one",-4.37442707970583,12.8913073706944
198,"web|two_factor|high|one_to_one",-8.16094140607807,12.8913073706944
198,"web|two_factor|low|one_to_one",-5.10412084926063,12.8913073706944
199,"web|simple|low|multi_person",-5.61314062757857,18.0393094308194
199,"mobile|two_factor|low|multi_person",-4.64427617238166,18.0393094308194
199,"web|two_factor|low|multi_person",-5.27114987623726,18.0393094308194
199,"mobile|multi_factor|low|multi_person",-4.72062747380177,18.0393094308194
199,"mobile|simple|medium|multi_person",-5.36929049710079,18.0393094308194
199,"mobile|multi_factor|medium|multi_person",-5.10365104717959,18.0393094308194
199,"web|multi_factor|medium|multi_person",-5.7305247510352,18.0393094308194
199,"mobile|simple|high|multi_person",-6.26846036279822,18.0393094308194
199,"web|simple|high|multi_person",-6.89533406665383,18.0393094308194
199,"mobile|two_factor|high|multi_person",-5.92646961145691,18.0393094308194
199,"mobile|multi_factor|high|multi_person",-6.00282091287703,18.0393094308194
199,"mobile|simple|low|one_to_one",-5.06927787634975,18.0393094308194
199,"web|simple|low|one_to_one",-5.69615158020535,18.0393094308194
199,"mobile|multi_factor|low|one_to_one",-4.80363842642855,18.0393094308194
199,"web|multi_factor|low|one_to_one",-5.43051213028415,18.0393094308194
199,"mobile|simple|medium|one_to_one",-5.45230144972756,18.0393094308194
199,"mobile|two_factor|medium|one_to_one",-5.11031069838625,18.0393094308194
199,"mobile|multi_factor|medium|one_to_one",-5.18666199980637,18.0393094308194
199,"web|multi_factor|medium|one_to_one",-5.81353570366197,18.0393094308194
199,"web|simple|high|one_to_one",-6.9783450192806,18.0393094308194
199,"mobile|two_factor|high|one_to_one",-6.00948056408369,18.0393094308194
199,"mobile|multi_factor|high|one_to_one",-6.0858318655038,18.0393094308194
199,"web|multi_factor|high|one_to_one",-6.71270556935941,18.0393094308194
199,"web|simple|medium|multi_person",-5.99616420095639,18.0393094308194
199,"mobile|two_factor|medium|multi_person",-5.02729974575947,18.0393094308194
199,"web|two_factor|high|multi_person",-6.55334331531251,18.0393094308194
199,"web|multi_factor|high|multi_person",-6.62969461673263,18.0393094308194
199,"web|simple|medium|one_to_one",-6.07917515358317,18.0393094308194
199,"web|two_factor|medium|one_to_one",-5.73718440224185,18.0393094308194
199,"mobile|simple|high|one_to_one",-6.351471315425,18.0393094308194
199,"mobile|simple|low|multi_person",-4.98626692372297,18.0393094308194
199,"web|multi_factor|low|multi_person",-5.34750117765738,18.0393094308194
199,"web|two_factor|medium|multi_person",-5.65417344961508,18.0393094308194
199,"mobile|two_factor|low|one_to_one",-4.72728712500843,18.0393094308194
199,"web|two_factor|high|one_to_one",-6.63635426793929,18.0393094308194
199,"web|two_factor|low|one_to_one",-5.35416082886404,18.0393094308194
200,"web|simple|low|multi_person",-5.7697236098397,4.06849297461165
200,"mobile|two_factor|low|multi_person",-4.99983050406951,4.06849297461165
200,"web|two_factor|low|multi_person",-5.8218218501842,4.06849297461165
200,"mobile|multi_factor|low|multi_person",-4.39256280456768,4.06849297461165
200,"mobile|simple|medium|multi_person",-5.26055234847717,4.06849297461165
200,"mobile|multi_factor|medium|multi_person",-4.70538288931985,4.06849297461165
200,"web|multi_factor|medium|multi_person",-5.52737423543455,4.06849297461165
200,"mobile|simple|high|multi_person",-6.62648771147318,4.06849297461165
200,"web|simple|high|multi_person",-7.44847905758788,4.06849297461165
200,"mobile|two_factor|high|multi_person",-6.67858595181768,4.06849297461165
200,"mobile|multi_factor|high|multi_person",-6.07131825231586,4.06849297461165
200,"mobile|simple|low|one_to_one",-6.2496953453276,4.06849297461165
200,"web|simple|low|one_to_one",-7.0716866914423,4.06849297461165
200,"mobile|multi_factor|low|one_to_one",-5.69452588617028,4.06849297461165
200,"web|multi_factor|low|one_to_one",-6.51651723228498,4.06849297461165
200,"mobile|simple|medium|one_to_one",-6.56251543007977,4.06849297461165
200,"mobile|two_factor|medium|one_to_one",-6.61461367042428,4.06849297461165
200,"mobile|multi_factor|medium|one_to_one",-6.00734597092245,4.06849297461165
200,"web|multi_factor|medium|one_to_one",-6.82933731703715,4.06849297461165
200,"web|simple|high|one_to_one",-8.75044213919048,4.06849297461165
200,"mobile|two_factor|high|one_to_one",-7.98054903342029,4.06849297461165
200,"mobile|multi_factor|high|one_to_one",-7.37328133391846,4.06849297461165
200,"web|multi_factor|high|one_to_one",-8.19527268003316,4.06849297461165
200,"web|simple|medium|multi_person",-6.08254369459187,4.06849297461165
200,"mobile|two_factor|medium|multi_person",-5.31265058882168,4.06849297461165
200,"web|two_factor|high|multi_person",-7.50057729793238,4.06849297461165
200,"web|multi_factor|high|multi_person",-6.89330959843056,4.06849297461165
200,"web|simple|medium|one_to_one",-7.38450677619447,4.06849297461165
200,"web|two_factor|medium|one_to_one",-7.43660501653898,4.06849297461165
200,"mobile|simple|high|one_to_one",-7.92845079307578,4.06849297461165
200,"mobile|simple|low|multi_person",-4.947732263725,4.06849297461165
200,"web|multi_factor|low|multi_person",-5.21455415068238,4.06849297461165
200,"web|two_factor|medium|multi_person",-6.13464193493638,4.06849297461165
200,"mobile|two_factor|low|one_to_one",-6.30179358567211,4.06849297461165
200,"web|two_factor|high|one_to_one",-8.80254037953499,4.06849297461165
200,"web|two_factor|low|one_to_one",-7.12378493178681,4.06849297461165
201,"web|simple|low|multi_person",-5.251807222291,9.49053099857383
201,"mobile|two_factor|low|multi_person",-5.00876651185157,9.49053099857383
201,"web|two_factor|low|multi_person",-6.02504437551049,9.49053099857383
201,"mobile|multi_factor|low|multi_person",-4.05876388717647,9.49053099857383
201,"mobile|simple|medium|multi_person",-4.41487159659958,9.49053099857383
201,"mobile|multi_factor|medium|multi_person",-4.23810612514396,9.49053099857383
201,"web|multi_factor|medium|multi_person",-5.25438398880289,9.49053099857383
201,"mobile|simple|high|multi_person",-6.9847743363179,9.49053099857383
201,"web|simple|high|multi_person",-8.00105219997683,9.49053099857383
201,"mobile|two_factor|high|multi_person",-7.7580114895374,9.49053099857383
201,"mobile|multi_factor|high|multi_person",-6.80800886486229,9.49053099857383
201,"mobile|simple|low|one_to_one",-4.36010296893776,9.49053099857383
201,"web|simple|low|one_to_one",-5.37638083259669,9.49053099857383
201,"mobile|multi_factor|low|one_to_one",-4.18333749748215,9.49053099857383
201,"web|multi_factor|low|one_to_one",-5.19961536114107,9.49053099857383
201,"mobile|simple|medium|one_to_one",-4.53944520690526,9.49053099857383
201,"mobile|two_factor|medium|one_to_one",-5.31268236012475,9.49053099857383
201,"mobile|multi_factor|medium|one_to_one",-4.36267973544965,9.49053099857383
201,"web|multi_factor|medium|one_to_one",-5.37895759910857,9.49053099857383
201,"web|simple|high|one_to_one",-8.12562581028251,9.49053099857383
201,"mobile|two_factor|high|one_to_one",-7.88258509984308,9.49053099857383
201,"mobile|multi_factor|high|one_to_one",-6.93258247516798,9.49053099857383
201,"web|multi_factor|high|one_to_one",-7.9488603388269,9.49053099857383
201,"web|simple|medium|multi_person",-5.4311494602585,9.49053099857383
201,"mobile|two_factor|medium|multi_person",-5.18810874981907,9.49053099857383
201,"web|two_factor|high|multi_person",-8.77428935319632,9.49053099857383
201,"web|multi_factor|high|multi_person",-7.82428672852121,9.49053099857383
201,"web|simple|medium|one_to_one",-5.55572307056418,9.49053099857383
201,"web|two_factor|medium|one_to_one",-6.32896022378367,9.49053099857383
201,"mobile|simple|high|one_to_one",-7.10934794662359,9.49053099857383
201,"mobile|simple|low|multi_person",-4.23552935863208,9.49053099857383
201,"web|multi_factor|low|multi_person",-5.07504175083539,9.49053099857383
201,"web|two_factor|medium|multi_person",-6.20438661347799,9.49053099857383
201,"mobile|two_factor|low|one_to_one",-5.13334012215725,9.49053099857383
201,"web|two_factor|high|one_to_one",-8.898862963502,9.49053099857383
201,"web|two_factor|low|one_to_one",-6.14961798581618,9.49053099857383
202,"web|simple|low|multi_person",-6.6523997761471,8.69670244489365
202,"mobile|two_factor|low|multi_person",-6.23019296277972,8.69670244489365
202,"web|two_factor|low|multi_person",-7.29890514776935,8.69670244489365
202,"mobile|multi_factor|low|multi_person",-5.8083303237728,8.69670244489365
202,"mobile|simple|medium|multi_person",-4.31964999845734,8.69670244489365
202,"mobile|multi_factor|medium|multi_person",-4.54429273107265,8.69670244489365
202,"web|multi_factor|medium|multi_person",-5.61300491606228,8.69670244489365
202,"mobile|simple|high|multi_person",-6.39804570825876,8.69670244489365
202,"web|simple|high|multi_person",-7.46675789324838,8.69670244489365
202,"mobile|two_factor|high|multi_person",-7.044551079881,8.69670244489365
202,"mobile|multi_factor|high|multi_person",-6.62268844087408,8.69670244489365
202,"mobile|simple|low|one_to_one",-4.61271189401421,8.69670244489365
202,"web|simple|low|one_to_one",-5.68142407900383,8.69670244489365
202,"mobile|multi_factor|low|one_to_one",-4.83735462662952,8.69670244489365
202,"web|multi_factor|low|one_to_one",-5.90606681161915,8.69670244489365
202,"mobile|simple|medium|one_to_one",-3.34867430131406,8.69670244489365
202,"mobile|two_factor|medium|one_to_one",-3.9951796729363,8.69670244489365
202,"mobile|multi_factor|medium|one_to_one",-3.57331703392938,8.69670244489365
202,"web|multi_factor|medium|one_to_one",-4.642029218919,8.69670244489365
202,"web|simple|high|one_to_one",-6.49578219610511,8.69670244489365
202,"mobile|two_factor|high|one_to_one",-6.07357538273773,8.69670244489365
202,"mobile|multi_factor|high|one_to_one",-5.6517127437308,8.69670244489365
202,"web|multi_factor|high|one_to_one",-6.72042492872042,8.69670244489365
202,"web|simple|medium|multi_person",-5.38836218344696,8.69670244489365
202,"mobile|two_factor|medium|multi_person",-4.96615537007958,8.69670244489365
202,"web|two_factor|high|multi_person",-8.11326326487062,8.69670244489365
202,"web|multi_factor|high|multi_person",-7.6914006258637,8.69670244489365
202,"web|simple|medium|one_to_one",-4.41738648630368,8.69670244489365
202,"web|two_factor|medium|one_to_one",-5.06389185792593,8.69670244489365
202,"mobile|simple|high|one_to_one",-5.42707001111549,8.69670244489365
202,"mobile|simple|low|multi_person",-5.58368759115748,8.69670244489365
202,"web|multi_factor|low|multi_person",-6.87704250876242,8.69670244489365
202,"web|two_factor|medium|multi_person",-6.0348675550692,8.69670244489365
202,"mobile|two_factor|low|one_to_one",-5.25921726563645,8.69670244489365
202,"web|two_factor|high|one_to_one",-7.14228756772735,8.69670244489365
202,"web|two_factor|low|one_to_one",-6.32792945062607,8.69670244489365
203,"web|simple|low|multi_person",-4.29130339080236,20.2418203702555
203,"mobile|two_factor|low|multi_person",-3.97983289649254,20.2418203702555
203,"web|two_factor|low|multi_person",-4.87569493626124,20.2418203702555
203,"mobile|multi_factor|low|multi_person",-4.38250364845601,20.2418203702555
203,"mobile|simple|medium|multi_person",-4.23770276426867,20.2418203702555
203,"mobile|multi_factor|medium|multi_person",-5.22476506169103,20.2418203702555
203,"web|multi_factor|medium|multi_person",-6.12062710145973,20.2418203702555
203,"mobile|simple|high|multi_person",-5.35972530652854,20.2418203702555
203,"web|simple|high|multi_person",-6.25558734629724,20.2418203702555
203,"mobile|two_factor|high|multi_person",-5.94411685198743,20.2418203702555
203,"mobile|multi_factor|high|multi_person",-6.3467876039509,20.2418203702555
203,"mobile|simple|low|one_to_one",-2.90814382446523,20.2418203702555
203,"web|simple|low|one_to_one",-3.80400586423393,20.2418203702555
203,"mobile|multi_factor|low|one_to_one",-3.89520612188759,20.2418203702555
203,"web|multi_factor|low|one_to_one",-4.79106816165629,20.2418203702555
203,"mobile|simple|medium|one_to_one",-3.75040523770024,20.2418203702555
203,"mobile|two_factor|medium|one_to_one",-4.33479678315913,20.2418203702555
203,"mobile|multi_factor|medium|one_to_one",-4.7374675351226,20.2418203702555
203,"web|multi_factor|medium|one_to_one",-5.63332957489131,20.2418203702555
203,"web|simple|high|one_to_one",-5.76828981972882,20.2418203702555
203,"mobile|two_factor|high|one_to_one",-5.456819325419,20.2418203702555
203,"mobile|multi_factor|high|one_to_one",-5.85949007738247,20.2418203702555
203,"web|multi_factor|high|one_to_one",-6.75535211715118,20.2418203702555
203,"web|simple|medium|multi_person",-5.13356480403737,20.2418203702555
203,"mobile|two_factor|medium|multi_person",-4.82209430972756,20.2418203702555
203,"web|two_factor|high|multi_person",-6.83997889175613,20.2418203702555
203,"web|multi_factor|high|multi_person",-7.2426496437196,20.2418203702555
203,"web|simple|medium|one_to_one",-4.64626727746895,20.2418203702555
203,"web|two_factor|medium|one_to_one",-5.23065882292783,20.2418203702555
203,"mobile|simple|high|one_to_one",-4.87242777996011,20.2418203702555
203,"mobile|simple|low|multi_person",-3.39544135103365,20.2418203702555
203,"web|multi_factor|low|multi_person",-5.27836568822472,20.2418203702555
203,"web|two_factor|medium|multi_person",-5.71795634949626,20.2418203702555
203,"mobile|two_factor|low|one_to_one",-3.49253536992411,20.2418203702555
203,"web|two_factor|high|one_to_one",-6.3526813651877,20.2418203702555
203,"web|two_factor|low|one_to_one",-4.38839740969282,20.2418203702555
205,"web|simple|low|multi_person",-4.51089964725199,11.3688573333179
205,"mobile|two_factor|low|multi_person",-4.33868926614239,11.3688573333179
205,"web|two_factor|low|multi_person",-4.98413284646676,11.3688573333179
205,"mobile|multi_factor|low|multi_person",-5.01517738406592,11.3688573333179
205,"mobile|simple|medium|multi_person",-5.24632307214429,11.3688573333179
205,"mobile|multi_factor|medium|multi_person",-6.3960443892826,11.3688573333179
205,"web|multi_factor|medium|multi_person",-7.04148796960697,11.3688573333179
205,"mobile|simple|high|multi_person",-6.83975015599338,11.3688573333179
205,"web|simple|high|multi_person",-7.48519373631775,11.3688573333179
205,"mobile|two_factor|high|multi_person",-7.31298335520815,11.3688573333179
205,"mobile|multi_factor|high|multi_person",-7.98947147313168,11.3688573333179
205,"mobile|simple|low|one_to_one",-2.35713207682708,11.3688573333179
205,"web|simple|low|one_to_one",-3.00257565715145,11.3688573333179
205,"mobile|multi_factor|low|one_to_one",-3.50685339396538,11.3688573333179
205,"web|multi_factor|low|one_to_one",-4.15229697428975,11.3688573333179
205,"mobile|simple|medium|one_to_one",-3.73799908204375,11.3688573333179
205,"mobile|two_factor|medium|one_to_one",-4.21123228125852,11.3688573333179
205,"mobile|multi_factor|medium|one_to_one",-4.88772039918205,11.3688573333179
205,"web|multi_factor|medium|one_to_one",-5.53316397950643,11.3688573333179
205,"web|simple|high|one_to_one",-5.97686974621721,11.3688573333179
205,"mobile|two_factor|high|one_to_one",-5.8046593651076,11.3688573333179
205,"mobile|multi_factor|high|one_to_one",-6.48114748303114,11.3688573333179
205,"web|multi_factor|high|one_to_one",-7.12659106335551,11.3688573333179
205,"web|simple|medium|multi_person",-5.89176665246866,11.3688573333179
205,"mobile|two_factor|medium|multi_person",-5.71955627135906,11.3688573333179
205,"web|two_factor|high|multi_person",-7.95842693553252,11.3688573333179
205,"web|multi_factor|high|multi_person",-8.63491505345606,11.3688573333179
205,"web|simple|medium|one_to_one",-4.38344266236812,11.3688573333179
205,"web|two_factor|medium|one_to_one",-4.85667586158289,11.3688573333179
205,"mobile|simple|high|one_to_one",-5.33142616589284,11.3688573333179
205,"mobile|simple|low|multi_person",-3.86545606692762,11.3688573333179
205,"web|multi_factor|low|multi_person",-5.66062096439029,11.3688573333179
205,"web|two_factor|medium|multi_person",-6.36499985168343,11.3688573333179
205,"mobile|two_factor|low|one_to_one",-2.83036527604184,11.3688573333179
205,"web|two_factor|high|one_to_one",-6.45010294543198,11.3688573333179
205,"web|two_factor|low|one_to_one",-3.47580885636622,11.3688573333179
206,"web|simple|low|multi_person",-3.94127031025084,5.67342734317648
206,"mobile|two_factor|low|multi_person",-5.17110796778204,5.67342734317648
206,"web|two_factor|low|multi_person",-5.47211761091712,5.67342734317648
206,"mobile|multi_factor|low|multi_person",-6.7704588927947,5.67342734317648
206,"mobile|simple|medium|multi_person",-4.01449061793665,5.67342734317648
206,"mobile|multi_factor|medium|multi_person",-7.14468884361559,5.67342734317648
206,"web|multi_factor|medium|multi_person",-7.44569848675067,5.67342734317648
206,"mobile|simple|high|multi_person",-4.48519670742923,5.67342734317648
206,"web|simple|high|multi_person",-4.78620635056431,5.67342734317648
206,"mobile|two_factor|high|multi_person",-6.01604400809551,5.67342734317648
206,"mobile|multi_factor|high|multi_person",-7.61539493310817,5.67342734317648
206,"mobile|simple|low|one_to_one",-3.58043421486551,5.67342734317648
206,"web|simple|low|one_to_one",-3.88144385800059,5.67342734317648
206,"mobile|multi_factor|low|one_to_one",-6.71063244054445,5.67342734317648
206,"web|multi_factor|low|one_to_one",-7.01164208367953,5.67342734317648
206,"mobile|simple|medium|one_to_one",-3.9546641656864,5.67342734317648
206,"mobile|two_factor|medium|one_to_one",-5.48551146635268,5.67342734317648
206,"mobile|multi_factor|medium|one_to_one",-7.08486239136534,5.67342734317648
206,"web|multi_factor|medium|one_to_one",-7.38587203450042,5.67342734317648
206,"web|simple|high|one_to_one",-4.72637989831406,5.67342734317648
206,"mobile|two_factor|high|one_to_one",-5.95621755584526,5.67342734317648
206,"mobile|multi_factor|high|one_to_one",-7.55556848085792,5.67342734317648
206,"web|multi_factor|high|one_to_one",-7.856578123993,5.67342734317648
206,"web|simple|medium|multi_person",-4.31550026107173,5.67342734317648
206,"mobile|two_factor|medium|multi_person",-5.54533791860293,5.67342734317648
206,"web|two_factor|high|multi_person",-6.31705365123059,5.67342734317648
206,"web|multi_factor|high|multi_person",-7.91640457624325,5.67342734317648
206,"web|simple|medium|one_to_one",-4.25567380882148,5.67342734317648
206,"web|two_factor|medium|one_to_one",-5.78652110948775,5.67342734317648
206,"mobile|simple|high|one_to_one",-4.42537025517898,5.67342734317648
206,"mobile|simple|low|multi_person",-3.64026066711576,5.67342734317648
206,"web|multi_factor|low|multi_person",-7.07146853592978,5.67342734317648
206,"web|two_factor|medium|multi_person",-5.846347561738,5.67342734317648
206,"mobile|two_factor|low|one_to_one",-5.11128151553179,5.67342734317648
206,"web|two_factor|high|one_to_one",-6.25722719898034,5.67342734317648
206,"web|two_factor|low|one_to_one",-5.41229115866686,5.67342734317648
207,"web|simple|low|multi_person",-3.74123561934877,19.3715013781644
207,"mobile|two_factor|low|multi_person",-5.331186373577,19.3715013781644
207,"web|two_factor|low|multi_person",-4.73950126291663,19.3715013781644
207,"mobile|multi_factor|low|multi_person",-6.6585383057661,19.3715013781644
207,"mobile|simple|medium|multi_person",-5.28586465152948,19.3715013781644
207,"mobile|multi_factor|medium|multi_person",-7.61148222728642,19.3715013781644
207,"web|multi_factor|medium|multi_person",-7.01979711662605,19.3715013781644
207,"mobile|simple|high|multi_person",-5.37027312450958,19.3715013781644
207,"web|simple|high|multi_person",-4.7785880138492,19.3715013781644
207,"mobile|two_factor|high|multi_person",-6.36853876807743,19.3715013781644
207,"mobile|multi_factor|high|multi_person",-7.69589070026652,19.3715013781644
207,"mobile|simple|low|one_to_one",-3.38230282875574,19.3715013781644
207,"web|simple|low|one_to_one",-2.79061771809537,19.3715013781644
207,"mobile|multi_factor|low|one_to_one",-5.70792040451269,19.3715013781644
207,"web|multi_factor|low|one_to_one",-5.11623529385232,19.3715013781644
207,"mobile|simple|medium|one_to_one",-4.33524675027607,19.3715013781644
207,"mobile|two_factor|medium|one_to_one",-5.33351239384392,19.3715013781644
207,"mobile|multi_factor|medium|one_to_one",-6.66086432603302,19.3715013781644
207,"web|multi_factor|medium|one_to_one",-6.06917921537265,19.3715013781644
207,"web|simple|high|one_to_one",-3.82797011259579,19.3715013781644
207,"mobile|two_factor|high|one_to_one",-5.41792086682402,19.3715013781644
207,"mobile|multi_factor|high|one_to_one",-6.74527279901312,19.3715013781644
207,"web|multi_factor|high|one_to_one",-6.15358768835274,19.3715013781644
207,"web|simple|medium|multi_person",-4.6941795408691,19.3715013781644
207,"mobile|two_factor|medium|multi_person",-6.28413029509733,19.3715013781644
207,"web|two_factor|high|multi_person",-5.77685365741706,19.3715013781644
207,"web|multi_factor|high|multi_person",-7.10420558960615,19.3715013781644
207,"web|simple|medium|one_to_one",-3.7435616396157,19.3715013781644
207,"web|two_factor|medium|one_to_one",-4.74182728318355,19.3715013781644
207,"mobile|simple|high|one_to_one",-4.41965522325617,19.3715013781644
207,"mobile|simple|low|multi_person",-4.33292073000915,19.3715013781644
207,"web|multi_factor|low|multi_person",-6.06685319510572,19.3715013781644
207,"web|two_factor|medium|multi_person",-5.69244518443696,19.3715013781644
207,"mobile|two_factor|low|one_to_one",-4.3805684723236,19.3715013781644
207,"web|two_factor|high|one_to_one",-4.82623575616365,19.3715013781644
207,"web|two_factor|low|one_to_one",-3.78888336166322,19.3715013781644
208,"web|simple|low|multi_person",-6.57232895300755,10.2900404159829
208,"mobile|two_factor|low|multi_person",-4.03207487248569,10.2900404159829
208,"web|two_factor|low|multi_person",-6.39991870136117,10.2900404159829
208,"mobile|multi_factor|low|multi_person",-4.37104043281155,10.2900404159829
208,"mobile|simple|medium|multi_person",-3.4303697883532,10.2900404159829
208,"mobile|multi_factor|medium|multi_person",-3.59692509703269,10.2900404159829
208,"web|multi_factor|medium|multi_person",-5.96476892590817,10.2900404159829
208,"mobile|simple|high|multi_person",-4.29017591894069,10.2900404159829
208,"web|simple|high|multi_person",-6.65801974781617,10.2900404159829
208,"mobile|two_factor|high|multi_person",-4.11776566729431,10.2900404159829
208,"mobile|multi_factor|high|multi_person",-4.45673122762017,10.2900404159829
208,"mobile|simple|low|one_to_one",-5.60224512562671,10.2900404159829
208,"web|simple|low|one_to_one",-7.9700889545022,10.2900404159829
208,"mobile|multi_factor|low|one_to_one",-5.7688004343062,10.2900404159829
208,"web|multi_factor|low|one_to_one",-8.13664426318168,10.2900404159829
208,"mobile|simple|medium|one_to_one",-4.82812978984785,10.2900404159829
208,"mobile|two_factor|medium|one_to_one",-4.65571953820147,10.2900404159829
208,"mobile|multi_factor|medium|one_to_one",-4.99468509852734,10.2900404159829
208,"web|multi_factor|medium|one_to_one",-7.36252892740282,10.2900404159829
208,"web|simple|high|one_to_one",-8.05577974931082,10.2900404159829
208,"mobile|two_factor|high|one_to_one",-5.51552566878896,10.2900404159829
208,"mobile|multi_factor|high|one_to_one",-5.85449122911482,10.2900404159829
208,"web|multi_factor|high|one_to_one",-8.2223350579903,10.2900404159829
208,"web|simple|medium|multi_person",-5.79821361722868,10.2900404159829
208,"mobile|two_factor|medium|multi_person",-3.25795953670682,10.2900404159829
208,"web|two_factor|high|multi_person",-6.48560949616979,10.2900404159829
208,"web|multi_factor|high|multi_person",-6.82457505649565,10.2900404159829
208,"web|simple|medium|one_to_one",-7.19597361872333,10.2900404159829
208,"web|two_factor|medium|one_to_one",-7.02356336707695,10.2900404159829
208,"mobile|simple|high|one_to_one",-5.68793592043534,10.2900404159829
208,"mobile|simple|low|multi_person",-4.20448512413206,10.2900404159829
208,"web|multi_factor|low|multi_person",-6.73888426168703,10.2900404159829
208,"web|two_factor|medium|multi_person",-5.6258033655823,10.2900404159829
208,"mobile|two_factor|low|one_to_one",-5.42983487398034,10.2900404159829
208,"web|two_factor|high|one_to_one",-7.88336949766444,10.2900404159829
208,"web|two_factor|low|one_to_one",-7.79767870285582,10.2900404159829
209,"web|simple|low|multi_person",-6.22678047596427,16.7653634100395
209,"mobile|two_factor|low|multi_person",-3.61917510490632,16.7653634100395
209,"web|two_factor|low|multi_person",-5.82493735717714,16.7653634100395
209,"mobile|multi_factor|low|multi_person",-4.04593966466329,16.7653634100395
209,"mobile|simple|medium|multi_person",-4.75400721159203,16.7653634100395
209,"mobile|multi_factor|medium|multi_person",-4.77892865256187,16.7653634100395
209,"web|multi_factor|medium|multi_person",-6.98469090483269,16.7653634100395
209,"mobile|simple|high|multi_person",-5.92421257036722,16.7653634100395
209,"web|simple|high|multi_person",-8.12997482263804,16.7653634100395
209,"mobile|two_factor|high|multi_person",-5.5223694515801,16.7653634100395
209,"mobile|multi_factor|high|multi_person",-5.94913401133706,16.7653634100395
209,"mobile|simple|low|one_to_one",-2.97794046924902,16.7653634100395
209,"web|simple|low|one_to_one",-5.18370272151984,16.7653634100395
209,"mobile|multi_factor|low|one_to_one",-3.00286191021886,16.7653634100395
209,"web|multi_factor|low|one_to_one",-5.20862416248968,16.7653634100395
209,"mobile|simple|medium|one_to_one",-3.7109294571476,16.7653634100395
209,"mobile|two_factor|medium|one_to_one",-3.30908633836047,16.7653634100395
209,"mobile|multi_factor|medium|one_to_one",-3.73585089811744,16.7653634100395
209,"web|multi_factor|medium|one_to_one",-5.94161315038826,16.7653634100395
209,"web|simple|high|one_to_one",-7.08689706819361,16.7653634100395
209,"mobile|two_factor|high|one_to_one",-4.47929169713567,16.7653634100395
209,"mobile|multi_factor|high|one_to_one",-4.90605625689263,16.7653634100395
209,"web|multi_factor|high|one_to_one",-7.11181850916345,16.7653634100395
209,"web|simple|medium|multi_person",-6.95976946386285,16.7653634100395
209,"mobile|two_factor|medium|multi_person",-4.3521640928049,16.7653634100395
209,"web|two_factor|high|multi_person",-7.72813170385092,16.7653634100395
209,"web|multi_factor|high|multi_person",-8.15489626360788,16.7653634100395
209,"web|simple|medium|one_to_one",-5.91669170941842,16.7653634100395
209,"web|two_factor|medium|one_to_one",-5.5148485906313,16.7653634100395
209,"mobile|simple|high|one_to_one",-4.88113481592279,16.7653634100395
209,"mobile|simple|low|multi_person",-4.02101822369345,16.7653634100395
209,"web|multi_factor|low|multi_person",-6.25170191693411,16.7653634100395
209,"web|two_factor|medium|multi_person",-6.55792634507572,16.7653634100395
209,"mobile|two_factor|low|one_to_one",-2.57609735046189,16.7653634100395
209,"web|two_factor|high|one_to_one",-6.68505394940649,16.7653634100395
209,"web|two_factor|low|one_to_one",-4.78185960273271,16.7653634100395
210,"web|simple|low|multi_person",-5.57400726846634,11.0660091400865
210,"mobile|two_factor|low|multi_person",-4.69031247844789,11.0660091400865
210,"web|two_factor|low|multi_person",-6.08742624327804,11.0660091400865
210,"mobile|multi_factor|low|multi_person",-3.85180192008717,11.0660091400865
210,"mobile|simple|medium|multi_person",-5.61446943499032,11.0660091400865
210,"mobile|multi_factor|medium|multi_person",-5.28937785144129,11.0660091400865
210,"web|multi_factor|medium|multi_person",-6.68649161627143,11.0660091400865
210,"mobile|simple|high|multi_person",-6.25917970863704,11.0660091400865
210,"web|simple|high|multi_person",-7.65629347346719,11.0660091400865
210,"mobile|two_factor|high|multi_person",-6.77259868344874,11.0660091400865
210,"mobile|multi_factor|high|multi_person",-5.93408812508801,11.0660091400865
210,"mobile|simple|low|one_to_one",-3.50131677599725,11.0660091400865
210,"web|simple|low|one_to_one",-4.89843054082739,11.0660091400865
210,"mobile|multi_factor|low|one_to_one",-3.17622519244822,11.0660091400865
210,"web|multi_factor|low|one_to_one",-4.57333895727836,11.0660091400865
210,"mobile|simple|medium|one_to_one",-4.93889270735137,11.0660091400865
210,"mobile|two_factor|medium|one_to_one",-5.45231168216307,11.0660091400865
210,"mobile|multi_factor|medium|one_to_one",-4.61380112380234,11.0660091400865
210,"web|multi_factor|medium|one_to_one",-6.01091488863249,11.0660091400865
210,"web|simple|high|one_to_one",-6.98071674582824,11.0660091400865
210,"mobile|two_factor|high|one_to_one",-6.09702195580979,11.0660091400865
210,"mobile|multi_factor|high|one_to_one",-5.25851139744907,11.0660091400865
210,"web|multi_factor|high|one_to_one",-6.65562516227921,11.0660091400865
210,"web|simple|medium|multi_person",-7.01158319982047,11.0660091400865
210,"mobile|two_factor|medium|multi_person",-6.12788840980202,11.0660091400865
210,"web|two_factor|high|multi_person",-8.16971244827888,11.0660091400865
210,"web|multi_factor|high|multi_person",-7.33120188991816,11.0660091400865
210,"web|simple|medium|one_to_one",-6.33600647218152,11.0660091400865
210,"web|two_factor|medium|one_to_one",-6.84942544699321,11.0660091400865
210,"mobile|simple|high|one_to_one",-5.5836029809981,11.0660091400865
210,"mobile|simple|low|multi_person",-4.1768935036362,11.0660091400865
210,"web|multi_factor|low|multi_person",-5.24891568491731,11.0660091400865
210,"web|two_factor|medium|multi_person",-7.52500217463216,11.0660091400865
210,"mobile|two_factor|low|one_to_one",-4.01473575080894,11.0660091400865
210,"web|two_factor|high|one_to_one",-7.49413572063994,11.0660091400865
210,"web|two_factor|low|one_to_one",-5.41184951563909,11.0660091400865
211,"web|simple|low|multi_person",-4.13109567110434,18.4432827715799
211,"mobile|two_factor|low|multi_person",-6.03870479165081,18.4432827715799
211,"web|two_factor|low|multi_person",-5.35706489058606,18.4432827715799
211,"mobile|multi_factor|low|multi_person",-5.27060584665568,18.4432827715799
211,"mobile|simple|medium|multi_person",-5.90038521478961,18.4432827715799
211,"mobile|multi_factor|medium|multi_person",-6.35825548927622,18.4432827715799
211,"web|multi_factor|medium|multi_person",-5.67661558821147,18.4432827715799
211,"mobile|simple|high|multi_person",-6.94661427296912,18.4432827715799
211,"web|simple|high|multi_person",-6.26497437190438,18.4432827715799
211,"mobile|two_factor|high|multi_person",-8.17258349245085,18.4432827715799
211,"mobile|multi_factor|high|multi_person",-7.40448454745573,18.4432827715799
211,"mobile|simple|low|one_to_one",-3.95754767140633,18.4432827715799
211,"web|simple|low|one_to_one",-3.27590777034158,18.4432827715799
211,"mobile|multi_factor|low|one_to_one",-4.41541794589293,18.4432827715799
211,"web|multi_factor|low|one_to_one",-3.73377804482819,18.4432827715799
211,"mobile|simple|medium|one_to_one",-5.04519731402686,18.4432827715799
211,"mobile|two_factor|medium|one_to_one",-6.27116653350859,18.4432827715799
211,"mobile|multi_factor|medium|one_to_one",-5.50306758851346,18.4432827715799
211,"web|multi_factor|medium|one_to_one",-4.82142768744872,18.4432827715799
211,"web|simple|high|one_to_one",-5.40978647114162,18.4432827715799
211,"mobile|two_factor|high|one_to_one",-7.3173955916881,18.4432827715799
211,"mobile|multi_factor|high|one_to_one",-6.54929664669297,18.4432827715799
211,"web|multi_factor|high|one_to_one",-5.86765674562823,18.4432827715799
211,"web|simple|medium|multi_person",-5.21874531372487,18.4432827715799
211,"mobile|two_factor|medium|multi_person",-7.12635443427134,18.4432827715799
211,"web|two_factor|high|multi_person",-7.4909435913861,18.4432827715799
211,"web|multi_factor|high|multi_person",-6.72284464639098,18.4432827715799
211,"web|simple|medium|one_to_one",-4.36355741296212,18.4432827715799
211,"web|two_factor|medium|one_to_one",-5.58952663244384,18.4432827715799
211,"mobile|simple|high|one_to_one",-6.09142637220637,18.4432827715799
211,"mobile|simple|low|multi_person",-4.81273557216908,18.4432827715799
211,"web|multi_factor|low|multi_person",-4.58896594559094,18.4432827715799
211,"web|two_factor|medium|multi_person",-6.44471453320659,18.4432827715799
211,"mobile|two_factor|low|one_to_one",-5.18351689088806,18.4432827715799
211,"web|two_factor|high|one_to_one",-6.63575569062335,18.4432827715799
211,"web|two_factor|low|one_to_one",-4.50187698982331,18.4432827715799
212,"web|simple|low|multi_person",-5.30076211962234,11.9692315986726
212,"mobile|two_factor|low|multi_person",-5.42636589953317,11.9692315986726
212,"web|two_factor|low|multi_person",-5.51296473817158,11.9692315986726
212,"mobile|multi_factor|low|multi_person",-5.80658422858654,11.9692315986726
212,"mobile|simple|medium|multi_person",-5.781344205501,11.9692315986726
212,"mobile|multi_factor|medium|multi_person",-6.3737651531036,11.9692315986726
212,"web|multi_factor|medium|multi_person",-6.46036399174201,11.9692315986726
212,"mobile|simple|high|multi_person",-4.95848914458132,11.9692315986726
212,"web|simple|high|multi_person",-5.04508798321972,11.9692315986726
212,"mobile|two_factor|high|multi_person",-5.17069176313056,11.9692315986726
212,"mobile|multi_factor|high|multi_person",-5.55091009218392,11.9692315986726
212,"mobile|simple|low|one_to_one",-6.04037795250023,11.9692315986726
212,"web|simple|low|one_to_one",-6.12697679113863,11.9692315986726
212,"mobile|multi_factor|low|one_to_one",-6.63279890010283,11.9692315986726
212,"web|multi_factor|low|one_to_one",-6.71939773874124,11.9692315986726
212,"mobile|simple|medium|one_to_one",-6.60755887701729,11.9692315986726
212,"mobile|two_factor|medium|one_to_one",-6.81976149556653,11.9692315986726
212,"mobile|multi_factor|medium|one_to_one",-7.1999798246199,11.9692315986726
212,"web|multi_factor|medium|one_to_one",-7.2865786632583,11.9692315986726
212,"web|simple|high|one_to_one",-5.87130265473602,11.9692315986726
212,"mobile|two_factor|high|one_to_one",-5.99690643464685,11.9692315986726
212,"mobile|multi_factor|high|one_to_one",-6.37712476370022,11.9692315986726
212,"web|multi_factor|high|one_to_one",-6.46372360233862,11.9692315986726
212,"web|simple|medium|multi_person",-5.8679430441394,11.9692315986726
212,"mobile|two_factor|medium|multi_person",-5.99354682405023,11.9692315986726
212,"web|two_factor|high|multi_person",-5.25729060176896,11.9692315986726
212,"web|multi_factor|high|multi_person",-5.63750893082233,11.9692315986726
212,"web|simple|medium|one_to_one",-6.6941577156557,11.9692315986726
212,"web|two_factor|medium|one_to_one",-6.90636033420493,11.9692315986726
212,"mobile|simple|high|one_to_one",-5.78470381609761,11.9692315986726
212,"mobile|simple|low|multi_person",-5.21416328098394,11.9692315986726
212,"web|multi_factor|low|multi_person",-5.89318306722495,11.9692315986726
212,"web|two_factor|medium|multi_person",-6.08014566268864,11.9692315986726
212,"mobile|two_factor|low|one_to_one",-6.25258057104946,11.9692315986726
212,"web|two_factor|high|one_to_one",-6.08350527328525,11.9692315986726
212,"web|two_factor|low|one_to_one",-6.33917940968787,11.9692315986726
213,"web|simple|low|multi_person",-5.37360319116516,19.2560822491639
213,"mobile|two_factor|low|multi_person",-5.40973908023979,19.2560822491639
213,"web|two_factor|low|multi_person",-5.57872342930287,19.2560822491639
213,"mobile|multi_factor|low|multi_person",-4.78176095580027,19.2560822491639
213,"mobile|simple|medium|multi_person",-5.52331318851664,19.2560822491639
213,"mobile|multi_factor|medium|multi_person",-5.10045530221484,19.2560822491639
213,"web|multi_factor|medium|multi_person",-5.26943965127792,19.2560822491639
213,"mobile|simple|high|multi_person",-6.29428853996926,19.2560822491639
213,"web|simple|high|multi_person",-6.46327288903234,19.2560822491639
213,"mobile|two_factor|high|multi_person",-6.49940877810697,19.2560822491639
213,"mobile|multi_factor|high|multi_person",-5.87143065366745,19.2560822491639
213,"mobile|simple|low|one_to_one",-4.9670173448003,19.2560822491639
213,"web|simple|low|one_to_one",-5.13600169386338,19.2560822491639
213,"mobile|multi_factor|low|one_to_one",-4.54415945849849,19.2560822491639
213,"web|multi_factor|low|one_to_one",-4.71314380756157,19.2560822491639
213,"mobile|simple|medium|one_to_one",-5.28571169121487,19.2560822491639
213,"mobile|two_factor|medium|one_to_one",-5.49083192935258,19.2560822491639
213,"mobile|multi_factor|medium|one_to_one",-4.86285380491306,19.2560822491639
213,"web|multi_factor|medium|one_to_one",-5.03183815397614,19.2560822491639
213,"web|simple|high|one_to_one",-6.22567139173056,19.2560822491639
213,"mobile|two_factor|high|one_to_one",-6.26180728080519,19.2560822491639
213,"mobile|multi_factor|high|one_to_one",-5.63382915636567,19.2560822491639
213,"web|multi_factor|high|one_to_one",-5.80281350542876,19.2560822491639
213,"web|simple|medium|multi_person",-5.69229753757972,19.2560822491639
213,"mobile|two_factor|medium|multi_person",-5.72843342665436,19.2560822491639
213,"web|two_factor|high|multi_person",-6.66839312717005,19.2560822491639
213,"web|multi_factor|high|multi_person",-6.04041500273053,19.2560822491639
213,"web|simple|medium|one_to_one",-5.45469604027795,19.2560822491639
213,"web|two_factor|medium|one_to_one",-5.65981627841566,19.2560822491639
213,"mobile|simple|high|one_to_one",-6.05668704266748,19.2560822491639
213,"mobile|simple|low|multi_person",-5.20461884210208,19.2560822491639
213,"web|multi_factor|low|multi_person",-4.95074530486335,19.2560822491639
213,"web|two_factor|medium|multi_person",-5.89741777571744,19.2560822491639
213,"mobile|two_factor|low|one_to_one",-5.17213758293801,19.2560822491639
213,"web|two_factor|high|one_to_one",-6.43079162986827,19.2560822491639
213,"web|two_factor|low|one_to_one",-5.34112193200109,19.2560822491639
214,"web|simple|low|multi_person",-5.54786063158538,20.188204859045
214,"mobile|two_factor|low|multi_person",-4.9345256890636,20.188204859045
214,"web|two_factor|low|multi_person",-5.11541398530012,20.188204859045
214,"mobile|multi_factor|low|multi_person",-4.36821958727348,20.188204859045
214,"mobile|simple|medium|multi_person",-5.85398177633942,20.188204859045
214,"mobile|multi_factor|medium|multi_person",-4.85522902826404,20.188204859045
214,"web|multi_factor|medium|multi_person",-5.03611732450056,20.188204859045
214,"mobile|simple|high|multi_person",-7.31044090735423,20.188204859045
214,"web|simple|high|multi_person",-7.49132920359075,20.188204859045
214,"mobile|two_factor|high|multi_person",-6.87799426106896,20.188204859045
214,"mobile|multi_factor|high|multi_person",-6.31168815927885,20.188204859045
214,"mobile|simple|low|one_to_one",-5.19599544451061,20.188204859045
214,"web|simple|low|one_to_one",-5.37688374074713,20.188204859045
214,"mobile|multi_factor|low|one_to_one",-4.19724269643522,20.188204859045
214,"web|multi_factor|low|one_to_one",-4.37813099267174,20.188204859045
214,"mobile|simple|medium|one_to_one",-5.68300488550116,20.188204859045
214,"mobile|two_factor|medium|one_to_one",-5.2505582392159,20.188204859045
214,"mobile|multi_factor|medium|one_to_one",-4.68425213742578,20.188204859045
214,"web|multi_factor|medium|one_to_one",-4.8651404336623,20.188204859045
214,"web|simple|high|one_to_one",-7.3203523127525,20.188204859045
214,"mobile|two_factor|high|one_to_one",-6.70701737023071,20.188204859045
214,"mobile|multi_factor|high|one_to_one",-6.14071126844059,20.188204859045
214,"web|multi_factor|high|one_to_one",-6.32159956467711,20.188204859045
214,"web|simple|medium|multi_person",-6.03487007257594,20.188204859045
214,"mobile|two_factor|medium|multi_person",-5.42153513005415,20.188204859045
214,"web|two_factor|high|multi_person",-7.05888255730549,20.188204859045
214,"web|multi_factor|high|multi_person",-6.49257645551537,20.188204859045
214,"web|simple|medium|one_to_one",-5.86389318173769,20.188204859045
214,"web|two_factor|medium|one_to_one",-5.43144653545242,20.188204859045
214,"mobile|simple|high|one_to_one",-7.13946401651597,20.188204859045
214,"mobile|simple|low|multi_person",-5.36697233534886,20.188204859045
214,"web|multi_factor|low|multi_person",-4.54910788351,20.188204859045
214,"web|two_factor|medium|multi_person",-5.60242342629068,20.188204859045
214,"mobile|two_factor|low|one_to_one",-4.76354879822534,20.188204859045
214,"web|two_factor|high|one_to_one",-6.88790566646723,20.188204859045
214,"web|two_factor|low|one_to_one",-4.94443709446186,20.188204859045
217,"web|simple|low|multi_person",-5.17834485799387,20.6721092088757
217,"mobile|two_factor|low|multi_person",-3.41117614742945,20.6721092088757
217,"web|two_factor|low|multi_person",-5.64368246483827,20.6721092088757
217,"mobile|multi_factor|low|multi_person",-3.15664608686308,20.6721092088757
217,"mobile|simple|medium|multi_person",-3.88330605100485,20.6721092088757
217,"mobile|multi_factor|medium|multi_person",-4.09411359728288,20.6721092088757
217,"web|multi_factor|medium|multi_person",-6.3266199146917,20.6721092088757
217,"mobile|simple|high|multi_person",-4.90528371506931,20.6721092088757
217,"web|simple|high|multi_person",-7.13779003247813,20.6721092088757
217,"mobile|two_factor|high|multi_person",-5.3706213219137,20.6721092088757
217,"mobile|multi_factor|high|multi_person",-5.11609126134734,20.6721092088757
217,"mobile|simple|low|one_to_one",-2.29794870267324,20.6721092088757
217,"web|simple|low|one_to_one",-4.53045502008206,20.6721092088757
217,"mobile|multi_factor|low|one_to_one",-2.50875624895128,20.6721092088757
217,"web|multi_factor|low|one_to_one",-4.7412625663601,20.6721092088757
217,"mobile|simple|medium|one_to_one",-3.23541621309304,20.6721092088757
217,"mobile|two_factor|medium|one_to_one",-3.70075381993744,20.6721092088757
217,"mobile|multi_factor|medium|one_to_one",-3.44622375937108,20.6721092088757
217,"web|multi_factor|medium|one_to_one",-5.6787300767799,20.6721092088757
217,"web|simple|high|one_to_one",-6.48990019456632,20.6721092088757
217,"mobile|two_factor|high|one_to_one",-4.7227314840019,20.6721092088757
217,"mobile|multi_factor|high|one_to_one",-4.46820142343553,20.6721092088757
217,"web|multi_factor|high|one_to_one",-6.70070774084435,20.6721092088757
217,"web|simple|medium|multi_person",-6.11581236841367,20.6721092088757
217,"mobile|two_factor|medium|multi_person",-4.34864365784925,20.6721092088757
217,"web|two_factor|high|multi_person",-7.60312763932252,20.6721092088757
217,"web|multi_factor|high|multi_person",-7.34859757875616,20.6721092088757
217,"web|simple|medium|one_to_one",-5.46792253050186,20.6721092088757
217,"web|two_factor|medium|one_to_one",-5.93326013734626,20.6721092088757
217,"mobile|simple|high|one_to_one",-4.2573938771575,20.6721092088757
217,"mobile|simple|low|multi_person",-2.94583854058505,20.6721092088757
217,"web|multi_factor|low|multi_person",-5.3891524042719,20.6721092088757
217,"web|two_factor|medium|multi_person",-6.58114997525807,20.6721092088757
217,"mobile|two_factor|low|one_to_one",-2.76328630951764,20.6721092088757
217,"web|two_factor|high|one_to_one",-6.95523780141072,20.6721092088757
217,"web|two_factor|low|one_to_one",-4.99579262692646,20.6721092088757
219,"web|simple|low|multi_person",-3.6223384032853,20.4672107120026
219,"mobile|two_factor|low|multi_person",-4.74261484273625,20.4672107120026
219,"web|two_factor|low|multi_person",-4.53227745601867,20.4672107120026
219,"mobile|multi_factor|low|multi_person",-4.94362257544068,20.4672107120026
219,"mobile|simple|medium|multi_person",-4.40868214576073,20.4672107120026
219,"mobile|multi_factor|medium|multi_person",-5.51962893119853,20.4672107120026
219,"web|multi_factor|medium|multi_person",-5.30929154448095,20.4672107120026
219,"mobile|simple|high|multi_person",-6.22193129290224,20.4672107120026
219,"web|simple|high|multi_person",-6.01159390618466,20.4672107120026
219,"mobile|two_factor|high|multi_person",-7.13187034563562,20.4672107120026
219,"mobile|multi_factor|high|multi_person",-7.33287807834005,20.4672107120026
219,"mobile|simple|low|one_to_one",-3.02479365630328,20.4672107120026
219,"web|simple|low|one_to_one",-2.8144562695857,20.4672107120026
219,"mobile|multi_factor|low|one_to_one",-4.13574044174108,20.4672107120026
219,"web|multi_factor|low|one_to_one",-3.9254030550235,20.4672107120026
219,"mobile|simple|medium|one_to_one",-3.60080001206113,20.4672107120026
219,"mobile|two_factor|medium|one_to_one",-4.51073906479451,20.4672107120026
219,"mobile|multi_factor|medium|one_to_one",-4.71174679749894,20.4672107120026
219,"web|multi_factor|medium|one_to_one",-4.50140941078136,20.4672107120026
219,"web|simple|high|one_to_one",-5.20371177248506,20.4672107120026
219,"mobile|two_factor|high|one_to_one",-6.32398821193602,20.4672107120026
219,"mobile|multi_factor|high|one_to_one",-6.52499594464045,20.4672107120026
219,"web|multi_factor|high|one_to_one",-6.31465855792287,20.4672107120026
219,"web|simple|medium|multi_person",-4.19834475904315,20.4672107120026
219,"mobile|two_factor|medium|multi_person",-5.31862119849411,20.4672107120026
219,"web|two_factor|high|multi_person",-6.92153295891804,20.4672107120026
219,"web|multi_factor|high|multi_person",-7.12254069162247,20.4672107120026
219,"web|simple|medium|one_to_one",-3.39046262534355,20.4672107120026
219,"web|two_factor|medium|one_to_one",-4.30040167807693,20.4672107120026
219,"mobile|simple|high|one_to_one",-5.41404915920264,20.4672107120026
219,"mobile|simple|low|multi_person",-3.83267579000287,20.4672107120026
219,"web|multi_factor|low|multi_person",-4.7332851887231,20.4672107120026
219,"web|two_factor|medium|multi_person",-5.10828381177653,20.4672107120026
219,"mobile|two_factor|low|one_to_one",-3.93473270903666,20.4672107120026
219,"web|two_factor|high|one_to_one",-6.11365082521844,20.4672107120026
219,"web|two_factor|low|one_to_one",-3.72439532231908,20.4672107120026
220,"web|simple|low|multi_person",-7.42920223064368,16.6276403710109
220,"mobile|two_factor|low|multi_person",-3.9383149646358,16.6276403710109
220,"web|two_factor|low|multi_person",-5.48127187997809,16.6276403710109
220,"mobile|multi_factor|low|multi_person",-3.32531163102857,16.6276403710109
220,"mobile|simple|medium|multi_person",-6.01707051587058,16.6276403710109
220,"mobile|multi_factor|medium|multi_person",-3.45613683159777,16.6276403710109
220,"web|multi_factor|medium|multi_person",-4.99909374694006,16.6276403710109
220,"mobile|simple|high|multi_person",-7.25796533259633,16.6276403710109
220,"web|simple|high|multi_person",-8.80092224793862,16.6276403710109
220,"mobile|two_factor|high|multi_person",-5.31003498193074,16.6276403710109
220,"mobile|multi_factor|high|multi_person",-4.69703164832352,16.6276403710109
220,"mobile|simple|low|one_to_one",-6.19987126942581,16.6276403710109
220,"web|simple|low|one_to_one",-7.74282818476811,16.6276403710109
220,"mobile|multi_factor|low|one_to_one",-3.638937585153,16.6276403710109
220,"web|multi_factor|low|one_to_one",-5.1818945004953,16.6276403710109
220,"mobile|simple|medium|one_to_one",-6.33069646999501,16.6276403710109
220,"mobile|two_factor|medium|one_to_one",-4.38276611932942,16.6276403710109
220,"mobile|multi_factor|medium|one_to_one",-3.7697627857222,16.6276403710109
220,"web|multi_factor|medium|one_to_one",-5.31271970106449,16.6276403710109
220,"web|simple|high|one_to_one",-9.11454820206305,16.6276403710109
220,"mobile|two_factor|high|one_to_one",-5.62366093605517,16.6276403710109
220,"mobile|multi_factor|high|one_to_one",-5.01065760244795,16.6276403710109
220,"web|multi_factor|high|one_to_one",-6.55361451779024,16.6276403710109
220,"web|simple|medium|multi_person",-7.56002743121287,16.6276403710109
220,"mobile|two_factor|medium|multi_person",-4.06914016520499,16.6276403710109
220,"web|two_factor|high|multi_person",-6.85299189727303,16.6276403710109
220,"web|multi_factor|high|multi_person",-6.23998856366581,16.6276403710109
220,"web|simple|medium|one_to_one",-7.8736533853373,16.6276403710109
220,"web|two_factor|medium|one_to_one",-5.92572303467171,16.6276403710109
220,"mobile|simple|high|one_to_one",-7.57159128672076,16.6276403710109
220,"mobile|simple|low|multi_person",-5.88624531530139,16.6276403710109
220,"web|multi_factor|low|multi_person",-4.86826854637087,16.6276403710109
220,"web|two_factor|medium|multi_person",-5.61209708054728,16.6276403710109
220,"mobile|two_factor|low|one_to_one",-4.25194091876022,16.6276403710109
220,"web|two_factor|high|one_to_one",-7.16661785139746,16.6276403710109
220,"web|two_factor|low|one_to_one",-5.79489783410252,16.6276403710109
221,"web|simple|low|multi_person",-3.80715475846481,13.5789766948157
221,"mobile|two_factor|low|multi_person",-4.95613636171153,13.5789766948157
221,"web|two_factor|low|multi_person",-4.96958090431208,13.5789766948157
221,"mobile|multi_factor|low|multi_person",-5.59449962201096,13.5789766948157
221,"mobile|simple|medium|multi_person",-5.48792165974971,13.5789766948157
221,"mobile|multi_factor|medium|multi_person",-7.28871106589641,13.5789766948157
221,"web|multi_factor|medium|multi_person",-7.30215560849697,13.5789766948157
221,"mobile|simple|high|multi_person",-6.0777979112701,13.5789766948157
221,"web|simple|high|multi_person",-6.09124245387065,13.5789766948157
221,"mobile|two_factor|high|multi_person",-7.24022405711737,13.5789766948157
221,"mobile|multi_factor|high|multi_person",-7.8785873174168,13.5789766948157
221,"mobile|simple|low|one_to_one",-1.80906605785486,13.5789766948157
221,"web|simple|low|one_to_one",-1.82251060045542,13.5789766948157
221,"mobile|multi_factor|low|one_to_one",-3.60985546400156,13.5789766948157
221,"web|multi_factor|low|one_to_one",-3.62330000660212,13.5789766948157
221,"mobile|simple|medium|one_to_one",-3.50327750174031,13.5789766948157
221,"mobile|two_factor|medium|one_to_one",-4.66570364758759,13.5789766948157
221,"mobile|multi_factor|medium|one_to_one",-5.30406690788702,13.5789766948157
221,"web|multi_factor|medium|one_to_one",-5.31751145048758,13.5789766948157
221,"web|simple|high|one_to_one",-4.10659829586126,13.5789766948157
221,"mobile|two_factor|high|one_to_one",-5.25557989910798,13.5789766948157
221,"mobile|multi_factor|high|one_to_one",-5.89394315940741,13.5789766948157
221,"web|multi_factor|high|one_to_one",-5.90738770200797,13.5789766948157
221,"web|simple|medium|multi_person",-5.50136620235026,13.5789766948157
221,"mobile|two_factor|medium|multi_person",-6.65034780559698,13.5789766948157
221,"web|two_factor|high|multi_person",-7.25366859971793,13.5789766948157
221,"web|multi_factor|high|multi_person",-7.89203186001736,13.5789766948157
221,"web|simple|medium|one_to_one",-3.51672204434087,13.5789766948157
221,"web|two_factor|medium|one_to_one",-4.67914819018814,13.5789766948157
221,"mobile|simple|high|one_to_one",-4.0931537532607,13.5789766948157
221,"mobile|simple|low|multi_person",-3.79371021586425,13.5789766948157
221,"web|multi_factor|low|multi_person",-5.60794416461152,13.5789766948157
221,"web|two_factor|medium|multi_person",-6.66379234819754,13.5789766948157
221,"mobile|two_factor|low|one_to_one",-2.97149220370213,13.5789766948157
221,"web|two_factor|high|one_to_one",-5.26902444170853,13.5789766948157
221,"web|two_factor|low|one_to_one",-2.98493674630269,13.5789766948157
222,"web|simple|low|multi_person",-6.06948441803486,18.9567975300136
222,"mobile|two_factor|low|multi_person",-5.06767560789544,18.9567975300136
222,"web|two_factor|low|multi_person",-5.61167666504498,18.9567975300136
222,"mobile|multi_factor|low|multi_person",-5.45129378340577,18.9567975300136
222,"mobile|simple|medium|multi_person",-6.17558557067715,18.9567975300136
222,"mobile|multi_factor|medium|multi_person",-6.1013959931976,18.9567975300136
222,"web|multi_factor|medium|multi_person",-6.64539705034714,18.9567975300136
222,"mobile|simple|high|multi_person",-6.68957529013229,18.9567975300136
222,"web|simple|high|multi_person",-7.23357634728184,18.9567975300136
222,"mobile|two_factor|high|multi_person",-6.23176753714241,18.9567975300136
222,"mobile|multi_factor|high|multi_person",-6.61538571265274,18.9567975300136
222,"mobile|simple|low|one_to_one",-4.22610290885127,18.9567975300136
222,"web|simple|low|one_to_one",-4.77010396600082,18.9567975300136
222,"mobile|multi_factor|low|one_to_one",-4.15191333137173,18.9567975300136
222,"web|multi_factor|low|one_to_one",-4.69591438852127,18.9567975300136
222,"mobile|simple|medium|one_to_one",-4.8762051186431,18.9567975300136
222,"mobile|two_factor|medium|one_to_one",-4.41839736565323,18.9567975300136
222,"mobile|multi_factor|medium|one_to_one",-4.80201554116356,18.9567975300136
222,"web|multi_factor|medium|one_to_one",-5.3460165983131,18.9567975300136
222,"web|simple|high|one_to_one",-5.93419589524779,18.9567975300136
222,"mobile|two_factor|high|one_to_one",-4.93238708510837,18.9567975300136
222,"mobile|multi_factor|high|one_to_one",-5.3160052606187,18.9567975300136
222,"web|multi_factor|high|one_to_one",-5.86000631776824,18.9567975300136
222,"web|simple|medium|multi_person",-6.71958662782669,18.9567975300136
222,"mobile|two_factor|medium|multi_person",-5.71777781768727,18.9567975300136
222,"web|two_factor|high|multi_person",-6.77576859429196,18.9567975300136
222,"web|multi_factor|high|multi_person",-7.15938676980229,18.9567975300136
222,"web|simple|medium|one_to_one",-5.42020617579265,18.9567975300136
222,"web|two_factor|medium|one_to_one",-4.96239842280277,18.9567975300136
222,"mobile|simple|high|one_to_one",-5.39019483809825,18.9567975300136
222,"mobile|simple|low|multi_person",-5.52548336088532,18.9567975300136
222,"web|multi_factor|low|multi_person",-5.99529484055531,18.9567975300136
222,"web|two_factor|medium|multi_person",-6.26177887483682,18.9567975300136
222,"mobile|two_factor|low|one_to_one",-3.7682951558614,18.9567975300136
222,"web|two_factor|high|one_to_one",-5.47638814225791,18.9567975300136
222,"web|two_factor|low|one_to_one",-4.31229621301094,18.9567975300136
223,"web|simple|low|multi_person",-4.40997272284921,19.3725112604042
223,"mobile|two_factor|low|multi_person",-3.62607761874675,19.3725112604042
223,"web|two_factor|low|multi_person",-5.20800211422102,19.3725112604042
223,"mobile|multi_factor|low|multi_person",-4.75339458499586,19.3725112604042
223,"mobile|simple|medium|multi_person",-3.56266646806073,19.3725112604042
223,"mobile|multi_factor|medium|multi_person",-5.48801282568164,19.3725112604042
223,"web|multi_factor|medium|multi_person",-7.06993732115591,19.3725112604042
223,"mobile|simple|high|multi_person",-4.51672568314764,19.3725112604042
223,"web|simple|high|multi_person",-6.09865017862191,19.3725112604042
223,"mobile|two_factor|high|multi_person",-5.31475507451944,19.3725112604042
223,"mobile|multi_factor|high|multi_person",-6.44207204076855,19.3725112604042
223,"mobile|simple|low|one_to_one",-1.7891378285316,19.3725112604042
223,"web|simple|low|one_to_one",-3.37106232400587,19.3725112604042
223,"mobile|multi_factor|low|one_to_one",-3.71448418615252,19.3725112604042
223,"web|multi_factor|low|one_to_one",-5.29640868162679,19.3725112604042
223,"mobile|simple|medium|one_to_one",-2.52375606921739,19.3725112604042
223,"mobile|two_factor|medium|one_to_one",-3.32178546058919,19.3725112604042
223,"mobile|multi_factor|medium|one_to_one",-4.4491024268383,19.3725112604042
223,"web|multi_factor|medium|one_to_one",-6.03102692231257,19.3725112604042
223,"web|simple|high|one_to_one",-5.05973977977857,19.3725112604042
223,"mobile|two_factor|high|one_to_one",-4.2758446756761,19.3725112604042
223,"mobile|multi_factor|high|one_to_one",-5.40316164192521,19.3725112604042
223,"web|multi_factor|high|one_to_one",-6.98508613739948,19.3725112604042
223,"web|simple|medium|multi_person",-5.144590963535,19.3725112604042
223,"mobile|two_factor|medium|multi_person",-4.36069585943253,19.3725112604042
223,"web|two_factor|high|multi_person",-6.89667956999371,19.3725112604042
223,"web|multi_factor|high|multi_person",-8.02399653624282,19.3725112604042
223,"web|simple|medium|one_to_one",-4.10568056469166,19.3725112604042
223,"web|two_factor|medium|one_to_one",-4.90370995606346,19.3725112604042
223,"mobile|simple|high|one_to_one",-3.4778152843043,19.3725112604042
223,"mobile|simple|low|multi_person",-2.82804822737494,19.3725112604042
223,"web|multi_factor|low|multi_person",-6.33531908047013,19.3725112604042
223,"web|two_factor|medium|multi_person",-5.9426203549068,19.3725112604042
223,"mobile|two_factor|low|one_to_one",-2.58716721990341,19.3725112604042
223,"web|two_factor|high|one_to_one",-5.85776917115037,19.3725112604042
223,"web|two_factor|low|one_to_one",-4.16909171537768,19.3725112604042
224,"web|simple|low|multi_person",-5.9102175249638,17.9957088701216
224,"mobile|two_factor|low|multi_person",-4.36206272738018,17.9957088701216
224,"web|two_factor|low|multi_person",-6.44395618333218,17.9957088701216
224,"mobile|multi_factor|low|multi_person",-4.06180875673488,17.9957088701216
224,"mobile|simple|medium|multi_person",-3.88269382172754,17.9957088701216
224,"mobile|multi_factor|medium|multi_person",-4.11617850945062,17.9957088701216
224,"web|multi_factor|medium|multi_person",-6.19807196540262,17.9957088701216
224,"mobile|simple|high|multi_person",-4.884528955524,17.9957088701216
224,"web|simple|high|multi_person",-6.966422411476,17.9957088701216
224,"mobile|two_factor|high|multi_person",-5.41826761389238,17.9957088701216
224,"mobile|multi_factor|high|multi_person",-5.11801364324708,17.9957088701216
224,"mobile|simple|low|one_to_one",-2.99167183136294,17.9957088701216
224,"web|simple|low|one_to_one",-5.07356528731494,17.9957088701216
224,"mobile|multi_factor|low|one_to_one",-3.22515651908601,17.9957088701216
224,"web|multi_factor|low|one_to_one",-5.30704997503801,17.9957088701216
224,"mobile|simple|medium|one_to_one",-3.04604158407868,17.9957088701216
224,"mobile|two_factor|medium|one_to_one",-3.57978024244705,17.9957088701216
224,"mobile|multi_factor|medium|one_to_one",-3.27952627180175,17.9957088701216
224,"web|multi_factor|medium|one_to_one",-5.36141972775375,17.9957088701216
224,"web|simple|high|one_to_one",-6.12977017382714,17.9957088701216
224,"mobile|two_factor|high|one_to_one",-4.58161537624351,17.9957088701216
224,"mobile|multi_factor|high|one_to_one",-4.28136140559821,17.9957088701216
224,"web|multi_factor|high|one_to_one",-6.36325486155021,17.9957088701216
224,"web|simple|medium|multi_person",-5.96458727767954,17.9957088701216
224,"mobile|two_factor|medium|multi_person",-4.41643248009591,17.9957088701216
224,"web|two_factor|high|multi_person",-7.50016106984438,17.9957088701216
224,"web|multi_factor|high|multi_person",-7.19990709919908,17.9957088701216
224,"web|simple|medium|one_to_one",-5.12793504003068,17.9957088701216
224,"web|two_factor|medium|one_to_one",-5.66167369839905,17.9957088701216
224,"mobile|simple|high|one_to_one",-4.04787671787514,17.9957088701216
224,"mobile|simple|low|multi_person",-3.8283240690118,17.9957088701216
224,"web|multi_factor|low|multi_person",-6.14370221268688,17.9957088701216
224,"web|two_factor|medium|multi_person",-6.49832593604791,17.9957088701216
224,"mobile|two_factor|low|one_to_one",-3.52541048973131,17.9957088701216
224,"web|two_factor|high|one_to_one",-6.66350883219551,17.9957088701216
224,"web|two_factor|low|one_to_one",-5.60730394568331,17.9957088701216
225,"web|simple|low|multi_person",-3.29993107217212,18.4825453828349
225,"mobile|two_factor|low|multi_person",-4.40117858794097,18.4825453828349
225,"web|two_factor|low|multi_person",-4.9803102849074,18.4825453828349
225,"mobile|multi_factor|low|multi_person",-5.29285890874542,18.4825453828349
225,"mobile|simple|medium|multi_person",-3.50685661879632,18.4825453828349
225,"mobile|multi_factor|medium|multi_person",-6.07891615233605,18.4825453828349
225,"web|multi_factor|medium|multi_person",-6.65804784930248,18.4825453828349
225,"mobile|simple|high|multi_person",-5.48737344783729,18.4825453828349
225,"web|simple|high|multi_person",-6.06650514480372,18.4825453828349
225,"mobile|two_factor|high|multi_person",-7.16775266057257,18.4825453828349
225,"mobile|multi_factor|high|multi_person",-8.05943298137702,18.4825453828349
225,"mobile|simple|low|one_to_one",-1.33816333139026,18.4825453828349
225,"web|simple|low|one_to_one",-1.91729502835669,18.4825453828349
225,"mobile|multi_factor|low|one_to_one",-3.91022286492999,18.4825453828349
225,"web|multi_factor|low|one_to_one",-4.48935456189642,18.4825453828349
225,"mobile|simple|medium|one_to_one",-2.12422057498088,18.4825453828349
225,"mobile|two_factor|medium|one_to_one",-3.80459978771616,18.4825453828349
225,"mobile|multi_factor|medium|one_to_one",-4.69628010852061,18.4825453828349
225,"web|multi_factor|medium|one_to_one",-5.27541180548704,18.4825453828349
225,"web|simple|high|one_to_one",-4.68386910098829,18.4825453828349
225,"mobile|two_factor|high|one_to_one",-5.78511661675714,18.4825453828349
225,"mobile|multi_factor|high|one_to_one",-6.67679693756159,18.4825453828349
225,"web|multi_factor|high|one_to_one",-7.25592863452802,18.4825453828349
225,"web|simple|medium|multi_person",-4.08598831576275,18.4825453828349
225,"mobile|two_factor|medium|multi_person",-5.1872358315316,18.4825453828349
225,"web|two_factor|high|multi_person",-7.746884357539,18.4825453828349
225,"web|multi_factor|high|multi_person",-8.63856467834345,18.4825453828349
225,"web|simple|medium|one_to_one",-2.70335227194731,18.4825453828349
225,"web|two_factor|medium|one_to_one",-4.3837314846826,18.4825453828349
225,"mobile|simple|high|one_to_one",-4.10473740402186,18.4825453828349
225,"mobile|simple|low|multi_person",-2.72079937520569,18.4825453828349
225,"web|multi_factor|low|multi_person",-5.87199060571185,18.4825453828349
225,"web|two_factor|medium|multi_person",-5.76636752849803,18.4825453828349
225,"mobile|two_factor|low|one_to_one",-3.01854254412554,18.4825453828349
225,"web|two_factor|high|one_to_one",-6.36424831372357,18.4825453828349
225,"web|two_factor|low|one_to_one",-3.59767424109197,18.4825453828349
226,"web|simple|low|multi_person",-5.30212668814067,7.04462383112155
226,"mobile|two_factor|low|multi_person",-4.84420534921131,7.04462383112155
226,"web|two_factor|low|multi_person",-6.46055954348963,7.04462383112155
226,"mobile|multi_factor|low|multi_person",-5.47000712796679,7.04462383112155
226,"mobile|simple|medium|multi_person",-4.06387832392003,7.04462383112155
226,"mobile|multi_factor|medium|multi_person",-5.84811295802446,7.04462383112155
226,"web|multi_factor|medium|multi_person",-7.46446715230277,7.04462383112155
226,"mobile|simple|high|multi_person",-3.29650512365344,7.04462383112155
226,"web|simple|high|multi_person",-4.91285931793175,7.04462383112155
226,"mobile|two_factor|high|multi_person",-4.4549379790024,7.04462383112155
226,"mobile|multi_factor|high|multi_person",-5.08073975775787,7.04462383112155
226,"mobile|simple|low|one_to_one",-4.48282413062453,7.04462383112155
226,"web|simple|low|one_to_one",-6.09917832490284,7.04462383112155
226,"mobile|multi_factor|low|one_to_one",-6.26705876472896,7.04462383112155
226,"web|multi_factor|low|one_to_one",-7.88341295900727,7.04462383112155
226,"mobile|simple|medium|one_to_one",-4.8609299606822,7.04462383112155
226,"mobile|two_factor|medium|one_to_one",-6.01936281603116,7.04462383112155
226,"mobile|multi_factor|medium|one_to_one",-6.64516459478663,7.04462383112155
226,"web|multi_factor|medium|one_to_one",-8.26151878906494,7.04462383112155
226,"web|simple|high|one_to_one",-5.70991095469393,7.04462383112155
226,"mobile|two_factor|high|one_to_one",-5.25198961576457,7.04462383112155
226,"mobile|multi_factor|high|one_to_one",-5.87779139452004,7.04462383112155
226,"web|multi_factor|high|one_to_one",-7.49414558879835,7.04462383112155
226,"web|simple|medium|multi_person",-5.68023251819834,7.04462383112155
226,"mobile|two_factor|medium|multi_person",-5.22231117926899,7.04462383112155
226,"web|two_factor|high|multi_person",-6.07129217328071,7.04462383112155
226,"web|multi_factor|high|multi_person",-6.69709395203618,7.04462383112155
226,"web|simple|medium|one_to_one",-6.47728415496052,7.04462383112155
226,"web|two_factor|medium|one_to_one",-7.63571701030947,7.04462383112155
226,"mobile|simple|high|one_to_one",-4.09355676041561,7.04462383112155
226,"mobile|simple|low|multi_person",-3.68577249386236,7.04462383112155
226,"web|multi_factor|low|multi_person",-7.0863613222451,7.04462383112155
226,"web|two_factor|medium|multi_person",-6.8386653735473,7.04462383112155
226,"mobile|two_factor|low|one_to_one",-5.64125698597349,7.04462383112155
226,"web|two_factor|high|one_to_one",-6.86834381004288,7.04462383112155
226,"web|two_factor|low|one_to_one",-7.2576111802518,7.04462383112155
227,"web|simple|low|multi_person",-5.5139207545676,19.3980438035647
227,"mobile|two_factor|low|multi_person",-3.80072408036501,19.3980438035647
227,"web|two_factor|low|multi_person",-5.20116015546394,19.3980438035647
227,"mobile|multi_factor|low|multi_person",-2.99626756134481,19.3980438035647
227,"mobile|simple|medium|multi_person",-5.0706789382182,19.3980438035647
227,"mobile|multi_factor|medium|multi_person",-3.95346182009434,19.3980438035647
227,"web|multi_factor|medium|multi_person",-5.35389789519326,19.3980438035647
227,"mobile|simple|high|multi_person",-6.47692696090195,19.3980438035647
227,"web|simple|high|multi_person",-7.87736303600088,19.3980438035647
227,"mobile|two_factor|high|multi_person",-6.16416636179829,19.3980438035647
227,"mobile|multi_factor|high|multi_person",-5.3597098427781,19.3980438035647
227,"mobile|simple|low|one_to_one",-3.95751251077364,19.3980438035647
227,"web|simple|low|one_to_one",-5.35794858587257,19.3980438035647
227,"mobile|multi_factor|low|one_to_one",-2.84029539264978,19.3980438035647
227,"web|multi_factor|low|one_to_one",-4.24073146774871,19.3980438035647
227,"mobile|simple|medium|one_to_one",-4.91470676952316,19.3980438035647
227,"mobile|two_factor|medium|one_to_one",-4.60194617041951,19.3980438035647
227,"mobile|multi_factor|medium|one_to_one",-3.79748965139931,19.3980438035647
227,"web|multi_factor|medium|one_to_one",-5.19792572649823,19.3980438035647
227,"web|simple|high|one_to_one",-7.72139086730585,19.3980438035647
227,"mobile|two_factor|high|one_to_one",-6.00819419310326,19.3980438035647
227,"mobile|multi_factor|high|one_to_one",-5.20373767408306,19.3980438035647
227,"web|multi_factor|high|one_to_one",-6.60417374918199,19.3980438035647
227,"web|simple|medium|multi_person",-6.47111501331712,19.3980438035647
227,"mobile|two_factor|medium|multi_person",-4.75791833911454,19.3980438035647
227,"web|two_factor|high|multi_person",-7.56460243689722,19.3980438035647
227,"web|multi_factor|high|multi_person",-6.76014591787702,19.3980438035647
227,"web|simple|medium|one_to_one",-6.31514284462209,19.3980438035647
227,"web|two_factor|medium|one_to_one",-6.00238224551843,19.3980438035647
227,"mobile|simple|high|one_to_one",-6.32095479220692,19.3980438035647
227,"mobile|simple|low|multi_person",-4.11348467946867,19.3980438035647
227,"web|multi_factor|low|multi_person",-4.39670363644374,19.3980438035647
227,"web|two_factor|medium|multi_person",-6.15835441421346,19.3980438035647
227,"mobile|two_factor|low|one_to_one",-3.64475191166998,19.3980438035647
227,"web|two_factor|high|one_to_one",-7.40863026820219,19.3980438035647
227,"web|two_factor|low|one_to_one",-5.04518798676891,19.3980438035647
228,"web|simple|low|multi_person",-4.71017537028172,20.5442409989758
228,"mobile|two_factor|low|multi_person",-4.18142865348301,20.5442409989758
228,"web|two_factor|low|multi_person",-4.84563236450403,20.5442409989758
228,"mobile|multi_factor|low|multi_person",-4.48174192900806,20.5442409989758
228,"mobile|simple|medium|multi_person",-4.88361041488036,20.5442409989758
228,"mobile|multi_factor|medium|multi_person",-5.31938068462772,20.5442409989758
228,"web|multi_factor|medium|multi_person",-5.98358439564873,20.5442409989758
228,"mobile|simple|high|multi_person",-5.86489043781601,20.5442409989758
228,"web|simple|high|multi_person",-6.52909414883703,20.5442409989758
228,"mobile|two_factor|high|multi_person",-6.00034743203832,20.5442409989758
228,"mobile|multi_factor|high|multi_person",-6.30066070756336,20.5442409989758
228,"mobile|simple|low|one_to_one",-3.59459314788118,20.5442409989758
228,"web|simple|low|one_to_one",-4.2587968589022,20.5442409989758
228,"mobile|multi_factor|low|one_to_one",-4.03036341762854,20.5442409989758
228,"web|multi_factor|low|one_to_one",-4.69456712864955,20.5442409989758
228,"mobile|simple|medium|one_to_one",-4.43223190350084,20.5442409989758
228,"mobile|two_factor|medium|one_to_one",-4.56768889772315,20.5442409989758
228,"mobile|multi_factor|medium|one_to_one",-4.86800217324819,20.5442409989758
228,"web|multi_factor|medium|one_to_one",-5.53220588426921,20.5442409989758
228,"web|simple|high|one_to_one",-6.0777156374575,20.5442409989758
228,"mobile|two_factor|high|one_to_one",-5.5489689206588,20.5442409989758
228,"mobile|multi_factor|high|one_to_one",-5.84928219618384,20.5442409989758
228,"web|multi_factor|high|one_to_one",-6.51348590720486,20.5442409989758
228,"web|simple|medium|multi_person",-5.54781412590138,20.5442409989758
228,"mobile|two_factor|medium|multi_person",-5.01906740910267,20.5442409989758
228,"web|two_factor|high|multi_person",-6.66455114305934,20.5442409989758
228,"web|multi_factor|high|multi_person",-6.96486441858438,20.5442409989758
228,"web|simple|medium|one_to_one",-5.09643561452185,20.5442409989758
228,"web|two_factor|medium|one_to_one",-5.23189260874416,20.5442409989758
228,"mobile|simple|high|one_to_one",-5.41351192643649,20.5442409989758
228,"mobile|simple|low|multi_person",-4.0459716592607,20.5442409989758
228,"web|multi_factor|low|multi_person",-5.14594564002908,20.5442409989758
228,"web|two_factor|medium|multi_person",-5.68327112012369,20.5442409989758
228,"mobile|two_factor|low|one_to_one",-3.73005014210349,20.5442409989758
228,"web|two_factor|high|one_to_one",-6.21317263167981,20.5442409989758
228,"web|two_factor|low|one_to_one",-4.39425385312451,20.5442409989758
230,"web|simple|low|multi_person",-5.94793523834097,15.9607640382471
230,"mobile|two_factor|low|multi_person",-3.75931941012431,15.9607640382471
230,"web|two_factor|low|multi_person",-4.91988832849129,15.9607640382471
230,"mobile|multi_factor|low|multi_person",-3.96674744555847,15.9607640382471
230,"mobile|simple|medium|multi_person",-5.85740282518817,15.9607640382471
230,"mobile|multi_factor|medium|multi_person",-5.03678395077266,15.9607640382471
230,"web|multi_factor|medium|multi_person",-6.19735286913964,15.9607640382471
230,"mobile|simple|high|multi_person",-5.6206723092696,15.9607640382471
230,"web|simple|high|multi_person",-6.78124122763658,15.9607640382471
230,"mobile|two_factor|high|multi_person",-4.59262539941992,15.9607640382471
230,"mobile|multi_factor|high|multi_person",-4.80005343485409,15.9607640382471
230,"mobile|simple|low|one_to_one",-5.92767171479656,15.9607640382471
230,"web|simple|low|one_to_one",-7.08824063316354,15.9607640382471
230,"mobile|multi_factor|low|one_to_one",-5.10705284038104,15.9607640382471
230,"web|multi_factor|low|one_to_one",-6.26762175874803,15.9607640382471
230,"mobile|simple|medium|one_to_one",-6.99770822001074,15.9607640382471
230,"mobile|two_factor|medium|one_to_one",-5.96966131016106,15.9607640382471
230,"mobile|multi_factor|medium|one_to_one",-6.17708934559523,15.9607640382471
230,"web|multi_factor|medium|one_to_one",-7.33765826396221,15.9607640382471
230,"web|simple|high|one_to_one",-7.92154662245916,15.9607640382471
230,"mobile|two_factor|high|one_to_one",-5.7329307942425,15.9607640382471
230,"mobile|multi_factor|high|one_to_one",-5.94035882967666,15.9607640382471
230,"web|multi_factor|high|one_to_one",-7.10092774804364,15.9607640382471
230,"web|simple|medium|multi_person",-7.01797174355515,15.9607640382471
230,"mobile|two_factor|medium|multi_person",-4.82935591533849,15.9607640382471
230,"web|two_factor|high|multi_person",-5.75319431778691,15.9607640382471
230,"web|multi_factor|high|multi_person",-5.96062235322107,15.9607640382471
230,"web|simple|medium|one_to_one",-8.15827713837772,15.9607640382471
230,"web|two_factor|medium|one_to_one",-7.13023022852804,15.9607640382471
230,"mobile|simple|high|one_to_one",-6.76097770409217,15.9607640382471
230,"mobile|simple|low|multi_person",-4.78736631997399,15.9607640382471
230,"web|multi_factor|low|multi_person",-5.12731636392546,15.9607640382471
230,"web|two_factor|medium|multi_person",-5.98992483370547,15.9607640382471
230,"mobile|two_factor|low|one_to_one",-4.89962480494688,15.9607640382471
230,"web|two_factor|high|one_to_one",-6.89349971260948,15.9607640382471
230,"web|two_factor|low|one_to_one",-6.06019372331386,15.9607640382471
231,"web|simple|low|multi_person",-5.03522728136648,8.56409916946016
231,"mobile|two_factor|low|multi_person",-5.04174867766522,8.56409916946016
231,"web|two_factor|low|multi_person",-4.73744258063068,8.56409916946016
231,"mobile|multi_factor|low|multi_person",-4.90130104656586,8.56409916946016
231,"mobile|simple|medium|multi_person",-7.50303592039463,8.56409916946016
231,"mobile|multi_factor|medium|multi_person",-7.06480358855947,8.56409916946016
231,"web|multi_factor|medium|multi_person",-6.76049749152493,8.56409916946016
231,"mobile|simple|high|multi_person",-6.43234080735647,8.56409916946016
231,"web|simple|high|multi_person",-6.12803471032193,8.56409916946016
231,"mobile|two_factor|high|multi_person",-6.13455610662066,8.56409916946016
231,"mobile|multi_factor|high|multi_person",-5.99410847552131,8.56409916946016
231,"mobile|simple|low|one_to_one",-5.4090728463043,8.56409916946016
231,"web|simple|low|one_to_one",-5.10476674926976,8.56409916946016
231,"mobile|multi_factor|low|one_to_one",-4.97084051446913,8.56409916946016
231,"web|multi_factor|low|one_to_one",-4.66653441743459,8.56409916946016
231,"mobile|simple|medium|one_to_one",-7.57257538829791,8.56409916946016
231,"mobile|two_factor|medium|one_to_one",-7.2747906875621,8.56409916946016
231,"mobile|multi_factor|medium|one_to_one",-7.13434305646274,8.56409916946016
231,"web|multi_factor|medium|one_to_one",-6.8300369594282,8.56409916946016
231,"web|simple|high|one_to_one",-6.19757417822521,8.56409916946016
231,"mobile|two_factor|high|one_to_one",-6.20409557452394,8.56409916946016
231,"mobile|multi_factor|high|one_to_one",-6.06364794342458,8.56409916946016
231,"web|multi_factor|high|one_to_one",-5.75934184639004,8.56409916946016
231,"web|simple|medium|multi_person",-7.19872982336009,8.56409916946016
231,"mobile|two_factor|medium|multi_person",-7.20525121965883,8.56409916946016
231,"web|two_factor|high|multi_person",-5.83025000958613,8.56409916946016
231,"web|multi_factor|high|multi_person",-5.68980237848677,8.56409916946016
231,"web|simple|medium|one_to_one",-7.26826929126337,8.56409916946016
231,"web|two_factor|medium|one_to_one",-6.97048459052756,8.56409916946016
231,"mobile|simple|high|one_to_one",-6.50188027525974,8.56409916946016
231,"mobile|simple|low|multi_person",-5.33953337840102,8.56409916946016
231,"web|multi_factor|low|multi_person",-4.59699494953132,8.56409916946016
231,"web|two_factor|medium|multi_person",-6.90094512262429,8.56409916946016
231,"mobile|two_factor|low|one_to_one",-5.11128814556849,8.56409916946016
231,"web|two_factor|high|one_to_one",-5.8997894774894,8.56409916946016
231,"web|two_factor|low|one_to_one",-4.80698204853395,8.56409916946016
232,"web|simple|low|multi_person",-5.04896491137601,7.76676326571436
232,"mobile|two_factor|low|multi_person",-5.08688063205467,7.76676326571436
232,"web|two_factor|low|multi_person",-6.18400834561528,7.76676326571436
232,"mobile|multi_factor|low|multi_person",-4.78626215005349,7.76676326571436
232,"mobile|simple|medium|multi_person",-4.44826992496981,7.76676326571436
232,"mobile|multi_factor|medium|multi_person",-5.2826948772079,7.76676326571436
232,"web|multi_factor|medium|multi_person",-6.37982259076851,7.76676326571436
232,"mobile|simple|high|multi_person",-5.84138195522003,7.76676326571436
232,"web|simple|high|multi_person",-6.93850966878064,7.76676326571436
232,"mobile|two_factor|high|multi_person",-6.9764253894593,7.76676326571436
232,"mobile|multi_factor|high|multi_person",-6.67580690745812,7.76676326571436
232,"mobile|simple|low|one_to_one",-3.85777155143833,7.76676326571436
232,"web|simple|low|one_to_one",-4.95489926499894,7.76676326571436
232,"mobile|multi_factor|low|one_to_one",-4.69219650367642,7.76676326571436
232,"web|multi_factor|low|one_to_one",-5.78932421723703,7.76676326571436
232,"mobile|simple|medium|one_to_one",-4.35420427859274,7.76676326571436
232,"mobile|two_factor|medium|one_to_one",-5.48924771283201,7.76676326571436
232,"mobile|multi_factor|medium|one_to_one",-5.18862923083083,7.76676326571436
232,"web|multi_factor|medium|one_to_one",-6.28575694439144,7.76676326571436
232,"web|simple|high|one_to_one",-6.84444402240357,7.76676326571436
232,"mobile|two_factor|high|one_to_one",-6.88235974308223,7.76676326571436
232,"mobile|multi_factor|high|one_to_one",-6.58174126108105,7.76676326571436
232,"web|multi_factor|high|one_to_one",-7.67886897464166,7.76676326571436
232,"web|simple|medium|multi_person",-5.54539763853042,7.76676326571436
232,"mobile|two_factor|medium|multi_person",-5.58331335920908,7.76676326571436
232,"web|two_factor|high|multi_person",-8.07355310301991,7.76676326571436
232,"web|multi_factor|high|multi_person",-7.77293462101873,7.76676326571436
232,"web|simple|medium|one_to_one",-5.45133199215335,7.76676326571436
232,"web|two_factor|medium|one_to_one",-6.58637542639263,7.76676326571436
232,"mobile|simple|high|one_to_one",-5.74731630884296,7.76676326571436
232,"mobile|simple|low|multi_person",-3.9518371978154,7.76676326571436
232,"web|multi_factor|low|multi_person",-5.8833898636141,7.76676326571436
232,"web|two_factor|medium|multi_person",-6.6804410727697,7.76676326571436
232,"mobile|two_factor|low|one_to_one",-4.9928149856776,7.76676326571436
232,"web|two_factor|high|one_to_one",-7.97948745664284,7.76676326571436
232,"web|two_factor|low|one_to_one",-6.08994269923821,7.76676326571436
233,"web|simple|low|multi_person",-6.00813810174241,6.88955095192475
233,"mobile|two_factor|low|multi_person",-4.96922523910692,6.88955095192475
233,"web|two_factor|low|multi_person",-4.70936800044317,6.88955095192475
233,"mobile|multi_factor|low|multi_person",-5.02822117715291,6.88955095192475
233,"mobile|simple|medium|multi_person",-6.66396098300214,6.88955095192475
233,"mobile|multi_factor|medium|multi_person",-5.42418681974888,6.88955095192475
233,"web|multi_factor|medium|multi_person",-5.16432958108513,6.88955095192475
233,"mobile|simple|high|multi_person",-8.25327179752633,6.88955095192475
233,"web|simple|high|multi_person",-7.99341455886258,6.88955095192475
233,"mobile|two_factor|high|multi_person",-6.95450169622709,6.88955095192475
233,"mobile|multi_factor|high|multi_person",-7.01349763427308,6.88955095192475
233,"mobile|simple|low|one_to_one",-7.7773399774815,6.88955095192475
233,"web|simple|low|one_to_one",-7.51748273881774,6.88955095192475
233,"mobile|multi_factor|low|one_to_one",-6.53756581422824,6.88955095192475
233,"web|multi_factor|low|one_to_one",-6.27770857556449,6.88955095192475
233,"mobile|simple|medium|one_to_one",-8.17330562007747,6.88955095192475
233,"mobile|two_factor|medium|one_to_one",-6.87453551877823,6.88955095192475
233,"mobile|multi_factor|medium|one_to_one",-6.93353145682421,6.88955095192475
233,"web|multi_factor|medium|one_to_one",-6.67367421816046,6.88955095192475
233,"web|simple|high|one_to_one",-9.50275919593791,6.88955095192475
233,"mobile|two_factor|high|one_to_one",-8.46384633330242,6.88955095192475
233,"mobile|multi_factor|high|one_to_one",-8.52284227134841,6.88955095192475
233,"web|multi_factor|high|one_to_one",-8.26298503268465,6.88955095192475
233,"web|simple|medium|multi_person",-6.40410374433838,6.88955095192475
233,"mobile|two_factor|medium|multi_person",-5.3651908817029,6.88955095192475
233,"web|two_factor|high|multi_person",-6.69464445756334,6.88955095192475
233,"web|multi_factor|high|multi_person",-6.75364039560932,6.88955095192475
233,"web|simple|medium|one_to_one",-7.91344838141371,6.88955095192475
233,"web|two_factor|medium|one_to_one",-6.61467828011447,6.88955095192475
233,"mobile|simple|high|one_to_one",-9.76261643460166,6.88955095192475
233,"mobile|simple|low|multi_person",-6.26799534040617,6.88955095192475
233,"web|multi_factor|low|multi_person",-4.76836393848916,6.88955095192475
233,"web|two_factor|medium|multi_person",-5.10533364303914,6.88955095192475
233,"mobile|two_factor|low|one_to_one",-6.47856987618225,6.88955095192475
233,"web|two_factor|high|one_to_one",-8.20398909463866,6.88955095192475
233,"web|two_factor|low|one_to_one",-6.2187126375185,6.88955095192475
234,"web|simple|low|multi_person",-4.59168201870513,21.174571582073
234,"mobile|two_factor|low|multi_person",-4.59199476705233,21.174571582073
234,"web|two_factor|low|multi_person",-4.52468063417214,21.174571582073
234,"mobile|multi_factor|low|multi_person",-4.14847980866111,21.174571582073
234,"mobile|simple|medium|multi_person",-5.99473730367877,21.174571582073
234,"mobile|multi_factor|medium|multi_person",-5.48422096075456,21.174571582073
234,"web|multi_factor|medium|multi_person",-5.41690682787437,21.174571582073
234,"mobile|simple|high|multi_person",-6.78556739371168,21.174571582073
234,"web|simple|high|multi_person",-6.71825326083149,21.174571582073
234,"mobile|two_factor|high|multi_person",-6.71856600917868,21.174571582073
234,"mobile|multi_factor|high|multi_person",-6.27505105078747,21.174571582073
234,"mobile|simple|low|one_to_one",-4.37163387543099,21.174571582073
234,"web|simple|low|one_to_one",-4.3043197425508,21.174571582073
234,"mobile|multi_factor|low|one_to_one",-3.86111753250678,21.174571582073
234,"web|multi_factor|low|one_to_one",-3.7938033996266,21.174571582073
234,"mobile|simple|medium|one_to_one",-5.70737502752444,21.174571582073
234,"mobile|two_factor|medium|one_to_one",-5.64037364299144,21.174571582073
234,"mobile|multi_factor|medium|one_to_one",-5.19685868460023,21.174571582073
234,"web|multi_factor|medium|one_to_one",-5.12954455172004,21.174571582073
234,"web|simple|high|one_to_one",-6.43089098467716,21.174571582073
234,"mobile|two_factor|high|one_to_one",-6.43120373302435,21.174571582073
234,"mobile|multi_factor|high|one_to_one",-5.98768877463314,21.174571582073
234,"web|multi_factor|high|one_to_one",-5.92037464175295,21.174571582073
234,"web|simple|medium|multi_person",-5.92742317079858,21.174571582073
234,"mobile|two_factor|medium|multi_person",-5.92773591914577,21.174571582073
234,"web|two_factor|high|multi_person",-6.65125187629849,21.174571582073
234,"web|multi_factor|high|multi_person",-6.20773691790728,21.174571582073
234,"web|simple|medium|one_to_one",-5.64006089464425,21.174571582073
234,"web|two_factor|medium|one_to_one",-5.57305951011125,21.174571582073
234,"mobile|simple|high|one_to_one",-6.49820511755735,21.174571582073
234,"mobile|simple|low|multi_person",-4.65899615158532,21.174571582073
234,"web|multi_factor|low|multi_person",-4.08116567578093,21.174571582073
234,"web|two_factor|medium|multi_person",-5.86042178626558,21.174571582073
234,"mobile|two_factor|low|one_to_one",-4.304632490898,21.174571582073
234,"web|two_factor|high|one_to_one",-6.36388960014416,21.174571582073
234,"web|two_factor|low|one_to_one",-4.23731835801781,21.174571582073
235,"web|simple|low|multi_person",-3.29503379013725,20.3619277588393
235,"mobile|two_factor|low|multi_person",-4.21308169538642,20.3619277588393
235,"web|two_factor|low|multi_person",-4.37197982419609,20.3619277588393
235,"mobile|multi_factor|low|multi_person",-5.57589548813524,20.3619277588393
235,"mobile|simple|medium|multi_person",-3.90286537275417,20.3619277588393
235,"mobile|multi_factor|medium|multi_person",-6.34262519956183,20.3619277588393
235,"web|multi_factor|medium|multi_person",-6.5015233283715,20.3619277588393
235,"mobile|simple|high|multi_person",-4.72203948970978,20.3619277588393
235,"web|simple|high|multi_person",-4.88093761851946,20.3619277588393
235,"mobile|two_factor|high|multi_person",-5.79898552376863,20.3619277588393
235,"mobile|multi_factor|high|multi_person",-7.16179931651744,20.3619277588393
235,"mobile|simple|low|one_to_one",-3.08839585620146,20.3619277588393
235,"web|simple|low|one_to_one",-3.24729398501113,20.3619277588393
235,"mobile|multi_factor|low|one_to_one",-5.52815568300912,20.3619277588393
235,"web|multi_factor|low|one_to_one",-5.68705381181879,20.3619277588393
235,"mobile|simple|medium|one_to_one",-3.85512556762805,20.3619277588393
235,"mobile|two_factor|medium|one_to_one",-4.93207160168689,20.3619277588393
235,"mobile|multi_factor|medium|one_to_one",-6.29488539443571,20.3619277588393
235,"web|multi_factor|medium|one_to_one",-6.45378352324538,20.3619277588393
235,"web|simple|high|one_to_one",-4.83319781339334,20.3619277588393
235,"mobile|two_factor|high|one_to_one",-5.75124571864251,20.3619277588393
235,"mobile|multi_factor|high|one_to_one",-7.11405951139133,20.3619277588393
235,"web|multi_factor|high|one_to_one",-7.272957640201,20.3619277588393
235,"web|simple|medium|multi_person",-4.06176350156384,20.3619277588393
235,"mobile|two_factor|medium|multi_person",-4.97981140681301,20.3619277588393
235,"web|two_factor|high|multi_person",-5.9578836525783,20.3619277588393
235,"web|multi_factor|high|multi_person",-7.32069744532712,20.3619277588393
235,"web|simple|medium|one_to_one",-4.01402369643773,20.3619277588393
235,"web|two_factor|medium|one_to_one",-5.09096973049657,20.3619277588393
235,"mobile|simple|high|one_to_one",-4.67429968458367,20.3619277588393
235,"mobile|simple|low|multi_person",-3.13613566132758,20.3619277588393
235,"web|multi_factor|low|multi_person",-5.73479361694491,20.3619277588393
235,"web|two_factor|medium|multi_person",-5.13870953562268,20.3619277588393
235,"mobile|two_factor|low|one_to_one",-4.1653418902603,20.3619277588393
235,"web|two_factor|high|one_to_one",-5.91014384745219,20.3619277588393
235,"web|two_factor|low|one_to_one",-4.32424001906998,20.3619277588393
236,"web|simple|low|multi_person",-4.97949018328585,20.7232316240375
236,"mobile|two_factor|low|multi_person",-4.66997295647402,20.7232316240375
236,"web|two_factor|low|multi_person",-4.74726336844207,20.7232316240375
236,"mobile|multi_factor|low|multi_person",-4.6514508211238,20.7232316240375
236,"mobile|simple|medium|multi_person",-5.62602288053955,20.7232316240375
236,"mobile|multi_factor|medium|multi_person",-5.37527393034555,20.7232316240375
236,"web|multi_factor|medium|multi_person",-5.45256434231359,20.7232316240375
236,"mobile|simple|high|multi_person",-6.46844677926699,20.7232316240375
236,"web|simple|high|multi_person",-6.54573719123504,20.7232316240375
236,"mobile|two_factor|high|multi_person",-6.2362199644232,20.7232316240375
236,"mobile|multi_factor|high|multi_person",-6.21769782907299,20.7232316240375
236,"mobile|simple|low|one_to_one",-4.65611313661475,20.7232316240375
236,"web|simple|low|one_to_one",-4.73340354858279,20.7232316240375
236,"mobile|multi_factor|low|one_to_one",-4.40536418642074,20.7232316240375
236,"web|multi_factor|low|one_to_one",-4.48265459838879,20.7232316240375
236,"mobile|simple|medium|one_to_one",-5.37993624583649,20.7232316240375
236,"mobile|two_factor|medium|one_to_one",-5.14770943099271,20.7232316240375
236,"mobile|multi_factor|medium|one_to_one",-5.12918729564249,20.7232316240375
236,"web|multi_factor|medium|one_to_one",-5.20647770761054,20.7232316240375
236,"web|simple|high|one_to_one",-6.29965055653198,20.7232316240375
236,"mobile|two_factor|high|one_to_one",-5.99013332972015,20.7232316240375
236,"mobile|multi_factor|high|one_to_one",-5.97161119436993,20.7232316240375
236,"web|multi_factor|high|one_to_one",-6.04890160633798,20.7232316240375
236,"web|simple|medium|multi_person",-5.7033132925076,20.7232316240375
236,"mobile|two_factor|medium|multi_person",-5.39379606569576,20.7232316240375
236,"web|two_factor|high|multi_person",-6.31351037639125,20.7232316240375
236,"web|multi_factor|high|multi_person",-6.29498824104103,20.7232316240375
236,"web|simple|medium|one_to_one",-5.45722665780454,20.7232316240375
236,"web|two_factor|medium|one_to_one",-5.22499984296076,20.7232316240375
236,"mobile|simple|high|one_to_one",-6.22236014456393,20.7232316240375
236,"mobile|simple|low|multi_person",-4.9021997713178,20.7232316240375
236,"web|multi_factor|low|multi_person",-4.72874123309185,20.7232316240375
236,"web|two_factor|medium|multi_person",-5.47108647766381,20.7232316240375
236,"mobile|two_factor|low|one_to_one",-4.42388632177096,20.7232316240375
236,"web|two_factor|high|one_to_one",-6.0674237416882,20.7232316240375
236,"web|two_factor|low|one_to_one",-4.50117673373901,20.7232316240375
237,"web|simple|low|multi_person",-5.35466109437112,8.09182967464551
237,"mobile|two_factor|low|multi_person",-5.03191762525351,8.09182967464551
237,"web|two_factor|low|multi_person",-4.76020432417679,8.09182967464551
237,"mobile|multi_factor|low|multi_person",-6.63747606864964,8.09182967464551
237,"mobile|simple|medium|multi_person",-6.22523334802998,8.09182967464551
237,"mobile|multi_factor|medium|multi_person",-7.23633502123178,8.09182967464551
237,"web|multi_factor|medium|multi_person",-6.96462172015506,8.09182967464551
237,"mobile|simple|high|multi_person",-7.41818404728365,8.09182967464551
237,"web|simple|high|multi_person",-7.14647074620693,8.09182967464551
237,"mobile|two_factor|high|multi_person",-6.82372727708932,8.09182967464551
237,"mobile|multi_factor|high|multi_person",-8.42928572048546,8.09182967464551
237,"mobile|simple|low|one_to_one",-5.18268244286698,8.09182967464551
237,"web|simple|low|one_to_one",-4.91096914179026,8.09182967464551
237,"mobile|multi_factor|low|one_to_one",-6.19378411606879,8.09182967464551
237,"web|multi_factor|low|one_to_one",-5.92207081499207,8.09182967464551
237,"mobile|simple|medium|one_to_one",-5.78154139544912,8.09182967464551
237,"mobile|two_factor|medium|one_to_one",-5.18708462525479,8.09182967464551
237,"mobile|multi_factor|medium|one_to_one",-6.79264306865093,8.09182967464551
237,"web|multi_factor|medium|one_to_one",-6.52092976757421,8.09182967464551
237,"web|simple|high|one_to_one",-6.70277879362608,8.09182967464551
237,"mobile|two_factor|high|one_to_one",-6.38003532450847,8.09182967464551
237,"mobile|multi_factor|high|one_to_one",-7.9855937679046,8.09182967464551
237,"web|multi_factor|high|one_to_one",-7.71388046682788,8.09182967464551
237,"web|simple|medium|multi_person",-5.95352004695325,8.09182967464551
237,"mobile|two_factor|medium|multi_person",-5.63077657783565,8.09182967464551
237,"web|two_factor|high|multi_person",-6.5520139760126,8.09182967464551
237,"web|multi_factor|high|multi_person",-8.15757241940874,8.09182967464551
237,"web|simple|medium|one_to_one",-5.5098280943724,8.09182967464551
237,"web|two_factor|medium|one_to_one",-4.91537132417807,8.09182967464551
237,"mobile|simple|high|one_to_one",-6.9744920947028,8.09182967464551
237,"mobile|simple|low|multi_person",-5.62637439544784,8.09182967464551
237,"web|multi_factor|low|multi_person",-6.36576276757292,8.09182967464551
237,"web|two_factor|medium|multi_person",-5.35906327675893,8.09182967464551
237,"mobile|two_factor|low|one_to_one",-4.58822567267265,8.09182967464551
237,"web|two_factor|high|one_to_one",-6.10832202343175,8.09182967464551
237,"web|two_factor|low|one_to_one",-4.31651237159593,8.09182967464551
238,"web|simple|low|multi_person",-5.69779735984861,12.7191125439913
238,"mobile|two_factor|low|multi_person",-4.69622339474335,12.7191125439913
238,"web|two_factor|low|multi_person",-5.77030375219692,12.7191125439913
238,"mobile|multi_factor|low|multi_person",-5.09051545794446,12.7191125439913
238,"mobile|simple|medium|multi_person",-4.97550706479638,12.7191125439913
238,"mobile|multi_factor|medium|multi_person",-5.4423055203458,12.7191125439913
238,"web|multi_factor|medium|multi_person",-6.51638587779937,12.7191125439913
238,"mobile|simple|high|multi_person",-4.80629801428872,12.7191125439913
238,"web|simple|high|multi_person",-5.8803783717423,12.7191125439913
238,"mobile|two_factor|high|multi_person",-4.87880440663703,12.7191125439913
238,"mobile|multi_factor|high|multi_person",-5.27309646983814,12.7191125439913
238,"mobile|simple|low|one_to_one",-5.69006040839468,12.7191125439913
238,"web|simple|low|one_to_one",-6.76414076584826,12.7191125439913
238,"mobile|multi_factor|low|one_to_one",-6.1568588639441,12.7191125439913
238,"web|multi_factor|low|one_to_one",-7.23093922139767,12.7191125439913
238,"mobile|simple|medium|one_to_one",-6.04185047079603,12.7191125439913
238,"mobile|two_factor|medium|one_to_one",-6.11435686314434,12.7191125439913
238,"mobile|multi_factor|medium|one_to_one",-6.50864892634544,12.7191125439913
238,"web|multi_factor|medium|one_to_one",-7.58272928379902,12.7191125439913
238,"web|simple|high|one_to_one",-6.94672177774194,12.7191125439913
238,"mobile|two_factor|high|one_to_one",-5.94514781263668,12.7191125439913
238,"mobile|multi_factor|high|one_to_one",-6.33943987583778,12.7191125439913
238,"web|multi_factor|high|one_to_one",-7.41352023329136,12.7191125439913
238,"web|simple|medium|multi_person",-6.04958742224996,12.7191125439913
238,"mobile|two_factor|medium|multi_person",-5.04801345714469,12.7191125439913
238,"web|two_factor|high|multi_person",-5.95288476409061,12.7191125439913
238,"web|multi_factor|high|multi_person",-6.34717682729171,12.7191125439913
238,"web|simple|medium|one_to_one",-7.1159308282496,12.7191125439913
238,"web|two_factor|medium|one_to_one",-7.18843722059791,12.7191125439913
238,"mobile|simple|high|one_to_one",-5.87264142028837,12.7191125439913
238,"mobile|simple|low|multi_person",-4.62371700239504,12.7191125439913
238,"web|multi_factor|low|multi_person",-6.16459581539803,12.7191125439913
238,"web|two_factor|medium|multi_person",-6.12209381459827,12.7191125439913
238,"mobile|two_factor|low|one_to_one",-5.76256680074299,12.7191125439913
238,"web|two_factor|high|one_to_one",-7.01922817009025,12.7191125439913
238,"web|two_factor|low|one_to_one",-6.83664715819657,12.7191125439913
239,"web|simple|low|multi_person",-3.81818698736213,19.8562120302847
239,"mobile|two_factor|low|multi_person",-4.13286214463246,19.8562120302847
239,"web|two_factor|low|multi_person",-4.93317166683724,19.8562120302847
239,"mobile|multi_factor|low|multi_person",-5.33059465655371,19.8562120302847
239,"mobile|simple|medium|multi_person",-4.30344197547699,19.8562120302847
239,"mobile|multi_factor|medium|multi_person",-6.61615916687335,19.8562120302847
239,"web|multi_factor|medium|multi_person",-7.41646868907813,19.8562120302847
239,"mobile|simple|high|multi_person",-3.83635324989909,19.8562120302847
239,"web|simple|high|multi_person",-4.63666277210387,19.8562120302847
239,"mobile|two_factor|high|multi_person",-4.95133792937419,19.8562120302847
239,"mobile|multi_factor|high|multi_person",-6.14907044129545,19.8562120302847
239,"mobile|simple|low|one_to_one",-2.74209769150585,19.8562120302847
239,"web|simple|low|one_to_one",-3.54240721371063,19.8562120302847
239,"mobile|multi_factor|low|one_to_one",-5.05481488290221,19.8562120302847
239,"web|multi_factor|low|one_to_one",-5.85512440510699,19.8562120302847
239,"mobile|simple|medium|one_to_one",-4.02766220182549,19.8562120302847
239,"mobile|two_factor|medium|one_to_one",-5.1426468813006,19.8562120302847
239,"mobile|multi_factor|medium|one_to_one",-6.34037939322185,19.8562120302847
239,"web|multi_factor|medium|one_to_one",-7.14068891542663,19.8562120302847
239,"web|simple|high|one_to_one",-4.36088299845237,19.8562120302847
239,"mobile|two_factor|high|one_to_one",-4.67555815572269,19.8562120302847
239,"mobile|multi_factor|high|one_to_one",-5.87329066764394,19.8562120302847
239,"web|multi_factor|high|one_to_one",-6.67360018984873,19.8562120302847
239,"web|simple|medium|multi_person",-5.10375149768177,19.8562120302847
239,"mobile|two_factor|medium|multi_person",-5.4184266549521,19.8562120302847
239,"web|two_factor|high|multi_person",-5.75164745157898,19.8562120302847
239,"web|multi_factor|high|multi_person",-6.94937996350023,19.8562120302847
239,"web|simple|medium|one_to_one",-4.82797172403027,19.8562120302847
239,"web|two_factor|medium|one_to_one",-5.94295640350538,19.8562120302847
239,"mobile|simple|high|one_to_one",-3.56057347624759,19.8562120302847
239,"mobile|simple|low|multi_person",-3.01787746515735,19.8562120302847
239,"web|multi_factor|low|multi_person",-6.13090417875849,19.8562120302847
239,"web|two_factor|medium|multi_person",-6.21873617715688,19.8562120302847
239,"mobile|two_factor|low|one_to_one",-3.85708237098095,19.8562120302847
239,"web|two_factor|high|one_to_one",-5.47586767792747,19.8562120302847
239,"web|two_factor|low|one_to_one",-4.65739189318574,19.8562120302847
240,"web|simple|low|multi_person",-4.40616068527373,20.1860249433441
240,"mobile|two_factor|low|multi_person",-4.57997567462117,20.1860249433441
240,"web|two_factor|low|multi_person",-4.24133524572241,20.1860249433441
240,"mobile|multi_factor|low|multi_person",-4.74417571340082,20.1860249433441
240,"mobile|simple|medium|multi_person",-5.29688142207057,20.1860249433441
240,"mobile|multi_factor|medium|multi_person",-5.29625602129889,20.1860249433441
240,"web|multi_factor|medium|multi_person",-4.95761559240012,20.1860249433441
240,"mobile|simple|high|multi_person",-7.22507644326755,20.1860249433441
240,"web|simple|high|multi_person",-6.88643601436878,20.1860249433441
240,"mobile|two_factor|high|multi_person",-7.06025100371622,20.1860249433441
240,"mobile|multi_factor|high|multi_person",-7.22445104249587,20.1860249433441
240,"mobile|simple|low|one_to_one",-5.20745563258585,20.1860249433441
240,"web|simple|low|one_to_one",-4.86881520368708,20.1860249433441
240,"mobile|multi_factor|low|one_to_one",-5.20683023181417,20.1860249433441
240,"web|multi_factor|low|one_to_one",-4.8681898029154,20.1860249433441
240,"mobile|simple|medium|one_to_one",-5.75953594048392,20.1860249433441
240,"mobile|two_factor|medium|one_to_one",-5.59471050093259,20.1860249433441
240,"mobile|multi_factor|medium|one_to_one",-5.75891053971224,20.1860249433441
240,"web|multi_factor|medium|one_to_one",-5.42027011081347,20.1860249433441
240,"web|simple|high|one_to_one",-7.34909053278213,20.1860249433441
240,"mobile|two_factor|high|one_to_one",-7.52290552212957,20.1860249433441
240,"mobile|multi_factor|high|one_to_one",-7.68710556090922,20.1860249433441
240,"web|multi_factor|high|one_to_one",-7.34846513201045,20.1860249433441
240,"web|simple|medium|multi_person",-4.9582409931718,20.1860249433441
240,"mobile|two_factor|medium|multi_person",-5.13205598251924,20.1860249433441
240,"web|two_factor|high|multi_person",-6.72161057481745,20.1860249433441
240,"web|multi_factor|high|multi_person",-6.8858106135971,20.1860249433441
240,"web|simple|medium|one_to_one",-5.42089551158515,20.1860249433441
240,"web|two_factor|medium|one_to_one",-5.25607007203382,20.1860249433441
240,"mobile|simple|high|one_to_one",-7.6877309616809,20.1860249433441
240,"mobile|simple|low|multi_person",-4.7448011141725,20.1860249433441
240,"web|multi_factor|low|multi_person",-4.40553528450205,20.1860249433441
240,"web|two_factor|medium|multi_person",-4.79341555362048,20.1860249433441
240,"mobile|two_factor|low|one_to_one",-5.04263019303452,20.1860249433441
240,"web|two_factor|high|one_to_one",-7.1842650932308,20.1860249433441
240,"web|two_factor|low|one_to_one",-4.70398976413575,20.1860249433441
241,"web|simple|low|multi_person",-6.11387864548276,15.787748116612
241,"mobile|two_factor|low|multi_person",-6.05287363870985,15.787748116612
241,"web|two_factor|low|multi_person",-5.54750589369197,15.787748116612
241,"mobile|multi_factor|low|multi_person",-5.17197778328747,15.787748116612
241,"mobile|simple|medium|multi_person",-6.79147862800403,15.787748116612
241,"mobile|multi_factor|medium|multi_person",-5.34421002079087,15.787748116612
241,"web|multi_factor|medium|multi_person",-4.83884227577299,15.787748116612
241,"mobile|simple|high|multi_person",-8.19129890488261,15.787748116612
241,"web|simple|high|multi_person",-7.68593115986473,15.787748116612
241,"mobile|two_factor|high|multi_person",-7.62492615309182,15.787748116612
241,"mobile|multi_factor|high|multi_person",-6.74403029766944,15.787748116612
241,"mobile|simple|low|one_to_one",-5.95483131874523,15.787748116612
241,"web|simple|low|one_to_one",-5.44946357372735,15.787748116612
241,"mobile|multi_factor|low|one_to_one",-4.50756271153207,15.787748116612
241,"web|multi_factor|low|one_to_one",-4.00219496651419,15.787748116612
241,"mobile|simple|medium|one_to_one",-6.12706355624863,15.787748116612
241,"mobile|two_factor|medium|one_to_one",-5.56069080445784,15.787748116612
241,"mobile|multi_factor|medium|one_to_one",-4.67979494903546,15.787748116612
241,"web|multi_factor|medium|one_to_one",-4.17442720401758,15.787748116612
241,"web|simple|high|one_to_one",-7.02151608810933,15.787748116612
241,"mobile|two_factor|high|one_to_one",-6.96051108133642,15.787748116612
241,"mobile|multi_factor|high|one_to_one",-6.07961522591404,15.787748116612
241,"web|multi_factor|high|one_to_one",-5.57424748089616,15.787748116612
241,"web|simple|medium|multi_person",-6.28611088298615,15.787748116612
241,"mobile|two_factor|medium|multi_person",-6.22510587621325,15.787748116612
241,"web|two_factor|high|multi_person",-7.11955840807394,15.787748116612
241,"web|multi_factor|high|multi_person",-6.23866255265156,15.787748116612
241,"web|simple|medium|one_to_one",-5.62169581123075,15.787748116612
241,"web|two_factor|medium|one_to_one",-5.05532305943996,15.787748116612
241,"mobile|simple|high|one_to_one",-7.52688383312721,15.787748116612
241,"mobile|simple|low|multi_person",-6.61924639050064,15.787748116612
241,"web|multi_factor|low|multi_person",-4.66661003826959,15.787748116612
241,"web|two_factor|medium|multi_person",-5.71973813119537,15.787748116612
241,"mobile|two_factor|low|one_to_one",-5.38845856695445,15.787748116612
241,"web|two_factor|high|one_to_one",-6.45514333631854,15.787748116612
241,"web|two_factor|low|one_to_one",-4.88309082193657,15.787748116612
242,"web|simple|low|multi_person",-5.55573059119941,8.42283806364057
242,"mobile|two_factor|low|multi_person",-4.64299143717048,8.42283806364057
242,"web|two_factor|low|multi_person",-6.07360244673226,8.42283806364057
242,"mobile|multi_factor|low|multi_person",-5.4218085397257,8.42283806364057
242,"mobile|simple|medium|multi_person",-4.81884569940814,8.42283806364057
242,"mobile|multi_factor|medium|multi_person",-6.11553465749621,8.42283806364057
242,"web|multi_factor|medium|multi_person",-7.54614566705799,8.42283806364057
242,"mobile|simple|high|multi_person",-5.76422645906657,8.42283806364057
242,"web|simple|high|multi_person",-7.19483746862835,8.42283806364057
242,"mobile|two_factor|high|multi_person",-6.28209831459942,8.42283806364057
242,"mobile|multi_factor|high|multi_person",-7.06091541715463,8.42283806364057
242,"mobile|simple|low|one_to_one",-3.24282122958035,8.42283806364057
242,"web|simple|low|one_to_one",-4.67343223914213,8.42283806364057
242,"mobile|multi_factor|low|one_to_one",-4.53951018766841,8.42283806364057
242,"web|multi_factor|low|one_to_one",-5.97012119723019,8.42283806364057
242,"mobile|simple|medium|one_to_one",-3.93654734735086,8.42283806364057
242,"mobile|two_factor|medium|one_to_one",-4.45441920288371,8.42283806364057
242,"mobile|multi_factor|medium|one_to_one",-5.23323630543892,8.42283806364057
242,"web|multi_factor|medium|one_to_one",-6.6638473150007,8.42283806364057
242,"web|simple|high|one_to_one",-6.31253911657106,8.42283806364057
242,"mobile|two_factor|high|one_to_one",-5.39979996254213,8.42283806364057
242,"mobile|multi_factor|high|one_to_one",-6.17861706509735,8.42283806364057
242,"web|multi_factor|high|one_to_one",-7.60922807465913,8.42283806364057
242,"web|simple|medium|multi_person",-6.24945670896992,8.42283806364057
242,"mobile|two_factor|medium|multi_person",-5.33671755494099,8.42283806364057
242,"web|two_factor|high|multi_person",-7.7127093241612,8.42283806364057
242,"web|multi_factor|high|multi_person",-8.49152642671641,8.42283806364057
242,"web|simple|medium|one_to_one",-5.36715835691264,8.42283806364057
242,"web|two_factor|medium|one_to_one",-5.88503021244549,8.42283806364057
242,"mobile|simple|high|one_to_one",-4.88192810700928,8.42283806364057
242,"mobile|simple|low|multi_person",-4.12511958163763,8.42283806364057
242,"web|multi_factor|low|multi_person",-6.85241954928748,8.42283806364057
242,"web|two_factor|medium|multi_person",-6.76732856450277,8.42283806364057
242,"mobile|two_factor|low|one_to_one",-3.7606930851132,8.42283806364057
242,"web|two_factor|high|one_to_one",-6.83041097210391,8.42283806364057
242,"web|two_factor|low|one_to_one",-5.19130409467498,8.42283806364057
243,"web|simple|low|multi_person",-4.72331689566437,21.1112659532525
243,"mobile|two_factor|low|multi_person",-4.711790834909,21.1112659532525
243,"web|two_factor|low|multi_person",-5.31920237856254,21.1112659532525
243,"mobile|multi_factor|low|multi_person",-4.58205640628358,21.1112659532525
243,"mobile|simple|medium|multi_person",-4.81408181496035,21.1112659532525
243,"mobile|multi_factor|medium|multi_person",-5.2802328692331,21.1112659532525
243,"web|multi_factor|medium|multi_person",-5.88764441288664,21.1112659532525
243,"mobile|simple|high|multi_person",-5.47148785921242,21.1112659532525
243,"web|simple|high|multi_person",-6.07889940286596,21.1112659532525
243,"mobile|two_factor|high|multi_person",-6.0673733421106,21.1112659532525
243,"mobile|multi_factor|high|multi_person",-5.93763891348517,21.1112659532525
243,"mobile|simple|low|one_to_one",-3.44195616904947,21.1112659532525
243,"web|simple|low|one_to_one",-4.04936771270301,21.1112659532525
243,"mobile|multi_factor|low|one_to_one",-3.90810722332222,21.1112659532525
243,"web|multi_factor|low|one_to_one",-4.51551876697576,21.1112659532525
243,"mobile|simple|medium|one_to_one",-4.14013263199899,21.1112659532525
243,"mobile|two_factor|medium|one_to_one",-4.73601811489717,21.1112659532525
243,"mobile|multi_factor|medium|one_to_one",-4.60628368627174,21.1112659532525
243,"web|multi_factor|medium|one_to_one",-5.21369522992528,21.1112659532525
243,"web|simple|high|one_to_one",-5.4049502199046,21.1112659532525
243,"mobile|two_factor|high|one_to_one",-5.39342415914924,21.1112659532525
243,"mobile|multi_factor|high|one_to_one",-5.26368973052382,21.1112659532525
243,"web|multi_factor|high|one_to_one",-5.87110127417735,21.1112659532525
243,"web|simple|medium|multi_person",-5.42149335861389,21.1112659532525
243,"mobile|two_factor|medium|multi_person",-5.40996729785852,21.1112659532525
243,"web|two_factor|high|multi_person",-6.67478488576413,21.1112659532525
243,"web|multi_factor|high|multi_person",-6.54505045713871,21.1112659532525
243,"web|simple|medium|one_to_one",-4.74754417565253,21.1112659532525
243,"web|two_factor|medium|one_to_one",-5.34342965855071,21.1112659532525
243,"mobile|simple|high|one_to_one",-4.79753867625107,21.1112659532525
243,"mobile|simple|low|multi_person",-4.11590535201083,21.1112659532525
243,"web|multi_factor|low|multi_person",-5.18946794993712,21.1112659532525
243,"web|two_factor|medium|multi_person",-6.01737884151206,21.1112659532525
243,"mobile|two_factor|low|one_to_one",-4.03784165194765,21.1112659532525
243,"web|two_factor|high|one_to_one",-6.00083570280278,21.1112659532525
243,"web|two_factor|low|one_to_one",-4.64525319560119,21.1112659532525
245,"web|simple|low|multi_person",-4.41344255320998,20.9163748973927
245,"mobile|two_factor|low|multi_person",-3.8756452645427,20.9163748973927
245,"web|two_factor|low|multi_person",-4.93287996435718,20.9163748973927
245,"mobile|multi_factor|low|multi_person",-5.02769623046107,20.9163748973927
245,"mobile|simple|medium|multi_person",-4.62739561160055,20.9163748973927
245,"mobile|multi_factor|medium|multi_person",-6.29888398866612,20.9163748973927
245,"web|multi_factor|medium|multi_person",-7.3561186884806,20.9163748973927
245,"mobile|simple|high|multi_person",-5.00802665127255,20.9163748973927
245,"web|simple|high|multi_person",-6.06526135108703,20.9163748973927
245,"mobile|two_factor|high|multi_person",-5.52746406241976,20.9163748973927
245,"mobile|multi_factor|high|multi_person",-6.67951502833813,20.9163748973927
245,"mobile|simple|low|one_to_one",-1.96047550616022,20.9163748973927
245,"web|simple|low|one_to_one",-3.0177102059747,20.9163748973927
245,"mobile|multi_factor|low|one_to_one",-3.63196388322579,20.9163748973927
245,"web|multi_factor|low|one_to_one",-4.68919858304027,20.9163748973927
245,"mobile|simple|medium|one_to_one",-3.23166326436527,20.9163748973927
245,"mobile|two_factor|medium|one_to_one",-3.75110067551248,20.9163748973927
245,"mobile|multi_factor|medium|one_to_one",-4.90315164143084,20.9163748973927
245,"web|multi_factor|medium|one_to_one",-5.96038634124532,20.9163748973927
245,"web|simple|high|one_to_one",-4.66952900385175,20.9163748973927
245,"mobile|two_factor|high|one_to_one",-4.13173171518448,20.9163748973927
245,"mobile|multi_factor|high|one_to_one",-5.28378268110284,20.9163748973927
245,"web|multi_factor|high|one_to_one",-6.34101738091733,20.9163748973927
245,"web|simple|medium|multi_person",-5.68463031141503,20.9163748973927
245,"mobile|two_factor|medium|multi_person",-5.14683302274776,20.9163748973927
245,"web|two_factor|high|multi_person",-6.58469876223424,20.9163748973927
245,"web|multi_factor|high|multi_person",-7.7367497281526,20.9163748973927
245,"web|simple|medium|one_to_one",-4.28889796417975,20.9163748973927
245,"web|two_factor|medium|one_to_one",-4.80833537532696,20.9163748973927
245,"mobile|simple|high|one_to_one",-3.61229430403727,20.9163748973927
245,"mobile|simple|low|multi_person",-3.3562078533955,20.9163748973927
245,"web|multi_factor|low|multi_person",-6.08493093027555,20.9163748973927
245,"web|two_factor|medium|multi_person",-6.20406772256224,20.9163748973927
245,"mobile|two_factor|low|one_to_one",-2.47991291730742,20.9163748973927
245,"web|two_factor|high|one_to_one",-5.18896641499896,20.9163748973927
245,"web|two_factor|low|one_to_one",-3.5371476171219,20.9163748973927
246,"web|simple|low|multi_person",-3.45211562455063,20.0754517994397
246,"mobile|two_factor|low|multi_person",-4.30933753943805,20.0754517994397
246,"web|two_factor|low|multi_person",-5.08181517781226,20.0754517994397
246,"mobile|multi_factor|low|multi_person",-4.75641988145725,20.0754517994397
246,"mobile|simple|medium|multi_person",-4.26104234397892,20.0754517994397
246,"mobile|multi_factor|medium|multi_person",-6.33782423925974,20.0754517994397
246,"web|multi_factor|medium|multi_person",-7.11030187763395,20.0754517994397
246,"mobile|simple|high|multi_person",-4.20180792023056,20.0754517994397
246,"web|simple|high|multi_person",-4.97428555860477,20.0754517994397
246,"mobile|two_factor|high|multi_person",-5.83150747349219,20.0754517994397
246,"mobile|multi_factor|high|multi_person",-6.27858981551139,20.0754517994397
246,"mobile|simple|low|one_to_one",-1.73690814822075,20.0754517994397
246,"web|simple|low|one_to_one",-2.50938578659495,20.0754517994397
246,"mobile|multi_factor|low|one_to_one",-3.81369004350158,20.0754517994397
246,"web|multi_factor|low|one_to_one",-4.58616768187578,20.0754517994397
246,"mobile|simple|medium|one_to_one",-3.31831250602324,20.0754517994397
246,"mobile|two_factor|medium|one_to_one",-4.94801205928487,20.0754517994397
246,"mobile|multi_factor|medium|one_to_one",-5.39509440130407,20.0754517994397
246,"web|multi_factor|medium|one_to_one",-6.16757203967827,20.0754517994397
246,"web|simple|high|one_to_one",-4.03155572064909,20.0754517994397
246,"mobile|two_factor|high|one_to_one",-4.88877763553651,20.0754517994397
246,"mobile|multi_factor|high|one_to_one",-5.33585997755571,20.0754517994397
246,"web|multi_factor|high|one_to_one",-6.10833761592992,20.0754517994397
246,"web|simple|medium|multi_person",-5.03351998235312,20.0754517994397
246,"mobile|two_factor|medium|multi_person",-5.89074189724054,20.0754517994397
246,"web|two_factor|high|multi_person",-6.60398511186639,20.0754517994397
246,"web|multi_factor|high|multi_person",-7.05106745388559,20.0754517994397
246,"web|simple|medium|one_to_one",-4.09079014439745,20.0754517994397
246,"web|two_factor|medium|one_to_one",-5.72048969765907,20.0754517994397
246,"mobile|simple|high|one_to_one",-3.25907808227489,20.0754517994397
246,"mobile|simple|low|multi_person",-2.67963798617643,20.0754517994397
246,"web|multi_factor|low|multi_person",-5.52889751983146,20.0754517994397
246,"web|two_factor|medium|multi_person",-6.66321953561475,20.0754517994397
246,"mobile|two_factor|low|one_to_one",-3.36660770148237,20.0754517994397
246,"web|two_factor|high|one_to_one",-5.66125527391072,20.0754517994397
246,"web|two_factor|low|one_to_one",-4.13908533985658,20.0754517994397
247,"web|simple|low|multi_person",-6.03787293008228,20.024070789875
247,"mobile|two_factor|low|multi_person",-4.09322585159381,20.024070789875
247,"web|two_factor|low|multi_person",-5.79113809934461,20.024070789875
247,"mobile|multi_factor|low|multi_person",-4.58052437432306,20.024070789875
247,"mobile|simple|medium|multi_person",-4.8163240891143,20.024070789875
247,"mobile|multi_factor|medium|multi_person",-5.05688778110588,20.024070789875
247,"web|multi_factor|medium|multi_person",-6.75480002885668,20.024070789875
247,"mobile|simple|high|multi_person",-6.03871301372538,20.024070789875
247,"web|simple|high|multi_person",-7.73662526147618,20.024070789875
247,"mobile|two_factor|high|multi_person",-5.79197818298771,20.024070789875
247,"mobile|multi_factor|high|multi_person",-6.27927670571695,20.024070789875
247,"mobile|simple|low|one_to_one",-3.08543404020731,20.024070789875
247,"web|simple|low|one_to_one",-4.78334628795812,20.024070789875
247,"mobile|multi_factor|low|one_to_one",-3.32599773219889,20.024070789875
247,"web|multi_factor|low|one_to_one",-5.02390997994969,20.024070789875
247,"mobile|simple|medium|one_to_one",-3.56179744699014,20.024070789875
247,"mobile|two_factor|medium|one_to_one",-3.31506261625247,20.024070789875
247,"mobile|multi_factor|medium|one_to_one",-3.80236113898171,20.024070789875
247,"web|multi_factor|medium|one_to_one",-5.50027338673251,20.024070789875
247,"web|simple|high|one_to_one",-6.48209861935201,20.024070789875
247,"mobile|two_factor|high|one_to_one",-4.53745154086354,20.024070789875
247,"mobile|multi_factor|high|one_to_one",-5.02475006359279,20.024070789875
247,"web|multi_factor|high|one_to_one",-6.72266231134359,20.024070789875
247,"web|simple|medium|multi_person",-6.51423633686511,20.024070789875
247,"mobile|two_factor|medium|multi_person",-4.56958925837664,20.024070789875
247,"web|two_factor|high|multi_person",-7.48989043073851,20.024070789875
247,"web|multi_factor|high|multi_person",-7.97718895346776,20.024070789875
247,"web|simple|medium|one_to_one",-5.25970969474094,20.024070789875
247,"web|two_factor|medium|one_to_one",-5.01297486400327,20.024070789875
247,"mobile|simple|high|one_to_one",-4.78418637160121,20.024070789875
247,"mobile|simple|low|multi_person",-4.33996068233148,20.024070789875
247,"web|multi_factor|low|multi_person",-6.27843662207386,20.024070789875
247,"web|two_factor|medium|multi_person",-6.26750150612744,20.024070789875
247,"mobile|two_factor|low|one_to_one",-2.83869920946964,20.024070789875
247,"web|two_factor|high|one_to_one",-6.23536378861434,20.024070789875
247,"web|two_factor|low|one_to_one",-4.53661145722045,20.024070789875
248,"web|simple|low|multi_person",-5.35520356832099,20.773471692236
248,"mobile|two_factor|low|multi_person",-3.8507434049697,20.773471692236
248,"web|two_factor|low|multi_person",-4.52284265116268,20.773471692236
248,"mobile|multi_factor|low|multi_person",-4.48616098607507,20.773471692236
248,"mobile|simple|medium|multi_person",-6.03502614758469,20.773471692236
248,"mobile|multi_factor|medium|multi_person",-5.83808281153176,20.773471692236
248,"web|multi_factor|medium|multi_person",-6.51018205772475,20.773471692236
248,"mobile|simple|high|multi_person",-6.21623934605154,20.773471692236
248,"web|simple|high|multi_person",-6.88833859224452,20.773471692236
248,"mobile|two_factor|high|multi_person",-5.38387842889323,20.773471692236
248,"mobile|multi_factor|high|multi_person",-6.01929600999861,20.773471692236
248,"mobile|simple|low|one_to_one",-4.51907972101794,20.773471692236
248,"web|simple|low|one_to_one",-5.19117896721092,20.773471692236
248,"mobile|multi_factor|low|one_to_one",-4.32213638496501,20.773471692236
248,"web|multi_factor|low|one_to_one",-4.99423563115799,20.773471692236
248,"mobile|simple|medium|one_to_one",-5.87100154647463,20.773471692236
248,"mobile|two_factor|medium|one_to_one",-5.03864062931632,20.773471692236
248,"mobile|multi_factor|medium|one_to_one",-5.6740582104217,20.773471692236
248,"web|multi_factor|medium|one_to_one",-6.34615745661468,20.773471692236
248,"web|simple|high|one_to_one",-6.72431399113446,20.773471692236
248,"mobile|two_factor|high|one_to_one",-5.21985382778317,20.773471692236
248,"mobile|multi_factor|high|one_to_one",-5.85527140888854,20.773471692236
248,"web|multi_factor|high|one_to_one",-6.52737065508152,20.773471692236
248,"web|simple|medium|multi_person",-6.70712539377768,20.773471692236
248,"mobile|two_factor|medium|multi_person",-5.20266523042639,20.773471692236
248,"web|two_factor|high|multi_person",-6.05597767508622,20.773471692236
248,"web|multi_factor|high|multi_person",-6.69139525619159,20.773471692236
248,"web|simple|medium|one_to_one",-6.54310079266761,20.773471692236
248,"web|two_factor|medium|one_to_one",-5.7107398755093,20.773471692236
248,"mobile|simple|high|one_to_one",-6.05221474494147,20.773471692236
248,"mobile|simple|low|multi_person",-4.683104322128,20.773471692236
248,"web|multi_factor|low|multi_person",-5.15826023226806,20.773471692236
248,"web|two_factor|medium|multi_person",-5.87476447661937,20.773471692236
248,"mobile|two_factor|low|one_to_one",-3.68671880385963,20.773471692236
248,"web|two_factor|high|one_to_one",-5.89195307397615,20.773471692236
248,"web|two_factor|low|one_to_one",-4.35881805005262,20.773471692236
249,"web|simple|low|multi_person",-3.16529074748338,19.6060480433592
249,"mobile|two_factor|low|multi_person",-4.71758469209131,19.6060480433592
249,"web|two_factor|low|multi_person",-4.38791429070546,19.6060480433592
249,"mobile|multi_factor|low|multi_person",-4.71470763327148,19.6060480433592
249,"mobile|simple|medium|multi_person",-4.90404383916774,19.6060480433592
249,"mobile|multi_factor|medium|multi_person",-6.12379032356999,19.6060480433592
249,"web|multi_factor|medium|multi_person",-5.79411992218414,19.6060480433592
249,"mobile|simple|high|multi_person",-5.9774694318026,19.6060480433592
249,"web|simple|high|multi_person",-5.64779903041676,19.6060480433592
249,"mobile|two_factor|high|multi_person",-7.20009297502469,19.6060480433592
249,"mobile|multi_factor|high|multi_person",-7.19721591620486,19.6060480433592
249,"mobile|simple|low|one_to_one",-3.24270504308869,19.6060480433592
249,"web|simple|low|one_to_one",-2.91303464170284,19.6060480433592
249,"mobile|multi_factor|low|one_to_one",-4.46245152749094,19.6060480433592
249,"web|multi_factor|low|one_to_one",-4.13278112610509,19.6060480433592
249,"mobile|simple|medium|one_to_one",-4.65178773338721,19.6060480433592
249,"mobile|two_factor|medium|one_to_one",-5.8744112766093,19.6060480433592
249,"mobile|multi_factor|medium|one_to_one",-5.87153421778946,19.6060480433592
249,"web|multi_factor|medium|one_to_one",-5.54186381640361,19.6060480433592
249,"web|simple|high|one_to_one",-5.39554292463622,19.6060480433592
249,"mobile|two_factor|high|one_to_one",-6.94783686924416,19.6060480433592
249,"mobile|multi_factor|high|one_to_one",-6.94495981042432,19.6060480433592
249,"web|multi_factor|high|one_to_one",-6.61528940903847,19.6060480433592
249,"web|simple|medium|multi_person",-4.57437343778189,19.6060480433592
249,"mobile|two_factor|medium|multi_person",-6.12666738238983,19.6060480433592
249,"web|two_factor|high|multi_person",-6.87042257363884,19.6060480433592
249,"web|multi_factor|high|multi_person",-6.867545514819,19.6060480433592
249,"web|simple|medium|one_to_one",-4.32211733200136,19.6060480433592
249,"web|two_factor|medium|one_to_one",-5.54474087522345,19.6060480433592
249,"mobile|simple|high|one_to_one",-5.72521332602207,19.6060480433592
249,"mobile|simple|low|multi_person",-3.49496114886923,19.6060480433592
249,"web|multi_factor|low|multi_person",-4.38503723188563,19.6060480433592
249,"web|two_factor|medium|multi_person",-5.79699698100398,19.6060480433592
249,"mobile|two_factor|low|one_to_one",-4.46532858631078,19.6060480433592
249,"web|two_factor|high|one_to_one",-6.61816646785831,19.6060480433592
249,"web|two_factor|low|one_to_one",-4.13565818492493,19.6060480433592
250,"web|simple|low|multi_person",-4.29013780717739,20.2773231464085
250,"mobile|two_factor|low|multi_person",-3.85058313699777,20.2773231464085
250,"web|two_factor|low|multi_person",-5.01401487977947,20.2773231464085
250,"mobile|multi_factor|low|multi_person",-3.8943541446772,20.2773231464085
250,"mobile|simple|medium|multi_person",-5.050781141559,20.2773231464085
250,"mobile|multi_factor|medium|multi_person",-5.81842922184051,20.2773231464085
250,"web|multi_factor|medium|multi_person",-6.98186096462222,20.2773231464085
250,"mobile|simple|high|multi_person",-4.73864525832418,20.2773231464085
250,"web|simple|high|multi_person",-5.90207700110589,20.2773231464085
250,"mobile|two_factor|high|multi_person",-5.46252233092626,20.2773231464085
250,"mobile|multi_factor|high|multi_person",-5.5062933386057,20.2773231464085
250,"mobile|simple|low|one_to_one",-2.33716826008844,20.2773231464085
250,"web|simple|low|one_to_one",-3.50060000287014,20.2773231464085
250,"mobile|multi_factor|low|one_to_one",-3.10481634036995,20.2773231464085
250,"web|multi_factor|low|one_to_one",-4.26824808315165,20.2773231464085
250,"mobile|simple|medium|one_to_one",-4.26124333725175,20.2773231464085
250,"mobile|two_factor|medium|one_to_one",-4.98512040985383,20.2773231464085
250,"mobile|multi_factor|medium|one_to_one",-5.02889141753326,20.2773231464085
250,"web|multi_factor|medium|one_to_one",-6.19232316031497,20.2773231464085
250,"web|simple|high|one_to_one",-5.11253919679864,20.2773231464085
250,"mobile|two_factor|high|one_to_one",-4.67298452661901,20.2773231464085
250,"mobile|multi_factor|high|one_to_one",-4.71675553429844,20.2773231464085
250,"web|multi_factor|high|one_to_one",-5.88018727708015,20.2773231464085
250,"web|simple|medium|multi_person",-6.2142128843407,20.2773231464085
250,"mobile|two_factor|medium|multi_person",-5.77465821416108,20.2773231464085
250,"web|two_factor|high|multi_person",-6.62595407370797,20.2773231464085
250,"web|multi_factor|high|multi_person",-6.6697250813874,20.2773231464085
250,"web|simple|medium|one_to_one",-5.42467508003345,20.2773231464085
250,"web|two_factor|medium|one_to_one",-6.14855215263553,20.2773231464085
250,"mobile|simple|high|one_to_one",-3.94910745401693,20.2773231464085
250,"mobile|simple|low|multi_person",-3.12670606439569,20.2773231464085
250,"web|multi_factor|low|multi_person",-5.0577858874589,20.2773231464085
250,"web|two_factor|medium|multi_person",-6.93808995694278,20.2773231464085
250,"mobile|two_factor|low|one_to_one",-3.06104533269052,20.2773231464085
250,"web|two_factor|high|one_to_one",-5.83641626940072,20.2773231464085
250,"web|two_factor|low|one_to_one",-4.22447707547222,20.2773231464085
251,"web|simple|low|multi_person",-5.56106207427193,20.2351073106353
251,"mobile|two_factor|low|multi_person",-4.50700410111513,20.2351073106353
251,"web|two_factor|low|multi_person",-4.95021377550698,20.2351073106353
251,"mobile|multi_factor|low|multi_person",-4.34670093302924,20.2351073106353
251,"mobile|simple|medium|multi_person",-6.6490503218807,20.2351073106353
251,"mobile|multi_factor|medium|multi_person",-5.87789885502986,20.2351073106353
251,"web|multi_factor|medium|multi_person",-6.3211085294217,20.2351073106353
251,"mobile|simple|high|multi_person",-6.566491321328,20.2351073106353
251,"web|simple|high|multi_person",-7.00970099571984,20.2351073106353
251,"mobile|two_factor|high|multi_person",-5.95564302256305,20.2351073106353
251,"mobile|multi_factor|high|multi_person",-5.79533985447715,20.2351073106353
251,"mobile|simple|low|one_to_one",-4.57716878424612,20.2351073106353
251,"web|simple|low|one_to_one",-5.02037845863796,20.2351073106353
251,"mobile|multi_factor|low|one_to_one",-3.80601731739527,20.2351073106353
251,"web|multi_factor|low|one_to_one",-4.24922699178712,20.2351073106353
251,"mobile|simple|medium|one_to_one",-6.10836670624673,20.2351073106353
251,"mobile|two_factor|medium|one_to_one",-5.49751840748178,20.2351073106353
251,"mobile|multi_factor|medium|one_to_one",-5.33721523939588,20.2351073106353
251,"web|multi_factor|medium|one_to_one",-5.78042491378773,20.2351073106353
251,"web|simple|high|one_to_one",-6.46901738008587,20.2351073106353
251,"mobile|two_factor|high|one_to_one",-5.41495940692907,20.2351073106353
251,"mobile|multi_factor|high|one_to_one",-5.25465623884318,20.2351073106353
251,"web|multi_factor|high|one_to_one",-5.69786591323503,20.2351073106353
251,"web|simple|medium|multi_person",-7.09225999627255,20.2351073106353
251,"mobile|two_factor|medium|multi_person",-6.03820202311575,20.2351073106353
251,"web|two_factor|high|multi_person",-6.39885269695489,20.2351073106353
251,"web|multi_factor|high|multi_person",-6.238549528869,20.2351073106353
251,"web|simple|medium|one_to_one",-6.55157638063858,20.2351073106353
251,"web|two_factor|medium|one_to_one",-5.94072808187362,20.2351073106353
251,"mobile|simple|high|one_to_one",-6.02580770569403,20.2351073106353
251,"mobile|simple|low|multi_person",-5.11785239988009,20.2351073106353
251,"web|multi_factor|low|multi_person",-4.78991060742109,20.2351073106353
251,"web|two_factor|medium|multi_person",-6.48141169750759,20.2351073106353
251,"mobile|two_factor|low|one_to_one",-3.96632048548116,20.2351073106353
251,"web|two_factor|high|one_to_one",-5.85816908132092,20.2351073106353
251,"web|two_factor|low|one_to_one",-4.40953015987301,20.2351073106353
252,"web|simple|low|multi_person",-3.87740031415674,19.1075474095231
252,"mobile|two_factor|low|multi_person",-3.88148643947369,19.1075474095231
252,"web|two_factor|low|multi_person",-5.28733234224339,19.1075474095231
252,"mobile|multi_factor|low|multi_person",-3.69059360842619,19.1075474095231
252,"mobile|simple|medium|multi_person",-3.49864418399294,19.1075474095231
252,"mobile|multi_factor|medium|multi_person",-4.7176833810321,19.1075474095231
252,"web|multi_factor|medium|multi_person",-6.1235292838018,19.1075474095231
252,"mobile|simple|high|multi_person",-4.29767438610303,19.1075474095231
252,"web|simple|high|multi_person",-5.70352028887273,19.1075474095231
252,"mobile|two_factor|high|multi_person",-5.70760641418968,19.1075474095231
252,"mobile|multi_factor|high|multi_person",-5.51671358314218,19.1075474095231
252,"mobile|simple|low|one_to_one",-2.64851840476833,19.1075474095231
252,"web|simple|low|one_to_one",-4.05436430753803,19.1075474095231
252,"mobile|multi_factor|low|one_to_one",-3.86755760180748,19.1075474095231
252,"web|multi_factor|low|one_to_one",-5.27340350457718,19.1075474095231
252,"mobile|simple|medium|one_to_one",-3.67560817737424,19.1075474095231
252,"mobile|two_factor|medium|one_to_one",-5.08554020546089,19.1075474095231
252,"mobile|multi_factor|medium|one_to_one",-4.89464737441339,19.1075474095231
252,"web|multi_factor|medium|one_to_one",-6.30049327718309,19.1075474095231
252,"web|simple|high|one_to_one",-5.88048428225402,19.1075474095231
252,"mobile|two_factor|high|one_to_one",-5.88457040757097,19.1075474095231
252,"mobile|multi_factor|high|one_to_one",-5.69367757652347,19.1075474095231
252,"web|multi_factor|high|one_to_one",-7.09952347929317,19.1075474095231
252,"web|simple|medium|multi_person",-4.90449008676265,19.1075474095231
252,"mobile|two_factor|medium|multi_person",-4.9085762120796,19.1075474095231
252,"web|two_factor|high|multi_person",-7.11345231695938,19.1075474095231
252,"web|multi_factor|high|multi_person",-6.92255948591188,19.1075474095231
252,"web|simple|medium|one_to_one",-5.08145408014394,19.1075474095231
252,"web|two_factor|medium|one_to_one",-6.49138610823059,19.1075474095231
252,"mobile|simple|high|one_to_one",-4.47463837948432,19.1075474095231
252,"mobile|simple|low|multi_person",-2.47155441138704,19.1075474095231
252,"web|multi_factor|low|multi_person",-5.09643951119589,19.1075474095231
252,"web|two_factor|medium|multi_person",-6.3144221148493,19.1075474095231
252,"mobile|two_factor|low|one_to_one",-4.05845043285498,19.1075474095231
252,"web|two_factor|high|one_to_one",-7.29041631034067,19.1075474095231
252,"web|two_factor|low|one_to_one",-5.46429633562468,19.1075474095231
253,"web|simple|low|multi_person",-6.26763876082514,20.3136903611372
253,"mobile|two_factor|low|multi_person",-3.99393124613468,20.3136903611372
253,"web|two_factor|low|multi_person",-4.18810545668392,20.3136903611372
253,"mobile|multi_factor|low|multi_person",-3.94091646552239,20.3136903611372
253,"mobile|simple|medium|multi_person",-7.30484898439586,20.3136903611372
253,"mobile|multi_factor|medium|multi_person",-5.17230089964236,20.3136903611372
253,"web|multi_factor|medium|multi_person",-5.3664751101916,20.3136903611372
253,"mobile|simple|high|multi_person",-8.35133144262833,20.3136903611372
253,"web|simple|high|multi_person",-8.54550565317757,20.3136903611372
253,"mobile|two_factor|high|multi_person",-6.27179813848712,20.3136903611372
253,"mobile|multi_factor|high|multi_person",-6.21878335787483,20.3136903611372
253,"mobile|simple|low|one_to_one",-5.80637804587478,20.3136903611372
253,"web|simple|low|one_to_one",-6.00055225642403,20.3136903611372
253,"mobile|multi_factor|low|one_to_one",-3.67382996112128,20.3136903611372
253,"web|multi_factor|low|one_to_one",-3.86800417167052,20.3136903611372
253,"mobile|simple|medium|one_to_one",-7.03776247999475,20.3136903611372
253,"mobile|two_factor|medium|one_to_one",-4.95822917585354,20.3136903611372
253,"mobile|multi_factor|medium|one_to_one",-4.90521439524125,20.3136903611372
253,"web|multi_factor|medium|one_to_one",-5.09938860579049,20.3136903611372
253,"web|simple|high|one_to_one",-8.27841914877646,20.3136903611372
253,"mobile|two_factor|high|one_to_one",-6.00471163408601,20.3136903611372
253,"mobile|multi_factor|high|one_to_one",-5.95169685347372,20.3136903611372
253,"web|multi_factor|high|one_to_one",-6.14587106402296,20.3136903611372
253,"web|simple|medium|multi_person",-7.4990231949451,20.3136903611372
253,"mobile|two_factor|medium|multi_person",-5.22531568025465,20.3136903611372
253,"web|two_factor|high|multi_person",-6.46597234903636,20.3136903611372
253,"web|multi_factor|high|multi_person",-6.41295756842407,20.3136903611372
253,"web|simple|medium|one_to_one",-7.231936690544,20.3136903611372
253,"web|two_factor|medium|one_to_one",-5.15240338640278,20.3136903611372
253,"mobile|simple|high|one_to_one",-8.08424493822722,20.3136903611372
253,"mobile|simple|low|multi_person",-6.07346455027589,20.3136903611372
253,"web|multi_factor|low|multi_person",-4.13509067607163,20.3136903611372
253,"web|two_factor|medium|multi_person",-5.4194898908039,20.3136903611372
253,"mobile|two_factor|low|one_to_one",-3.72684474173357,20.3136903611372
253,"web|two_factor|high|one_to_one",-6.19888584463525,20.3136903611372
253,"web|two_factor|low|one_to_one",-3.92101895228281,20.3136903611372
254,"web|simple|low|multi_person",-2.99256781079021,19.3264794451017
254,"mobile|two_factor|low|multi_person",-4.76808394065428,19.3264794451017
254,"web|two_factor|low|multi_person",-4.15046963984628,19.3264794451017
254,"mobile|multi_factor|low|multi_person",-5.43560175706676,19.3264794451017
254,"mobile|simple|medium|multi_person",-4.84940781757638,19.3264794451017
254,"mobile|multi_factor|medium|multi_person",-6.67482746304493,19.3264794451017
254,"web|multi_factor|medium|multi_person",-6.05721316223693,19.3264794451017
254,"mobile|simple|high|multi_person",-5.21921397418484,19.3264794451017
254,"web|simple|high|multi_person",-4.60159967337684,19.3264794451017
254,"mobile|two_factor|high|multi_person",-6.37711580324091,19.3264794451017
254,"mobile|multi_factor|high|multi_person",-7.04463361965339,19.3264794451017
254,"mobile|simple|low|one_to_one",-3.76935140441574,19.3264794451017
254,"web|simple|low|one_to_one",-3.15173710360774,19.3264794451017
254,"mobile|multi_factor|low|one_to_one",-5.59477104988428,19.3264794451017
254,"web|multi_factor|low|one_to_one",-4.97715674907628,19.3264794451017
254,"mobile|simple|medium|one_to_one",-5.00857711039391,19.3264794451017
254,"mobile|two_factor|medium|one_to_one",-6.16647893944997,19.3264794451017
254,"mobile|multi_factor|medium|one_to_one",-6.83399675586245,19.3264794451017
254,"web|multi_factor|medium|one_to_one",-6.21638245505445,19.3264794451017
254,"web|simple|high|one_to_one",-4.76076896619437,19.3264794451017
254,"mobile|two_factor|high|one_to_one",-6.53628509605843,19.3264794451017
254,"mobile|multi_factor|high|one_to_one",-7.20380291247091,19.3264794451017
254,"web|multi_factor|high|one_to_one",-6.58618861166291,19.3264794451017
254,"web|simple|medium|multi_person",-4.23179351676838,19.3264794451017
254,"mobile|two_factor|medium|multi_person",-6.00730964663245,19.3264794451017
254,"web|two_factor|high|multi_person",-5.75950150243291,19.3264794451017
254,"web|multi_factor|high|multi_person",-6.42701931884539,19.3264794451017
254,"web|simple|medium|one_to_one",-4.39096280958591,19.3264794451017
254,"web|two_factor|medium|one_to_one",-5.54886463864197,19.3264794451017
254,"mobile|simple|high|one_to_one",-5.37838326700237,19.3264794451017
254,"mobile|simple|low|multi_person",-3.61018211159821,19.3264794451017
254,"web|multi_factor|low|multi_person",-4.81798745625876,19.3264794451017
254,"web|two_factor|medium|multi_person",-5.38969534582445,19.3264794451017
254,"mobile|two_factor|low|one_to_one",-4.9272532334718,19.3264794451017
254,"web|two_factor|high|one_to_one",-5.91867079525043,19.3264794451017
254,"web|two_factor|low|one_to_one",-4.3096389326638,19.3264794451017
256,"web|simple|low|multi_person",-3.12280884084667,9.40799842063369
256,"mobile|two_factor|low|multi_person",-4.51182854948946,9.40799842063369
256,"web|two_factor|low|multi_person",-5.5733685791125,9.40799842063369
256,"mobile|multi_factor|low|multi_person",-5.27002165279751,9.40799842063369
256,"mobile|simple|medium|multi_person",-3.6509718943403,9.40799842063369
256,"mobile|multi_factor|medium|multi_person",-6.85972473591419,9.40799842063369
256,"web|multi_factor|medium|multi_person",-7.92126476553724,9.40799842063369
256,"mobile|simple|high|multi_person",-2.56687016816812,9.40799842063369
256,"web|simple|high|multi_person",-3.62841019779117,9.40799842063369
256,"mobile|two_factor|high|multi_person",-5.01742990643396,9.40799842063369
256,"mobile|multi_factor|high|multi_person",-5.77562300974201,9.40799842063369
256,"mobile|simple|low|one_to_one",-2.69567640768404,9.40799842063369
256,"web|simple|low|one_to_one",-3.75721643730708,9.40799842063369
256,"mobile|multi_factor|low|one_to_one",-5.90442924925792,9.40799842063369
256,"web|multi_factor|low|one_to_one",-6.96596927888097,9.40799842063369
256,"mobile|simple|medium|one_to_one",-4.28537949080072,9.40799842063369
256,"mobile|two_factor|medium|one_to_one",-6.73593922906655,9.40799842063369
256,"mobile|multi_factor|medium|one_to_one",-7.49413233237461,9.40799842063369
256,"web|multi_factor|medium|one_to_one",-8.55567236199765,9.40799842063369
256,"web|simple|high|one_to_one",-4.26281779425158,9.40799842063369
256,"mobile|two_factor|high|one_to_one",-5.65183750289437,9.40799842063369
256,"mobile|multi_factor|high|one_to_one",-6.41003060620243,9.40799842063369
256,"web|multi_factor|high|one_to_one",-7.47157063582547,9.40799842063369
256,"web|simple|medium|multi_person",-4.71251192396335,9.40799842063369
256,"mobile|two_factor|medium|multi_person",-6.10153163260614,9.40799842063369
256,"web|two_factor|high|multi_person",-6.078969936057,9.40799842063369
256,"web|multi_factor|high|multi_person",-6.83716303936506,9.40799842063369
256,"web|simple|medium|one_to_one",-5.34691952042376,9.40799842063369
256,"web|two_factor|medium|one_to_one",-7.7974792586896,9.40799842063369
256,"mobile|simple|high|one_to_one",-3.20127776462854,9.40799842063369
256,"mobile|simple|low|multi_person",-2.06126881122362,9.40799842063369
256,"web|multi_factor|low|multi_person",-6.33156168242056,9.40799842063369
256,"web|two_factor|medium|multi_person",-7.16307166222918,9.40799842063369
256,"mobile|two_factor|low|one_to_one",-5.14623614594987,9.40799842063369
256,"web|two_factor|high|one_to_one",-6.71337753251742,9.40799842063369
256,"web|two_factor|low|one_to_one",-6.20777617557292,9.40799842063369
258,"web|simple|low|multi_person",-4.01017594861986,10.7027589625082
258,"mobile|two_factor|low|multi_person",-5.33718758864518,10.7027589625082
258,"web|two_factor|low|multi_person",-5.73209863386609,10.7027589625082
258,"mobile|multi_factor|low|multi_person",-5.49776528010078,10.7027589625082
258,"mobile|simple|medium|multi_person",-3.44900763223837,10.7027589625082
258,"mobile|multi_factor|medium|multi_person",-5.33150800894019,10.7027589625082
258,"web|multi_factor|medium|multi_person",-5.7264190541611,10.7027589625082
258,"mobile|simple|high|multi_person",-6.00479964813602,10.7027589625082
258,"web|simple|high|multi_person",-6.39971069335692,10.7027589625082
258,"mobile|two_factor|high|multi_person",-7.72672233338224,10.7027589625082
258,"mobile|multi_factor|high|multi_person",-7.88730002483783,10.7027589625082
258,"mobile|simple|low|one_to_one",-3.88655808115114,10.7027589625082
258,"web|simple|low|one_to_one",-4.28146912637204,10.7027589625082
258,"mobile|multi_factor|low|one_to_one",-5.76905845785296,10.7027589625082
258,"web|multi_factor|low|one_to_one",-6.16396950307386,10.7027589625082
258,"mobile|simple|medium|one_to_one",-3.72030080999056,10.7027589625082
258,"mobile|two_factor|medium|one_to_one",-5.44222349523678,10.7027589625082
258,"mobile|multi_factor|medium|one_to_one",-5.60280118669238,10.7027589625082
258,"web|multi_factor|medium|one_to_one",-5.99771223191328,10.7027589625082
258,"web|simple|high|one_to_one",-6.6710038711091,10.7027589625082
258,"mobile|two_factor|high|one_to_one",-7.99801551113443,10.7027589625082
258,"mobile|multi_factor|high|one_to_one",-8.15859320259002,10.7027589625082
258,"web|multi_factor|high|one_to_one",-8.55350424781092,10.7027589625082
258,"web|simple|medium|multi_person",-3.84391867745928,10.7027589625082
258,"mobile|two_factor|medium|multi_person",-5.1709303174846,10.7027589625082
258,"web|two_factor|high|multi_person",-8.12163337860314,10.7027589625082
258,"web|multi_factor|high|multi_person",-8.28221107005874,10.7027589625082
258,"web|simple|medium|one_to_one",-4.11521185521146,10.7027589625082
258,"web|two_factor|medium|one_to_one",-5.83713454045769,10.7027589625082
258,"mobile|simple|high|one_to_one",-6.2760928258882,10.7027589625082
258,"mobile|simple|low|multi_person",-3.61526490339896,10.7027589625082
258,"web|multi_factor|low|multi_person",-5.89267632532168,10.7027589625082
258,"web|two_factor|medium|multi_person",-5.5658413627055,10.7027589625082
258,"mobile|two_factor|low|one_to_one",-5.60848076639737,10.7027589625082
258,"web|two_factor|high|one_to_one",-8.39292655635533,10.7027589625082
258,"web|two_factor|low|one_to_one",-6.00339181161827,10.7027589625082
259,"web|simple|low|multi_person",-4.97441472268605,20.299141987983
259,"mobile|two_factor|low|multi_person",-4.15329013556787,20.299141987983
259,"web|two_factor|low|multi_person",-5.08988908850539,20.299141987983
259,"mobile|multi_factor|low|multi_person",-4.86482649817166,20.299141987983
259,"mobile|simple|medium|multi_person",-4.51007126578151,20.299141987983
259,"mobile|multi_factor|medium|multi_person",-5.33708199420464,20.299141987983
259,"web|multi_factor|medium|multi_person",-6.27368094714216,20.299141987983
259,"mobile|simple|high|multi_person",-5.25982489071613,20.299141987983
259,"web|simple|high|multi_person",-6.19642384365366,20.299141987983
259,"mobile|two_factor|high|multi_person",-5.37529925653547,20.299141987983
259,"mobile|multi_factor|high|multi_person",-6.08683561913926,20.299141987983
259,"mobile|simple|low|one_to_one",-3.34503670656968,20.299141987983
259,"web|simple|low|one_to_one",-4.28163565950721,20.299141987983
259,"mobile|multi_factor|low|one_to_one",-4.17204743499281,20.299141987983
259,"web|multi_factor|low|one_to_one",-5.10864638793034,20.299141987983
259,"mobile|simple|medium|one_to_one",-3.81729220260267,20.299141987983
259,"mobile|two_factor|medium|one_to_one",-3.93276656842201,20.299141987983
259,"mobile|multi_factor|medium|one_to_one",-4.6443029310258,20.299141987983
259,"web|multi_factor|medium|one_to_one",-5.58090188396332,20.299141987983
259,"web|simple|high|one_to_one",-5.50364478047481,20.299141987983
259,"mobile|two_factor|high|one_to_one",-4.68252019335663,20.299141987983
259,"mobile|multi_factor|high|one_to_one",-5.39405655596042,20.299141987983
259,"web|multi_factor|high|one_to_one",-6.33065550889795,20.299141987983
259,"web|simple|medium|multi_person",-5.44667021871903,20.299141987983
259,"mobile|two_factor|medium|multi_person",-4.62554563160085,20.299141987983
259,"web|two_factor|high|multi_person",-6.311898209473,20.299141987983
259,"web|multi_factor|high|multi_person",-7.02343457207679,20.299141987983
259,"web|simple|medium|one_to_one",-4.75389115554019,20.299141987983
259,"web|two_factor|medium|one_to_one",-4.86936552135953,20.299141987983
259,"mobile|simple|high|one_to_one",-4.56704582753729,20.299141987983
259,"mobile|simple|low|multi_person",-4.03781576974853,20.299141987983
259,"web|multi_factor|low|multi_person",-5.80142545110918,20.299141987983
259,"web|two_factor|medium|multi_person",-5.56214458453838,20.299141987983
259,"mobile|two_factor|low|one_to_one",-3.46051107238903,20.299141987983
259,"web|two_factor|high|one_to_one",-5.61911914629416,20.299141987983
259,"web|two_factor|low|one_to_one",-4.39711002532655,20.299141987983
260,"web|simple|low|multi_person",-4.25757786760039,19.6237914766752
260,"mobile|two_factor|low|multi_person",-4.35193195131615,19.6237914766752
260,"web|two_factor|low|multi_person",-5.16613875125848,19.6237914766752
260,"mobile|multi_factor|low|multi_person",-4.30666573560753,19.6237914766752
260,"mobile|simple|medium|multi_person",-4.56803370069597,19.6237914766752
260,"mobile|multi_factor|medium|multi_person",-5.43132836864544,19.6237914766752
260,"web|multi_factor|medium|multi_person",-6.24553516858778,19.6237914766752
260,"mobile|simple|high|multi_person",-5.62257011160338,19.6237914766752
260,"web|simple|high|multi_person",-6.43677691154571,19.6237914766752
260,"mobile|two_factor|high|multi_person",-6.53113099526147,19.6237914766752
260,"mobile|multi_factor|high|multi_person",-6.48586477955285,19.6237914766752
260,"mobile|simple|low|one_to_one",-3.04682783855933,19.6237914766752
260,"web|simple|low|one_to_one",-3.86103463850166,19.6237914766752
260,"mobile|multi_factor|low|one_to_one",-3.9101225065088,19.6237914766752
260,"web|multi_factor|low|one_to_one",-4.72432930645113,19.6237914766752
260,"mobile|simple|medium|one_to_one",-4.17149047159724,19.6237914766752
260,"mobile|two_factor|medium|one_to_one",-5.08005135525533,19.6237914766752
260,"mobile|multi_factor|medium|one_to_one",-5.03478513954671,19.6237914766752
260,"web|multi_factor|medium|one_to_one",-5.84899193948904,19.6237914766752
260,"web|simple|high|one_to_one",-6.04023368244698,19.6237914766752
260,"mobile|two_factor|high|one_to_one",-6.13458776616273,19.6237914766752
260,"mobile|multi_factor|high|one_to_one",-6.08932155045412,19.6237914766752
260,"web|multi_factor|high|one_to_one",-6.90352835039645,19.6237914766752
260,"web|simple|medium|multi_person",-5.38224050063831,19.6237914766752
260,"mobile|two_factor|medium|multi_person",-5.47659458435406,19.6237914766752
260,"web|two_factor|high|multi_person",-7.3453377952038,19.6237914766752
260,"web|multi_factor|high|multi_person",-7.30007157949518,19.6237914766752
260,"web|simple|medium|one_to_one",-4.98569727153957,19.6237914766752
260,"web|two_factor|medium|one_to_one",-5.89425815519766,19.6237914766752
260,"mobile|simple|high|one_to_one",-5.22602688250465,19.6237914766752
260,"mobile|simple|low|multi_person",-3.44337106765806,19.6237914766752
260,"web|multi_factor|low|multi_person",-5.12087253554986,19.6237914766752
260,"web|two_factor|medium|multi_person",-6.2908013842964,19.6237914766752
260,"mobile|two_factor|low|one_to_one",-3.95538872221741,19.6237914766752
260,"web|two_factor|high|one_to_one",-6.94879456610507,19.6237914766752
260,"web|two_factor|low|one_to_one",-4.76959552215975,19.6237914766752
261,"web|simple|low|multi_person",-3.43021448229021,8.16732108028858
261,"mobile|two_factor|low|multi_person",-4.10822571568937,8.16732108028858
261,"web|two_factor|low|multi_person",-5.65706975303928,8.16732108028858
261,"mobile|multi_factor|low|multi_person",-3.63890095226723,8.16732108028858
261,"mobile|simple|medium|multi_person",-3.10152350272359,8.16732108028858
261,"mobile|multi_factor|medium|multi_person",-4.85905401005052,8.16732108028858
261,"web|multi_factor|medium|multi_person",-6.40789804740042,8.16732108028858
261,"mobile|simple|high|multi_person",-4.05171758969614,8.16732108028858
261,"web|simple|high|multi_person",-5.60056162704605,8.16732108028858
261,"mobile|two_factor|high|multi_person",-6.27857286044521,8.16732108028858
261,"mobile|multi_factor|high|multi_person",-5.80924809702307,8.16732108028858
261,"mobile|simple|low|one_to_one",-2.99461780230773,8.16732108028858
261,"web|simple|low|one_to_one",-4.54346183965764,8.16732108028858
261,"mobile|multi_factor|low|one_to_one",-4.75214830963466,8.16732108028858
261,"web|multi_factor|low|one_to_one",-6.30099234698456,8.16732108028858
261,"mobile|simple|medium|one_to_one",-4.21477086009102,8.16732108028858
261,"mobile|two_factor|medium|one_to_one",-6.4416261308401,8.16732108028858
261,"mobile|multi_factor|medium|one_to_one",-5.97230136741795,8.16732108028858
261,"web|multi_factor|medium|one_to_one",-7.52114540476786,8.16732108028858
261,"web|simple|high|one_to_one",-6.71380898441348,8.16732108028858
261,"mobile|two_factor|high|one_to_one",-7.39182021781265,8.16732108028858
261,"mobile|multi_factor|high|one_to_one",-6.9224954543905,8.16732108028858
261,"web|multi_factor|high|one_to_one",-8.4713394917404,8.16732108028858
261,"web|simple|medium|multi_person",-4.6503675400735,8.16732108028858
261,"mobile|two_factor|medium|multi_person",-5.32837877347266,8.16732108028858
261,"web|two_factor|high|multi_person",-7.82741689779512,8.16732108028858
261,"web|multi_factor|high|multi_person",-7.35809213437297,8.16732108028858
261,"web|simple|medium|one_to_one",-5.76361489744093,8.16732108028858
261,"web|two_factor|medium|one_to_one",-7.99047016819,8.16732108028858
261,"mobile|simple|high|one_to_one",-5.16496494706357,8.16732108028858
261,"mobile|simple|low|multi_person",-1.8813704449403,8.16732108028858
261,"web|multi_factor|low|multi_person",-5.18774498961713,8.16732108028858
261,"web|two_factor|medium|multi_person",-6.87722281082257,8.16732108028858
261,"mobile|two_factor|low|one_to_one",-5.2214730730568,8.16732108028858
261,"web|two_factor|high|one_to_one",-8.94066425516255,8.16732108028858
261,"web|two_factor|low|one_to_one",-6.77031711040671,8.16732108028858
263,"web|simple|low|multi_person",-5.07036014845796,14.2608140834194
263,"mobile|two_factor|low|multi_person",-4.1717035324617,14.2608140834194
263,"web|two_factor|low|multi_person",-5.38484970673688,14.2608140834194
263,"mobile|multi_factor|low|multi_person",-5.85310076329346,14.2608140834194
263,"mobile|simple|medium|multi_person",-4.78115846762837,14.2608140834194
263,"mobile|multi_factor|medium|multi_person",-6.77704525673907,14.2608140834194
263,"web|multi_factor|medium|multi_person",-7.99019143101426,14.2608140834194
263,"mobile|simple|high|multi_person",-4.43986153479411,14.2608140834194
263,"web|simple|high|multi_person",-5.6530077090693,14.2608140834194
263,"mobile|two_factor|high|multi_person",-4.75435109307303,14.2608140834194
263,"mobile|multi_factor|high|multi_person",-6.4357483239048,14.2608140834194
263,"mobile|simple|low|one_to_one",-2.89306640339574,14.2608140834194
263,"web|simple|low|one_to_one",-4.10621257767093,14.2608140834194
263,"mobile|multi_factor|low|one_to_one",-4.88895319250644,14.2608140834194
263,"web|multi_factor|low|one_to_one",-6.10209936678163,14.2608140834194
263,"mobile|simple|medium|one_to_one",-3.81701089684135,14.2608140834194
263,"mobile|two_factor|medium|one_to_one",-4.13150045512028,14.2608140834194
263,"mobile|multi_factor|medium|one_to_one",-5.81289768595204,14.2608140834194
263,"web|multi_factor|medium|one_to_one",-7.02604386022723,14.2608140834194
263,"web|simple|high|one_to_one",-4.68886013828227,14.2608140834194
263,"mobile|two_factor|high|one_to_one",-3.79020352228601,14.2608140834194
263,"mobile|multi_factor|high|one_to_one",-5.47160075311778,14.2608140834194
263,"web|multi_factor|high|one_to_one",-6.68474692739297,14.2608140834194
263,"web|simple|medium|multi_person",-5.99430464190356,14.2608140834194
263,"mobile|two_factor|medium|multi_person",-5.0956480259073,14.2608140834194
263,"web|two_factor|high|multi_person",-5.96749726734822,14.2608140834194
263,"web|multi_factor|high|multi_person",-7.64889449817999,14.2608140834194
263,"web|simple|medium|one_to_one",-5.03015707111654,14.2608140834194
263,"web|two_factor|medium|one_to_one",-5.34464662939546,14.2608140834194
263,"mobile|simple|high|one_to_one",-3.47571396400708,14.2608140834194
263,"mobile|simple|low|multi_person",-3.85721397418277,14.2608140834194
263,"web|multi_factor|low|multi_person",-7.06624693756865,14.2608140834194
263,"web|two_factor|medium|multi_person",-6.30879420018249,14.2608140834194
263,"mobile|two_factor|low|one_to_one",-3.20755596167467,14.2608140834194
263,"web|two_factor|high|one_to_one",-5.0033496965612,14.2608140834194
263,"web|two_factor|low|one_to_one",-4.42070213594986,14.2608140834194
264,"web|simple|low|multi_person",-5.17120368849856,14.3285059597328
264,"mobile|two_factor|low|multi_person",-2.96083189201211,14.3285059597328
264,"web|two_factor|low|multi_person",-4.79504412768262,14.3285059597328
264,"mobile|multi_factor|low|multi_person",-3.96973288558125,14.3285059597328
264,"mobile|simple|medium|multi_person",-4.03654876426969,14.3285059597328
264,"mobile|multi_factor|medium|multi_person",-4.6692901970229,14.3285059597328
264,"web|multi_factor|medium|multi_person",-6.50350243269342,14.3285059597328
264,"mobile|simple|high|multi_person",-5.70490699963933,14.3285059597328
264,"web|simple|high|multi_person",-7.53911923530985,14.3285059597328
264,"mobile|two_factor|high|multi_person",-5.3287474388234,14.3285059597328
264,"mobile|multi_factor|high|multi_person",-6.33764843239254,14.3285059597328
264,"mobile|simple|low|one_to_one",-3.62001638177149,14.3285059597328
264,"web|simple|low|one_to_one",-5.454228617442,14.3285059597328
264,"mobile|multi_factor|low|one_to_one",-4.25275781452469,14.3285059597328
264,"web|multi_factor|low|one_to_one",-6.08697005019521,14.3285059597328
264,"mobile|simple|medium|one_to_one",-4.31957369321314,14.3285059597328
264,"mobile|two_factor|medium|one_to_one",-3.9434141323972,14.3285059597328
264,"mobile|multi_factor|medium|one_to_one",-4.95231512596635,14.3285059597328
264,"web|multi_factor|medium|one_to_one",-6.78652736163686,14.3285059597328
264,"web|simple|high|one_to_one",-7.82214416425329,14.3285059597328
264,"mobile|two_factor|high|one_to_one",-5.61177236776684,14.3285059597328
264,"mobile|multi_factor|high|one_to_one",-6.62067336133598,14.3285059597328
264,"web|multi_factor|high|one_to_one",-8.4548855970065,14.3285059597328
264,"web|simple|medium|multi_person",-5.87076099994021,14.3285059597328
264,"mobile|two_factor|medium|multi_person",-3.66038920345376,14.3285059597328
264,"web|two_factor|high|multi_person",-7.16295967449391,14.3285059597328
264,"web|multi_factor|high|multi_person",-8.17186066806306,14.3285059597328
264,"web|simple|medium|one_to_one",-6.15378592888365,14.3285059597328
264,"web|two_factor|medium|one_to_one",-5.77762636806772,14.3285059597328
264,"mobile|simple|high|one_to_one",-5.98793192858278,14.3285059597328
264,"mobile|simple|low|multi_person",-3.33699145282804,14.3285059597328
264,"web|multi_factor|low|multi_person",-5.80394512125177,14.3285059597328
264,"web|two_factor|medium|multi_person",-5.49460143912428,14.3285059597328
264,"mobile|two_factor|low|one_to_one",-3.24385682095555,14.3285059597328
264,"web|two_factor|high|one_to_one",-7.44598460343736,14.3285059597328
264,"web|two_factor|low|one_to_one",-5.07806905662607,14.3285059597328
265,"web|simple|low|multi_person",-5.6914540388453,11.6433669306635
265,"mobile|two_factor|low|multi_person",-4.03723700971376,11.6433669306635
265,"web|two_factor|low|multi_person",-5.7212927390076,11.6433669306635
265,"mobile|multi_factor|low|multi_person",-4.1198026491314,11.6433669306635
265,"mobile|simple|medium|multi_person",-4.39597997777636,11.6433669306635
265,"mobile|multi_factor|medium|multi_person",-4.50838431735631,11.6433669306635
265,"web|multi_factor|medium|multi_person",-6.19244004665015,11.6433669306635
265,"mobile|simple|high|multi_person",-5.28375641604942,11.6433669306635
265,"web|simple|high|multi_person",-6.96781214534326,11.6433669306635
265,"mobile|two_factor|high|multi_person",-5.31359511621172,11.6433669306635
265,"mobile|multi_factor|high|multi_person",-5.39616075562937,11.6433669306635
265,"mobile|simple|low|one_to_one",-5.40025198580019,11.6433669306635
265,"web|simple|low|one_to_one",-7.08430771509404,11.6433669306635
265,"mobile|multi_factor|low|one_to_one",-5.51265632538014,11.6433669306635
265,"web|multi_factor|low|one_to_one",-7.19671205467399,11.6433669306635
265,"mobile|simple|medium|one_to_one",-5.7888336540251,11.6433669306635
265,"mobile|two_factor|medium|one_to_one",-5.8186723541874,11.6433669306635
265,"mobile|multi_factor|medium|one_to_one",-5.90123799360505,11.6433669306635
265,"web|multi_factor|medium|one_to_one",-7.58529372289889,11.6433669306635
265,"web|simple|high|one_to_one",-8.360665821592,11.6433669306635
265,"mobile|two_factor|high|one_to_one",-6.70644879246046,11.6433669306635
265,"mobile|multi_factor|high|one_to_one",-6.7890144318781,11.6433669306635
265,"web|multi_factor|high|one_to_one",-8.47307016117195,11.6433669306635
265,"web|simple|medium|multi_person",-6.0800357070702,11.6433669306635
265,"mobile|two_factor|medium|multi_person",-4.42581867793866,11.6433669306635
265,"web|two_factor|high|multi_person",-6.99765084550557,11.6433669306635
265,"web|multi_factor|high|multi_person",-7.08021648492321,11.6433669306635
265,"web|simple|medium|one_to_one",-7.47288938331894,11.6433669306635
265,"web|two_factor|medium|one_to_one",-7.50272808348125,11.6433669306635
265,"mobile|simple|high|one_to_one",-6.67661009229816,11.6433669306635
265,"mobile|simple|low|multi_person",-4.00739830955145,11.6433669306635
265,"web|multi_factor|low|multi_person",-5.80385837842525,11.6433669306635
265,"web|two_factor|medium|multi_person",-6.10987440723251,11.6433669306635
265,"mobile|two_factor|low|one_to_one",-5.4300906859625,11.6433669306635
265,"web|two_factor|high|one_to_one",-8.3905045217543,11.6433669306635
265,"web|two_factor|low|one_to_one",-7.11414641525634,11.6433669306635
266,"web|simple|low|multi_person",-2.96665487642969,19.922587731844
266,"mobile|two_factor|low|multi_person",-4.27292571900521,19.922587731844
266,"web|two_factor|low|multi_person",-4.62839692206141,19.922587731844
266,"mobile|multi_factor|low|multi_person",-5.09145803505918,19.922587731844
266,"mobile|simple|medium|multi_person",-3.52840938143966,19.922587731844
266,"mobile|multi_factor|medium|multi_person",-6.00868374312535,19.922587731844
266,"web|multi_factor|medium|multi_person",-6.36415494618155,19.922587731844
266,"mobile|simple|high|multi_person",-4.698282831668,19.922587731844
266,"web|simple|high|multi_person",-5.0537540347242,19.922587731844
266,"mobile|two_factor|high|multi_person",-6.36002487729972,19.922587731844
266,"mobile|multi_factor|high|multi_person",-7.17855719335369,19.922587731844
266,"mobile|simple|low|one_to_one",-2.48141900134655,19.922587731844
266,"web|simple|low|one_to_one",-2.83689020440275,19.922587731844
266,"mobile|multi_factor|low|one_to_one",-4.96169336303224,19.922587731844
266,"web|multi_factor|low|one_to_one",-5.31716456608844,19.922587731844
266,"mobile|simple|medium|one_to_one",-3.39864470941273,19.922587731844
266,"mobile|two_factor|medium|one_to_one",-5.06038675504445,19.922587731844
266,"mobile|multi_factor|medium|one_to_one",-5.87891907109842,19.922587731844
266,"web|multi_factor|medium|one_to_one",-6.23439027415461,19.922587731844
266,"web|simple|high|one_to_one",-4.92398936269726,19.922587731844
266,"mobile|two_factor|high|one_to_one",-6.23026020527278,19.922587731844
266,"mobile|multi_factor|high|one_to_one",-7.04879252132675,19.922587731844
266,"web|multi_factor|high|one_to_one",-7.40426372438295,19.922587731844
266,"web|simple|medium|multi_person",-3.88388058449586,19.922587731844
266,"mobile|two_factor|medium|multi_person",-5.19015142707138,19.922587731844
266,"web|two_factor|high|multi_person",-6.71549608035592,19.922587731844
266,"web|multi_factor|high|multi_person",-7.53402839640989,19.922587731844
266,"web|simple|medium|one_to_one",-3.75411591246892,19.922587731844
266,"web|two_factor|medium|one_to_one",-5.41585795810064,19.922587731844
266,"mobile|simple|high|one_to_one",-4.56851815964106,19.922587731844
266,"mobile|simple|low|multi_person",-2.61118367337349,19.922587731844
266,"web|multi_factor|low|multi_person",-5.44692923811538,19.922587731844
266,"web|two_factor|medium|multi_person",-5.54562263012758,19.922587731844
266,"mobile|two_factor|low|one_to_one",-4.14316104697827,19.922587731844
266,"web|two_factor|high|one_to_one",-6.58573140832898,19.922587731844
266,"web|two_factor|low|one_to_one",-4.49863225003447,19.922587731844
267,"web|simple|low|multi_person",-5.03246368418502,19.0050904258717
267,"mobile|two_factor|low|multi_person",-3.77552128799651,19.0050904258717
267,"web|two_factor|low|multi_person",-6.11016489414371,19.0050904258717
267,"mobile|multi_factor|low|multi_person",-3.89432469545378,19.0050904258717
267,"mobile|simple|medium|multi_person",-3.61393194823845,19.0050904258717
267,"mobile|multi_factor|medium|multi_person",-4.81043656565442,19.0050904258717
267,"web|multi_factor|medium|multi_person",-7.14508017180161,19.0050904258717
267,"mobile|simple|high|multi_person",-3.50600207322598,19.0050904258717
267,"web|simple|high|multi_person",-5.84064567937318,19.0050904258717
267,"mobile|two_factor|high|multi_person",-4.58370328318467,19.0050904258717
267,"mobile|multi_factor|high|multi_person",-4.70250669064194,19.0050904258717
267,"mobile|simple|low|one_to_one",-2.30469262373408,19.0050904258717
267,"web|simple|low|one_to_one",-4.63933622988128,19.0050904258717
267,"mobile|multi_factor|low|one_to_one",-3.50119724115005,19.0050904258717
267,"web|multi_factor|low|one_to_one",-5.83584084729725,19.0050904258717
267,"mobile|simple|medium|one_to_one",-3.22080449393472,19.0050904258717
267,"mobile|two_factor|medium|one_to_one",-4.29850570389341,19.0050904258717
267,"mobile|multi_factor|medium|one_to_one",-4.41730911135068,19.0050904258717
267,"web|multi_factor|medium|one_to_one",-6.75195271749788,19.0050904258717
267,"web|simple|high|one_to_one",-5.44751822506944,19.0050904258717
267,"mobile|two_factor|high|one_to_one",-4.19057582888094,19.0050904258717
267,"mobile|multi_factor|high|one_to_one",-4.30937923633821,19.0050904258717
267,"web|multi_factor|high|one_to_one",-6.64402284248541,19.0050904258717
267,"web|simple|medium|multi_person",-5.94857555438565,19.0050904258717
267,"mobile|two_factor|medium|multi_person",-4.69163315819714,19.0050904258717
267,"web|two_factor|high|multi_person",-6.91834688933187,19.0050904258717
267,"web|multi_factor|high|multi_person",-7.03715029678914,19.0050904258717
267,"web|simple|medium|one_to_one",-5.55544810008192,19.0050904258717
267,"web|two_factor|medium|one_to_one",-6.63314931004061,19.0050904258717
267,"mobile|simple|high|one_to_one",-3.11287461892224,19.0050904258717
267,"mobile|simple|low|multi_person",-2.69782007803782,19.0050904258717
267,"web|multi_factor|low|multi_person",-6.22896830160098,19.0050904258717
267,"web|two_factor|medium|multi_person",-7.02627676434434,19.0050904258717
267,"mobile|two_factor|low|one_to_one",-3.38239383369278,19.0050904258717
267,"web|two_factor|high|one_to_one",-6.52521943502814,19.0050904258717
267,"web|two_factor|low|one_to_one",-5.71703743983998,19.0050904258717
268,"web|simple|low|multi_person",-4.86268224464368,20.5409431480669
268,"mobile|two_factor|low|multi_person",-3.24348125318913,20.5409431480669
268,"web|two_factor|low|multi_person",-5.25072942971061,20.5409431480669
268,"mobile|multi_factor|low|multi_person",-4.05912957428089,20.5409431480669
268,"mobile|simple|medium|multi_person",-3.10884929308727,20.5409431480669
268,"mobile|multi_factor|medium|multi_person",-4.31254479924596,20.5409431480669
268,"web|multi_factor|medium|multi_person",-6.31979297576744,20.5409431480669
268,"mobile|simple|high|multi_person",-4.77689492915382,20.5409431480669
268,"web|simple|high|multi_person",-6.7841431056753,20.5409431480669
268,"mobile|two_factor|high|multi_person",-5.16494211422075,20.5409431480669
268,"mobile|multi_factor|high|multi_person",-5.9805904353125,20.5409431480669
268,"mobile|simple|low|one_to_one",-2.16039784677269,20.5409431480669
268,"web|simple|low|one_to_one",-4.16764602329417,20.5409431480669
268,"mobile|multi_factor|low|one_to_one",-3.36409335293137,20.5409431480669
268,"web|multi_factor|low|one_to_one",-5.37134152945285,20.5409431480669
268,"mobile|simple|medium|one_to_one",-2.41381307173776,20.5409431480669
268,"mobile|two_factor|medium|one_to_one",-2.80186025680469,20.5409431480669
268,"mobile|multi_factor|medium|one_to_one",-3.61750857789644,20.5409431480669
268,"web|multi_factor|medium|one_to_one",-5.62475675441793,20.5409431480669
268,"web|simple|high|one_to_one",-6.08910688432579,20.5409431480669
268,"mobile|two_factor|high|one_to_one",-4.46990589287124,20.5409431480669
268,"mobile|multi_factor|high|one_to_one",-5.28555421396299,20.5409431480669
268,"web|multi_factor|high|one_to_one",-7.29280239048447,20.5409431480669
268,"web|simple|medium|multi_person",-5.11609746960875,20.5409431480669
268,"mobile|two_factor|medium|multi_person",-3.4968964781542,20.5409431480669
268,"web|two_factor|high|multi_person",-7.17219029074223,20.5409431480669
268,"web|multi_factor|high|multi_person",-7.98783861183399,20.5409431480669
268,"web|simple|medium|one_to_one",-4.42106124825924,20.5409431480669
268,"web|two_factor|medium|one_to_one",-4.80910843332617,20.5409431480669
268,"mobile|simple|high|one_to_one",-4.08185870780431,20.5409431480669
268,"mobile|simple|low|multi_person",-2.8554340681222,20.5409431480669
268,"web|multi_factor|low|multi_person",-6.06637775080237,20.5409431480669
268,"web|two_factor|medium|multi_person",-5.50414465467568,20.5409431480669
268,"mobile|two_factor|low|one_to_one",-2.54844503183962,20.5409431480669
268,"web|two_factor|high|one_to_one",-6.47715406939272,20.5409431480669
268,"web|two_factor|low|one_to_one",-4.5556932083611,20.5409431480669
269,"web|simple|low|multi_person",-2.79870047052962,10.8613532810808
269,"mobile|two_factor|low|multi_person",-6.31179239903181,10.8613532810808
269,"web|two_factor|low|multi_person",-5.88555471831168,10.8613532810808
269,"mobile|multi_factor|low|multi_person",-6.47338186956444,10.8613532810808
269,"mobile|simple|medium|multi_person",-2.89775453725885,10.8613532810808
269,"mobile|multi_factor|medium|multi_person",-6.14619825557354,10.8613532810808
269,"web|multi_factor|medium|multi_person",-5.71996057485342,10.8613532810808
269,"mobile|simple|high|multi_person",-4.7628977831915,10.8613532810808
269,"web|simple|high|multi_person",-4.33666010247137,10.8613532810808
269,"mobile|two_factor|high|multi_person",-7.84975203097356,10.8613532810808
269,"mobile|multi_factor|high|multi_person",-8.01134150150619,10.8613532810808
269,"mobile|simple|low|one_to_one",-3.67859087877586,10.8613532810808
269,"web|simple|low|one_to_one",-3.25235319805573,10.8613532810808
269,"mobile|multi_factor|low|one_to_one",-6.92703459709055,10.8613532810808
269,"web|multi_factor|low|one_to_one",-6.50079691637042,10.8613532810808
269,"mobile|simple|medium|one_to_one",-3.35140726478497,10.8613532810808
269,"mobile|two_factor|medium|one_to_one",-6.43826151256703,10.8613532810808
269,"mobile|multi_factor|medium|one_to_one",-6.59985098309966,10.8613532810808
269,"web|multi_factor|medium|one_to_one",-6.17361330237953,10.8613532810808
269,"web|simple|high|one_to_one",-4.79031282999748,10.8613532810808
269,"mobile|two_factor|high|one_to_one",-8.30340475849967,10.8613532810808
269,"mobile|multi_factor|high|one_to_one",-8.4649942290323,10.8613532810808
269,"web|multi_factor|high|one_to_one",-8.03875654831217,10.8613532810808
269,"web|simple|medium|multi_person",-2.47151685653873,10.8613532810808
269,"mobile|two_factor|medium|multi_person",-5.98460878504091,10.8613532810808
269,"web|two_factor|high|multi_person",-7.42351435025343,10.8613532810808
269,"web|multi_factor|high|multi_person",-7.58510382078606,10.8613532810808
269,"web|simple|medium|one_to_one",-2.92516958406484,10.8613532810808
269,"web|two_factor|medium|one_to_one",-6.0120238318469,10.8613532810808
269,"mobile|simple|high|one_to_one",-5.21655051071761,10.8613532810808
269,"mobile|simple|low|multi_person",-3.22493815124975,10.8613532810808
269,"web|multi_factor|low|multi_person",-6.04714418884431,10.8613532810808
269,"web|two_factor|medium|multi_person",-5.55837110432079,10.8613532810808
269,"mobile|two_factor|low|one_to_one",-6.76544512655792,10.8613532810808
269,"web|two_factor|high|one_to_one",-7.87716707777954,10.8613532810808
269,"web|two_factor|low|one_to_one",-6.3392074458378,10.8613532810808
270,"web|simple|low|multi_person",-4.0021702657724,14.833223696666
270,"mobile|two_factor|low|multi_person",-2.55372409474947,14.833223696666
270,"web|two_factor|low|multi_person",-4.44912887437964,14.833223696666
270,"mobile|multi_factor|low|multi_person",-3.75546300701663,14.833223696666
270,"mobile|simple|medium|multi_person",-3.14237173211341,14.833223696666
270,"mobile|multi_factor|medium|multi_person",-4.79106925298781,14.833223696666
270,"web|multi_factor|medium|multi_person",-6.68647403261798,14.833223696666
270,"mobile|simple|high|multi_person",-4.82066727852797,14.833223696666
270,"web|simple|high|multi_person",-6.71607205815814,14.833223696666
270,"mobile|two_factor|high|multi_person",-5.26762588713521,14.833223696666
270,"mobile|multi_factor|high|multi_person",-6.46936479940237,14.833223696666
270,"mobile|simple|low|one_to_one",-2.70754372131787,14.833223696666
270,"web|simple|low|one_to_one",-4.60294850094804,14.833223696666
270,"mobile|multi_factor|low|one_to_one",-4.35624124219226,14.833223696666
270,"web|multi_factor|low|one_to_one",-6.25164602182243,14.833223696666
270,"mobile|simple|medium|one_to_one",-3.74314996728905,14.833223696666
270,"mobile|two_factor|medium|one_to_one",-4.19010857589629,14.833223696666
270,"mobile|multi_factor|medium|one_to_one",-5.39184748816344,14.833223696666
270,"web|multi_factor|medium|one_to_one",-7.28725226779361,14.833223696666
270,"web|simple|high|one_to_one",-7.31685029333378,14.833223696666
270,"mobile|two_factor|high|one_to_one",-5.86840412231085,14.833223696666
270,"mobile|multi_factor|high|one_to_one",-7.070143034578,14.833223696666
270,"web|multi_factor|high|one_to_one",-8.96554781420817,14.833223696666
270,"web|simple|medium|multi_person",-5.03777651174358,14.833223696666
270,"mobile|two_factor|medium|multi_person",-3.58933034072065,14.833223696666
270,"web|two_factor|high|multi_person",-7.16303066676538,14.833223696666
270,"web|multi_factor|high|multi_person",-8.36476957903254,14.833223696666
270,"web|simple|medium|one_to_one",-5.63855474691922,14.833223696666
270,"web|two_factor|medium|one_to_one",-6.08551335552646,14.833223696666
270,"mobile|simple|high|one_to_one",-5.42144551370361,14.833223696666
270,"mobile|simple|low|multi_person",-2.10676548614223,14.833223696666
270,"web|multi_factor|low|multi_person",-5.6508677866468,14.833223696666
270,"web|two_factor|medium|multi_person",-5.48473512035082,14.833223696666
270,"mobile|two_factor|low|one_to_one",-3.15450232992511,14.833223696666
270,"web|two_factor|high|one_to_one",-7.76380890194102,14.833223696666
270,"web|two_factor|low|one_to_one",-5.04990710955528,14.833223696666
271,"web|simple|low|multi_person",-4.91294020045751,18.5098377595596
271,"mobile|two_factor|low|multi_person",-3.43589256872335,18.5098377595596
271,"web|two_factor|low|multi_person",-5.45560901159647,18.5098377595596
271,"mobile|multi_factor|low|multi_person",-3.61998851135023,18.5098377595596
271,"mobile|simple|medium|multi_person",-3.58033949529544,18.5098377595596
271,"mobile|multi_factor|medium|multi_person",-4.30710424906128,18.5098377595596
271,"web|multi_factor|medium|multi_person",-6.3268206919344,18.5098377595596
271,"mobile|simple|high|multi_person",-4.63751499048452,18.5098377595596
271,"web|simple|high|multi_person",-6.65723143335764,18.5098377595596
271,"mobile|two_factor|high|multi_person",-5.18018380162349,18.5098377595596
271,"mobile|multi_factor|high|multi_person",-5.36427974425036,18.5098377595596
271,"mobile|simple|low|one_to_one",-3.09860180513704,18.5098377595596
271,"web|simple|low|one_to_one",-5.11831824801016,18.5098377595596
271,"mobile|multi_factor|low|one_to_one",-3.82536655890289,18.5098377595596
271,"web|multi_factor|low|one_to_one",-5.84508300177601,18.5098377595596
271,"mobile|simple|medium|one_to_one",-3.7857175428481,18.5098377595596
271,"mobile|two_factor|medium|one_to_one",-4.32838635398706,18.5098377595596
271,"mobile|multi_factor|medium|one_to_one",-4.51248229661394,18.5098377595596
271,"web|multi_factor|medium|one_to_one",-6.53219873948706,18.5098377595596
271,"web|simple|high|one_to_one",-6.8626094809103,18.5098377595596
271,"mobile|two_factor|high|one_to_one",-5.38556184917615,18.5098377595596
271,"mobile|multi_factor|high|one_to_one",-5.56965779180302,18.5098377595596
271,"web|multi_factor|high|one_to_one",-7.58937423467614,18.5098377595596
271,"web|simple|medium|multi_person",-5.60005593816856,18.5098377595596
271,"mobile|two_factor|medium|multi_person",-4.1230083064344,18.5098377595596
271,"web|two_factor|high|multi_person",-7.19990024449661,18.5098377595596
271,"web|multi_factor|high|multi_person",-7.38399618712348,18.5098377595596
271,"web|simple|medium|one_to_one",-5.80543398572122,18.5098377595596
271,"web|two_factor|medium|one_to_one",-6.34810279686018,18.5098377595596
271,"mobile|simple|high|one_to_one",-4.84289303803718,18.5098377595596
271,"mobile|simple|low|multi_person",-2.89322375758439,18.5098377595596
271,"web|multi_factor|low|multi_person",-5.63970495422335,18.5098377595596
271,"web|two_factor|medium|multi_person",-6.14272474930752,18.5098377595596
271,"mobile|two_factor|low|one_to_one",-3.64127061627601,18.5098377595596
271,"web|two_factor|high|one_to_one",-7.40527829204927,18.5098377595596
271,"web|two_factor|low|one_to_one",-5.66098705914913,18.5098377595596
272,"web|simple|low|multi_person",-5.59382270796922,17.6816710809884
272,"mobile|two_factor|low|multi_person",-7.23331386514068,17.6816710809884
272,"web|two_factor|low|multi_person",-6.10891971548182,17.6816710809884
272,"mobile|multi_factor|low|multi_person",-5.68904694944771,17.6816710809884
272,"mobile|simple|medium|multi_person",-6.88548992623956,17.6816710809884
272,"mobile|multi_factor|medium|multi_person",-5.85632001805919,17.6816710809884
272,"web|multi_factor|medium|multi_person",-4.73192586840033,17.6816710809884
272,"mobile|simple|high|multi_person",-7.29294508772366,17.6816710809884
272,"web|simple|high|multi_person",-6.1685509380648,17.6816710809884
272,"mobile|two_factor|high|multi_person",-7.80804209523626,17.6816710809884
272,"mobile|multi_factor|high|multi_person",-6.26377517954329,17.6816710809884
272,"mobile|simple|low|one_to_one",-6.15096112903253,17.6816710809884
272,"web|simple|low|one_to_one",-5.02656697937367,17.6816710809884
272,"mobile|multi_factor|low|one_to_one",-5.12179122085216,17.6816710809884
272,"web|multi_factor|low|one_to_one",-3.9973970711933,17.6816710809884
272,"mobile|simple|medium|one_to_one",-6.31823419764402,17.6816710809884
272,"mobile|two_factor|medium|one_to_one",-6.83333120515662,17.6816710809884
272,"mobile|multi_factor|medium|one_to_one",-5.28906428946365,17.6816710809884
272,"web|multi_factor|medium|one_to_one",-4.16467013980478,17.6816710809884
272,"web|simple|high|one_to_one",-5.60129520946925,17.6816710809884
272,"mobile|two_factor|high|one_to_one",-7.24078636664071,17.6816710809884
272,"mobile|multi_factor|high|one_to_one",-5.69651945094774,17.6816710809884
272,"web|multi_factor|high|one_to_one",-4.57212530128888,17.6816710809884
272,"web|simple|medium|multi_person",-5.7610957765807,17.6816710809884
272,"mobile|two_factor|medium|multi_person",-7.40058693375216,17.6816710809884
272,"web|two_factor|high|multi_person",-6.6836479455774,17.6816710809884
272,"web|multi_factor|high|multi_person",-5.13938102988442,17.6816710809884
272,"web|simple|medium|one_to_one",-5.19384004798515,17.6816710809884
272,"web|two_factor|medium|one_to_one",-5.70893705549776,17.6816710809884
272,"mobile|simple|high|one_to_one",-6.72568935912811,17.6816710809884
272,"mobile|simple|low|multi_person",-6.71821685762808,17.6816710809884
272,"web|multi_factor|low|multi_person",-4.56465279978885,17.6816710809884
272,"web|two_factor|medium|multi_person",-6.2761927840933,17.6816710809884
272,"mobile|two_factor|low|one_to_one",-6.66605813654514,17.6816710809884
272,"web|two_factor|high|one_to_one",-6.11639221698185,17.6816710809884
272,"web|two_factor|low|one_to_one",-5.54166398688628,17.6816710809884
273,"web|simple|low|multi_person",-3.04876224544888,21.5439151611041
273,"mobile|two_factor|low|multi_person",-5.38618625788612,21.5439151611041
273,"web|two_factor|low|multi_person",-4.39366483003275,21.5439151611041
273,"mobile|multi_factor|low|multi_person",-5.38366578615238,21.5439151611041
273,"mobile|simple|medium|multi_person",-4.70136528596025,21.5439151611041
273,"mobile|multi_factor|medium|multi_person",-6.04374739881037,21.5439151611041
273,"web|multi_factor|medium|multi_person",-5.051225970957,21.5439151611041
273,"mobile|simple|high|multi_person",-6.39014635336955,21.5439151611041
273,"web|simple|high|multi_person",-5.39762492551618,21.5439151611041
273,"mobile|two_factor|high|multi_person",-7.73504893795342,21.5439151611041
273,"mobile|multi_factor|high|multi_person",-7.73252846621968,21.5439151611041
273,"mobile|simple|low|one_to_one",-3.56413647495616,21.5439151611041
273,"web|simple|low|one_to_one",-2.57161504710278,21.5439151611041
273,"mobile|multi_factor|low|one_to_one",-4.90651858780629,21.5439151611041
273,"web|multi_factor|low|one_to_one",-3.91399715995291,21.5439151611041
273,"mobile|simple|medium|one_to_one",-4.22421808761415,21.5439151611041
273,"mobile|two_factor|medium|one_to_one",-5.56912067219802,21.5439151611041
273,"mobile|multi_factor|medium|one_to_one",-5.56660020046428,21.5439151611041
273,"web|multi_factor|medium|one_to_one",-4.5740787726109,21.5439151611041
273,"web|simple|high|one_to_one",-4.92047772717008,21.5439151611041
273,"mobile|two_factor|high|one_to_one",-7.25790173960733,21.5439151611041
273,"mobile|multi_factor|high|one_to_one",-7.25538126787359,21.5439151611041
273,"web|multi_factor|high|one_to_one",-6.26285984002021,21.5439151611041
273,"web|simple|medium|multi_person",-3.70884385810687,21.5439151611041
273,"mobile|two_factor|medium|multi_person",-6.04626787054412,21.5439151611041
273,"web|two_factor|high|multi_person",-6.74252751010005,21.5439151611041
273,"web|multi_factor|high|multi_person",-6.7400070383663,21.5439151611041
273,"web|simple|medium|one_to_one",-3.23169665976078,21.5439151611041
273,"web|two_factor|medium|one_to_one",-4.57659924434465,21.5439151611041
273,"mobile|simple|high|one_to_one",-5.91299915502346,21.5439151611041
273,"mobile|simple|low|multi_person",-4.04128367330225,21.5439151611041
273,"web|multi_factor|low|multi_person",-4.391144358299,21.5439151611041
273,"web|two_factor|medium|multi_person",-5.05374644269074,21.5439151611041
273,"mobile|two_factor|low|one_to_one",-4.90903905954003,21.5439151611041
273,"web|two_factor|high|one_to_one",-6.26538031175395,21.5439151611041
273,"web|two_factor|low|one_to_one",-3.91651763168665,21.5439151611041
274,"web|simple|low|multi_person",-6.53621511230921,8.69898816678702
274,"mobile|two_factor|low|multi_person",-3.79045568704504,8.69898816678702
274,"web|two_factor|low|multi_person",-5.22762162448269,8.69898816678702
274,"mobile|multi_factor|low|multi_person",-4.05409709129655,8.69898816678702
274,"mobile|simple|medium|multi_person",-6.34080179947794,8.69898816678702
274,"mobile|multi_factor|medium|multi_person",-5.29584971590292,8.69898816678702
274,"web|multi_factor|medium|multi_person",-6.73301565334058,8.69898816678702
274,"mobile|simple|high|multi_person",-6.6147814670851,8.69898816678702
274,"web|simple|high|multi_person",-8.05194740452275,8.69898816678702
274,"mobile|two_factor|high|multi_person",-5.30618797925857,8.69898816678702
274,"mobile|multi_factor|high|multi_person",-5.56982938351008,8.69898816678702
274,"mobile|simple|low|one_to_one",-5.67853793705124,8.69898816678702
274,"web|simple|low|one_to_one",-7.1157038744889,8.69898816678702
274,"mobile|multi_factor|low|one_to_one",-4.63358585347623,8.69898816678702
274,"web|multi_factor|low|one_to_one",-6.07075179091388,8.69898816678702
274,"mobile|simple|medium|one_to_one",-6.92029056165762,8.69898816678702
274,"mobile|two_factor|medium|one_to_one",-5.6116970738311,8.69898816678702
274,"mobile|multi_factor|medium|one_to_one",-5.87533847808261,8.69898816678702
274,"web|multi_factor|medium|one_to_one",-7.31250441552026,8.69898816678702
274,"web|simple|high|one_to_one",-8.63143616670243,8.69898816678702
274,"mobile|two_factor|high|one_to_one",-5.88567674143825,8.69898816678702
274,"mobile|multi_factor|high|one_to_one",-6.14931814568976,8.69898816678702
274,"web|multi_factor|high|one_to_one",-7.58648408312742,8.69898816678702
274,"web|simple|medium|multi_person",-7.77796773691559,8.69898816678702
274,"mobile|two_factor|medium|multi_person",-5.03220831165141,8.69898816678702
274,"web|two_factor|high|multi_person",-6.74335391669622,8.69898816678702
274,"web|multi_factor|high|multi_person",-7.00699532094773,8.69898816678702
274,"web|simple|medium|one_to_one",-8.35745649909527,8.69898816678702
274,"web|two_factor|medium|one_to_one",-7.04886301126875,8.69898816678702
274,"mobile|simple|high|one_to_one",-7.19427022926478,8.69898816678702
274,"mobile|simple|low|multi_person",-5.09904917487156,8.69898816678702
274,"web|multi_factor|low|multi_person",-5.4912630287342,8.69898816678702
274,"web|two_factor|medium|multi_person",-6.46937424908907,8.69898816678702
274,"mobile|two_factor|low|one_to_one",-4.36994444922472,8.69898816678702
274,"web|two_factor|high|one_to_one",-7.3228426788759,8.69898816678702
274,"web|two_factor|low|one_to_one",-5.80711038666237,8.69898816678702
275,"web|simple|low|multi_person",-5.14709556442899,19.9812411842766
275,"mobile|two_factor|low|multi_person",-3.64516246103775,19.9812411842766
275,"web|two_factor|low|multi_person",-5.04103243708001,19.9812411842766
275,"mobile|multi_factor|low|multi_person",-3.70764569862008,19.9812411842766
275,"mobile|simple|medium|multi_person",-4.87266737036654,19.9812411842766
275,"mobile|multi_factor|medium|multi_person",-4.82908748059989,19.9812411842766
275,"web|multi_factor|medium|multi_person",-6.22495745664215,19.9812411842766
275,"mobile|simple|high|multi_person",-6.46068849511629,19.9812411842766
275,"web|simple|high|multi_person",-7.85655847115855,19.9812411842766
275,"mobile|two_factor|high|multi_person",-6.35462536776731,19.9812411842766
275,"mobile|multi_factor|high|multi_person",-6.41710860534964,19.9812411842766
275,"mobile|simple|low|one_to_one",-2.93929782993953,19.9812411842766
275,"web|simple|low|one_to_one",-4.33516780598179,19.9812411842766
275,"mobile|multi_factor|low|one_to_one",-2.89571794017288,19.9812411842766
275,"web|multi_factor|low|one_to_one",-4.29158791621514,19.9812411842766
275,"mobile|simple|medium|one_to_one",-4.06073961191934,19.9812411842766
275,"mobile|two_factor|medium|one_to_one",-3.95467648457036,19.9812411842766
275,"mobile|multi_factor|medium|one_to_one",-4.01715972215269,19.9812411842766
275,"web|multi_factor|medium|one_to_one",-5.41302969819495,19.9812411842766
275,"web|simple|high|one_to_one",-7.04463071271135,19.9812411842766
275,"mobile|two_factor|high|one_to_one",-5.54269760932011,19.9812411842766
275,"mobile|multi_factor|high|one_to_one",-5.60518084690244,19.9812411842766
275,"web|multi_factor|high|one_to_one",-7.0010508229447,19.9812411842766
275,"web|simple|medium|multi_person",-6.2685373464088,19.9812411842766
275,"mobile|two_factor|medium|multi_person",-4.76660424301756,19.9812411842766
275,"web|two_factor|high|multi_person",-7.75049534380957,19.9812411842766
275,"web|multi_factor|high|multi_person",-7.8129785813919,19.9812411842766
275,"web|simple|medium|one_to_one",-5.4566095879616,19.9812411842766
275,"web|two_factor|medium|one_to_one",-5.35054646061262,19.9812411842766
275,"mobile|simple|high|one_to_one",-5.64876073666909,19.9812411842766
275,"mobile|simple|low|multi_person",-3.75122558838673,19.9812411842766
275,"web|multi_factor|low|multi_person",-5.10351567466234,19.9812411842766
275,"web|two_factor|medium|multi_person",-6.16247421905982,19.9812411842766
275,"mobile|two_factor|low|one_to_one",-2.83323470259055,19.9812411842766
275,"web|two_factor|high|one_to_one",-6.93856758536237,19.9812411842766
275,"web|two_factor|low|one_to_one",-4.22910467863281,19.9812411842766
276,"web|simple|low|multi_person",-4.94263636712457,20.2176318551302
276,"mobile|two_factor|low|multi_person",-4.13345127039035,20.2176318551302
276,"web|two_factor|low|multi_person",-5.18311635992694,20.2176318551302
276,"mobile|multi_factor|low|multi_person",-4.44073518141159,20.2176318551302
276,"mobile|simple|medium|multi_person",-4.44725244658743,20.2176318551302
276,"mobile|multi_factor|medium|multi_person",-4.99501635041104,20.2176318551302
276,"web|multi_factor|medium|multi_person",-6.04468143994763,20.2176318551302
276,"mobile|simple|high|multi_person",-5.75105615305578,20.2176318551302
276,"web|simple|high|multi_person",-6.80072124259237,20.2176318551302
276,"mobile|two_factor|high|multi_person",-5.99153614585814,20.2176318551302
276,"mobile|multi_factor|high|multi_person",-6.29882005687939,20.2176318551302
276,"mobile|simple|low|one_to_one",-3.43057245229877,20.2176318551302
276,"web|simple|low|one_to_one",-4.48023754183536,20.2176318551302
276,"mobile|multi_factor|low|one_to_one",-3.97833635612238,20.2176318551302
276,"web|multi_factor|low|one_to_one",-5.02800144565897,20.2176318551302
276,"mobile|simple|medium|one_to_one",-3.98485362129822,20.2176318551302
276,"mobile|two_factor|medium|one_to_one",-4.22533361410059,20.2176318551302
276,"mobile|multi_factor|medium|one_to_one",-4.53261752512183,20.2176318551302
276,"web|multi_factor|medium|one_to_one",-5.58228261465842,20.2176318551302
276,"web|simple|high|one_to_one",-6.33832241730316,20.2176318551302
276,"mobile|two_factor|high|one_to_one",-5.52913732056893,20.2176318551302
276,"mobile|multi_factor|high|one_to_one",-5.83642123159017,20.2176318551302
276,"web|multi_factor|high|one_to_one",-6.88608632112677,20.2176318551302
276,"web|simple|medium|multi_person",-5.49691753612403,20.2176318551302
276,"mobile|two_factor|medium|multi_person",-4.6877324393898,20.2176318551302
276,"web|two_factor|high|multi_person",-7.04120123539474,20.2176318551302
276,"web|multi_factor|high|multi_person",-7.34848514641598,20.2176318551302
276,"web|simple|medium|one_to_one",-5.03451871083481,20.2176318551302
276,"web|two_factor|medium|one_to_one",-5.27499870363718,20.2176318551302
276,"mobile|simple|high|one_to_one",-5.28865732776656,20.2176318551302
276,"mobile|simple|low|multi_person",-3.89297127758798,20.2176318551302
276,"web|multi_factor|low|multi_person",-5.49040027094818,20.2176318551302
276,"web|two_factor|medium|multi_person",-5.73739752892639,20.2176318551302
276,"mobile|two_factor|low|one_to_one",-3.67105244510113,20.2176318551302
276,"web|two_factor|high|one_to_one",-6.57880241010553,20.2176318551302
276,"web|two_factor|low|one_to_one",-4.72071753463773,20.2176318551302
277,"web|simple|low|multi_person",-7.62170423441665,3.24898274274009
277,"mobile|two_factor|low|multi_person",-5.16169286750118,3.24898274274009
277,"web|two_factor|low|multi_person",-6.64403817931194,3.24898274274009
277,"mobile|multi_factor|low|multi_person",-3.60739976186802,3.24898274274009
277,"mobile|simple|medium|multi_person",-7.228582028608,3.24898274274009
277,"mobile|multi_factor|medium|multi_person",-4.69662286787013,3.24898274274009
277,"web|multi_factor|medium|multi_person",-6.17896817968089,3.24898274274009
277,"mobile|simple|high|multi_person",-7.56159491982392,3.24898274274009
277,"web|simple|high|multi_person",-9.04394023163468,3.24898274274009
277,"mobile|two_factor|high|multi_person",-6.58392886471921,3.24898274274009
277,"mobile|multi_factor|high|multi_person",-5.02963575908605,3.24898274274009
277,"mobile|simple|low|one_to_one",-5.6901708664501,3.24898274274009
277,"web|simple|low|one_to_one",-7.17251617826086,3.24898274274009
277,"mobile|multi_factor|low|one_to_one",-3.15821170571223,3.24898274274009
277,"web|multi_factor|low|one_to_one",-4.64055701752299,3.24898274274009
277,"mobile|simple|medium|one_to_one",-6.77939397245222,3.24898274274009
277,"mobile|two_factor|medium|one_to_one",-5.80172791734751,3.24898274274009
277,"mobile|multi_factor|medium|one_to_one",-4.24743481171435,3.24898274274009
277,"web|multi_factor|medium|one_to_one",-5.7297801235251,3.24898274274009
277,"web|simple|high|one_to_one",-8.59475217547889,3.24898274274009
277,"mobile|two_factor|high|one_to_one",-6.13474080856343,3.24898274274009
277,"mobile|multi_factor|high|one_to_one",-4.58044770293026,3.24898274274009
277,"web|multi_factor|high|one_to_one",-6.06279301474102,3.24898274274009
277,"web|simple|medium|multi_person",-8.71092734041876,3.24898274274009
277,"mobile|two_factor|medium|multi_person",-6.2509159735033,3.24898274274009
277,"web|two_factor|high|multi_person",-8.06627417652997,3.24898274274009
277,"web|multi_factor|high|multi_person",-6.51198107089681,3.24898274274009
277,"web|simple|medium|one_to_one",-8.26173928426297,3.24898274274009
277,"web|two_factor|medium|one_to_one",-7.28407322915826,3.24898274274009
277,"mobile|simple|high|one_to_one",-7.11240686366813,3.24898274274009
277,"mobile|simple|low|multi_person",-6.13935892260589,3.24898274274009
277,"web|multi_factor|low|multi_person",-5.08974507367878,3.24898274274009
277,"web|two_factor|medium|multi_person",-7.73326128531405,3.24898274274009
277,"mobile|two_factor|low|one_to_one",-4.7125048113454,3.24898274274009
277,"web|two_factor|high|one_to_one",-7.61708612037418,3.24898274274009
277,"web|two_factor|low|one_to_one",-6.19485012315615,3.24898274274009
279,"web|simple|low|multi_person",-5.01127777403776,7.58055580955323
279,"mobile|two_factor|low|multi_person",-6.32523872382389,7.58055580955323
279,"web|two_factor|low|multi_person",-4.30792725875059,7.58055580955323
279,"mobile|multi_factor|low|multi_person",-6.57946822541779,7.58055580955323
279,"mobile|simple|medium|multi_person",-8.47729933234032,7.58055580955323
279,"mobile|multi_factor|medium|multi_person",-8.02817831864705,7.58055580955323
279,"web|multi_factor|medium|multi_person",-6.01086685357375,7.58055580955323
279,"mobile|simple|high|multi_person",-8.60549530890712,7.58055580955323
279,"web|simple|high|multi_person",-6.58818384383382,7.58055580955323
279,"mobile|two_factor|high|multi_person",-7.90214479361996,7.58055580955323
279,"mobile|multi_factor|high|multi_person",-8.15637429521385,7.58055580955323
279,"mobile|simple|low|one_to_one",-6.73257733772178,7.58055580955323
279,"web|simple|low|one_to_one",-4.71526587264848,7.58055580955323
279,"mobile|multi_factor|low|one_to_one",-6.28345632402851,7.58055580955323
279,"web|multi_factor|low|one_to_one",-4.26614485895522,7.58055580955323
279,"mobile|simple|medium|one_to_one",-8.18128743095104,7.58055580955323
279,"mobile|two_factor|medium|one_to_one",-7.47793691566388,7.58055580955323
279,"mobile|multi_factor|medium|one_to_one",-7.73216641725777,7.58055580955323
279,"web|multi_factor|medium|one_to_one",-5.71485495218447,7.58055580955323
279,"web|simple|high|one_to_one",-6.29217194244455,7.58055580955323
279,"mobile|two_factor|high|one_to_one",-7.60613289223068,7.58055580955323
279,"mobile|multi_factor|high|one_to_one",-7.86036239382458,7.58055580955323
279,"web|multi_factor|high|one_to_one",-5.84305092875128,7.58055580955323
279,"web|simple|medium|multi_person",-6.45998786726702,7.58055580955323
279,"mobile|two_factor|medium|multi_person",-7.77394881705315,7.58055580955323
279,"web|two_factor|high|multi_person",-5.88483332854666,7.58055580955323
279,"web|multi_factor|high|multi_person",-6.13906283014055,7.58055580955323
279,"web|simple|medium|one_to_one",-6.16397596587774,7.58055580955323
279,"web|two_factor|medium|one_to_one",-5.46062545059058,7.58055580955323
279,"mobile|simple|high|one_to_one",-8.30948340751785,7.58055580955323
279,"mobile|simple|low|multi_person",-7.02858923911106,7.58055580955323
279,"web|multi_factor|low|multi_person",-4.56215676034449,7.58055580955323
279,"web|two_factor|medium|multi_person",-5.75663735197985,7.58055580955323
279,"mobile|two_factor|low|one_to_one",-6.02922682243462,7.58055580955323
279,"web|two_factor|high|one_to_one",-5.58882142715738,7.58055580955323
279,"web|two_factor|low|one_to_one",-4.01191535736132,7.58055580955323
280,"web|simple|low|multi_person",-4.93250844274239,7.85443921496984
280,"mobile|two_factor|low|multi_person",-4.60297082704325,7.85443921496984
280,"web|two_factor|low|multi_person",-5.92278523217152,7.85443921496984
280,"mobile|multi_factor|low|multi_person",-5.71285872204369,7.85443921496984
280,"mobile|simple|medium|multi_person",-4.2342974235765,7.85443921496984
280,"mobile|multi_factor|medium|multi_person",-6.33446210800607,7.85443921496984
280,"web|multi_factor|medium|multi_person",-7.65427651313434,7.85443921496984
280,"mobile|simple|high|multi_person",-4.64970987826514,7.85443921496984
280,"web|simple|high|multi_person",-5.96952428339341,7.85443921496984
280,"mobile|two_factor|high|multi_person",-5.63998666769427,7.85443921496984
280,"mobile|multi_factor|high|multi_person",-6.74987456269471,7.85443921496984
280,"mobile|simple|low|one_to_one",-3.59059423597385,7.85443921496984
280,"web|simple|low|one_to_one",-4.91040864110212,7.85443921496984
280,"mobile|multi_factor|low|one_to_one",-5.69075892040342,7.85443921496984
280,"web|multi_factor|low|one_to_one",-7.01057332553169,7.85443921496984
280,"mobile|simple|medium|one_to_one",-4.21219762193624,7.85443921496984
280,"mobile|two_factor|medium|one_to_one",-5.20247441136537,7.85443921496984
280,"mobile|multi_factor|medium|one_to_one",-6.31236230636581,7.85443921496984
280,"web|multi_factor|medium|one_to_one",-7.63217671149408,7.85443921496984
280,"web|simple|high|one_to_one",-5.94742448175314,7.85443921496984
280,"mobile|two_factor|high|one_to_one",-5.617886866054,7.85443921496984
280,"mobile|multi_factor|high|one_to_one",-6.72777476105444,7.85443921496984
280,"web|multi_factor|high|one_to_one",-8.04758916618271,7.85443921496984
280,"web|simple|medium|multi_person",-5.55411182870477,7.85443921496984
280,"mobile|two_factor|medium|multi_person",-5.22457421300564,7.85443921496984
280,"web|two_factor|high|multi_person",-6.95980107282254,7.85443921496984
280,"web|multi_factor|high|multi_person",-8.06968896782298,7.85443921496984
280,"web|simple|medium|one_to_one",-5.53201202706451,7.85443921496984
280,"web|two_factor|medium|one_to_one",-6.52228881649364,7.85443921496984
280,"mobile|simple|high|one_to_one",-4.62761007662487,7.85443921496984
280,"mobile|simple|low|multi_person",-3.61269403761412,7.85443921496984
280,"web|multi_factor|low|multi_person",-7.03267312717196,7.85443921496984
280,"web|two_factor|medium|multi_person",-6.54438861813391,7.85443921496984
280,"mobile|two_factor|low|one_to_one",-4.58087102540298,7.85443921496984
280,"web|two_factor|high|one_to_one",-6.93770127118227,7.85443921496984
280,"web|two_factor|low|one_to_one",-5.90068543053125,7.85443921496984
281,"web|simple|low|multi_person",-5.63219257214743,13.5992213102307
281,"mobile|two_factor|low|multi_person",-5.65208523273906,13.5992213102307
281,"web|two_factor|low|multi_person",-4.52979802442188,13.5992213102307
281,"mobile|multi_factor|low|multi_person",-5.70030509694558,13.5992213102307
281,"mobile|simple|medium|multi_person",-8.20602565244094,13.5992213102307
281,"mobile|multi_factor|medium|multi_person",-7.15185096892191,13.5992213102307
281,"web|multi_factor|medium|multi_person",-6.02956376060473,13.5992213102307
281,"mobile|simple|high|multi_person",-8.61842129376864,13.5992213102307
281,"web|simple|high|multi_person",-7.49613408545147,13.5992213102307
281,"mobile|two_factor|high|multi_person",-7.5160267460431,13.5992213102307
281,"mobile|multi_factor|high|multi_person",-7.56424661024961,13.5992213102307
281,"mobile|simple|low|one_to_one",-5.79419970878069,13.5992213102307
281,"web|simple|low|one_to_one",-4.67191250046351,13.5992213102307
281,"mobile|multi_factor|low|one_to_one",-4.74002502526166,13.5992213102307
281,"web|multi_factor|low|one_to_one",-3.61773781694448,13.5992213102307
281,"mobile|simple|medium|one_to_one",-7.24574558075702,13.5992213102307
281,"mobile|two_factor|medium|one_to_one",-6.14335103303147,13.5992213102307
281,"mobile|multi_factor|medium|one_to_one",-6.19157089723798,13.5992213102307
281,"web|multi_factor|medium|one_to_one",-5.06928368892081,13.5992213102307
281,"web|simple|high|one_to_one",-6.53585401376754,13.5992213102307
281,"mobile|two_factor|high|one_to_one",-6.55574667435918,13.5992213102307
281,"mobile|multi_factor|high|one_to_one",-6.60396653856569,13.5992213102307
281,"web|multi_factor|high|one_to_one",-5.48167933024851,13.5992213102307
281,"web|simple|medium|multi_person",-7.08373844412376,13.5992213102307
281,"mobile|two_factor|medium|multi_person",-7.10363110471539,13.5992213102307
281,"web|two_factor|high|multi_person",-6.39373953772592,13.5992213102307
281,"web|multi_factor|high|multi_person",-6.44195940193243,13.5992213102307
281,"web|simple|medium|one_to_one",-6.12345837243984,13.5992213102307
281,"web|two_factor|medium|one_to_one",-5.02106382471429,13.5992213102307
281,"mobile|simple|high|one_to_one",-7.65814122208472,13.5992213102307
281,"mobile|simple|low|multi_person",-6.75447978046461,13.5992213102307
281,"web|multi_factor|low|multi_person",-4.5780178886284,13.5992213102307
281,"web|two_factor|medium|multi_person",-5.98134389639821,13.5992213102307
281,"mobile|two_factor|low|one_to_one",-4.69180516105514,13.5992213102307
281,"web|two_factor|high|one_to_one",-5.433459466042,13.5992213102307
281,"web|two_factor|low|one_to_one",-3.56951795273796,13.5992213102307
282,"web|simple|low|multi_person",-3.22387802195882,20.9005775782177
282,"mobile|two_factor|low|multi_person",-4.62588874192472,20.9005775782177
282,"web|two_factor|low|multi_person",-4.90815950483978,20.9005775782177
282,"mobile|multi_factor|low|multi_person",-4.8931778174364,20.9005775782177
282,"mobile|simple|medium|multi_person",-3.79933053572012,20.9005775782177
282,"mobile|multi_factor|medium|multi_person",-5.75090109411276,20.9005775782177
282,"web|multi_factor|medium|multi_person",-6.03317185702782,20.9005775782177
282,"mobile|simple|high|multi_person",-4.81726503885295,20.9005775782177
282,"web|simple|high|multi_person",-5.09953580176801,20.9005775782177
282,"mobile|two_factor|high|multi_person",-6.50154652173391,20.9005775782177
282,"mobile|multi_factor|high|multi_person",-6.76883559724559,20.9005775782177
282,"mobile|simple|low|one_to_one",-2.14159347311304,20.9005775782177
282,"web|simple|low|one_to_one",-2.4238642360281,20.9005775782177
282,"mobile|multi_factor|low|one_to_one",-4.09316403150568,20.9005775782177
282,"web|multi_factor|low|one_to_one",-4.37543479442074,20.9005775782177
282,"mobile|simple|medium|one_to_one",-2.99931674978941,20.9005775782177
282,"mobile|two_factor|medium|one_to_one",-4.68359823267036,20.9005775782177
282,"mobile|multi_factor|medium|one_to_one",-4.95088730818204,20.9005775782177
282,"web|multi_factor|medium|one_to_one",-5.2331580710971,20.9005775782177
282,"web|simple|high|one_to_one",-4.29952201583729,20.9005775782177
282,"mobile|two_factor|high|one_to_one",-5.70153273580319,20.9005775782177
282,"mobile|multi_factor|high|one_to_one",-5.96882181131487,20.9005775782177
282,"web|multi_factor|high|one_to_one",-6.25109257422993,20.9005775782177
282,"web|simple|medium|multi_person",-4.08160129863519,20.9005775782177
282,"mobile|two_factor|medium|multi_person",-5.48361201860108,20.9005775782177
282,"web|two_factor|high|multi_person",-6.78381728464897,20.9005775782177
282,"web|multi_factor|high|multi_person",-7.05110636016065,20.9005775782177
282,"web|simple|medium|one_to_one",-3.28158751270447,20.9005775782177
282,"web|two_factor|medium|one_to_one",-4.96586899558543,20.9005775782177
282,"mobile|simple|high|one_to_one",-4.01725125292223,20.9005775782177
282,"mobile|simple|low|multi_person",-2.94160725904376,20.9005775782177
282,"web|multi_factor|low|multi_person",-5.17544858035146,20.9005775782177
282,"web|two_factor|medium|multi_person",-5.76588278151614,20.9005775782177
282,"mobile|two_factor|low|one_to_one",-3.825874955994,20.9005775782177
282,"web|two_factor|high|one_to_one",-5.98380349871825,20.9005775782177
282,"web|two_factor|low|one_to_one",-4.10814571890906,20.9005775782177
283,"web|simple|low|multi_person",-5.43580371290466,22.2998151634779
283,"mobile|two_factor|low|multi_person",-3.33738074714275,22.2998151634779
283,"web|two_factor|low|multi_person",-4.50325592710057,22.2998151634779
283,"mobile|multi_factor|low|multi_person",-3.96771552105025,22.2998151634779
283,"mobile|simple|medium|multi_person",-5.21143422324569,22.2998151634779
283,"mobile|multi_factor|medium|multi_person",-4.90922121134909,22.2998151634779
283,"web|multi_factor|medium|multi_person",-6.07509639130691,22.2998151634779
283,"mobile|simple|high|multi_person",-6.69481528520422,22.2998151634779
283,"web|simple|high|multi_person",-7.86069046516204,22.2998151634779
283,"mobile|two_factor|high|multi_person",-5.76226749940013,22.2998151634779
283,"mobile|multi_factor|high|multi_person",-6.39260227330763,22.2998151634779
283,"mobile|simple|low|one_to_one",-3.26731423165875,22.2998151634779
283,"web|simple|low|one_to_one",-4.43318941161657,22.2998151634779
283,"mobile|multi_factor|low|one_to_one",-2.96510121976216,22.2998151634779
283,"web|multi_factor|low|one_to_one",-4.13097639971997,22.2998151634779
283,"mobile|simple|medium|one_to_one",-4.2088199219576,22.2998151634779
283,"mobile|two_factor|medium|one_to_one",-3.2762721361535,22.2998151634779
283,"mobile|multi_factor|medium|one_to_one",-3.906606910061,22.2998151634779
283,"web|multi_factor|medium|one_to_one",-5.07248209001882,22.2998151634779
283,"web|simple|high|one_to_one",-6.85807616387395,22.2998151634779
283,"mobile|two_factor|high|one_to_one",-4.75965319811204,22.2998151634779
283,"mobile|multi_factor|high|one_to_one",-5.38998797201954,22.2998151634779
283,"web|multi_factor|high|one_to_one",-6.55586315197735,22.2998151634779
283,"web|simple|medium|multi_person",-6.3773094032035,22.2998151634779
283,"mobile|two_factor|medium|multi_person",-4.2788864374416,22.2998151634779
283,"web|two_factor|high|multi_person",-6.92814267935795,22.2998151634779
283,"web|multi_factor|high|multi_person",-7.55847745326545,22.2998151634779
283,"web|simple|medium|one_to_one",-5.37469510191541,22.2998151634779
283,"web|two_factor|medium|one_to_one",-4.44214731611132,22.2998151634779
283,"mobile|simple|high|one_to_one",-5.69220098391613,22.2998151634779
283,"mobile|simple|low|multi_person",-4.26992853294684,22.2998151634779
283,"web|multi_factor|low|multi_person",-5.13359070100807,22.2998151634779
283,"web|two_factor|medium|multi_person",-5.44476161739941,22.2998151634779
283,"mobile|two_factor|low|one_to_one",-2.33476644585466,22.2998151634779
283,"web|two_factor|high|one_to_one",-5.92552837806986,22.2998151634779
283,"web|two_factor|low|one_to_one",-3.50064162581248,22.2998151634779
284,"web|simple|low|multi_person",-3.40235905772382,14.2763949217379
284,"mobile|two_factor|low|multi_person",-4.43102106377758,14.2763949217379
284,"web|two_factor|low|multi_person",-5.16935227915494,14.2763949217379
284,"mobile|multi_factor|low|multi_person",-4.30655530091328,14.2763949217379
284,"mobile|simple|medium|multi_person",-3.76639847155798,14.2763949217379
284,"mobile|multi_factor|medium|multi_person",-5.4089259301248,14.2763949217379
284,"web|multi_factor|medium|multi_person",-6.14725714550217,14.2763949217379
284,"mobile|simple|high|multi_person",-5.67144297213939,14.2763949217379
284,"web|simple|high|multi_person",-6.40977418751676,14.2763949217379
284,"mobile|two_factor|high|multi_person",-7.43843619357052,14.2763949217379
284,"mobile|multi_factor|high|multi_person",-7.31397043070622,14.2763949217379
284,"mobile|simple|low|one_to_one",-2.08733136430108,14.2763949217379
284,"web|simple|low|one_to_one",-2.82566257967845,14.2763949217379
284,"mobile|multi_factor|low|one_to_one",-3.72985882286791,14.2763949217379
284,"web|multi_factor|low|one_to_one",-4.46819003824527,14.2763949217379
284,"mobile|simple|medium|one_to_one",-3.1897019935126,14.2763949217379
284,"mobile|two_factor|medium|one_to_one",-4.95669521494373,14.2763949217379
284,"mobile|multi_factor|medium|one_to_one",-4.83222945207943,14.2763949217379
284,"web|multi_factor|medium|one_to_one",-5.5705606674568,14.2763949217379
284,"web|simple|high|one_to_one",-5.83307770947139,14.2763949217379
284,"mobile|two_factor|high|one_to_one",-6.86173971552515,14.2763949217379
284,"mobile|multi_factor|high|one_to_one",-6.73727395266085,14.2763949217379
284,"web|multi_factor|high|one_to_one",-7.47560516803821,14.2763949217379
284,"web|simple|medium|multi_person",-4.50472968693534,14.2763949217379
284,"mobile|two_factor|medium|multi_person",-5.5333916929891,14.2763949217379
284,"web|two_factor|high|multi_person",-8.17676740894788,14.2763949217379
284,"web|multi_factor|high|multi_person",-8.05230164608358,14.2763949217379
284,"web|simple|medium|one_to_one",-3.92803320888997,14.2763949217379
284,"web|two_factor|medium|one_to_one",-5.69502643032109,14.2763949217379
284,"mobile|simple|high|one_to_one",-5.09474649409402,14.2763949217379
284,"mobile|simple|low|multi_person",-2.66402784234645,14.2763949217379
284,"web|multi_factor|low|multi_person",-5.04488651629064,14.2763949217379
284,"web|two_factor|medium|multi_person",-6.27172290836646,14.2763949217379
284,"mobile|two_factor|low|one_to_one",-3.85432458573221,14.2763949217379
284,"web|two_factor|high|one_to_one",-7.60007093090251,14.2763949217379
284,"web|two_factor|low|one_to_one",-4.59265580110957,14.2763949217379
285,"web|simple|low|multi_person",-4.51626931819441,20.8492621719172
285,"mobile|two_factor|low|multi_person",-4.44646498792538,20.8492621719172
285,"web|two_factor|low|multi_person",-4.84806601555254,20.8492621719172
285,"mobile|multi_factor|low|multi_person",-5.1912474716644,20.8492621719172
285,"mobile|simple|medium|multi_person",-4.49249742024437,20.8492621719172
285,"mobile|multi_factor|medium|multi_person",-5.56907660134151,20.8492621719172
285,"web|multi_factor|medium|multi_person",-5.97067762896867,20.8492621719172
285,"mobile|simple|high|multi_person",-6.19085529952375,20.8492621719172
285,"web|simple|high|multi_person",-6.59245632715091,20.8492621719172
285,"mobile|two_factor|high|multi_person",-6.52265199688188,20.8492621719172
285,"mobile|multi_factor|high|multi_person",-7.26743448062089,20.8492621719172
285,"mobile|simple|low|one_to_one",-3.0420167924322,20.8492621719172
285,"web|simple|low|one_to_one",-3.44361782005936,20.8492621719172
285,"mobile|multi_factor|low|one_to_one",-4.11859597352934,20.8492621719172
285,"web|multi_factor|low|one_to_one",-4.5201970011565,20.8492621719172
285,"mobile|simple|medium|one_to_one",-3.41984592210932,20.8492621719172
285,"mobile|two_factor|medium|one_to_one",-3.75164261946744,20.8492621719172
285,"mobile|multi_factor|medium|one_to_one",-4.49642510320646,20.8492621719172
285,"web|multi_factor|medium|one_to_one",-4.89802613083361,20.8492621719172
285,"web|simple|high|one_to_one",-5.51980482901585,20.8492621719172
285,"mobile|two_factor|high|one_to_one",-5.45000049874683,20.8492621719172
285,"mobile|multi_factor|high|one_to_one",-6.19478298248584,20.8492621719172
285,"web|multi_factor|high|one_to_one",-6.596384010113,20.8492621719172
285,"web|simple|medium|multi_person",-4.89409844787153,20.8492621719172
285,"mobile|two_factor|medium|multi_person",-4.8242941176025,20.8492621719172
285,"web|two_factor|high|multi_person",-6.92425302450904,20.8492621719172
285,"web|multi_factor|high|multi_person",-7.66903550824805,20.8492621719172
285,"web|simple|medium|one_to_one",-3.82144694973647,20.8492621719172
285,"web|two_factor|medium|one_to_one",-4.1532436470946,20.8492621719172
285,"mobile|simple|high|one_to_one",-5.1182038013887,20.8492621719172
285,"mobile|simple|low|multi_person",-4.11466829056726,20.8492621719172
285,"web|multi_factor|low|multi_person",-5.59284849929155,20.8492621719172
285,"web|two_factor|medium|multi_person",-5.22589514522966,20.8492621719172
285,"mobile|two_factor|low|one_to_one",-3.37381348979033,20.8492621719172
285,"web|two_factor|high|one_to_one",-5.85160152637398,20.8492621719172
285,"web|two_factor|low|one_to_one",-3.77541451741748,20.8492621719172
286,"web|simple|low|multi_person",-3.89880041903678,10.4753166185544
286,"mobile|two_factor|low|multi_person",-5.43242647860131,10.4753166185544
286,"web|two_factor|low|multi_person",-6.28949395550799,10.4753166185544
286,"mobile|multi_factor|low|multi_person",-6.42490230128709,10.4753166185544
286,"mobile|simple|medium|multi_person",-3.42091657321825,10.4753166185544
286,"mobile|multi_factor|medium|multi_person",-6.80408593237524,10.4753166185544
286,"web|multi_factor|medium|multi_person",-7.66115340928192,10.4753166185544
286,"mobile|simple|high|multi_person",-4.4359917637079,10.4753166185544
286,"web|simple|high|multi_person",-5.29305924061457,10.4753166185544
286,"mobile|two_factor|high|multi_person",-6.82668530017911,10.4753166185544
286,"mobile|multi_factor|high|multi_person",-7.81916112286489,10.4753166185544
286,"mobile|simple|low|one_to_one",-1.58814018213882,10.4753166185544
286,"web|simple|low|one_to_one",-2.44520765904549,10.4753166185544
286,"mobile|multi_factor|low|one_to_one",-4.97130954129581,10.4753166185544
286,"web|multi_factor|low|one_to_one",-5.82837701820248,10.4753166185544
286,"mobile|simple|medium|one_to_one",-1.96732381322697,10.4753166185544
286,"mobile|two_factor|medium|one_to_one",-4.35801734969818,10.4753166185544
286,"mobile|multi_factor|medium|one_to_one",-5.35049317238396,10.4753166185544
286,"web|multi_factor|medium|one_to_one",-6.20756064929063,10.4753166185544
286,"web|simple|high|one_to_one",-3.83946648062329,10.4753166185544
286,"mobile|two_factor|high|one_to_one",-5.37309254018782,10.4753166185544
286,"mobile|multi_factor|high|one_to_one",-6.3655683628736,10.4753166185544
286,"web|multi_factor|high|one_to_one",-7.22263583978028,10.4753166185544
286,"web|simple|medium|multi_person",-4.27798405012493,10.4753166185544
286,"mobile|two_factor|medium|multi_person",-5.81161010968946,10.4753166185544
286,"web|two_factor|high|multi_person",-7.68375277708578,10.4753166185544
286,"web|multi_factor|high|multi_person",-8.67622859977156,10.4753166185544
286,"web|simple|medium|one_to_one",-2.82439129013364,10.4753166185544
286,"web|two_factor|medium|one_to_one",-5.21508482660486,10.4753166185544
286,"mobile|simple|high|one_to_one",-2.98239900371661,10.4753166185544
286,"mobile|simple|low|multi_person",-3.0417329421301,10.4753166185544
286,"web|multi_factor|low|multi_person",-7.28196977819377,10.4753166185544
286,"web|two_factor|medium|multi_person",-6.66867758659614,10.4753166185544
286,"mobile|two_factor|low|one_to_one",-3.97883371861003,10.4753166185544
286,"web|two_factor|high|one_to_one",-6.2301600170945,10.4753166185544
286,"web|two_factor|low|one_to_one",-4.83590119551671,10.4753166185544
287,"web|simple|low|multi_person",-6.87358142718641,13.2853848499905
287,"mobile|two_factor|low|multi_person",-3.78956400229629,13.2853848499905
287,"web|two_factor|low|multi_person",-6.41896159950927,13.2853848499905
287,"mobile|multi_factor|low|multi_person",-3.19587304669508,13.2853848499905
287,"mobile|simple|medium|multi_person",-5.22306435067296,13.2853848499905
287,"mobile|multi_factor|medium|multi_person",-4.17475356739461,13.2853848499905
287,"web|multi_factor|medium|multi_person",-6.80415116460759,13.2853848499905
287,"mobile|simple|high|multi_person",-5.54808786247255,13.2853848499905
287,"web|simple|high|multi_person",-8.17748545968553,13.2853848499905
287,"mobile|two_factor|high|multi_person",-5.09346803479541,13.2853848499905
287,"mobile|multi_factor|high|multi_person",-4.4997770791942,13.2853848499905
287,"mobile|simple|low|one_to_one",-4.06768165025704,13.2853848499905
287,"web|simple|low|one_to_one",-6.69707924747002,13.2853848499905
287,"mobile|multi_factor|low|one_to_one",-3.01937086697869,13.2853848499905
287,"web|multi_factor|low|one_to_one",-5.64876846419167,13.2853848499905
287,"mobile|simple|medium|one_to_one",-5.04656217095657,13.2853848499905
287,"mobile|two_factor|medium|one_to_one",-4.59194234327943,13.2853848499905
287,"mobile|multi_factor|medium|one_to_one",-3.99825138767822,13.2853848499905
287,"web|multi_factor|medium|one_to_one",-6.6276489848912,13.2853848499905
287,"web|simple|high|one_to_one",-8.00098327996914,13.2853848499905
287,"mobile|two_factor|high|one_to_one",-4.91696585507903,13.2853848499905
287,"mobile|multi_factor|high|one_to_one",-4.32327489947781,13.2853848499905
287,"web|multi_factor|high|one_to_one",-6.95267249669079,13.2853848499905
287,"web|simple|medium|multi_person",-7.85246194788594,13.2853848499905
287,"mobile|two_factor|medium|multi_person",-4.76844452299582,13.2853848499905
287,"web|two_factor|high|multi_person",-7.72286563200839,13.2853848499905
287,"web|multi_factor|high|multi_person",-7.12917467640718,13.2853848499905
287,"web|simple|medium|one_to_one",-7.67595976816955,13.2853848499905
287,"web|two_factor|medium|one_to_one",-7.22133994049242,13.2853848499905
287,"mobile|simple|high|one_to_one",-5.37158568275616,13.2853848499905
287,"mobile|simple|low|multi_person",-4.24418382997343,13.2853848499905
287,"web|multi_factor|low|multi_person",-5.82527064390806,13.2853848499905
287,"web|two_factor|medium|multi_person",-7.3978421202088,13.2853848499905
287,"mobile|two_factor|low|one_to_one",-3.6130618225799,13.2853848499905
287,"web|two_factor|high|one_to_one",-7.54636345229201,13.2853848499905
287,"web|two_factor|low|one_to_one",-6.24245941979289,13.2853848499905
288,"web|simple|low|multi_person",-6.90560450859722,12.2706959914776
288,"mobile|two_factor|low|multi_person",-4.3516482518672,12.2706959914776
288,"web|two_factor|low|multi_person",-6.75703850546832,12.2706959914776
288,"mobile|multi_factor|low|multi_person",-4.6139813623967,12.2706959914776
288,"mobile|simple|medium|multi_person",-3.46072718566206,12.2706959914776
288,"mobile|multi_factor|medium|multi_person",-3.57449429306266,12.2706959914776
288,"web|multi_factor|medium|multi_person",-5.97988454666378,12.2706959914776
288,"mobile|simple|high|multi_person",-5.71146342733652,12.2706959914776
288,"web|simple|high|multi_person",-8.11685368093764,12.2706959914776
288,"mobile|two_factor|high|multi_person",-5.56289742420762,12.2706959914776
288,"mobile|multi_factor|high|multi_person",-5.82523053473712,12.2706959914776
288,"mobile|simple|low|one_to_one",-3.86609353533121,12.2706959914776
288,"web|simple|low|one_to_one",-6.27148378893232,12.2706959914776
288,"mobile|multi_factor|low|one_to_one",-3.97986064273181,12.2706959914776
288,"web|multi_factor|low|one_to_one",-6.38525089633293,12.2706959914776
288,"mobile|simple|medium|one_to_one",-2.82660646599716,12.2706959914776
288,"mobile|two_factor|medium|one_to_one",-2.67804046286827,12.2706959914776
288,"mobile|multi_factor|medium|one_to_one",-2.94037357339777,12.2706959914776
288,"web|multi_factor|medium|one_to_one",-5.34576382699889,12.2706959914776
288,"web|simple|high|one_to_one",-7.48273296127274,12.2706959914776
288,"mobile|two_factor|high|one_to_one",-4.92877670454273,12.2706959914776
288,"mobile|multi_factor|high|one_to_one",-5.19110981507223,12.2706959914776
288,"web|multi_factor|high|one_to_one",-7.59650006867335,12.2706959914776
288,"web|simple|medium|multi_person",-5.86611743926318,12.2706959914776
288,"mobile|two_factor|medium|multi_person",-3.31216118253316,12.2706959914776
288,"web|two_factor|high|multi_person",-7.96828767780874,12.2706959914776
288,"web|multi_factor|high|multi_person",-8.23062078833824,12.2706959914776
288,"web|simple|medium|one_to_one",-5.23199671959828,12.2706959914776
288,"web|two_factor|medium|one_to_one",-5.08343071646939,12.2706959914776
288,"mobile|simple|high|one_to_one",-5.07734270767162,12.2706959914776
288,"mobile|simple|low|multi_person",-4.5002142549961,12.2706959914776
288,"web|multi_factor|low|multi_person",-7.01937161599782,12.2706959914776
288,"web|two_factor|medium|multi_person",-5.71755143613428,12.2706959914776
288,"mobile|two_factor|low|one_to_one",-3.71752753220231,12.2706959914776
288,"web|two_factor|high|one_to_one",-7.33416695814385,12.2706959914776
288,"web|two_factor|low|one_to_one",-6.12291778580343,12.2706959914776
289,"web|simple|low|multi_person",-5.23218847513735,19.9384031418438
289,"mobile|two_factor|low|multi_person",-3.89290118236258,19.9384031418438
289,"web|two_factor|low|multi_person",-5.65715680979106,19.9384031418438
289,"mobile|multi_factor|low|multi_person",-3.89875377076091,19.9384031418438
289,"mobile|simple|medium|multi_person",-4.27564147695142,19.9384031418438
289,"mobile|multi_factor|medium|multi_person",-4.70646240000346,19.9384031418438
289,"web|multi_factor|medium|multi_person",-6.47071802743194,19.9384031418438
289,"mobile|simple|high|multi_person",-5.89835890933227,19.9384031418438
289,"web|simple|high|multi_person",-7.66261453676075,19.9384031418438
289,"mobile|two_factor|high|multi_person",-6.32332724398598,19.9384031418438
289,"mobile|multi_factor|high|multi_person",-6.32917983238431,19.9384031418438
289,"mobile|simple|low|one_to_one",-2.44972278717984,19.9384031418438
289,"web|simple|low|one_to_one",-4.21397841460832,19.9384031418438
289,"mobile|multi_factor|low|one_to_one",-2.88054371023188,19.9384031418438
289,"web|multi_factor|low|one_to_one",-4.64479933766035,19.9384031418438
289,"mobile|simple|medium|one_to_one",-3.25743141642239,19.9384031418438
289,"mobile|two_factor|medium|one_to_one",-3.68239975107611,19.9384031418438
289,"mobile|multi_factor|medium|one_to_one",-3.68825233947443,19.9384031418438
289,"web|multi_factor|medium|one_to_one",-5.4525079669029,19.9384031418438
289,"web|simple|high|one_to_one",-6.64440447623172,19.9384031418438
289,"mobile|two_factor|high|one_to_one",-5.30511718345695,19.9384031418438
289,"mobile|multi_factor|high|one_to_one",-5.31096977185528,19.9384031418438
289,"web|multi_factor|high|one_to_one",-7.07522539928375,19.9384031418438
289,"web|simple|medium|multi_person",-6.0398971043799,19.9384031418438
289,"mobile|two_factor|medium|multi_person",-4.70060981160514,19.9384031418438
289,"web|two_factor|high|multi_person",-8.08758287141446,19.9384031418438
289,"web|multi_factor|high|multi_person",-8.09343545981278,19.9384031418438
289,"web|simple|medium|one_to_one",-5.02168704385087,19.9384031418438
289,"web|two_factor|medium|one_to_one",-5.44665537850458,19.9384031418438
289,"mobile|simple|high|one_to_one",-4.88014884880324,19.9384031418438
289,"mobile|simple|low|multi_person",-3.46793284770887,19.9384031418438
289,"web|multi_factor|low|multi_person",-5.66300939818938,19.9384031418438
289,"web|two_factor|medium|multi_person",-6.46486543903361,19.9384031418438
289,"mobile|two_factor|low|one_to_one",-2.87469112183355,19.9384031418438
289,"web|two_factor|high|one_to_one",-7.06937281088543,19.9384031418438
289,"web|two_factor|low|one_to_one",-4.63894674926203,19.9384031418438
290,"web|simple|low|multi_person",-5.06103247981495,8.98800977403755
290,"mobile|two_factor|low|multi_person",-3.84393789296592,8.98800977403755
290,"web|two_factor|low|multi_person",-5.32854963777777,8.98800977403755
290,"mobile|multi_factor|low|multi_person",-2.87253959740484,8.98800977403755
290,"mobile|simple|medium|multi_person",-4.96732016339992,8.98800977403755
290,"mobile|multi_factor|medium|multi_person",-4.26343902580166,8.98800977403755
290,"web|multi_factor|medium|multi_person",-5.74805077061352,8.98800977403755
290,"mobile|simple|high|multi_person",-5.80120726902995,8.98800977403755
290,"web|simple|high|multi_person",-7.2858190138418,8.98800977403755
290,"mobile|two_factor|high|multi_person",-6.06872442699277,8.98800977403755
290,"mobile|multi_factor|high|multi_person",-5.09732613143169,8.98800977403755
290,"mobile|simple|low|one_to_one",-5.21954046773045,8.98800977403755
290,"web|simple|low|one_to_one",-6.7041522125423,8.98800977403755
290,"mobile|multi_factor|low|one_to_one",-4.51565933013219,8.98800977403755
290,"web|multi_factor|low|one_to_one",-6.00027107494404,8.98800977403755
290,"mobile|simple|medium|one_to_one",-6.61043989612727,8.98800977403755
290,"mobile|two_factor|medium|one_to_one",-6.87795705409008,8.98800977403755
290,"mobile|multi_factor|medium|one_to_one",-5.90655875852901,8.98800977403755
290,"web|multi_factor|medium|one_to_one",-7.39117050334086,8.98800977403755
290,"web|simple|high|one_to_one",-8.92893874656915,8.98800977403755
290,"mobile|two_factor|high|one_to_one",-7.71184415972011,8.98800977403755
290,"mobile|multi_factor|high|one_to_one",-6.74044586415904,8.98800977403755
290,"web|multi_factor|high|one_to_one",-8.22505760897089,8.98800977403755
290,"web|simple|medium|multi_person",-6.45193190821177,8.98800977403755
290,"mobile|two_factor|medium|multi_person",-5.23483732136274,8.98800977403755
290,"web|two_factor|high|multi_person",-7.55333617180462,8.98800977403755
290,"web|multi_factor|high|multi_person",-6.58193787624355,8.98800977403755
290,"web|simple|medium|one_to_one",-8.09505164093912,8.98800977403755
290,"web|two_factor|medium|one_to_one",-8.36256879890194,8.98800977403755
290,"mobile|simple|high|one_to_one",-7.4443270017573,8.98800977403755
290,"mobile|simple|low|multi_person",-3.5764207350031,8.98800977403755
290,"web|multi_factor|low|multi_person",-4.3571513422167,8.98800977403755
290,"web|two_factor|medium|multi_person",-6.71944906617459,8.98800977403755
290,"mobile|two_factor|low|one_to_one",-5.48705762569326,8.98800977403755
290,"web|two_factor|high|one_to_one",-9.19645590453197,8.98800977403755
290,"web|two_factor|low|one_to_one",-6.97166937050512,8.98800977403755
291,"web|simple|low|multi_person",-3.54814990070565,20.3201772667248
291,"mobile|two_factor|low|multi_person",-4.29761701350353,20.3201772667248
291,"web|two_factor|low|multi_person",-5.03336892107344,20.3201772667248
291,"mobile|multi_factor|low|multi_person",-5.27125846829905,20.3201772667248
291,"mobile|simple|medium|multi_person",-3.24973719540818,20.3201772667248
291,"mobile|multi_factor|medium|multi_person",-5.70859767057149,20.3201772667248
291,"web|multi_factor|medium|multi_person",-6.44434957814139,20.3201772667248
291,"mobile|simple|high|multi_person",-4.03987083026779,20.3201772667248
291,"web|simple|high|multi_person",-4.77562273783769,20.3201772667248
291,"mobile|two_factor|high|multi_person",-5.52508985063557,20.3201772667248
291,"mobile|multi_factor|high|multi_person",-6.49873130543109,20.3201772667248
291,"mobile|simple|low|one_to_one",-2.63808785560965,20.3201772667248
291,"web|simple|low|one_to_one",-3.37383976317955,20.3201772667248
291,"mobile|multi_factor|low|one_to_one",-5.09694833077295,20.3201772667248
291,"web|multi_factor|low|one_to_one",-5.83270023834285,20.3201772667248
291,"mobile|simple|medium|one_to_one",-3.07542705788209,20.3201772667248
291,"mobile|two_factor|medium|one_to_one",-4.56064607824987,20.3201772667248
291,"mobile|multi_factor|medium|one_to_one",-5.53428753304538,20.3201772667248
291,"web|multi_factor|medium|one_to_one",-6.27003944061529,20.3201772667248
291,"web|simple|high|one_to_one",-4.60131260031159,20.3201772667248
291,"mobile|two_factor|high|one_to_one",-5.35077971310947,20.3201772667248
291,"mobile|multi_factor|high|one_to_one",-6.32442116790499,20.3201772667248
291,"web|multi_factor|high|one_to_one",-7.06017307547489,20.3201772667248
291,"web|simple|medium|multi_person",-3.98548910297809,20.3201772667248
291,"mobile|two_factor|medium|multi_person",-4.73495621577597,20.3201772667248
291,"web|two_factor|high|multi_person",-6.26084175820548,20.3201772667248
291,"web|multi_factor|high|multi_person",-7.23448321300099,20.3201772667248
291,"web|simple|medium|one_to_one",-3.81117896545199,20.3201772667248
291,"web|two_factor|medium|one_to_one",-5.29639798581977,20.3201772667248
291,"mobile|simple|high|one_to_one",-3.86556069274169,20.3201772667248
291,"mobile|simple|low|multi_person",-2.81239799313575,20.3201772667248
291,"web|multi_factor|low|multi_person",-6.00701037586895,20.3201772667248
291,"web|two_factor|medium|multi_person",-5.47070812334587,20.3201772667248
291,"mobile|two_factor|low|one_to_one",-4.12330687597743,20.3201772667248
291,"web|two_factor|high|one_to_one",-6.08653162067938,20.3201772667248
291,"web|two_factor|low|one_to_one",-4.85905878354734,20.3201772667248
292,"web|simple|low|multi_person",-3.85146019875881,20.0104754415876
292,"mobile|two_factor|low|multi_person",-5.40209635058323,20.0104754415876
292,"web|two_factor|low|multi_person",-5.71458869359763,20.0104754415876
292,"mobile|multi_factor|low|multi_person",-5.49309449425721,20.0104754415876
292,"mobile|simple|medium|multi_person",-3.92143727423794,20.0104754415876
292,"mobile|multi_factor|medium|multi_person",-5.87556391275075,20.0104754415876
292,"web|multi_factor|medium|multi_person",-6.18805625576515,20.0104754415876
292,"mobile|simple|high|multi_person",-5.07339490443941,20.0104754415876
292,"web|simple|high|multi_person",-5.38588724745381,20.0104754415876
292,"mobile|two_factor|high|multi_person",-6.93652339927823,20.0104754415876
292,"mobile|multi_factor|high|multi_person",-7.02752154295222,20.0104754415876
292,"mobile|simple|low|one_to_one",-2.39638859476262,20.0104754415876
292,"web|simple|low|one_to_one",-2.70888093777702,20.0104754415876
292,"mobile|multi_factor|low|one_to_one",-4.35051523327543,20.0104754415876
292,"web|multi_factor|low|one_to_one",-4.66300757628983,20.0104754415876
292,"mobile|simple|medium|one_to_one",-2.77885801325616,20.0104754415876
292,"mobile|two_factor|medium|one_to_one",-4.64198650809498,20.0104754415876
292,"mobile|multi_factor|medium|one_to_one",-4.73298465176897,20.0104754415876
292,"web|multi_factor|medium|one_to_one",-5.04547699478337,20.0104754415876
292,"web|simple|high|one_to_one",-4.24330798647203,20.0104754415876
292,"mobile|two_factor|high|one_to_one",-5.79394413829645,20.0104754415876
292,"mobile|multi_factor|high|one_to_one",-5.88494228197044,20.0104754415876
292,"web|multi_factor|high|one_to_one",-6.19743462498484,20.0104754415876
292,"web|simple|medium|multi_person",-4.23392961725234,20.0104754415876
292,"mobile|two_factor|medium|multi_person",-5.78456576907676,20.0104754415876
292,"web|two_factor|high|multi_person",-7.24901574229264,20.0104754415876
292,"web|multi_factor|high|multi_person",-7.34001388596662,20.0104754415876
292,"web|simple|medium|one_to_one",-3.09135035627056,20.0104754415876
292,"web|two_factor|medium|one_to_one",-4.95447885110938,20.0104754415876
292,"mobile|simple|high|one_to_one",-3.93081564345763,20.0104754415876
292,"mobile|simple|low|multi_person",-3.5389678557444,20.0104754415876
292,"web|multi_factor|low|multi_person",-5.80558683727162,20.0104754415876
292,"web|two_factor|medium|multi_person",-6.09705811209117,20.0104754415876
292,"mobile|two_factor|low|one_to_one",-4.25951708960145,20.0104754415876
292,"web|two_factor|high|one_to_one",-6.10643648131085,20.0104754415876
292,"web|two_factor|low|one_to_one",-4.57200943261585,20.0104754415876
293,"web|simple|low|multi_person",-7.8358560235495,15.1655992206801
293,"mobile|two_factor|low|multi_person",-4.71067211735521,15.1655992206801
293,"web|two_factor|low|multi_person",-5.83641211301118,15.1655992206801
293,"mobile|multi_factor|low|multi_person",-5.72816651004378,15.1655992206801
293,"mobile|simple|medium|multi_person",-6.63992566993243,15.1655992206801
293,"mobile|multi_factor|medium|multi_person",-5.65797615208269,15.1655992206801
293,"web|multi_factor|medium|multi_person",-6.78371614773866,15.1655992206801
293,"mobile|simple|high|multi_person",-6.2805438086991,15.1655992206801
293,"web|simple|high|multi_person",-7.40628380435507,15.1655992206801
293,"mobile|two_factor|high|multi_person",-4.28109989816078,15.1655992206801
293,"mobile|multi_factor|high|multi_person",-5.29859429084936,15.1655992206801
293,"mobile|simple|low|one_to_one",-6.36399863904925,15.1655992206801
293,"web|simple|low|one_to_one",-7.48973863470522,15.1655992206801
293,"mobile|multi_factor|low|one_to_one",-5.38204912119951,15.1655992206801
293,"web|multi_factor|low|one_to_one",-6.50778911685548,15.1655992206801
293,"mobile|simple|medium|one_to_one",-6.29380828108815,15.1655992206801
293,"mobile|two_factor|medium|one_to_one",-4.29436437054983,15.1655992206801
293,"mobile|multi_factor|medium|one_to_one",-5.31185876323841,15.1655992206801
293,"web|multi_factor|medium|one_to_one",-6.43759875889439,15.1655992206801
293,"web|simple|high|one_to_one",-7.0601664155108,15.1655992206801
293,"mobile|two_factor|high|one_to_one",-3.93498250931651,15.1655992206801
293,"mobile|multi_factor|high|one_to_one",-4.95247690200508,15.1655992206801
293,"web|multi_factor|high|one_to_one",-6.07821689766106,15.1655992206801
293,"web|simple|medium|multi_person",-7.7656656655884,15.1655992206801
293,"mobile|two_factor|medium|multi_person",-4.64048175939411,15.1655992206801
293,"web|two_factor|high|multi_person",-5.40683989381676,15.1655992206801
293,"web|multi_factor|high|multi_person",-6.42433428650534,15.1655992206801
293,"web|simple|medium|one_to_one",-7.41954827674413,15.1655992206801
293,"web|two_factor|medium|one_to_one",-5.42010436620581,15.1655992206801
293,"mobile|simple|high|one_to_one",-5.93442641985482,15.1655992206801
293,"mobile|simple|low|multi_person",-6.71011602789352,15.1655992206801
293,"web|multi_factor|low|multi_person",-6.85390650569976,15.1655992206801
293,"web|two_factor|medium|multi_person",-5.76622175505009,15.1655992206801
293,"mobile|two_factor|low|one_to_one",-4.36455472851093,15.1655992206801
293,"web|two_factor|high|one_to_one",-5.06072250497248,15.1655992206801
293,"web|two_factor|low|one_to_one",-5.49029472416691,15.1655992206801
294,"web|simple|low|multi_person",-4.44418549551703,19.1284520907092
294,"mobile|two_factor|low|multi_person",-3.66124678961914,19.1284520907092
294,"web|two_factor|low|multi_person",-5.49040170290714,19.1284520907092
294,"mobile|multi_factor|low|multi_person",-3.97031538704646,19.1284520907092
294,"mobile|simple|medium|multi_person",-3.58834543264106,19.1284520907092
294,"mobile|multi_factor|medium|multi_person",-4.9436302374585,19.1284520907092
294,"web|multi_factor|medium|multi_person",-6.7727851507465,19.1284520907092
294,"mobile|simple|high|multi_person",-3.7883047412711,19.1284520907092
294,"web|simple|high|multi_person",-5.6174596545591,19.1284520907092
294,"mobile|two_factor|high|multi_person",-4.83452094866121,19.1284520907092
294,"mobile|multi_factor|high|multi_person",-5.14358954608853,19.1284520907092
294,"mobile|simple|low|one_to_one",-2.80153371188831,19.1284520907092
294,"web|simple|low|one_to_one",-4.63068862517631,19.1284520907092
294,"mobile|multi_factor|low|one_to_one",-4.15681851670575,19.1284520907092
294,"web|multi_factor|low|one_to_one",-5.98597342999375,19.1284520907092
294,"mobile|simple|medium|one_to_one",-3.77484856230035,19.1284520907092
294,"mobile|two_factor|medium|one_to_one",-4.82106476969046,19.1284520907092
294,"mobile|multi_factor|medium|one_to_one",-5.13013336711778,19.1284520907092
294,"web|multi_factor|medium|one_to_one",-6.95928828040578,19.1284520907092
294,"web|simple|high|one_to_one",-5.80396278421838,19.1284520907092
294,"mobile|two_factor|high|one_to_one",-5.02102407832049,19.1284520907092
294,"mobile|multi_factor|high|one_to_one",-5.33009267574782,19.1284520907092
294,"web|multi_factor|high|one_to_one",-7.15924758903582,19.1284520907092
294,"web|simple|medium|multi_person",-5.41750034592906,19.1284520907092
294,"mobile|two_factor|medium|multi_person",-4.63456164003118,19.1284520907092
294,"web|two_factor|high|multi_person",-6.66367586194921,19.1284520907092
294,"web|multi_factor|high|multi_person",-6.97274445937653,19.1284520907092
294,"web|simple|medium|one_to_one",-5.60400347558835,19.1284520907092
294,"web|two_factor|medium|one_to_one",-6.65021968297846,19.1284520907092
294,"mobile|simple|high|one_to_one",-3.97480787093038,19.1284520907092
294,"mobile|simple|low|multi_person",-2.61503058222903,19.1284520907092
294,"web|multi_factor|low|multi_person",-5.79947030033446,19.1284520907092
294,"web|two_factor|medium|multi_person",-6.46371655331918,19.1284520907092
294,"mobile|two_factor|low|one_to_one",-3.84774991927842,19.1284520907092
294,"web|two_factor|high|one_to_one",-6.8501789916085,19.1284520907092
294,"web|two_factor|low|one_to_one",-5.67690483256642,19.1284520907092
295,"web|simple|low|multi_person",-6.21172553932272,20.914176585428
295,"mobile|two_factor|low|multi_person",-4.82429569497066,20.914176585428
295,"web|two_factor|low|multi_person",-5.24118362950237,20.914176585428
295,"mobile|multi_factor|low|multi_person",-4.53407911085472,20.914176585428
295,"mobile|simple|medium|multi_person",-6.47556464139795,20.914176585428
295,"mobile|multi_factor|medium|multi_person",-5.21480614746167,20.914176585428
295,"web|multi_factor|medium|multi_person",-5.63169408199339,20.914176585428
295,"mobile|simple|high|multi_person",-7.75268414033758,20.914176585428
295,"web|simple|high|multi_person",-8.1695720748693,20.914176585428
295,"mobile|two_factor|high|multi_person",-6.78214223051723,20.914176585428
295,"mobile|multi_factor|high|multi_person",-6.49192564640129,20.914176585428
295,"mobile|simple|low|one_to_one",-4.84266423640947,20.914176585428
295,"web|simple|low|one_to_one",-5.25955217094118,20.914176585428
295,"mobile|multi_factor|low|one_to_one",-3.58190574247318,20.914176585428
295,"web|multi_factor|low|one_to_one",-3.9987936770049,20.914176585428
295,"mobile|simple|medium|one_to_one",-5.52339127301642,20.914176585428
295,"mobile|two_factor|medium|one_to_one",-4.55284936319607,20.914176585428
295,"mobile|multi_factor|medium|one_to_one",-4.26263277908013,20.914176585428
295,"web|multi_factor|medium|one_to_one",-4.67952071361185,20.914176585428
295,"web|simple|high|one_to_one",-7.21739870648776,20.914176585428
295,"mobile|two_factor|high|one_to_one",-5.8299688621357,20.914176585428
295,"mobile|multi_factor|high|one_to_one",-5.53975227801976,20.914176585428
295,"web|multi_factor|high|one_to_one",-5.95664021255148,20.914176585428
295,"web|simple|medium|multi_person",-6.89245257592967,20.914176585428
295,"mobile|two_factor|medium|multi_person",-5.50502273157761,20.914176585428
295,"web|two_factor|high|multi_person",-7.19903016504895,20.914176585428
295,"web|multi_factor|high|multi_person",-6.90881358093301,20.914176585428
295,"web|simple|medium|one_to_one",-5.94027920754814,20.914176585428
295,"web|two_factor|medium|one_to_one",-4.96973729772779,20.914176585428
295,"mobile|simple|high|one_to_one",-6.80051077195604,20.914176585428
295,"mobile|simple|low|multi_person",-5.794837604791,20.914176585428
295,"web|multi_factor|low|multi_person",-4.95096704538643,20.914176585428
295,"web|two_factor|medium|multi_person",-5.92191066610933,20.914176585428
295,"mobile|two_factor|low|one_to_one",-3.87212232658912,20.914176585428
295,"web|two_factor|high|one_to_one",-6.24685679666741,20.914176585428
295,"web|two_factor|low|one_to_one",-4.28901026112084,20.914176585428
296,"web|simple|low|multi_person",-5.62580900813562,19.07786959513
296,"mobile|two_factor|low|multi_person",-4.53424065829484,19.07786959513
296,"web|two_factor|low|multi_person",-6.05341509830142,19.07786959513
296,"mobile|multi_factor|low|multi_person",-4.60646660881499,19.07786959513
296,"mobile|simple|medium|multi_person",-4.54507776509661,19.07786959513
296,"mobile|multi_factor|medium|multi_person",-5.04490980578257,19.07786959513
296,"web|multi_factor|medium|multi_person",-6.56408424578915,19.07786959513
296,"mobile|simple|high|multi_person",-4.63353044701193,19.07786959513
296,"web|simple|high|multi_person",-6.15270488701851,19.07786959513
296,"mobile|two_factor|high|multi_person",-5.06113653717773,19.07786959513
296,"mobile|multi_factor|high|multi_person",-5.13336248769789,19.07786959513
296,"mobile|simple|low|one_to_one",-3.58793353483669,19.07786959513
296,"web|simple|low|one_to_one",-5.10710797484327,19.07786959513
296,"mobile|multi_factor|low|one_to_one",-4.08776557552264,19.07786959513
296,"web|multi_factor|low|one_to_one",-5.60694001552922,19.07786959513
296,"mobile|simple|medium|one_to_one",-4.02637673180426,19.07786959513
296,"mobile|two_factor|medium|one_to_one",-4.45398282197006,19.07786959513
296,"mobile|multi_factor|medium|one_to_one",-4.52620877249022,19.07786959513
296,"web|multi_factor|medium|one_to_one",-6.0453832124968,19.07786959513
296,"web|simple|high|one_to_one",-5.63400385372616,19.07786959513
296,"mobile|two_factor|high|one_to_one",-4.54243550388538,19.07786959513
296,"mobile|multi_factor|high|one_to_one",-4.61466145440554,19.07786959513
296,"web|multi_factor|high|one_to_one",-6.13383589441212,19.07786959513
296,"web|simple|medium|multi_person",-6.06425220510319,19.07786959513
296,"mobile|two_factor|medium|multi_person",-4.97268385526241,19.07786959513
296,"web|two_factor|high|multi_person",-6.58031097718431,19.07786959513
296,"web|multi_factor|high|multi_person",-6.65253692770447,19.07786959513
296,"web|simple|medium|one_to_one",-5.54555117181084,19.07786959513
296,"web|two_factor|medium|one_to_one",-5.97315726197664,19.07786959513
296,"mobile|simple|high|one_to_one",-4.11482941371958,19.07786959513
296,"mobile|simple|low|multi_person",-4.10663456812904,19.07786959513
296,"web|multi_factor|low|multi_person",-6.12564104882157,19.07786959513
296,"web|two_factor|medium|multi_person",-6.49185829526899,19.07786959513
296,"mobile|two_factor|low|one_to_one",-4.01553962500249,19.07786959513
296,"web|two_factor|high|one_to_one",-6.06160994389196,19.07786959513
296,"web|two_factor|low|one_to_one",-5.53471406500907,19.07786959513
297,"web|simple|low|multi_person",-6.10175599542077,16.0180513834821
297,"mobile|two_factor|low|multi_person",-5.89817187978973,16.0180513834821
297,"web|two_factor|low|multi_person",-5.37817359378445,16.0180513834821
297,"mobile|multi_factor|low|multi_person",-4.7328097922547,16.0180513834821
297,"mobile|simple|medium|multi_person",-6.42996542474826,16.0180513834821
297,"mobile|multi_factor|medium|multi_person",-4.54102093557691,16.0180513834821
297,"web|multi_factor|medium|multi_person",-4.02102264957163,16.0180513834821
297,"mobile|simple|high|multi_person",-7.61681923585608,16.0180513834821
297,"web|simple|high|multi_person",-7.0968209498508,16.0180513834821
297,"mobile|two_factor|high|multi_person",-6.89323683421975,16.0180513834821
297,"mobile|multi_factor|high|multi_person",-5.72787474668473,16.0180513834821
297,"mobile|simple|low|one_to_one",-7.67358544791644,16.0180513834821
297,"web|simple|low|one_to_one",-7.15358716191116,16.0180513834821
297,"mobile|multi_factor|low|one_to_one",-5.78464095874509,16.0180513834821
297,"web|multi_factor|low|one_to_one",-5.26464267273981,16.0180513834821
297,"mobile|simple|medium|one_to_one",-7.48179659123865,16.0180513834821
297,"mobile|two_factor|medium|one_to_one",-6.75821418960232,16.0180513834821
297,"mobile|multi_factor|medium|one_to_one",-5.5928521020673,16.0180513834821
297,"web|multi_factor|medium|one_to_one",-5.07285381606202,16.0180513834821
297,"web|simple|high|one_to_one",-8.14865211634119,16.0180513834821
297,"mobile|two_factor|high|one_to_one",-7.94506800071014,16.0180513834821
297,"mobile|multi_factor|high|one_to_one",-6.77970591317512,16.0180513834821
297,"web|multi_factor|high|one_to_one",-6.25970762716984,16.0180513834821
297,"web|simple|medium|multi_person",-5.90996713874298,16.0180513834821
297,"mobile|two_factor|medium|multi_person",-5.70638302311194,16.0180513834821
297,"web|two_factor|high|multi_person",-6.37323854821448,16.0180513834821
297,"web|multi_factor|high|multi_person",-5.20787646067945,16.0180513834821
297,"web|simple|medium|one_to_one",-6.96179830523337,16.0180513834821
297,"web|two_factor|medium|one_to_one",-6.23821590359705,16.0180513834821
297,"mobile|simple|high|one_to_one",-8.66865040234647,16.0180513834821
297,"mobile|simple|low|multi_person",-6.62175428142605,16.0180513834821
297,"web|multi_factor|low|multi_person",-4.21281150624942,16.0180513834821
297,"web|two_factor|medium|multi_person",-5.18638473710666,16.0180513834821
297,"mobile|two_factor|low|one_to_one",-6.95000304628011,16.0180513834821
297,"web|two_factor|high|one_to_one",-7.42506971470486,16.0180513834821
297,"web|two_factor|low|one_to_one",-6.43000476027484,16.0180513834821
298,"web|simple|low|multi_person",-6.01042648230898,19.6930370312052
298,"mobile|two_factor|low|multi_person",-3.87747781893413,19.6930370312052
298,"web|two_factor|low|multi_person",-5.19112484781293,19.6930370312052
298,"mobile|multi_factor|low|multi_person",-4.87170120960209,19.6930370312052
298,"mobile|simple|medium|multi_person",-5.42714699747823,19.6930370312052
298,"mobile|multi_factor|medium|multi_person",-5.60206875365014,19.6930370312052
298,"web|multi_factor|medium|multi_person",-6.91571578252894,19.6930370312052
298,"mobile|simple|high|multi_person",-5.84682405881172,19.6930370312052
298,"web|simple|high|multi_person",-7.16047108769052,19.6930370312052
298,"mobile|two_factor|high|multi_person",-5.02752242431568,19.6930370312052
298,"mobile|multi_factor|high|multi_person",-6.02174581498363,19.6930370312052
298,"mobile|simple|low|one_to_one",-3.60619688858556,19.6930370312052
298,"web|simple|low|one_to_one",-4.91984391746436,19.6930370312052
298,"mobile|multi_factor|low|one_to_one",-3.78111864475747,19.6930370312052
298,"web|multi_factor|low|one_to_one",-5.09476567363627,19.6930370312052
298,"mobile|simple|medium|one_to_one",-4.33656443263361,19.6930370312052
298,"mobile|two_factor|medium|one_to_one",-3.51726279813756,19.6930370312052
298,"mobile|multi_factor|medium|one_to_one",-4.51148618880552,19.6930370312052
298,"web|multi_factor|medium|one_to_one",-5.82513321768431,19.6930370312052
298,"web|simple|high|one_to_one",-6.0698885228459,19.6930370312052
298,"mobile|two_factor|high|one_to_one",-3.93693985947105,19.6930370312052
298,"mobile|multi_factor|high|one_to_one",-4.93116325013901,19.6930370312052
298,"web|multi_factor|high|one_to_one",-6.24481027901781,19.6930370312052
298,"web|simple|medium|multi_person",-6.74079402635703,19.6930370312052
298,"mobile|two_factor|medium|multi_person",-4.60784536298218,19.6930370312052
298,"web|two_factor|high|multi_person",-6.34116945319447,19.6930370312052
298,"web|multi_factor|high|multi_person",-7.33539284386243,19.6930370312052
298,"web|simple|medium|one_to_one",-5.6502114615124,19.6930370312052
298,"web|two_factor|medium|one_to_one",-4.83090982701636,19.6930370312052
298,"mobile|simple|high|one_to_one",-4.7562414939671,19.6930370312052
298,"mobile|simple|low|multi_person",-4.69677945343018,19.6930370312052
298,"web|multi_factor|low|multi_person",-6.18534823848089,19.6930370312052
298,"web|two_factor|medium|multi_person",-5.92149239186098,19.6930370312052
298,"mobile|two_factor|low|one_to_one",-2.78689525408951,19.6930370312052
298,"web|two_factor|high|one_to_one",-5.25058688834985,19.6930370312052
298,"web|two_factor|low|one_to_one",-4.10054228296831,19.6930370312052
299,"web|simple|low|multi_person",-6.66848916047827,9.5174202889697
299,"mobile|two_factor|low|multi_person",-6.09732659280338,9.5174202889697
299,"web|two_factor|low|multi_person",-5.86849150655594,9.5174202889697
299,"mobile|multi_factor|low|multi_person",-5.91352135547096,9.5174202889697
299,"mobile|simple|medium|multi_person",-6.4864401930275,9.5174202889697
299,"mobile|multi_factor|medium|multi_person",-5.50263730177274,9.5174202889697
299,"web|multi_factor|medium|multi_person",-5.2738022155253,9.5174202889697
299,"mobile|simple|high|multi_person",-7.74137129307781,9.5174202889697
299,"web|simple|high|multi_person",-7.51253620683037,9.5174202889697
299,"mobile|two_factor|high|multi_person",-6.94137363915548,9.5174202889697
299,"mobile|multi_factor|high|multi_person",-6.75756840182306,9.5174202889697
299,"mobile|simple|low|one_to_one",-7.20451967626112,9.5174202889697
299,"web|simple|low|one_to_one",-6.97568459001368,9.5174202889697
299,"mobile|multi_factor|low|one_to_one",-6.22071678500636,9.5174202889697
299,"web|multi_factor|low|one_to_one",-5.99188169875892,9.5174202889697
299,"mobile|simple|medium|one_to_one",-6.7936356225629,9.5174202889697
299,"mobile|two_factor|medium|one_to_one",-5.99363796864057,9.5174202889697
299,"mobile|multi_factor|medium|one_to_one",-5.80983273130815,9.5174202889697
299,"web|multi_factor|medium|one_to_one",-5.5809976450607,9.5174202889697
299,"web|simple|high|one_to_one",-7.81973163636578,9.5174202889697
299,"mobile|two_factor|high|one_to_one",-7.24856906869089,9.5174202889697
299,"mobile|multi_factor|high|one_to_one",-7.06476383135846,9.5174202889697
299,"web|multi_factor|high|one_to_one",-6.83592874511102,9.5174202889697
299,"web|simple|medium|multi_person",-6.25760510678005,9.5174202889697
299,"mobile|two_factor|medium|multi_person",-5.68644253910516,9.5174202889697
299,"web|two_factor|high|multi_person",-6.71253855290804,9.5174202889697
299,"web|multi_factor|high|multi_person",-6.52873331557561,9.5174202889697
299,"web|simple|medium|one_to_one",-6.56480053631546,9.5174202889697
299,"web|two_factor|medium|one_to_one",-5.76480288239313,9.5174202889697
299,"mobile|simple|high|one_to_one",-8.04856672261322,9.5174202889697
299,"mobile|simple|low|multi_person",-6.89732424672571,9.5174202889697
299,"web|multi_factor|low|multi_person",-5.68468626922351,9.5174202889697
299,"web|two_factor|medium|multi_person",-5.45760745285772,9.5174202889697
299,"mobile|two_factor|low|one_to_one",-6.40452202233879,9.5174202889697
299,"web|two_factor|high|one_to_one",-7.01973398244344,9.5174202889697
299,"web|two_factor|low|one_to_one",-6.17568693609134,9.5174202889697
301,"web|simple|low|multi_person",-4.80594107256256,20.5603354650748
301,"mobile|two_factor|low|multi_person",-3.84626826405424,20.5603354650748
301,"web|two_factor|low|multi_person",-4.8570456838655,20.5603354650748
301,"mobile|multi_factor|low|multi_person",-3.73188145755715,20.5603354650748
301,"mobile|simple|medium|multi_person",-4.5140206902955,20.5603354650748
301,"mobile|multi_factor|medium|multi_person",-4.45073849510135,20.5603354650748
301,"web|multi_factor|medium|multi_person",-5.46151591491261,20.5603354650748
301,"mobile|simple|high|multi_person",-5.90746389975367,20.5603354650748
301,"web|simple|high|multi_person",-6.91824131956493,20.5603354650748
301,"mobile|two_factor|high|multi_person",-5.9585685110566,20.5603354650748
301,"mobile|multi_factor|high|multi_person",-5.84418170455952,20.5603354650748
301,"mobile|simple|low|one_to_one",-3.64510118452614,20.5603354650748
301,"web|simple|low|one_to_one",-4.6558786043374,20.5603354650748
301,"mobile|multi_factor|low|one_to_one",-3.58181898933199,20.5603354650748
301,"web|multi_factor|low|one_to_one",-4.59259640914325,20.5603354650748
301,"mobile|simple|medium|one_to_one",-4.36395822207034,20.5603354650748
301,"mobile|two_factor|medium|one_to_one",-4.41506283337327,20.5603354650748
301,"mobile|multi_factor|medium|one_to_one",-4.30067602687619,20.5603354650748
301,"web|multi_factor|medium|one_to_one",-5.31145344668744,20.5603354650748
301,"web|simple|high|one_to_one",-6.76817885133976,20.5603354650748
301,"mobile|two_factor|high|one_to_one",-5.80850604283144,20.5603354650748
301,"mobile|multi_factor|high|one_to_one",-5.69411923633435,20.5603354650748
301,"web|multi_factor|high|one_to_one",-6.70489665614561,20.5603354650748
301,"web|simple|medium|multi_person",-5.52479811010676,20.5603354650748
301,"mobile|two_factor|medium|multi_person",-4.56512530159844,20.5603354650748
301,"web|two_factor|high|multi_person",-6.96934593086786,20.5603354650748
301,"web|multi_factor|high|multi_person",-6.85495912437077,20.5603354650748
301,"web|simple|medium|one_to_one",-5.3747356418816,20.5603354650748
301,"web|two_factor|medium|one_to_one",-5.42584025318453,20.5603354650748
301,"mobile|simple|high|one_to_one",-5.7574014315285,20.5603354650748
301,"mobile|simple|low|multi_person",-3.79516365275131,20.5603354650748
301,"web|multi_factor|low|multi_person",-4.74265887736841,20.5603354650748
301,"web|two_factor|medium|multi_person",-5.5759027214097,20.5603354650748
301,"mobile|two_factor|low|one_to_one",-3.69620579582907,20.5603354650748
301,"web|two_factor|high|one_to_one",-6.8192834626427,20.5603354650748
301,"web|two_factor|low|one_to_one",-4.70698321564033,20.5603354650748
302,"web|simple|low|multi_person",-6.36416576115996,8.28936936898386
302,"mobile|two_factor|low|multi_person",-7.08997441698926,8.28936936898386
302,"web|two_factor|low|multi_person",-5.75436975548886,8.28936936898386
302,"mobile|multi_factor|low|multi_person",-7.70547815542454,8.28936936898386
302,"mobile|simple|medium|multi_person",-8.56886651004672,8.28936936898386
302,"mobile|multi_factor|medium|multi_person",-8.57457424281089,8.28936936898386
302,"web|multi_factor|medium|multi_person",-7.23896958131048,8.28936936898386
302,"mobile|simple|high|multi_person",-7.55565686121298,8.28936936898386
302,"web|simple|high|multi_person",-6.22005219971257,8.28936936898386
302,"mobile|two_factor|high|multi_person",-6.94586085554187,8.28936936898386
302,"mobile|multi_factor|high|multi_person",-7.56136459397714,8.28936936898386
302,"mobile|simple|low|one_to_one",-6.13524772010275,8.28936936898386
302,"web|simple|low|one_to_one",-4.79964305860234,8.28936936898386
302,"mobile|multi_factor|low|one_to_one",-6.14095545286691,8.28936936898386
302,"web|multi_factor|low|one_to_one",-4.80535079136651,8.28936936898386
302,"mobile|simple|medium|one_to_one",-7.00434380748909,8.28936936898386
302,"mobile|two_factor|medium|one_to_one",-6.39454780181799,8.28936936898386
302,"mobile|multi_factor|medium|one_to_one",-7.01005154025326,8.28936936898386
302,"web|multi_factor|medium|one_to_one",-5.67444687875286,8.28936936898386
302,"web|simple|high|one_to_one",-4.65552949715495,8.28936936898386
302,"mobile|two_factor|high|one_to_one",-5.38133815298424,8.28936936898386
302,"mobile|multi_factor|high|one_to_one",-5.99684189141952,8.28936936898386
302,"web|multi_factor|high|one_to_one",-4.66123722991911,8.28936936898386
302,"web|simple|medium|multi_person",-7.23326184854631,8.28936936898386
302,"mobile|two_factor|medium|multi_person",-7.95907050437561,8.28936936898386
302,"web|two_factor|high|multi_person",-5.61025619404146,8.28936936898386
302,"web|multi_factor|high|multi_person",-6.22575993247674,8.28936936898386
302,"web|simple|medium|one_to_one",-5.66873914598869,8.28936936898386
302,"web|two_factor|medium|one_to_one",-5.05894314031758,8.28936936898386
302,"mobile|simple|high|one_to_one",-5.99113415865535,8.28936936898386
302,"mobile|simple|low|multi_person",-7.69977042266037,8.28936936898386
302,"web|multi_factor|low|multi_person",-6.36987349392413,8.28936936898386
302,"web|two_factor|medium|multi_person",-6.6234658428752,8.28936936898386
302,"mobile|two_factor|low|one_to_one",-5.52545171443164,8.28936936898386
302,"web|two_factor|high|one_to_one",-4.04573349148384,8.28936936898386
302,"web|two_factor|low|one_to_one",-4.18984705293123,8.28936936898386
303,"web|simple|low|multi_person",-4.30061153678836,20.7453109676135
303,"mobile|two_factor|low|multi_person",-3.85849700666183,20.7453109676135
303,"web|two_factor|low|multi_person",-4.21054523822538,20.7453109676135
303,"mobile|multi_factor|low|multi_person",-4.40245790243751,20.7453109676135
303,"mobile|simple|medium|multi_person",-5.06317709533312,20.7453109676135
303,"mobile|multi_factor|medium|multi_person",-5.51707169254582,20.7453109676135
303,"web|multi_factor|medium|multi_person",-5.86911992410937,20.7453109676135
303,"mobile|simple|high|multi_person",-6.33030991724795,20.7453109676135
303,"web|simple|high|multi_person",-6.6823581488115,20.7453109676135
303,"mobile|two_factor|high|multi_person",-6.24024361868497,20.7453109676135
303,"mobile|multi_factor|high|multi_person",-6.78420451446065,20.7453109676135
303,"mobile|simple|low|one_to_one",-3.87819563806716,20.7453109676135
303,"web|simple|low|one_to_one",-4.23024386963071,20.7453109676135
303,"mobile|multi_factor|low|one_to_one",-4.33209023527986,20.7453109676135
303,"web|multi_factor|low|one_to_one",-4.68413846684342,20.7453109676135
303,"mobile|simple|medium|one_to_one",-4.99280942817547,20.7453109676135
303,"mobile|two_factor|medium|one_to_one",-4.90274312961249,20.7453109676135
303,"mobile|multi_factor|medium|one_to_one",-5.44670402538817,20.7453109676135
303,"web|multi_factor|medium|one_to_one",-5.79875225695173,20.7453109676135
303,"web|simple|high|one_to_one",-6.61199048165385,20.7453109676135
303,"mobile|two_factor|high|one_to_one",-6.16987595152732,20.7453109676135
303,"mobile|multi_factor|high|one_to_one",-6.713836847303,20.7453109676135
303,"web|multi_factor|high|one_to_one",-7.06588507886656,20.7453109676135
303,"web|simple|medium|multi_person",-5.41522532689667,20.7453109676135
303,"mobile|two_factor|medium|multi_person",-4.97311079677014,20.7453109676135
303,"web|two_factor|high|multi_person",-6.59229185024852,20.7453109676135
303,"web|multi_factor|high|multi_person",-7.1362527460242,20.7453109676135
303,"web|simple|medium|one_to_one",-5.34485765973902,20.7453109676135
303,"web|two_factor|medium|one_to_one",-5.25479136117605,20.7453109676135
303,"mobile|simple|high|one_to_one",-6.2599422500903,20.7453109676135
303,"mobile|simple|low|multi_person",-3.94856330522481,20.7453109676135
303,"web|multi_factor|low|multi_person",-4.75450613400106,20.7453109676135
303,"web|two_factor|medium|multi_person",-5.32515902833369,20.7453109676135
303,"mobile|two_factor|low|one_to_one",-3.78812933950419,20.7453109676135
303,"web|two_factor|high|one_to_one",-6.52192418309088,20.7453109676135
303,"web|two_factor|low|one_to_one",-4.14017757106774,20.7453109676135
304,"web|simple|low|multi_person",-5.46623666574743,19.3762185449352
304,"mobile|two_factor|low|multi_person",-3.23186093898241,19.3762185449352
304,"web|two_factor|low|multi_person",-5.03930048405193,19.3762185449352
304,"mobile|multi_factor|low|multi_person",-3.48664546874492,19.3762185449352
304,"mobile|simple|medium|multi_person",-5.32006776298965,19.3762185449352
304,"mobile|multi_factor|medium|multi_person",-5.14791611105666,19.3762185449352
304,"web|multi_factor|medium|multi_person",-6.95535565612618,19.3762185449352
304,"mobile|simple|high|multi_person",-6.10282287327318,19.3762185449352
304,"web|simple|high|multi_person",-7.9102624183427,19.3762185449352
304,"mobile|two_factor|high|multi_person",-5.67588669157768,19.3762185449352
304,"mobile|multi_factor|high|multi_person",-5.93067122134019,19.3762185449352
304,"mobile|simple|low|one_to_one",-2.75956713932277,19.3762185449352
304,"web|simple|low|one_to_one",-4.56700668439229,19.3762185449352
304,"mobile|multi_factor|low|one_to_one",-2.58741548738978,19.3762185449352
304,"web|multi_factor|low|one_to_one",-4.3948550324593,19.3762185449352
304,"mobile|simple|medium|one_to_one",-4.42083778163451,19.3762185449352
304,"mobile|two_factor|medium|one_to_one",-3.99390159993901,19.3762185449352
304,"mobile|multi_factor|medium|one_to_one",-4.24868612970152,19.3762185449352
304,"web|multi_factor|medium|one_to_one",-6.05612567477104,19.3762185449352
304,"web|simple|high|one_to_one",-7.01103243698756,19.3762185449352
304,"mobile|two_factor|high|one_to_one",-4.77665671022254,19.3762185449352
304,"mobile|multi_factor|high|one_to_one",-5.03144123998505,19.3762185449352
304,"web|multi_factor|high|one_to_one",-6.83888078505457,19.3762185449352
304,"web|simple|medium|multi_person",-7.12750730805917,19.3762185449352
304,"mobile|two_factor|medium|multi_person",-4.89313158129415,19.3762185449352
304,"web|two_factor|high|multi_person",-7.4833262366472,19.3762185449352
304,"web|multi_factor|high|multi_person",-7.73811076640971,19.3762185449352
304,"web|simple|medium|one_to_one",-6.22827732670403,19.3762185449352
304,"web|two_factor|medium|one_to_one",-5.80134114500853,19.3762185449352
304,"mobile|simple|high|one_to_one",-5.20359289191804,19.3762185449352
304,"mobile|simple|low|multi_person",-3.65879712067791,19.3762185449352
304,"web|multi_factor|low|multi_person",-5.29408501381444,19.3762185449352
304,"web|two_factor|medium|multi_person",-6.70057112636367,19.3762185449352
304,"mobile|two_factor|low|one_to_one",-2.33263095762727,19.3762185449352
304,"web|two_factor|high|one_to_one",-6.58409625529206,19.3762185449352
304,"web|two_factor|low|one_to_one",-4.14007050269679,19.3762185449352
305,"web|simple|low|multi_person",-6.02519700760055,17.8309525363365
305,"mobile|two_factor|low|multi_person",-4.08440089306834,17.8309525363365
305,"web|two_factor|low|multi_person",-5.48096008956177,17.8309525363365
305,"mobile|multi_factor|low|multi_person",-4.67646099454369,17.8309525363365
305,"mobile|simple|medium|multi_person",-5.63273590777361,17.8309525363365
305,"mobile|multi_factor|medium|multi_person",-5.68055909121018,17.8309525363365
305,"web|multi_factor|medium|multi_person",-7.0771182877036,17.8309525363365
305,"mobile|simple|high|multi_person",-6.75426269545297,17.8309525363365
305,"web|simple|high|multi_person",-8.1508218919464,17.8309525363365
305,"mobile|two_factor|high|multi_person",-6.21002577741419,17.8309525363365
305,"mobile|multi_factor|high|multi_person",-6.80208587888954,17.8309525363365
305,"mobile|simple|low|one_to_one",-2.61885956507678,17.8309525363365
305,"web|simple|low|one_to_one",-4.01541876157021,17.8309525363365
305,"mobile|multi_factor|low|one_to_one",-2.66668274851335,17.8309525363365
305,"web|multi_factor|low|one_to_one",-4.06324194500677,17.8309525363365
305,"mobile|simple|medium|one_to_one",-3.62295766174327,17.8309525363365
305,"mobile|two_factor|medium|one_to_one",-3.07872074370449,17.8309525363365
305,"mobile|multi_factor|medium|one_to_one",-3.67078084517984,17.8309525363365
305,"web|multi_factor|medium|one_to_one",-5.06734004167326,17.8309525363365
305,"web|simple|high|one_to_one",-6.14104364591606,17.8309525363365
305,"mobile|two_factor|high|one_to_one",-4.20024753138385,17.8309525363365
305,"mobile|multi_factor|high|one_to_one",-4.7923076328592,17.8309525363365
305,"web|multi_factor|high|one_to_one",-6.18886682935262,17.8309525363365
305,"web|simple|medium|multi_person",-7.02929510426704,17.8309525363365
305,"mobile|two_factor|medium|multi_person",-5.08849898973483,17.8309525363365
305,"web|two_factor|high|multi_person",-7.60658497390762,17.8309525363365
305,"web|multi_factor|high|multi_person",-8.19864507538296,17.8309525363365
305,"web|simple|medium|one_to_one",-5.0195168582367,17.8309525363365
305,"web|two_factor|medium|one_to_one",-4.47527994019792,17.8309525363365
305,"mobile|simple|high|one_to_one",-4.74448444942263,17.8309525363365
305,"mobile|simple|low|multi_person",-4.62863781110712,17.8309525363365
305,"web|multi_factor|low|multi_person",-6.07302019103711,17.8309525363365
305,"web|two_factor|medium|multi_person",-6.48505818622826,17.8309525363365
305,"mobile|two_factor|low|one_to_one",-2.074622647038,17.8309525363365
305,"web|two_factor|high|one_to_one",-5.59680672787728,17.8309525363365
305,"web|two_factor|low|one_to_one",-3.47118184353143,17.8309525363365
306,"web|simple|low|multi_person",-4.1222491270334,12.6404052068136
306,"mobile|two_factor|low|multi_person",-6.80819932914515,12.6404052068136
306,"web|two_factor|low|multi_person",-5.87397656114435,12.6404052068136
306,"mobile|multi_factor|low|multi_person",-5.70851206004514,12.6404052068136
306,"mobile|simple|medium|multi_person",-6.43823315873563,12.6404052068136
306,"mobile|multi_factor|medium|multi_person",-7.09027332374657,12.6404052068136
306,"web|multi_factor|medium|multi_person",-6.15605055574578,12.6404052068136
306,"mobile|simple|high|multi_person",-6.44151507132323,12.6404052068136
306,"web|simple|high|multi_person",-5.50729230332244,12.6404052068136
306,"mobile|two_factor|high|multi_person",-8.19324250543418,12.6404052068136
306,"mobile|multi_factor|high|multi_person",-7.09355523633417,12.6404052068136
306,"mobile|simple|low|one_to_one",-3.75740954756181,12.6404052068136
306,"web|simple|low|one_to_one",-2.82318677956102,12.6404052068136
306,"mobile|multi_factor|low|one_to_one",-4.40944971257275,12.6404052068136
306,"web|multi_factor|low|one_to_one",-3.47522694457196,12.6404052068136
306,"mobile|simple|medium|one_to_one",-5.13917081126325,12.6404052068136
306,"mobile|two_factor|medium|one_to_one",-6.89089824537419,12.6404052068136
306,"mobile|multi_factor|medium|one_to_one",-5.79121097627419,12.6404052068136
306,"web|multi_factor|medium|one_to_one",-4.85698820827339,12.6404052068136
306,"web|simple|high|one_to_one",-4.20822995585006,12.6404052068136
306,"mobile|two_factor|high|one_to_one",-6.8941801579618,12.6404052068136
306,"mobile|multi_factor|high|one_to_one",-5.79449288886179,12.6404052068136
306,"web|multi_factor|high|one_to_one",-4.860270120861,12.6404052068136
306,"web|simple|medium|multi_person",-5.50401039073484,12.6404052068136
306,"mobile|two_factor|medium|multi_person",-8.18996059284658,12.6404052068136
306,"web|two_factor|high|multi_person",-7.25901973743339,12.6404052068136
306,"web|multi_factor|high|multi_person",-6.15933246833338,12.6404052068136
306,"web|simple|medium|one_to_one",-4.20494804326245,12.6404052068136
306,"web|two_factor|medium|one_to_one",-5.9566754773734,12.6404052068136
306,"mobile|simple|high|one_to_one",-5.14245272385085,12.6404052068136
306,"mobile|simple|low|multi_person",-5.0564718950342,12.6404052068136
306,"web|multi_factor|low|multi_person",-4.77428929204434,12.6404052068136
306,"web|two_factor|medium|multi_person",-7.25573782484578,12.6404052068136
306,"mobile|two_factor|low|one_to_one",-5.50913698167276,12.6404052068136
306,"web|two_factor|high|one_to_one",-5.959957389961,12.6404052068136
306,"web|two_factor|low|one_to_one",-4.57491421367197,12.6404052068136
307,"web|simple|low|multi_person",-4.01244857087291,19.7733895734532
307,"mobile|two_factor|low|multi_person",-3.06520891260142,19.7733895734532
307,"web|two_factor|low|multi_person",-4.00280206798036,19.7733895734532
307,"mobile|multi_factor|low|multi_person",-3.88578737060465,19.7733895734532
307,"mobile|simple|medium|multi_person",-3.9404932056035,19.7733895734532
307,"mobile|multi_factor|medium|multi_person",-4.75142516071419,19.7733895734532
307,"web|multi_factor|medium|multi_person",-5.68901831609313,19.7733895734532
307,"mobile|simple|high|multi_person",-5.3645271571792,19.7733895734532
307,"web|simple|high|multi_person",-6.30212031255814,19.7733895734532
307,"mobile|two_factor|high|multi_person",-5.35488065428665,19.7733895734532
307,"mobile|multi_factor|high|multi_person",-6.17545911228988,19.7733895734532
307,"mobile|simple|low|one_to_one",-3.98410996858227,19.7733895734532
307,"web|simple|low|one_to_one",-4.92170312396121,19.7733895734532
307,"mobile|multi_factor|low|one_to_one",-4.79504192369296,19.7733895734532
307,"web|multi_factor|low|one_to_one",-5.7326350790719,19.7733895734532
307,"mobile|simple|medium|one_to_one",-4.84974775869181,19.7733895734532
307,"mobile|two_factor|medium|one_to_one",-4.84010125579927,19.7733895734532
307,"mobile|multi_factor|medium|one_to_one",-5.6606797138025,19.7733895734532
307,"web|multi_factor|medium|one_to_one",-6.59827286918144,19.7733895734532
307,"web|simple|high|one_to_one",-7.21137486564644,19.7733895734532
307,"mobile|two_factor|high|one_to_one",-6.26413520737496,19.7733895734532
307,"mobile|multi_factor|high|one_to_one",-7.08471366537819,19.7733895734532
307,"web|multi_factor|high|one_to_one",-8.02230682075713,19.7733895734532
307,"web|simple|medium|multi_person",-4.87808636098245,19.7733895734532
307,"mobile|two_factor|medium|multi_person",-3.93084670271096,19.7733895734532
307,"web|two_factor|high|multi_person",-6.29247380966559,19.7733895734532
307,"web|multi_factor|high|multi_person",-7.11305226766882,19.7733895734532
307,"web|simple|medium|one_to_one",-5.78734091407075,19.7733895734532
307,"web|two_factor|medium|one_to_one",-5.7776944111782,19.7733895734532
307,"mobile|simple|high|one_to_one",-6.2737817102675,19.7733895734532
307,"mobile|simple|low|multi_person",-3.07485541549397,19.7733895734532
307,"web|multi_factor|low|multi_person",-4.82338052598359,19.7733895734532
307,"web|two_factor|medium|multi_person",-4.8684398580899,19.7733895734532
307,"mobile|two_factor|low|one_to_one",-3.97446346568973,19.7733895734532
307,"web|two_factor|high|one_to_one",-7.2017283627539,19.7733895734532
307,"web|two_factor|low|one_to_one",-4.91205662106867,19.7733895734532
308,"web|simple|low|multi_person",-3.87533448495482,15.97803492397
308,"mobile|two_factor|low|multi_person",-5.9368535054782,15.97803492397
308,"web|two_factor|low|multi_person",-5.79891609701558,15.97803492397
308,"mobile|multi_factor|low|multi_person",-5.4651569121945,15.97803492397
308,"mobile|simple|medium|multi_person",-4.88332342829427,15.97803492397
308,"mobile|multi_factor|medium|multi_person",-6.33520844707132,15.97803492397
308,"web|multi_factor|medium|multi_person",-6.1972710386087,15.97803492397
308,"mobile|simple|high|multi_person",-5.43355683064688,15.97803492397
308,"web|simple|high|multi_person",-5.29561942218426,15.97803492397
308,"mobile|two_factor|high|multi_person",-7.35713844270764,15.97803492397
308,"mobile|multi_factor|high|multi_person",-6.88544184942393,15.97803492397
308,"mobile|simple|low|one_to_one",-3.00107276621976,15.97803492397
308,"web|simple|low|one_to_one",-2.86313535775714,15.97803492397
308,"mobile|multi_factor|low|one_to_one",-4.45295778499681,15.97803492397
308,"web|multi_factor|low|one_to_one",-4.31502037653419,15.97803492397
308,"mobile|simple|medium|one_to_one",-3.87112430109659,15.97803492397
308,"mobile|two_factor|medium|one_to_one",-5.79470591315734,15.97803492397
308,"mobile|multi_factor|medium|one_to_one",-5.32300931987364,15.97803492397
308,"web|multi_factor|medium|one_to_one",-5.18507191141101,15.97803492397
308,"web|simple|high|one_to_one",-4.28342029498658,15.97803492397
308,"mobile|two_factor|high|one_to_one",-6.34493931550996,15.97803492397
308,"mobile|multi_factor|high|one_to_one",-5.87324272222625,15.97803492397
308,"web|multi_factor|high|one_to_one",-5.73530531376363,15.97803492397
308,"web|simple|medium|multi_person",-4.74538601983165,15.97803492397
308,"mobile|two_factor|medium|multi_person",-6.80690504035503,15.97803492397
308,"web|two_factor|high|multi_person",-7.21920103424502,15.97803492397
308,"web|multi_factor|high|multi_person",-6.74750444096131,15.97803492397
308,"web|simple|medium|one_to_one",-3.73318689263396,15.97803492397
308,"web|two_factor|medium|one_to_one",-5.65676850469472,15.97803492397
308,"mobile|simple|high|one_to_one",-4.4213577034492,15.97803492397
308,"mobile|simple|low|multi_person",-4.01327189341745,15.97803492397
308,"web|multi_factor|low|multi_person",-5.32721950373187,15.97803492397
308,"web|two_factor|medium|multi_person",-6.6689676318924,15.97803492397
308,"mobile|two_factor|low|one_to_one",-4.92465437828052,15.97803492397
308,"web|two_factor|high|one_to_one",-6.20700190704734,15.97803492397
308,"web|two_factor|low|one_to_one",-4.7867169698179,15.97803492397
309,"web|simple|low|multi_person",-7.54520309243614,6.94993510643832
309,"mobile|two_factor|low|multi_person",-4.13687849030279,6.94993510643832
309,"web|two_factor|low|multi_person",-5.3704253727106,6.94993510643832
309,"mobile|multi_factor|low|multi_person",-4.50974430633005,6.94993510643832
309,"mobile|simple|medium|multi_person",-6.94748829096979,6.94993510643832
309,"mobile|multi_factor|medium|multi_person",-5.14557638727151,6.94993510643832
309,"web|multi_factor|medium|multi_person",-6.37912326967932,6.94993510643832
309,"mobile|simple|high|multi_person",-7.21746084892157,6.94993510643832
309,"web|simple|high|multi_person",-8.45100773132939,6.94993510643832
309,"mobile|two_factor|high|multi_person",-5.04268312919604,6.94993510643832
309,"mobile|multi_factor|high|multi_person",-5.4155489452233,6.94993510643832
309,"mobile|simple|low|one_to_one",-6.84346844074812,6.94993510643832
309,"web|simple|low|one_to_one",-8.07701532315593,6.94993510643832
309,"mobile|multi_factor|low|one_to_one",-5.04155653704984,6.94993510643832
309,"web|multi_factor|low|one_to_one",-6.27510341945765,6.94993510643832
309,"mobile|simple|medium|one_to_one",-7.47930052168958,6.94993510643832
309,"mobile|two_factor|medium|one_to_one",-5.30452280196405,6.94993510643832
309,"mobile|multi_factor|medium|one_to_one",-5.67738861799131,6.94993510643832
309,"web|multi_factor|medium|one_to_one",-6.91093550039912,6.94993510643832
309,"web|simple|high|one_to_one",-8.98281996204918,6.94993510643832
309,"mobile|two_factor|high|one_to_one",-5.57449535991583,6.94993510643832
309,"mobile|multi_factor|high|one_to_one",-5.94736117594309,6.94993510643832
309,"web|multi_factor|high|one_to_one",-7.1809080583509,6.94993510643832
309,"web|simple|medium|multi_person",-8.1810351733776,6.94993510643832
309,"mobile|two_factor|medium|multi_person",-4.77271057124425,6.94993510643832
309,"web|two_factor|high|multi_person",-6.27623001160385,6.94993510643832
309,"web|multi_factor|high|multi_person",-6.64909582763111,6.94993510643832
309,"web|simple|medium|one_to_one",-8.7128474040974,6.94993510643832
309,"web|two_factor|medium|one_to_one",-6.53806968437186,6.94993510643832
309,"mobile|simple|high|one_to_one",-7.74927307964137,6.94993510643832
309,"mobile|simple|low|multi_person",-6.31165621002833,6.94993510643832
309,"web|multi_factor|low|multi_person",-5.74329118873786,6.94993510643832
309,"web|two_factor|medium|multi_person",-6.00625745365206,6.94993510643832
309,"mobile|two_factor|low|one_to_one",-4.66869072102258,6.94993510643832
309,"web|two_factor|high|one_to_one",-6.80804224232364,6.94993510643832
309,"web|two_factor|low|one_to_one",-5.9022376034304,6.94993510643832
310,"web|simple|low|multi_person",-4.75395274608339,20.9597766688826
310,"mobile|two_factor|low|multi_person",-4.34620252910287,20.9597766688826
310,"web|two_factor|low|multi_person",-5.2074607249957,20.9597766688826
310,"mobile|multi_factor|low|multi_person",-4.59683884902736,20.9597766688826
310,"mobile|simple|medium|multi_person",-4.56632141194383,20.9597766688826
310,"mobile|multi_factor|medium|multi_person",-5.27046571078064,20.9597766688826
310,"web|multi_factor|medium|multi_person",-6.13172390667347,20.9597766688826
310,"mobile|simple|high|multi_person",-5.66579222761836,20.9597766688826
310,"web|simple|high|multi_person",-6.52705042351119,20.9597766688826
310,"mobile|two_factor|high|multi_person",-6.11930020653067,20.9597766688826
310,"mobile|multi_factor|high|multi_person",-6.36993652645516,20.9597766688826
310,"mobile|simple|low|one_to_one",-3.03695849479286,20.9597766688826
310,"web|simple|low|one_to_one",-3.8982166906857,20.9597766688826
310,"mobile|multi_factor|low|one_to_one",-3.74110279362967,20.9597766688826
310,"web|multi_factor|low|one_to_one",-4.6023609895225,20.9597766688826
310,"mobile|simple|medium|one_to_one",-3.71058535654614,20.9597766688826
310,"mobile|two_factor|medium|one_to_one",-4.16409333545846,20.9597766688826
310,"mobile|multi_factor|medium|one_to_one",-4.41472965538295,20.9597766688826
310,"web|multi_factor|medium|one_to_one",-5.27598785127578,20.9597766688826
310,"web|simple|high|one_to_one",-5.6713143681135,20.9597766688826
310,"mobile|two_factor|high|one_to_one",-5.26356415113298,20.9597766688826
310,"mobile|multi_factor|high|one_to_one",-5.51420047105747,20.9597766688826
310,"web|multi_factor|high|one_to_one",-6.37545866695031,20.9597766688826
310,"web|simple|medium|multi_person",-5.42757960783667,20.9597766688826
310,"mobile|two_factor|medium|multi_person",-5.01982939085615,20.9597766688826
310,"web|two_factor|high|multi_person",-6.98055840242351,20.9597766688826
310,"web|multi_factor|high|multi_person",-7.231194722348,20.9597766688826
310,"web|simple|medium|one_to_one",-4.57184355243898,20.9597766688826
310,"web|two_factor|medium|one_to_one",-5.02535153135129,20.9597766688826
310,"mobile|simple|high|one_to_one",-4.81005617222067,20.9597766688826
310,"mobile|simple|low|multi_person",-3.89269455019055,20.9597766688826
310,"web|multi_factor|low|multi_person",-5.45809704492019,20.9597766688826
310,"web|two_factor|medium|multi_person",-5.88108758674898,20.9597766688826
310,"mobile|two_factor|low|one_to_one",-3.49046647370518,20.9597766688826
310,"web|two_factor|high|one_to_one",-6.12482234702582,20.9597766688826
310,"web|two_factor|low|one_to_one",-4.35172466959801,20.9597766688826
311,"web|simple|low|multi_person",-6.30633152452011,20.9461829189032
311,"mobile|two_factor|low|multi_person",-4.09675445615307,20.9461829189032
311,"web|two_factor|low|multi_person",-5.67425070308745,20.9461829189032
311,"mobile|multi_factor|low|multi_person",-3.52169889485449,20.9461829189032
311,"mobile|simple|medium|multi_person",-5.38273738726214,20.9461829189032
311,"mobile|multi_factor|medium|multi_person",-4.17560100453091,20.9461829189032
311,"web|multi_factor|medium|multi_person",-5.75309725146529,20.9461829189032
311,"mobile|simple|high|multi_person",-5.55128648283137,20.9461829189032
311,"web|simple|high|multi_person",-7.12878272976575,20.9461829189032
311,"mobile|two_factor|high|multi_person",-4.91920566139871,20.9461829189032
311,"mobile|multi_factor|high|multi_person",-4.34415010010014,20.9461829189032
311,"mobile|simple|low|one_to_one",-4.25275862037717,20.9461829189032
311,"web|simple|low|one_to_one",-5.83025486731155,20.9461829189032
311,"mobile|multi_factor|low|one_to_one",-3.04562223764593,20.9461829189032
311,"web|multi_factor|low|one_to_one",-4.62311848458032,20.9461829189032
311,"mobile|simple|medium|one_to_one",-4.90666073005358,20.9461829189032
311,"mobile|two_factor|medium|one_to_one",-4.27457990862093,20.9461829189032
311,"mobile|multi_factor|medium|one_to_one",-3.69952434732235,20.9461829189032
311,"web|multi_factor|medium|one_to_one",-5.27702059425673,20.9461829189032
311,"web|simple|high|one_to_one",-6.6527060725572,20.9461829189032
311,"mobile|two_factor|high|one_to_one",-4.44312900419015,20.9461829189032
311,"mobile|multi_factor|high|one_to_one",-3.86807344289158,20.9461829189032
311,"web|multi_factor|high|one_to_one",-5.44556968982596,20.9461829189032
311,"web|simple|medium|multi_person",-6.96023363419653,20.9461829189032
311,"mobile|two_factor|medium|multi_person",-4.75065656582948,20.9461829189032
311,"web|two_factor|high|multi_person",-6.4967019083331,20.9461829189032
311,"web|multi_factor|high|multi_person",-5.92164634703452,20.9461829189032
311,"web|simple|medium|one_to_one",-6.48415697698797,20.9461829189032
311,"web|two_factor|medium|one_to_one",-5.85207615555531,20.9461829189032
311,"mobile|simple|high|one_to_one",-5.07520982562281,20.9461829189032
311,"mobile|simple|low|multi_person",-4.72883527758572,20.9461829189032
311,"web|multi_factor|low|multi_person",-5.09919514178887,20.9461829189032
311,"web|two_factor|medium|multi_person",-6.32815281276387,20.9461829189032
311,"mobile|two_factor|low|one_to_one",-3.62067779894451,20.9461829189032
311,"web|two_factor|high|one_to_one",-6.02062525112454,20.9461829189032
311,"web|two_factor|low|one_to_one",-5.19817404587889,20.9461829189032
312,"web|simple|low|multi_person",-5.93246674908171,18.4214238809955
312,"mobile|two_factor|low|multi_person",-3.33853022774956,18.4214238809955
312,"web|two_factor|low|multi_person",-6.08551509578624,18.4214238809955
312,"mobile|multi_factor|low|multi_person",-3.59147816268932,18.4214238809955
312,"mobile|simple|medium|multi_person",-3.71806331109655,18.4214238809955
312,"mobile|multi_factor|medium|multi_person",-4.12405959274084,18.4214238809955
312,"web|multi_factor|medium|multi_person",-6.87104446077752,18.4214238809955
312,"mobile|simple|high|multi_person",-3.64174347435872,18.4214238809955
312,"web|simple|high|multi_person",-6.3887283423954,18.4214238809955
312,"mobile|two_factor|high|multi_person",-3.79479182106326,18.4214238809955
312,"mobile|multi_factor|high|multi_person",-4.04773975600301,18.4214238809955
312,"mobile|simple|low|one_to_one",-2.87400516687772,18.4214238809955
312,"web|simple|low|one_to_one",-5.6209900349144,18.4214238809955
312,"mobile|multi_factor|low|one_to_one",-3.28000144852201,18.4214238809955
312,"web|multi_factor|low|one_to_one",-6.02698631655869,18.4214238809955
312,"mobile|simple|medium|one_to_one",-3.40658659692924,18.4214238809955
312,"mobile|two_factor|medium|one_to_one",-3.55963494363378,18.4214238809955
312,"mobile|multi_factor|medium|one_to_one",-3.81258287857353,18.4214238809955
312,"web|multi_factor|medium|one_to_one",-6.55956774661021,18.4214238809955
312,"web|simple|high|one_to_one",-6.07725162822809,18.4214238809955
312,"mobile|two_factor|high|one_to_one",-3.48331510689595,18.4214238809955
312,"mobile|multi_factor|high|one_to_one",-3.7362630418357,18.4214238809955
312,"web|multi_factor|high|one_to_one",-6.48324790987238,18.4214238809955
312,"web|simple|medium|multi_person",-6.46504817913323,18.4214238809955
312,"mobile|two_factor|medium|multi_person",-3.87111165780109,18.4214238809955
312,"web|two_factor|high|multi_person",-6.54177668909994,18.4214238809955
312,"web|multi_factor|high|multi_person",-6.79472462403969,18.4214238809955
312,"web|simple|medium|one_to_one",-6.15357146496592,18.4214238809955
312,"web|two_factor|medium|one_to_one",-6.30661981167046,18.4214238809955
312,"mobile|simple|high|one_to_one",-3.33026676019141,18.4214238809955
312,"mobile|simple|low|multi_person",-3.18548188104503,18.4214238809955
312,"web|multi_factor|low|multi_person",-6.338463030726,18.4214238809955
312,"web|two_factor|medium|multi_person",-6.61809652583777,18.4214238809955
312,"mobile|two_factor|low|one_to_one",-3.02705351358225,18.4214238809955
312,"web|two_factor|high|one_to_one",-6.23029997493263,18.4214238809955
312,"web|two_factor|low|one_to_one",-5.77403838161893,18.4214238809955
313,"web|simple|low|multi_person",-4.79244818589614,2.69346764796704
313,"mobile|two_factor|low|multi_person",-6.90462843250969,2.69346764796704
313,"web|two_factor|low|multi_person",-6.74817847743225,2.69346764796704
313,"mobile|multi_factor|low|multi_person",-8.49647876472104,2.69346764796704
313,"mobile|simple|medium|multi_person",-5.35417442817384,2.69346764796704
313,"mobile|multi_factor|medium|multi_person",-8.9017550519213,2.69346764796704
313,"web|multi_factor|medium|multi_person",-8.74530509684386,2.69346764796704
313,"mobile|simple|high|multi_person",-4.3707416594566,2.69346764796704
313,"web|simple|high|multi_person",-4.21429170437916,2.69346764796704
313,"mobile|two_factor|high|multi_person",-6.32647195099272,2.69346764796704
313,"mobile|multi_factor|high|multi_person",-7.91832228320406,2.69346764796704
313,"mobile|simple|low|one_to_one",-4.14018679169369,2.69346764796704
313,"web|simple|low|one_to_one",-3.98373683661625,2.69346764796704
313,"mobile|multi_factor|low|one_to_one",-7.68776741544115,2.69346764796704
313,"web|multi_factor|low|one_to_one",-7.53131746036371,2.69346764796704
313,"mobile|simple|medium|one_to_one",-4.54546307889395,2.69346764796704
313,"mobile|two_factor|medium|one_to_one",-6.50119337043007,2.69346764796704
313,"mobile|multi_factor|medium|one_to_one",-8.09304370264141,2.69346764796704
313,"web|multi_factor|medium|one_to_one",-7.93659374756397,2.69346764796704
313,"web|simple|high|one_to_one",-3.40558035509928,2.69346764796704
313,"mobile|two_factor|high|one_to_one",-5.51776060171283,2.69346764796704
313,"mobile|multi_factor|high|one_to_one",-7.10961093392418,2.69346764796704
313,"web|multi_factor|high|one_to_one",-6.95316097884674,2.69346764796704
313,"web|simple|medium|multi_person",-5.1977244730964,2.69346764796704
313,"mobile|two_factor|medium|multi_person",-7.30990471970995,2.69346764796704
313,"web|two_factor|high|multi_person",-6.17002199591528,2.69346764796704
313,"web|multi_factor|high|multi_person",-7.76187232812662,2.69346764796704
313,"web|simple|medium|one_to_one",-4.38901312381651,2.69346764796704
313,"web|two_factor|medium|one_to_one",-6.34474341535263,2.69346764796704
313,"mobile|simple|high|one_to_one",-3.56203031017672,2.69346764796704
313,"mobile|simple|low|multi_person",-4.94889814097358,2.69346764796704
313,"web|multi_factor|low|multi_person",-8.3400288096436,2.69346764796704
313,"web|two_factor|medium|multi_person",-7.15345476463251,2.69346764796704
313,"mobile|two_factor|low|one_to_one",-6.0959170832298,2.69346764796704
313,"web|two_factor|high|one_to_one",-5.36131064663539,2.69346764796704
313,"web|two_factor|low|one_to_one",-5.93946712815237,2.69346764796704
314,"web|simple|low|multi_person",-7.14176660697763,19.7047413430268
314,"mobile|two_factor|low|multi_person",-4.32031409279329,19.7047413430268
314,"web|two_factor|low|multi_person",-5.8837556349048,19.7047413430268
314,"mobile|multi_factor|low|multi_person",-4.04527319825034,19.7047413430268
314,"mobile|simple|medium|multi_person",-6.36221147019314,19.7047413430268
314,"mobile|multi_factor|medium|multi_person",-4.82915960357735,19.7047413430268
314,"web|multi_factor|medium|multi_person",-6.39260114568885,19.7047413430268
314,"mobile|simple|high|multi_person",-6.71106775629822,19.7047413430268
314,"web|simple|high|multi_person",-8.27450929840973,19.7047413430268
314,"mobile|two_factor|high|multi_person",-5.45305678422538,19.7047413430268
314,"mobile|multi_factor|high|multi_person",-5.17801588968243,19.7047413430268
314,"mobile|simple|low|one_to_one",-4.65704706619487,19.7047413430268
314,"web|simple|low|one_to_one",-6.22048860830637,19.7047413430268
314,"mobile|multi_factor|low|one_to_one",-3.12399519957908,19.7047413430268
314,"web|multi_factor|low|one_to_one",-4.68743674169058,19.7047413430268
314,"mobile|simple|medium|one_to_one",-5.44093347152187,19.7047413430268
314,"mobile|two_factor|medium|one_to_one",-4.18292249944903,19.7047413430268
314,"mobile|multi_factor|medium|one_to_one",-3.90788160490608,19.7047413430268
314,"web|multi_factor|medium|one_to_one",-5.47132314701758,19.7047413430268
314,"web|simple|high|one_to_one",-7.35323129973846,19.7047413430268
314,"mobile|two_factor|high|one_to_one",-4.53177878555412,19.7047413430268
314,"mobile|multi_factor|high|one_to_one",-4.25673789101117,19.7047413430268
314,"web|multi_factor|high|one_to_one",-5.82017943312267,19.7047413430268
314,"web|simple|medium|multi_person",-7.92565301230464,19.7047413430268
314,"mobile|two_factor|medium|multi_person",-5.1042004981203,19.7047413430268
314,"web|two_factor|high|multi_person",-7.01649832633688,19.7047413430268
314,"web|multi_factor|high|multi_person",-6.74145743179393,19.7047413430268
314,"web|simple|medium|one_to_one",-7.00437501363338,19.7047413430268
314,"web|two_factor|medium|one_to_one",-5.74636404156054,19.7047413430268
314,"mobile|simple|high|one_to_one",-5.78978975762696,19.7047413430268
314,"mobile|simple|low|multi_person",-5.57832506486613,19.7047413430268
314,"web|multi_factor|low|multi_person",-5.60871474036184,19.7047413430268
314,"web|two_factor|medium|multi_person",-6.6676420402318,19.7047413430268
314,"mobile|two_factor|low|one_to_one",-3.39903609412203,19.7047413430268
314,"web|two_factor|high|one_to_one",-6.09522032766562,19.7047413430268
314,"web|two_factor|low|one_to_one",-4.96247763623353,19.7047413430268
