"resp.id","profile","resistance","beta_si"
2,"web|simple|low|multi_person",4.15532660245375,31.4197105310215
2,"mobile|two_factor|low|multi_person",4.03306576206034,31.4197105310215
2,"web|two_factor|low|multi_person",2.290529245983,31.4197105310215
2,"mobile|multi_factor|low|multi_person",5.54893925073331,31.4197105310215
2,"mobile|simple|medium|multi_person",4.05073989149203,31.4197105310215
2,"mobile|multi_factor|medium|multi_person",3.70181602369426,31.4197105310215
2,"web|multi_factor|medium|multi_person",1.95927950761691,31.4197105310215
2,"mobile|simple|high|multi_person",3.70366143855776,31.4197105310215
2,"web|simple|high|multi_person",1.96112492248042,31.4197105310215
2,"mobile|two_factor|high|multi_person",1.83886408208701,31.4197105310215
2,"mobile|multi_factor|high|multi_person",3.35473757075998,31.4197105310215
2,"mobile|simple|low|one_to_one",6.48142500131953,31.4197105310215
2,"web|simple|low|one_to_one",4.73888848524219,31.4197105310215
2,"mobile|multi_factor|low|one_to_one",6.13250113352175,31.4197105310215
2,"web|multi_factor|low|one_to_one",4.38996461744441,31.4197105310215
2,"mobile|simple|medium|one_to_one",4.63430177428048,31.4197105310215
2,"mobile|two_factor|medium|one_to_one",2.76950441780973,31.4197105310215
2,"mobile|multi_factor|medium|one_to_one",4.2853779064827,31.4197105310215
2,"web|multi_factor|medium|one_to_one",2.54284139040536,31.4197105310215
2,"web|simple|high|one_to_one",2.54468680526886,31.4197105310215
2,"mobile|two_factor|high|one_to_one",2.42242596487546,31.4197105310215
2,"mobile|multi_factor|high|one_to_one",3.93829945354842,31.4197105310215
2,"web|multi_factor|high|one_to_one",2.19576293747108,31.4197105310215
2,"web|simple|medium|multi_person",2.30820337541469,31.4197105310215
2,"mobile|two_factor|medium|multi_person",2.18594253502129,31.4197105310215
2,"web|two_factor|high|multi_person",0.0963275660096712,31.4197105310215
2,"web|multi_factor|high|multi_person",1.61220105468264,31.4197105310215
2,"web|simple|medium|one_to_one",2.89176525820313,31.4197105310215
2,"web|two_factor|medium|one_to_one",1.02696790173239,31.4197105310215
2,"mobile|simple|high|one_to_one",4.2872233213462,31.4197105310215
2,"mobile|simple|low|multi_person",5.89786311853109,31.4197105310215
2,"web|multi_factor|low|multi_person",3.80640273465597,31.4197105310215
2,"web|two_factor|medium|multi_person",0.443406018943945,31.4197105310215
2,"mobile|two_factor|low|one_to_one",4.61662764484878,31.4197105310215
2,"web|two_factor|high|one_to_one",0.679889448798113,31.4197105310215
2,"web|two_factor|low|one_to_one",2.87409112877144,31.4197105310215
3,"web|simple|low|multi_person",2.73268195902428,31.1706371858436
3,"mobile|two_factor|low|multi_person",5.59780240469212,31.1706371858436
3,"web|two_factor|low|multi_person",3.3102076250574,31.1706371858436
3,"mobile|multi_factor|low|multi_person",5.11871092542124,31.1706371858436
3,"mobile|simple|medium|multi_person",3.26687872842214,31.1706371858436
3,"mobile|multi_factor|medium|multi_person",3.36531291518438,31.1706371858436
3,"web|multi_factor|medium|multi_person",1.07771813554966,31.1706371858436
3,"mobile|simple|high|multi_person",3.96408465067998,31.1706371858436
3,"web|simple|high|multi_person",1.67648987104526,31.1706371858436
3,"mobile|two_factor|high|multi_person",4.5416103167131,31.1706371858436
3,"mobile|multi_factor|high|multi_person",4.06251883744222,31.1706371858436
3,"mobile|simple|low|one_to_one",5.92153321148331,31.1706371858436
3,"web|simple|low|one_to_one",3.63393843184859,31.1706371858436
3,"mobile|multi_factor|low|one_to_one",6.01996739824555,31.1706371858436
3,"web|multi_factor|low|one_to_one",3.73237261861083,31.1706371858436
3,"mobile|simple|medium|one_to_one",4.16813520124646,31.1706371858436
3,"mobile|two_factor|medium|one_to_one",4.74566086727959,31.1706371858436
3,"mobile|multi_factor|medium|one_to_one",4.2665693880087,31.1706371858436
3,"web|multi_factor|medium|one_to_one",1.97897460837398,31.1706371858436
3,"web|simple|high|one_to_one",2.57774634386957,31.1706371858436
3,"mobile|two_factor|high|one_to_one",5.44286678953742,31.1706371858436
3,"mobile|multi_factor|high|one_to_one",4.96377531026653,31.1706371858436
3,"web|multi_factor|high|one_to_one",2.67618053063182,31.1706371858436
3,"web|simple|medium|multi_person",0.979283948787424,31.1706371858436
3,"mobile|two_factor|medium|multi_person",3.84440439445527,31.1706371858436
3,"web|two_factor|high|multi_person",2.25401553707839,31.1706371858436
3,"web|multi_factor|high|multi_person",1.7749240578075,31.1706371858436
3,"web|simple|medium|one_to_one",1.88054042161174,31.1706371858436
3,"web|two_factor|medium|one_to_one",2.45806608764487,31.1706371858436
3,"mobile|simple|high|one_to_one",4.8653411235043,31.1706371858436
3,"mobile|simple|low|multi_person",5.020276738659,31.1706371858436
3,"web|multi_factor|low|multi_person",2.83111614578652,31.1706371858436
3,"web|two_factor|medium|multi_person",1.55680961482055,31.1706371858436
3,"mobile|two_factor|low|one_to_one",6.49905887751644,31.1706371858436
3,"web|two_factor|high|one_to_one",3.1552720099027,31.1706371858436
3,"web|two_factor|low|one_to_one",4.21146409788172,31.1706371858436
4,"web|simple|low|multi_person",-0.00353718043845519,29.9473891468417
4,"mobile|two_factor|low|multi_person",4.61871911578567,29.9473891468417
4,"web|two_factor|low|multi_person",1.79961345555965,29.9473891468417
4,"mobile|multi_factor|low|multi_person",4.76750950363633,29.9473891468417
4,"mobile|simple|medium|multi_person",1.86815876351596,29.9473891468417
4,"mobile|multi_factor|medium|multi_person",3.82009978736472,29.9473891468417
4,"web|multi_factor|medium|multi_person",1.0009941271387,29.9473891468417
4,"mobile|simple|high|multi_person",1.09886362305706,29.9473891468417
4,"web|simple|high|multi_person",-1.72024203716896,29.9473891468417
4,"mobile|two_factor|high|multi_person",2.90201425905517,29.9473891468417
4,"mobile|multi_factor|high|multi_person",3.05080464690583,29.9473891468417
4,"mobile|simple|low|one_to_one",6.29055884628999,29.9473891468417
4,"web|simple|low|one_to_one",3.47145318606396,29.9473891468417
4,"mobile|multi_factor|low|one_to_one",8.24249987013875,29.9473891468417
4,"web|multi_factor|low|one_to_one",5.42339420991273,29.9473891468417
4,"mobile|simple|medium|one_to_one",5.34314913001838,29.9473891468417
4,"mobile|two_factor|medium|one_to_one",7.14629976601648,29.9473891468417
4,"mobile|multi_factor|medium|one_to_one",7.29509015386714,29.9473891468417
4,"web|multi_factor|medium|one_to_one",4.47598449364112,29.9473891468417
4,"web|simple|high|one_to_one",1.75474832933346,29.9473891468417
4,"mobile|two_factor|high|one_to_one",6.37700462555759,29.9473891468417
4,"mobile|multi_factor|high|one_to_one",6.52579501340825,29.9473891468417
4,"web|multi_factor|high|one_to_one",3.70668935318223,29.9473891468417
4,"web|simple|medium|multi_person",-0.950946896710065,29.9473891468417
4,"mobile|two_factor|medium|multi_person",3.67130939951406,29.9473891468417
4,"web|two_factor|high|multi_person",0.082908598829148,29.9473891468417
4,"web|multi_factor|high|multi_person",0.231698986679807,29.9473891468417
4,"web|simple|medium|one_to_one",2.52404346979236,29.9473891468417
4,"web|two_factor|medium|one_to_one",4.32719410579046,29.9473891468417
4,"mobile|simple|high|one_to_one",4.57385398955948,29.9473891468417
4,"mobile|simple|low|multi_person",2.81556847978757,29.9473891468417
4,"web|multi_factor|low|multi_person",1.94840384341031,29.9473891468417
4,"web|two_factor|medium|multi_person",0.852203739288044,29.9473891468417
4,"mobile|two_factor|low|one_to_one",8.0937094822881,29.9473891468417
4,"web|two_factor|high|one_to_one",3.55789896533157,29.9473891468417
4,"web|two_factor|low|one_to_one",5.27460382206207,29.9473891468417
5,"web|simple|low|multi_person",2.65825426557471,30.4651327205937
5,"mobile|two_factor|low|multi_person",6.68193811265992,30.4651327205937
5,"web|two_factor|low|multi_person",2.13373254634732,30.4651327205937
5,"mobile|multi_factor|low|multi_person",7.66444749081372,30.4651327205937
5,"mobile|simple|medium|multi_person",4.87093484167771,30.4651327205937
5,"mobile|multi_factor|medium|multi_person",5.32892250060413,30.4651327205937
5,"web|multi_factor|medium|multi_person",0.780716934291527,30.4651327205937
5,"mobile|simple|high|multi_person",4.13602713500426,30.4651327205937
5,"web|simple|high|multi_person",-0.41217843130834,30.4651327205937
5,"mobile|two_factor|high|multi_person",3.61150541577687,30.4651327205937
5,"mobile|multi_factor|high|multi_person",4.59401479393067,30.4651327205937
5,"mobile|simple|low|one_to_one",8.33141860514412,30.4651327205937
5,"web|simple|low|one_to_one",3.78321303883152,30.4651327205937
5,"mobile|multi_factor|low|one_to_one",8.78940626407054,30.4651327205937
5,"web|multi_factor|low|one_to_one",4.24120069775793,30.4651327205937
5,"mobile|simple|medium|one_to_one",5.99589361493452,30.4651327205937
5,"mobile|two_factor|medium|one_to_one",5.47137189570714,30.4651327205937
5,"mobile|multi_factor|medium|one_to_one",6.45388127386094,30.4651327205937
5,"web|multi_factor|medium|one_to_one",1.90567570754834,30.4651327205937
5,"web|simple|high|one_to_one",0.71278034194847,30.4651327205937
5,"mobile|two_factor|high|one_to_one",4.73646418903368,30.4651327205937
5,"mobile|multi_factor|high|one_to_one",5.71897356718748,30.4651327205937
5,"web|multi_factor|high|one_to_one",1.17076800087488,30.4651327205937
5,"web|simple|medium|multi_person",0.322729275365113,30.4651327205937
5,"mobile|two_factor|medium|multi_person",4.34641312245033,30.4651327205937
5,"web|two_factor|high|multi_person",-0.936700150535727,30.4651327205937
5,"web|multi_factor|high|multi_person",0.0458092276180744,30.4651327205937
5,"web|simple|medium|one_to_one",1.44768804862192,30.4651327205937
5,"web|two_factor|medium|one_to_one",0.923166329394536,30.4651327205937
5,"mobile|simple|high|one_to_one",5.26098590826107,30.4651327205937
5,"mobile|simple|low|multi_person",7.20645983188731,30.4651327205937
5,"web|multi_factor|low|multi_person",3.11624192450112,30.4651327205937
5,"web|two_factor|medium|multi_person",-0.201792443862274,30.4651327205937
5,"mobile|two_factor|low|one_to_one",7.80689688591673,30.4651327205937
5,"web|two_factor|high|one_to_one",0.188258622721083,30.4651327205937
5,"web|two_factor|low|one_to_one",3.25869131960413,30.4651327205937
6,"web|simple|low|multi_person",3.6973276197607,31.2210466659779
6,"mobile|two_factor|low|multi_person",4.55976521705049,31.2210466659779
6,"web|two_factor|low|multi_person",2.43845697908595,31.2210466659779
6,"mobile|multi_factor|low|multi_person",5.77531663543288,31.2210466659779
6,"mobile|simple|medium|multi_person",3.76983405398641,31.2210466659779
6,"mobile|multi_factor|medium|multi_person",3.72651483169405,31.2210466659779
6,"web|multi_factor|medium|multi_person",1.60520659372951,31.2210466659779
6,"mobile|simple|high|multi_person",3.63538838069272,31.2210466659779
6,"web|simple|high|multi_person",1.51408014272818,31.2210466659779
6,"mobile|two_factor|high|multi_person",2.37651774001797,31.2210466659779
6,"mobile|multi_factor|high|multi_person",3.59206915840036,31.2210466659779
6,"mobile|simple|low|one_to_one",6.49954158754185,31.2210466659779
6,"web|simple|low|one_to_one",4.37823334957731,31.2210466659779
6,"mobile|multi_factor|low|one_to_one",6.45622236524949,31.2210466659779
6,"web|multi_factor|low|one_to_one",4.33491412728494,31.2210466659779
6,"mobile|simple|medium|one_to_one",4.45073978380302,31.2210466659779
6,"mobile|two_factor|medium|one_to_one",3.19186914312827,31.2210466659779
6,"mobile|multi_factor|medium|one_to_one",4.40742056151066,31.2210466659779
6,"web|multi_factor|medium|one_to_one",2.28611232354612,31.2210466659779
6,"web|simple|high|one_to_one",2.19498587254478,31.2210466659779
6,"mobile|two_factor|high|one_to_one",3.05742346983457,31.2210466659779
6,"mobile|multi_factor|high|one_to_one",4.27297488821696,31.2210466659779
6,"web|multi_factor|high|one_to_one",2.15166665025242,31.2210466659779
6,"web|simple|medium|multi_person",1.64852581602187,31.2210466659779
6,"mobile|two_factor|medium|multi_person",2.51096341331167,31.2210466659779
6,"web|two_factor|high|multi_person",0.255209502053431,31.2210466659779
6,"web|multi_factor|high|multi_person",1.47076092043582,31.2210466659779
6,"web|simple|medium|one_to_one",2.32943154583848,31.2210466659779
6,"web|two_factor|medium|one_to_one",1.07056090516373,31.2210466659779
6,"mobile|simple|high|one_to_one",4.31629411050932,31.2210466659779
6,"mobile|simple|low|multi_person",5.81863585772524,31.2210466659779
6,"web|multi_factor|low|multi_person",3.65400839746834,31.2210466659779
6,"web|two_factor|medium|multi_person",0.389655175347126,31.2210466659779
6,"mobile|two_factor|low|one_to_one",5.2406709468671,31.2210466659779
6,"web|two_factor|high|one_to_one",0.936115231870035,31.2210466659779
6,"web|two_factor|low|one_to_one",3.11936270890256,31.2210466659779
7,"web|simple|low|multi_person",2.16784572002298,30.693188973088
7,"mobile|two_factor|low|multi_person",3.41353393445389,30.693188973088
7,"web|two_factor|low|multi_person",0.979096987675208,30.693188973088
7,"mobile|multi_factor|low|multi_person",4.50034439108739,30.693188973088
7,"mobile|simple|medium|multi_person",3.43257976547139,30.693188973088
7,"mobile|multi_factor|medium|multi_person",3.33064148975712,30.693188973088
7,"web|multi_factor|medium|multi_person",0.896204542978442,30.693188973088
7,"mobile|simple|high|multi_person",4.03566036671708,30.693188973088
7,"web|simple|high|multi_person",1.6012234199384,30.693188973088
7,"mobile|two_factor|high|multi_person",2.84691163436931,30.693188973088
7,"mobile|multi_factor|high|multi_person",3.93372209100281,30.693188973088
7,"mobile|simple|low|one_to_one",6.96723460870328,30.693188973088
7,"web|simple|low|one_to_one",4.5327976619246,30.693188973088
7,"mobile|multi_factor|low|one_to_one",6.86529633298901,30.693188973088
7,"web|multi_factor|low|one_to_one",4.43085938621033,30.693188973088
7,"mobile|simple|medium|one_to_one",5.79753170737301,30.693188973088
7,"mobile|two_factor|medium|one_to_one",4.60878297502524,30.693188973088
7,"mobile|multi_factor|medium|one_to_one",5.69559343165874,30.693188973088
7,"web|multi_factor|medium|one_to_one",3.26115648488006,30.693188973088
7,"web|simple|high|one_to_one",3.96617536184002,30.693188973088
7,"mobile|two_factor|high|one_to_one",5.21186357627093,30.693188973088
7,"mobile|multi_factor|high|one_to_one",6.29867403290443,30.693188973088
7,"web|multi_factor|high|one_to_one",3.86423708612575,30.693188973088
7,"web|simple|medium|multi_person",0.998142818692708,30.693188973088
7,"mobile|two_factor|medium|multi_person",2.24383103312362,30.693188973088
7,"web|two_factor|high|multi_person",0.412474687590629,30.693188973088
7,"web|multi_factor|high|multi_person",1.49928514422413,30.693188973088
7,"web|simple|medium|one_to_one",3.36309476059433,30.693188973088
7,"web|two_factor|medium|one_to_one",2.17434602824656,30.693188973088
7,"mobile|simple|high|one_to_one",6.4006123086187,30.693188973088
7,"mobile|simple|low|multi_person",4.60228266680166,30.693188973088
7,"web|multi_factor|low|multi_person",2.06590744430871,30.693188973088
7,"web|two_factor|medium|multi_person",-0.190605913655063,30.693188973088
7,"mobile|two_factor|low|one_to_one",5.77848587635551,30.693188973088
7,"web|two_factor|high|one_to_one",2.77742662949225,30.693188973088
7,"web|two_factor|low|one_to_one",3.34404892957683,30.693188973088
8,"web|simple|low|multi_person",3.32108493868857,30.9469657062118
8,"mobile|two_factor|low|multi_person",5.70854730467957,30.9469657062118
8,"web|two_factor|low|multi_person",2.83361268888337,30.9469657062118
8,"mobile|multi_factor|low|multi_person",5.39945633262368,30.9469657062118
8,"mobile|simple|medium|multi_person",3.83375325692965,30.9469657062118
8,"mobile|multi_factor|medium|multi_person",3.03719003506856,30.9469657062118
8,"web|multi_factor|medium|multi_person",0.162255419272364,30.9469657062118
8,"mobile|simple|high|multi_person",4.35237532815425,30.9469657062118
8,"web|simple|high|multi_person",1.47744071235806,30.9469657062118
8,"mobile|two_factor|high|multi_person",3.86490307834906,30.9469657062118
8,"mobile|multi_factor|high|multi_person",3.55581210629317,30.9469657062118
8,"mobile|simple|low|one_to_one",7.48156170710932,30.9469657062118
8,"web|simple|low|one_to_one",4.60662709131312,30.9469657062118
8,"mobile|multi_factor|low|one_to_one",6.68499848524823,30.9469657062118
8,"web|multi_factor|low|one_to_one",3.81006386945203,30.9469657062118
8,"mobile|simple|medium|one_to_one",5.1192954095542,30.9469657062118
8,"mobile|two_factor|medium|one_to_one",4.631823159749,30.9469657062118
8,"mobile|multi_factor|medium|one_to_one",4.32273218769312,30.9469657062118
8,"web|multi_factor|medium|one_to_one",1.44779757189692,30.9469657062118
8,"web|simple|high|one_to_one",2.76298286498261,30.9469657062118
8,"mobile|two_factor|high|one_to_one",5.15044523097361,30.9469657062118
8,"mobile|multi_factor|high|one_to_one",4.84135425891772,30.9469657062118
8,"web|multi_factor|high|one_to_one",1.96641964312152,30.9469657062118
8,"web|simple|medium|multi_person",0.958818641133449,30.9469657062118
8,"mobile|two_factor|medium|multi_person",3.34628100712445,30.9469657062118
8,"web|two_factor|high|multi_person",0.989968462552856,30.9469657062118
8,"web|multi_factor|high|multi_person",0.68087749049697,30.9469657062118
8,"web|simple|medium|one_to_one",2.244360793758,30.9469657062118
8,"web|two_factor|medium|one_to_one",1.7568885439528,30.9469657062118
8,"mobile|simple|high|one_to_one",5.63791748077881,30.9469657062118
8,"mobile|simple|low|multi_person",6.19601955448476,30.9469657062118
8,"web|multi_factor|low|multi_person",2.52452171682748,30.9469657062118
8,"web|two_factor|medium|multi_person",0.47134639132825,30.9469657062118
8,"mobile|two_factor|low|one_to_one",6.99408945730412,30.9469657062118
8,"web|two_factor|high|one_to_one",2.27551061517741,30.9469657062118
8,"web|two_factor|low|one_to_one",4.11915484150792,30.9469657062118
9,"web|simple|low|multi_person",2.55484018734238,31.2318545785444
9,"mobile|two_factor|low|multi_person",3.67550392583171,31.2318545785444
9,"web|two_factor|low|multi_person",2.22695516003974,31.2318545785444
9,"mobile|multi_factor|low|multi_person",5.11591869203423,31.2318545785444
9,"mobile|simple|medium|multi_person",4.08903419222468,31.2318545785444
9,"mobile|multi_factor|medium|multi_person",5.20156393112456,31.2318545785444
9,"web|multi_factor|medium|multi_person",3.75301516533259,31.2318545785444
9,"mobile|simple|high|multi_person",1.6394250202454,31.2318545785444
9,"web|simple|high|multi_person",0.190876254453433,31.2318545785444
9,"mobile|two_factor|high|multi_person",1.31153999294276,31.2318545785444
9,"mobile|multi_factor|high|multi_person",2.75195475914528,31.2318545785444
9,"mobile|simple|low|one_to_one",5.05195487735994,31.2318545785444
9,"web|simple|low|one_to_one",3.60340611156797,31.2318545785444
9,"mobile|multi_factor|low|one_to_one",6.16448461625982,31.2318545785444
9,"web|multi_factor|low|one_to_one",4.71593585046785,31.2318545785444
9,"mobile|simple|medium|one_to_one",5.13760011645027,31.2318545785444
9,"mobile|two_factor|medium|one_to_one",4.80971508914763,31.2318545785444
9,"mobile|multi_factor|medium|one_to_one",6.25012985535015,31.2318545785444
9,"web|multi_factor|medium|one_to_one",4.80158108955818,31.2318545785444
9,"web|simple|high|one_to_one",1.23944217867902,31.2318545785444
9,"mobile|two_factor|high|one_to_one",2.36010591716835,31.2318545785444
9,"mobile|multi_factor|high|one_to_one",3.80052068337087,31.2318545785444
9,"web|multi_factor|high|one_to_one",2.3519719175789,31.2318545785444
9,"web|simple|medium|multi_person",2.64048542643271,31.2318545785444
9,"mobile|two_factor|medium|multi_person",3.76114916492204,31.2318545785444
9,"web|two_factor|high|multi_person",-0.137008772849207,31.2318545785444
9,"web|multi_factor|high|multi_person",1.30340599335331,31.2318545785444
9,"web|simple|medium|one_to_one",3.6890513506583,31.2318545785444
9,"web|two_factor|medium|one_to_one",3.36116632335566,31.2318545785444
9,"mobile|simple|high|one_to_one",2.68799094447099,31.2318545785444
9,"mobile|simple|low|multi_person",4.00338895313435,31.2318545785444
9,"web|multi_factor|low|multi_person",3.66736992624226,31.2318545785444
9,"web|two_factor|medium|multi_person",2.31260039913007,31.2318545785444
9,"mobile|two_factor|low|one_to_one",4.7240698500573,31.2318545785444
9,"web|two_factor|high|one_to_one",0.911557151376379,31.2318545785444
9,"web|two_factor|low|one_to_one",3.27552108426533,31.2318545785444
10,"web|simple|low|multi_person",2.16212871812384,30.8095547602049
10,"mobile|two_factor|low|multi_person",5.12899372924591,30.8095547602049
10,"web|two_factor|low|multi_person",1.93856691159235,30.8095547602049
10,"mobile|multi_factor|low|multi_person",5.78627544818826,30.8095547602049
10,"mobile|simple|medium|multi_person",3.41323475394776,30.8095547602049
10,"mobile|multi_factor|medium|multi_person",3.84695466635863,30.8095547602049
10,"web|multi_factor|medium|multi_person",0.656527848705065,30.8095547602049
10,"mobile|simple|high|multi_person",3.94479173126909,30.8095547602049
10,"web|simple|high|multi_person",0.754364913615531,30.8095547602049
10,"mobile|two_factor|high|multi_person",3.7212299247376,30.8095547602049
10,"mobile|multi_factor|high|multi_person",4.37851164367995,30.8095547602049
10,"mobile|simple|low|one_to_one",6.5890690423222,30.8095547602049
10,"web|simple|low|one_to_one",3.39864222466864,30.8095547602049
10,"mobile|multi_factor|low|one_to_one",7.02278895473306,30.8095547602049
10,"web|multi_factor|low|one_to_one",3.8323621370795,30.8095547602049
10,"mobile|simple|medium|one_to_one",4.64974826049257,30.8095547602049
10,"mobile|two_factor|medium|one_to_one",4.42618645396107,30.8095547602049
10,"mobile|multi_factor|medium|one_to_one",5.08346817290343,30.8095547602049
10,"web|multi_factor|medium|one_to_one",1.89304135524987,30.8095547602049
10,"web|simple|high|one_to_one",1.99087842016033,30.8095547602049
10,"mobile|two_factor|high|one_to_one",4.9577434312824,30.8095547602049
10,"mobile|multi_factor|high|one_to_one",5.61502515022475,30.8095547602049
10,"web|multi_factor|high|one_to_one",2.42459833257119,30.8095547602049
10,"web|simple|medium|multi_person",0.222807936294204,30.8095547602049
10,"mobile|two_factor|medium|multi_person",3.18967294741627,30.8095547602049
10,"web|two_factor|high|multi_person",0.530803107084038,30.8095547602049
10,"web|multi_factor|high|multi_person",1.18808482602639,30.8095547602049
10,"web|simple|medium|one_to_one",1.459321442839,30.8095547602049
10,"web|two_factor|medium|one_to_one",1.23575963630751,30.8095547602049
10,"mobile|simple|high|one_to_one",5.18130523781389,30.8095547602049
10,"mobile|simple|low|multi_person",5.3525555357774,30.8095547602049
10,"web|multi_factor|low|multi_person",2.5958486305347,30.8095547602049
10,"web|two_factor|medium|multi_person",-0.000753870237288901,30.8095547602049
10,"mobile|two_factor|low|one_to_one",6.36550723579071,30.8095547602049
10,"web|two_factor|high|one_to_one",1.76731661362884,30.8095547602049
10,"web|two_factor|low|one_to_one",3.17508041813715,30.8095547602049
11,"web|simple|low|multi_person",1.547679966115,30.7802883983743
11,"mobile|two_factor|low|multi_person",4.55813905788391,30.7802883983743
11,"web|two_factor|low|multi_person",1.51571390208553,30.7802883983743
11,"mobile|multi_factor|low|multi_person",5.45132909614959,30.7802883983743
11,"mobile|simple|medium|multi_person",3.37455648241331,30.7802883983743
11,"mobile|multi_factor|medium|multi_person",4.23578045664952,30.7802883983743
11,"web|multi_factor|medium|multi_person",1.19335530085114,30.7802883983743
11,"mobile|simple|high|multi_person",3.23838530050131,30.7802883983743
11,"web|simple|high|multi_person",0.195960144702929,30.7802883983743
11,"mobile|two_factor|high|multi_person",3.20641923647183,30.7802883983743
11,"mobile|multi_factor|high|multi_person",4.09960927473751,30.7802883983743
11,"mobile|simple|low|one_to_one",6.22221129000959,30.7802883983743
11,"web|simple|low|one_to_one",3.17978613421121,30.7802883983743
11,"mobile|multi_factor|low|one_to_one",7.0834352642458,30.7802883983743
11,"web|multi_factor|low|one_to_one",4.04101010844742,30.7802883983743
11,"mobile|simple|medium|one_to_one",5.00666265050952,30.7802883983743
11,"mobile|two_factor|medium|one_to_one",4.97469658648005,30.7802883983743
11,"mobile|multi_factor|medium|one_to_one",5.86788662474573,30.7802883983743
11,"web|multi_factor|medium|one_to_one",2.82546146894735,30.7802883983743
11,"web|simple|high|one_to_one",1.82806631279914,30.7802883983743
11,"mobile|two_factor|high|one_to_one",4.83852540456804,30.7802883983743
11,"mobile|multi_factor|high|one_to_one",5.73171544283372,30.7802883983743
11,"web|multi_factor|high|one_to_one",2.68929028703534,30.7802883983743
11,"web|simple|medium|multi_person",0.332131326614935,30.7802883983743
11,"mobile|two_factor|medium|multi_person",3.34259041838384,30.7802883983743
11,"web|two_factor|high|multi_person",0.163994080673451,30.7802883983743
11,"web|multi_factor|high|multi_person",1.05718411893913,30.7802883983743
11,"web|simple|medium|one_to_one",1.96423749471114,30.7802883983743
11,"web|two_factor|medium|one_to_one",1.93227143068167,30.7802883983743
11,"mobile|simple|high|one_to_one",4.87049146859752,30.7802883983743
11,"mobile|simple|low|multi_person",4.59010512191338,30.7802883983743
11,"web|multi_factor|low|multi_person",2.40890394035121,30.7802883983743
11,"web|two_factor|medium|multi_person",0.300165262585457,30.7802883983743
11,"mobile|two_factor|low|one_to_one",6.19024522598012,30.7802883983743
11,"web|two_factor|high|one_to_one",1.79610024876966,30.7802883983743
11,"web|two_factor|low|one_to_one",3.14782007018174,30.7802883983743
13,"web|simple|low|multi_person",2.1010811863713,30.9571076966185
13,"mobile|two_factor|low|multi_person",4.93653983084625,30.9571076966185
13,"web|two_factor|low|multi_person",1.84767938656325,30.9571076966185
13,"mobile|multi_factor|low|multi_person",5.8947065467976,30.9571076966185
13,"mobile|simple|medium|multi_person",3.71911403184596,30.9571076966185
13,"mobile|multi_factor|medium|multi_person",4.42387894798926,30.9571076966185
13,"web|multi_factor|medium|multi_person",1.33501850370626,30.9571076966185
13,"mobile|simple|high|multi_person",3.57939244116014,30.9571076966185
13,"web|simple|high|multi_person",0.490531996877138,30.9571076966185
13,"mobile|two_factor|high|multi_person",3.32599064135209,30.9571076966185
13,"mobile|multi_factor|high|multi_person",4.28415735730344,30.9571076966185
13,"mobile|simple|low|one_to_one",6.64811743161959,30.9571076966185
13,"web|simple|low|one_to_one",3.55925698733659,30.9571076966185
13,"mobile|multi_factor|low|one_to_one",7.35288234776288,30.9571076966185
13,"web|multi_factor|low|one_to_one",4.26402190347988,30.9571076966185
13,"mobile|simple|medium|one_to_one",5.17728983281125,30.9571076966185
13,"mobile|two_factor|medium|one_to_one",4.9238880330032,30.9571076966185
13,"mobile|multi_factor|medium|one_to_one",5.88205474895454,30.9571076966185
13,"web|multi_factor|medium|one_to_one",2.79319430467155,30.9571076966185
13,"web|simple|high|one_to_one",1.94870779784243,30.9571076966185
13,"mobile|two_factor|high|one_to_one",4.78416644231738,30.9571076966185
13,"mobile|multi_factor|high|one_to_one",5.74233315826872,30.9571076966185
13,"web|multi_factor|high|one_to_one",2.65347271398572,30.9571076966185
13,"web|simple|medium|multi_person",0.63025358756296,30.9571076966185
13,"mobile|two_factor|medium|multi_person",3.46571223203791,30.9571076966185
13,"web|two_factor|high|multi_person",0.237130197069089,30.9571076966185
13,"web|multi_factor|high|multi_person",1.19529691302043,30.9571076966185
13,"web|simple|medium|one_to_one",2.08842938852825,30.9571076966185
13,"web|two_factor|medium|one_to_one",1.8350275887202,30.9571076966185
13,"mobile|simple|high|one_to_one",5.03756824212543,30.9571076966185
13,"mobile|simple|low|multi_person",5.1899416306543,30.9571076966185
13,"web|multi_factor|low|multi_person",2.80584610251459,30.9571076966185
13,"web|two_factor|medium|multi_person",0.376851787754911,30.9571076966185
13,"mobile|two_factor|low|one_to_one",6.39471563181154,30.9571076966185
13,"web|two_factor|high|one_to_one",1.69530599803438,30.9571076966185
13,"web|two_factor|low|one_to_one",3.30585518752854,30.9571076966185
14,"web|simple|low|multi_person",2.20664849555548,30.91007109841
14,"mobile|two_factor|low|multi_person",5.30029583272971,30.91007109841
14,"web|two_factor|low|multi_person",2.68524318657671,30.91007109841
14,"mobile|multi_factor|low|multi_person",6.42852954636165,30.91007109841
14,"mobile|simple|medium|multi_person",1.9054405666285,30.91007109841
14,"mobile|multi_factor|medium|multi_person",3.51226897128167,30.91007109841
14,"web|multi_factor|medium|multi_person",0.89721632512867,30.91007109841
14,"mobile|simple|high|multi_person",3.32733677619534,30.91007109841
14,"web|simple|high|multi_person",0.71228413004234,30.91007109841
14,"mobile|two_factor|high|multi_person",3.80593146721658,30.91007109841
14,"mobile|multi_factor|high|multi_person",4.93416518084851,30.91007109841
14,"mobile|simple|low|one_to_one",6.32049995198238,30.91007109841
14,"web|simple|low|one_to_one",3.70544730582938,30.91007109841
14,"mobile|multi_factor|low|one_to_one",7.92732835663556,30.91007109841
14,"web|multi_factor|low|one_to_one",5.31227571048256,30.91007109841
14,"mobile|simple|medium|one_to_one",3.4042393769024,30.91007109841
14,"mobile|two_factor|medium|one_to_one",3.88283406792364,30.91007109841
14,"mobile|multi_factor|medium|one_to_one",5.01106778155558,30.91007109841
14,"web|multi_factor|medium|one_to_one",2.39601513540258,30.91007109841
14,"web|simple|high|one_to_one",2.21108294031625,30.91007109841
14,"mobile|two_factor|high|one_to_one",5.30473027749048,30.91007109841
14,"mobile|multi_factor|high|one_to_one",6.43296399112242,30.91007109841
14,"web|multi_factor|high|one_to_one",3.81791134496942,30.91007109841
14,"web|simple|medium|multi_person",-0.709612079524502,30.91007109841
14,"mobile|two_factor|medium|multi_person",2.38403525764973,30.91007109841
14,"web|two_factor|high|multi_person",1.19087882106358,30.91007109841
14,"web|multi_factor|high|multi_person",2.31911253469551,30.91007109841
14,"web|simple|medium|one_to_one",0.789186730749404,30.91007109841
14,"web|two_factor|medium|one_to_one",1.26778142177064,30.91007109841
14,"mobile|simple|high|one_to_one",4.82613558646925,30.91007109841
14,"mobile|simple|low|multi_person",4.82170114170848,30.91007109841
14,"web|multi_factor|low|multi_person",3.81347690020865,30.91007109841
14,"web|two_factor|medium|multi_person",-0.231017388503266,30.91007109841
14,"mobile|two_factor|low|one_to_one",6.79909464300362,30.91007109841
14,"web|two_factor|high|one_to_one",2.68967763133748,30.91007109841
14,"web|two_factor|low|one_to_one",4.18404199685062,30.91007109841
15,"web|simple|low|multi_person",0.944410030378014,30.6696730331376
15,"mobile|two_factor|low|multi_person",4.36233863704561,30.6696730331376
15,"web|two_factor|low|multi_person",2.17510750354497,30.6696730331376
15,"mobile|multi_factor|low|multi_person",4.78842874160934,30.6696730331376
15,"mobile|simple|medium|multi_person",2.0328331169721,30.6696730331376
15,"mobile|multi_factor|medium|multi_person",3.68962069470279,30.6696730331376
15,"web|multi_factor|medium|multi_person",1.50238956120215,30.6696730331376
15,"mobile|simple|high|multi_person",2.25293426110358,30.6696730331376
15,"web|simple|high|multi_person",0.065703127602937,30.6696730331376
15,"mobile|two_factor|high|multi_person",3.48363173427054,30.6696730331376
15,"mobile|multi_factor|high|multi_person",3.90972183883427,30.6696730331376
15,"mobile|simple|low|one_to_one",5.43580313099381,30.6696730331376
15,"web|simple|low|one_to_one",3.24857199749317,30.6696730331376
15,"mobile|multi_factor|low|one_to_one",7.0925907087245,30.6696730331376
15,"web|multi_factor|low|one_to_one",4.90535957522386,30.6696730331376
15,"mobile|simple|medium|one_to_one",4.33699508408726,30.6696730331376
15,"mobile|two_factor|medium|one_to_one",5.56769255725422,30.6696730331376
15,"mobile|multi_factor|medium|one_to_one",5.99378266181795,30.6696730331376
15,"web|multi_factor|medium|one_to_one",3.80655152831731,30.6696730331376
15,"web|simple|high|one_to_one",2.3698650947181,30.6696730331376
15,"mobile|two_factor|high|one_to_one",5.7877937013857,30.6696730331376
15,"mobile|multi_factor|high|one_to_one",6.21388380594943,30.6696730331376
15,"web|multi_factor|high|one_to_one",4.02665267244879,30.6696730331376
15,"web|simple|medium|multi_person",-0.154398016528539,30.6696730331376
15,"mobile|two_factor|medium|multi_person",3.26353059013906,30.6696730331376
15,"web|two_factor|high|multi_person",1.2964006007699,30.6696730331376
15,"web|multi_factor|high|multi_person",1.72249070533363,30.6696730331376
15,"web|simple|medium|one_to_one",2.14976395058662,30.6696730331376
15,"web|two_factor|medium|one_to_one",3.38046142375358,30.6696730331376
15,"mobile|simple|high|one_to_one",4.55709622821874,30.6696730331376
15,"mobile|simple|low|multi_person",3.13164116387865,30.6696730331376
15,"web|multi_factor|low|multi_person",2.6011976081087,30.6696730331376
15,"web|two_factor|medium|multi_person",1.07629945663842,30.6696730331376
15,"mobile|two_factor|low|one_to_one",6.66650060416077,30.6696730331376
15,"web|two_factor|high|one_to_one",3.60056256788506,30.6696730331376
15,"web|two_factor|low|one_to_one",4.47926947066013,30.6696730331376
16,"web|simple|low|multi_person",2.49135767339944,30.8440816184926
16,"mobile|two_factor|low|multi_person",4.23644437026722,30.8440816184926
16,"web|two_factor|low|multi_person",1.85364407975556,30.8440816184926
16,"mobile|multi_factor|low|multi_person",5.9509725717181,30.8440816184926
16,"mobile|simple|medium|multi_person",3.09693734011022,30.8440816184926
16,"mobile|multi_factor|medium|multi_person",4.17375194791722,30.8440816184926
16,"web|multi_factor|medium|multi_person",1.79095165740556,30.8440816184926
16,"mobile|simple|high|multi_person",2.33971740849449,30.8440816184926
16,"web|simple|high|multi_person",-0.0430828820171698,30.8440816184926
16,"mobile|two_factor|high|multi_person",1.70200381485061,30.8440816184926
16,"mobile|multi_factor|high|multi_person",3.41653201630149,30.8440816184926
16,"mobile|simple|low|one_to_one",6.54173118882152,30.8440816184926
16,"web|simple|low|one_to_one",4.15893089830986,30.8440816184926
16,"mobile|multi_factor|low|one_to_one",7.61854579662852,30.8440816184926
16,"web|multi_factor|low|one_to_one",5.23574550611686,30.8440816184926
16,"mobile|simple|medium|one_to_one",4.76451056502063,30.8440816184926
16,"mobile|two_factor|medium|one_to_one",4.12679697137675,30.8440816184926
16,"mobile|multi_factor|medium|one_to_one",5.84132517282764,30.8440816184926
16,"web|multi_factor|medium|one_to_one",3.45852488231598,30.8440816184926
16,"web|simple|high|one_to_one",1.62449034289325,30.8440816184926
16,"mobile|two_factor|high|one_to_one",3.36957703976103,30.8440816184926
16,"mobile|multi_factor|high|one_to_one",5.08410524121191,30.8440816184926
16,"web|multi_factor|high|one_to_one",2.70130495070025,30.8440816184926
16,"web|simple|medium|multi_person",0.714137049598555,30.8440816184926
16,"mobile|two_factor|medium|multi_person",2.45922374646634,30.8440816184926
16,"web|two_factor|high|multi_person",-0.68079647566105,30.8440816184926
16,"web|multi_factor|high|multi_person",1.03373172578983,30.8440816184926
16,"web|simple|medium|one_to_one",2.38171027450897,30.8440816184926
16,"web|two_factor|medium|one_to_one",1.74399668086509,30.8440816184926
16,"mobile|simple|high|one_to_one",4.00729063340491,30.8440816184926
16,"mobile|simple|low|multi_person",4.8741579639111,30.8440816184926
16,"web|multi_factor|low|multi_person",3.56817228120644,30.8440816184926
16,"web|two_factor|medium|multi_person",0.0764234559546753,30.8440816184926
16,"mobile|two_factor|low|one_to_one",5.90401759517764,30.8440816184926
16,"web|two_factor|high|one_to_one",0.986776749249368,30.8440816184926
16,"web|two_factor|low|one_to_one",3.52121730466598,30.8440816184926
17,"web|simple|low|multi_person",1.39408816115929,30.7547593124121
17,"mobile|two_factor|low|multi_person",3.89579975727739,30.7547593124121
17,"web|two_factor|low|multi_person",2.24447363819248,30.7547593124121
17,"mobile|multi_factor|low|multi_person",5.48536176789582,30.7547593124121
17,"mobile|simple|medium|multi_person",2.16733927706341,30.7547593124121
17,"mobile|multi_factor|medium|multi_person",4.60728676471503,30.7547593124121
17,"web|multi_factor|medium|multi_person",2.95596064563012,30.7547593124121
17,"mobile|simple|high|multi_person",2.020166356873,30.7547593124121
17,"web|simple|high|multi_person",0.368840237788089,30.7547593124121
17,"mobile|two_factor|high|multi_person",2.87055183390619,30.7547593124121
17,"mobile|multi_factor|high|multi_person",4.46011384452462,30.7547593124121
17,"mobile|simple|low|one_to_one",4.27416633560233,30.7547593124121
17,"web|simple|low|one_to_one",2.62284021651742,30.7547593124121
17,"mobile|multi_factor|low|one_to_one",6.71411382325395,30.7547593124121
17,"web|multi_factor|low|one_to_one",5.06278770416904,30.7547593124121
17,"mobile|simple|medium|one_to_one",3.39609133242154,30.7547593124121
17,"mobile|two_factor|medium|one_to_one",4.24647680945473,30.7547593124121
17,"mobile|multi_factor|medium|one_to_one",5.83603882007316,30.7547593124121
17,"web|multi_factor|medium|one_to_one",4.18471270098826,30.7547593124121
17,"web|simple|high|one_to_one",1.59759229314622,30.7547593124121
17,"mobile|two_factor|high|one_to_one",4.09930388926432,30.7547593124121
17,"mobile|multi_factor|high|one_to_one",5.68886589988275,30.7547593124121
17,"web|multi_factor|high|one_to_one",4.03753978079784,30.7547593124121
17,"web|simple|medium|multi_person",0.516013157978503,30.7547593124121
17,"mobile|two_factor|medium|multi_person",3.0177247540966,30.7547593124121
17,"web|two_factor|high|multi_person",1.21922571482128,30.7547593124121
17,"web|multi_factor|high|multi_person",2.80878772543971,30.7547593124121
17,"web|simple|medium|one_to_one",1.74476521333664,30.7547593124121
17,"web|two_factor|medium|one_to_one",2.59515069036982,30.7547593124121
17,"mobile|simple|high|one_to_one",3.24891841223113,30.7547593124121
17,"mobile|simple|low|multi_person",3.0454142802442,30.7547593124121
17,"web|multi_factor|low|multi_person",3.83403564881091,30.7547593124121
17,"web|two_factor|medium|multi_person",1.36639863501169,30.7547593124121
17,"mobile|two_factor|low|one_to_one",5.12455181263552,30.7547593124121
17,"web|two_factor|high|one_to_one",2.44797777017941,30.7547593124121
17,"web|two_factor|low|one_to_one",3.47322569355061,30.7547593124121
18,"web|simple|low|multi_person",2.41297737003746,30.6597638109188
18,"mobile|two_factor|low|multi_person",6.07859510406556,30.6597638109188
18,"web|two_factor|low|multi_person",1.89234635191056,30.6597638109188
18,"mobile|multi_factor|low|multi_person",7.04846972325167,30.6597638109188
18,"mobile|simple|medium|multi_person",4.74338322253571,30.6597638109188
18,"mobile|multi_factor|medium|multi_person",5.19262682359492,30.6597638109188
18,"web|multi_factor|medium|multi_person",1.00637807143992,30.6597638109188
18,"mobile|simple|high|multi_person",3.5665428434653,30.6597638109188
18,"web|simple|high|multi_person",-0.619705908689704,30.6597638109188
18,"mobile|two_factor|high|multi_person",3.0459118253384,30.6597638109188
18,"mobile|multi_factor|high|multi_person",4.01578644452451,30.6597638109188
18,"mobile|simple|low|one_to_one",7.6865763971319,30.6597638109188
18,"web|simple|low|one_to_one",3.5003276449769,30.6597638109188
18,"mobile|multi_factor|low|one_to_one",8.13581999819112,30.6597638109188
18,"web|multi_factor|low|one_to_one",3.94957124603612,30.6597638109188
18,"mobile|simple|medium|one_to_one",5.83073349747515,30.6597638109188
18,"mobile|two_factor|medium|one_to_one",5.31010247934825,30.6597638109188
18,"mobile|multi_factor|medium|one_to_one",6.27997709853437,30.6597638109188
18,"web|multi_factor|medium|one_to_one",2.09372834637937,30.6597638109188
18,"web|simple|high|one_to_one",0.467644366249744,30.6597638109188
18,"mobile|two_factor|high|one_to_one",4.13326210027784,30.6597638109188
18,"mobile|multi_factor|high|one_to_one",5.10313671946396,30.6597638109188
18,"web|multi_factor|high|one_to_one",0.916887967308956,30.6597638109188
18,"web|simple|medium|multi_person",0.557134470380707,30.6597638109188
18,"mobile|two_factor|medium|multi_person",4.22275220440881,30.6597638109188
18,"web|two_factor|high|multi_person",-1.1403369268166,30.6597638109188
18,"web|multi_factor|high|multi_person",-0.170462307630492,30.6597638109188
18,"web|simple|medium|one_to_one",1.64448474532015,30.6597638109188
18,"web|two_factor|medium|one_to_one",1.12385372719325,30.6597638109188
18,"mobile|simple|high|one_to_one",4.65389311840474,30.6597638109188
18,"mobile|simple|low|multi_person",6.59922612219246,30.6597638109188
18,"web|multi_factor|low|multi_person",2.86222097109667,30.6597638109188
18,"web|two_factor|medium|multi_person",0.0365034522538066,30.6597638109188
18,"mobile|two_factor|low|one_to_one",7.165945379005,30.6597638109188
18,"web|two_factor|high|one_to_one",-0.0529866518771565,30.6597638109188
18,"web|two_factor|low|one_to_one",2.97969662685,30.6597638109188
19,"web|simple|low|multi_person",2.42542831706749,31.1234220026927
19,"mobile|two_factor|low|multi_person",5.84237817825768,31.1234220026927
19,"web|two_factor|low|multi_person",2.8780254309865,31.1234220026927
19,"mobile|multi_factor|low|multi_person",5.44339277285716,31.1234220026927
19,"mobile|simple|medium|multi_person",3.48496075566695,31.1234220026927
19,"mobile|multi_factor|medium|multi_person",3.53857246418544,31.1234220026927
19,"web|multi_factor|medium|multi_person",0.574219716914261,31.1234220026927
19,"mobile|simple|high|multi_person",3.54735836522038,31.1234220026927
19,"web|simple|high|multi_person",0.583005617949199,31.1234220026927
19,"mobile|two_factor|high|multi_person",3.99995547913939,31.1234220026927
19,"mobile|multi_factor|high|multi_person",3.60097007373887,31.1234220026927
19,"mobile|simple|low|one_to_one",7.0353105483431,31.1234220026927
19,"web|simple|low|one_to_one",4.07095780107192,31.1234220026927
19,"mobile|multi_factor|low|one_to_one",7.08892225686159,31.1234220026927
19,"web|multi_factor|low|one_to_one",4.12456950959041,31.1234220026927
19,"mobile|simple|medium|one_to_one",5.13049023967138,31.1234220026927
19,"mobile|two_factor|medium|one_to_one",5.5830873535904,31.1234220026927
19,"mobile|multi_factor|medium|one_to_one",5.18410194818987,31.1234220026927
19,"web|multi_factor|medium|one_to_one",2.21974920091869,31.1234220026927
19,"web|simple|high|one_to_one",2.22853510195363,31.1234220026927
19,"mobile|two_factor|high|one_to_one",5.64548496314382,31.1234220026927
19,"mobile|multi_factor|high|one_to_one",5.2464995577433,31.1234220026927
19,"web|multi_factor|high|one_to_one",2.28214681047212,31.1234220026927
19,"web|simple|medium|multi_person",0.520608008395771,31.1234220026927
19,"mobile|two_factor|medium|multi_person",3.93755786958596,31.1234220026927
19,"web|two_factor|high|multi_person",1.03560273186821,31.1234220026927
19,"web|multi_factor|high|multi_person",0.636617326467689,31.1234220026927
19,"web|simple|medium|one_to_one",2.1661374924002,31.1234220026927
19,"web|two_factor|medium|one_to_one",2.61873460631922,31.1234220026927
19,"mobile|simple|high|one_to_one",5.19288784922481,31.1234220026927
19,"mobile|simple|low|multi_person",5.38978106433867,31.1234220026927
19,"web|multi_factor|low|multi_person",2.47904002558598,31.1234220026927
19,"web|two_factor|medium|multi_person",0.973205122314783,31.1234220026927
19,"mobile|two_factor|low|one_to_one",7.48790766226211,31.1234220026927
19,"web|two_factor|high|one_to_one",2.68113221587264,31.1234220026927
19,"web|two_factor|low|one_to_one",4.52355491499093,31.1234220026927
20,"web|simple|low|multi_person",2.33745147496558,30.832103544713
20,"mobile|two_factor|low|multi_person",3.65968714793024,30.832103544713
20,"web|two_factor|low|multi_person",2.55780515194937,30.832103544713
20,"mobile|multi_factor|low|multi_person",3.66539479045226,30.832103544713
20,"mobile|simple|medium|multi_person",3.46243825622785,30.832103544713
20,"mobile|multi_factor|medium|multi_person",3.68849957573367,30.832103544713
20,"web|multi_factor|medium|multi_person",2.5866175797528,30.832103544713
20,"mobile|simple|high|multi_person",2.73523152464552,30.832103544713
20,"web|simple|high|multi_person",1.63334952866466,30.832103544713
20,"mobile|two_factor|high|multi_person",2.95558520162932,30.832103544713
20,"mobile|multi_factor|high|multi_person",2.96129284415135,30.832103544713
20,"mobile|simple|low|one_to_one",4.77180711244274,30.832103544713
20,"web|simple|low|one_to_one",3.66992511646188,30.832103544713
20,"mobile|multi_factor|low|one_to_one",4.99786843194856,30.832103544713
20,"web|multi_factor|low|one_to_one",3.8959864359677,30.832103544713
20,"mobile|simple|medium|one_to_one",4.79491189772414,30.832103544713
20,"mobile|two_factor|medium|one_to_one",5.01526557470794,30.832103544713
20,"mobile|multi_factor|medium|one_to_one",5.02097321722996,30.832103544713
20,"web|multi_factor|medium|one_to_one",3.9190912212491,30.832103544713
20,"web|simple|high|one_to_one",2.96582317016096,30.832103544713
20,"mobile|two_factor|high|one_to_one",4.28805884312562,30.832103544713
20,"mobile|multi_factor|high|one_to_one",4.29376648564764,30.832103544713
20,"web|multi_factor|high|one_to_one",3.19188448966678,30.832103544713
20,"web|simple|medium|multi_person",2.36055626024698,30.832103544713
20,"mobile|two_factor|medium|multi_person",3.68279193321164,30.832103544713
20,"web|two_factor|high|multi_person",1.85370320564846,30.832103544713
20,"web|multi_factor|high|multi_person",1.85941084817048,30.832103544713
20,"web|simple|medium|one_to_one",3.69302990174328,30.832103544713
20,"web|two_factor|medium|one_to_one",3.91338357872707,30.832103544713
20,"mobile|simple|high|one_to_one",4.06770516614182,30.832103544713
20,"mobile|simple|low|multi_person",3.43933347094644,30.832103544713
20,"web|multi_factor|low|multi_person",2.5635127944714,30.832103544713
20,"web|two_factor|medium|multi_person",2.58090993723078,30.832103544713
20,"mobile|two_factor|low|one_to_one",4.99216078942653,30.832103544713
20,"web|two_factor|high|one_to_one",3.18617684714475,30.832103544713
20,"web|two_factor|low|one_to_one",3.89027879344567,30.832103544713
21,"web|simple|low|multi_person",2.17977309092458,30.8821634088205
21,"mobile|two_factor|low|multi_person",4.25973064270536,30.8821634088205
21,"web|two_factor|low|multi_person",1.56921720805298,30.8821634088205
21,"mobile|multi_factor|low|multi_person",4.82974866018412,30.8821634088205
21,"mobile|simple|medium|multi_person",4.28177017841369,30.8821634088205
21,"mobile|multi_factor|medium|multi_person",4.24123231302084,30.8821634088205
21,"web|multi_factor|medium|multi_person",1.55071887836847,30.8821634088205
21,"mobile|simple|high|multi_person",5.11949247694201,30.8821634088205
21,"web|simple|high|multi_person",2.42897904228963,30.8821634088205
21,"mobile|two_factor|high|multi_person",4.5089365940704,30.8821634088205
21,"mobile|multi_factor|high|multi_person",5.07895461154917,30.8821634088205
21,"mobile|simple|low|one_to_one",5.42367127196586,30.8821634088205
21,"web|simple|low|one_to_one",2.73315783731347,30.8821634088205
21,"mobile|multi_factor|low|one_to_one",5.38313340657302,30.8821634088205
21,"web|multi_factor|low|one_to_one",2.69261997192064,30.8821634088205
21,"mobile|simple|medium|one_to_one",4.83515492480258,30.8821634088205
21,"mobile|two_factor|medium|one_to_one",4.22459904193097,30.8821634088205
21,"mobile|multi_factor|medium|one_to_one",4.79461705940974,30.8821634088205
21,"web|multi_factor|medium|one_to_one",2.10410362475736,30.8821634088205
21,"web|simple|high|one_to_one",2.98236378867852,30.8821634088205
21,"mobile|two_factor|high|one_to_one",5.0623213404593,30.8821634088205
21,"mobile|multi_factor|high|one_to_one",5.63233935793806,30.8821634088205
21,"web|multi_factor|high|one_to_one",2.94182592328568,30.8821634088205
21,"web|simple|medium|multi_person",1.5912567437613,30.8821634088205
21,"mobile|two_factor|medium|multi_person",3.67121429554208,30.8821634088205
21,"web|two_factor|high|multi_person",1.81842315941802,30.8821634088205
21,"web|multi_factor|high|multi_person",2.38844117689679,30.8821634088205
21,"web|simple|medium|one_to_one",2.1446414901502,30.8821634088205
21,"web|two_factor|medium|one_to_one",1.53408560727859,30.8821634088205
21,"mobile|simple|high|one_to_one",5.6728772233309,30.8821634088205
21,"mobile|simple|low|multi_person",4.87028652557696,30.8821634088205
21,"web|multi_factor|low|multi_person",2.13923522553174,30.8821634088205
21,"web|two_factor|medium|multi_person",0.9807008608897,30.8821634088205
21,"mobile|two_factor|low|one_to_one",4.81311538909425,30.8821634088205
21,"web|two_factor|high|one_to_one",2.37180790580692,30.8821634088205
21,"web|two_factor|low|one_to_one",2.12260195444187,30.8821634088205
22,"web|simple|low|multi_person",2.43846033142656,31.1758962909626
22,"mobile|two_factor|low|multi_person",5.01375687789055,31.1758962909626
22,"web|two_factor|low|multi_person",2.09003551517693,31.1758962909626
22,"mobile|multi_factor|low|multi_person",5.89767137224996,31.1758962909626
22,"mobile|simple|medium|multi_person",4.35858448579869,31.1758962909626
22,"mobile|multi_factor|medium|multi_person",4.89407416390848,31.1758962909626
22,"web|multi_factor|medium|multi_person",1.97035280119486,31.1758962909626
22,"mobile|simple|high|multi_person",3.02539719207729,31.1758962909626
22,"web|simple|high|multi_person",0.101675829363667,31.1758962909626
22,"mobile|two_factor|high|multi_person",2.67697237582766,31.1758962909626
22,"mobile|multi_factor|high|multi_person",3.56088687018707,31.1758962909626
22,"mobile|simple|low|one_to_one",6.82094459575549,31.1758962909626
22,"web|simple|low|one_to_one",3.89722323304187,31.1758962909626
22,"mobile|multi_factor|low|one_to_one",7.35643427386527,31.1758962909626
22,"web|multi_factor|low|one_to_one",4.43271291115165,31.1758962909626
22,"mobile|simple|medium|one_to_one",5.817347387414,31.1758962909626
22,"mobile|two_factor|medium|one_to_one",5.46892257116438,31.1758962909626
22,"mobile|multi_factor|medium|one_to_one",6.35283706552379,31.1758962909626
22,"web|multi_factor|medium|one_to_one",3.42911570281017,31.1758962909626
22,"web|simple|high|one_to_one",1.56043873097898,31.1758962909626
22,"mobile|two_factor|high|one_to_one",4.13573527744297,31.1758962909626
22,"mobile|multi_factor|high|one_to_one",5.01964977180238,31.1758962909626
22,"web|multi_factor|high|one_to_one",2.09592840908876,31.1758962909626
22,"web|simple|medium|multi_person",1.43486312308507,31.1758962909626
22,"mobile|two_factor|medium|multi_person",4.01015966954907,31.1758962909626
22,"web|two_factor|high|multi_person",-0.246748986885957,31.1758962909626
22,"web|multi_factor|high|multi_person",0.637165507473454,31.1758962909626
22,"web|simple|medium|one_to_one",2.89362602470038,31.1758962909626
22,"web|two_factor|medium|one_to_one",2.54520120845076,31.1758962909626
22,"mobile|simple|high|one_to_one",4.4841600936926,31.1758962909626
22,"mobile|simple|low|multi_person",5.36218169414018,31.1758962909626
22,"web|multi_factor|low|multi_person",2.97395000953634,31.1758962909626
22,"web|two_factor|medium|multi_person",1.08643830683545,31.1758962909626
22,"mobile|two_factor|low|one_to_one",6.47251977950586,31.1758962909626
22,"web|two_factor|high|one_to_one",1.21201391472935,31.1758962909626
22,"web|two_factor|low|one_to_one",3.54879841679224,31.1758962909626
23,"web|simple|low|multi_person",1.89528602778385,31.3041169443328
23,"mobile|two_factor|low|multi_person",5.4704709080989,31.3041169443328
23,"web|two_factor|low|multi_person",3.10683557494768,31.3041169443328
23,"mobile|multi_factor|low|multi_person",5.14453496862695,31.3041169443328
23,"mobile|simple|medium|multi_person",2.74928037921278,31.3041169443328
23,"mobile|multi_factor|medium|multi_person",3.63489398690466,31.3041169443328
23,"web|multi_factor|medium|multi_person",1.27125865375344,31.3041169443328
23,"mobile|simple|high|multi_person",2.16501141040699,31.3041169443328
23,"web|simple|high|multi_person",-0.198623922744228,31.3041169443328
23,"mobile|two_factor|high|multi_person",3.37656095757082,31.3041169443328
23,"mobile|multi_factor|high|multi_person",3.05062501809887,31.3041169443328
23,"mobile|simple|low|one_to_one",6.11893048728654,31.3041169443328
23,"web|simple|low|one_to_one",3.75529515413532,31.3041169443328
23,"mobile|multi_factor|low|one_to_one",7.00454409497842,31.3041169443328
23,"web|multi_factor|low|one_to_one",4.6409087618272,31.3041169443328
23,"mobile|simple|medium|one_to_one",4.60928950556425,31.3041169443328
23,"mobile|two_factor|medium|one_to_one",5.82083905272808,31.3041169443328
23,"mobile|multi_factor|medium|one_to_one",5.49490311325613,31.3041169443328
23,"web|multi_factor|medium|one_to_one",3.13126778010491,31.3041169443328
23,"web|simple|high|one_to_one",1.66138520360724,31.3041169443328
23,"mobile|two_factor|high|one_to_one",5.23657008392229,31.3041169443328
23,"mobile|multi_factor|high|one_to_one",4.91063414445034,31.3041169443328
23,"web|multi_factor|high|one_to_one",2.54699881129912,31.3041169443328
23,"web|simple|medium|multi_person",0.38564504606156,31.3041169443328
23,"mobile|two_factor|medium|multi_person",3.96082992637661,31.3041169443328
23,"web|two_factor|high|multi_person",1.0129256244196,31.3041169443328
23,"web|multi_factor|high|multi_person",0.686989684947651,31.3041169443328
23,"web|simple|medium|one_to_one",2.24565417241303,31.3041169443328
23,"web|two_factor|medium|one_to_one",3.45720371957686,31.3041169443328
23,"mobile|simple|high|one_to_one",4.02502053675846,31.3041169443328
23,"mobile|simple|low|multi_person",4.25892136093507,31.3041169443328
23,"web|multi_factor|low|multi_person",2.78089963547573,31.3041169443328
23,"web|two_factor|medium|multi_person",1.59719459322539,31.3041169443328
23,"mobile|two_factor|low|one_to_one",7.33048003445037,31.3041169443328
23,"web|two_factor|high|one_to_one",2.87293475077107,31.3041169443328
23,"web|two_factor|low|one_to_one",4.96684470129915,31.3041169443328
24,"web|simple|low|multi_person",2.84797987811792,31.2507004905407
24,"mobile|two_factor|low|multi_person",5.04541649494763,31.2507004905407
24,"web|two_factor|low|multi_person",2.03767152364245,31.2507004905407
24,"mobile|multi_factor|low|multi_person",6.02043939161264,31.2507004905407
24,"mobile|simple|medium|multi_person",4.47453423296086,31.2507004905407
24,"mobile|multi_factor|medium|multi_person",4.6392487751504,31.2507004905407
24,"web|multi_factor|medium|multi_person",1.63150380384522,31.2507004905407
24,"mobile|simple|high|multi_person",4.08413266040929,31.2507004905407
24,"web|simple|high|multi_person",1.07638768910411,31.2507004905407
24,"mobile|two_factor|high|multi_person",3.27382430593382,31.2507004905407
24,"mobile|multi_factor|high|multi_person",4.24884720259883,31.2507004905407
24,"mobile|simple|low|one_to_one",6.83560309339471,31.2507004905407
24,"web|simple|low|one_to_one",3.82785812208953,31.2507004905407
24,"mobile|multi_factor|low|one_to_one",7.00031763558425,31.2507004905407
24,"web|multi_factor|low|one_to_one",3.99257266427907,31.2507004905407
24,"mobile|simple|medium|one_to_one",5.45441247693247,31.2507004905407
24,"mobile|two_factor|medium|one_to_one",4.644104122457,31.2507004905407
24,"mobile|multi_factor|medium|one_to_one",5.61912701912201,31.2507004905407
24,"web|multi_factor|medium|one_to_one",2.61138204781683,31.2507004905407
24,"web|simple|high|one_to_one",2.05626593307572,31.2507004905407
24,"mobile|two_factor|high|one_to_one",4.25370254990543,31.2507004905407
24,"mobile|multi_factor|high|one_to_one",5.22872544657044,31.2507004905407
24,"web|multi_factor|high|one_to_one",2.22098047526526,31.2507004905407
24,"web|simple|medium|multi_person",1.46678926165568,31.2507004905407
24,"mobile|two_factor|medium|multi_person",3.66422587848539,31.2507004905407
24,"web|two_factor|high|multi_person",0.26607933462864,31.2507004905407
24,"web|multi_factor|high|multi_person",1.24110223129365,31.2507004905407
24,"web|simple|medium|one_to_one",2.44666750562729,31.2507004905407
24,"web|two_factor|medium|one_to_one",1.63635915115182,31.2507004905407
24,"mobile|simple|high|one_to_one",5.0640109043809,31.2507004905407
24,"mobile|simple|low|multi_person",5.8557248494231,31.2507004905407
24,"web|multi_factor|low|multi_person",3.01269442030746,31.2507004905407
24,"web|two_factor|medium|multi_person",0.656480907180212,31.2507004905407
24,"mobile|two_factor|low|one_to_one",6.02529473891924,31.2507004905407
24,"web|two_factor|high|one_to_one",1.24595757860025,31.2507004905407
24,"web|two_factor|low|one_to_one",3.01754976761406,31.2507004905407
26,"web|simple|low|multi_person",2.96354939241697,31.2835370319397
26,"mobile|two_factor|low|multi_person",5.73328355969699,31.2835370319397
26,"web|two_factor|low|multi_person",2.13491665337473,31.2835370319397
26,"mobile|multi_factor|low|multi_person",5.51129402513601,31.2835370319397
26,"mobile|simple|medium|multi_person",5.03651323275609,31.2835370319397
26,"mobile|multi_factor|medium|multi_person",3.98589095915287,31.2835370319397
26,"web|multi_factor|medium|multi_person",0.387524052830607,31.2835370319397
26,"mobile|simple|high|multi_person",5.09222892173386,31.2835370319397
26,"web|simple|high|multi_person",1.4938620154116,31.2835370319397
26,"mobile|two_factor|high|multi_person",4.26359618269161,31.2835370319397
26,"mobile|multi_factor|high|multi_person",4.04160664813063,31.2835370319397
26,"mobile|simple|low|one_to_one",7.13628923875315,31.2835370319397
26,"web|simple|low|one_to_one",3.53792233243089,31.2835370319397
26,"mobile|multi_factor|low|one_to_one",6.08566696514993,31.2835370319397
26,"web|multi_factor|low|one_to_one",2.48730005882767,31.2835370319397
26,"mobile|simple|medium|one_to_one",5.61088617277001,31.2835370319397
26,"mobile|two_factor|medium|one_to_one",4.78225343372777,31.2835370319397
26,"mobile|multi_factor|medium|one_to_one",4.56026389916678,31.2835370319397
26,"web|multi_factor|medium|one_to_one",0.961896992844525,31.2835370319397
26,"web|simple|high|one_to_one",2.06823495542551,31.2835370319397
26,"mobile|two_factor|high|one_to_one",4.83796912270553,31.2835370319397
26,"mobile|multi_factor|high|one_to_one",4.61597958814455,31.2835370319397
26,"web|multi_factor|high|one_to_one",1.01761268182229,31.2835370319397
26,"web|simple|medium|multi_person",1.43814632643383,31.2835370319397
26,"mobile|two_factor|medium|multi_person",4.20788049371385,31.2835370319397
26,"web|two_factor|high|multi_person",0.665229276369353,31.2835370319397
26,"web|multi_factor|high|multi_person",0.44323974180837,31.2835370319397
26,"web|simple|medium|one_to_one",2.01251926644775,31.2835370319397
26,"web|two_factor|medium|one_to_one",1.18388652740551,31.2835370319397
26,"mobile|simple|high|one_to_one",5.66660186174777,31.2835370319397
26,"mobile|simple|low|multi_person",6.56191629873923,31.2835370319397
26,"web|multi_factor|low|multi_person",1.91292711881375,31.2835370319397
26,"web|two_factor|medium|multi_person",0.60951358739159,31.2835370319397
26,"mobile|two_factor|low|one_to_one",6.30765649971091,31.2835370319397
26,"web|two_factor|high|one_to_one",1.23960221638327,31.2835370319397
26,"web|two_factor|low|one_to_one",2.70928959338865,31.2835370319397
27,"web|simple|low|multi_person",2.94751656899297,31.0199257886492
27,"mobile|two_factor|low|multi_person",5.4943920909062,31.0199257886492
27,"web|two_factor|low|multi_person",3.39548645807216,31.0199257886492
27,"mobile|multi_factor|low|multi_person",5.02467996504677,31.0199257886492
27,"mobile|simple|medium|multi_person",2.87270250033814,31.0199257886492
27,"mobile|multi_factor|medium|multi_person",2.8509602635579,31.0199257886492
27,"web|multi_factor|medium|multi_person",0.752054630723858,31.0199257886492
27,"mobile|simple|high|multi_person",2.89422132515223,31.0199257886492
27,"web|simple|high|multi_person",0.79531569231819,31.0199257886492
27,"mobile|two_factor|high|multi_person",3.34219121423142,31.0199257886492
27,"mobile|multi_factor|high|multi_person",2.87247908837199,31.0199257886492
27,"mobile|simple|low|one_to_one",6.85022639407455,31.0199257886492
27,"web|simple|low|one_to_one",4.75132076124051,31.0199257886492
27,"mobile|multi_factor|low|one_to_one",6.82848415729431,31.0199257886492
27,"web|multi_factor|low|one_to_one",4.72957852446027,31.0199257886492
27,"mobile|simple|medium|one_to_one",4.67650669258568,31.0199257886492
27,"mobile|two_factor|medium|one_to_one",5.12447658166486,31.0199257886492
27,"mobile|multi_factor|medium|one_to_one",4.65476445580544,31.0199257886492
27,"web|multi_factor|medium|one_to_one",2.5558588229714,31.0199257886492
27,"web|simple|high|one_to_one",2.59911988456573,31.0199257886492
27,"mobile|two_factor|high|one_to_one",5.14599540647896,31.0199257886492
27,"mobile|multi_factor|high|one_to_one",4.67628328061953,31.0199257886492
27,"web|multi_factor|high|one_to_one",2.57737764778549,31.0199257886492
27,"web|simple|medium|multi_person",0.773796867504096,31.0199257886492
27,"mobile|two_factor|medium|multi_person",3.32067238941732,31.0199257886492
27,"web|two_factor|high|multi_person",1.24328558139738,31.0199257886492
27,"web|multi_factor|high|multi_person",0.773573455537952,31.0199257886492
27,"web|simple|medium|one_to_one",2.57760105975164,31.0199257886492
27,"web|two_factor|medium|one_to_one",3.02557094883082,31.0199257886492
27,"mobile|simple|high|one_to_one",4.69802551739977,31.0199257886492
27,"mobile|simple|low|multi_person",5.04642220182701,31.0199257886492
27,"web|multi_factor|low|multi_person",2.92577433221273,31.0199257886492
27,"web|two_factor|medium|multi_person",1.22176675658328,31.0199257886492
27,"mobile|two_factor|low|one_to_one",7.29819628315374,31.0199257886492
27,"web|two_factor|high|one_to_one",3.04708977364492,31.0199257886492
27,"web|two_factor|low|one_to_one",5.1992906503197,31.0199257886492
28,"web|simple|low|multi_person",1.86024355438425,30.7720543322498
28,"mobile|two_factor|low|multi_person",4.35790099064311,30.7720543322498
28,"web|two_factor|low|multi_person",1.26983497584049,30.7720543322498
28,"mobile|multi_factor|low|multi_person",5.54461004108373,30.7720543322498
28,"mobile|simple|medium|multi_person",4.03727801482115,30.7720543322498
28,"mobile|multi_factor|medium|multi_person",4.63357848671802,30.7720543322498
28,"web|multi_factor|medium|multi_person",1.5455124719154,30.7720543322498
28,"mobile|simple|high|multi_person",3.66738446964239,30.7720543322498
28,"web|simple|high|multi_person",0.57931845483977,30.7720543322498
28,"mobile|two_factor|high|multi_person",3.07697589109863,30.7720543322498
28,"mobile|multi_factor|high|multi_person",4.26368494153925,30.7720543322498
28,"mobile|simple|low|one_to_one",6.95769705985297,30.7720543322498
28,"web|simple|low|one_to_one",3.86963104505035,30.7720543322498
28,"mobile|multi_factor|low|one_to_one",7.55399753174983,30.7720543322498
28,"web|multi_factor|low|one_to_one",4.46593151694721,30.7720543322498
28,"mobile|simple|medium|one_to_one",6.04666550548725,30.7720543322498
28,"mobile|two_factor|medium|one_to_one",5.45625692694349,30.7720543322498
28,"mobile|multi_factor|medium|one_to_one",6.64296597738412,30.7720543322498
28,"web|multi_factor|medium|one_to_one",3.5548999625815,30.7720543322498
28,"web|simple|high|one_to_one",2.58870594550587,30.7720543322498
28,"mobile|two_factor|high|one_to_one",5.08636338176473,30.7720543322498
28,"mobile|multi_factor|high|one_to_one",6.27307243220535,30.7720543322498
28,"web|multi_factor|high|one_to_one",3.18500641740273,30.7720543322498
28,"web|simple|medium|multi_person",0.949212000018534,30.7720543322498
28,"mobile|two_factor|medium|multi_person",3.44686943627739,30.7720543322498
28,"web|two_factor|high|multi_person",-0.01109012370399,30.7720543322498
28,"web|multi_factor|high|multi_person",1.17561892673663,30.7720543322498
28,"web|simple|medium|one_to_one",2.95859949068463,30.7720543322498
28,"web|two_factor|medium|one_to_one",2.36819091214087,30.7720543322498
28,"mobile|simple|high|one_to_one",5.67677196030849,30.7720543322498
28,"mobile|simple|low|multi_person",4.94830956918687,30.7720543322498
28,"web|multi_factor|low|multi_person",2.45654402628111,30.7720543322498
28,"web|two_factor|medium|multi_person",0.358803421474774,30.7720543322498
28,"mobile|two_factor|low|one_to_one",6.36728848130921,30.7720543322498
28,"web|two_factor|high|one_to_one",1.99829736696211,30.7720543322498
28,"web|two_factor|low|one_to_one",3.27922246650659,30.7720543322498
29,"web|simple|low|multi_person",2.72702889407181,31.2331700433754
29,"mobile|two_factor|low|multi_person",5.09238905578317,31.2331700433754
29,"web|two_factor|low|multi_person",2.07803312783037,31.2331700433754
29,"mobile|multi_factor|low|multi_person",6.55954055145566,31.2331700433754
29,"mobile|simple|medium|multi_person",4.63282800401037,31.2331700433754
29,"mobile|multi_factor|medium|multi_person",5.45098373344142,31.2331700433754
29,"web|multi_factor|medium|multi_person",2.43662780548862,31.2331700433754
29,"mobile|simple|high|multi_person",3.36121149830406,31.2331700433754
29,"web|simple|high|multi_person",0.346855570351259,31.2331700433754
29,"mobile|two_factor|high|multi_person",2.71221573206262,31.2331700433754
29,"mobile|multi_factor|high|multi_person",4.17936722773511,31.2331700433754
29,"mobile|simple|low|one_to_one",5.91990138609002,31.2331700433754
29,"web|simple|low|one_to_one",2.90554545813722,31.2331700433754
29,"mobile|multi_factor|low|one_to_one",6.73805711552107,31.2331700433754
29,"web|multi_factor|low|one_to_one",3.72370118756827,31.2331700433754
29,"mobile|simple|medium|one_to_one",4.81134456807578,31.2331700433754
29,"mobile|two_factor|medium|one_to_one",4.16234880183434,31.2331700433754
29,"mobile|multi_factor|medium|one_to_one",5.62950029750682,31.2331700433754
29,"web|multi_factor|medium|one_to_one",2.61514436955402,31.2331700433754
29,"web|simple|high|one_to_one",0.525372134416668,31.2331700433754
29,"mobile|two_factor|high|one_to_one",2.89073229612803,31.2331700433754
29,"mobile|multi_factor|high|one_to_one",4.35788379180052,31.2331700433754
29,"web|multi_factor|high|one_to_one",1.34352786384772,31.2331700433754
29,"web|simple|medium|multi_person",1.61847207605757,31.2331700433754
29,"mobile|two_factor|medium|multi_person",3.98383223776893,31.2331700433754
29,"web|two_factor|high|multi_person",-0.302140195890179,31.2331700433754
29,"web|multi_factor|high|multi_person",1.16501129978231,31.2331700433754
29,"web|simple|medium|one_to_one",1.79698864012298,31.2331700433754
29,"web|two_factor|medium|one_to_one",1.14799287388154,31.2331700433754
29,"mobile|simple|high|one_to_one",3.53972806236947,31.2331700433754
29,"mobile|simple|low|multi_person",5.74138482202461,31.2331700433754
29,"web|multi_factor|low|multi_person",3.54518462350286,31.2331700433754
29,"web|two_factor|medium|multi_person",0.969476309816129,31.2331700433754
29,"mobile|two_factor|low|one_to_one",5.27090561984858,31.2331700433754
29,"web|two_factor|high|one_to_one",-0.12362363182477,31.2331700433754
29,"web|two_factor|low|one_to_one",2.25654969189578,31.2331700433754
31,"web|simple|low|multi_person",1.69910063574664,30.8437278720327
31,"mobile|two_factor|low|multi_person",4.75060790251206,30.8437278720327
31,"web|two_factor|low|multi_person",1.58478081406202,30.8437278720327
31,"mobile|multi_factor|low|multi_person",5.44016244619612,30.8437278720327
31,"mobile|simple|medium|multi_person",3.39647955324032,30.8437278720327
31,"mobile|multi_factor|medium|multi_person",3.97171427523976,30.8437278720327
31,"web|multi_factor|medium|multi_person",0.805887186789719,30.8437278720327
31,"mobile|simple|high|multi_person",3.3226096731311,30.8437278720327
31,"web|simple|high|multi_person",0.156782584681058,30.8437278720327
31,"mobile|two_factor|high|multi_person",3.20828985144648,30.8437278720327
31,"mobile|multi_factor|high|multi_person",3.89784439513053,30.8437278720327
31,"mobile|simple|low|one_to_one",6.89142415413196,30.8437278720327
31,"web|simple|low|one_to_one",3.72559706568192,30.8437278720327
31,"mobile|multi_factor|low|one_to_one",7.4666588761314,30.8437278720327
31,"web|multi_factor|low|one_to_one",4.30083178768136,30.8437278720327
31,"mobile|simple|medium|one_to_one",5.4229759831756,30.8437278720327
31,"mobile|two_factor|medium|one_to_one",5.30865616149098,30.8437278720327
31,"mobile|multi_factor|medium|one_to_one",5.99821070517504,30.8437278720327
31,"web|multi_factor|medium|one_to_one",2.832383616725,30.8437278720327
31,"web|simple|high|one_to_one",2.18327901461634,30.8437278720327
31,"mobile|two_factor|high|one_to_one",5.23478628138176,30.8437278720327
31,"mobile|multi_factor|high|one_to_one",5.92434082506581,30.8437278720327
31,"web|multi_factor|high|one_to_one",2.75851373661577,30.8437278720327
31,"web|simple|medium|multi_person",0.230652464790283,30.8437278720327
31,"mobile|two_factor|medium|multi_person",3.2821597315557,30.8437278720327
31,"web|two_factor|high|multi_person",0.0424627629964378,30.8437278720327
31,"web|multi_factor|high|multi_person",0.732017306680494,30.8437278720327
31,"web|simple|medium|one_to_one",2.25714889472556,30.8437278720327
31,"web|two_factor|medium|one_to_one",2.14282907304094,30.8437278720327
31,"mobile|simple|high|one_to_one",5.34910610306638,30.8437278720327
31,"mobile|simple|low|multi_person",4.86492772419668,30.8437278720327
31,"web|multi_factor|low|multi_person",2.27433535774608,30.8437278720327
31,"web|two_factor|medium|multi_person",0.116332643105663,30.8437278720327
31,"mobile|two_factor|low|one_to_one",6.77710433244734,30.8437278720327
31,"web|two_factor|high|one_to_one",2.06895919293172,30.8437278720327
31,"web|two_factor|low|one_to_one",3.6112772439973,30.8437278720327
32,"web|simple|low|multi_person",3.38640934464201,31.0141322073807
32,"mobile|two_factor|low|multi_person",4.36596709796969,31.0141322073807
32,"web|two_factor|low|multi_person",2.20517836226695,31.0141322073807
32,"mobile|multi_factor|low|multi_person",5.27950953938427,31.0141322073807
32,"mobile|simple|medium|multi_person",3.58738833030114,31.0141322073807
32,"mobile|multi_factor|medium|multi_person",3.31969978934065,31.0141322073807
32,"web|multi_factor|medium|multi_person",1.15891105363791,31.0141322073807
32,"mobile|simple|high|multi_person",2.89727507083601,31.0141322073807
32,"web|simple|high|multi_person",0.736486335133272,31.0141322073807
32,"mobile|two_factor|high|multi_person",1.71604408846095,31.0141322073807
32,"mobile|multi_factor|high|multi_person",2.62958652987553,31.0141322073807
32,"mobile|simple|low|one_to_one",7.69642172690621,31.0141322073807
32,"web|simple|low|one_to_one",5.53563299120347,31.0141322073807
32,"mobile|multi_factor|low|one_to_one",7.42873318594572,31.0141322073807
32,"web|multi_factor|low|one_to_one",5.26794445024299,31.0141322073807
32,"mobile|simple|medium|one_to_one",5.7366119768626,31.0141322073807
32,"mobile|two_factor|medium|one_to_one",4.55538099448754,31.0141322073807
32,"mobile|multi_factor|medium|one_to_one",5.46892343590211,31.0141322073807
32,"web|multi_factor|medium|one_to_one",3.30813470019937,31.0141322073807
32,"web|simple|high|one_to_one",2.88570998169473,31.0141322073807
32,"mobile|two_factor|high|one_to_one",3.86526773502241,31.0141322073807
32,"mobile|multi_factor|high|one_to_one",4.77881017643699,31.0141322073807
32,"web|multi_factor|high|one_to_one",2.61802144073425,31.0141322073807
32,"web|simple|medium|multi_person",1.4265995945984,31.0141322073807
32,"mobile|two_factor|medium|multi_person",2.40615734792608,31.0141322073807
32,"web|two_factor|high|multi_person",-0.444744647241787,31.0141322073807
32,"web|multi_factor|high|multi_person",0.468797794172785,31.0141322073807
32,"web|simple|medium|one_to_one",3.57582324115986,31.0141322073807
32,"web|two_factor|medium|one_to_one",2.3945922587848,31.0141322073807
32,"mobile|simple|high|one_to_one",5.04649871739747,31.0141322073807
32,"mobile|simple|low|multi_person",5.54719808034475,31.0141322073807
32,"web|multi_factor|low|multi_person",3.11872080368153,31.0141322073807
32,"web|two_factor|medium|multi_person",0.24536861222334,31.0141322073807
32,"mobile|two_factor|low|one_to_one",6.51519074453115,31.0141322073807
32,"web|two_factor|high|one_to_one",1.70447899931967,31.0141322073807
32,"web|two_factor|low|one_to_one",4.35440200882841,31.0141322073807
33,"web|simple|low|multi_person",3.7885029430602,31.3852701961486
33,"mobile|two_factor|low|multi_person",4.98496446783149,31.3852701961486
33,"web|two_factor|low|multi_person",3.34653577250939,31.3852701961486
33,"mobile|multi_factor|low|multi_person",4.5953597876979,31.3852701961486
33,"mobile|simple|medium|multi_person",4.52567224029957,31.3852701961486
33,"mobile|multi_factor|medium|multi_person",3.69410038961518,31.3852701961486
33,"web|multi_factor|medium|multi_person",2.05567169429309,31.3852701961486
33,"mobile|simple|high|multi_person",3.37055255362586,31.3852701961486
33,"web|simple|high|multi_person",1.73212385830377,31.3852701961486
33,"mobile|two_factor|high|multi_person",2.92858538307506,31.3852701961486
33,"mobile|multi_factor|high|multi_person",2.53898070294148,31.3852701961486
33,"mobile|simple|low|one_to_one",5.63084598990244,31.3852701961486
33,"web|simple|low|one_to_one",3.99241729458034,31.3852701961486
33,"mobile|multi_factor|low|one_to_one",4.79927413921805,31.3852701961486
33,"web|multi_factor|low|one_to_one",3.16084544389596,31.3852701961486
33,"mobile|simple|medium|one_to_one",4.72958659181971,31.3852701961486
33,"mobile|two_factor|medium|one_to_one",4.28761942126891,31.3852701961486
33,"mobile|multi_factor|medium|one_to_one",3.89801474113532,31.3852701961486
33,"web|multi_factor|medium|one_to_one",2.25958604581323,31.3852701961486
33,"web|simple|high|one_to_one",1.93603820982391,31.3852701961486
33,"mobile|two_factor|high|one_to_one",3.1324997345952,31.3852701961486
33,"mobile|multi_factor|high|one_to_one",2.74289505446162,31.3852701961486
33,"web|multi_factor|high|one_to_one",1.10446635913953,31.3852701961486
33,"web|simple|medium|multi_person",2.88724354497747,31.3852701961486
33,"mobile|two_factor|medium|multi_person",4.08370506974876,31.3852701961486
33,"web|two_factor|high|multi_person",1.29015668775296,31.3852701961486
33,"web|multi_factor|high|multi_person",0.900552007619381,31.3852701961486
33,"web|simple|medium|one_to_one",3.09115789649762,31.3852701961486
33,"web|two_factor|medium|one_to_one",2.64919072594681,31.3852701961486
33,"mobile|simple|high|one_to_one",3.57446690514601,31.3852701961486
33,"mobile|simple|low|multi_person",5.42693163838229,31.3852701961486
33,"web|multi_factor|low|multi_person",2.95693109237581,31.3852701961486
33,"web|two_factor|medium|multi_person",2.44527637442667,31.3852701961486
33,"mobile|two_factor|low|one_to_one",5.18887881935163,31.3852701961486
33,"web|two_factor|high|one_to_one",1.49407103927311,31.3852701961486
33,"web|two_factor|low|one_to_one",3.55045012402954,31.3852701961486
35,"web|simple|low|multi_person",1.17078421726107,30.0288379996937
35,"mobile|two_factor|low|multi_person",4.3069832225032,30.0288379996937
35,"web|two_factor|low|multi_person",0.496020921244202,30.0288379996937
35,"mobile|multi_factor|low|multi_person",7.16908299807775,30.0288379996937
35,"mobile|simple|medium|multi_person",3.2847277407369,30.0288379996937
35,"mobile|multi_factor|medium|multi_person",5.47206422029458,30.0288379996937
35,"web|multi_factor|medium|multi_person",1.66110191903558,30.0288379996937
35,"mobile|simple|high|multi_person",3.74502716659889,30.0288379996937
35,"web|simple|high|multi_person",-0.06593513466011,30.0288379996937
35,"mobile|two_factor|high|multi_person",3.07026387058202,30.0288379996937
35,"mobile|multi_factor|high|multi_person",5.93236364615657,30.0288379996937
35,"mobile|simple|low|one_to_one",6.30244013506617,30.0288379996937
35,"web|simple|low|one_to_one",2.49147783380717,30.0288379996937
35,"mobile|multi_factor|low|one_to_one",8.48977661462385,30.0288379996937
35,"web|multi_factor|low|one_to_one",4.67881431336485,30.0288379996937
35,"mobile|simple|medium|one_to_one",4.605421357283,30.0288379996937
35,"mobile|two_factor|medium|one_to_one",3.93065806126613,30.0288379996937
35,"mobile|multi_factor|medium|one_to_one",6.79275783684068,30.0288379996937
35,"web|multi_factor|medium|one_to_one",2.98179553558168,30.0288379996937
35,"web|simple|high|one_to_one",1.25475848188599,30.0288379996937
35,"mobile|two_factor|high|one_to_one",4.39095748712812,30.0288379996937
35,"mobile|multi_factor|high|one_to_one",7.25305726270267,30.0288379996937
35,"web|multi_factor|high|one_to_one",3.44209496144367,30.0288379996937
35,"web|simple|medium|multi_person",-0.5262345605221,30.0288379996937
35,"mobile|two_factor|medium|multi_person",2.60996444472003,30.0288379996937
35,"web|two_factor|high|multi_person",-0.74069843067698,30.0288379996937
35,"web|multi_factor|high|multi_person",2.12140134489757,30.0288379996937
35,"web|simple|medium|one_to_one",0.794459056023998,30.0288379996937
35,"web|two_factor|medium|one_to_one",0.119695760007128,30.0288379996937
35,"mobile|simple|high|one_to_one",5.06572078314499,30.0288379996937
35,"mobile|simple|low|multi_person",4.98174651852007,30.0288379996937
35,"web|multi_factor|low|multi_person",3.35812069681875,30.0288379996937
35,"web|two_factor|medium|multi_person",-1.20099785653897,30.0288379996937
35,"mobile|two_factor|low|one_to_one",5.6276768390493,30.0288379996937
35,"web|two_factor|high|one_to_one",0.579995185869118,30.0288379996937
35,"web|two_factor|low|one_to_one",1.8167145377903,30.0288379996937
36,"web|simple|low|multi_person",1.41379595797379,30.3385234775417
36,"mobile|two_factor|low|multi_person",5.92641356898806,30.3385234775417
36,"web|two_factor|low|multi_person",1.60875161580184,30.3385234775417
36,"mobile|multi_factor|low|multi_person",6.0481517895626,30.3385234775417
36,"mobile|simple|medium|multi_person",4.82162688610427,30.3385234775417
36,"mobile|multi_factor|medium|multi_person",5.13832076450686,30.3385234775417
36,"web|multi_factor|medium|multi_person",0.820658811320642,30.3385234775417
36,"mobile|simple|high|multi_person",4.8115555459145,30.3385234775417
36,"web|simple|high|multi_person",0.493893592728285,30.3385234775417
36,"mobile|two_factor|high|multi_person",5.00651120374255,30.3385234775417
36,"mobile|multi_factor|high|multi_person",5.12824942431709,30.3385234775417
36,"mobile|simple|low|one_to_one",6.32628992061849,30.3385234775417
36,"web|simple|low|one_to_one",2.00862796743227,30.3385234775417
36,"mobile|multi_factor|low|one_to_one",6.64298379902108,30.3385234775417
36,"web|multi_factor|low|one_to_one",2.32532184583486,30.3385234775417
36,"mobile|simple|medium|one_to_one",5.41645889556275,30.3385234775417
36,"mobile|two_factor|medium|one_to_one",5.6114145533908,30.3385234775417
36,"mobile|multi_factor|medium|one_to_one",5.73315277396534,30.3385234775417
36,"web|multi_factor|medium|one_to_one",1.41549082077912,30.3385234775417
36,"web|simple|high|one_to_one",1.08872560218677,30.3385234775417
36,"mobile|two_factor|high|one_to_one",5.60134321320104,30.3385234775417
36,"mobile|multi_factor|high|one_to_one",5.72308143377557,30.3385234775417
36,"web|multi_factor|high|one_to_one",1.40541948058935,30.3385234775417
36,"web|simple|medium|multi_person",0.503964932918053,30.3385234775417
36,"mobile|two_factor|medium|multi_person",5.01658254393232,30.3385234775417
36,"web|two_factor|high|multi_person",0.688849250556335,30.3385234775417
36,"web|multi_factor|high|multi_person",0.810587471130874,30.3385234775417
36,"web|simple|medium|one_to_one",1.09879694237653,30.3385234775417
36,"web|two_factor|medium|one_to_one",1.29375260020458,30.3385234775417
36,"mobile|simple|high|one_to_one",5.40638755537299,30.3385234775417
36,"mobile|simple|low|multi_person",5.73145791116001,30.3385234775417
36,"web|multi_factor|low|multi_person",1.73048983637638,30.3385234775417
36,"web|two_factor|medium|multi_person",0.698920590746103,30.3385234775417
36,"mobile|two_factor|low|one_to_one",6.52124557844654,30.3385234775417
36,"web|two_factor|high|one_to_one",1.28368126001482,30.3385234775417
36,"web|two_factor|low|one_to_one",2.20358362526032,30.3385234775417
37,"web|simple|low|multi_person",1.88408933136837,30.9334668492557
37,"mobile|two_factor|low|multi_person",5.69180317743193,30.9334668492557
37,"web|two_factor|low|multi_person",2.7136336531404,30.9334668492557
37,"mobile|multi_factor|low|multi_person",6.31938293414548,30.9334668492557
37,"mobile|simple|medium|multi_person",3.87145737278226,30.9334668492557
37,"mobile|multi_factor|medium|multi_person",5.32858145126785,30.9334668492557
37,"web|multi_factor|medium|multi_person",2.35041192697633,30.9334668492557
37,"mobile|simple|high|multi_person",1.82583404644743,30.9334668492557
37,"web|simple|high|multi_person",-1.15233547784409,30.9334668492557
37,"mobile|two_factor|high|multi_person",2.65537836821947,30.9334668492557
37,"mobile|multi_factor|high|multi_person",3.28295812493302,30.9334668492557
37,"mobile|simple|low|one_to_one",6.34894154369522,30.9334668492557
37,"web|simple|low|one_to_one",3.3707720194037,30.9334668492557
37,"mobile|multi_factor|low|one_to_one",7.80606562218081,30.9334668492557
37,"web|multi_factor|low|one_to_one",4.82789609788929,30.9334668492557
37,"mobile|simple|medium|one_to_one",5.35814006081759,30.9334668492557
37,"mobile|two_factor|medium|one_to_one",6.18768438258963,30.9334668492557
37,"mobile|multi_factor|medium|one_to_one",6.81526413930318,30.9334668492557
37,"web|multi_factor|medium|one_to_one",3.83709461501166,30.9334668492557
37,"web|simple|high|one_to_one",0.33434721019124,30.9334668492557
37,"mobile|two_factor|high|one_to_one",4.1420610562548,30.9334668492557
37,"mobile|multi_factor|high|one_to_one",4.76964081296835,30.9334668492557
37,"web|multi_factor|high|one_to_one",1.79147128867683,30.9334668492557
37,"web|simple|medium|multi_person",0.893287848490735,30.9334668492557
37,"mobile|two_factor|medium|multi_person",4.7010016945543,30.9334668492557
37,"web|two_factor|high|multi_person",-0.322791156072055,30.9334668492557
37,"web|multi_factor|high|multi_person",0.304788600641498,30.9334668492557
37,"web|simple|medium|one_to_one",2.37997053652607,30.9334668492557
37,"web|two_factor|medium|one_to_one",3.20951485829811,30.9334668492557
37,"mobile|simple|high|one_to_one",3.31251673448276,30.9334668492557
37,"mobile|simple|low|multi_person",4.86225885565989,30.9334668492557
37,"web|multi_factor|low|multi_person",3.34121340985396,30.9334668492557
37,"web|two_factor|medium|multi_person",1.72283217026277,30.9334668492557
37,"mobile|two_factor|low|one_to_one",7.17848586546726,30.9334668492557
37,"web|two_factor|high|one_to_one",1.16389153196328,30.9334668492557
37,"web|two_factor|low|one_to_one",4.20031634117574,30.9334668492557
38,"web|simple|low|multi_person",2.37687980808784,30.9769907969895
38,"mobile|two_factor|low|multi_person",4.76981364218169,30.9769907969895
38,"web|two_factor|low|multi_person",1.98692749124933,30.9769907969895
38,"mobile|multi_factor|low|multi_person",5.52357019627443,30.9769907969895
38,"mobile|simple|medium|multi_person",3.68220052018491,30.9769907969895
38,"mobile|multi_factor|medium|multi_person",4.04600475743913,30.9769907969895
38,"web|multi_factor|medium|multi_person",1.26311860650677,30.9769907969895
38,"mobile|simple|high|multi_person",3.57390956857045,30.9769907969895
38,"web|simple|high|multi_person",0.791023417638092,30.9769907969895
38,"mobile|two_factor|high|multi_person",3.18395725173194,30.9769907969895
38,"mobile|multi_factor|high|multi_person",3.93771380582468,30.9769907969895
38,"mobile|simple|low|one_to_one",6.68998882490667,30.9769907969895
38,"web|simple|low|one_to_one",3.90710267397431,30.9769907969895
38,"mobile|multi_factor|low|one_to_one",7.05379306216089,30.9769907969895
38,"web|multi_factor|low|one_to_one",4.27090691122853,30.9769907969895
38,"mobile|simple|medium|one_to_one",5.21242338607137,30.9769907969895
38,"mobile|two_factor|medium|one_to_one",4.82247106923286,30.9769907969895
38,"mobile|multi_factor|medium|one_to_one",5.5762276233256,30.9769907969895
38,"web|multi_factor|medium|one_to_one",2.79334147239324,30.9769907969895
38,"web|simple|high|one_to_one",2.32124628352455,30.9769907969895
38,"mobile|two_factor|high|one_to_one",4.7141801176184,30.9769907969895
38,"mobile|multi_factor|high|one_to_one",5.46793667171114,30.9769907969895
38,"web|multi_factor|high|one_to_one",2.68505052077878,30.9769907969895
38,"web|simple|medium|multi_person",0.899314369252549,30.9769907969895
38,"mobile|two_factor|medium|multi_person",3.2922482033464,30.9769907969895
38,"web|two_factor|high|multi_person",0.401071100799581,30.9769907969895
38,"web|multi_factor|high|multi_person",1.15482765489232,30.9769907969895
38,"web|simple|medium|one_to_one",2.42953723513901,30.9769907969895
38,"web|two_factor|medium|one_to_one",2.0395849183005,30.9769907969895
38,"mobile|simple|high|one_to_one",5.10413243445691,30.9769907969895
38,"mobile|simple|low|multi_person",5.1597659590202,30.9769907969895
38,"web|multi_factor|low|multi_person",2.74068404534207,30.9769907969895
38,"web|two_factor|medium|multi_person",0.509362052414038,30.9769907969895
38,"mobile|two_factor|low|one_to_one",6.30003650806815,30.9769907969895
38,"web|two_factor|high|one_to_one",1.93129396668604,30.9769907969895
38,"web|two_factor|low|one_to_one",3.5171503571358,30.9769907969895
39,"web|simple|low|multi_person",1.93256096935268,30.8858120449493
39,"mobile|two_factor|low|multi_person",4.34828832941903,30.8858120449493
39,"web|two_factor|low|multi_person",1.98913230601289,30.8858120449493
39,"mobile|multi_factor|low|multi_person",5.73788962603202,30.8858120449493
39,"mobile|simple|medium|multi_person",2.70623225310719,30.8858120449493
39,"mobile|multi_factor|medium|multi_person",4.15240488638038,30.8858120449493
39,"web|multi_factor|medium|multi_person",1.79324886297424,30.8858120449493
39,"mobile|simple|high|multi_person",2.2773314838578,30.8858120449493
39,"web|simple|high|multi_person",-0.0818245395483355,30.8858120449493
39,"mobile|two_factor|high|multi_person",2.33390282051802,30.8858120449493
39,"mobile|multi_factor|high|multi_person",3.723504117131,30.8858120449493
39,"mobile|simple|low|one_to_one",6.79524071866652,30.8858120449493
39,"web|simple|low|one_to_one",4.43608469526038,30.8858120449493
39,"mobile|multi_factor|low|one_to_one",8.24141335193972,30.8858120449493
39,"web|multi_factor|low|one_to_one",5.88225732853358,30.8858120449493
39,"mobile|simple|medium|one_to_one",5.20975597901489,30.8858120449493
39,"mobile|two_factor|medium|one_to_one",5.2663273156751,30.8858120449493
39,"mobile|multi_factor|medium|one_to_one",6.65592861228808,30.8858120449493
39,"web|multi_factor|medium|one_to_one",4.29677258888194,30.8858120449493
39,"web|simple|high|one_to_one",2.42169918635936,30.8858120449493
39,"mobile|two_factor|high|one_to_one",4.83742654642572,30.8858120449493
39,"mobile|multi_factor|high|one_to_one",6.2270278430387,30.8858120449493
39,"web|multi_factor|high|one_to_one",3.86787181963256,30.8858120449493
39,"web|simple|medium|multi_person",0.347076229701049,30.8858120449493
39,"mobile|two_factor|medium|multi_person",2.7628035897674,30.8858120449493
39,"web|two_factor|high|multi_person",-0.0252532028881225,30.8858120449493
39,"web|multi_factor|high|multi_person",1.36434809372486,30.8858120449493
39,"web|simple|medium|one_to_one",2.85059995560875,30.8858120449493
39,"web|two_factor|medium|one_to_one",2.90717129226896,30.8858120449493
39,"mobile|simple|high|one_to_one",4.7808552097655,30.8858120449493
39,"mobile|simple|low|multi_person",4.29171699275882,30.8858120449493
39,"web|multi_factor|low|multi_person",3.37873360262588,30.8858120449493
39,"web|two_factor|medium|multi_person",0.403647566361262,30.8858120449493
39,"mobile|two_factor|low|one_to_one",6.85181205532673,30.8858120449493
39,"web|two_factor|high|one_to_one",2.47827052301958,30.8858120449493
39,"web|two_factor|low|one_to_one",4.49265603192059,30.8858120449493
41,"web|simple|low|multi_person",1.1335487537382,31.0673882974797
41,"mobile|two_factor|low|multi_person",4.89291434622272,31.0673882974797
41,"web|two_factor|low|multi_person",1.6789592663391,31.0673882974797
41,"mobile|multi_factor|low|multi_person",5.61149618610235,31.0673882974797
41,"mobile|simple|medium|multi_person",3.27923678408486,31.0673882974797
41,"mobile|multi_factor|medium|multi_person",4.5432291365654,31.0673882974797
41,"web|multi_factor|medium|multi_person",1.32927405668177,31.0673882974797
41,"mobile|simple|high|multi_person",2.90663552252625,31.0673882974797
41,"web|simple|high|multi_person",-0.307319557357373,31.0673882974797
41,"mobile|two_factor|high|multi_person",3.45204603512715,31.0673882974797
41,"mobile|multi_factor|high|multi_person",4.17062787500678,31.0673882974797
41,"mobile|simple|low|one_to_one",6.63194637703408,31.0673882974797
41,"web|simple|low|one_to_one",3.41799129715046,31.0673882974797
41,"mobile|multi_factor|low|one_to_one",7.89593872951461,31.0673882974797
41,"web|multi_factor|low|one_to_one",4.68198364963099,31.0673882974797
41,"mobile|simple|medium|one_to_one",5.56367932749712,31.0673882974797
41,"mobile|two_factor|medium|one_to_one",6.10908984009802,31.0673882974797
41,"mobile|multi_factor|medium|one_to_one",6.82767167997765,31.0673882974797
41,"web|multi_factor|medium|one_to_one",3.61371660009404,31.0673882974797
41,"web|simple|high|one_to_one",1.97712298605489,31.0673882974797
41,"mobile|two_factor|high|one_to_one",5.73648857853941,31.0673882974797
41,"mobile|multi_factor|high|one_to_one",6.45507041841904,31.0673882974797
41,"web|multi_factor|high|one_to_one",3.24111533853542,31.0673882974797
41,"web|simple|medium|multi_person",0.0652817042012428,31.0673882974797
41,"mobile|two_factor|medium|multi_person",3.82464729668576,31.0673882974797
41,"web|two_factor|high|multi_person",0.238090955243528,31.0673882974797
41,"web|multi_factor|high|multi_person",0.956672795123159,31.0673882974797
41,"web|simple|medium|one_to_one",2.3497242476135,31.0673882974797
41,"web|two_factor|medium|one_to_one",2.8951347602144,31.0673882974797
41,"mobile|simple|high|one_to_one",5.19107806593851,31.0673882974797
41,"mobile|simple|low|multi_person",4.34750383362182,31.0673882974797
41,"web|multi_factor|low|multi_person",2.39754110621873,31.0673882974797
41,"web|two_factor|medium|multi_person",0.610692216802144,31.0673882974797
41,"mobile|two_factor|low|one_to_one",7.17735688963498,31.0673882974797
41,"web|two_factor|high|one_to_one",2.52253349865579,31.0673882974797
41,"web|two_factor|low|one_to_one",3.96340180975136,31.0673882974797
42,"web|simple|low|multi_person",2.06593425715063,31.3993834792242
42,"mobile|two_factor|low|multi_person",4.98769585136603,31.3993834792242
42,"web|two_factor|low|multi_person",2.14524244970659,31.3993834792242
42,"mobile|multi_factor|low|multi_person",5.85420255643188,31.3993834792242
42,"mobile|simple|medium|multi_person",3.87943817378991,31.3993834792242
42,"mobile|multi_factor|medium|multi_person",4.82525307141172,31.3993834792242
42,"web|multi_factor|medium|multi_person",1.98279966975228,31.3993834792242
42,"mobile|simple|high|multi_person",3.50147154548248,31.3993834792242
42,"web|simple|high|multi_person",0.659018143823039,31.3993834792242
42,"mobile|two_factor|high|multi_person",3.58077973803844,31.3993834792242
42,"mobile|multi_factor|high|multi_person",4.44728644310429,31.3993834792242
42,"mobile|simple|low|one_to_one",5.5860817300879,31.3993834792242
42,"web|simple|low|one_to_one",2.74362832842846,31.3993834792242
42,"mobile|multi_factor|low|one_to_one",6.53189662770971,31.3993834792242
42,"web|multi_factor|low|one_to_one",3.68944322605027,31.3993834792242
42,"mobile|simple|medium|one_to_one",4.55713224506774,31.3993834792242
42,"mobile|two_factor|medium|one_to_one",4.6364404376237,31.3993834792242
42,"mobile|multi_factor|medium|one_to_one",5.50294714268955,31.3993834792242
42,"web|multi_factor|medium|one_to_one",2.66049374103011,31.3993834792242
42,"web|simple|high|one_to_one",1.33671221510087,31.3993834792242
42,"mobile|two_factor|high|one_to_one",4.25847380931627,31.3993834792242
42,"mobile|multi_factor|high|one_to_one",5.12498051438212,31.3993834792242
42,"web|multi_factor|high|one_to_one",2.28252711272268,31.3993834792242
42,"web|simple|medium|multi_person",1.03698477213047,31.3993834792242
42,"mobile|two_factor|medium|multi_person",3.95874636634587,31.3993834792242
42,"web|two_factor|high|multi_person",0.738326336379003,31.3993834792242
42,"web|multi_factor|high|multi_person",1.60483304144485,31.3993834792242
42,"web|simple|medium|one_to_one",1.7146788434083,31.3993834792242
42,"web|two_factor|medium|one_to_one",1.79398703596427,31.3993834792242
42,"mobile|simple|high|one_to_one",4.17916561676031,31.3993834792242
42,"mobile|simple|low|multi_person",4.90838765881007,31.3993834792242
42,"web|multi_factor|low|multi_person",3.01174915477244,31.3993834792242
42,"web|two_factor|medium|multi_person",1.11629296468643,31.3993834792242
42,"mobile|two_factor|low|one_to_one",5.66538992264386,31.3993834792242
42,"web|two_factor|high|one_to_one",1.41602040765684,31.3993834792242
42,"web|two_factor|low|one_to_one",2.82293652098442,31.3993834792242
43,"web|simple|low|multi_person",1.05237703004617,29.2067086272562
43,"mobile|two_factor|low|multi_person",5.02795644471326,29.2067086272562
43,"web|two_factor|low|multi_person",1.25681737092182,29.2067086272562
43,"mobile|multi_factor|low|multi_person",6.66739204875156,29.2067086272562
43,"mobile|simple|medium|multi_person",2.44497687648099,29.2067086272562
43,"mobile|multi_factor|medium|multi_person",4.28885282139494,29.2067086272562
43,"web|multi_factor|medium|multi_person",0.5177137476035,29.2067086272562
43,"mobile|simple|high|multi_person",1.34084510285894,29.2067086272562
43,"web|simple|high|multi_person",-2.4302939709325,29.2067086272562
43,"mobile|two_factor|high|multi_person",1.54528544373459,29.2067086272562
43,"mobile|multi_factor|high|multi_person",3.18472104777289,29.2067086272562
43,"mobile|simple|low|one_to_one",8.14619949084293,29.2067086272562
43,"web|simple|low|one_to_one",4.37506041705149,29.2067086272562
43,"mobile|multi_factor|low|one_to_one",9.99007543575688,29.2067086272562
43,"web|multi_factor|low|one_to_one",6.21893636196544,29.2067086272562
43,"mobile|simple|medium|one_to_one",5.76766026348631,29.2067086272562
43,"mobile|two_factor|medium|one_to_one",5.97210060436196,29.2067086272562
43,"mobile|multi_factor|medium|one_to_one",7.61153620840026,29.2067086272562
43,"web|multi_factor|medium|one_to_one",3.84039713460882,29.2067086272562
43,"web|simple|high|one_to_one",0.892389416072822,29.2067086272562
43,"mobile|two_factor|high|one_to_one",4.86796883073991,29.2067086272562
43,"mobile|multi_factor|high|one_to_one",6.50740443477821,29.2067086272562
43,"web|multi_factor|high|one_to_one",2.73626536098677,29.2067086272562
43,"web|simple|medium|multi_person",-1.32616219731045,29.2067086272562
43,"mobile|two_factor|medium|multi_person",2.64941721735664,29.2067086272562
43,"web|two_factor|high|multi_person",-2.22585363005685,29.2067086272562
43,"web|multi_factor|high|multi_person",-0.58641802601855,29.2067086272562
43,"web|simple|medium|one_to_one",1.99652118969487,29.2067086272562
43,"web|two_factor|medium|one_to_one",2.20096153057052,29.2067086272562
43,"mobile|simple|high|one_to_one",4.66352848986426,29.2067086272562
43,"mobile|simple|low|multi_person",4.82351610383761,29.2067086272562
43,"web|multi_factor|low|multi_person",2.89625297496012,29.2067086272562
43,"web|two_factor|medium|multi_person",-1.1217218564348,29.2067086272562
43,"mobile|two_factor|low|one_to_one",8.35063983171858,29.2067086272562
43,"web|two_factor|high|one_to_one",1.09682975694847,29.2067086272562
43,"web|two_factor|low|one_to_one",4.57950075792714,29.2067086272562
44,"web|simple|low|multi_person",3.25514895045806,31.1233755781773
44,"mobile|two_factor|low|multi_person",4.90147600387289,31.1233755781773
44,"web|two_factor|low|multi_person",2.60537987663287,31.1233755781773
44,"mobile|multi_factor|low|multi_person",6.08991062241452,31.1233755781773
44,"mobile|simple|medium|multi_person",3.67256731016628,31.1233755781773
44,"mobile|multi_factor|medium|multi_person",4.21123285488271,31.1233755781773
44,"web|multi_factor|medium|multi_person",1.91513672764269,31.1233755781773
44,"mobile|simple|high|multi_person",4.72059530646368,31.1233755781773
44,"web|simple|high|multi_person",2.42449917922366,31.1233755781773
44,"mobile|two_factor|high|multi_person",4.07082623263848,31.1233755781773
44,"mobile|multi_factor|high|multi_person",5.25926085118012,31.1233755781773
44,"mobile|simple|low|one_to_one",5.18867877302261,31.1233755781773
44,"web|simple|low|one_to_one",2.89258264578259,31.1233755781773
44,"mobile|multi_factor|low|one_to_one",5.72734431773905,31.1233755781773
44,"web|multi_factor|low|one_to_one",3.43124819049903,31.1233755781773
44,"mobile|simple|medium|one_to_one",3.3100010054908,31.1233755781773
44,"mobile|two_factor|medium|one_to_one",2.6602319316656,31.1233755781773
44,"mobile|multi_factor|medium|one_to_one",3.84866655020724,31.1233755781773
44,"web|multi_factor|medium|one_to_one",1.55257042296722,31.1233755781773
44,"web|simple|high|one_to_one",2.06193287454819,31.1233755781773
44,"mobile|two_factor|high|one_to_one",3.70825992796301,31.1233755781773
44,"mobile|multi_factor|high|one_to_one",4.89669454650465,31.1233755781773
44,"web|multi_factor|high|one_to_one",2.60059841926463,31.1233755781773
44,"web|simple|medium|multi_person",1.37647118292625,31.1233755781773
44,"mobile|two_factor|medium|multi_person",3.02279823634108,31.1233755781773
44,"web|two_factor|high|multi_person",1.77473010539846,31.1233755781773
44,"web|multi_factor|high|multi_person",2.9631647239401,31.1233755781773
44,"web|simple|medium|one_to_one",1.01390487825078,31.1233755781773
44,"web|two_factor|medium|one_to_one",0.364135804425582,31.1233755781773
44,"mobile|simple|high|one_to_one",4.35802900178821,31.1233755781773
44,"mobile|simple|low|multi_person",5.55124507769808,31.1233755781773
44,"web|multi_factor|low|multi_person",3.7938144951745,31.1233755781773
44,"web|two_factor|medium|multi_person",0.726702109101056,31.1233755781773
44,"mobile|two_factor|low|one_to_one",4.53890969919741,31.1233755781773
44,"web|two_factor|high|one_to_one",1.41216380072299,31.1233755781773
44,"web|two_factor|low|one_to_one",2.24281357195739,31.1233755781773
45,"web|simple|low|multi_person",2.63891282178062,31.1346915570675
45,"mobile|two_factor|low|multi_person",4.86468547006296,31.1346915570675
45,"web|two_factor|low|multi_person",1.7935434761793,31.1346915570675
45,"mobile|multi_factor|low|multi_person",6.24937555983425,31.1346915570675
45,"mobile|simple|medium|multi_person",3.67895796123055,31.1346915570675
45,"mobile|multi_factor|medium|multi_person",4.21827870540052,31.1346915570675
45,"web|multi_factor|medium|multi_person",1.14713671151686,31.1346915570675
45,"mobile|simple|high|multi_person",4.08515464267316,31.1346915570675
45,"web|simple|high|multi_person",1.0140126487895,31.1346915570675
45,"mobile|two_factor|high|multi_person",3.23978529707185,31.1346915570675
45,"mobile|multi_factor|high|multi_person",4.62447538684313,31.1346915570675
45,"mobile|simple|low|one_to_one",6.42970000064597,31.1346915570675
45,"web|simple|low|one_to_one",3.35855800676231,31.1346915570675
45,"mobile|multi_factor|low|one_to_one",6.96902074481594,31.1346915570675
45,"web|multi_factor|low|one_to_one",3.89787875093228,31.1346915570675
45,"mobile|simple|medium|one_to_one",4.39860314621224,31.1346915570675
45,"mobile|two_factor|medium|one_to_one",3.55323380061093,31.1346915570675
45,"mobile|multi_factor|medium|one_to_one",4.93792389038221,31.1346915570675
45,"web|multi_factor|medium|one_to_one",1.86678189649855,31.1346915570675
45,"web|simple|high|one_to_one",1.7336578337712,31.1346915570675
45,"mobile|two_factor|high|one_to_one",3.95943048205354,31.1346915570675
45,"mobile|multi_factor|high|one_to_one",5.34412057182483,31.1346915570675
45,"web|multi_factor|high|one_to_one",2.27297857794117,31.1346915570675
45,"web|simple|medium|multi_person",0.607815967346891,31.1346915570675
45,"mobile|two_factor|medium|multi_person",2.83358861562924,31.1346915570675
45,"web|two_factor|high|multi_person",0.168643303188191,31.1346915570675
45,"web|multi_factor|high|multi_person",1.55333339295947,31.1346915570675
45,"web|simple|medium|one_to_one",1.32746115232858,31.1346915570675
45,"web|two_factor|medium|one_to_one",0.482091806727272,31.1346915570675
45,"mobile|simple|high|one_to_one",4.80479982765486,31.1346915570675
45,"mobile|simple|low|multi_person",5.71005481566428,31.1346915570675
45,"web|multi_factor|low|multi_person",3.17823356595059,31.1346915570675
45,"web|two_factor|medium|multi_person",-0.237553378254422,31.1346915570675
45,"mobile|two_factor|low|one_to_one",5.58433065504466,31.1346915570675
45,"web|two_factor|high|one_to_one",0.888288488169885,31.1346915570675
45,"web|two_factor|low|one_to_one",2.513188661161,31.1346915570675
46,"web|simple|low|multi_person",0.942963152933059,30.020568348131
46,"mobile|two_factor|low|multi_person",4.45698800387006,30.020568348131
46,"web|two_factor|low|multi_person",1.43601817805428,30.020568348131
46,"mobile|multi_factor|low|multi_person",3.51764933579876,30.020568348131
46,"mobile|simple|medium|multi_person",2.84521501172349,30.020568348131
46,"mobile|multi_factor|medium|multi_person",2.39893136877341,30.020568348131
46,"web|multi_factor|medium|multi_person",-0.622038457042373,30.020568348131
46,"mobile|simple|high|multi_person",5.0712727349127,30.020568348131
46,"web|simple|high|multi_person",2.05030290909692,30.020568348131
46,"mobile|two_factor|high|multi_person",5.56432776003392,30.020568348131
46,"mobile|multi_factor|high|multi_person",4.62498909196262,30.020568348131
46,"mobile|simple|low|one_to_one",6.27082228726878,30.020568348131
46,"web|simple|low|one_to_one",3.249852461453,30.020568348131
46,"mobile|multi_factor|low|one_to_one",5.8245386443187,30.020568348131
46,"web|multi_factor|low|one_to_one",2.80356881850292,30.020568348131
46,"mobile|simple|medium|one_to_one",5.15210432024343,30.020568348131
46,"mobile|two_factor|medium|one_to_one",5.64515934536465,30.020568348131
46,"mobile|multi_factor|medium|one_to_one",4.70582067729335,30.020568348131
46,"web|multi_factor|medium|one_to_one",1.68485085147757,30.020568348131
46,"web|simple|high|one_to_one",4.35719221761686,30.020568348131
46,"mobile|two_factor|high|one_to_one",7.87121706855386,30.020568348131
46,"mobile|multi_factor|high|one_to_one",6.93187840048256,30.020568348131
46,"web|multi_factor|high|one_to_one",3.91090857466678,30.020568348131
46,"web|simple|medium|multi_person",-0.175754814092291,30.020568348131
46,"mobile|two_factor|medium|multi_person",3.33827003684471,30.020568348131
46,"web|two_factor|high|multi_person",2.54335793421814,30.020568348131
46,"web|multi_factor|high|multi_person",1.60401926614684,30.020568348131
46,"web|simple|medium|one_to_one",2.13113449442765,30.020568348131
46,"web|two_factor|medium|one_to_one",2.62418951954887,30.020568348131
46,"mobile|simple|high|one_to_one",7.37816204343264,30.020568348131
46,"mobile|simple|low|multi_person",3.96393297874884,30.020568348131
46,"web|multi_factor|low|multi_person",0.496679509982977,30.020568348131
46,"web|two_factor|medium|multi_person",0.317300211028926,30.020568348131
46,"mobile|two_factor|low|one_to_one",6.76387731239,30.020568348131
46,"web|two_factor|high|one_to_one",4.85024724273808,30.020568348131
46,"web|two_factor|low|one_to_one",3.74290748657422,30.020568348131
47,"web|simple|low|multi_person",2.05519917832843,30.3276712317502
47,"mobile|two_factor|low|multi_person",4.43835517746779,30.3276712317502
47,"web|two_factor|low|multi_person",0.138511487632631,30.3276712317502
47,"mobile|multi_factor|low|multi_person",5.9689551885972,30.3276712317502
47,"mobile|simple|medium|multi_person",5.20338295766556,30.3276712317502
47,"mobile|multi_factor|medium|multi_person",4.81729527809916,30.3276712317502
47,"web|multi_factor|medium|multi_person",0.517451588264004,30.3276712317502
47,"mobile|simple|high|multi_person",5.13780364742867,30.3276712317502
47,"web|simple|high|multi_person",0.837959957593515,30.3276712317502
47,"mobile|two_factor|high|multi_person",3.22111595673288,30.3276712317502
47,"mobile|multi_factor|high|multi_person",4.75171596786228,30.3276712317502
47,"mobile|simple|low|one_to_one",8.04942474667176,30.3276712317502
47,"web|simple|low|one_to_one",3.7495810568366,30.3276712317502
47,"mobile|multi_factor|low|one_to_one",7.66333706710537,30.3276712317502
47,"web|multi_factor|low|one_to_one",3.3634933772702,30.3276712317502
47,"mobile|simple|medium|one_to_one",6.89776483617372,30.3276712317502
47,"mobile|two_factor|medium|one_to_one",4.98107714547793,30.3276712317502
47,"mobile|multi_factor|medium|one_to_one",6.51167715660733,30.3276712317502
47,"web|multi_factor|medium|one_to_one",2.21183346677217,30.3276712317502
47,"web|simple|high|one_to_one",2.53234183610168,30.3276712317502
47,"mobile|two_factor|high|one_to_one",4.91549783524104,30.3276712317502
47,"mobile|multi_factor|high|one_to_one",6.44609784637045,30.3276712317502
47,"web|multi_factor|high|one_to_one",2.14625415653529,30.3276712317502
47,"web|simple|medium|multi_person",0.903539267830395,30.3276712317502
47,"mobile|two_factor|medium|multi_person",3.28669526696976,30.3276712317502
47,"web|two_factor|high|multi_person",-1.07872773310228,30.3276712317502
47,"web|multi_factor|high|multi_person",0.451872278027124,30.3276712317502
47,"web|simple|medium|one_to_one",2.59792114633856,30.3276712317502
47,"web|two_factor|medium|one_to_one",0.681233455642766,30.3276712317502
47,"mobile|simple|high|one_to_one",6.83218552593684,30.3276712317502
47,"mobile|simple|low|multi_person",6.35504286816359,30.3276712317502
47,"web|multi_factor|low|multi_person",1.66911149876204,30.3276712317502
47,"web|two_factor|medium|multi_person",-1.0131484228654,30.3276712317502
47,"mobile|two_factor|low|one_to_one",6.13273705597596,30.3276712317502
47,"web|two_factor|high|one_to_one",0.615654145405886,30.3276712317502
47,"web|two_factor|low|one_to_one",1.8328933661408,30.3276712317502
48,"web|simple|low|multi_person",3.58123575011977,31.2413807813877
48,"mobile|two_factor|low|multi_person",4.61492146506069,31.2413807813877
48,"web|two_factor|low|multi_person",2.13683835884069,31.2413807813877
48,"mobile|multi_factor|low|multi_person",6.09182718500967,31.2413807813877
48,"mobile|simple|medium|multi_person",4.14789613933354,31.2413807813877
48,"mobile|multi_factor|medium|multi_person",4.18040446800344,31.2413807813877
48,"web|multi_factor|medium|multi_person",1.70232136178344,31.2413807813877
48,"mobile|simple|high|multi_person",3.80928816357535,31.2413807813877
48,"web|simple|high|multi_person",1.33120505735535,31.2413807813877
48,"mobile|two_factor|high|multi_person",2.36489077229626,31.2413807813877
48,"mobile|multi_factor|high|multi_person",3.84179649224525,31.2413807813877
48,"mobile|simple|low|one_to_one",7.0028333825155,31.2413807813877
48,"web|simple|low|one_to_one",4.5247502762955,31.2413807813877
48,"mobile|multi_factor|low|one_to_one",7.0353417111854,31.2413807813877
48,"web|multi_factor|low|one_to_one",4.5572586049654,31.2413807813877
48,"mobile|simple|medium|one_to_one",5.09141066550926,31.2413807813877
48,"mobile|two_factor|medium|one_to_one",3.64701327423018,31.2413807813877
48,"mobile|multi_factor|medium|one_to_one",5.12391899417916,31.2413807813877
48,"web|multi_factor|medium|one_to_one",2.64583588795916,31.2413807813877
48,"web|simple|high|one_to_one",2.27471958353107,31.2413807813877
48,"mobile|two_factor|high|one_to_one",3.30840529847199,31.2413807813877
48,"mobile|multi_factor|high|one_to_one",4.78531101842097,31.2413807813877
48,"web|multi_factor|high|one_to_one",2.30722791220097,31.2413807813877
48,"web|simple|medium|multi_person",1.66981303311354,31.2413807813877
48,"mobile|two_factor|medium|multi_person",2.70349874805446,31.2413807813877
48,"web|two_factor|high|multi_person",-0.113192333923737,31.2413807813877
48,"web|multi_factor|high|multi_person",1.36371338602525,31.2413807813877
48,"web|simple|medium|one_to_one",2.61332755928926,31.2413807813877
48,"web|two_factor|medium|one_to_one",1.16893016801018,31.2413807813877
48,"mobile|simple|high|one_to_one",4.75280268975107,31.2413807813877
48,"mobile|simple|low|multi_person",6.05931885633977,31.2413807813877
48,"web|multi_factor|low|multi_person",3.61374407878967,31.2413807813877
48,"web|two_factor|medium|multi_person",0.225415641834457,31.2413807813877
48,"mobile|two_factor|low|one_to_one",5.55843599123641,31.2413807813877
48,"web|two_factor|high|one_to_one",0.830322192251985,31.2413807813877
48,"web|two_factor|low|one_to_one",3.08035288501641,31.2413807813877
49,"web|simple|low|multi_person",1.27552713640832,30.1569061148844
49,"mobile|two_factor|low|multi_person",3.91330542453656,30.1569061148844
49,"web|two_factor|low|multi_person",0.682130995440657,30.1569061148844
49,"mobile|multi_factor|low|multi_person",7.13288021419218,30.1569061148844
49,"mobile|simple|medium|multi_person",3.47033349172053,30.1569061148844
49,"mobile|multi_factor|medium|multi_person",6.09651214040849,30.1569061148844
49,"web|multi_factor|medium|multi_person",2.86533771131259,30.1569061148844
49,"mobile|simple|high|multi_person",1.85423218094069,30.1569061148844
49,"web|simple|high|multi_person",-1.37694224815521,30.1569061148844
49,"mobile|two_factor|high|multi_person",1.26083603997303,30.1569061148844
49,"mobile|multi_factor|high|multi_person",4.48041082962865,30.1569061148844
49,"mobile|simple|low|one_to_one",6.03183644706172,30.1569061148844
49,"web|simple|low|one_to_one",2.80066201796582,30.1569061148844
49,"mobile|multi_factor|low|one_to_one",8.65801509574968,30.1569061148844
49,"web|multi_factor|low|one_to_one",5.42684066665378,30.1569061148844
49,"mobile|simple|medium|one_to_one",4.99546837327804,30.1569061148844
49,"mobile|two_factor|medium|one_to_one",4.40207223231038,30.1569061148844
49,"mobile|multi_factor|medium|one_to_one",7.621647021966,30.1569061148844
49,"web|multi_factor|medium|one_to_one",4.3904725928701,30.1569061148844
49,"web|simple|high|one_to_one",0.148192633402293,30.1569061148844
49,"mobile|two_factor|high|one_to_one",2.78597092153053,30.1569061148844
49,"mobile|multi_factor|high|one_to_one",6.00554571118615,30.1569061148844
49,"web|multi_factor|high|one_to_one",2.77437128209025,30.1569061148844
49,"web|simple|medium|multi_person",0.239159062624631,30.1569061148844
49,"mobile|two_factor|medium|multi_person",2.87693735075287,30.1569061148844
49,"web|two_factor|high|multi_person",-1.97033838912287,30.1569061148844
49,"web|multi_factor|high|multi_person",1.24923640053275,30.1569061148844
49,"web|simple|medium|one_to_one",1.76429394418214,30.1569061148844
49,"web|two_factor|medium|one_to_one",1.17089780321448,30.1569061148844
49,"mobile|simple|high|one_to_one",3.37936706249819,30.1569061148844
49,"mobile|simple|low|multi_person",4.50670156550422,30.1569061148844
49,"web|multi_factor|low|multi_person",3.90170578509628,30.1569061148844
49,"web|two_factor|medium|multi_person",-0.354237078343029,30.1569061148844
49,"mobile|two_factor|low|one_to_one",5.43844030609406,30.1569061148844
49,"web|two_factor|high|one_to_one",-0.445203507565367,30.1569061148844
49,"web|two_factor|low|one_to_one",2.20726587699816,30.1569061148844
50,"web|simple|low|multi_person",2.44880822578727,31.2565207038194
50,"mobile|two_factor|low|multi_person",4.9267801246857,31.2565207038194
50,"web|two_factor|low|multi_person",2.11749740357878,31.2565207038194
50,"mobile|multi_factor|low|multi_person",5.16115162747529,31.2565207038194
50,"mobile|simple|medium|multi_person",3.56913002558771,31.2565207038194
50,"mobile|multi_factor|medium|multi_person",3.4721907061688,31.2565207038194
50,"web|multi_factor|medium|multi_person",0.662907985061882,31.2565207038194
50,"mobile|simple|high|multi_person",3.78447402216435,31.2565207038194
50,"web|simple|high|multi_person",0.975191301057431,31.2565207038194
50,"mobile|two_factor|high|multi_person",3.45316319995586,31.2565207038194
50,"mobile|multi_factor|high|multi_person",3.68753470274545,31.2565207038194
50,"mobile|simple|low|one_to_one",7.26826439608027,31.2565207038194
50,"web|simple|low|one_to_one",4.45898167497335,31.2565207038194
50,"mobile|multi_factor|low|one_to_one",7.17132507666137,31.2565207038194
50,"web|multi_factor|low|one_to_one",4.36204235555445,31.2565207038194
50,"mobile|simple|medium|one_to_one",5.57930347477379,31.2565207038194
50,"mobile|two_factor|medium|one_to_one",5.2479926525653,31.2565207038194
50,"mobile|multi_factor|medium|one_to_one",5.48236415535488,31.2565207038194
50,"web|multi_factor|medium|one_to_one",2.67308143424796,31.2565207038194
50,"web|simple|high|one_to_one",2.98536475024351,31.2565207038194
50,"mobile|two_factor|high|one_to_one",5.46333664914194,31.2565207038194
50,"mobile|multi_factor|high|one_to_one",5.69770815193153,31.2565207038194
50,"web|multi_factor|high|one_to_one",2.88842543082461,31.2565207038194
50,"web|simple|medium|multi_person",0.759847304480786,31.2565207038194
50,"mobile|two_factor|medium|multi_person",3.23781920337922,31.2565207038194
50,"web|two_factor|high|multi_person",0.643880478848942,31.2565207038194
50,"web|multi_factor|high|multi_person",0.878251981638527,31.2565207038194
50,"web|simple|medium|one_to_one",2.77002075366687,31.2565207038194
50,"web|two_factor|medium|one_to_one",2.43870993145838,31.2565207038194
50,"mobile|simple|high|one_to_one",5.79464747135043,31.2565207038194
50,"mobile|simple|low|multi_person",5.25809094689419,31.2565207038194
50,"web|multi_factor|low|multi_person",2.35186890636837,31.2565207038194
50,"web|two_factor|medium|multi_person",0.428536482272297,31.2565207038194
50,"mobile|two_factor|low|one_to_one",6.93695357387178,31.2565207038194
50,"web|two_factor|high|one_to_one",2.65405392803502,31.2565207038194
50,"web|two_factor|low|one_to_one",4.12767085276486,31.2565207038194
51,"web|simple|low|multi_person",2.37216192868609,31.0195129466037
51,"mobile|two_factor|low|multi_person",4.98082626592661,31.0195129466037
51,"web|two_factor|low|multi_person",1.66686689097427,31.0195129466037
51,"mobile|multi_factor|low|multi_person",6.25705386832846,31.0195129466037
51,"mobile|simple|medium|multi_person",4.3084364856797,31.0195129466037
51,"mobile|multi_factor|medium|multi_person",4.87936905036972,31.0195129466037
51,"web|multi_factor|medium|multi_person",1.56540967541738,31.0195129466037
51,"mobile|simple|high|multi_person",3.97246591444849,31.0195129466037
51,"web|simple|high|multi_person",0.658506539496148,31.0195129466037
51,"mobile|two_factor|high|multi_person",3.26717087673666,31.0195129466037
51,"mobile|multi_factor|high|multi_person",4.54339847913851,31.0195129466037
51,"mobile|simple|low|one_to_one",6.57182584411722,31.0195129466037
51,"web|simple|low|one_to_one",3.25786646916488,31.0195129466037
51,"mobile|multi_factor|low|one_to_one",7.14275840880724,31.0195129466037
51,"web|multi_factor|low|one_to_one",3.8287990338549,31.0195129466037
51,"mobile|simple|medium|one_to_one",5.19414102615849,31.0195129466037
51,"mobile|two_factor|medium|one_to_one",4.48884598844666,31.0195129466037
51,"mobile|multi_factor|medium|one_to_one",5.76507359084851,31.0195129466037
51,"web|multi_factor|medium|one_to_one",2.45111421589617,31.0195129466037
51,"web|simple|high|one_to_one",1.54421107997494,31.0195129466037
51,"mobile|two_factor|high|one_to_one",4.15287541721545,31.0195129466037
51,"mobile|multi_factor|high|one_to_one",5.4291030196173,31.0195129466037
51,"web|multi_factor|high|one_to_one",2.11514364466496,31.0195129466037
51,"web|simple|medium|multi_person",0.994477110727356,31.0195129466037
51,"mobile|two_factor|medium|multi_person",3.60314144796787,31.0195129466037
51,"web|two_factor|high|multi_person",-0.046788498215681,31.0195129466037
51,"web|multi_factor|high|multi_person",1.22943910418617,31.0195129466037
51,"web|simple|medium|one_to_one",1.88018165120614,31.0195129466037
51,"web|two_factor|medium|one_to_one",1.17488661349432,31.0195129466037
51,"mobile|simple|high|one_to_one",4.85817045492728,31.0195129466037
51,"mobile|simple|low|multi_person",5.68612130363844,31.0195129466037
51,"web|multi_factor|low|multi_person",2.94309449337612,31.0195129466037
51,"web|two_factor|medium|multi_person",0.289182073015528,31.0195129466037
51,"mobile|two_factor|low|one_to_one",5.86653080640539,31.0195129466037
51,"web|two_factor|high|one_to_one",0.838916042263107,31.0195129466037
51,"web|two_factor|low|one_to_one",2.55257143145305,31.0195129466037
52,"web|simple|low|multi_person",3.56854923365978,31.3118145330566
52,"mobile|two_factor|low|multi_person",5.0769708093847,31.3118145330566
52,"web|two_factor|low|multi_person",2.55997722341154,31.3118145330566
52,"mobile|multi_factor|low|multi_person",4.06532595665396,31.3118145330566
52,"mobile|simple|medium|multi_person",4.89616138266442,31.3118145330566
52,"mobile|multi_factor|medium|multi_person",2.87594451968544,31.3118145330566
52,"web|multi_factor|medium|multi_person",0.35895093371228,31.3118145330566
52,"mobile|simple|high|multi_person",4.64509778126852,31.3118145330566
52,"web|simple|high|multi_person",2.12810419529536,31.3118145330566
52,"mobile|two_factor|high|multi_person",3.63652577102028,31.3118145330566
52,"mobile|multi_factor|high|multi_person",2.62488091828954,31.3118145330566
52,"mobile|simple|low|one_to_one",7.6467316937257,31.3118145330566
52,"web|simple|low|one_to_one",5.12973810775254,31.3118145330566
52,"mobile|multi_factor|low|one_to_one",5.62651483074672,31.3118145330566
52,"web|multi_factor|low|one_to_one",3.10952124477356,31.3118145330566
52,"mobile|simple|medium|one_to_one",6.45735025675718,31.3118145330566
52,"mobile|two_factor|medium|one_to_one",5.44877824650894,31.3118145330566
52,"mobile|multi_factor|medium|one_to_one",4.4371333937782,31.3118145330566
52,"web|multi_factor|medium|one_to_one",1.92013980780504,31.3118145330566
52,"web|simple|high|one_to_one",3.68929306938812,31.3118145330566
52,"mobile|two_factor|high|one_to_one",5.19771464511304,31.3118145330566
52,"mobile|multi_factor|high|one_to_one",4.1860697923823,31.3118145330566
52,"web|multi_factor|high|one_to_one",1.66907620640914,31.3118145330566
52,"web|simple|medium|multi_person",2.37916779669126,31.3118145330566
52,"mobile|two_factor|medium|multi_person",3.88758937241618,31.3118145330566
52,"web|two_factor|high|multi_person",1.11953218504712,31.3118145330566
52,"web|multi_factor|high|multi_person",0.107887332316378,31.3118145330566
52,"web|simple|medium|one_to_one",3.94035667078402,31.3118145330566
52,"web|two_factor|medium|one_to_one",2.93178466053578,31.3118145330566
52,"mobile|simple|high|one_to_one",6.20628665536128,31.3118145330566
52,"mobile|simple|low|multi_person",6.08554281963294,31.3118145330566
52,"web|multi_factor|low|multi_person",1.5483323706808,31.3118145330566
52,"web|two_factor|medium|multi_person",1.37059578644302,31.3118145330566
52,"mobile|two_factor|low|one_to_one",6.63815968347746,31.3118145330566
52,"web|two_factor|high|one_to_one",2.68072105913988,31.3118145330566
52,"web|two_factor|low|one_to_one",4.1211660975043,31.3118145330566
53,"web|simple|low|multi_person",1.48084929371899,30.8823050270501
53,"mobile|two_factor|low|multi_person",5.15312789635598,30.8823050270501
53,"web|two_factor|low|multi_person",1.52039019398262,30.8823050270501
53,"mobile|multi_factor|low|multi_person",5.62300741091285,30.8823050270501
53,"mobile|simple|medium|multi_person",3.83402848431658,30.8823050270501
53,"mobile|multi_factor|medium|multi_person",4.34344889913707,30.8823050270501
53,"web|multi_factor|medium|multi_person",0.710711196763713,30.8823050270501
53,"mobile|simple|high|multi_person",3.79601453810699,30.8823050270501
53,"web|simple|high|multi_person",0.16327683573363,30.8823050270501
53,"mobile|two_factor|high|multi_person",3.83555543837062,30.8823050270501
53,"mobile|multi_factor|high|multi_person",4.30543495292749,30.8823050270501
53,"mobile|simple|low|one_to_one",6.96531732085407,30.8823050270501
53,"web|simple|low|one_to_one",3.33257961848071,30.8823050270501
53,"mobile|multi_factor|low|one_to_one",7.47473773567456,30.8823050270501
53,"web|multi_factor|low|one_to_one",3.8420000333012,30.8823050270501
53,"mobile|simple|medium|one_to_one",5.68575880907829,30.8823050270501
53,"mobile|two_factor|medium|one_to_one",5.72529970934192,30.8823050270501
53,"mobile|multi_factor|medium|one_to_one",6.19517922389879,30.8823050270501
53,"web|multi_factor|medium|one_to_one",2.56244152152543,30.8823050270501
53,"web|simple|high|one_to_one",2.01500716049534,30.8823050270501
53,"mobile|two_factor|high|one_to_one",5.68728576313234,30.8823050270501
53,"mobile|multi_factor|high|one_to_one",6.1571652776892,30.8823050270501
53,"web|multi_factor|high|one_to_one",2.52442757531584,30.8823050270501
53,"web|simple|medium|multi_person",0.201290781943216,30.8823050270501
53,"mobile|two_factor|medium|multi_person",3.87356938458021,30.8823050270501
53,"web|two_factor|high|multi_person",0.202817735997262,30.8823050270501
53,"web|multi_factor|high|multi_person",0.672697250554127,30.8823050270501
53,"web|simple|medium|one_to_one",2.05302110670493,30.8823050270501
53,"web|two_factor|medium|one_to_one",2.09256200696856,30.8823050270501
53,"mobile|simple|high|one_to_one",5.6477448628687,30.8823050270501
53,"mobile|simple|low|multi_person",5.11358699609235,30.8823050270501
53,"web|multi_factor|low|multi_person",1.99026970853949,30.8823050270501
53,"web|two_factor|medium|multi_person",0.240831682206848,30.8823050270501
53,"mobile|two_factor|low|one_to_one",7.0048582211177,30.8823050270501
53,"web|two_factor|high|one_to_one",2.05454806075898,30.8823050270501
53,"web|two_factor|low|one_to_one",3.37212051874434,30.8823050270501
54,"web|simple|low|multi_person",1.88829900860571,30.5931196022743
54,"mobile|two_factor|low|multi_person",3.68020525367404,30.5931196022743
54,"web|two_factor|low|multi_person",1.28195512769274,30.5931196022743
54,"mobile|multi_factor|low|multi_person",4.21500096070469,30.5931196022743
54,"mobile|simple|medium|multi_person",2.92723125442301,30.5931196022743
54,"mobile|multi_factor|medium|multi_person",2.8556830805407,30.5931196022743
54,"web|multi_factor|medium|multi_person",0.457432954559396,30.5931196022743
54,"mobile|simple|high|multi_person",3.75104186330389,30.5931196022743
54,"web|simple|high|multi_person",1.35279173732259,30.5931196022743
54,"mobile|two_factor|high|multi_person",3.14469798239093,30.5931196022743
54,"mobile|multi_factor|high|multi_person",3.67949368942157,30.5931196022743
54,"mobile|simple|low|one_to_one",7.02476228483885,30.5931196022743
54,"web|simple|low|one_to_one",4.62651215885755,30.5931196022743
54,"mobile|multi_factor|low|one_to_one",6.95321411095653,30.5931196022743
54,"web|multi_factor|low|one_to_one",4.55496398497523,30.5931196022743
54,"mobile|simple|medium|one_to_one",5.66544440467485,30.5931196022743
54,"mobile|two_factor|medium|one_to_one",5.05910052376189,30.5931196022743
54,"mobile|multi_factor|medium|one_to_one",5.59389623079254,30.5931196022743
54,"web|multi_factor|medium|one_to_one",3.19564610481124,30.5931196022743
54,"web|simple|high|one_to_one",4.09100488757443,30.5931196022743
54,"mobile|two_factor|high|one_to_one",5.88291113264277,30.5931196022743
54,"mobile|multi_factor|high|one_to_one",6.41770683967341,30.5931196022743
54,"web|multi_factor|high|one_to_one",4.01945671369211,30.5931196022743
54,"web|simple|medium|multi_person",0.528981128441712,30.5931196022743
54,"mobile|two_factor|medium|multi_person",2.32088737351005,30.5931196022743
54,"web|two_factor|high|multi_person",0.746447856409627,30.5931196022743
54,"web|multi_factor|high|multi_person",1.28124356344027,30.5931196022743
54,"web|simple|medium|one_to_one",3.26719427869355,30.5931196022743
54,"web|two_factor|medium|one_to_one",2.66085039778059,30.5931196022743
54,"mobile|simple|high|one_to_one",6.48925501355573,30.5931196022743
54,"mobile|simple|low|multi_person",4.28654913458701,30.5931196022743
54,"web|multi_factor|low|multi_person",1.81675083472339,30.5931196022743
54,"web|two_factor|medium|multi_person",-0.0773627524712508,30.5931196022743
54,"mobile|two_factor|low|one_to_one",6.41841840392588,30.5931196022743
54,"web|two_factor|high|one_to_one",3.48466100666147,30.5931196022743
54,"web|two_factor|low|one_to_one",4.02016827794458,30.5931196022743
55,"web|simple|low|multi_person",2.8330426462105,31.2075002781032
55,"mobile|two_factor|low|multi_person",4.23974803480133,31.2075002781032
55,"web|two_factor|low|multi_person",1.55146113575127,31.2075002781032
55,"mobile|multi_factor|low|multi_person",5.54717523356058,31.2075002781032
55,"mobile|simple|medium|multi_person",4.36212562005683,31.2075002781032
55,"mobile|multi_factor|medium|multi_person",4.38797130835685,31.2075002781032
55,"web|multi_factor|medium|multi_person",1.69968440930679,31.2075002781032
55,"mobile|simple|high|multi_person",4.58998120977257,31.2075002781032
55,"web|simple|high|multi_person",1.9016943107225,31.2075002781032
55,"mobile|two_factor|high|multi_person",3.30839969931334,31.2075002781032
55,"mobile|multi_factor|high|multi_person",4.61582689807259,31.2075002781032
55,"mobile|simple|low|one_to_one",6.38439387514776,31.2075002781032
55,"web|simple|low|one_to_one",3.6961069760977,31.2075002781032
55,"mobile|multi_factor|low|one_to_one",6.41023956344778,31.2075002781032
55,"web|multi_factor|low|one_to_one",3.72195266439772,31.2075002781032
55,"mobile|simple|medium|one_to_one",5.22518994994403,31.2075002781032
55,"mobile|two_factor|medium|one_to_one",3.94360843948481,31.2075002781032
55,"mobile|multi_factor|medium|one_to_one",5.25103563824405,31.2075002781032
55,"web|multi_factor|medium|one_to_one",2.562748739194,31.2075002781032
55,"web|simple|high|one_to_one",2.76475864060971,31.2075002781032
55,"mobile|two_factor|high|one_to_one",4.17146402920055,31.2075002781032
55,"mobile|multi_factor|high|one_to_one",5.47889122795979,31.2075002781032
55,"web|multi_factor|high|one_to_one",2.79060432890973,31.2075002781032
55,"web|simple|medium|multi_person",1.67383872100677,31.2075002781032
55,"mobile|two_factor|medium|multi_person",3.0805441095976,31.2075002781032
55,"web|two_factor|high|multi_person",0.620112800263281,31.2075002781032
55,"web|multi_factor|high|multi_person",1.92753999902253,31.2075002781032
55,"web|simple|medium|one_to_one",2.53690305089397,31.2075002781032
55,"web|two_factor|medium|one_to_one",1.25532154043475,31.2075002781032
55,"mobile|simple|high|one_to_one",5.45304553965977,31.2075002781032
55,"mobile|simple|low|multi_person",5.52132954526056,31.2075002781032
55,"web|multi_factor|low|multi_person",2.85888833451052,31.2075002781032
55,"web|two_factor|medium|multi_person",0.392257210547545,31.2075002781032
55,"mobile|two_factor|low|one_to_one",5.10281236468854,31.2075002781032
55,"web|two_factor|high|one_to_one",1.48317713015049,31.2075002781032
55,"web|two_factor|low|one_to_one",2.41452546563848,31.2075002781032
56,"web|simple|low|multi_person",-0.650779777225938,30.8712472467671
56,"mobile|two_factor|low|multi_person",2.26183055362651,30.8712472467671
56,"web|two_factor|low|multi_person",-0.308025498845732,30.8712472467671
56,"mobile|multi_factor|low|multi_person",2.9130168034117,30.8712472467671
56,"mobile|simple|medium|multi_person",-0.486682019307889,30.8712472467671
56,"mobile|multi_factor|medium|multi_person",0.507258508857514,30.8712472467671
56,"web|multi_factor|medium|multi_person",-2.06259754361473,30.8712472467671
56,"mobile|simple|high|multi_person",0.430683954639979,30.8712472467671
56,"web|simple|high|multi_person",-2.13917209783226,30.8712472467671
56,"mobile|two_factor|high|multi_person",0.773438233020185,30.8712472467671
56,"mobile|multi_factor|high|multi_person",1.42462448280538,30.8712472467671
56,"mobile|simple|low|one_to_one",2.73471215394384,30.8712472467671
56,"web|simple|low|one_to_one",0.164856101471599,30.8712472467671
56,"mobile|multi_factor|low|one_to_one",3.72865268210924,30.8712472467671
56,"web|multi_factor|low|one_to_one",1.158796629637,30.8712472467671
56,"mobile|simple|medium|one_to_one",0.328953859389649,30.8712472467671
56,"mobile|two_factor|medium|one_to_one",0.671708137769855,30.8712472467671
56,"mobile|multi_factor|medium|one_to_one",1.32289438755505,30.8712472467671
56,"web|multi_factor|medium|one_to_one",-1.24696166491719,30.8712472467671
56,"web|simple|high|one_to_one",-1.32353621913472,30.8712472467671
56,"mobile|two_factor|high|one_to_one",1.58907411171772,30.8712472467671
56,"mobile|multi_factor|high|one_to_one",2.24026036150292,30.8712472467671
56,"web|multi_factor|high|one_to_one",-0.32959569096932,30.8712472467671
56,"web|simple|medium|multi_person",-3.05653807178013,30.8712472467671
56,"mobile|two_factor|medium|multi_person",-0.143927740927683,30.8712472467671
56,"web|two_factor|high|multi_person",-1.79641781945205,30.8712472467671
56,"web|multi_factor|high|multi_person",-1.14523156966686,30.8712472467671
56,"web|simple|medium|one_to_one",-2.24090219308259,30.8712472467671
56,"web|two_factor|medium|one_to_one",-1.89814791470238,30.8712472467671
56,"mobile|simple|high|one_to_one",1.24631983333752,30.8712472467671
56,"mobile|simple|low|multi_person",1.9190762752463,30.8712472467671
56,"web|multi_factor|low|multi_person",0.343160750939464,30.8712472467671
56,"web|two_factor|medium|multi_person",-2.71378379339992,30.8712472467671
56,"mobile|two_factor|low|one_to_one",3.07746643232405,30.8712472467671
56,"web|two_factor|high|one_to_one",-0.980781940754517,30.8712472467671
56,"web|two_factor|low|one_to_one",0.507610379851805,30.8712472467671
57,"web|simple|low|multi_person",2.30734512317105,31.1673746427238
57,"mobile|two_factor|low|multi_person",4.78480356906732,31.1673746427238
57,"web|two_factor|low|multi_person",2.12124293483068,31.1673746427238
57,"mobile|multi_factor|low|multi_person",5.04486946829602,31.1673746427238
57,"mobile|simple|medium|multi_person",3.68300950053488,31.1673746427238
57,"mobile|multi_factor|medium|multi_person",3.75697321142321,31.1673746427238
57,"web|multi_factor|medium|multi_person",1.09341257718657,31.1673746427238
57,"mobile|simple|high|multi_person",3.82966181564256,31.1673746427238
57,"web|simple|high|multi_person",1.16610118140592,31.1673746427238
57,"mobile|two_factor|high|multi_person",3.64355962730219,31.1673746427238
57,"mobile|multi_factor|high|multi_person",3.90362552653089,31.1673746427238
57,"mobile|simple|low|one_to_one",6.66246783500646,31.1673746427238
57,"web|simple|low|one_to_one",3.99890720076982,31.1673746427238
57,"mobile|multi_factor|low|one_to_one",6.73643154589479,31.1673746427238
57,"web|multi_factor|low|one_to_one",4.07287091165815,31.1673746427238
57,"mobile|simple|medium|one_to_one",5.37457157813365,31.1673746427238
57,"mobile|two_factor|medium|one_to_one",5.18846938979328,31.1673746427238
57,"mobile|multi_factor|medium|one_to_one",5.44853528902198,31.1673746427238
57,"web|multi_factor|medium|one_to_one",2.78497465478534,31.1673746427238
57,"web|simple|high|one_to_one",2.85766325900469,31.1673746427238
57,"mobile|two_factor|high|one_to_one",5.33512170490096,31.1673746427238
57,"mobile|multi_factor|high|one_to_one",5.59518760412966,31.1673746427238
57,"web|multi_factor|high|one_to_one",2.93162696989302,31.1673746427238
57,"web|simple|medium|multi_person",1.01944886629824,31.1673746427238
57,"mobile|two_factor|medium|multi_person",3.49690731219451,31.1673746427238
57,"web|two_factor|high|multi_person",0.979998993065549,31.1673746427238
57,"web|multi_factor|high|multi_person",1.24006489229425,31.1673746427238
57,"web|simple|medium|one_to_one",2.71101094389701,31.1673746427238
57,"web|two_factor|medium|one_to_one",2.52490875555664,31.1673746427238
57,"mobile|simple|high|one_to_one",5.52122389324133,31.1673746427238
57,"mobile|simple|low|multi_person",4.97090575740769,31.1673746427238
57,"web|multi_factor|low|multi_person",2.38130883405938,31.1673746427238
57,"web|two_factor|medium|multi_person",0.833346677957869,31.1673746427238
57,"mobile|two_factor|low|one_to_one",6.47636564666609,31.1673746427238
57,"web|two_factor|high|one_to_one",2.67156107066432,31.1673746427238
57,"web|two_factor|low|one_to_one",3.81280501242945,31.1673746427238
58,"web|simple|low|multi_person",2.47844771968142,31.0590481047412
58,"mobile|two_factor|low|multi_person",5.10213844383285,31.0590481047412
58,"web|two_factor|low|multi_person",2.00136500003717,31.0590481047412
58,"mobile|multi_factor|low|multi_person",6.38682014870441,31.0590481047412
58,"mobile|simple|medium|multi_person",3.58052475971004,31.0590481047412
58,"mobile|multi_factor|medium|multi_person",4.38812374493736,31.0590481047412
58,"web|multi_factor|medium|multi_person",1.28735030114168,31.0590481047412
58,"mobile|simple|high|multi_person",3.62424971271755,31.0590481047412
58,"web|simple|high|multi_person",0.52347626892187,31.0590481047412
58,"mobile|two_factor|high|multi_person",3.14716699307331,31.0590481047412
58,"mobile|multi_factor|high|multi_person",4.43184869794487,31.0590481047412
58,"mobile|simple|low|one_to_one",6.7102949512266,31.0590481047412
58,"web|simple|low|one_to_one",3.60952150743092,31.0590481047412
58,"mobile|multi_factor|low|one_to_one",7.51789393645392,31.0590481047412
58,"web|multi_factor|low|one_to_one",4.41712049265824,31.0590481047412
58,"mobile|simple|medium|one_to_one",4.71159854745955,31.0590481047412
58,"mobile|two_factor|medium|one_to_one",4.23451582781531,31.0590481047412
58,"mobile|multi_factor|medium|one_to_one",5.51919753268687,31.0590481047412
58,"web|multi_factor|medium|one_to_one",2.41842408889119,31.0590481047412
58,"web|simple|high|one_to_one",1.65455005667138,31.0590481047412
58,"mobile|two_factor|high|one_to_one",4.27824078082281,31.0590481047412
58,"mobile|multi_factor|high|one_to_one",5.56292248569437,31.0590481047412
58,"web|multi_factor|high|one_to_one",2.46214904189869,31.0590481047412
58,"web|simple|medium|multi_person",0.479751315914365,31.0590481047412
58,"mobile|two_factor|medium|multi_person",3.1034420400658,31.0590481047412
58,"web|two_factor|high|multi_person",0.0463935492776257,31.0590481047412
58,"web|multi_factor|high|multi_person",1.33107525414919,31.0590481047412
58,"web|simple|medium|one_to_one",1.61082510366387,31.0590481047412
58,"web|two_factor|medium|one_to_one",1.13374238401963,31.0590481047412
58,"mobile|simple|high|one_to_one",4.75532350046706,31.0590481047412
58,"mobile|simple|low|multi_person",5.5792211634771,31.0590481047412
58,"web|multi_factor|low|multi_person",3.28604670490873,31.0590481047412
58,"web|two_factor|medium|multi_person",0.00266859627012073,31.0590481047412
58,"mobile|two_factor|low|one_to_one",6.23321223158236,31.0590481047412
58,"web|two_factor|high|one_to_one",1.17746733702713,31.0590481047412
58,"web|two_factor|low|one_to_one",3.13243878778668,31.0590481047412
60,"web|simple|low|multi_person",2.40431987525136,30.9374121425346
60,"mobile|two_factor|low|multi_person",5.15341323120641,30.9374121425346
60,"web|two_factor|low|multi_person",2.03754335403677,30.9374121425346
60,"mobile|multi_factor|low|multi_person",5.93718985830671,30.9374121425346
60,"mobile|simple|medium|multi_person",3.55643607387347,30.9374121425346
60,"mobile|multi_factor|medium|multi_person",3.97343617975919,30.9374121425346
60,"web|multi_factor|medium|multi_person",0.857566302589546,30.9374121425346
60,"mobile|simple|high|multi_person",3.83287460145049,30.9374121425346
60,"web|simple|high|multi_person",0.717004724280848,30.9374121425346
60,"mobile|two_factor|high|multi_person",3.46609808023591,30.9374121425346
60,"mobile|multi_factor|high|multi_person",4.2498747073362,30.9374121425346
60,"mobile|simple|low|one_to_one",6.94264629925549,30.9374121425346
60,"web|simple|low|one_to_one",3.82677642208585,30.9374121425346
60,"mobile|multi_factor|low|one_to_one",7.3596464051412,30.9374121425346
60,"web|multi_factor|low|one_to_one",4.24377652797157,30.9374121425346
60,"mobile|simple|medium|one_to_one",4.97889262070797,30.9374121425346
60,"mobile|two_factor|medium|one_to_one",4.61211609949338,30.9374121425346
60,"mobile|multi_factor|medium|one_to_one",5.39589272659368,30.9374121425346
60,"web|multi_factor|medium|one_to_one",2.28002284942404,30.9374121425346
60,"web|simple|high|one_to_one",2.13946127111534,30.9374121425346
60,"mobile|two_factor|high|one_to_one",4.8885546270704,30.9374121425346
60,"mobile|multi_factor|high|one_to_one",5.6723312541707,30.9374121425346
60,"web|multi_factor|high|one_to_one",2.55646137700106,30.9374121425346
60,"web|simple|medium|multi_person",0.44056619670383,30.9374121425346
60,"mobile|two_factor|medium|multi_person",3.18965955265889,30.9374121425346
60,"web|two_factor|high|multi_person",0.350228203066267,30.9374121425346
60,"web|multi_factor|high|multi_person",1.13400483016656,30.9374121425346
60,"web|simple|medium|one_to_one",1.86302274353832,30.9374121425346
60,"web|two_factor|medium|one_to_one",1.49624622232374,30.9374121425346
60,"mobile|simple|high|one_to_one",5.25533114828498,30.9374121425346
60,"mobile|simple|low|multi_person",5.520189752421,30.9374121425346
60,"web|multi_factor|low|multi_person",2.82131998113707,30.9374121425346
60,"web|two_factor|medium|multi_person",0.0737896754892491,30.9374121425346
60,"mobile|two_factor|low|one_to_one",6.57586977804091,30.9374121425346
60,"web|two_factor|high|one_to_one",1.77268474990076,30.9374121425346
60,"web|two_factor|low|one_to_one",3.45999990087127,30.9374121425346
61,"web|simple|low|multi_person",3.14570728243785,30.0729464824386
61,"mobile|two_factor|low|multi_person",5.26542977279839,30.0729464824386
61,"web|two_factor|low|multi_person",1.90550365550739,30.0729464824386
61,"mobile|multi_factor|low|multi_person",5.83244753226133,30.0729464824386
61,"mobile|simple|medium|multi_person",3.9090820248282,30.0729464824386
61,"mobile|multi_factor|medium|multi_person",3.23589615736068,30.0729464824386
61,"web|multi_factor|medium|multi_person",-0.12402995993032,30.0729464824386
61,"mobile|simple|high|multi_person",4.74195202553466,30.0729464824386
61,"web|simple|high|multi_person",1.38202590824366,30.0729464824386
61,"mobile|two_factor|high|multi_person",3.50174839860419,30.0729464824386
61,"mobile|multi_factor|high|multi_person",4.06876615806714,30.0729464824386
61,"mobile|simple|low|one_to_one",8.0609877162979,30.0729464824386
61,"web|simple|low|one_to_one",4.70106159900689,30.0729464824386
61,"mobile|multi_factor|low|one_to_one",7.38780184883037,30.0729464824386
61,"web|multi_factor|low|one_to_one",4.02787573153937,30.0729464824386
61,"mobile|simple|medium|one_to_one",5.46443634139724,30.0729464824386
61,"mobile|two_factor|medium|one_to_one",4.22423271446678,30.0729464824386
61,"mobile|multi_factor|medium|one_to_one",4.79125047392972,30.0729464824386
61,"web|multi_factor|medium|one_to_one",1.43132435663872,30.0729464824386
61,"web|simple|high|one_to_one",2.9373802248127,30.0729464824386
61,"mobile|two_factor|high|one_to_one",5.05710271517323,30.0729464824386
61,"mobile|multi_factor|high|one_to_one",5.62412047463618,30.0729464824386
61,"web|multi_factor|high|one_to_one",2.26419435734518,30.0729464824386
61,"web|simple|medium|multi_person",0.549155907537204,30.0729464824386
61,"mobile|two_factor|medium|multi_person",2.66887839789774,30.0729464824386
61,"web|two_factor|high|multi_person",0.14182228131319,30.0729464824386
61,"web|multi_factor|high|multi_person",0.708840040776135,30.0729464824386
61,"web|simple|medium|one_to_one",2.10451022410624,30.0729464824386
61,"web|two_factor|medium|one_to_one",0.864306597175775,30.0729464824386
61,"mobile|simple|high|one_to_one",6.2973063421037,30.0729464824386
61,"mobile|simple|low|multi_person",6.50563339972885,30.0729464824386
61,"web|multi_factor|low|multi_person",2.47252141497033,30.0729464824386
61,"web|two_factor|medium|multi_person",-0.691047719393265,30.0729464824386
61,"mobile|two_factor|low|one_to_one",6.82078408936743,30.0729464824386
61,"web|two_factor|high|one_to_one",1.69717659788223,30.0729464824386
61,"web|two_factor|low|one_to_one",3.46085797207643,30.0729464824386
62,"web|simple|low|multi_person",1.99478636666004,31.1928607648383
62,"mobile|two_factor|low|multi_person",4.913185539011,31.1928607648383
62,"web|two_factor|low|multi_person",2.20939358771898,31.1928607648383
62,"mobile|multi_factor|low|multi_person",5.38179670439951,31.1928607648383
62,"mobile|simple|medium|multi_person",3.76633489290005,31.1928607648383
62,"mobile|multi_factor|medium|multi_person",4.44955327934749,31.1928607648383
62,"web|multi_factor|medium|multi_person",1.74576132805547,31.1928607648383
62,"mobile|simple|high|multi_person",2.72820188773309,31.1928607648383
62,"web|simple|high|multi_person",0.0244099364410728,31.1928607648383
62,"mobile|two_factor|high|multi_person",2.94280910879203,31.1928607648383
62,"mobile|multi_factor|high|multi_person",3.41142027418054,31.1928607648383
62,"mobile|simple|low|one_to_one",6.07334475629001,31.1928607648383
62,"web|simple|low|one_to_one",3.36955280499799,31.1928607648383
62,"mobile|multi_factor|low|one_to_one",6.75656314273746,31.1928607648383
62,"web|multi_factor|low|one_to_one",4.05277119144544,31.1928607648383
62,"mobile|simple|medium|one_to_one",5.141101331238,31.1928607648383
62,"mobile|two_factor|medium|one_to_one",5.35570855229694,31.1928607648383
62,"mobile|multi_factor|medium|one_to_one",5.82431971768545,31.1928607648383
62,"web|multi_factor|medium|one_to_one",3.12052776639343,31.1928607648383
62,"web|simple|high|one_to_one",1.39917637477903,31.1928607648383
62,"mobile|two_factor|high|one_to_one",4.31757554712999,31.1928607648383
62,"mobile|multi_factor|high|one_to_one",4.7861867125185,31.1928607648383
62,"web|multi_factor|high|one_to_one",2.08239476122648,31.1928607648383
62,"web|simple|medium|multi_person",1.06254294160802,31.1928607648383
62,"mobile|two_factor|medium|multi_person",3.98094211395899,31.1928607648383
62,"web|two_factor|high|multi_person",0.239017157500014,31.1928607648383
62,"web|multi_factor|high|multi_person",0.707628322888522,31.1928607648383
62,"web|simple|medium|one_to_one",2.43730937994598,31.1928607648383
62,"web|two_factor|medium|one_to_one",2.65191660100492,31.1928607648383
62,"mobile|simple|high|one_to_one",4.10296832607105,31.1928607648383
62,"mobile|simple|low|multi_person",4.69857831795206,31.1928607648383
62,"web|multi_factor|low|multi_person",2.67800475310749,31.1928607648383
62,"web|two_factor|medium|multi_person",1.27715016266697,31.1928607648383
62,"mobile|two_factor|low|one_to_one",6.28795197734895,31.1928607648383
62,"web|two_factor|high|one_to_one",1.61378359583797,31.1928607648383
62,"web|two_factor|low|one_to_one",3.58416002605693,31.1928607648383
63,"web|simple|low|multi_person",3.11215846630533,31.1320138546899
63,"mobile|two_factor|low|multi_person",5.09033219706526,31.1320138546899
63,"web|two_factor|low|multi_person",2.69925700539866,31.1320138546899
63,"mobile|multi_factor|low|multi_person",6.0586099156552,31.1320138546899
63,"mobile|simple|medium|multi_person",3.20340073925471,31.1320138546899
63,"mobile|multi_factor|medium|multi_person",3.75877699693799,31.1320138546899
63,"web|multi_factor|medium|multi_person",1.36770180527139,31.1320138546899
63,"mobile|simple|high|multi_person",2.25763114729214,31.1320138546899
63,"web|simple|high|multi_person",-0.133444044374463,31.1320138546899
63,"mobile|two_factor|high|multi_person",1.84472968638547,31.1320138546899
63,"mobile|multi_factor|high|multi_person",2.81300740497542,31.1320138546899
63,"mobile|simple|low|one_to_one",7.4591729071403,31.1320138546899
63,"web|simple|low|one_to_one",5.0680977154737,31.1320138546899
63,"mobile|multi_factor|low|one_to_one",8.01454916482358,31.1320138546899
63,"web|multi_factor|low|one_to_one",5.62347397315698,31.1320138546899
63,"mobile|simple|medium|one_to_one",5.15933998842308,31.1320138546899
63,"mobile|two_factor|medium|one_to_one",4.74643852751641,31.1320138546899
63,"mobile|multi_factor|medium|one_to_one",5.71471624610636,31.1320138546899
63,"web|multi_factor|medium|one_to_one",3.32364105443976,31.1320138546899
63,"web|simple|high|one_to_one",1.82249520479391,31.1320138546899
63,"mobile|two_factor|high|one_to_one",3.80066893555384,31.1320138546899
63,"mobile|multi_factor|high|one_to_one",4.76894665414379,31.1320138546899
63,"web|multi_factor|high|one_to_one",2.37787146247719,31.1320138546899
63,"web|simple|medium|multi_person",0.812325547588107,31.1320138546899
63,"mobile|two_factor|medium|multi_person",2.79049927834804,31.1320138546899
63,"web|two_factor|high|multi_person",-0.546345505281132,31.1320138546899
63,"web|multi_factor|high|multi_person",0.421932213308815,31.1320138546899
63,"web|simple|medium|one_to_one",2.76826479675648,31.1320138546899
63,"web|two_factor|medium|one_to_one",2.35536333584981,31.1320138546899
63,"mobile|simple|high|one_to_one",4.21357039646051,31.1320138546899
63,"mobile|simple|low|multi_person",5.50323365797193,31.1320138546899
63,"web|multi_factor|low|multi_person",3.6675347239886,31.1320138546899
63,"web|two_factor|medium|multi_person",0.399424086681439,31.1320138546899
63,"mobile|two_factor|low|one_to_one",7.04627144623363,31.1320138546899
63,"web|two_factor|high|one_to_one",1.40959374388724,31.1320138546899
63,"web|two_factor|low|one_to_one",4.65519625456703,31.1320138546899
64,"web|simple|low|multi_person",1.31853813761515,30.7825591378484
64,"mobile|two_factor|low|multi_person",4.04036767450854,30.7825591378484
64,"web|two_factor|low|multi_person",1.08458483823984,30.7825591378484
64,"mobile|multi_factor|low|multi_person",3.83121127716019,30.7825591378484
64,"mobile|simple|medium|multi_person",4.23510552931598,30.7825591378484
64,"mobile|multi_factor|medium|multi_person",3.79199583259232,30.7825591378484
64,"web|multi_factor|medium|multi_person",0.836212996323622,30.7825591378484
64,"mobile|simple|high|multi_person",4.26329741620438,30.7825591378484
64,"web|simple|high|multi_person",1.30751457993568,30.7825591378484
64,"mobile|two_factor|high|multi_person",4.02934411682907,30.7825591378484
64,"mobile|multi_factor|high|multi_person",3.82018771948072,30.7825591378484
64,"mobile|simple|low|one_to_one",6.71585496890507,30.7825591378484
64,"web|simple|low|one_to_one",3.76007213263637,30.7825591378484
64,"mobile|multi_factor|low|one_to_one",6.27274527218141,30.7825591378484
64,"web|multi_factor|low|one_to_one",3.31696243591271,30.7825591378484
64,"mobile|simple|medium|one_to_one",6.6766395243372,30.7825591378484
64,"mobile|two_factor|medium|one_to_one",6.44268622496189,30.7825591378484
64,"mobile|multi_factor|medium|one_to_one",6.23352982761354,30.7825591378484
64,"web|multi_factor|medium|one_to_one",3.27774699134484,30.7825591378484
64,"web|simple|high|one_to_one",3.7490485749569,30.7825591378484
64,"mobile|two_factor|high|one_to_one",6.47087811185029,30.7825591378484
64,"mobile|multi_factor|high|one_to_one",6.26172171450194,30.7825591378484
64,"web|multi_factor|high|one_to_one",3.30593887823324,30.7825591378484
64,"web|simple|medium|multi_person",1.27932269304728,30.7825591378484
64,"mobile|two_factor|medium|multi_person",4.00115222994067,30.7825591378484
64,"web|two_factor|high|multi_person",1.07356128056037,30.7825591378484
64,"web|multi_factor|high|multi_person",0.864404883212022,30.7825591378484
64,"web|simple|medium|one_to_one",3.7208566880685,30.7825591378484
64,"web|two_factor|medium|one_to_one",3.48690338869319,30.7825591378484
64,"mobile|simple|high|one_to_one",6.7048314112256,30.7825591378484
64,"mobile|simple|low|multi_person",4.27432097388385,30.7825591378484
64,"web|multi_factor|low|multi_person",0.87542844089149,30.7825591378484
64,"web|two_factor|medium|multi_person",1.04536939367197,30.7825591378484
64,"mobile|two_factor|low|one_to_one",6.48190166952976,30.7825591378484
64,"web|two_factor|high|one_to_one",3.51509527558159,30.7825591378484
64,"web|two_factor|low|one_to_one",3.52611883326106,30.7825591378484
65,"web|simple|low|multi_person",2.44205690238977,30.779973994634
65,"mobile|two_factor|low|multi_person",3.06741569486487,30.779973994634
65,"web|two_factor|low|multi_person",1.19740968650188,30.779973994634
65,"mobile|multi_factor|low|multi_person",5.59988141302095,30.779973994634
65,"mobile|simple|medium|multi_person",3.59833698732351,30.779973994634
65,"mobile|multi_factor|medium|multi_person",4.8861554895917,30.779973994634
65,"web|multi_factor|medium|multi_person",3.01614948122871,30.779973994634
65,"mobile|simple|high|multi_person",3.68298133215747,30.779973994634
65,"web|simple|high|multi_person",1.81297532379448,30.779973994634
65,"mobile|two_factor|high|multi_person",2.43833411626959,30.779973994634
65,"mobile|multi_factor|high|multi_person",4.97079983442567,30.779973994634
65,"mobile|simple|low|one_to_one",4.94720146696633,30.779973994634
65,"web|simple|low|one_to_one",3.07719545860334,30.779973994634
65,"mobile|multi_factor|low|one_to_one",6.23501996923452,30.779973994634
65,"web|multi_factor|low|one_to_one",4.36501396087154,30.779973994634
65,"mobile|simple|medium|one_to_one",4.23347554353708,30.779973994634
65,"mobile|two_factor|medium|one_to_one",2.9888283276492,30.779973994634
65,"mobile|multi_factor|medium|one_to_one",5.52129404580528,30.779973994634
65,"web|multi_factor|medium|one_to_one",3.65128803744229,30.779973994634
65,"web|simple|high|one_to_one",2.44811388000806,30.779973994634
65,"mobile|two_factor|high|one_to_one",3.07347267248316,30.779973994634
65,"mobile|multi_factor|high|one_to_one",5.60593839063924,30.779973994634
65,"web|multi_factor|high|one_to_one",3.73593238227626,30.779973994634
65,"web|simple|medium|multi_person",1.72833097896052,30.779973994634
65,"mobile|two_factor|medium|multi_person",2.35368977143562,30.779973994634
65,"web|two_factor|high|multi_person",0.568328107906599,30.779973994634
65,"web|multi_factor|high|multi_person",3.10079382606268,30.779973994634
65,"web|simple|medium|one_to_one",2.36346953517409,30.779973994634
65,"web|two_factor|medium|one_to_one",1.11882231928621,30.779973994634
65,"mobile|simple|high|one_to_one",4.31811988837105,30.779973994634
65,"mobile|simple|low|multi_person",4.31206291075275,30.779973994634
65,"web|multi_factor|low|multi_person",3.72987540465796,30.779973994634
65,"web|two_factor|medium|multi_person",0.483683763072633,30.779973994634
65,"mobile|two_factor|low|one_to_one",3.70255425107844,30.779973994634
65,"web|two_factor|high|one_to_one",1.20346666412017,30.779973994634
65,"web|two_factor|low|one_to_one",1.83254824271546,30.779973994634
68,"web|simple|low|multi_person",1.93588601450339,30.6653322454021
68,"mobile|two_factor|low|multi_person",4.26282599716795,30.6653322454021
68,"web|two_factor|low|multi_person",2.77533067068015,30.6653322454021
68,"mobile|multi_factor|low|multi_person",4.31005621382915,30.6653322454021
68,"mobile|simple|medium|multi_person",1.77865879249091,30.6653322454021
68,"mobile|multi_factor|medium|multi_person",2.66533366532886,30.6653322454021
68,"web|multi_factor|medium|multi_person",1.17783833884106,30.6653322454021
68,"mobile|simple|high|multi_person",1.35470245743224,30.6653322454021
68,"web|simple|high|multi_person",-0.132792869055557,30.6653322454021
68,"mobile|two_factor|high|multi_person",2.194147113609,30.6653322454021
68,"mobile|multi_factor|high|multi_person",2.2413773302702,30.6653322454021
68,"mobile|simple|low|one_to_one",6.21553945678569,30.6653322454021
68,"web|simple|low|one_to_one",4.72804413029789,30.6653322454021
68,"mobile|multi_factor|low|one_to_one",7.10221432962365,30.6653322454021
68,"web|multi_factor|low|one_to_one",5.61471900313585,30.6653322454021
68,"mobile|simple|medium|one_to_one",4.57081690828541,30.6653322454021
68,"mobile|two_factor|medium|one_to_one",5.41026156446216,30.6653322454021
68,"mobile|multi_factor|medium|one_to_one",5.45749178112336,30.6653322454021
68,"web|multi_factor|medium|one_to_one",3.96999645463556,30.6653322454021
68,"web|simple|high|one_to_one",2.65936524673894,30.6653322454021
68,"mobile|two_factor|high|one_to_one",4.9863052294035,30.6653322454021
68,"mobile|multi_factor|high|one_to_one",5.0335354460647,30.6653322454021
68,"web|multi_factor|high|one_to_one",3.5460401195769,30.6653322454021
68,"web|simple|medium|multi_person",0.291163466003105,30.6653322454021
68,"mobile|two_factor|medium|multi_person",2.61810344866766,30.6653322454021
68,"web|two_factor|high|multi_person",0.7066517871212,30.6653322454021
68,"web|multi_factor|high|multi_person",0.753882003782397,30.6653322454021
68,"web|simple|medium|one_to_one",3.0833215817976,30.6653322454021
68,"web|two_factor|medium|one_to_one",3.92276623797436,30.6653322454021
68,"mobile|simple|high|one_to_one",4.14686057322674,30.6653322454021
68,"mobile|simple|low|multi_person",3.42338134099119,30.6653322454021
68,"web|multi_factor|low|multi_person",2.82256088734135,30.6653322454021
68,"web|two_factor|medium|multi_person",1.13060812217986,30.6653322454021
68,"mobile|two_factor|low|one_to_one",7.05498411296245,30.6653322454021
68,"web|two_factor|high|one_to_one",3.4988099029157,30.6653322454021
68,"web|two_factor|low|one_to_one",5.56748878647465,30.6653322454021
69,"web|simple|low|multi_person",2.94677449447024,31.1738769171897
69,"mobile|two_factor|low|multi_person",6.00610908381735,31.1738769171897
69,"web|two_factor|low|multi_person",3.09978694165373,31.1738769171897
69,"mobile|multi_factor|low|multi_person",6.0441274463399,31.1738769171897
69,"mobile|simple|medium|multi_person",3.74871419436684,31.1738769171897
69,"mobile|multi_factor|medium|multi_person",3.93974500407287,31.1738769171897
69,"web|multi_factor|medium|multi_person",1.03342286190925,31.1738769171897
69,"mobile|simple|high|multi_person",4.0316941581661,31.1738769171897
69,"web|simple|high|multi_person",1.12537201600248,31.1738769171897
69,"mobile|two_factor|high|multi_person",4.1847066053496,31.1738769171897
69,"mobile|multi_factor|high|multi_person",4.22272496787214,31.1738769171897
69,"mobile|simple|low|one_to_one",6.50179623424247,31.1738769171897
69,"web|simple|low|one_to_one",3.59547409207886,31.1738769171897
69,"mobile|multi_factor|low|one_to_one",6.69282704394851,31.1738769171897
69,"web|multi_factor|low|one_to_one",3.78650490178489,31.1738769171897
69,"mobile|simple|medium|one_to_one",4.39741379197545,31.1738769171897
69,"mobile|two_factor|medium|one_to_one",4.55042623915894,31.1738769171897
69,"mobile|multi_factor|medium|one_to_one",4.58844460168149,31.1738769171897
69,"web|multi_factor|medium|one_to_one",1.68212245951787,31.1738769171897
69,"web|simple|high|one_to_one",1.7740716136111,31.1738769171897
69,"mobile|two_factor|high|one_to_one",4.83340620295821,31.1738769171897
69,"mobile|multi_factor|high|one_to_one",4.87142456548076,31.1738769171897
69,"web|multi_factor|high|one_to_one",1.96510242331714,31.1738769171897
69,"web|simple|medium|multi_person",0.842392052203217,31.1738769171897
69,"mobile|two_factor|medium|multi_person",3.90172664155033,31.1738769171897
69,"web|two_factor|high|multi_person",1.27838446318598,31.1738769171897
69,"web|multi_factor|high|multi_person",1.31640282570852,31.1738769171897
69,"web|simple|medium|one_to_one",1.49109164981183,31.1738769171897
69,"web|two_factor|medium|one_to_one",1.64410409699533,31.1738769171897
69,"mobile|simple|high|one_to_one",4.68039375577472,31.1738769171897
69,"mobile|simple|low|multi_person",5.85309663663386,31.1738769171897
69,"web|multi_factor|low|multi_person",3.13780530417628,31.1738769171897
69,"web|two_factor|medium|multi_person",0.995404499386709,31.1738769171897
69,"mobile|two_factor|low|one_to_one",6.65480868142597,31.1738769171897
69,"web|two_factor|high|one_to_one",1.92708406079459,31.1738769171897
69,"web|two_factor|low|one_to_one",3.74848653926235,31.1738769171897
70,"web|simple|low|multi_person",2.03644323213107,30.864529135217
70,"mobile|two_factor|low|multi_person",4.79791814305693,30.864529135217
70,"web|two_factor|low|multi_person",1.80121367555555,30.864529135217
70,"mobile|multi_factor|low|multi_person",5.37094024665544,30.864529135217
70,"mobile|simple|medium|multi_person",3.84983237881829,30.864529135217
70,"mobile|multi_factor|medium|multi_person",4.18762492584128,30.864529135217
70,"web|multi_factor|medium|multi_person",1.1909204583399,30.864529135217
70,"mobile|simple|high|multi_person",3.5600003117882,30.864529135217
70,"web|simple|high|multi_person",0.563295844286815,30.864529135217
70,"mobile|two_factor|high|multi_person",3.32477075521267,30.864529135217
70,"mobile|multi_factor|high|multi_person",3.89779285881118,30.864529135217
70,"mobile|simple|low|one_to_one",6.63139044359988,30.864529135217
70,"web|simple|low|one_to_one",3.6346859760985,30.864529135217
70,"mobile|multi_factor|low|one_to_one",6.96918299062287,30.864529135217
70,"web|multi_factor|low|one_to_one",3.97247852312149,30.864529135217
70,"mobile|simple|medium|one_to_one",5.44807512278572,30.864529135217
70,"mobile|two_factor|medium|one_to_one",5.2128455662102,30.864529135217
70,"mobile|multi_factor|medium|one_to_one",5.78586766980871,30.864529135217
70,"web|multi_factor|medium|one_to_one",2.78916320230733,30.864529135217
70,"web|simple|high|one_to_one",2.16153858825424,30.864529135217
70,"mobile|two_factor|high|one_to_one",4.9230134991801,30.864529135217
70,"mobile|multi_factor|high|one_to_one",5.49603560277861,30.864529135217
70,"web|multi_factor|high|one_to_one",2.49933113527723,30.864529135217
70,"web|simple|medium|multi_person",0.853127911316913,30.864529135217
70,"mobile|two_factor|medium|multi_person",3.61460282224277,30.864529135217
70,"web|two_factor|high|multi_person",0.328066287711293,30.864529135217
70,"web|multi_factor|high|multi_person",0.901088391309803,30.864529135217
70,"web|simple|medium|one_to_one",2.45137065528434,30.864529135217
70,"web|two_factor|medium|one_to_one",2.21614109870882,30.864529135217
70,"mobile|simple|high|one_to_one",5.15824305575562,30.864529135217
70,"mobile|simple|low|multi_person",5.03314769963245,30.864529135217
70,"web|multi_factor|low|multi_person",2.37423577915406,30.864529135217
70,"web|two_factor|medium|multi_person",0.617898354741391,30.864529135217
70,"mobile|two_factor|low|one_to_one",6.39616088702436,30.864529135217
70,"web|two_factor|high|one_to_one",1.92630903167872,30.864529135217
70,"web|two_factor|low|one_to_one",3.39945641952298,30.864529135217
71,"web|simple|low|multi_person",1.96173834293981,30.3291255866372
71,"mobile|two_factor|low|multi_person",4.55923353682044,30.3291255866372
71,"web|two_factor|low|multi_person",0.842668526566321,30.3291255866372
71,"mobile|multi_factor|low|multi_person",6.77829148954778,30.3291255866372
71,"mobile|simple|medium|multi_person",5.09337532622673,30.3291255866372
71,"mobile|multi_factor|medium|multi_person",6.19336346258058,30.3291255866372
71,"web|multi_factor|medium|multi_person",2.47679845232646,30.3291255866372
71,"mobile|simple|high|multi_person",4.89603626198813,30.3291255866372
71,"web|simple|high|multi_person",1.17947125173402,30.3291255866372
71,"mobile|two_factor|high|multi_person",3.77696644561465,30.3291255866372
71,"mobile|multi_factor|high|multi_person",5.99602439834199,30.3291255866372
71,"mobile|simple|low|one_to_one",5.60020662646726,30.3291255866372
71,"web|simple|low|one_to_one",1.88364161621314,30.3291255866372
71,"mobile|multi_factor|low|one_to_one",6.70019476282111,30.3291255866372
71,"web|multi_factor|low|one_to_one",2.98362975256699,30.3291255866372
71,"mobile|simple|medium|one_to_one",5.01527859950006,30.3291255866372
71,"mobile|two_factor|medium|one_to_one",3.89620878312657,30.3291255866372
71,"mobile|multi_factor|medium|one_to_one",6.11526673585391,30.3291255866372
71,"web|multi_factor|medium|one_to_one",2.39870172559979,30.3291255866372
71,"web|simple|high|one_to_one",1.10137452500734,30.3291255866372
71,"mobile|two_factor|high|one_to_one",3.69886971888797,30.3291255866372
71,"mobile|multi_factor|high|one_to_one",5.91792767161531,30.3291255866372
71,"web|multi_factor|high|one_to_one",2.20136266136119,30.3291255866372
71,"web|simple|medium|multi_person",1.37681031597261,30.3291255866372
71,"mobile|two_factor|medium|multi_person",3.97430550985324,30.3291255866372
71,"web|two_factor|high|multi_person",0.0604014353605267,30.3291255866372
71,"web|multi_factor|high|multi_person",2.27945938808787,30.3291255866372
71,"web|simple|medium|one_to_one",1.29871358924594,30.3291255866372
71,"web|two_factor|medium|one_to_one",0.17964377287245,30.3291255866372
71,"mobile|simple|high|one_to_one",4.81793953526146,30.3291255866372
71,"mobile|simple|low|multi_person",5.67830335319393,30.3291255866372
71,"web|multi_factor|low|multi_person",3.06172647929366,30.3291255866372
71,"web|two_factor|medium|multi_person",0.257740499599124,30.3291255866372
71,"mobile|two_factor|low|one_to_one",4.48113681009377,30.3291255866372
71,"web|two_factor|high|one_to_one",-0.0176952913661468,30.3291255866372
71,"web|two_factor|low|one_to_one",0.764571799839647,30.3291255866372
72,"web|simple|low|multi_person",1.70101840140756,30.9589384221673
72,"mobile|two_factor|low|multi_person",5.05632379911831,30.9589384221673
72,"web|two_factor|low|multi_person",2.00005211234217,30.9589384221673
72,"mobile|multi_factor|low|multi_person",5.51113951767722,30.9589384221673
72,"mobile|simple|medium|multi_person",3.30065522721209,30.9589384221673
72,"mobile|multi_factor|medium|multi_person",4.0545046567056,30.9589384221673
72,"web|multi_factor|medium|multi_person",0.998232969929464,30.9589384221673
72,"mobile|simple|high|multi_person",2.40982266867072,30.9589384221673
72,"web|simple|high|multi_person",-0.646449018105425,30.9589384221673
72,"mobile|two_factor|high|multi_person",2.70885637960532,30.9589384221673
72,"mobile|multi_factor|high|multi_person",3.16367209816423,30.9589384221673
72,"mobile|simple|low|one_to_one",7.18748341923347,30.9589384221673
72,"web|simple|low|one_to_one",4.13121173245732,30.9589384221673
72,"mobile|multi_factor|low|one_to_one",7.94133284872698,30.9589384221673
72,"web|multi_factor|low|one_to_one",4.88506116195084,30.9589384221673
72,"mobile|simple|medium|one_to_one",5.73084855826185,30.9589384221673
72,"mobile|two_factor|medium|one_to_one",6.02988226919645,30.9589384221673
72,"mobile|multi_factor|medium|one_to_one",6.48469798775536,30.9589384221673
72,"web|multi_factor|medium|one_to_one",3.42842630097922,30.9589384221673
72,"web|simple|high|one_to_one",1.78374431294434,30.9589384221673
72,"mobile|two_factor|high|one_to_one",5.13904971065508,30.9589384221673
72,"mobile|multi_factor|high|one_to_one",5.59386542921399,30.9589384221673
72,"web|multi_factor|high|one_to_one",2.53759374243785,30.9589384221673
72,"web|simple|medium|multi_person",0.244383540435945,30.9589384221673
72,"mobile|two_factor|medium|multi_person",3.59968893814669,30.9589384221673
72,"web|two_factor|high|multi_person",-0.347415307170818,30.9589384221673
72,"web|multi_factor|high|multi_person",0.107400411388094,30.9589384221673
72,"web|simple|medium|one_to_one",2.6745768714857,30.9589384221673
72,"web|two_factor|medium|one_to_one",2.97361058242031,30.9589384221673
72,"mobile|simple|high|one_to_one",4.84001599972048,30.9589384221673
72,"mobile|simple|low|multi_person",4.7572900881837,30.9589384221673
72,"web|multi_factor|low|multi_person",2.45486783090108,30.9589384221673
72,"web|two_factor|medium|multi_person",0.543417251370552,30.9589384221673
72,"mobile|two_factor|low|one_to_one",7.48651713016807,30.9589384221673
72,"web|two_factor|high|one_to_one",2.08277802387894,30.9589384221673
72,"web|two_factor|low|one_to_one",4.43024544339193,30.9589384221673
73,"web|simple|low|multi_person",2.18229292114683,30.94824319585
73,"mobile|two_factor|low|multi_person",4.79181229462036,30.94824319585
73,"web|two_factor|low|multi_person",1.82281911226992,30.94824319585
73,"mobile|multi_factor|low|multi_person",5.62031689929342,30.94824319585
73,"mobile|simple|medium|multi_person",3.64388804503143,30.94824319585
73,"mobile|multi_factor|medium|multi_person",4.11291884082757,30.94824319585
73,"web|multi_factor|medium|multi_person",1.14392565847713,30.94824319585
73,"mobile|simple|high|multi_person",3.48281215727538,30.94824319585
73,"web|simple|high|multi_person",0.513818974924942,30.94824319585
73,"mobile|two_factor|high|multi_person",3.12333834839847,30.94824319585
73,"mobile|multi_factor|high|multi_person",3.95184295307153,30.94824319585
73,"mobile|simple|low|one_to_one",6.6487409011958,30.94824319585
73,"web|simple|low|one_to_one",3.67974771884536,30.94824319585
73,"mobile|multi_factor|low|one_to_one",7.11777169699194,30.94824319585
73,"web|multi_factor|low|one_to_one",4.1487785146415,30.94824319585
73,"mobile|simple|medium|one_to_one",5.14134284272995,30.94824319585
73,"mobile|two_factor|medium|one_to_one",4.78186903385304,30.94824319585
73,"mobile|multi_factor|medium|one_to_one",5.6103736385261,30.94824319585
73,"web|multi_factor|medium|one_to_one",2.64138045617566,30.94824319585
73,"web|simple|high|one_to_one",2.01127377262346,30.94824319585
73,"mobile|two_factor|high|one_to_one",4.62079314609699,30.94824319585
73,"mobile|multi_factor|high|one_to_one",5.44929775077005,30.94824319585
73,"web|multi_factor|high|one_to_one",2.48030456841961,30.94824319585
73,"web|simple|medium|multi_person",0.674894862680991,30.94824319585
73,"mobile|two_factor|medium|multi_person",3.28441423615452,30.94824319585
73,"web|two_factor|high|multi_person",0.154345166048031,30.94824319585
73,"web|multi_factor|high|multi_person",0.982849770721085,30.94824319585
73,"web|simple|medium|one_to_one",2.17234966037951,30.94824319585
73,"web|two_factor|medium|one_to_one",1.8128758515026,30.94824319585
73,"mobile|simple|high|one_to_one",4.9802669549739,30.94824319585
73,"mobile|simple|low|multi_person",5.15128610349728,30.94824319585
73,"web|multi_factor|low|multi_person",2.65132371694298,30.94824319585
73,"web|two_factor|medium|multi_person",0.31542105380408,30.94824319585
73,"mobile|two_factor|low|one_to_one",6.28926709231889,30.94824319585
73,"web|two_factor|high|one_to_one",1.65179996374655,30.94824319585
73,"web|two_factor|low|one_to_one",3.32027390996845,30.94824319585
74,"web|simple|low|multi_person",4.12449565348276,31.0702962052543
74,"mobile|two_factor|low|multi_person",4.41878361485613,31.0702962052543
74,"web|two_factor|low|multi_person",2.69247341352467,31.0702962052543
74,"mobile|multi_factor|low|multi_person",5.0951822032047,31.0702962052543
74,"mobile|simple|medium|multi_person",4.03534329160578,31.0702962052543
74,"mobile|multi_factor|medium|multi_person",3.27971963999626,31.0702962052543
74,"web|multi_factor|medium|multi_person",1.55340943866481,31.0702962052543
74,"mobile|simple|high|multi_person",3.67586212413795,31.0702962052543
74,"web|simple|high|multi_person",1.94955192280649,31.0702962052543
74,"mobile|two_factor|high|multi_person",2.24383988417986,31.0702962052543
74,"mobile|multi_factor|high|multi_person",2.92023847252843,31.0702962052543
74,"mobile|simple|low|one_to_one",7.1437722364944,31.0702962052543
74,"web|simple|low|one_to_one",5.41746203516295,31.0702962052543
74,"mobile|multi_factor|low|one_to_one",6.38814858488489,31.0702962052543
74,"web|multi_factor|low|one_to_one",4.66183838355343,31.0702962052543
74,"mobile|simple|medium|one_to_one",5.32830967328597,31.0702962052543
74,"mobile|two_factor|medium|one_to_one",3.89628743332789,31.0702962052543
74,"mobile|multi_factor|medium|one_to_one",4.57268602167645,31.0702962052543
74,"web|multi_factor|medium|one_to_one",2.846375820345,31.0702962052543
74,"web|simple|high|one_to_one",3.24251830448668,31.0702962052543
74,"mobile|two_factor|high|one_to_one",3.53680626586005,31.0702962052543
74,"mobile|multi_factor|high|one_to_one",4.21320485420862,31.0702962052543
74,"web|multi_factor|high|one_to_one",2.48689465287717,31.0702962052543
74,"web|simple|medium|multi_person",2.30903309027433,31.0702962052543
74,"mobile|two_factor|medium|multi_person",2.6033210516477,31.0702962052543
74,"web|two_factor|high|multi_person",0.517529682848408,31.0702962052543
74,"web|multi_factor|high|multi_person",1.19392827119697,31.0702962052543
74,"web|simple|medium|one_to_one",3.60199947195452,31.0702962052543
74,"web|two_factor|medium|one_to_one",2.16997723199643,31.0702962052543
74,"mobile|simple|high|one_to_one",4.96882850581814,31.0702962052543
74,"mobile|simple|low|multi_person",5.85080585481421,31.0702962052543
74,"web|multi_factor|low|multi_person",3.36887200187324,31.0702962052543
74,"web|two_factor|medium|multi_person",0.877010850316241,31.0702962052543
74,"mobile|two_factor|low|one_to_one",5.71174999653632,31.0702962052543
74,"web|two_factor|high|one_to_one",1.8104960645286,31.0702962052543
74,"web|two_factor|low|one_to_one",3.98543979520486,31.0702962052543
75,"web|simple|low|multi_person",3.8553761003695,31.3127278088116
75,"mobile|two_factor|low|multi_person",3.84350914893089,31.3127278088116
75,"web|two_factor|low|multi_person",2.22037733527634,31.3127278088116
75,"mobile|multi_factor|low|multi_person",4.08583425268397,31.3127278088116
75,"mobile|simple|medium|multi_person",4.80895265493422,31.3127278088116
75,"mobile|multi_factor|medium|multi_person",3.41627899359415,31.3127278088116
75,"web|multi_factor|medium|multi_person",1.79314717993959,31.3127278088116
75,"mobile|simple|high|multi_person",4.3344719743729,31.3127278088116
75,"web|simple|high|multi_person",2.71134016071835,31.3127278088116
75,"mobile|two_factor|high|multi_person",2.69947320927974,31.3127278088116
75,"mobile|multi_factor|high|multi_person",2.94179831303282,31.3127278088116
75,"mobile|simple|low|one_to_one",6.34702851155729,31.3127278088116
75,"web|simple|low|one_to_one",4.72389669790274,31.3127278088116
75,"mobile|multi_factor|low|one_to_one",4.95435485021721,31.3127278088116
75,"web|multi_factor|low|one_to_one",3.33122303656266,31.3127278088116
75,"mobile|simple|medium|one_to_one",5.67747325246747,31.3127278088116
75,"mobile|two_factor|medium|one_to_one",4.04247448737431,31.3127278088116
75,"mobile|multi_factor|medium|one_to_one",4.28479959112739,31.3127278088116
75,"web|multi_factor|medium|one_to_one",2.66166777747284,31.3127278088116
75,"web|simple|high|one_to_one",3.57986075825159,31.3127278088116
75,"mobile|two_factor|high|one_to_one",3.56799380681299,31.3127278088116
75,"mobile|multi_factor|high|one_to_one",3.81031891056607,31.3127278088116
75,"web|multi_factor|high|one_to_one",2.18718709691152,31.3127278088116
75,"web|simple|medium|multi_person",3.18582084127967,31.3127278088116
75,"mobile|two_factor|medium|multi_person",3.17395388984106,31.3127278088116
75,"web|two_factor|high|multi_person",1.07634139562519,31.3127278088116
75,"web|multi_factor|high|multi_person",1.31866649937827,31.3127278088116
75,"web|simple|medium|one_to_one",4.05434143881291,31.3127278088116
75,"web|two_factor|medium|one_to_one",2.41934267371976,31.3127278088116
75,"mobile|simple|high|one_to_one",5.20299257190614,31.3127278088116
75,"mobile|simple|low|multi_person",5.47850791402405,31.3127278088116
75,"web|multi_factor|low|multi_person",2.46270243902942,31.3127278088116
75,"web|two_factor|medium|multi_person",1.55082207618651,31.3127278088116
75,"mobile|two_factor|low|one_to_one",4.71202974646413,31.3127278088116
75,"web|two_factor|high|one_to_one",1.94486199315843,31.3127278088116
75,"web|two_factor|low|one_to_one",3.08889793280958,31.3127278088116
76,"web|simple|low|multi_person",1.85154837572798,31.0447201159833
76,"mobile|two_factor|low|multi_person",3.65826025233911,31.0447201159833
76,"web|two_factor|low|multi_person",1.12886167403981,31.0447201159833
76,"mobile|multi_factor|low|multi_person",5.60080480962807,31.0447201159833
76,"mobile|simple|medium|multi_person",3.88377491567426,31.0447201159833
76,"mobile|multi_factor|medium|multi_person",5.10363277127505,31.0447201159833
76,"web|multi_factor|medium|multi_person",2.57423419297575,31.0447201159833
76,"mobile|simple|high|multi_person",3.42751198310408,31.0447201159833
76,"web|simple|high|multi_person",0.898113404804779,31.0447201159833
76,"mobile|two_factor|high|multi_person",2.70482528141591,31.0447201159833
76,"mobile|multi_factor|high|multi_person",4.64736983870487,31.0447201159833
76,"mobile|simple|low|one_to_one",5.49064326787491,31.0447201159833
76,"web|simple|low|one_to_one",2.96124468957561,31.0447201159833
76,"mobile|multi_factor|low|one_to_one",6.71050112347571,31.0447201159833
76,"web|multi_factor|low|one_to_one",4.18110254517641,31.0447201159833
76,"mobile|simple|medium|one_to_one",4.99347122952189,31.0447201159833
76,"mobile|two_factor|medium|one_to_one",4.27078452783372,31.0447201159833
76,"mobile|multi_factor|medium|one_to_one",6.21332908512269,31.0447201159833
76,"web|multi_factor|medium|one_to_one",3.68393050682339,31.0447201159833
76,"web|simple|high|one_to_one",2.00780971865241,31.0447201159833
76,"mobile|two_factor|high|one_to_one",3.81452159526354,31.0447201159833
76,"mobile|multi_factor|high|one_to_one",5.75706615255251,31.0447201159833
76,"web|multi_factor|high|one_to_one",3.22766757425321,31.0447201159833
76,"web|simple|medium|multi_person",1.35437633737496,31.0447201159833
76,"mobile|two_factor|medium|multi_person",3.16108821398608,31.0447201159833
76,"web|two_factor|high|multi_person",0.175426703116608,31.0447201159833
76,"web|multi_factor|high|multi_person",2.11797126040558,31.0447201159833
76,"web|simple|medium|one_to_one",2.46407265122259,31.0447201159833
76,"web|two_factor|medium|one_to_one",1.74138594953442,31.0447201159833
76,"mobile|simple|high|one_to_one",4.53720829695171,31.0447201159833
76,"mobile|simple|low|multi_person",4.38094695402728,31.0447201159833
76,"web|multi_factor|low|multi_person",3.07140623132877,31.0447201159833
76,"web|two_factor|medium|multi_person",0.631689635686784,31.0447201159833
76,"mobile|two_factor|low|one_to_one",4.76795656618674,31.0447201159833
76,"web|two_factor|high|one_to_one",1.28512301696424,31.0447201159833
76,"web|two_factor|low|one_to_one",2.23855798788744,31.0447201159833
77,"web|simple|low|multi_person",2.84597786995616,31.1308350678152
77,"mobile|two_factor|low|multi_person",5.24519925586106,31.1308350678152
77,"web|two_factor|low|multi_person",1.90635531619092,31.1308350678152
77,"mobile|multi_factor|low|multi_person",5.41094766109762,31.1308350678152
77,"mobile|simple|medium|multi_person",4.78261500430357,31.1308350678152
77,"mobile|multi_factor|medium|multi_person",4.00874085577489,31.1308350678152
77,"web|multi_factor|medium|multi_person",0.66989691610475,31.1308350678152
77,"mobile|simple|high|multi_person",4.27778878439953,31.1308350678152
77,"web|simple|high|multi_person",0.938944844729386,31.1308350678152
77,"mobile|two_factor|high|multi_person",3.33816623063429,31.1308350678152
77,"mobile|multi_factor|high|multi_person",3.50391463587085,31.1308350678152
77,"mobile|simple|low|one_to_one",7.44841734324285,31.1308350678152
77,"web|simple|low|one_to_one",4.10957340357271,31.1308350678152
77,"mobile|multi_factor|low|one_to_one",6.67454319471418,31.1308350678152
77,"web|multi_factor|low|one_to_one",3.33569925504404,31.1308350678152
77,"mobile|simple|medium|one_to_one",6.04621053792012,31.1308350678152
77,"mobile|two_factor|medium|one_to_one",5.10658798415488,31.1308350678152
77,"mobile|multi_factor|medium|one_to_one",5.27233638939145,31.1308350678152
77,"web|multi_factor|medium|one_to_one",1.93349244972131,31.1308350678152
77,"web|simple|high|one_to_one",2.20254037834594,31.1308350678152
77,"mobile|two_factor|high|one_to_one",4.60176176425084,31.1308350678152
77,"mobile|multi_factor|high|one_to_one",4.76751016948741,31.1308350678152
77,"web|multi_factor|high|one_to_one",1.42866622981727,31.1308350678152
77,"web|simple|medium|multi_person",1.44377106463342,31.1308350678152
77,"mobile|two_factor|medium|multi_person",3.84299245053833,31.1308350678152
77,"web|two_factor|high|multi_person",-0.000677709035853846,31.1308350678152
77,"web|multi_factor|high|multi_person",0.165070696200711,31.1308350678152
77,"web|simple|medium|one_to_one",2.70736659824998,31.1308350678152
77,"web|two_factor|medium|one_to_one",1.76774404448474,31.1308350678152
77,"mobile|simple|high|one_to_one",5.54138431801609,31.1308350678152
77,"mobile|simple|low|multi_person",6.1848218096263,31.1308350678152
77,"web|multi_factor|low|multi_person",2.07210372142748,31.1308350678152
77,"web|two_factor|medium|multi_person",0.504148510868185,31.1308350678152
77,"mobile|two_factor|low|one_to_one",6.50879478947761,31.1308350678152
77,"web|two_factor|high|one_to_one",1.2629178245807,31.1308350678152
77,"web|two_factor|low|one_to_one",3.16995084980747,31.1308350678152
78,"web|simple|low|multi_person",2.77806441311934,31.0314551955954
78,"mobile|two_factor|low|multi_person",4.92104661343808,31.0314551955954
78,"web|two_factor|low|multi_person",2.99148106910509,31.0314551955954
78,"mobile|multi_factor|low|multi_person",4.20055113996136,31.0314551955954
78,"mobile|simple|medium|multi_person",2.49898782356514,31.0314551955954
78,"mobile|multi_factor|medium|multi_person",1.99190900607417,31.0314551955954
78,"web|multi_factor|medium|multi_person",0.062343461741188,31.0314551955954
78,"mobile|simple|high|multi_person",3.82347746375495,31.0314551955954
78,"web|simple|high|multi_person",1.89391191942197,31.0314551955954
78,"mobile|two_factor|high|multi_person",4.0368941197407,31.0314551955954
78,"mobile|multi_factor|high|multi_person",3.31639864626399,31.0314551955954
78,"mobile|simple|low|one_to_one",6.95458772385353,31.0314551955954
78,"web|simple|low|one_to_one",5.02502217952054,31.0314551955954
78,"mobile|multi_factor|low|one_to_one",6.44750890636256,31.0314551955954
78,"web|multi_factor|low|one_to_one",4.51794336202958,31.0314551955954
78,"mobile|simple|medium|one_to_one",4.74594558996634,31.0314551955954
78,"mobile|two_factor|medium|one_to_one",4.95936224595209,31.0314551955954
78,"mobile|multi_factor|medium|one_to_one",4.23886677247537,31.0314551955954
78,"web|multi_factor|medium|one_to_one",2.30930122814239,31.0314551955954
78,"web|simple|high|one_to_one",4.14086968582317,31.0314551955954
78,"mobile|two_factor|high|one_to_one",6.2838518861419,31.0314551955954
78,"mobile|multi_factor|high|one_to_one",5.56335641266519,31.0314551955954
78,"web|multi_factor|high|one_to_one",3.6337908683322,31.0314551955954
78,"web|simple|medium|multi_person",0.569422279232153,31.0314551955954
78,"mobile|two_factor|medium|multi_person",2.71240447955089,31.0314551955954
78,"web|two_factor|high|multi_person",2.10732857540772,31.0314551955954
78,"web|multi_factor|high|multi_person",1.386833101931,31.0314551955954
78,"web|simple|medium|one_to_one",2.81638004563335,31.0314551955954
78,"web|two_factor|medium|one_to_one",3.0297967016191,31.0314551955954
78,"mobile|simple|high|one_to_one",6.07043523015615,31.0314551955954
78,"mobile|simple|low|multi_person",4.70762995745233,31.0314551955954
78,"web|multi_factor|low|multi_person",2.27098559562838,31.0314551955954
78,"web|two_factor|medium|multi_person",0.782838935217903,31.0314551955954
78,"mobile|two_factor|low|one_to_one",7.16800437983928,31.0314551955954
78,"web|two_factor|high|one_to_one",4.35428634180892,31.0314551955954
78,"web|two_factor|low|one_to_one",5.23843883550629,31.0314551955954
79,"web|simple|low|multi_person",2.7773017623345,31.0825188990518
79,"mobile|two_factor|low|multi_person",3.57990394442559,31.0825188990518
79,"web|two_factor|low|multi_person",1.74234338766992,31.0825188990518
79,"mobile|multi_factor|low|multi_person",5.9912514841417,31.0825188990518
79,"mobile|simple|medium|multi_person",3.72064257240095,31.0825188990518
79,"mobile|multi_factor|medium|multi_person",5.09703173745248,31.0825188990518
79,"web|multi_factor|medium|multi_person",3.2594711806968,31.0825188990518
79,"mobile|simple|high|multi_person",3.43121566648369,31.0825188990518
79,"web|simple|high|multi_person",1.59365510972802,31.0825188990518
79,"mobile|two_factor|high|multi_person",2.39625729181911,31.0825188990518
79,"mobile|multi_factor|high|multi_person",4.80760483153522,31.0825188990518
79,"mobile|simple|low|one_to_one",4.90604760858108,31.0825188990518
79,"web|simple|low|one_to_one",3.06848705182541,31.0825188990518
79,"mobile|multi_factor|low|one_to_one",6.28243677363261,31.0825188990518
79,"web|multi_factor|low|one_to_one",4.44487621687694,31.0825188990518
79,"mobile|simple|medium|one_to_one",4.01182786189186,31.0825188990518
79,"mobile|two_factor|medium|one_to_one",2.97686948722727,31.0825188990518
79,"mobile|multi_factor|medium|one_to_one",5.38821702694338,31.0825188990518
79,"web|multi_factor|medium|one_to_one",3.55065647018771,31.0825188990518
79,"web|simple|high|one_to_one",1.88484039921893,31.0825188990518
79,"mobile|two_factor|high|one_to_one",2.68744258131002,31.0825188990518
79,"mobile|multi_factor|high|one_to_one",5.09879012102613,31.0825188990518
79,"web|multi_factor|high|one_to_one",3.26122956427045,31.0825188990518
79,"web|simple|medium|multi_person",1.88308201564528,31.0825188990518
79,"mobile|two_factor|medium|multi_person",2.68568419773637,31.0825188990518
79,"web|two_factor|high|multi_person",0.558696735063439,31.0825188990518
79,"web|multi_factor|high|multi_person",2.97004427477955,31.0825188990518
79,"web|simple|medium|one_to_one",2.17426730513618,31.0825188990518
79,"web|two_factor|medium|one_to_one",1.1393089304716,31.0825188990518
79,"mobile|simple|high|one_to_one",3.7224009559746,31.0825188990518
79,"mobile|simple|low|multi_person",4.61486231909018,31.0825188990518
79,"web|multi_factor|low|multi_person",4.15369092738603,31.0825188990518
79,"web|two_factor|medium|multi_person",0.848123640980694,31.0825188990518
79,"mobile|two_factor|low|one_to_one",3.8710892339165,31.0825188990518
79,"web|two_factor|high|one_to_one",0.849882024554345,31.0825188990518
79,"web|two_factor|low|one_to_one",2.03352867716083,31.0825188990518
80,"web|simple|low|multi_person",3.36393621990923,31.1734684145755
80,"mobile|two_factor|low|multi_person",4.74143294333708,31.1734684145755
80,"web|two_factor|low|multi_person",3.0274958853424,31.1734684145755
80,"mobile|multi_factor|low|multi_person",6.44932267939905,31.1734684145755
80,"mobile|simple|medium|multi_person",3.67342432794387,31.1734684145755
80,"mobile|multi_factor|medium|multi_person",5.044873729439,31.1734684145755
80,"web|multi_factor|medium|multi_person",3.33093667144433,31.1734684145755
80,"mobile|simple|high|multi_person",2.36111617789857,31.1734684145755
80,"web|simple|high|multi_person",0.647179119903894,31.1734684145755
80,"mobile|two_factor|high|multi_person",2.02467584333174,31.1734684145755
80,"mobile|multi_factor|high|multi_person",3.7325655793937,31.1734684145755
80,"mobile|simple|low|one_to_one",5.18160547565002,31.1734684145755
80,"web|simple|low|one_to_one",3.46766841765534,31.1734684145755
80,"mobile|multi_factor|low|one_to_one",6.55305487714515,31.1734684145755
80,"web|multi_factor|low|one_to_one",4.83911781915048,31.1734684145755
80,"mobile|simple|medium|one_to_one",3.77715652568998,31.1734684145755
80,"mobile|two_factor|medium|one_to_one",3.44071619112315,31.1734684145755
80,"mobile|multi_factor|medium|one_to_one",5.14860592718511,31.1734684145755
80,"web|multi_factor|medium|one_to_one",3.43466886919044,31.1734684145755
80,"web|simple|high|one_to_one",0.750911317650003,31.1734684145755
80,"mobile|two_factor|high|one_to_one",2.12840804107785,31.1734684145755
80,"mobile|multi_factor|high|one_to_one",3.83629777713981,31.1734684145755
80,"web|multi_factor|high|one_to_one",2.12236071914514,31.1734684145755
80,"web|simple|medium|multi_person",1.95948726994919,31.1734684145755
80,"mobile|two_factor|medium|multi_person",3.33698399337704,31.1734684145755
80,"web|two_factor|high|multi_person",0.310738785337058,31.1734684145755
80,"web|multi_factor|high|multi_person",2.01862852139903,31.1734684145755
80,"web|simple|medium|one_to_one",2.0632194676953,31.1734684145755
80,"web|two_factor|medium|one_to_one",1.72677913312847,31.1734684145755
80,"mobile|simple|high|one_to_one",2.46484837564468,31.1734684145755
80,"mobile|simple|low|multi_person",5.07787327790391,31.1734684145755
80,"web|multi_factor|low|multi_person",4.73538562140437,31.1734684145755
80,"web|two_factor|medium|multi_person",1.62304693538236,31.1734684145755
80,"mobile|two_factor|low|one_to_one",4.84516514108319,31.1734684145755
80,"web|two_factor|high|one_to_one",0.414470983083168,31.1734684145755
80,"web|two_factor|low|one_to_one",3.13122808308851,31.1734684145755
81,"web|simple|low|multi_person",2.16894064533254,31.0244793631437
81,"mobile|two_factor|low|multi_person",4.8775887461985,31.0244793631437
81,"web|two_factor|low|multi_person",2.31059864204088,31.0244793631437
81,"mobile|multi_factor|low|multi_person",4.48687048293764,31.0244793631437
81,"mobile|simple|medium|multi_person",3.52795278726814,31.0244793631437
81,"mobile|multi_factor|medium|multi_person",3.27889252071562,31.0244793631437
81,"web|multi_factor|medium|multi_person",0.711902416558004,31.0244793631437
81,"mobile|simple|high|multi_person",4.93802823784852,31.0244793631437
81,"web|simple|high|multi_person",2.3710381336909,31.0244793631437
81,"mobile|two_factor|high|multi_person",5.07968623455687,31.0244793631437
81,"mobile|multi_factor|high|multi_person",4.688967971296,31.0244793631437
81,"mobile|simple|low|one_to_one",5.59103677449936,31.0244793631437
81,"web|simple|low|one_to_one",3.02404667034174,31.0244793631437
81,"mobile|multi_factor|low|one_to_one",5.34197650794684,31.0244793631437
81,"web|multi_factor|low|one_to_one",2.77498640378922,31.0244793631437
81,"mobile|simple|medium|one_to_one",4.38305881227734,31.0244793631437
81,"mobile|two_factor|medium|one_to_one",4.52471680898569,31.0244793631437
81,"mobile|multi_factor|medium|one_to_one",4.13399854572482,31.0244793631437
81,"web|multi_factor|medium|one_to_one",1.5670084415672,31.0244793631437
81,"web|simple|high|one_to_one",3.2261441587001,31.0244793631437
81,"mobile|two_factor|high|one_to_one",5.93479225956607,31.0244793631437
81,"mobile|multi_factor|high|one_to_one",5.54407399630521,31.0244793631437
81,"web|multi_factor|high|one_to_one",2.97708389214759,31.0244793631437
81,"web|simple|medium|multi_person",0.960962683110522,31.0244793631437
81,"mobile|two_factor|medium|multi_person",3.66961078397649,31.0244793631437
81,"web|two_factor|high|multi_person",2.51269613039925,31.0244793631437
81,"web|multi_factor|high|multi_person",2.12197786713839,31.0244793631437
81,"web|simple|medium|one_to_one",1.81606870811972,31.0244793631437
81,"web|two_factor|medium|one_to_one",1.95772670482807,31.0244793631437
81,"mobile|simple|high|one_to_one",5.79313426285772,31.0244793631437
81,"mobile|simple|low|multi_person",4.73593074949016,31.0244793631437
81,"web|multi_factor|low|multi_person",1.91988037878002,31.0244793631437
81,"web|two_factor|medium|multi_person",1.10262067981887,31.0244793631437
81,"mobile|two_factor|low|one_to_one",5.7326947712077,31.0244793631437
81,"web|two_factor|high|one_to_one",3.36780215540845,31.0244793631437
81,"web|two_factor|low|one_to_one",3.16570466705008,31.0244793631437
82,"web|simple|low|multi_person",2.97061415325306,31.1608500450674
82,"mobile|two_factor|low|multi_person",4.03173430534652,31.1608500450674
82,"web|two_factor|low|multi_person",1.33712370105434,31.1608500450674
82,"mobile|multi_factor|low|multi_person",5.65478212408272,31.1608500450674
82,"mobile|simple|medium|multi_person",4.13476214280954,31.1608500450674
82,"mobile|multi_factor|medium|multi_person",4.12431950934701,31.1608500450674
82,"web|multi_factor|medium|multi_person",1.42970890505483,31.1608500450674
82,"mobile|simple|high|multi_person",5.53036868560744,31.1608500450674
82,"web|simple|high|multi_person",2.83575808131526,31.1608500450674
82,"mobile|two_factor|high|multi_person",3.89687823340872,31.1608500450674
82,"mobile|multi_factor|high|multi_person",5.51992605214492,31.1608500450674
82,"mobile|simple|low|one_to_one",5.71804590432811,31.1608500450674
82,"web|simple|low|one_to_one",3.02343530003593,31.1608500450674
82,"mobile|multi_factor|low|one_to_one",5.70760327086558,31.1608500450674
82,"web|multi_factor|low|one_to_one",3.0129926665734,31.1608500450674
82,"mobile|simple|medium|one_to_one",4.1875832895924,31.1608500450674
82,"mobile|two_factor|medium|one_to_one",2.55409283739367,31.1608500450674
82,"mobile|multi_factor|medium|one_to_one",4.17714065612988,31.1608500450674
82,"web|multi_factor|medium|one_to_one",1.4825300518377,31.1608500450674
82,"web|simple|high|one_to_one",2.88857922809813,31.1608500450674
82,"mobile|two_factor|high|one_to_one",3.94969938019158,31.1608500450674
82,"mobile|multi_factor|high|one_to_one",5.57274719892778,31.1608500450674
82,"web|multi_factor|high|one_to_one",2.8781365946356,31.1608500450674
82,"web|simple|medium|multi_person",1.44015153851736,31.1608500450674
82,"mobile|two_factor|medium|multi_person",2.50127169061081,31.1608500450674
82,"web|two_factor|high|multi_person",1.20226762911654,31.1608500450674
82,"web|multi_factor|high|multi_person",2.82531544785274,31.1608500450674
82,"web|simple|medium|one_to_one",1.49297268530022,31.1608500450674
82,"web|two_factor|medium|one_to_one",-0.140517766898506,31.1608500450674
82,"mobile|simple|high|one_to_one",5.58318983239031,31.1608500450674
82,"mobile|simple|low|multi_person",5.66522475754524,31.1608500450674
82,"web|multi_factor|low|multi_person",2.96017151979054,31.1608500450674
82,"web|two_factor|medium|multi_person",-0.193338913681369,31.1608500450674
82,"mobile|two_factor|low|one_to_one",4.08455545212938,31.1608500450674
82,"web|two_factor|high|one_to_one",1.2550887758994,31.1608500450674
82,"web|two_factor|low|one_to_one",1.3899448478372,31.1608500450674
83,"web|simple|low|multi_person",2.24855919526628,31.1814938676804
83,"mobile|two_factor|low|multi_person",5.20301630573278,31.1814938676804
83,"web|two_factor|low|multi_person",2.5192025278447,31.1814938676804
83,"mobile|multi_factor|low|multi_person",4.47818903496384,31.1814938676804
83,"mobile|simple|medium|multi_person",3.84112326582045,31.1814938676804
83,"mobile|multi_factor|medium|multi_person",3.38693932762993,31.1814938676804
83,"web|multi_factor|medium|multi_person",0.703125549741854,31.1814938676804
83,"mobile|simple|high|multi_person",4.09683140014732,31.1814938676804
83,"web|simple|high|multi_person",1.41301762225924,31.1814938676804
83,"mobile|two_factor|high|multi_person",4.36747473272574,31.1814938676804
83,"mobile|multi_factor|high|multi_person",3.6426474619568,31.1814938676804
83,"mobile|simple|low|one_to_one",7.08748132575834,31.1814938676804
83,"web|simple|low|one_to_one",4.40366754787026,31.1814938676804
83,"mobile|multi_factor|low|one_to_one",6.63329738756782,31.1814938676804
83,"web|multi_factor|low|one_to_one",3.94948360967974,31.1814938676804
83,"mobile|simple|medium|one_to_one",5.99623161842443,31.1814938676804
83,"mobile|two_factor|medium|one_to_one",6.26687495100284,31.1814938676804
83,"mobile|multi_factor|medium|one_to_one",5.54204768023391,31.1814938676804
83,"web|multi_factor|medium|one_to_one",2.85823390234583,31.1814938676804
83,"web|simple|high|one_to_one",3.56812597486322,31.1814938676804
83,"mobile|two_factor|high|one_to_one",6.52258308532972,31.1814938676804
83,"mobile|multi_factor|high|one_to_one",5.79775581456078,31.1814938676804
83,"web|multi_factor|high|one_to_one",3.1139420366727,31.1814938676804
83,"web|simple|medium|multi_person",1.15730948793237,31.1814938676804
83,"mobile|two_factor|medium|multi_person",4.11176659839886,31.1814938676804
83,"web|two_factor|high|multi_person",1.68366095483766,31.1814938676804
83,"web|multi_factor|high|multi_person",0.958833684068725,31.1814938676804
83,"web|simple|medium|one_to_one",3.31241784053635,31.1814938676804
83,"web|two_factor|medium|one_to_one",3.58306117311477,31.1814938676804
83,"mobile|simple|high|one_to_one",6.2519397527513,31.1814938676804
83,"mobile|simple|low|multi_person",4.93237297315436,31.1814938676804
83,"web|multi_factor|low|multi_person",1.79437525707576,31.1814938676804
83,"web|two_factor|medium|multi_person",1.42795282051078,31.1814938676804
83,"mobile|two_factor|low|one_to_one",7.35812465833676,31.1814938676804
83,"web|two_factor|high|one_to_one",3.83876930744164,31.1814938676804
83,"web|two_factor|low|one_to_one",4.67431088044868,31.1814938676804
84,"web|simple|low|multi_person",1.76314486414353,30.8703867768433
84,"mobile|two_factor|low|multi_person",5.50702139824814,30.8703867768433
84,"web|two_factor|low|multi_person",2.46318909582716,30.8703867768433
84,"mobile|multi_factor|low|multi_person",6.12784242609024,30.8703867768433
84,"mobile|simple|medium|multi_person",2.71383312350821,30.8703867768433
84,"mobile|multi_factor|medium|multi_person",4.03469838303394,30.8703867768433
84,"web|multi_factor|medium|multi_person",0.990866080612962,30.8703867768433
84,"mobile|simple|high|multi_person",3.28149825952463,30.8703867768433
84,"web|simple|high|multi_person",0.237665957103646,30.8703867768433
84,"mobile|two_factor|high|multi_person",3.98154249120826,30.8703867768433
84,"mobile|multi_factor|high|multi_person",4.60236351905036,30.8703867768433
84,"mobile|simple|low|one_to_one",6.38722150461362,30.8703867768433
84,"web|simple|low|one_to_one",3.34338920219264,30.8703867768433
84,"mobile|multi_factor|low|one_to_one",7.70808676413935,30.8703867768433
84,"web|multi_factor|low|one_to_one",4.66425446171837,30.8703867768433
84,"mobile|simple|medium|one_to_one",4.29407746155732,30.8703867768433
84,"mobile|two_factor|medium|one_to_one",4.99412169324096,30.8703867768433
84,"mobile|multi_factor|medium|one_to_one",5.61494272108305,30.8703867768433
84,"web|multi_factor|medium|one_to_one",2.57111041866207,30.8703867768433
84,"web|simple|high|one_to_one",1.81791029515276,30.8703867768433
84,"mobile|two_factor|high|one_to_one",5.56178682925737,30.8703867768433
84,"mobile|multi_factor|high|one_to_one",6.18260785709947,30.8703867768433
84,"web|multi_factor|high|one_to_one",3.13877555467848,30.8703867768433
84,"web|simple|medium|multi_person",-0.329999178912767,30.8703867768433
84,"mobile|two_factor|medium|multi_person",3.41387735519185,30.8703867768433
84,"web|two_factor|high|multi_person",0.937710188787281,30.8703867768433
84,"web|multi_factor|high|multi_person",1.55853121662937,30.8703867768433
84,"web|simple|medium|one_to_one",1.25024515913634,30.8703867768433
84,"web|two_factor|medium|one_to_one",1.95028939081998,30.8703867768433
84,"mobile|simple|high|one_to_one",4.86174259757374,30.8703867768433
84,"mobile|simple|low|multi_person",4.80697716656451,30.8703867768433
84,"web|multi_factor|low|multi_person",3.08401012366926,30.8703867768433
84,"web|two_factor|medium|multi_person",0.370045052770868,30.8703867768433
84,"mobile|two_factor|low|one_to_one",7.08726573629725,30.8703867768433
84,"web|two_factor|high|one_to_one",2.51795452683639,30.8703867768433
84,"web|two_factor|low|one_to_one",4.04343343387627,30.8703867768433
86,"web|simple|low|multi_person",3.22007500545956,30.9050987078176
86,"mobile|two_factor|low|multi_person",3.34330470020817,30.9050987078176
86,"web|two_factor|low|multi_person",0.687459807175651,30.9050987078176
86,"mobile|multi_factor|low|multi_person",5.17662134545972,30.9050987078176
86,"mobile|simple|medium|multi_person",4.58026935696681,30.9050987078176
86,"mobile|multi_factor|medium|multi_person",3.88097080393445,30.9050987078176
86,"web|multi_factor|medium|multi_person",1.22512591090193,30.9050987078176
86,"mobile|simple|high|multi_person",4.75004745727061,30.9050987078176
86,"web|simple|high|multi_person",2.09420256423809,30.9050987078176
86,"mobile|two_factor|high|multi_person",2.2174322589867,30.9050987078176
86,"mobile|multi_factor|high|multi_person",4.05074890423825,30.9050987078176
86,"mobile|simple|low|one_to_one",7.13718400612004,30.9050987078176
86,"web|simple|low|one_to_one",4.48133911308752,30.9050987078176
86,"mobile|multi_factor|low|one_to_one",6.43788545308768,30.9050987078176
86,"web|multi_factor|low|one_to_one",3.78204056005516,30.9050987078176
86,"mobile|simple|medium|one_to_one",5.84153346459476,30.9050987078176
86,"mobile|two_factor|medium|one_to_one",3.30891826631085,30.9050987078176
86,"mobile|multi_factor|medium|one_to_one",5.14223491156241,30.9050987078176
86,"web|multi_factor|medium|one_to_one",2.48639001852989,30.9050987078176
86,"web|simple|high|one_to_one",3.35546667186604,30.9050987078176
86,"mobile|two_factor|high|one_to_one",3.47869636661465,30.9050987078176
86,"mobile|multi_factor|high|one_to_one",5.31201301186621,30.9050987078176
86,"web|multi_factor|high|one_to_one",2.65616811883369,30.9050987078176
86,"web|simple|medium|multi_person",1.92442446393429,30.9050987078176
86,"mobile|two_factor|medium|multi_person",2.0476541586829,30.9050987078176
86,"web|two_factor|high|multi_person",-0.438412634045821,30.9050987078176
86,"web|multi_factor|high|multi_person",1.39490401120573,30.9050987078176
86,"web|simple|medium|one_to_one",3.18568857156224,30.9050987078176
86,"web|two_factor|medium|one_to_one",0.653073373278334,30.9050987078176
86,"mobile|simple|high|one_to_one",6.01131156489856,30.9050987078176
86,"mobile|simple|low|multi_person",5.87591989849208,30.9050987078176
86,"web|multi_factor|low|multi_person",2.52077645242721,30.9050987078176
86,"web|two_factor|medium|multi_person",-0.60819073434962,30.9050987078176
86,"mobile|two_factor|low|one_to_one",4.60456880783613,30.9050987078176
86,"web|two_factor|high|one_to_one",0.822851473582133,30.9050987078176
86,"web|two_factor|low|one_to_one",1.9487239148036,30.9050987078176
87,"web|simple|low|multi_person",2.11763047257893,31.1303555555923
87,"mobile|two_factor|low|multi_person",5.23696156580748,31.1303555555923
87,"web|two_factor|low|multi_person",2.41382373412548,31.1303555555923
87,"mobile|multi_factor|low|multi_person",5.27234186974918,31.1303555555923
87,"mobile|simple|medium|multi_person",3.25792199114945,31.1303555555923
87,"mobile|multi_factor|medium|multi_person",3.5894955566377,31.1303555555923
87,"web|multi_factor|medium|multi_person",0.766357724955703,31.1303555555923
87,"mobile|simple|high|multi_person",3.78597340091472,31.1303555555923
87,"web|simple|high|multi_person",0.962835569232716,31.1303555555923
87,"mobile|two_factor|high|multi_person",4.08216666246127,31.1303555555923
87,"mobile|multi_factor|high|multi_person",4.11754696640297,31.1303555555923
87,"mobile|simple|low|one_to_one",6.0428301340169,31.1303555555923
87,"web|simple|low|one_to_one",3.2196923023349,31.1303555555923
87,"mobile|multi_factor|low|one_to_one",6.37440369950515,31.1303555555923
87,"web|multi_factor|low|one_to_one",3.55126586782315,31.1303555555923
87,"mobile|simple|medium|one_to_one",4.35998382090543,31.1303555555923
87,"mobile|two_factor|medium|one_to_one",4.65617708245198,31.1303555555923
87,"mobile|multi_factor|medium|one_to_one",4.69155738639368,31.1303555555923
87,"web|multi_factor|medium|one_to_one",1.86841955471168,31.1303555555923
87,"web|simple|high|one_to_one",2.06489739898869,31.1303555555923
87,"mobile|two_factor|high|one_to_one",5.18422849221724,31.1303555555923
87,"mobile|multi_factor|high|one_to_one",5.21960879615894,31.1303555555923
87,"web|multi_factor|high|one_to_one",2.39647096447694,31.1303555555923
87,"web|simple|medium|multi_person",0.434784159467453,31.1303555555923
87,"mobile|two_factor|medium|multi_person",3.554115252696,31.1303555555923
87,"web|two_factor|high|multi_person",1.25902883077927,31.1303555555923
87,"web|multi_factor|high|multi_person",1.29440913472097,31.1303555555923
87,"web|simple|medium|one_to_one",1.53684598922343,31.1303555555923
87,"web|two_factor|medium|one_to_one",1.83303925076998,31.1303555555923
87,"mobile|simple|high|one_to_one",4.88803523067069,31.1303555555923
87,"mobile|simple|low|multi_person",4.94076830426093,31.1303555555923
87,"web|multi_factor|low|multi_person",2.44920403806718,31.1303555555923
87,"web|two_factor|medium|multi_person",0.730977421014003,31.1303555555923
87,"mobile|two_factor|low|one_to_one",6.33902339556345,31.1303555555923
87,"web|two_factor|high|one_to_one",2.36109066053524,31.1303555555923
87,"web|two_factor|low|one_to_one",3.51588556388145,31.1303555555923
88,"web|simple|low|multi_person",3.83888673967464,30.5253057619953
88,"mobile|two_factor|low|multi_person",6.27270018416093,30.5253057619953
88,"web|two_factor|low|multi_person",3.00292381662595,30.5253057619953
88,"mobile|multi_factor|low|multi_person",6.66062409320572,30.5253057619953
88,"mobile|simple|medium|multi_person",4.21492940587129,30.5253057619953
88,"mobile|multi_factor|medium|multi_person",3.76689039186739,30.5253057619953
88,"web|multi_factor|medium|multi_person",0.497114024332406,30.5253057619953
88,"mobile|simple|high|multi_person",4.04077473215198,30.5253057619953
88,"web|simple|high|multi_person",0.770998364616996,30.5253057619953
88,"mobile|two_factor|high|multi_person",3.20481180910329,30.5253057619953
88,"mobile|multi_factor|high|multi_person",3.59273571814808,30.5253057619953
88,"mobile|simple|low|one_to_one",8.12611765027872,30.5253057619953
88,"web|simple|low|one_to_one",4.85634128274374,30.5253057619953
88,"mobile|multi_factor|low|one_to_one",7.67807863627482,30.5253057619953
88,"web|multi_factor|low|one_to_one",4.40830226873983,30.5253057619953
88,"mobile|simple|medium|one_to_one",5.23238394894039,30.5253057619953
88,"mobile|two_factor|medium|one_to_one",4.3964210258917,30.5253057619953
88,"mobile|multi_factor|medium|one_to_one",4.78434493493649,30.5253057619953
88,"web|multi_factor|medium|one_to_one",1.51456856740151,30.5253057619953
88,"web|simple|high|one_to_one",1.7884529076861,30.5253057619953
88,"mobile|two_factor|high|one_to_one",4.22226635217239,30.5253057619953
88,"mobile|multi_factor|high|one_to_one",4.61019026121718,30.5253057619953
88,"web|multi_factor|high|one_to_one",1.34041389368219,30.5253057619953
88,"web|simple|medium|multi_person",0.945153038336307,30.5253057619953
88,"mobile|two_factor|medium|multi_person",3.3789664828226,30.5253057619953
88,"web|two_factor|high|multi_person",-0.064964558431692,30.5253057619953
88,"web|multi_factor|high|multi_person",0.322959350613095,30.5253057619953
88,"web|simple|medium|one_to_one",1.96260758140541,30.5253057619953
88,"web|two_factor|medium|one_to_one",1.12664465835672,30.5253057619953
88,"mobile|simple|high|one_to_one",5.05822927522108,30.5253057619953
88,"mobile|simple|low|multi_person",7.10866310720962,30.5253057619953
88,"web|multi_factor|low|multi_person",3.39084772567074,30.5253057619953
88,"web|two_factor|medium|multi_person",0.109190115287619,30.5253057619953
88,"mobile|two_factor|low|one_to_one",7.29015472723003,30.5253057619953
88,"web|two_factor|high|one_to_one",0.952489984637408,30.5253057619953
88,"web|two_factor|low|one_to_one",4.02037835969505,30.5253057619953
90,"web|simple|low|multi_person",2.95432344178722,31.0800473204522
90,"mobile|two_factor|low|multi_person",5.3802024283235,31.0800473204522
90,"web|two_factor|low|multi_person",2.46269330509191,31.0800473204522
90,"mobile|multi_factor|low|multi_person",6.35627374042717,31.0800473204522
90,"mobile|simple|medium|multi_person",3.87463666137117,31.0800473204522
90,"mobile|multi_factor|medium|multi_person",4.35907783677951,31.0800473204522
90,"web|multi_factor|medium|multi_person",1.44156871354791,31.0800473204522
90,"mobile|simple|high|multi_person",3.86680830403209,31.0800473204522
90,"web|simple|high|multi_person",0.949299180800494,31.0800473204522
90,"mobile|two_factor|high|multi_person",3.37517816733678,31.0800473204522
90,"mobile|multi_factor|high|multi_person",4.35124947944044,31.0800473204522
90,"mobile|simple|low|one_to_one",6.4396582097196,31.0800473204522
90,"web|simple|low|one_to_one",3.522149086488,31.0800473204522
90,"mobile|multi_factor|low|one_to_one",6.92409938512794,31.0800473204522
90,"web|multi_factor|low|one_to_one",4.00659026189635,31.0800473204522
90,"mobile|simple|medium|one_to_one",4.44246230607194,31.0800473204522
90,"mobile|two_factor|medium|one_to_one",3.95083216937663,31.0800473204522
90,"mobile|multi_factor|medium|one_to_one",4.92690348148029,31.0800473204522
90,"web|multi_factor|medium|one_to_one",2.00939435824869,31.0800473204522
90,"web|simple|high|one_to_one",1.51712482550127,31.0800473204522
90,"mobile|two_factor|high|one_to_one",3.94300381203756,31.0800473204522
90,"mobile|multi_factor|high|one_to_one",4.91907512414122,31.0800473204522
90,"web|multi_factor|high|one_to_one",2.00156600090962,31.0800473204522
90,"web|simple|medium|multi_person",0.957127538139567,31.0800473204522
90,"mobile|two_factor|medium|multi_person",3.38300652467585,31.0800473204522
90,"web|two_factor|high|multi_person",0.457669044105178,31.0800473204522
90,"web|multi_factor|high|multi_person",1.43374035620884,31.0800473204522
90,"web|simple|medium|one_to_one",1.52495318284035,31.0800473204522
90,"web|two_factor|medium|one_to_one",1.03332304614503,31.0800473204522
90,"mobile|simple|high|one_to_one",4.43463394873287,31.0800473204522
90,"mobile|simple|low|multi_person",5.87183256501882,31.0800473204522
90,"web|multi_factor|low|multi_person",3.43876461719557,31.0800473204522
90,"web|two_factor|medium|multi_person",0.465497401444251,31.0800473204522
90,"mobile|two_factor|low|one_to_one",5.94802807302428,31.0800473204522
90,"web|two_factor|high|one_to_one",1.02549468880596,31.0800473204522
90,"web|two_factor|low|one_to_one",3.03051894979268,31.0800473204522
91,"web|simple|low|multi_person",2.66665050631719,30.3092792851799
91,"mobile|two_factor|low|multi_person",4.91517610544892,30.3092792851799
91,"web|two_factor|low|multi_person",1.10493374073498,30.3092792851799
91,"mobile|multi_factor|low|multi_person",5.09786198638799,30.3092792851799
91,"mobile|simple|medium|multi_person",4.95755750848838,30.3092792851799
91,"mobile|multi_factor|medium|multi_person",3.57852662384524,30.3092792851799
91,"web|multi_factor|medium|multi_person",-0.231715740868696,30.3092792851799
91,"mobile|simple|high|multi_person",4.169143335094,30.3092792851799
91,"web|simple|high|multi_person",0.358900970380061,30.3092792851799
91,"mobile|two_factor|high|multi_person",2.6074265695118,30.3092792851799
91,"mobile|multi_factor|high|multi_person",2.79011245045086,30.3092792851799
91,"mobile|simple|low|one_to_one",9.19719299314453,30.3092792851799
91,"web|simple|low|one_to_one",5.38695062843059,30.3092792851799
91,"mobile|multi_factor|low|one_to_one",7.81816210850139,30.3092792851799
91,"web|multi_factor|low|one_to_one",4.00791974378745,30.3092792851799
91,"mobile|simple|medium|one_to_one",7.67785763060178,30.3092792851799
91,"mobile|two_factor|medium|one_to_one",6.11614086501957,30.3092792851799
91,"mobile|multi_factor|medium|one_to_one",6.29882674595864,30.3092792851799
91,"web|multi_factor|medium|one_to_one",2.4885843812447,30.3092792851799
91,"web|simple|high|one_to_one",3.07920109249346,30.3092792851799
91,"mobile|two_factor|high|one_to_one",5.32772669162519,30.3092792851799
91,"mobile|multi_factor|high|one_to_one",5.51041257256426,30.3092792851799
91,"web|multi_factor|high|one_to_one",1.70017020785032,30.3092792851799
91,"web|simple|medium|multi_person",1.14731514377444,30.3092792851799
91,"mobile|two_factor|medium|multi_person",3.39584074290617,30.3092792851799
91,"web|two_factor|high|multi_person",-1.20281579520214,30.3092792851799
91,"web|multi_factor|high|multi_person",-1.02012991426308,30.3092792851799
91,"web|simple|medium|one_to_one",3.86761526588784,30.3092792851799
91,"web|two_factor|medium|one_to_one",2.30589850030564,30.3092792851799
91,"mobile|simple|high|one_to_one",6.8894434572074,30.3092792851799
91,"mobile|simple|low|multi_person",6.47689287103113,30.3092792851799
91,"web|multi_factor|low|multi_person",1.28761962167405,30.3092792851799
91,"web|two_factor|medium|multi_person",-0.414401621807765,30.3092792851799
91,"mobile|two_factor|low|one_to_one",7.63547622756233,30.3092792851799
91,"web|two_factor|high|one_to_one",1.51748432691126,30.3092792851799
91,"web|two_factor|low|one_to_one",3.82523386284839,30.3092792851799
92,"web|simple|low|multi_person",2.2507049995702,30.933996282263
92,"mobile|two_factor|low|multi_person",5.06775545569736,30.933996282263
92,"web|two_factor|low|multi_person",1.92050780927814,30.933996282263
92,"mobile|multi_factor|low|multi_person",5.91838077393901,30.933996282263
92,"mobile|simple|medium|multi_person",3.3145468863046,30.933996282263
92,"mobile|multi_factor|medium|multi_person",3.83497501425419,30.933996282263
92,"web|multi_factor|medium|multi_person",0.687727367834966,30.933996282263
92,"mobile|simple|high|multi_person",3.47052808461923,30.933996282263
92,"web|simple|high|multi_person",0.323280438200015,30.933996282263
92,"mobile|two_factor|high|multi_person",3.14033089432717,30.933996282263
92,"mobile|multi_factor|high|multi_person",3.99095621256882,30.933996282263
92,"mobile|simple|low|one_to_one",7.40595768188176,30.933996282263
92,"web|simple|low|one_to_one",4.25871003546254,30.933996282263
92,"mobile|multi_factor|low|one_to_one",7.92638580983135,30.933996282263
92,"web|multi_factor|low|one_to_one",4.77913816341213,30.933996282263
92,"mobile|simple|medium|one_to_one",5.32255192219694,30.933996282263
92,"mobile|two_factor|medium|one_to_one",4.99235473190487,30.933996282263
92,"mobile|multi_factor|medium|one_to_one",5.84298005014653,30.933996282263
92,"web|multi_factor|medium|one_to_one",2.69573240372731,30.933996282263
92,"web|simple|high|one_to_one",2.33128547409235,30.933996282263
92,"mobile|two_factor|high|one_to_one",5.14833593021951,30.933996282263
92,"mobile|multi_factor|high|one_to_one",5.99896124846116,30.933996282263
92,"web|multi_factor|high|one_to_one",2.85171360204194,30.933996282263
92,"web|simple|medium|multi_person",0.167299239885376,30.933996282263
92,"mobile|two_factor|medium|multi_person",2.98434969601253,30.933996282263
92,"web|two_factor|high|multi_person",-0.00691675209204989,30.933996282263
92,"web|multi_factor|high|multi_person",0.843708566149604,30.933996282263
92,"web|simple|medium|one_to_one",2.17530427577772,30.933996282263
92,"web|two_factor|medium|one_to_one",1.84510708548565,30.933996282263
92,"mobile|simple|high|one_to_one",5.47853312051157,30.933996282263
92,"mobile|simple|low|multi_person",5.39795264598942,30.933996282263
92,"web|multi_factor|low|multi_person",2.77113312751979,30.933996282263
92,"web|two_factor|medium|multi_person",-0.162897950406688,30.933996282263
92,"mobile|two_factor|low|one_to_one",7.0757604915897,30.933996282263
92,"web|two_factor|high|one_to_one",2.00108828380029,30.933996282263
92,"web|two_factor|low|one_to_one",3.92851284517048,30.933996282263
93,"web|simple|low|multi_person",1.8485548116615,30.7249714326526
93,"mobile|two_factor|low|multi_person",4.41289246441933,30.7249714326526
93,"web|two_factor|low|multi_person",1.63676208619399,30.7249714326526
93,"mobile|multi_factor|low|multi_person",5.04661633418551,30.7249714326526
93,"mobile|simple|medium|multi_person",3.21925773455174,30.7249714326526
93,"mobile|multi_factor|medium|multi_person",3.64118887885041,30.7249714326526
93,"web|multi_factor|medium|multi_person",0.865058500625074,30.7249714326526
93,"mobile|simple|high|multi_person",4.37292283805977,30.7249714326526
93,"web|simple|high|multi_person",1.59679245983443,30.7249714326526
93,"mobile|two_factor|high|multi_person",4.16113011259226,30.7249714326526
93,"mobile|multi_factor|high|multi_person",4.79485398235844,30.7249714326526
93,"mobile|simple|low|one_to_one",6.09699655703375,30.7249714326526
93,"web|simple|low|one_to_one",3.32086617880841,30.7249714326526
93,"mobile|multi_factor|low|one_to_one",6.51892770133242,30.7249714326526
93,"web|multi_factor|low|one_to_one",3.74279732310708,30.7249714326526
93,"mobile|simple|medium|one_to_one",4.69156910169865,30.7249714326526
93,"mobile|two_factor|medium|one_to_one",4.47977637623114,30.7249714326526
93,"mobile|multi_factor|medium|one_to_one",5.11350024599732,30.7249714326526
93,"web|multi_factor|medium|one_to_one",2.33736986777198,30.7249714326526
93,"web|simple|high|one_to_one",3.06910382698134,30.7249714326526
93,"mobile|two_factor|high|one_to_one",5.63344147973917,30.7249714326526
93,"mobile|multi_factor|high|one_to_one",6.26716534950535,30.7249714326526
93,"web|multi_factor|high|one_to_one",3.49103497128001,30.7249714326526
93,"web|simple|medium|multi_person",0.443127356326403,30.7249714326526
93,"mobile|two_factor|medium|multi_person",3.00746500908423,30.7249714326526
93,"web|two_factor|high|multi_person",1.38499973436692,30.7249714326526
93,"web|multi_factor|high|multi_person",2.0187236041331,30.7249714326526
93,"web|simple|medium|one_to_one",1.91543872347331,30.7249714326526
93,"web|two_factor|medium|one_to_one",1.7036459980058,30.7249714326526
93,"mobile|simple|high|one_to_one",5.84523420520668,30.7249714326526
93,"mobile|simple|low|multi_person",4.62468518988684,30.7249714326526
93,"web|multi_factor|low|multi_person",2.27048595596017,30.7249714326526
93,"web|two_factor|medium|multi_person",0.231334630858891,30.7249714326526
93,"mobile|two_factor|low|one_to_one",5.88520383156623,30.7249714326526
93,"web|two_factor|high|one_to_one",2.85731110151383,30.7249714326526
93,"web|two_factor|low|one_to_one",3.10907345334089,30.7249714326526
94,"web|simple|low|multi_person",2.8327155875231,31.0658625413934
94,"mobile|two_factor|low|multi_person",4.74567673564862,31.0658625413934
94,"web|two_factor|low|multi_person",2.49590218219083,31.0658625413934
94,"mobile|multi_factor|low|multi_person",3.96938221920871,31.0658625413934
94,"mobile|simple|medium|multi_person",3.98255872159947,31.0658625413934
94,"mobile|multi_factor|medium|multi_person",2.86945079982731,31.0658625413934
94,"web|multi_factor|medium|multi_person",0.61967624636953,31.0658625413934
94,"mobile|simple|high|multi_person",3.42326180644772,31.0658625413934
94,"web|simple|high|multi_person",1.17348725298994,31.0658625413934
94,"mobile|two_factor|high|multi_person",3.08644840111546,31.0658625413934
94,"mobile|multi_factor|high|multi_person",2.31015388467556,31.0658625413934
94,"mobile|simple|low|one_to_one",7.25389438896384,31.0658625413934
94,"web|simple|low|one_to_one",5.00411983550606,31.0658625413934
94,"mobile|multi_factor|low|one_to_one",6.14078646719167,31.0658625413934
94,"web|multi_factor|low|one_to_one",3.89101191373389,31.0658625413934
94,"mobile|simple|medium|one_to_one",6.15396296958244,31.0658625413934
94,"mobile|two_factor|medium|one_to_one",5.81714956425017,31.0658625413934
94,"mobile|multi_factor|medium|one_to_one",5.04085504781027,31.0658625413934
94,"web|multi_factor|medium|one_to_one",2.79108049435249,31.0658625413934
94,"web|simple|high|one_to_one",3.3448915009729,31.0658625413934
94,"mobile|two_factor|high|one_to_one",5.25785264909842,31.0658625413934
94,"mobile|multi_factor|high|one_to_one",4.48155813265852,31.0658625413934
94,"web|multi_factor|high|one_to_one",2.23178357920074,31.0658625413934
94,"web|simple|medium|multi_person",1.7327841681417,31.0658625413934
94,"mobile|two_factor|medium|multi_person",3.64574531626721,31.0658625413934
94,"web|two_factor|high|multi_person",0.836673847657681,31.0658625413934
94,"web|multi_factor|high|multi_person",0.0603793312177789,31.0658625413934
94,"web|simple|medium|one_to_one",3.90418841612465,31.0658625413934
94,"web|two_factor|medium|one_to_one",3.56737501079239,31.0658625413934
94,"mobile|simple|high|one_to_one",5.59466605443068,31.0658625413934
94,"mobile|simple|low|multi_person",5.08249014098088,31.0658625413934
94,"web|multi_factor|low|multi_person",1.71960766575093,31.0658625413934
94,"web|two_factor|medium|multi_person",1.39597076280943,31.0658625413934
94,"mobile|two_factor|low|one_to_one",6.91708098363157,31.0658625413934
94,"web|two_factor|high|one_to_one",3.00807809564064,31.0658625413934
94,"web|two_factor|low|one_to_one",4.6673064301738,31.0658625413934
95,"web|simple|low|multi_person",2.47686559224623,31.2161190633437
95,"mobile|two_factor|low|multi_person",5.20034080133835,31.2161190633437
95,"web|two_factor|low|multi_person",2.06002665435473,31.2161190633437
95,"mobile|multi_factor|low|multi_person",5.67376368029037,31.2161190633437
95,"mobile|simple|medium|multi_person",4.73165739359925,31.2161190633437
95,"mobile|multi_factor|medium|multi_person",4.78824133465976,31.2161190633437
95,"web|multi_factor|medium|multi_person",1.64792718767614,31.2161190633437
95,"mobile|simple|high|multi_person",3.73047303716836,31.2161190633437
95,"web|simple|high|multi_person",0.590158890184737,31.2161190633437
95,"mobile|two_factor|high|multi_person",3.31363409927686,31.2161190633437
95,"mobile|multi_factor|high|multi_person",3.78705697822887,31.2161190633437
95,"mobile|simple|low|one_to_one",6.54893520824429,31.2161190633437
95,"web|simple|low|one_to_one",3.40862106126067,31.2161190633437
95,"mobile|multi_factor|low|one_to_one",6.60551914930481,31.2161190633437
95,"web|multi_factor|low|one_to_one",3.46520500232119,31.2161190633437
95,"mobile|simple|medium|one_to_one",5.66341286261368,31.2161190633437
95,"mobile|two_factor|medium|one_to_one",5.24657392472218,31.2161190633437
95,"mobile|multi_factor|medium|one_to_one",5.7199968036742,31.2161190633437
95,"web|multi_factor|medium|one_to_one",2.57968265669058,31.2161190633437
95,"web|simple|high|one_to_one",1.52191435919917,31.2161190633437
95,"mobile|two_factor|high|one_to_one",4.24538956829129,31.2161190633437
95,"mobile|multi_factor|high|one_to_one",4.71881244724331,31.2161190633437
95,"web|multi_factor|high|one_to_one",1.57849830025969,31.2161190633437
95,"web|simple|medium|multi_person",1.59134324661563,31.2161190633437
95,"mobile|two_factor|medium|multi_person",4.31481845570775,31.2161190633437
95,"web|two_factor|high|multi_person",0.173319952293236,31.2161190633437
95,"web|multi_factor|high|multi_person",0.646742831245254,31.2161190633437
95,"web|simple|medium|one_to_one",2.52309871563006,31.2161190633437
95,"web|two_factor|medium|one_to_one",2.10625977773856,31.2161190633437
95,"mobile|simple|high|one_to_one",4.66222850618279,31.2161190633437
95,"mobile|simple|low|multi_person",5.61717973922985,31.2161190633437
95,"web|multi_factor|low|multi_person",2.53344953330675,31.2161190633437
95,"web|two_factor|medium|multi_person",1.17450430872413,31.2161190633437
95,"mobile|two_factor|low|one_to_one",6.13209627035279,31.2161190633437
95,"web|two_factor|high|one_to_one",1.10507542130767,31.2161190633437
95,"web|two_factor|low|one_to_one",2.99178212336917,31.2161190633437
96,"web|simple|low|multi_person",2.5863520114846,31.2070594227878
96,"mobile|two_factor|low|multi_person",6.28546655766836,31.2070594227878
96,"web|two_factor|low|multi_person",3.49327826919962,31.2070594227878
96,"mobile|multi_factor|low|multi_person",4.80182941609115,31.2070594227878
96,"mobile|simple|medium|multi_person",3.68790335135084,31.2070594227878
96,"mobile|multi_factor|medium|multi_person",3.11119246748865,31.2070594227878
96,"web|multi_factor|medium|multi_person",0.319004179019907,31.2070594227878
96,"mobile|simple|high|multi_person",3.6731094923038,31.2070594227878
96,"web|simple|high|multi_person",0.880921203835056,31.2070594227878
96,"mobile|two_factor|high|multi_person",4.58003575001881,31.2070594227878
96,"mobile|multi_factor|high|multi_person",3.09639860844161,31.2070594227878
96,"mobile|simple|low|one_to_one",6.57831482968607,31.2070594227878
96,"web|simple|low|one_to_one",3.78612654121733,31.2070594227878
96,"mobile|multi_factor|low|one_to_one",6.00160394582388,31.2070594227878
96,"web|multi_factor|low|one_to_one",3.20941565735514,31.2070594227878
96,"mobile|simple|medium|one_to_one",4.88767788108357,31.2070594227878
96,"mobile|two_factor|medium|one_to_one",5.79460413879858,31.2070594227878
96,"mobile|multi_factor|medium|one_to_one",4.31096699722138,31.2070594227878
96,"web|multi_factor|medium|one_to_one",1.51877870875264,31.2070594227878
96,"web|simple|high|one_to_one",2.08069573356779,31.2070594227878
96,"mobile|two_factor|high|one_to_one",5.77981027975154,31.2070594227878
96,"mobile|multi_factor|high|one_to_one",4.29617313817434,31.2070594227878
96,"web|multi_factor|high|one_to_one",1.5039848497056,31.2070594227878
96,"web|simple|medium|multi_person",0.895715062882095,31.2070594227878
96,"mobile|two_factor|medium|multi_person",4.59482960906585,31.2070594227878
96,"web|two_factor|high|multi_person",1.78784746155007,31.2070594227878
96,"web|multi_factor|high|multi_person",0.304210319972868,31.2070594227878
96,"web|simple|medium|one_to_one",2.09548959261482,31.2070594227878
96,"web|two_factor|medium|one_to_one",3.00241585032984,31.2070594227878
96,"mobile|simple|high|one_to_one",4.87288402203653,31.2070594227878
96,"mobile|simple|low|multi_person",5.37854029995334,31.2070594227878
96,"web|multi_factor|low|multi_person",2.00964112762241,31.2070594227878
96,"web|two_factor|medium|multi_person",1.80264132059711,31.2070594227878
96,"mobile|two_factor|low|one_to_one",7.48524108740109,31.2070594227878
96,"web|two_factor|high|one_to_one",2.9876219912828,31.2070594227878
96,"web|two_factor|low|one_to_one",4.69305279893235,31.2070594227878
97,"web|simple|low|multi_person",3.71321329678196,31.1902384644673
97,"mobile|two_factor|low|multi_person",5.78434240801526,31.1902384644673
97,"web|two_factor|low|multi_person",3.0190290954249,31.1902384644673
97,"mobile|multi_factor|low|multi_person",5.77469606281122,31.1902384644673
97,"mobile|simple|medium|multi_person",4.60700543480518,31.1902384644673
97,"mobile|multi_factor|medium|multi_person",3.90317488824408,31.1902384644673
97,"web|multi_factor|medium|multi_person",1.13786157565372,31.1902384644673
97,"mobile|simple|high|multi_person",4.9488614116336,31.1902384644673
97,"web|simple|high|multi_person",2.18354809904324,31.1902384644673
97,"mobile|two_factor|high|multi_person",4.25467721027654,31.1902384644673
97,"mobile|multi_factor|high|multi_person",4.2450308650725,31.1902384644673
97,"mobile|simple|low|one_to_one",7.5042459591222,31.1902384644673
97,"web|simple|low|one_to_one",4.73893264653184,31.1902384644673
97,"mobile|multi_factor|low|one_to_one",6.8004154125611,31.1902384644673
97,"web|multi_factor|low|one_to_one",4.03510209997074,31.1902384644673
97,"mobile|simple|medium|one_to_one",5.63272478455506,31.1902384644673
97,"mobile|two_factor|medium|one_to_one",4.938540583198,31.1902384644673
97,"mobile|multi_factor|medium|one_to_one",4.92889423799396,31.1902384644673
97,"web|multi_factor|medium|one_to_one",2.1635809254036,31.1902384644673
97,"web|simple|high|one_to_one",3.20926744879312,31.1902384644673
97,"mobile|two_factor|high|one_to_one",5.28039656002642,31.1902384644673
97,"mobile|multi_factor|high|one_to_one",5.27075021482237,31.1902384644673
97,"web|multi_factor|high|one_to_one",2.50543690223201,31.1902384644673
97,"web|simple|medium|multi_person",1.84169212221482,31.1902384644673
97,"mobile|two_factor|medium|multi_person",3.91282123344812,31.1902384644673
97,"web|two_factor|high|multi_person",1.48936389768618,31.1902384644673
97,"web|multi_factor|high|multi_person",1.47971755248214,31.1902384644673
97,"web|simple|medium|one_to_one",2.8674114719647,31.1902384644673
97,"web|two_factor|medium|one_to_one",2.17322727060764,31.1902384644673
97,"mobile|simple|high|one_to_one",5.97458076138348,31.1902384644673
97,"mobile|simple|low|multi_person",6.47852660937232,31.1902384644673
97,"web|multi_factor|low|multi_person",3.00938275022086,31.1902384644673
97,"web|two_factor|medium|multi_person",1.14750792085776,31.1902384644673
97,"mobile|two_factor|low|one_to_one",6.81006175776514,31.1902384644673
97,"web|two_factor|high|one_to_one",2.51508324743606,31.1902384644673
97,"web|two_factor|low|one_to_one",4.04474844517478,31.1902384644673
98,"web|simple|low|multi_person",1.70122312822656,30.7011652977186
98,"mobile|two_factor|low|multi_person",4.55187007376218,30.7011652977186
98,"web|two_factor|low|multi_person",2.02716578263568,30.7011652977186
98,"mobile|multi_factor|low|multi_person",4.60448445520174,30.7011652977186
98,"mobile|simple|medium|multi_person",2.86620187836029,30.7011652977186
98,"mobile|multi_factor|medium|multi_person",3.24475891420897,30.7011652977186
98,"web|multi_factor|medium|multi_person",0.720054623082472,30.7011652977186
98,"mobile|simple|high|multi_person",2.682804982263,30.7011652977186
98,"web|simple|high|multi_person",0.158100691136504,30.7011652977186
98,"mobile|two_factor|high|multi_person",3.00874763667212,30.7011652977186
98,"mobile|multi_factor|high|multi_person",3.06136201811168,30.7011652977186
98,"mobile|simple|low|one_to_one",7.08557474504892,30.7011652977186
98,"web|simple|low|one_to_one",4.56087045392242,30.7011652977186
98,"mobile|multi_factor|low|one_to_one",7.4641317808976,30.7011652977186
98,"web|multi_factor|low|one_to_one",4.9394274897711,30.7011652977186
98,"mobile|simple|medium|one_to_one",5.72584920405615,30.7011652977186
98,"mobile|two_factor|medium|one_to_one",6.05179185846527,30.7011652977186
98,"mobile|multi_factor|medium|one_to_one",6.10440623990483,30.7011652977186
98,"web|multi_factor|medium|one_to_one",3.57970194877833,30.7011652977186
98,"web|simple|high|one_to_one",3.01774801683236,30.7011652977186
98,"mobile|two_factor|high|one_to_one",5.86839496236798,30.7011652977186
98,"mobile|multi_factor|high|one_to_one",5.92100934380754,30.7011652977186
98,"web|multi_factor|high|one_to_one",3.39630505268104,30.7011652977186
98,"web|simple|medium|multi_person",0.341497587233793,30.7011652977186
98,"mobile|two_factor|medium|multi_person",3.19214453276941,30.7011652977186
98,"web|two_factor|high|multi_person",0.484043345545623,30.7011652977186
98,"web|multi_factor|high|multi_person",0.536657726985183,30.7011652977186
98,"web|simple|medium|one_to_one",3.20114491292965,30.7011652977186
98,"web|two_factor|medium|one_to_one",3.52708756733877,30.7011652977186
98,"mobile|simple|high|one_to_one",5.54245230795886,30.7011652977186
98,"mobile|simple|low|multi_person",4.22592741935306,30.7011652977186
98,"web|multi_factor|low|multi_person",2.07978016407524,30.7011652977186
98,"web|two_factor|medium|multi_person",0.667440241642913,30.7011652977186
98,"mobile|two_factor|low|one_to_one",7.41151739945804,30.7011652977186
98,"web|two_factor|high|one_to_one",3.34369067124148,30.7011652977186
98,"web|two_factor|low|one_to_one",4.88681310833154,30.7011652977186
99,"web|simple|low|multi_person",1.28521417575565,28.4461576059428
99,"mobile|two_factor|low|multi_person",6.34480697457416,28.4461576059428
99,"web|two_factor|low|multi_person",2.96544778489614,28.4461576059428
99,"mobile|multi_factor|low|multi_person",4.56969234601417,28.4461576059428
99,"mobile|simple|medium|multi_person",2.12512715736344,28.4461576059428
99,"mobile|multi_factor|medium|multi_person",2.03024613794394,28.4461576059428
99,"web|multi_factor|medium|multi_person",-1.34911305173408,28.4461576059428
99,"mobile|simple|high|multi_person",2.68836530136814,28.4461576059428
99,"web|simple|high|multi_person",-0.690993888309881,28.4461576059428
99,"mobile|two_factor|high|multi_person",4.36859891050863,28.4461576059428
99,"mobile|multi_factor|high|multi_person",2.59348428194864,28.4461576059428
99,"mobile|simple|low|one_to_one",9.57540303715269,28.4461576059428
99,"web|simple|low|one_to_one",6.19604384747467,28.4461576059428
99,"mobile|multi_factor|low|one_to_one",9.48052201773319,28.4461576059428
99,"web|multi_factor|low|one_to_one",6.10116282805517,28.4461576059428
99,"mobile|simple|medium|one_to_one",7.03595682908246,28.4461576059428
99,"mobile|two_factor|medium|one_to_one",8.71619043822295,28.4461576059428
99,"mobile|multi_factor|medium|one_to_one",6.94107580966296,28.4461576059428
99,"web|multi_factor|medium|one_to_one",3.56171661998494,28.4461576059428
99,"web|simple|high|one_to_one",4.21983578340914,28.4461576059428
99,"mobile|two_factor|high|one_to_one",9.27942858222765,28.4461576059428
99,"mobile|multi_factor|high|one_to_one",7.50431395366766,28.4461576059428
99,"web|multi_factor|high|one_to_one",4.12495476398964,28.4461576059428
99,"web|simple|medium|multi_person",-1.25423203231458,28.4461576059428
99,"mobile|two_factor|medium|multi_person",3.80536076650393,28.4461576059428
99,"web|two_factor|high|multi_person",0.989239720830611,28.4461576059428
99,"web|multi_factor|high|multi_person",-0.785874907729379,28.4461576059428
99,"web|simple|medium|one_to_one",3.65659763940444,28.4461576059428
99,"web|two_factor|medium|one_to_one",5.33683124854493,28.4461576059428
99,"mobile|simple|high|one_to_one",7.59919497308716,28.4461576059428
99,"mobile|simple|low|multi_person",4.66457336543367,28.4461576059428
99,"web|multi_factor|low|multi_person",1.19033315633615,28.4461576059428
99,"web|two_factor|medium|multi_person",0.42600157682591,28.4461576059428
99,"mobile|two_factor|low|one_to_one",11.2556366462932,28.4461576059428
99,"web|two_factor|high|one_to_one",5.90006939254963,28.4461576059428
99,"web|two_factor|low|one_to_one",7.87627745661516,28.4461576059428
100,"web|simple|low|multi_person",3.28702547715397,31.1095286529546
100,"mobile|two_factor|low|multi_person",4.85399868878001,31.1095286529546
100,"web|two_factor|low|multi_person",3.91956574269137,31.1095286529546
100,"mobile|multi_factor|low|multi_person",3.73715116429498,31.1095286529546
100,"mobile|simple|medium|multi_person",3.57506414435398,31.1095286529546
100,"mobile|multi_factor|medium|multi_person",3.09075688540634,31.1095286529546
100,"web|multi_factor|medium|multi_person",2.1563239393177,31.1095286529546
100,"mobile|simple|high|multi_person",4.54991711309149,31.1095286529546
100,"web|simple|high|multi_person",3.61548416700284,31.1095286529546
100,"mobile|two_factor|high|multi_person",5.18245737862889,31.1095286529546
100,"mobile|multi_factor|high|multi_person",4.06560985414385,31.1095286529546
100,"mobile|simple|low|one_to_one",3.70996520152294,31.1095286529546
100,"web|simple|low|one_to_one",2.77553225543429,31.1095286529546
100,"mobile|multi_factor|low|one_to_one",3.2256579425753,31.1095286529546
100,"web|multi_factor|low|one_to_one",2.29122499648666,31.1095286529546
100,"mobile|simple|medium|one_to_one",3.0635709226343,31.1095286529546
100,"mobile|two_factor|medium|one_to_one",3.6961111881717,31.1095286529546
100,"mobile|multi_factor|medium|one_to_one",2.57926366368667,31.1095286529546
100,"web|multi_factor|medium|one_to_one",1.64483071759802,31.1095286529546
100,"web|simple|high|one_to_one",3.10399094528317,31.1095286529546
100,"mobile|two_factor|high|one_to_one",4.67096415690921,31.1095286529546
100,"mobile|multi_factor|high|one_to_one",3.55411663242418,31.1095286529546
100,"web|multi_factor|high|one_to_one",2.61968368633553,31.1095286529546
100,"web|simple|medium|multi_person",2.64063119826533,31.1095286529546
100,"mobile|two_factor|medium|multi_person",4.20760440989138,31.1095286529546
100,"web|two_factor|high|multi_person",4.24802443254024,31.1095286529546
100,"web|multi_factor|high|multi_person",3.1311769080552,31.1095286529546
100,"web|simple|medium|one_to_one",2.12913797654566,31.1095286529546
100,"web|two_factor|medium|one_to_one",2.76167824208305,31.1095286529546
100,"mobile|simple|high|one_to_one",4.03842389137181,31.1095286529546
100,"mobile|simple|low|multi_person",4.22145842324261,31.1095286529546
100,"web|multi_factor|low|multi_person",2.80271821820633,31.1095286529546
100,"web|two_factor|medium|multi_person",3.27317146380273,31.1095286529546
100,"mobile|two_factor|low|one_to_one",4.34250546706034,31.1095286529546
100,"web|two_factor|high|one_to_one",3.73653121082056,31.1095286529546
100,"web|two_factor|low|one_to_one",3.40807252097169,31.1095286529546
101,"web|simple|low|multi_person",1.87028033924749,31.0152728626315
101,"mobile|two_factor|low|multi_person",4.72685420777067,31.0152728626315
101,"web|two_factor|low|multi_person",1.57099930720513,31.0152728626315
101,"mobile|multi_factor|low|multi_person",5.88678820697767,31.0152728626315
101,"mobile|simple|medium|multi_person",4.07689165357833,31.0152728626315
101,"mobile|multi_factor|medium|multi_person",4.93754462074298,31.0152728626315
101,"web|multi_factor|medium|multi_person",1.78168972017743,31.0152728626315
101,"mobile|simple|high|multi_person",4.0381505272702,31.0152728626315
101,"web|simple|high|multi_person",0.882295626704661,31.0152728626315
101,"mobile|two_factor|high|multi_person",3.73886949522784,31.0152728626315
101,"mobile|multi_factor|high|multi_person",4.89880349443484,31.0152728626315
101,"mobile|simple|low|one_to_one",5.79582389481008,31.0152728626315
101,"web|simple|low|one_to_one",2.63996899424454,31.0152728626315
101,"mobile|multi_factor|low|one_to_one",6.65647686197472,31.0152728626315
101,"web|multi_factor|low|one_to_one",3.50062196140918,31.0152728626315
101,"mobile|simple|medium|one_to_one",4.84658030857538,31.0152728626315
101,"mobile|two_factor|medium|one_to_one",4.54729927653302,31.0152728626315
101,"mobile|multi_factor|medium|one_to_one",5.70723327574002,31.0152728626315
101,"web|multi_factor|medium|one_to_one",2.55137837517448,31.0152728626315
101,"web|simple|high|one_to_one",1.6519842817017,31.0152728626315
101,"mobile|two_factor|high|one_to_one",4.50855815022488,31.0152728626315
101,"mobile|multi_factor|high|one_to_one",5.66849214943189,31.0152728626315
101,"web|multi_factor|high|one_to_one",2.51263724886635,31.0152728626315
101,"web|simple|medium|multi_person",0.921036753012793,31.0152728626315
101,"mobile|two_factor|medium|multi_person",3.77761062153597,31.0152728626315
101,"web|two_factor|high|multi_person",0.5830145946623,31.0152728626315
101,"web|multi_factor|high|multi_person",1.7429485938693,31.0152728626315
101,"web|simple|medium|one_to_one",1.69072540800984,31.0152728626315
101,"web|two_factor|medium|one_to_one",1.39144437596748,31.0152728626315
101,"mobile|simple|high|one_to_one",4.80783918226725,31.0152728626315
101,"mobile|simple|low|multi_person",5.02613523981303,31.0152728626315
101,"web|multi_factor|low|multi_person",2.73093330641213,31.0152728626315
101,"web|two_factor|medium|multi_person",0.621755720970432,31.0152728626315
101,"mobile|two_factor|low|one_to_one",5.49654286276771,31.0152728626315
101,"web|two_factor|high|one_to_one",1.35270324965934,31.0152728626315
101,"web|two_factor|low|one_to_one",2.34068796220217,31.0152728626315
103,"web|simple|low|multi_person",1.37469717821606,30.9241466095221
103,"mobile|two_factor|low|multi_person",4.88523880777182,30.9241466095221
103,"web|two_factor|low|multi_person",2.24015055603678,30.9241466095221
103,"mobile|multi_factor|low|multi_person",5.62467176974545,30.9241466095221
103,"mobile|simple|medium|multi_person",3.01153385950228,30.9241466095221
103,"mobile|multi_factor|medium|multi_person",4.61642019929663,30.9241466095221
103,"web|multi_factor|medium|multi_person",1.97133194756159,30.9241466095221
103,"mobile|simple|high|multi_person",1.89313278290691,30.9241466095221
103,"web|simple|high|multi_person",-0.751955468828129,30.9241466095221
103,"mobile|two_factor|high|multi_person",2.75858616072763,30.9241466095221
103,"mobile|multi_factor|high|multi_person",3.49801912270126,30.9241466095221
103,"mobile|simple|low|one_to_one",5.78981535079752,30.9241466095221
103,"web|simple|low|one_to_one",3.14472709906248,30.9241466095221
103,"mobile|multi_factor|low|one_to_one",7.39470169059187,30.9241466095221
103,"web|multi_factor|low|one_to_one",4.74961343885684,30.9241466095221
103,"mobile|simple|medium|one_to_one",4.7815637803487,30.9241466095221
103,"mobile|two_factor|medium|one_to_one",5.64701715816943,30.9241466095221
103,"mobile|multi_factor|medium|one_to_one",6.38645012014306,30.9241466095221
103,"web|multi_factor|medium|one_to_one",3.74136186840802,30.9241466095221
103,"web|simple|high|one_to_one",1.01807445201829,30.9241466095221
103,"mobile|two_factor|high|one_to_one",4.52861608157406,30.9241466095221
103,"mobile|multi_factor|high|one_to_one",5.26804904354768,30.9241466095221
103,"web|multi_factor|high|one_to_one",2.62296079181265,30.9241466095221
103,"web|simple|medium|multi_person",0.366445607767242,30.9241466095221
103,"mobile|two_factor|medium|multi_person",3.876987237323,30.9241466095221
103,"web|two_factor|high|multi_person",0.113497908992594,30.9241466095221
103,"web|multi_factor|high|multi_person",0.852930870966223,30.9241466095221
103,"web|simple|medium|one_to_one",2.13647552861366,30.9241466095221
103,"web|two_factor|medium|one_to_one",3.00192890643439,30.9241466095221
103,"mobile|simple|high|one_to_one",3.66316270375333,30.9241466095221
103,"mobile|simple|low|multi_person",4.0197854299511,30.9241466095221
103,"web|multi_factor|low|multi_person",2.97958351801041,30.9241466095221
103,"web|two_factor|medium|multi_person",1.23189898558796,30.9241466095221
103,"mobile|two_factor|low|one_to_one",6.65526872861825,30.9241466095221
103,"web|two_factor|high|one_to_one",1.88352782983902,30.9241466095221
103,"web|two_factor|low|one_to_one",4.01018047688321,30.9241466095221
104,"web|simple|low|multi_person",1.32746428891619,30.901933956717
104,"mobile|two_factor|low|multi_person",5.02269888692416,30.901933956717
104,"web|two_factor|low|multi_person",2.37965969194454,30.901933956717
104,"mobile|multi_factor|low|multi_person",4.33871272110743,30.901933956717
104,"mobile|simple|medium|multi_person",2.83757221999261,30.901933956717
104,"mobile|multi_factor|medium|multi_person",3.20578145720423,30.901933956717
104,"web|multi_factor|medium|multi_person",0.56274226222461,30.901933956717
104,"mobile|simple|high|multi_person",2.31320765535957,30.901933956717
104,"web|simple|high|multi_person",-0.329831539620052,30.901933956717
104,"mobile|two_factor|high|multi_person",3.36540305838792,30.901933956717
104,"mobile|multi_factor|high|multi_person",2.68141689257119,30.901933956717
104,"mobile|simple|low|one_to_one",6.30466513203171,30.901933956717
104,"web|simple|low|one_to_one",3.66162593705209,30.901933956717
104,"mobile|multi_factor|low|one_to_one",6.67287436924333,30.901933956717
104,"web|multi_factor|low|one_to_one",4.02983517426371,30.901933956717
104,"mobile|simple|medium|one_to_one",5.17173386812851,30.901933956717
104,"mobile|two_factor|medium|one_to_one",6.22392927115686,30.901933956717
104,"mobile|multi_factor|medium|one_to_one",5.53994310534013,30.901933956717
104,"web|multi_factor|medium|one_to_one",2.89690391036051,30.901933956717
104,"web|simple|high|one_to_one",2.00433010851585,30.901933956717
104,"mobile|two_factor|high|one_to_one",5.69956470652382,30.901933956717
104,"mobile|multi_factor|high|one_to_one",5.01557854070709,30.901933956717
104,"web|multi_factor|high|one_to_one",2.37253934572747,30.901933956717
104,"web|simple|medium|multi_person",0.19453302501299,30.901933956717
104,"mobile|two_factor|medium|multi_person",3.88976762302096,30.901933956717
104,"web|two_factor|high|multi_person",0.722363863408299,30.901933956717
104,"web|multi_factor|high|multi_person",0.0383776975915677,30.901933956717
104,"web|simple|medium|one_to_one",2.52869467314889,30.901933956717
104,"web|two_factor|medium|one_to_one",3.58089007617724,30.901933956717
104,"mobile|simple|high|one_to_one",4.64736930349547,30.901933956717
104,"mobile|simple|low|multi_person",3.97050348389581,30.901933956717
104,"web|multi_factor|low|multi_person",1.69567352612781,30.901933956717
104,"web|two_factor|medium|multi_person",1.24672842804134,30.901933956717
104,"mobile|two_factor|low|one_to_one",7.35686053506006,30.901933956717
104,"web|two_factor|high|one_to_one",3.0565255115442,30.901933956717
104,"web|two_factor|low|one_to_one",4.71382134008044,30.901933956717
105,"web|simple|low|multi_person",1.07071690469255,30.8633622265008
105,"mobile|two_factor|low|multi_person",5.01579503223038,30.8633622265008
105,"web|two_factor|low|multi_person",1.33993411359676,30.8633622265008
105,"mobile|multi_factor|low|multi_person",5.4921581208786,30.8633622265008
105,"mobile|simple|medium|multi_person",3.53472080635386,30.8633622265008
105,"mobile|multi_factor|medium|multi_person",4.28030110390629,30.8633622265008
105,"web|multi_factor|medium|multi_person",0.604440185272669,30.8633622265008
105,"mobile|simple|high|multi_person",3.50232111101707,30.8633622265008
105,"web|simple|high|multi_person",-0.173539807616548,30.8633622265008
105,"mobile|two_factor|high|multi_person",3.77153831992128,30.8633622265008
105,"mobile|multi_factor|high|multi_person",4.2479014085695,30.8633622265008
105,"mobile|simple|low|one_to_one",6.93726265603275,30.8633622265008
105,"web|simple|low|one_to_one",3.26140173739913,30.8633622265008
105,"mobile|multi_factor|low|one_to_one",7.68284295358518,30.8633622265008
105,"web|multi_factor|low|one_to_one",4.00698203495156,30.8633622265008
105,"mobile|simple|medium|one_to_one",5.72540563906044,30.8633622265008
105,"mobile|two_factor|medium|one_to_one",5.99462284796465,30.8633622265008
105,"mobile|multi_factor|medium|one_to_one",6.47098593661287,30.8633622265008
105,"web|multi_factor|medium|one_to_one",2.79512501797925,30.8633622265008
105,"web|simple|high|one_to_one",2.01714502509003,30.8633622265008
105,"mobile|two_factor|high|one_to_one",5.96222315262786,30.8633622265008
105,"mobile|multi_factor|high|one_to_one",6.43858624127608,30.8633622265008
105,"web|multi_factor|high|one_to_one",2.76272532264246,30.8633622265008
105,"web|simple|medium|multi_person",-0.141140112279763,30.8633622265008
105,"mobile|two_factor|medium|multi_person",3.80393801525807,30.8633622265008
105,"web|two_factor|high|multi_person",0.0956774012876607,30.8633622265008
105,"web|multi_factor|high|multi_person",0.572040489935884,30.8633622265008
105,"web|simple|medium|one_to_one",2.04954472042682,30.8633622265008
105,"web|two_factor|medium|one_to_one",2.31876192933103,30.8633622265008
105,"mobile|simple|high|one_to_one",5.69300594372365,30.8633622265008
105,"mobile|simple|low|multi_person",4.74657782332617,30.8633622265008
105,"web|multi_factor|low|multi_person",1.81629720224498,30.8633622265008
105,"web|two_factor|medium|multi_person",0.128077096624446,30.8633622265008
105,"mobile|two_factor|low|one_to_one",7.20647986493696,30.8633622265008
105,"web|two_factor|high|one_to_one",2.28636223399424,30.8633622265008
105,"web|two_factor|low|one_to_one",3.53061894630334,30.8633622265008
106,"web|simple|low|multi_person",3.23464833235226,31.2156557524325
106,"mobile|two_factor|low|multi_person",5.3408199575257,31.2156557524325
106,"web|two_factor|low|multi_person",2.39508211067348,31.2156557524325
106,"mobile|multi_factor|low|multi_person",4.49692363685701,31.2156557524325
106,"mobile|simple|medium|multi_person",4.80339096601162,31.2156557524325
106,"mobile|multi_factor|medium|multi_person",3.11992842366416,31.2156557524325
106,"web|multi_factor|medium|multi_person",0.174190576811936,31.2156557524325
106,"mobile|simple|high|multi_person",4.8967183419262,31.2156557524325
106,"web|simple|high|multi_person",1.95098049507398,31.2156557524325
106,"mobile|two_factor|high|multi_person",4.05715212024742,31.2156557524325
106,"mobile|multi_factor|high|multi_person",3.21325579957873,31.2156557524325
106,"mobile|simple|low|one_to_one",7.27018817036636,31.2156557524325
106,"web|simple|low|one_to_one",4.32445032351414,31.2156557524325
106,"mobile|multi_factor|low|one_to_one",5.58672562801889,31.2156557524325
106,"web|multi_factor|low|one_to_one",2.64098778116667,31.2156557524325
106,"mobile|simple|medium|one_to_one",5.8931929571735,31.2156557524325
106,"mobile|two_factor|medium|one_to_one",5.05362673549472,31.2156557524325
106,"mobile|multi_factor|medium|one_to_one",4.20973041482603,31.2156557524325
106,"web|multi_factor|medium|one_to_one",1.26399256797381,31.2156557524325
106,"web|simple|high|one_to_one",3.04078248623586,31.2156557524325
106,"mobile|two_factor|high|one_to_one",5.1469541114093,31.2156557524325
106,"mobile|multi_factor|high|one_to_one",4.30305779074061,31.2156557524325
106,"web|multi_factor|high|one_to_one",1.35731994388839,31.2156557524325
106,"web|simple|medium|multi_person",1.8576531191594,31.2156557524325
106,"mobile|two_factor|medium|multi_person",3.96382474433284,31.2156557524325
106,"web|two_factor|high|multi_person",1.1114142733952,31.2156557524325
106,"web|multi_factor|high|multi_person",0.267517952726513,31.2156557524325
106,"web|simple|medium|one_to_one",2.94745511032128,31.2156557524325
106,"web|two_factor|medium|one_to_one",2.1078888886425,31.2156557524325
106,"mobile|simple|high|one_to_one",5.98652033308808,31.2156557524325
106,"mobile|simple|low|multi_person",6.18038617920448,31.2156557524325
106,"web|multi_factor|low|multi_person",1.55118579000479,31.2156557524325
106,"web|two_factor|medium|multi_person",1.01808689748062,31.2156557524325
106,"mobile|two_factor|low|one_to_one",6.43062194868757,31.2156557524325
106,"web|two_factor|high|one_to_one",2.20121626455708,31.2156557524325
106,"web|two_factor|low|one_to_one",3.48488410183535,31.2156557524325
107,"web|simple|low|multi_person",3.31549142142261,31.254903215992
107,"mobile|two_factor|low|multi_person",6.04568359072577,31.254903215992
107,"web|two_factor|low|multi_person",2.89729249551661,31.254903215992
107,"mobile|multi_factor|low|multi_person",5.30164484302392,31.254903215992
107,"mobile|simple|medium|multi_person",4.64820840385044,31.254903215992
107,"mobile|multi_factor|medium|multi_person",3.48597073024258,31.254903215992
107,"web|multi_factor|medium|multi_person",0.337579635033421,31.254903215992
107,"mobile|simple|high|multi_person",5.58260904711293,31.254903215992
107,"web|simple|high|multi_person",2.43421795190377,31.254903215992
107,"mobile|two_factor|high|multi_person",5.16441012120692,31.254903215992
107,"mobile|multi_factor|high|multi_person",4.42037137350507,31.254903215992
107,"mobile|simple|low|one_to_one",6.68494584953936,31.254903215992
107,"web|simple|low|one_to_one",3.5365547543302,31.254903215992
107,"mobile|multi_factor|low|one_to_one",5.52270817593151,31.254903215992
107,"web|multi_factor|low|one_to_one",2.37431708072235,31.254903215992
107,"mobile|simple|medium|one_to_one",4.86927173675802,31.254903215992
107,"mobile|two_factor|medium|one_to_one",4.45107281085202,31.254903215992
107,"mobile|multi_factor|medium|one_to_one",3.70703406315017,31.254903215992
107,"web|multi_factor|medium|one_to_one",0.558642967941009,31.254903215992
107,"web|simple|high|one_to_one",2.65528128481135,31.254903215992
107,"mobile|two_factor|high|one_to_one",5.38547345411451,31.254903215992
107,"mobile|multi_factor|high|one_to_one",4.64143470641266,31.254903215992
107,"web|multi_factor|high|one_to_one",1.4930436112035,31.254903215992
107,"web|simple|medium|multi_person",1.49981730864128,31.254903215992
107,"mobile|two_factor|medium|multi_person",4.23000947794443,31.254903215992
107,"web|two_factor|high|multi_person",2.01601902599776,31.254903215992
107,"web|multi_factor|high|multi_person",1.27198027829591,31.254903215992
107,"web|simple|medium|one_to_one",1.72088064154886,31.254903215992
107,"web|two_factor|medium|one_to_one",1.30268171564286,31.254903215992
107,"mobile|simple|high|one_to_one",5.80367238002051,31.254903215992
107,"mobile|simple|low|multi_person",6.46388251663177,31.254903215992
107,"web|multi_factor|low|multi_person",2.15325374781476,31.254903215992
107,"web|two_factor|medium|multi_person",1.08161838273527,31.254903215992
107,"mobile|two_factor|low|one_to_one",6.26674692363336,31.254903215992
107,"web|two_factor|high|one_to_one",2.23708235890535,31.254903215992
107,"web|two_factor|low|one_to_one",3.1183558284242,31.254903215992
108,"web|simple|low|multi_person",3.15233137653972,31.1489383719543
108,"mobile|two_factor|low|multi_person",5.67289442268988,31.1489383719543
108,"web|two_factor|low|multi_person",3.58037624660756,31.1489383719543
108,"mobile|multi_factor|low|multi_person",6.36922382264807,31.1489383719543
108,"mobile|simple|medium|multi_person",2.62190523055373,31.1489383719543
108,"mobile|multi_factor|medium|multi_person",3.74627950057977,31.1489383719543
108,"web|multi_factor|medium|multi_person",1.65376132449745,31.1489383719543
108,"mobile|simple|high|multi_person",2.32113797529835,31.1489383719543
108,"web|simple|high|multi_person",0.228619799216026,31.1489383719543
108,"mobile|two_factor|high|multi_person",2.74918284536619,31.1489383719543
108,"mobile|multi_factor|high|multi_person",3.44551224532438,31.1489383719543
108,"mobile|simple|low|one_to_one",6.08154477279478,31.1489383719543
108,"web|simple|low|one_to_one",3.98902659671246,31.1489383719543
108,"mobile|multi_factor|low|one_to_one",7.20591904282082,31.1489383719543
108,"web|multi_factor|low|one_to_one",5.1134008667385,31.1489383719543
108,"mobile|simple|medium|one_to_one",3.45860045072648,31.1489383719543
108,"mobile|two_factor|medium|one_to_one",3.88664532079433,31.1489383719543
108,"mobile|multi_factor|medium|one_to_one",4.58297472075252,31.1489383719543
108,"web|multi_factor|medium|one_to_one",2.4904565446702,31.1489383719543
108,"web|simple|high|one_to_one",1.06531501938877,31.1489383719543
108,"mobile|two_factor|high|one_to_one",3.58587806553894,31.1489383719543
108,"mobile|multi_factor|high|one_to_one",4.28220746549713,31.1489383719543
108,"web|multi_factor|high|one_to_one",2.18968928941481,31.1489383719543
108,"web|simple|medium|multi_person",0.529387054471414,31.1489383719543
108,"mobile|two_factor|medium|multi_person",3.04995010062158,31.1489383719543
108,"web|two_factor|high|multi_person",0.656664669283873,31.1489383719543
108,"web|multi_factor|high|multi_person",1.35299406924206,31.1489383719543
108,"web|simple|medium|one_to_one",1.36608227464416,31.1489383719543
108,"web|two_factor|medium|one_to_one",1.79412714471201,31.1489383719543
108,"mobile|simple|high|one_to_one",3.15783319547109,31.1489383719543
108,"mobile|simple|low|multi_person",5.24484955262204,31.1489383719543
108,"web|multi_factor|low|multi_person",4.27670564656575,31.1489383719543
108,"web|two_factor|medium|multi_person",0.957431924539261,31.1489383719543
108,"mobile|two_factor|low|one_to_one",6.50958964286263,31.1489383719543
108,"web|two_factor|high|one_to_one",1.49335988945662,31.1489383719543
108,"web|two_factor|low|one_to_one",4.41707146678031,31.1489383719543
109,"web|simple|low|multi_person",2.12312596064534,30.9239821152639
109,"mobile|two_factor|low|multi_person",4.69794569416191,30.9239821152639
109,"web|two_factor|low|multi_person",1.92345748994843,30.9239821152639
109,"mobile|multi_factor|low|multi_person",4.24568718133082,30.9239821152639
109,"mobile|simple|medium|multi_person",4.4983341239278,30.9239821152639
109,"mobile|multi_factor|medium|multi_person",3.8464071403998,30.9239821152639
109,"web|multi_factor|medium|multi_person",1.07191893618632,30.9239821152639
109,"mobile|simple|high|multi_person",3.26510427081258,30.9239821152639
109,"web|simple|high|multi_person",0.490616066599097,30.9239821152639
109,"mobile|two_factor|high|multi_person",3.06543580011567,30.9239821152639
109,"mobile|multi_factor|high|multi_person",2.61317728728458,30.9239821152639
109,"mobile|simple|low|one_to_one",6.8566056234576,30.9239821152639
109,"web|simple|low|one_to_one",4.08211741924412,30.9239821152639
109,"mobile|multi_factor|low|one_to_one",6.2046786399296,30.9239821152639
109,"web|multi_factor|low|one_to_one",3.43019043571612,30.9239821152639
109,"mobile|simple|medium|one_to_one",6.45732558252658,30.9239821152639
109,"mobile|two_factor|medium|one_to_one",6.25765711182967,30.9239821152639
109,"mobile|multi_factor|medium|one_to_one",5.80539859899858,30.9239821152639
109,"web|multi_factor|medium|one_to_one",3.0309103947851,30.9239821152639
109,"web|simple|high|one_to_one",2.44960752519788,30.9239821152639
109,"mobile|two_factor|high|one_to_one",5.02442725871445,30.9239821152639
109,"mobile|multi_factor|high|one_to_one",4.57216874588336,30.9239821152639
109,"web|multi_factor|high|one_to_one",1.79768054166988,30.9239821152639
109,"web|simple|medium|multi_person",1.72384591971432,30.9239821152639
109,"mobile|two_factor|medium|multi_person",4.29866565323089,30.9239821152639
109,"web|two_factor|high|multi_person",0.290947595902191,30.9239821152639
109,"web|multi_factor|high|multi_person",-0.161310916928897,30.9239821152639
109,"web|simple|medium|one_to_one",3.6828373783131,30.9239821152639
109,"web|two_factor|medium|one_to_one",3.48316890761619,30.9239821152639
109,"mobile|simple|high|one_to_one",5.22409572941136,30.9239821152639
109,"mobile|simple|low|multi_person",4.89761416485882,30.9239821152639
109,"web|multi_factor|low|multi_person",1.47119897711734,30.9239821152639
109,"web|two_factor|medium|multi_person",1.52417744901741,30.9239821152639
109,"mobile|two_factor|low|one_to_one",6.65693715276069,30.9239821152639
109,"web|two_factor|high|one_to_one",2.24993905450097,30.9239821152639
109,"web|two_factor|low|one_to_one",3.88244894854721,30.9239821152639
110,"web|simple|low|multi_person",1.63804474428774,30.9976905830016
110,"mobile|two_factor|low|multi_person",4.34472059643556,30.9976905830016
110,"web|two_factor|low|multi_person",1.8552037083581,30.9976905830016
110,"mobile|multi_factor|low|multi_person",5.33735850453493,30.9976905830016
110,"mobile|simple|medium|multi_person",2.97808070879807,30.9976905830016
110,"mobile|multi_factor|medium|multi_person",4.1878775809678,30.9976905830016
110,"web|multi_factor|medium|multi_person",1.69836069289034,30.9976905830016
110,"mobile|simple|high|multi_person",2.82944046740736,30.9976905830016
110,"web|simple|high|multi_person",0.339923579329896,30.9976905830016
110,"mobile|two_factor|high|multi_person",3.04659943147771,30.9976905830016
110,"mobile|multi_factor|high|multi_person",4.03923733957708,30.9976905830016
110,"mobile|simple|low|one_to_one",5.65142043124041,30.9976905830016
110,"web|simple|low|one_to_one",3.16190354316295,30.9976905830016
110,"mobile|multi_factor|low|one_to_one",6.86121730341014,30.9976905830016
110,"web|multi_factor|low|one_to_one",4.37170041533268,30.9976905830016
110,"mobile|simple|medium|one_to_one",4.50193950767328,30.9976905830016
110,"mobile|two_factor|medium|one_to_one",4.71909847174364,30.9976905830016
110,"mobile|multi_factor|medium|one_to_one",5.71173637984301,30.9976905830016
110,"web|multi_factor|medium|one_to_one",3.22221949176555,30.9976905830016
110,"web|simple|high|one_to_one",1.86378237820511,30.9976905830016
110,"mobile|two_factor|high|one_to_one",4.57045823035292,30.9976905830016
110,"mobile|multi_factor|high|one_to_one",5.56309613845229,30.9976905830016
110,"web|multi_factor|high|one_to_one",3.07357925037483,30.9976905830016
110,"web|simple|medium|multi_person",0.488563820720615,30.9976905830016
110,"mobile|two_factor|medium|multi_person",3.19523967286843,30.9976905830016
110,"web|two_factor|high|multi_person",0.55708254340025,30.9976905830016
110,"web|multi_factor|high|multi_person",1.54972045149962,30.9976905830016
110,"web|simple|medium|one_to_one",2.01242261959582,30.9976905830016
110,"web|two_factor|medium|one_to_one",2.22958158366618,30.9976905830016
110,"mobile|simple|high|one_to_one",4.35329926628257,30.9976905830016
110,"mobile|simple|low|multi_person",4.1275616323652,30.9976905830016
110,"web|multi_factor|low|multi_person",2.84784161645747,30.9976905830016
110,"web|two_factor|medium|multi_person",0.705722784790969,30.9976905830016
110,"mobile|two_factor|low|one_to_one",5.86857939531077,30.9976905830016
110,"web|two_factor|high|one_to_one",2.08094134227546,30.9976905830016
110,"web|two_factor|low|one_to_one",3.37906250723331,30.9976905830016
111,"web|simple|low|multi_person",1.80517398698676,27.0522213841324
111,"mobile|two_factor|low|multi_person",4.0920767238353,27.0522213841324
111,"web|two_factor|low|multi_person",1.53575987937894,27.0522213841324
111,"mobile|multi_factor|low|multi_person",4.92400964044429,27.0522213841324
111,"mobile|simple|medium|multi_person",2.09278134958254,27.0522213841324
111,"mobile|multi_factor|medium|multi_person",2.65530015858372,27.0522213841324
111,"web|multi_factor|medium|multi_person",0.098983314127356,27.0522213841324
111,"mobile|simple|high|multi_person",3.78280226159078,27.0522213841324
111,"web|simple|high|multi_person",1.22648541713442,27.0522213841324
111,"mobile|two_factor|high|multi_person",3.51338815398296,27.0522213841324
111,"mobile|multi_factor|high|multi_person",4.34532107059195,27.0522213841324
111,"mobile|simple|low|one_to_one",6.72302653946474,27.0522213841324
111,"web|simple|low|one_to_one",4.16670969500838,27.0522213841324
111,"mobile|multi_factor|low|one_to_one",7.28554534846591,27.0522213841324
111,"web|multi_factor|low|one_to_one",4.72922850400955,27.0522213841324
111,"mobile|simple|medium|one_to_one",4.45431705760416,27.0522213841324
111,"mobile|two_factor|medium|one_to_one",4.18490294999634,27.0522213841324
111,"mobile|multi_factor|medium|one_to_one",5.01683586660534,27.0522213841324
111,"web|multi_factor|medium|one_to_one",2.46051902214898,27.0522213841324
111,"web|simple|high|one_to_one",3.58802112515604,27.0522213841324
111,"mobile|two_factor|high|one_to_one",5.87492386200458,27.0522213841324
111,"mobile|multi_factor|high|one_to_one",6.70685677861357,27.0522213841324
111,"web|multi_factor|high|one_to_one",4.15053993415721,27.0522213841324
111,"web|simple|medium|multi_person",-0.463535494873818,27.0522213841324
111,"mobile|two_factor|medium|multi_person",1.82336724197472,27.0522213841324
111,"web|two_factor|high|multi_person",0.957071309526603,27.0522213841324
111,"web|multi_factor|high|multi_person",1.7890042261356,27.0522213841324
111,"web|simple|medium|one_to_one",1.8980002131478,27.0522213841324
111,"web|two_factor|medium|one_to_one",1.62858610553998,27.0522213841324
111,"mobile|simple|high|one_to_one",6.1443379696124,27.0522213841324
111,"mobile|simple|low|multi_person",4.36149083144312,27.0522213841324
111,"web|multi_factor|low|multi_person",2.36769279598793,27.0522213841324
111,"web|two_factor|medium|multi_person",-0.732949602481636,27.0522213841324
111,"mobile|two_factor|low|one_to_one",6.45361243185692,27.0522213841324
111,"web|two_factor|high|one_to_one",3.31860701754822,27.0522213841324
111,"web|two_factor|low|one_to_one",3.89729558740056,27.0522213841324
112,"web|simple|low|multi_person",2.77146579735976,29.8177803247321
112,"mobile|two_factor|low|multi_person",5.19266376815479,29.8177803247321
112,"web|two_factor|low|multi_person",1.93050117301859,29.8177803247321
112,"mobile|multi_factor|low|multi_person",8.60627457830387,29.8177803247321
112,"mobile|simple|medium|multi_person",4.01807922040377,29.8177803247321
112,"mobile|multi_factor|medium|multi_person",6.59072540621167,29.8177803247321
112,"web|multi_factor|medium|multi_person",3.32856281107548,29.8177803247321
112,"mobile|simple|high|multi_person",1.955115822054,29.8177803247321
112,"web|simple|high|multi_person",-1.3070467730822,29.8177803247321
112,"mobile|two_factor|high|multi_person",1.11415119771283,29.8177803247321
112,"mobile|multi_factor|high|multi_person",4.5277620078619,29.8177803247321
112,"mobile|simple|low|one_to_one",6.47052714085955,29.8177803247321
112,"web|simple|low|one_to_one",3.20836454572335,29.8177803247321
112,"mobile|multi_factor|low|one_to_one",9.04317332666745,29.8177803247321
112,"web|multi_factor|low|one_to_one",5.78101073153125,29.8177803247321
112,"mobile|simple|medium|one_to_one",4.45497796876736,29.8177803247321
112,"mobile|two_factor|medium|one_to_one",3.61401334442618,29.8177803247321
112,"mobile|multi_factor|medium|one_to_one",7.02762415457526,29.8177803247321
112,"web|multi_factor|medium|one_to_one",3.76546155943906,29.8177803247321
112,"web|simple|high|one_to_one",-0.870148024718614,29.8177803247321
112,"mobile|two_factor|high|one_to_one",1.55104994607641,29.8177803247321
112,"mobile|multi_factor|high|one_to_one",4.96466075622549,29.8177803247321
112,"web|multi_factor|high|one_to_one",1.70249816108929,29.8177803247321
112,"web|simple|medium|multi_person",0.755916625267568,29.8177803247321
112,"mobile|two_factor|medium|multi_person",3.1771145960626,29.8177803247321
112,"web|two_factor|high|multi_person",-2.14801139742337,29.8177803247321
112,"web|multi_factor|high|multi_person",1.26559941272571,29.8177803247321
112,"web|simple|medium|one_to_one",1.19281537363116,29.8177803247321
112,"web|two_factor|medium|one_to_one",0.351850749289984,29.8177803247321
112,"mobile|simple|high|one_to_one",2.39201457041759,29.8177803247321
112,"mobile|simple|low|multi_person",6.03362839249596,29.8177803247321
112,"web|multi_factor|low|multi_person",5.34411198316767,29.8177803247321
112,"web|two_factor|medium|multi_person",-0.0850479990736039,29.8177803247321
112,"mobile|two_factor|low|one_to_one",5.62956251651837,29.8177803247321
112,"web|two_factor|high|one_to_one",-1.71111264905979,29.8177803247321
112,"web|two_factor|low|one_to_one",2.36739992138217,29.8177803247321
113,"web|simple|low|multi_person",5.04757631168606,31.606484711338
113,"mobile|two_factor|low|multi_person",4.77852338548072,31.606484711338
113,"web|two_factor|low|multi_person",3.15249210606002,31.606484711338
113,"mobile|multi_factor|low|multi_person",5.78613230369532,31.606484711338
113,"mobile|simple|medium|multi_person",4.64509943471434,31.606484711338
113,"mobile|multi_factor|medium|multi_person",3.7576241473029,31.606484711338
113,"web|multi_factor|medium|multi_person",2.1315928678822,31.606484711338
113,"mobile|simple|high|multi_person",4.2068724776324,31.606484711338
113,"web|simple|high|multi_person",2.5808411982117,31.606484711338
113,"mobile|two_factor|high|multi_person",2.31178827200635,31.606484711338
113,"mobile|multi_factor|high|multi_person",3.31939719022095,31.606484711338
113,"mobile|simple|low|one_to_one",6.58813609349655,31.606484711338
113,"web|simple|low|one_to_one",4.96210481407585,31.606484711338
113,"mobile|multi_factor|low|one_to_one",5.70066080608511,31.606484711338
113,"web|multi_factor|low|one_to_one",4.07462952666441,31.606484711338
113,"mobile|simple|medium|one_to_one",4.55962793710413,31.606484711338
113,"mobile|two_factor|medium|one_to_one",2.66454373147808,31.606484711338
113,"mobile|multi_factor|medium|one_to_one",3.67215264969268,31.606484711338
113,"web|multi_factor|medium|one_to_one",2.04612137027198,31.606484711338
113,"web|simple|high|one_to_one",2.49536970060148,31.606484711338
113,"mobile|two_factor|high|one_to_one",2.22631677439613,31.606484711338
113,"mobile|multi_factor|high|one_to_one",3.23392569261074,31.606484711338
113,"web|multi_factor|high|one_to_one",1.60789441319004,31.606484711338
113,"web|simple|medium|multi_person",3.01906815529364,31.606484711338
113,"mobile|two_factor|medium|multi_person",2.7500152290883,31.606484711338
113,"web|two_factor|high|multi_person",0.685756992585649,31.606484711338
113,"web|multi_factor|high|multi_person",1.69336591080025,31.606484711338
113,"web|simple|medium|one_to_one",2.93359665768343,31.606484711338
113,"web|two_factor|medium|one_to_one",1.03851245205738,31.606484711338
113,"mobile|simple|high|one_to_one",4.12140098002218,31.606484711338
113,"mobile|simple|low|multi_person",6.67360759110676,31.606484711338
113,"web|multi_factor|low|multi_person",4.16010102427462,31.606484711338
113,"web|two_factor|medium|multi_person",1.1239839496676,31.606484711338
113,"mobile|two_factor|low|one_to_one",4.6930518878705,31.606484711338
113,"web|two_factor|high|one_to_one",0.600285494975435,31.606484711338
113,"web|two_factor|low|one_to_one",3.0670206084498,31.606484711338
114,"web|simple|low|multi_person",2.87436367847498,30.7974361767352
114,"mobile|two_factor|low|multi_person",3.94874813775489,30.7974361767352
114,"web|two_factor|low|multi_person",1.92613889977099,30.7974361767352
114,"mobile|multi_factor|low|multi_person",4.92809852277182,30.7974361767352
114,"mobile|simple|medium|multi_person",2.75938109287712,30.7974361767352
114,"mobile|multi_factor|medium|multi_person",2.79050669919006,30.7974361767352
114,"web|multi_factor|medium|multi_person",0.767897461206164,30.7974361767352
114,"mobile|simple|high|multi_person",3.75106093468041,30.7974361767352
114,"web|simple|high|multi_person",1.72845169669651,30.7974361767352
114,"mobile|two_factor|high|multi_person",2.80283615597642,30.7974361767352
114,"mobile|multi_factor|high|multi_person",3.78218654099335,30.7974361767352
114,"mobile|simple|low|one_to_one",6.9996096694245,30.7974361767352
114,"web|simple|low|one_to_one",4.9770004314406,30.7974361767352
114,"mobile|multi_factor|low|one_to_one",7.03073527573744,30.7974361767352
114,"web|multi_factor|low|one_to_one",5.00812603775354,30.7974361767352
114,"mobile|simple|medium|one_to_one",4.86201784584274,30.7974361767352
114,"mobile|two_factor|medium|one_to_one",3.91379306713875,30.7974361767352
114,"mobile|multi_factor|medium|one_to_one",4.89314345215568,30.7974361767352
114,"web|multi_factor|medium|one_to_one",2.87053421417178,30.7974361767352
114,"web|simple|high|one_to_one",3.83108844966213,30.7974361767352
114,"mobile|two_factor|high|one_to_one",4.90547290894204,30.7974361767352
114,"mobile|multi_factor|high|one_to_one",5.88482329395897,30.7974361767352
114,"web|multi_factor|high|one_to_one",3.86221405597508,30.7974361767352
114,"web|simple|medium|multi_person",0.736771854893218,30.7974361767352
114,"mobile|two_factor|medium|multi_person",1.81115631417313,30.7974361767352
114,"web|two_factor|high|multi_person",0.78022691799252,30.7974361767352
114,"web|multi_factor|high|multi_person",1.75957730300945,30.7974361767352
114,"web|simple|medium|one_to_one",2.83940860785884,30.7974361767352
114,"web|two_factor|medium|one_to_one",1.89118382915485,30.7974361767352
114,"mobile|simple|high|one_to_one",5.85369768764603,30.7974361767352
114,"mobile|simple|low|multi_person",4.89697291645888,30.7974361767352
114,"web|multi_factor|low|multi_person",2.90548928478792,30.7974361767352
114,"web|two_factor|medium|multi_person",-0.211452923810771,30.7974361767352
114,"mobile|two_factor|low|one_to_one",6.05138489072051,30.7974361767352
114,"web|two_factor|high|one_to_one",2.88286367095814,30.7974361767352
114,"web|two_factor|low|one_to_one",4.02877565273661,30.7974361767352
115,"web|simple|low|multi_person",4.17792003442202,31.3108690258816
115,"mobile|two_factor|low|multi_person",5.29322344060823,31.3108690258816
115,"web|two_factor|low|multi_person",2.76518491448181,31.3108690258816
115,"mobile|multi_factor|low|multi_person",5.49205010798976,31.3108690258816
115,"mobile|simple|medium|multi_person",4.59854773146735,31.3108690258816
115,"mobile|multi_factor|medium|multi_person",3.38463927890867,31.3108690258816
115,"web|multi_factor|medium|multi_person",0.856600752782249,31.3108690258816
115,"mobile|simple|high|multi_person",4.12265336494518,31.3108690258816
115,"web|simple|high|multi_person",1.59461483881875,31.3108690258816
115,"mobile|two_factor|high|multi_person",2.70991824500496,31.3108690258816
115,"mobile|multi_factor|high|multi_person",2.90874491238649,31.3108690258816
115,"mobile|simple|low|one_to_one",8.36675662040472,31.3108690258816
115,"web|simple|low|one_to_one",5.8387180942783,31.3108690258816
115,"mobile|multi_factor|low|one_to_one",7.15284816784604,31.3108690258816
115,"web|multi_factor|low|one_to_one",4.62480964171962,31.3108690258816
115,"mobile|simple|medium|one_to_one",6.25934579132363,31.3108690258816
115,"mobile|two_factor|medium|one_to_one",4.84661067138341,31.3108690258816
115,"mobile|multi_factor|medium|one_to_one",5.04543733876494,31.3108690258816
115,"web|multi_factor|medium|one_to_one",2.51739881263852,31.3108690258816
115,"web|simple|high|one_to_one",3.25541289867503,31.3108690258816
115,"mobile|two_factor|high|one_to_one",4.37071630486123,31.3108690258816
115,"mobile|multi_factor|high|one_to_one",4.56954297224277,31.3108690258816
115,"web|multi_factor|high|one_to_one",2.04150444611635,31.3108690258816
115,"web|simple|medium|multi_person",2.07050920534093,31.3108690258816
115,"mobile|two_factor|medium|multi_person",3.18581261152714,31.3108690258816
115,"web|two_factor|high|multi_person",0.18187971887854,31.3108690258816
115,"web|multi_factor|high|multi_person",0.380706386260072,31.3108690258816
115,"web|simple|medium|one_to_one",3.73130726519721,31.3108690258816
115,"web|two_factor|medium|one_to_one",2.31857214525699,31.3108690258816
115,"mobile|simple|high|one_to_one",5.78345142480145,31.3108690258816
115,"mobile|simple|low|multi_person",6.70595856054844,31.3108690258816
115,"web|multi_factor|low|multi_person",2.96401158186334,31.3108690258816
115,"web|two_factor|medium|multi_person",0.657774085400717,31.3108690258816
115,"mobile|two_factor|low|one_to_one",6.9540215004645,31.3108690258816
115,"web|two_factor|high|one_to_one",1.84267777873481,31.3108690258816
115,"web|two_factor|low|one_to_one",4.42598297433808,31.3108690258816
116,"web|simple|low|multi_person",2.4216668320107,30.6836875056961
116,"mobile|two_factor|low|multi_person",3.56766235148541,30.6836875056961
116,"web|two_factor|low|multi_person",1.90043157938958,30.6836875056961
116,"mobile|multi_factor|low|multi_person",3.55691870738288,30.6836875056961
116,"mobile|simple|medium|multi_person",3.36565090568999,30.6836875056961
116,"mobile|multi_factor|medium|multi_person",2.83367200896634,30.6836875056961
116,"web|multi_factor|medium|multi_person",1.1664412368705,30.6836875056961
116,"mobile|simple|high|multi_person",2.44848002972329,30.6836875056961
116,"web|simple|high|multi_person",0.781249257627458,30.6836875056961
116,"mobile|two_factor|high|multi_person",1.92724477710217,30.6836875056961
116,"mobile|multi_factor|high|multi_person",1.91650113299964,30.6836875056961
116,"mobile|simple|low|one_to_one",7.11112551972836,30.6836875056961
116,"web|simple|low|one_to_one",5.44389474763252,30.6836875056961
116,"mobile|multi_factor|low|one_to_one",6.5791466230047,30.6836875056961
116,"web|multi_factor|low|one_to_one",4.91191585090887,30.6836875056961
116,"mobile|simple|medium|one_to_one",6.38787882131181,30.6836875056961
116,"mobile|two_factor|medium|one_to_one",5.86664356869069,30.6836875056961
116,"mobile|multi_factor|medium|one_to_one",5.85589992458816,30.6836875056961
116,"web|multi_factor|medium|one_to_one",4.18866915249232,30.6836875056961
116,"web|simple|high|one_to_one",3.80347717324928,30.6836875056961
116,"mobile|two_factor|high|one_to_one",4.94947269272399,30.6836875056961
116,"mobile|multi_factor|high|one_to_one",4.93872904862146,30.6836875056961
116,"web|multi_factor|high|one_to_one",3.27149827652562,30.6836875056961
116,"web|simple|medium|multi_person",1.69842013359416,30.6836875056961
116,"mobile|two_factor|medium|multi_person",2.84441565306887,30.6836875056961
116,"web|two_factor|high|multi_person",0.260014005006334,30.6836875056961
116,"web|multi_factor|high|multi_person",0.249270360903804,30.6836875056961
116,"web|simple|medium|one_to_one",4.72064804921598,30.6836875056961
116,"web|two_factor|medium|one_to_one",4.19941279659485,30.6836875056961
116,"mobile|simple|high|one_to_one",5.47070794534511,30.6836875056961
116,"mobile|simple|low|multi_person",4.08889760410654,30.6836875056961
116,"web|multi_factor|low|multi_person",1.88968793528705,30.6836875056961
116,"web|two_factor|medium|multi_person",1.17718488097303,30.6836875056961
116,"mobile|two_factor|low|one_to_one",6.58989026710723,30.6836875056961
116,"web|two_factor|high|one_to_one",3.28224192062815,30.6836875056961
116,"web|two_factor|low|one_to_one",4.9226594950114,30.6836875056961
117,"web|simple|low|multi_person",0.103724967752229,30.457646925998
117,"mobile|two_factor|low|multi_person",5.24256638077019,30.457646925998
117,"web|two_factor|low|multi_person",2.38946625883753,30.457646925998
117,"mobile|multi_factor|low|multi_person",4.72635404474186,30.457646925998
117,"mobile|simple|medium|multi_person",3.29916177647822,30.457646925998
117,"mobile|multi_factor|medium|multi_person",5.06869073153519,30.457646925998
117,"web|multi_factor|medium|multi_person",2.21559060960253,30.457646925998
117,"mobile|simple|high|multi_person",2.6102817880018,30.457646925998
117,"web|simple|high|multi_person",-0.242818333930863,30.457646925998
117,"mobile|two_factor|high|multi_person",4.8960230790871,30.457646925998
117,"mobile|multi_factor|high|multi_person",4.37981074305877,30.457646925998
117,"mobile|simple|low|one_to_one",4.32068278331858,30.457646925998
117,"web|simple|low|one_to_one",1.46758266138592,30.457646925998
117,"mobile|multi_factor|low|one_to_one",6.09021173837555,30.457646925998
117,"web|multi_factor|low|one_to_one",3.23711161644289,30.457646925998
117,"mobile|simple|medium|one_to_one",4.66301947011191,30.457646925998
117,"mobile|two_factor|medium|one_to_one",6.94876076119721,30.457646925998
117,"mobile|multi_factor|medium|one_to_one",6.43254842516888,30.457646925998
117,"web|multi_factor|medium|one_to_one",3.57944830323622,30.457646925998
117,"web|simple|high|one_to_one",1.12103935970283,30.457646925998
117,"mobile|two_factor|high|one_to_one",6.25988077272079,30.457646925998
117,"mobile|multi_factor|high|one_to_one",5.74366843669246,30.457646925998
117,"web|multi_factor|high|one_to_one",2.8905683147598,30.457646925998
117,"web|simple|medium|multi_person",0.44606165454556,30.457646925998
117,"mobile|two_factor|medium|multi_person",5.58490306756352,30.457646925998
117,"web|two_factor|high|multi_person",2.04292295715444,30.457646925998
117,"web|multi_factor|high|multi_person",1.52671062112611,30.457646925998
117,"web|simple|medium|one_to_one",1.80991934817925,30.457646925998
117,"web|two_factor|medium|one_to_one",4.09566063926455,30.457646925998
117,"mobile|simple|high|one_to_one",3.97413948163549,30.457646925998
117,"mobile|simple|low|multi_person",2.95682508968489,30.457646925998
117,"web|multi_factor|low|multi_person",1.8732539228092,30.457646925998
117,"web|two_factor|medium|multi_person",2.73180294563086,30.457646925998
117,"mobile|two_factor|low|one_to_one",6.60642407440388,30.457646925998
117,"web|two_factor|high|one_to_one",3.40678065078813,30.457646925998
117,"web|two_factor|low|one_to_one",3.75332395247122,30.457646925998
118,"web|simple|low|multi_person",2.31668919993479,30.7568049429841
118,"mobile|two_factor|low|multi_person",4.87470991674288,30.7568049429841
118,"web|two_factor|low|multi_person",2.16302690319396,30.7568049429841
118,"mobile|multi_factor|low|multi_person",5.62631547803444,30.7568049429841
118,"mobile|simple|medium|multi_person",3.40261191201711,30.7568049429841
118,"mobile|multi_factor|medium|multi_person",4.00055517656784,30.7568049429841
118,"web|multi_factor|medium|multi_person",1.28887216301892,30.7568049429841
118,"mobile|simple|high|multi_person",2.96032694021782,30.7568049429841
118,"web|simple|high|multi_person",0.248643926668902,30.7568049429841
118,"mobile|two_factor|high|multi_person",2.80666464347699,30.7568049429841
118,"mobile|multi_factor|high|multi_person",3.55827020476855,30.7568049429841
118,"mobile|simple|low|one_to_one",6.6048015403882,30.7568049429841
118,"web|simple|low|one_to_one",3.89311852683928,30.7568049429841
118,"mobile|multi_factor|low|one_to_one",7.20274480493894,30.7568049429841
118,"web|multi_factor|low|one_to_one",4.49106179139002,30.7568049429841
118,"mobile|simple|medium|one_to_one",4.9790412389216,30.7568049429841
118,"mobile|two_factor|medium|one_to_one",4.82537894218077,30.7568049429841
118,"mobile|multi_factor|medium|one_to_one",5.57698450347233,30.7568049429841
118,"web|multi_factor|medium|one_to_one",2.86530148992341,30.7568049429841
118,"web|simple|high|one_to_one",1.82507325357339,30.7568049429841
118,"mobile|two_factor|high|one_to_one",4.38309397038148,30.7568049429841
118,"mobile|multi_factor|high|one_to_one",5.13469953167304,30.7568049429841
118,"web|multi_factor|high|one_to_one",2.42301651812412,30.7568049429841
118,"web|simple|medium|multi_person",0.69092889846819,30.7568049429841
118,"mobile|two_factor|medium|multi_person",3.24894961527627,30.7568049429841
118,"web|two_factor|high|multi_person",0.094981629928067,30.7568049429841
118,"web|multi_factor|high|multi_person",0.846587191219633,30.7568049429841
118,"web|simple|medium|one_to_one",2.26735822537268,30.7568049429841
118,"web|two_factor|medium|one_to_one",2.11369592863185,30.7568049429841
118,"mobile|simple|high|one_to_one",4.53675626712231,30.7568049429841
118,"mobile|simple|low|multi_person",5.02837221348371,30.7568049429841
118,"web|multi_factor|low|multi_person",2.91463246448552,30.7568049429841
118,"web|two_factor|medium|multi_person",0.537266601727355,30.7568049429841
118,"mobile|two_factor|low|one_to_one",6.45113924364737,30.7568049429841
118,"web|two_factor|high|one_to_one",1.67141095683256,30.7568049429841
118,"web|two_factor|low|one_to_one",3.73945623009845,30.7568049429841
119,"web|simple|low|multi_person",3.07009386613877,31.3726114396467
119,"mobile|two_factor|low|multi_person",4.12167521149566,31.3726114396467
119,"web|two_factor|low|multi_person",1.81312305455756,31.3726114396467
119,"mobile|multi_factor|low|multi_person",4.85273363502551,31.3726114396467
119,"mobile|simple|medium|multi_person",3.96828868200647,31.3726114396467
119,"mobile|multi_factor|medium|multi_person",3.4423762939551,31.3726114396467
119,"web|multi_factor|medium|multi_person",1.13382413701701,31.3726114396467
119,"mobile|simple|high|multi_person",3.29822140222324,31.3726114396467
119,"web|simple|high|multi_person",0.989669245285145,31.3726114396467
119,"mobile|two_factor|high|multi_person",2.04125059064203,31.3726114396467
119,"mobile|multi_factor|high|multi_person",2.77230901417188,31.3726114396467
119,"mobile|simple|low|one_to_one",7.17009642923489,31.3726114396467
119,"web|simple|low|one_to_one",4.86154427229679,31.3726114396467
119,"mobile|multi_factor|low|one_to_one",6.64418404118353,31.3726114396467
119,"web|multi_factor|low|one_to_one",4.33563188424543,31.3726114396467
119,"mobile|simple|medium|one_to_one",5.75973908816449,31.3726114396467
119,"mobile|two_factor|medium|one_to_one",4.50276827658328,31.3726114396467
119,"mobile|multi_factor|medium|one_to_one",5.23382670011313,31.3726114396467
119,"web|multi_factor|medium|one_to_one",2.92527454317503,31.3726114396467
119,"web|simple|high|one_to_one",2.78111965144317,31.3726114396467
119,"mobile|two_factor|high|one_to_one",3.83270099680005,31.3726114396467
119,"mobile|multi_factor|high|one_to_one",4.5637594203299,31.3726114396467
119,"web|multi_factor|high|one_to_one",2.2552072633918,31.3726114396467
119,"web|simple|medium|multi_person",1.65973652506837,31.3726114396467
119,"mobile|two_factor|medium|multi_person",2.71131787042526,31.3726114396467
119,"web|two_factor|high|multi_person",-0.267301566296066,31.3726114396467
119,"web|multi_factor|high|multi_person",0.463756857233782,31.3726114396467
119,"web|simple|medium|one_to_one",3.45118693122639,31.3726114396467
119,"web|two_factor|medium|one_to_one",2.19421611964518,31.3726114396467
119,"mobile|simple|high|one_to_one",5.08967180838127,31.3726114396467
119,"mobile|simple|low|multi_person",5.37864602307687,31.3726114396467
119,"web|multi_factor|low|multi_person",2.54418147808741,31.3726114396467
119,"web|two_factor|medium|multi_person",0.402765713487157,31.3726114396467
119,"mobile|two_factor|low|one_to_one",5.91312561765368,31.3726114396467
119,"web|two_factor|high|one_to_one",1.52414883986195,31.3726114396467
119,"web|two_factor|low|one_to_one",3.60457346071558,31.3726114396467
120,"web|simple|low|multi_person",2.450228819378,30.8850187719674
120,"mobile|two_factor|low|multi_person",4.88370397124647,30.8850187719674
120,"web|two_factor|low|multi_person",2.30490558423625,30.8850187719674
120,"mobile|multi_factor|low|multi_person",4.82455233443674,30.8850187719674
120,"mobile|simple|medium|multi_person",3.38139491925715,30.8850187719674
120,"mobile|multi_factor|medium|multi_person",3.17692004730566,30.8850187719674
120,"web|multi_factor|medium|multi_person",0.598121660295439,30.8850187719674
120,"mobile|simple|high|multi_person",3.96510079072302,30.8850187719674
120,"web|simple|high|multi_person",1.3863024037128,30.8850187719674
120,"mobile|two_factor|high|multi_person",3.81977755558127,30.8850187719674
120,"mobile|multi_factor|high|multi_person",3.76062591877154,30.8850187719674
120,"mobile|simple|low|one_to_one",6.54781702460067,30.8850187719674
120,"web|simple|low|one_to_one",3.96901863759045,30.8850187719674
120,"mobile|multi_factor|low|one_to_one",6.34334215264918,30.8850187719674
120,"web|multi_factor|low|one_to_one",3.76454376563896,30.8850187719674
120,"mobile|simple|medium|one_to_one",4.90018473746959,30.8850187719674
120,"mobile|two_factor|medium|one_to_one",4.75486150232783,30.8850187719674
120,"mobile|multi_factor|medium|one_to_one",4.6957098655181,30.8850187719674
120,"web|multi_factor|medium|one_to_one",2.11691147850788,30.8850187719674
120,"web|simple|high|one_to_one",2.90509222192524,30.8850187719674
120,"mobile|two_factor|high|one_to_one",5.33856737379371,30.8850187719674
120,"mobile|multi_factor|high|one_to_one",5.27941573698398,30.8850187719674
120,"web|multi_factor|high|one_to_one",2.70061734997376,30.8850187719674
120,"web|simple|medium|multi_person",0.802596532246925,30.8850187719674
120,"mobile|two_factor|medium|multi_person",3.23607168411539,30.8850187719674
120,"web|two_factor|high|multi_person",1.24097916857105,30.8850187719674
120,"web|multi_factor|high|multi_person",1.18182753176132,30.8850187719674
120,"web|simple|medium|one_to_one",2.32138635045937,30.8850187719674
120,"web|two_factor|medium|one_to_one",2.17606311531761,30.8850187719674
120,"mobile|simple|high|one_to_one",5.48389060893546,30.8850187719674
120,"mobile|simple|low|multi_person",5.02902720638822,30.8850187719674
120,"web|multi_factor|low|multi_person",2.24575394742652,30.8850187719674
120,"web|two_factor|medium|multi_person",0.657273297105168,30.8850187719674
120,"mobile|two_factor|low|one_to_one",6.40249378945891,30.8850187719674
120,"web|two_factor|high|one_to_one",2.75976898678349,30.8850187719674
120,"web|two_factor|low|one_to_one",3.82369540244869,30.8850187719674
121,"web|simple|low|multi_person",2.94743515194101,31.106691390274
121,"mobile|two_factor|low|multi_person",4.64116339230329,31.106691390274
121,"web|two_factor|low|multi_person",2.44740107942839,31.106691390274
121,"mobile|multi_factor|low|multi_person",6.07135688015973,31.106691390274
121,"mobile|simple|medium|multi_person",3.08923708269134,31.106691390274
121,"mobile|multi_factor|medium|multi_person",4.01939649803516,31.106691390274
121,"web|multi_factor|medium|multi_person",1.82563418516026,31.106691390274
121,"mobile|simple|high|multi_person",4.09844970419519,31.106691390274
121,"web|simple|high|multi_person",1.90468739132029,31.106691390274
121,"mobile|two_factor|high|multi_person",3.59841563168257,31.106691390274
121,"mobile|multi_factor|high|multi_person",5.02860911953901,31.106691390274
121,"mobile|simple|low|one_to_one",5.43956741453789,31.106691390274
121,"web|simple|low|one_to_one",3.24580510166299,31.106691390274
121,"mobile|multi_factor|low|one_to_one",6.36972682988172,31.106691390274
121,"web|multi_factor|low|one_to_one",4.17596451700681,31.106691390274
121,"mobile|simple|medium|one_to_one",3.38760703241332,31.106691390274
121,"mobile|two_factor|medium|one_to_one",2.8875729599007,31.106691390274
121,"mobile|multi_factor|medium|one_to_one",4.31776644775715,31.106691390274
121,"web|multi_factor|medium|one_to_one",2.12400413488224,31.106691390274
121,"web|simple|high|one_to_one",2.20305734104227,31.106691390274
121,"mobile|two_factor|high|one_to_one",3.89678558140455,31.106691390274
121,"mobile|multi_factor|high|one_to_one",5.32697906926099,31.106691390274
121,"web|multi_factor|high|one_to_one",3.13321675638609,31.106691390274
121,"web|simple|medium|multi_person",0.895474769816442,31.106691390274
121,"mobile|two_factor|medium|multi_person",2.58920301017872,31.106691390274
121,"web|two_factor|high|multi_person",1.40465331880767,31.106691390274
121,"web|multi_factor|high|multi_person",2.83484680666411,31.106691390274
121,"web|simple|medium|one_to_one",1.19384471953842,31.106691390274
121,"web|two_factor|medium|one_to_one",0.693810647025803,31.106691390274
121,"mobile|simple|high|one_to_one",4.39681965391717,31.106691390274
121,"mobile|simple|low|multi_person",5.14119746481591,31.106691390274
121,"web|multi_factor|low|multi_person",3.87759456728483,31.106691390274
121,"web|two_factor|medium|multi_person",0.395440697303821,31.106691390274
121,"mobile|two_factor|low|one_to_one",4.93953334202527,31.106691390274
121,"web|two_factor|high|one_to_one",1.70302326852965,31.106691390274
121,"web|two_factor|low|one_to_one",2.74577102915037,31.106691390274
122,"web|simple|low|multi_person",2.55930503093756,30.7299568451123
122,"mobile|two_factor|low|multi_person",4.70786592438686,30.7299568451123
122,"web|two_factor|low|multi_person",1.72140039942162,30.7299568451123
122,"mobile|multi_factor|low|multi_person",6.99477068097126,30.7299568451123
122,"mobile|simple|medium|multi_person",3.62049926206772,30.7299568451123
122,"mobile|multi_factor|medium|multi_person",5.06949938713618,30.7299568451123
122,"web|multi_factor|medium|multi_person",2.08303386217094,30.7299568451123
122,"mobile|simple|high|multi_person",2.45435834178751,30.7299568451123
122,"web|simple|high|multi_person",-0.532107183177727,30.7299568451123
122,"mobile|two_factor|high|multi_person",1.61645371027157,30.7299568451123
122,"mobile|multi_factor|high|multi_person",3.90335846685597,30.7299568451123
122,"mobile|simple|low|one_to_one",7.06155518793664,30.7299568451123
122,"web|simple|low|one_to_one",4.0750896629714,30.7299568451123
122,"mobile|multi_factor|low|one_to_one",8.5105553130051,30.7299568451123
122,"web|multi_factor|low|one_to_one",5.52408978803986,30.7299568451123
122,"mobile|simple|medium|one_to_one",5.13628389410155,30.7299568451123
122,"mobile|two_factor|medium|one_to_one",4.29837926258561,30.7299568451123
122,"mobile|multi_factor|medium|one_to_one",6.58528401917001,30.7299568451123
122,"web|multi_factor|medium|one_to_one",3.59881849420477,30.7299568451123
122,"web|simple|high|one_to_one",0.983677448856109,30.7299568451123
122,"mobile|two_factor|high|one_to_one",3.13223834230541,30.7299568451123
122,"mobile|multi_factor|high|one_to_one",5.41914309888981,30.7299568451123
122,"web|multi_factor|high|one_to_one",2.43267757392457,30.7299568451123
122,"web|simple|medium|multi_person",0.634033737102476,30.7299568451123
122,"mobile|two_factor|medium|multi_person",2.78259463055178,30.7299568451123
122,"web|two_factor|high|multi_person",-1.37001181469367,30.7299568451123
122,"web|multi_factor|high|multi_person",0.916892941890732,30.7299568451123
122,"web|simple|medium|one_to_one",2.14981836913631,30.7299568451123
122,"web|two_factor|medium|one_to_one",1.31191373762037,30.7299568451123
122,"mobile|simple|high|one_to_one",3.97014297382135,30.7299568451123
122,"mobile|simple|low|multi_person",5.5457705559028,30.7299568451123
122,"web|multi_factor|low|multi_person",4.00830515600602,30.7299568451123
122,"web|two_factor|medium|multi_person",-0.203870894413465,30.7299568451123
122,"mobile|two_factor|low|one_to_one",6.2236505564207,30.7299568451123
122,"web|two_factor|high|one_to_one",0.145772817340168,30.7299568451123
122,"web|two_factor|low|one_to_one",3.23718503145546,30.7299568451123
123,"web|simple|low|multi_person",2.75421786093844,30.8608702767635
123,"mobile|two_factor|low|multi_person",4.90398420128964,30.8608702767635
123,"web|two_factor|low|multi_person",1.86123790222567,30.8608702767635
123,"mobile|multi_factor|low|multi_person",4.95327837596586,30.8608702767635
123,"mobile|simple|medium|multi_person",4.06708666881636,30.8608702767635
123,"mobile|multi_factor|medium|multi_person",3.22340088477983,30.8608702767635
123,"web|multi_factor|medium|multi_person",0.18065458571587,30.8608702767635
123,"mobile|simple|high|multi_person",4.497719235393,30.8608702767635
123,"web|simple|high|multi_person",1.45497293632904,30.8608702767635
123,"mobile|two_factor|high|multi_person",3.60473927668024,30.8608702767635
123,"mobile|multi_factor|high|multi_person",3.65403345135647,30.8608702767635
123,"mobile|simple|low|one_to_one",7.55904847930349,30.8608702767635
123,"web|simple|low|one_to_one",4.51630218023953,30.8608702767635
123,"mobile|multi_factor|low|one_to_one",6.71536269526695,30.8608702767635
123,"web|multi_factor|low|one_to_one",3.672616396203,30.8608702767635
123,"mobile|simple|medium|one_to_one",5.82917098811745,30.8608702767635
123,"mobile|two_factor|medium|one_to_one",4.93619102940469,30.8608702767635
123,"mobile|multi_factor|medium|one_to_one",4.98548520408092,30.8608702767635
123,"web|multi_factor|medium|one_to_one",1.94273890501696,30.8608702767635
123,"web|simple|high|one_to_one",3.21705725563013,30.8608702767635
123,"mobile|two_factor|high|one_to_one",5.36682359598133,30.8608702767635
123,"mobile|multi_factor|high|one_to_one",5.41611777065756,30.8608702767635
123,"web|multi_factor|high|one_to_one",2.3733714715936,30.8608702767635
123,"web|simple|medium|multi_person",1.0243403697524,30.8608702767635
123,"mobile|two_factor|medium|multi_person",3.1741067101036,30.8608702767635
123,"web|two_factor|high|multi_person",0.561992977616279,30.8608702767635
123,"web|multi_factor|high|multi_person",0.611287152292509,30.8608702767635
123,"web|simple|medium|one_to_one",2.78642468905349,30.8608702767635
123,"web|two_factor|medium|one_to_one",1.89344473034073,30.8608702767635
123,"mobile|simple|high|one_to_one",6.25980355469409,30.8608702767635
123,"mobile|simple|low|multi_person",5.7969641600024,30.8608702767635
123,"web|multi_factor|low|multi_person",1.9105320769019,30.8608702767635
123,"web|two_factor|medium|multi_person",0.13136041103964,30.8608702767635
123,"mobile|two_factor|low|one_to_one",6.66606852059073,30.8608702767635
123,"web|two_factor|high|one_to_one",2.32407729691737,30.8608702767635
123,"web|two_factor|low|one_to_one",3.62332222152676,30.8608702767635
124,"web|simple|low|multi_person",2.28929488594083,30.0700873802556
124,"mobile|two_factor|low|multi_person",6.06428705750384,30.0700873802556
124,"web|two_factor|low|multi_person",2.99944361934484,30.0700873802556
124,"mobile|multi_factor|low|multi_person",4.97309099058033,30.0700873802556
124,"mobile|simple|medium|multi_person",3.89274223155107,30.0700873802556
124,"mobile|multi_factor|medium|multi_person",3.51169489803157,30.0700873802556
124,"web|multi_factor|medium|multi_person",0.446851459872571,30.0700873802556
124,"mobile|simple|high|multi_person",3.55419980276498,30.0700873802556
124,"web|simple|high|multi_person",0.489356364605984,30.0700873802556
124,"mobile|two_factor|high|multi_person",4.264348536169,30.0700873802556
124,"mobile|multi_factor|high|multi_person",3.17315246924549,30.0700873802556
124,"mobile|simple|low|one_to_one",6.51260348649843,30.0700873802556
124,"web|simple|low|one_to_one",3.44776004833943,30.0700873802556
124,"mobile|multi_factor|low|one_to_one",6.13155615297893,30.0700873802556
124,"web|multi_factor|low|one_to_one",3.06671271481993,30.0700873802556
124,"mobile|simple|medium|one_to_one",5.05120739394967,30.0700873802556
124,"mobile|two_factor|medium|one_to_one",5.76135612735369,30.0700873802556
124,"mobile|multi_factor|medium|one_to_one",4.67016006043017,30.0700873802556
124,"web|multi_factor|medium|one_to_one",1.60531662227117,30.0700873802556
124,"web|simple|high|one_to_one",1.64782152700459,30.0700873802556
124,"mobile|two_factor|high|one_to_one",5.4228136985676,30.0700873802556
124,"mobile|multi_factor|high|one_to_one",4.33161763164409,30.0700873802556
124,"web|multi_factor|high|one_to_one",1.26677419348509,30.0700873802556
124,"web|simple|medium|multi_person",0.827898793392069,30.0700873802556
124,"mobile|two_factor|medium|multi_person",4.60289096495509,30.0700873802556
124,"web|two_factor|high|multi_person",1.19950509801,30.0700873802556
124,"web|multi_factor|high|multi_person",0.108309031086486,30.0700873802556
124,"web|simple|medium|one_to_one",1.98636395579067,30.0700873802556
124,"web|two_factor|medium|one_to_one",2.69651268919469,30.0700873802556
124,"mobile|simple|high|one_to_one",4.71266496516359,30.0700873802556
124,"mobile|simple|low|multi_person",5.35413832409983,30.0700873802556
124,"web|multi_factor|low|multi_person",1.90824755242133,30.0700873802556
124,"web|two_factor|medium|multi_person",1.53804752679608,30.0700873802556
124,"mobile|two_factor|low|one_to_one",7.22275221990245,30.0700873802556
124,"web|two_factor|high|one_to_one",2.3579702604086,30.0700873802556
124,"web|two_factor|low|one_to_one",4.15790878174345,30.0700873802556
125,"web|simple|low|multi_person",2.65862622618905,30.6479579635651
125,"mobile|two_factor|low|multi_person",3.56757991674093,30.6479579635651
125,"web|two_factor|low|multi_person",0.556295800380093,30.6479579635651
125,"mobile|multi_factor|low|multi_person",6.96634429146043,30.6479579635651
125,"mobile|simple|medium|multi_person",3.94715471145482,30.6479579635651
125,"mobile|multi_factor|medium|multi_person",5.24358866036536,30.6479579635651
125,"web|multi_factor|medium|multi_person",2.23230454400452,30.6479579635651
125,"mobile|simple|high|multi_person",3.13857082416659,30.6479579635651
125,"web|simple|high|multi_person",0.127286707805752,30.6479579635651
125,"mobile|two_factor|high|multi_person",1.03624039835763,30.6479579635651
125,"mobile|multi_factor|high|multi_person",4.43500477307713,30.6479579635651
125,"mobile|simple|low|one_to_one",7.37283488785901,30.6479579635651
125,"web|simple|low|one_to_one",4.36155077149817,30.6479579635651
125,"mobile|multi_factor|low|one_to_one",8.66926883676955,30.6479579635651
125,"web|multi_factor|low|one_to_one",5.65798472040871,30.6479579635651
125,"mobile|simple|medium|one_to_one",5.65007925676393,30.6479579635651
125,"mobile|two_factor|medium|one_to_one",3.54774883095497,30.6479579635651
125,"mobile|multi_factor|medium|one_to_one",6.94651320567447,30.6479579635651
125,"web|multi_factor|medium|one_to_one",3.93522908931363,30.6479579635651
125,"web|simple|high|one_to_one",1.83021125311487,30.6479579635651
125,"mobile|two_factor|high|one_to_one",2.73916494366675,30.6479579635651
125,"mobile|multi_factor|high|one_to_one",6.13792931838625,30.6479579635651
125,"web|multi_factor|high|one_to_one",3.12664520202541,30.6479579635651
125,"web|simple|medium|multi_person",0.935870595093979,30.6479579635651
125,"mobile|two_factor|medium|multi_person",1.84482428564586,30.6479579635651
125,"web|two_factor|high|multi_person",-1.97504371800321,30.6479579635651
125,"web|multi_factor|high|multi_person",1.42372065671629,30.6479579635651
125,"web|simple|medium|one_to_one",2.63879514040309,30.6479579635651
125,"web|two_factor|medium|one_to_one",0.536464714594134,30.6479579635651
125,"mobile|simple|high|one_to_one",4.8414953694757,30.6479579635651
125,"mobile|simple|low|multi_person",5.66991034254989,30.6479579635651
125,"web|multi_factor|low|multi_person",3.95506017509959,30.6479579635651
125,"web|two_factor|medium|multi_person",-1.16645983071498,30.6479579635651
125,"mobile|two_factor|low|one_to_one",5.27050446205005,30.6479579635651
125,"web|two_factor|high|one_to_one",-0.272119172694093,30.6479579635651
125,"web|two_factor|low|one_to_one",2.25922034568921,30.6479579635651
126,"web|simple|low|multi_person",2.11785876577272,30.6904545541424
126,"mobile|two_factor|low|multi_person",4.77410278606035,30.6904545541424
126,"web|two_factor|low|multi_person",1.80263593924732,30.6904545541424
126,"mobile|multi_factor|low|multi_person",5.40808300316704,30.6904545541424
126,"mobile|simple|medium|multi_person",3.60384457706226,30.6904545541424
126,"mobile|multi_factor|medium|multi_person",3.92260196764355,30.6904545541424
126,"web|multi_factor|medium|multi_person",0.951135120830507,30.6904545541424
126,"mobile|simple|high|multi_person",3.54387922008851,30.6904545541424
126,"web|simple|high|multi_person",0.572412373275469,30.6904545541424
126,"mobile|two_factor|high|multi_person",3.22865639356311,30.6904545541424
126,"mobile|multi_factor|high|multi_person",3.86263661066979,30.6904545541424
126,"mobile|simple|low|one_to_one",6.94190003687807,30.6904545541424
126,"web|simple|low|one_to_one",3.97043319006503,30.6904545541424
126,"mobile|multi_factor|low|one_to_one",7.26065742745935,30.6904545541424
126,"web|multi_factor|low|one_to_one",4.28919058064631,30.6904545541424
126,"mobile|simple|medium|one_to_one",5.45641900135458,30.6904545541424
126,"mobile|two_factor|medium|one_to_one",5.14119617482917,30.6904545541424
126,"mobile|multi_factor|medium|one_to_one",5.77517639193586,30.6904545541424
126,"web|multi_factor|medium|one_to_one",2.80370954512282,30.6904545541424
126,"web|simple|high|one_to_one",2.42498679756778,30.6904545541424
126,"mobile|two_factor|high|one_to_one",5.08123081785542,30.6904545541424
126,"mobile|multi_factor|high|one_to_one",5.7152110349621,30.6904545541424
126,"web|multi_factor|high|one_to_one",2.74374418814906,30.6904545541424
126,"web|simple|medium|multi_person",0.632377730249224,30.6904545541424
126,"mobile|two_factor|medium|multi_person",3.28862175053686,30.6904545541424
126,"web|two_factor|high|multi_person",0.257189546750067,30.6904545541424
126,"web|multi_factor|high|multi_person",0.891169763856752,30.6904545541424
126,"web|simple|medium|one_to_one",2.48495215454154,30.6904545541424
126,"web|two_factor|medium|one_to_one",2.16972932801613,30.6904545541424
126,"mobile|simple|high|one_to_one",5.39645364438082,30.6904545541424
126,"mobile|simple|low|multi_person",5.08932561258576,30.6904545541424
126,"web|multi_factor|low|multi_person",2.436616156354,30.6904545541424
126,"web|two_factor|medium|multi_person",0.317154903723822,30.6904545541424
126,"mobile|two_factor|low|one_to_one",6.62667721035267,30.6904545541424
126,"web|two_factor|high|one_to_one",2.10976397104238,30.6904545541424
126,"web|two_factor|low|one_to_one",3.65521036353963,30.6904545541424
127,"web|simple|low|multi_person",3.57421047162551,30.550970180649
127,"mobile|two_factor|low|multi_person",4.94005180058812,30.550970180649
127,"web|two_factor|low|multi_person",1.6134305598294,30.550970180649
127,"mobile|multi_factor|low|multi_person",5.70568786294015,30.550970180649
127,"mobile|simple|medium|multi_person",4.78395069620608,30.550970180649
127,"mobile|multi_factor|medium|multi_person",3.588806846762,30.550970180649
127,"web|multi_factor|medium|multi_person",0.262185606003284,30.550970180649
127,"mobile|simple|high|multi_person",4.17205454556615,30.550970180649
127,"web|simple|high|multi_person",0.84543330480743,30.550970180649
127,"mobile|two_factor|high|multi_person",2.21127463377004,30.550970180649
127,"mobile|multi_factor|high|multi_person",2.97691069612207,30.550970180649
127,"mobile|simple|low|one_to_one",9.09835007162145,30.550970180649
127,"web|simple|low|one_to_one",5.77172883086273,30.550970180649
127,"mobile|multi_factor|low|one_to_one",7.90320622217737,30.550970180649
127,"web|multi_factor|low|one_to_one",4.57658498141865,30.550970180649
127,"mobile|simple|medium|one_to_one",6.9814690554433,30.550970180649
127,"mobile|two_factor|medium|one_to_one",5.02068914364719,30.550970180649
127,"mobile|multi_factor|medium|one_to_one",5.78632520599922,30.550970180649
127,"web|multi_factor|medium|one_to_one",2.4597039652405,30.550970180649
127,"web|simple|high|one_to_one",3.04295166404465,30.550970180649
127,"mobile|two_factor|high|one_to_one",4.40879299300726,30.550970180649
127,"mobile|multi_factor|high|one_to_one",5.17442905535929,30.550970180649
127,"web|multi_factor|high|one_to_one",1.84780781460057,30.550970180649
127,"web|simple|medium|multi_person",1.45732945544736,30.550970180649
127,"mobile|two_factor|medium|multi_person",2.82317078440997,30.550970180649
127,"web|two_factor|high|multi_person",-1.11534660698868,30.550970180649
127,"web|multi_factor|high|multi_person",-0.349710544636646,30.550970180649
127,"web|simple|medium|one_to_one",3.65484781468458,30.550970180649
127,"web|two_factor|medium|one_to_one",1.69406790288847,30.550970180649
127,"mobile|simple|high|one_to_one",6.36957290480337,30.550970180649
127,"mobile|simple|low|multi_person",6.90083171238423,30.550970180649
127,"web|multi_factor|low|multi_person",2.37906662218143,30.550970180649
127,"web|two_factor|medium|multi_person",-0.503450456348747,30.550970180649
127,"mobile|two_factor|low|one_to_one",7.13757015982534,30.550970180649
127,"web|two_factor|high|one_to_one",1.08217175224854,30.550970180649
127,"web|two_factor|low|one_to_one",3.81094891906662,30.550970180649
128,"web|simple|low|multi_person",1.52284332810559,31.0207819706659
128,"mobile|two_factor|low|multi_person",4.97642864221846,31.0207819706659
128,"web|two_factor|low|multi_person",1.67401986085748,31.0207819706659
128,"mobile|multi_factor|low|multi_person",6.35004102849221,31.0207819706659
128,"mobile|simple|medium|multi_person",3.10173939362596,31.0207819706659
128,"mobile|multi_factor|medium|multi_person",4.6265283126516,31.0207819706659
128,"web|multi_factor|medium|multi_person",1.32411953129062,31.0207819706659
128,"mobile|simple|high|multi_person",2.49603592159292,31.0207819706659
128,"web|simple|high|multi_person",-0.806372859768061,31.0207819706659
128,"mobile|two_factor|high|multi_person",2.64721245434481,31.0207819706659
128,"mobile|multi_factor|high|multi_person",4.02082484061857,31.0207819706659
128,"mobile|simple|low|one_to_one",6.86955552106047,31.0207819706659
128,"web|simple|low|one_to_one",3.56714673969949,31.0207819706659
128,"mobile|multi_factor|low|one_to_one",8.39434444008611,31.0207819706659
128,"web|multi_factor|low|one_to_one",5.09193565872513,31.0207819706659
128,"mobile|simple|medium|one_to_one",5.14604280521986,31.0207819706659
128,"mobile|two_factor|medium|one_to_one",5.29721933797175,31.0207819706659
128,"mobile|multi_factor|medium|one_to_one",6.6708317242455,31.0207819706659
128,"web|multi_factor|medium|one_to_one",3.36842294288452,31.0207819706659
128,"web|simple|high|one_to_one",1.23793055182584,31.0207819706659
128,"mobile|two_factor|high|one_to_one",4.69151586593871,31.0207819706659
128,"mobile|multi_factor|high|one_to_one",6.06512825221246,31.0207819706659
128,"web|multi_factor|high|one_to_one",2.76271947085148,31.0207819706659
128,"web|simple|medium|multi_person",-0.200669387735023,31.0207819706659
128,"mobile|two_factor|medium|multi_person",3.25291592637785,31.0207819706659
128,"web|two_factor|high|multi_person",-0.655196327016168,31.0207819706659
128,"web|multi_factor|high|multi_person",0.718416059257585,31.0207819706659
128,"web|simple|medium|one_to_one",1.84363402385888,31.0207819706659
128,"web|two_factor|medium|one_to_one",1.99481055661077,31.0207819706659
128,"mobile|simple|high|one_to_one",4.54033933318682,31.0207819706659
128,"mobile|simple|low|multi_person",4.82525210946657,31.0207819706659
128,"web|multi_factor|low|multi_person",3.04763224713123,31.0207819706659
128,"web|two_factor|medium|multi_person",-0.0494928549831302,31.0207819706659
128,"mobile|two_factor|low|one_to_one",7.02073205381236,31.0207819706659
128,"web|two_factor|high|one_to_one",1.38910708457773,31.0207819706659
128,"web|two_factor|low|one_to_one",3.71832327245138,31.0207819706659
130,"web|simple|low|multi_person",2.10967863102836,30.8318960706385
130,"mobile|two_factor|low|multi_person",4.98609007474741,30.8318960706385
130,"web|two_factor|low|multi_person",2.17663499284535,30.8318960706385
130,"mobile|multi_factor|low|multi_person",5.07176383932447,30.8318960706385
130,"mobile|simple|medium|multi_person",3.18463915561454,30.8318960706385
130,"mobile|multi_factor|medium|multi_person",3.33726928200859,30.8318960706385
130,"web|multi_factor|medium|multi_person",0.527814200106529,30.8318960706385
130,"mobile|simple|high|multi_person",3.37729024090348,30.8318960706385
130,"web|simple|high|multi_person",0.567835159001422,30.8318960706385
130,"mobile|two_factor|high|multi_person",3.44424660272047,30.8318960706385
130,"mobile|multi_factor|high|multi_person",3.52992036729753,30.8318960706385
130,"mobile|simple|low|one_to_one",7.09184427346744,30.8318960706385
130,"web|simple|low|one_to_one",4.28238919156538,30.8318960706385
130,"mobile|multi_factor|low|one_to_one",7.24447439986149,30.8318960706385
130,"web|multi_factor|low|one_to_one",4.43501931795943,30.8318960706385
130,"mobile|simple|medium|one_to_one",5.35734971615156,30.8318960706385
130,"mobile|two_factor|medium|one_to_one",5.42430607796855,30.8318960706385
130,"mobile|multi_factor|medium|one_to_one",5.50997984254561,30.8318960706385
130,"web|multi_factor|medium|one_to_one",2.70052476064355,30.8318960706385
130,"web|simple|high|one_to_one",2.74054571953844,30.8318960706385
130,"mobile|two_factor|high|one_to_one",5.61695716325749,30.8318960706385
130,"mobile|multi_factor|high|one_to_one",5.70263092783455,30.8318960706385
130,"web|multi_factor|high|one_to_one",2.89317584593249,30.8318960706385
130,"web|simple|medium|multi_person",0.375184073712482,30.8318960706385
130,"mobile|two_factor|medium|multi_person",3.25159551743153,30.8318960706385
130,"web|two_factor|high|multi_person",0.63479152081841,30.8318960706385
130,"web|multi_factor|high|multi_person",0.720465285395469,30.8318960706385
130,"web|simple|medium|one_to_one",2.5478946342495,30.8318960706385
130,"web|two_factor|medium|one_to_one",2.61485099606649,30.8318960706385
130,"mobile|simple|high|one_to_one",5.5500008014405,30.8318960706385
130,"mobile|simple|low|multi_person",4.91913371293042,30.8318960706385
130,"web|multi_factor|low|multi_person",2.26230875742241,30.8318960706385
130,"web|two_factor|medium|multi_person",0.44214043552947,30.8318960706385
130,"mobile|two_factor|low|one_to_one",7.15880063528443,30.8318960706385
130,"web|two_factor|high|one_to_one",2.80750208135543,30.8318960706385
130,"web|two_factor|low|one_to_one",4.34934555338237,30.8318960706385
131,"web|simple|low|multi_person",2.43023659087657,31.0374159623146
131,"mobile|two_factor|low|multi_person",4.74202601294093,31.0374159623146
131,"web|two_factor|low|multi_person",2.19775513927737,31.0374159623146
131,"mobile|multi_factor|low|multi_person",5.98777228684615,31.0374159623146
131,"mobile|simple|medium|multi_person",4.15621244526944,31.0374159623146
131,"mobile|multi_factor|medium|multi_person",5.16947726757545,31.0374159623146
131,"web|multi_factor|medium|multi_person",2.62520639391189,31.0374159623146
131,"mobile|simple|high|multi_person",2.77975494814567,31.0374159623146
131,"web|simple|high|multi_person",0.235484074482112,31.0374159623146
131,"mobile|two_factor|high|multi_person",2.54727349654647,31.0374159623146
131,"mobile|multi_factor|high|multi_person",3.79301977045169,31.0374159623146
131,"mobile|simple|low|one_to_one",5.98142655508905,31.0374159623146
131,"web|simple|low|one_to_one",3.43715568142549,31.0374159623146
131,"mobile|multi_factor|low|one_to_one",6.99469137739507,31.0374159623146
131,"web|multi_factor|low|one_to_one",4.45042050373151,31.0374159623146
131,"mobile|simple|medium|one_to_one",5.16313153581836,31.0374159623146
131,"mobile|two_factor|medium|one_to_one",4.93065008421916,31.0374159623146
131,"mobile|multi_factor|medium|one_to_one",6.17639635812438,31.0374159623146
131,"web|multi_factor|medium|one_to_one",3.63212548446082,31.0374159623146
131,"web|simple|high|one_to_one",1.24240316503103,31.0374159623146
131,"mobile|two_factor|high|one_to_one",3.55419258709539,31.0374159623146
131,"mobile|multi_factor|high|one_to_one",4.79993886100061,31.0374159623146
131,"web|multi_factor|high|one_to_one",2.25566798733705,31.0374159623146
131,"web|simple|medium|multi_person",1.61194157160588,31.0374159623146
131,"mobile|two_factor|medium|multi_person",3.92373099367024,31.0374159623146
131,"web|two_factor|high|multi_person",0.00300262288290876,31.0374159623146
131,"web|multi_factor|high|multi_person",1.24874889678813,31.0374159623146
131,"web|simple|medium|one_to_one",2.6188606621548,31.0374159623146
131,"web|two_factor|medium|one_to_one",2.3863792105556,31.0374159623146
131,"mobile|simple|high|one_to_one",3.78667403869459,31.0374159623146
131,"mobile|simple|low|multi_person",4.97450746454013,31.0374159623146
131,"web|multi_factor|low|multi_person",3.44350141318259,31.0374159623146
131,"web|two_factor|medium|multi_person",1.37946012000668,31.0374159623146
131,"mobile|two_factor|low|one_to_one",5.74894510348985,31.0374159623146
131,"web|two_factor|high|one_to_one",1.00992171343183,31.0374159623146
131,"web|two_factor|low|one_to_one",3.20467422982629,31.0374159623146
132,"web|simple|low|multi_person",2.14310067707278,31.0380845366062
132,"mobile|two_factor|low|multi_person",4.84896700739091,31.0380845366062
132,"web|two_factor|low|multi_person",2.11781598186925,31.0380845366062
132,"mobile|multi_factor|low|multi_person",5.4234912834497,31.0380845366062
132,"mobile|simple|medium|multi_person",3.29936626665041,31.0380845366062
132,"mobile|multi_factor|medium|multi_person",3.84860584750567,31.0380845366062
132,"web|multi_factor|medium|multi_person",1.11745482198401,31.0380845366062
132,"mobile|simple|high|multi_person",3.07719280258287,31.0380845366062
132,"web|simple|high|multi_person",0.346041777061215,31.0380845366062
132,"mobile|two_factor|high|multi_person",3.05190810737935,31.0380845366062
132,"mobile|multi_factor|high|multi_person",3.62643238343813,31.0380845366062
132,"mobile|simple|low|one_to_one",6.56282783567069,31.0380845366062
132,"web|simple|low|one_to_one",3.83167681014903,31.0380845366062
132,"mobile|multi_factor|low|one_to_one",7.11206741652594,31.0380845366062
132,"web|multi_factor|low|one_to_one",4.38091639100429,31.0380845366062
132,"mobile|simple|medium|one_to_one",4.98794239972666,31.0380845366062
132,"mobile|two_factor|medium|one_to_one",4.96265770452313,31.0380845366062
132,"mobile|multi_factor|medium|one_to_one",5.53718198058192,31.0380845366062
132,"web|multi_factor|medium|one_to_one",2.80603095506026,31.0380845366062
132,"web|simple|high|one_to_one",2.03461791013746,31.0380845366062
132,"mobile|two_factor|high|one_to_one",4.7404842404556,31.0380845366062
132,"mobile|multi_factor|high|one_to_one",5.31500851651438,31.0380845366062
132,"web|multi_factor|high|one_to_one",2.58385749099272,31.0380845366062
132,"web|simple|medium|multi_person",0.568215241128746,31.0380845366062
132,"mobile|two_factor|medium|multi_person",3.27408157144688,31.0380845366062
132,"web|two_factor|high|multi_person",0.320757081857691,31.0380845366062
132,"web|multi_factor|high|multi_person",0.895281357916475,31.0380845366062
132,"web|simple|medium|one_to_one",2.256791374205,31.0380845366062
132,"web|two_factor|medium|one_to_one",2.23150667900147,31.0380845366062
132,"mobile|simple|high|one_to_one",4.76576893565912,31.0380845366062
132,"mobile|simple|low|multi_person",4.87425170259444,31.0380845366062
132,"web|multi_factor|low|multi_person",2.69234025792804,31.0380845366062
132,"web|two_factor|medium|multi_person",0.542930545925222,31.0380845366062
132,"mobile|two_factor|low|one_to_one",6.53754314046716,31.0380845366062
132,"web|two_factor|high|one_to_one",2.00933321493394,31.0380845366062
132,"web|two_factor|low|one_to_one",3.8063921149455,31.0380845366062
133,"web|simple|low|multi_person",1.465220505441,30.2177501540527
133,"mobile|two_factor|low|multi_person",4.53829690946931,30.2177501540527
133,"web|two_factor|low|multi_person",0.218929880177531,30.2177501540527
133,"mobile|multi_factor|low|multi_person",5.56136248917262,30.2177501540527
133,"mobile|simple|medium|multi_person",5.44989484270058,30.2177501540527
133,"mobile|multi_factor|medium|multi_person",5.22666979714042,30.2177501540527
133,"web|multi_factor|medium|multi_person",0.907302767848642,30.2177501540527
133,"mobile|simple|high|multi_person",4.27031684187971,30.2177501540527
133,"web|simple|high|multi_person",-0.0490501874120743,30.2177501540527
133,"mobile|two_factor|high|multi_person",3.02402621661624,30.2177501540527
133,"mobile|multi_factor|high|multi_person",4.04709179631955,30.2177501540527
133,"mobile|simple|low|one_to_one",8.10372291947552,30.2177501540527
133,"web|simple|low|one_to_one",3.78435589018374,30.2177501540527
133,"mobile|multi_factor|low|one_to_one",7.88049787391536,30.2177501540527
133,"web|multi_factor|low|one_to_one",3.56113084462358,30.2177501540527
133,"mobile|simple|medium|one_to_one",7.76903022744332,30.2177501540527
133,"mobile|two_factor|medium|one_to_one",6.52273960217985,30.2177501540527
133,"mobile|multi_factor|medium|one_to_one",7.54580518188316,30.2177501540527
133,"web|multi_factor|medium|one_to_one",3.22643815259138,30.2177501540527
133,"web|simple|high|one_to_one",2.27008519733067,30.2177501540527
133,"mobile|two_factor|high|one_to_one",5.34316160135898,30.2177501540527
133,"mobile|multi_factor|high|one_to_one",6.36622718106229,30.2177501540527
133,"web|multi_factor|high|one_to_one",2.04686015177051,30.2177501540527
133,"web|simple|medium|multi_person",1.1305278134088,30.2177501540527
133,"mobile|two_factor|medium|multi_person",4.20360421743711,30.2177501540527
133,"web|two_factor|high|multi_person",-1.29534081267554,30.2177501540527
133,"web|multi_factor|high|multi_person",-0.27227523297223,30.2177501540527
133,"web|simple|medium|one_to_one",3.44966319815154,30.2177501540527
133,"web|two_factor|medium|one_to_one",2.20337257288807,30.2177501540527
133,"mobile|simple|high|one_to_one",6.58945222662245,30.2177501540527
133,"mobile|simple|low|multi_person",5.78458753473278,30.2177501540527
133,"web|multi_factor|low|multi_person",1.24199545988084,30.2177501540527
133,"web|two_factor|medium|multi_person",-0.115762811854668,30.2177501540527
133,"mobile|two_factor|low|one_to_one",6.85743229421205,30.2177501540527
133,"web|two_factor|high|one_to_one",1.0237945720672,30.2177501540527
133,"web|two_factor|low|one_to_one",2.53806526492027,30.2177501540527
135,"web|simple|low|multi_person",3.68624246343493,31.5606159187632
135,"mobile|two_factor|low|multi_person",5.66801804663837,31.5606159187632
135,"web|two_factor|low|multi_person",4.05387600014234,31.5606159187632
135,"mobile|multi_factor|low|multi_person",5.0191610514612,31.5606159187632
135,"mobile|simple|medium|multi_person",3.85015317672242,31.5606159187632
135,"mobile|multi_factor|medium|multi_person",3.56892971825266,31.5606159187632
135,"web|multi_factor|medium|multi_person",1.95478767175664,31.5606159187632
135,"mobile|simple|high|multi_person",3.56389687978301,31.5606159187632
135,"web|simple|high|multi_person",1.94975483328698,31.5606159187632
135,"mobile|two_factor|high|multi_person",3.93153041649043,31.5606159187632
135,"mobile|multi_factor|high|multi_person",3.28267342131325,31.5606159187632
135,"mobile|simple|low|one_to_one",5.18041703674117,31.5606159187632
135,"web|simple|low|one_to_one",3.56627499024514,31.5606159187632
135,"mobile|multi_factor|low|one_to_one",4.89919357827141,31.5606159187632
135,"web|multi_factor|low|one_to_one",3.28505153177538,31.5606159187632
135,"mobile|simple|medium|one_to_one",3.73018570353263,31.5606159187632
135,"mobile|two_factor|medium|one_to_one",4.09781924024005,31.5606159187632
135,"mobile|multi_factor|medium|one_to_one",3.44896224506288,31.5606159187632
135,"web|multi_factor|medium|one_to_one",1.83482019856685,31.5606159187632
135,"web|simple|high|one_to_one",1.8297873600972,31.5606159187632
135,"mobile|two_factor|high|one_to_one",3.81156294330064,31.5606159187632
135,"mobile|multi_factor|high|one_to_one",3.16270594812347,31.5606159187632
135,"web|multi_factor|high|one_to_one",1.54856390162744,31.5606159187632
135,"web|simple|medium|multi_person",2.23601113022639,31.5606159187632
135,"mobile|two_factor|medium|multi_person",4.21778671342984,31.5606159187632
135,"web|two_factor|high|multi_person",2.3173883699944,31.5606159187632
135,"web|multi_factor|high|multi_person",1.66853137481723,31.5606159187632
135,"web|simple|medium|one_to_one",2.11604365703661,31.5606159187632
135,"web|two_factor|medium|one_to_one",2.48367719374402,31.5606159187632
135,"mobile|simple|high|one_to_one",3.44392940659322,31.5606159187632
135,"mobile|simple|low|multi_person",5.30038450993095,31.5606159187632
135,"web|multi_factor|low|multi_person",3.40501900496517,31.5606159187632
135,"web|two_factor|medium|multi_person",2.60364466693381,31.5606159187632
135,"mobile|two_factor|low|one_to_one",5.54805057344858,31.5606159187632
135,"web|two_factor|high|one_to_one",2.19742089680461,31.5606159187632
135,"web|two_factor|low|one_to_one",3.93390852695256,31.5606159187632
136,"web|simple|low|multi_person",2.61520744765874,30.8575388174771
136,"mobile|two_factor|low|multi_person",6.46885629014294,30.8575388174771
136,"web|two_factor|low|multi_person",2.47331784919558,30.8575388174771
136,"mobile|multi_factor|low|multi_person",6.59197959572406,30.8575388174771
136,"mobile|simple|medium|multi_person",4.09258932238699,30.8575388174771
136,"mobile|multi_factor|medium|multi_person",4.07382302950494,30.8575388174771
136,"web|multi_factor|medium|multi_person",0.0782845885575798,30.8575388174771
136,"mobile|simple|high|multi_person",4.2191222709822,30.8575388174771
136,"web|simple|high|multi_person",0.223583830034843,30.8575388174771
136,"mobile|two_factor|high|multi_person",4.07723267251904,30.8575388174771
136,"mobile|multi_factor|high|multi_person",4.20035597810016,30.8575388174771
136,"mobile|simple|low|one_to_one",7.84124787656221,30.8575388174771
136,"web|simple|low|one_to_one",3.84570943561485,30.8575388174771
136,"mobile|multi_factor|low|one_to_one",7.82248158368016,30.8575388174771
136,"web|multi_factor|low|one_to_one",3.8269431427328,30.8575388174771
136,"mobile|simple|medium|one_to_one",5.32309131034309,30.8575388174771
136,"mobile|two_factor|medium|one_to_one",5.18120171187993,30.8575388174771
136,"mobile|multi_factor|medium|one_to_one",5.30432501746104,30.8575388174771
136,"web|multi_factor|medium|one_to_one",1.30878657651368,30.8575388174771
136,"web|simple|high|one_to_one",1.45408581799095,30.8575388174771
136,"mobile|two_factor|high|one_to_one",5.30773466047515,30.8575388174771
136,"mobile|multi_factor|high|one_to_one",5.43085796605626,30.8575388174771
136,"web|multi_factor|high|one_to_one",1.4353195251089,30.8575388174771
136,"web|simple|medium|multi_person",0.0970508814396263,30.8575388174771
136,"mobile|two_factor|medium|multi_person",3.95069972392383,30.8575388174771
136,"web|two_factor|high|multi_person",0.0816942315716818,30.8575388174771
136,"web|multi_factor|high|multi_person",0.204817537152796,30.8575388174771
136,"web|simple|medium|one_to_one",1.32755286939573,30.8575388174771
136,"web|two_factor|medium|one_to_one",1.18566327093257,30.8575388174771
136,"mobile|simple|high|one_to_one",5.44962425893831,30.8575388174771
136,"mobile|simple|low|multi_person",6.6107458886061,30.8575388174771
136,"web|multi_factor|low|multi_person",2.5964411547767,30.8575388174771
136,"web|two_factor|medium|multi_person",-0.044838717023534,30.8575388174771
136,"mobile|two_factor|low|one_to_one",7.69935827809905,30.8575388174771
136,"web|two_factor|high|one_to_one",1.31219621952779,30.8575388174771
136,"web|two_factor|low|one_to_one",3.70381983715169,30.8575388174771
137,"web|simple|low|multi_person",2.66384884018409,31.1142205433505
137,"mobile|two_factor|low|multi_person",5.04032531145593,31.1142205433505
137,"web|two_factor|low|multi_person",2.0684942521187,31.1142205433505
137,"mobile|multi_factor|low|multi_person",5.14898328603062,31.1142205433505
137,"mobile|simple|medium|multi_person",3.9651064430238,31.1142205433505
137,"mobile|multi_factor|medium|multi_person",3.47840982953308,31.1142205433505
137,"web|multi_factor|medium|multi_person",0.50657877019584,31.1142205433505
137,"mobile|simple|high|multi_person",4.23548694737733,31.1142205433505
137,"web|simple|high|multi_person",1.26365588804009,31.1142205433505
137,"mobile|two_factor|high|multi_person",3.64013235931194,31.1142205433505
137,"mobile|multi_factor|high|multi_person",3.74879033388662,31.1142205433505
137,"mobile|simple|low|one_to_one",7.31931261963332,31.1142205433505
137,"web|simple|low|one_to_one",4.34748156029608,31.1142205433505
137,"mobile|multi_factor|low|one_to_one",6.83261600614261,31.1142205433505
137,"web|multi_factor|low|one_to_one",3.86078494680537,31.1142205433505
137,"mobile|simple|medium|one_to_one",5.64873916313579,31.1142205433505
137,"mobile|two_factor|medium|one_to_one",5.05338457507039,31.1142205433505
137,"mobile|multi_factor|medium|one_to_one",5.16204254964507,31.1142205433505
137,"web|multi_factor|medium|one_to_one",2.19021149030783,31.1142205433505
137,"web|simple|high|one_to_one",2.94728860815209,31.1142205433505
137,"mobile|two_factor|high|one_to_one",5.32376507942393,31.1142205433505
137,"mobile|multi_factor|high|one_to_one",5.43242305399861,31.1142205433505
137,"web|multi_factor|high|one_to_one",2.46059199466137,31.1142205433505
137,"web|simple|medium|multi_person",0.993275383686557,31.1142205433505
137,"mobile|two_factor|medium|multi_person",3.3697518549584,31.1142205433505
137,"web|two_factor|high|multi_person",0.668301299974696,31.1142205433505
137,"web|multi_factor|high|multi_person",0.776959274549376,31.1142205433505
137,"web|simple|medium|one_to_one",2.67690810379855,31.1142205433505
137,"web|two_factor|medium|one_to_one",2.08155351573315,31.1142205433505
137,"mobile|simple|high|one_to_one",5.91911966748932,31.1142205433505
137,"mobile|simple|low|multi_person",5.63567989952133,31.1142205433505
137,"web|multi_factor|low|multi_person",2.17715222669338,31.1142205433505
137,"web|two_factor|medium|multi_person",0.39792079562116,31.1142205433505
137,"mobile|two_factor|low|one_to_one",6.72395803156793,31.1142205433505
137,"web|two_factor|high|one_to_one",2.35193402008669,31.1142205433505
137,"web|two_factor|low|one_to_one",3.75212697223069,31.1142205433505
138,"web|simple|low|multi_person",2.45378638165382,30.9735594606773
138,"mobile|two_factor|low|multi_person",5.6876361391914,30.9735594606773
138,"web|two_factor|low|multi_person",2.36400361546042,30.9735594606773
138,"mobile|multi_factor|low|multi_person",5.83980956933009,30.9735594606773
138,"mobile|simple|medium|multi_person",3.87452957384346,30.9735594606773
138,"mobile|multi_factor|medium|multi_person",3.93692023778875,30.9735594606773
138,"web|multi_factor|medium|multi_person",0.613287714057767,30.9735594606773
138,"mobile|simple|high|multi_person",3.92630973791093,30.9735594606773
138,"web|simple|high|multi_person",0.602677214179947,30.9735594606773
138,"mobile|two_factor|high|multi_person",3.83652697171753,30.9735594606773
138,"mobile|multi_factor|high|multi_person",3.98870040185621,30.9735594606773
138,"mobile|simple|low|one_to_one",7.10474703156198,30.9735594606773
138,"web|simple|low|one_to_one",3.781114507831,30.9735594606773
138,"mobile|multi_factor|low|one_to_one",7.16713769550727,30.9735594606773
138,"web|multi_factor|low|one_to_one",3.84350517177629,30.9735594606773
138,"mobile|simple|medium|one_to_one",5.20185770002064,30.9735594606773
138,"mobile|two_factor|medium|one_to_one",5.11207493382724,30.9735594606773
138,"mobile|multi_factor|medium|one_to_one",5.26424836396593,30.9735594606773
138,"web|multi_factor|medium|one_to_one",1.94061584023495,30.9735594606773
138,"web|simple|high|one_to_one",1.93000534035712,30.9735594606773
138,"mobile|two_factor|high|one_to_one",5.16385509789471,30.9735594606773
138,"mobile|multi_factor|high|one_to_one",5.31602852803339,30.9735594606773
138,"web|multi_factor|high|one_to_one",1.99239600430241,30.9735594606773
138,"web|simple|medium|multi_person",0.550897050112479,30.9735594606773
138,"mobile|two_factor|medium|multi_person",3.78474680765006,30.9735594606773
138,"web|two_factor|high|multi_person",0.51289444798655,30.9735594606773
138,"web|multi_factor|high|multi_person",0.665067878125235,30.9735594606773
138,"web|simple|medium|one_to_one",1.87822517628966,30.9735594606773
138,"web|two_factor|medium|one_to_one",1.78844241009626,30.9735594606773
138,"mobile|simple|high|one_to_one",5.2536378640881,30.9735594606773
138,"mobile|simple|low|multi_person",5.7774189053848,30.9735594606773
138,"web|multi_factor|low|multi_person",2.51617704559911,30.9735594606773
138,"web|two_factor|medium|multi_person",0.461114283919082,30.9735594606773
138,"mobile|two_factor|low|one_to_one",7.01496426536858,30.9735594606773
138,"web|two_factor|high|one_to_one",1.84022257416373,30.9735594606773
138,"web|two_factor|low|one_to_one",3.6913317416376,30.9735594606773
140,"web|simple|low|multi_person",1.42186407800281,30.8442907557187
140,"mobile|two_factor|low|multi_person",4.66424867773492,30.8442907557187
140,"web|two_factor|low|multi_person",1.35094922144775,30.8442907557187
140,"mobile|multi_factor|low|multi_person",5.63917948136511,30.8442907557187
140,"mobile|simple|medium|multi_person",3.43689955026868,30.8442907557187
140,"mobile|multi_factor|medium|multi_person",4.3409154973438,30.8442907557187
140,"web|multi_factor|medium|multi_person",1.02761604105662,30.8442907557187
140,"mobile|simple|high|multi_person",4.26260922697389,30.8442907557187
140,"web|simple|high|multi_person",0.949309770686712,30.8442907557187
140,"mobile|two_factor|high|multi_person",4.19169437041883,30.8442907557187
140,"mobile|multi_factor|high|multi_person",5.16662517404901,30.8442907557187
140,"mobile|simple|low|one_to_one",6.47793574106693,30.8442907557187
140,"web|simple|low|one_to_one",3.16463628477975,30.8442907557187
140,"mobile|multi_factor|low|one_to_one",7.38195168814205,30.8442907557187
140,"web|multi_factor|low|one_to_one",4.06865223185487,30.8442907557187
140,"mobile|simple|medium|one_to_one",5.17967175704562,30.8442907557187
140,"mobile|two_factor|medium|one_to_one",5.10875690049056,30.8442907557187
140,"mobile|multi_factor|medium|one_to_one",6.08368770412074,30.8442907557187
140,"web|multi_factor|medium|one_to_one",2.77038824783356,30.8442907557187
140,"web|simple|high|one_to_one",2.69208197746366,30.8442907557187
140,"mobile|two_factor|high|one_to_one",5.93446657719577,30.8442907557187
140,"mobile|multi_factor|high|one_to_one",6.90939738082596,30.8442907557187
140,"web|multi_factor|high|one_to_one",3.59609792453878,30.8442907557187
140,"web|simple|medium|multi_person",0.123600093981497,30.8442907557187
140,"mobile|two_factor|medium|multi_person",3.36598469371361,30.8442907557187
140,"web|two_factor|high|multi_person",0.878394914131648,30.8442907557187
140,"web|multi_factor|high|multi_person",1.85332571776183,30.8442907557187
140,"web|simple|medium|one_to_one",1.86637230075844,30.8442907557187
140,"web|two_factor|medium|one_to_one",1.79545744420338,30.8442907557187
140,"mobile|simple|high|one_to_one",6.00538143375084,30.8442907557187
140,"mobile|simple|low|multi_person",4.73516353428999,30.8442907557187
140,"web|multi_factor|low|multi_person",2.32588002507793,30.8442907557187
140,"web|two_factor|medium|multi_person",0.0526852374264333,30.8442907557187
140,"mobile|two_factor|low|one_to_one",6.40702088451187,30.8442907557187
140,"web|two_factor|high|one_to_one",2.62116712090859,30.8442907557187
140,"web|two_factor|low|one_to_one",3.09372142822469,30.8442907557187
141,"web|simple|low|multi_person",1.41936662963975,30.2351296761982
141,"mobile|two_factor|low|multi_person",5.36633896839481,30.2351296761982
141,"web|two_factor|low|multi_person",2.34233766368675,30.2351296761982
141,"mobile|multi_factor|low|multi_person",6.15960603623455,30.2351296761982
141,"mobile|simple|medium|multi_person",1.94128352362991,30.2351296761982
141,"mobile|multi_factor|medium|multi_person",3.65752162551665,30.2351296761982
141,"web|multi_factor|medium|multi_person",0.633520320808591,30.2351296761982
141,"mobile|simple|high|multi_person",3.31044005767608,30.2351296761982
141,"web|simple|high|multi_person",0.286438752968019,30.2351296761982
141,"mobile|two_factor|high|multi_person",4.23341109172308,30.2351296761982
141,"mobile|multi_factor|high|multi_person",5.02667815956282,30.2351296761982
141,"mobile|simple|low|one_to_one",6.14312331857719,30.2351296761982
141,"web|simple|low|one_to_one",3.11912201386913,30.2351296761982
141,"mobile|multi_factor|low|one_to_one",7.85936142046393,30.2351296761982
141,"web|multi_factor|low|one_to_one",4.83536011575587,30.2351296761982
141,"mobile|simple|medium|one_to_one",3.64103890785929,30.2351296761982
141,"mobile|two_factor|medium|one_to_one",4.56400994190629,30.2351296761982
141,"mobile|multi_factor|medium|one_to_one",5.35727700974603,30.2351296761982
141,"web|multi_factor|medium|one_to_one",2.33327570503797,30.2351296761982
141,"web|simple|high|one_to_one",1.9861941371974,30.2351296761982
141,"mobile|two_factor|high|one_to_one",5.93316647595246,30.2351296761982
141,"mobile|multi_factor|high|one_to_one",6.7264335437922,30.2351296761982
141,"web|multi_factor|high|one_to_one",3.70243223908414,30.2351296761982
141,"web|simple|medium|multi_person",-1.08271778107815,30.2351296761982
141,"mobile|two_factor|medium|multi_person",2.86425455767691,30.2351296761982
141,"web|two_factor|high|multi_person",1.20940978701502,30.2351296761982
141,"web|multi_factor|high|multi_person",2.00267685485476,30.2351296761982
141,"web|simple|medium|one_to_one",0.617037603151229,30.2351296761982
141,"web|two_factor|medium|one_to_one",1.54000863719823,30.2351296761982
141,"mobile|simple|high|one_to_one",5.01019544190546,30.2351296761982
141,"mobile|simple|low|multi_person",4.44336793434781,30.2351296761982
141,"web|multi_factor|low|multi_person",3.13560473152649,30.2351296761982
141,"web|two_factor|medium|multi_person",-0.15974674703115,30.2351296761982
141,"mobile|two_factor|low|one_to_one",7.06609435262419,30.2351296761982
141,"web|two_factor|high|one_to_one",2.9091651712444,30.2351296761982
141,"web|two_factor|low|one_to_one",4.04209304791613,30.2351296761982
142,"web|simple|low|multi_person",2.50414943417498,31.1667612574536
142,"mobile|two_factor|low|multi_person",5.50603742513914,31.1667612574536
142,"web|two_factor|low|multi_person",2.40513261260272,31.1667612574536
142,"mobile|multi_factor|low|multi_person",6.44371661532082,31.1667612574536
142,"mobile|simple|medium|multi_person",4.72769248001144,31.1667612574536
142,"mobile|multi_factor|medium|multi_person",5.56635484862087,31.1667612574536
142,"web|multi_factor|medium|multi_person",2.46545003608445,31.1667612574536
142,"mobile|simple|high|multi_person",2.82994151251924,31.1667612574536
142,"web|simple|high|multi_person",-0.270963300017184,31.1667612574536
142,"mobile|two_factor|high|multi_person",2.73092469094698,31.1667612574536
142,"mobile|multi_factor|high|multi_person",3.66860388112866,31.1667612574536
142,"mobile|simple|low|one_to_one",6.86089628104285,31.1667612574536
142,"web|simple|low|one_to_one",3.75999146850643,31.1667612574536
142,"mobile|multi_factor|low|one_to_one",7.69955864965227,31.1667612574536
142,"web|multi_factor|low|one_to_one",4.59865383711586,31.1667612574536
142,"mobile|simple|medium|one_to_one",5.9835345143429,31.1667612574536
142,"mobile|two_factor|medium|one_to_one",5.88451769277064,31.1667612574536
142,"mobile|multi_factor|medium|one_to_one",6.82219688295232,31.1667612574536
142,"web|multi_factor|medium|one_to_one",3.7212920704159,31.1667612574536
142,"web|simple|high|one_to_one",0.984878734314273,31.1667612574536
142,"mobile|two_factor|high|one_to_one",3.98676672527844,31.1667612574536
142,"mobile|multi_factor|high|one_to_one",4.92444591546012,31.1667612574536
142,"web|multi_factor|high|one_to_one",1.8235411029237,31.1667612574536
142,"web|simple|medium|multi_person",1.62678766747502,31.1667612574536
142,"mobile|two_factor|medium|multi_person",4.62867565843919,31.1667612574536
142,"web|two_factor|high|multi_person",-0.36998012158944,31.1667612574536
142,"web|multi_factor|high|multi_person",0.567699068592239,31.1667612574536
142,"web|simple|medium|one_to_one",2.88262970180648,31.1667612574536
142,"web|two_factor|medium|one_to_one",2.78361288023422,31.1667612574536
142,"mobile|simple|high|one_to_one",4.08578354685069,31.1667612574536
142,"mobile|simple|low|multi_person",5.6050542467114,31.1667612574536
142,"web|multi_factor|low|multi_person",3.3428118027844,31.1667612574536
142,"web|two_factor|medium|multi_person",1.52777084590277,31.1667612574536
142,"mobile|two_factor|low|one_to_one",6.7618794594706,31.1667612574536
142,"web|two_factor|high|one_to_one",0.885861912742016,31.1667612574536
142,"web|two_factor|low|one_to_one",3.66097464693418,31.1667612574536
143,"web|simple|low|multi_person",1.50386087863871,30.8911405446283
143,"mobile|two_factor|low|multi_person",3.45854905484558,30.8911405446283
143,"web|two_factor|low|multi_person",0.761349841121745,30.8911405446283
143,"mobile|multi_factor|low|multi_person",4.22744947196494,30.8911405446283
143,"mobile|simple|medium|multi_person",4.21675153375903,30.8911405446283
143,"mobile|multi_factor|medium|multi_person",4.24314091336143,30.8911405446283
143,"web|multi_factor|medium|multi_person",1.54594169963759,30.8911405446283
143,"mobile|simple|high|multi_person",4.26040607092261,30.8911405446283
143,"web|simple|high|multi_person",1.56320685719877,30.8911405446283
143,"mobile|two_factor|high|multi_person",3.51789503340565,30.8911405446283
143,"mobile|multi_factor|high|multi_person",4.28679545052501,30.8911405446283
143,"mobile|simple|low|one_to_one",5.88956659322058,30.8911405446283
143,"web|simple|low|one_to_one",3.19236737949674,30.8911405446283
143,"mobile|multi_factor|low|one_to_one",5.91595597282298,30.8911405446283
143,"web|multi_factor|low|one_to_one",3.21875675909914,30.8911405446283
143,"mobile|simple|medium|one_to_one",5.90525803461707,30.8911405446283
143,"mobile|two_factor|medium|one_to_one",5.16274699710011,30.8911405446283
143,"mobile|multi_factor|medium|one_to_one",5.93164741421947,30.8911405446283
143,"web|multi_factor|medium|one_to_one",3.23444820049563,30.8911405446283
143,"web|simple|high|one_to_one",3.2517133580568,30.8911405446283
143,"mobile|two_factor|high|one_to_one",5.20640153426368,30.8911405446283
143,"mobile|multi_factor|high|one_to_one",5.97530195138304,30.8911405446283
143,"web|multi_factor|high|one_to_one",3.2781027376592,30.8911405446283
143,"web|simple|medium|multi_person",1.5195523200352,30.8911405446283
143,"mobile|two_factor|medium|multi_person",3.47424049624207,30.8911405446283
143,"web|two_factor|high|multi_person",0.82069581968181,30.8911405446283
143,"web|multi_factor|high|multi_person",1.58959623680117,30.8911405446283
143,"web|simple|medium|one_to_one",3.20805882089323,30.8911405446283
143,"web|two_factor|medium|one_to_one",2.46554778337627,30.8911405446283
143,"mobile|simple|high|one_to_one",5.94891257178064,30.8911405446283
143,"mobile|simple|low|multi_person",4.20106009236254,30.8911405446283
143,"web|multi_factor|low|multi_person",1.5302502582411,30.8911405446283
143,"web|two_factor|medium|multi_person",0.777041282518235,30.8911405446283
143,"mobile|two_factor|low|one_to_one",5.14705555570362,30.8911405446283
143,"web|two_factor|high|one_to_one",2.50920232053984,30.8911405446283
143,"web|two_factor|low|one_to_one",2.44985634197978,30.8911405446283
144,"web|simple|low|multi_person",1.85147042206805,30.796675733755
144,"mobile|two_factor|low|multi_person",5.33596286351661,30.796675733755
144,"web|two_factor|low|multi_person",2.22144087878105,30.796675733755
144,"mobile|multi_factor|low|multi_person",5.30762380350157,30.796675733755
144,"mobile|simple|medium|multi_person",3.44989418464235,30.796675733755
144,"mobile|multi_factor|medium|multi_person",3.79152558134031,30.796675733755
144,"web|multi_factor|medium|multi_person",0.677003596604751,30.796675733755
144,"mobile|simple|high|multi_person",4.78079561061825,30.796675733755
144,"web|simple|high|multi_person",1.66627362588269,30.796675733755
144,"mobile|two_factor|high|multi_person",5.15076606733125,30.796675733755
144,"mobile|multi_factor|high|multi_person",5.12242700731621,30.796675733755
144,"mobile|simple|low|one_to_one",5.31838804548535,30.796675733755
144,"web|simple|low|one_to_one",2.20386606074979,30.796675733755
144,"mobile|multi_factor|low|one_to_one",5.66001944218331,30.796675733755
144,"web|multi_factor|low|one_to_one",2.54549745744775,30.796675733755
144,"mobile|simple|medium|one_to_one",3.80228982332409,30.796675733755
144,"mobile|two_factor|medium|one_to_one",4.17226028003709,30.796675733755
144,"mobile|multi_factor|medium|one_to_one",4.14392122002205,30.796675733755
144,"web|multi_factor|medium|one_to_one",1.02939923528649,30.796675733755
144,"web|simple|high|one_to_one",2.01866926456443,30.796675733755
144,"mobile|two_factor|high|one_to_one",5.50316170601299,30.796675733755
144,"mobile|multi_factor|high|one_to_one",5.47482264599795,30.796675733755
144,"web|multi_factor|high|one_to_one",2.36030066126239,30.796675733755
144,"web|simple|medium|multi_person",0.335372199906791,30.796675733755
144,"mobile|two_factor|medium|multi_person",3.81986464135535,30.796675733755
144,"web|two_factor|high|multi_person",2.03624408259569,30.796675733755
144,"web|multi_factor|high|multi_person",2.00790502258065,30.796675733755
144,"web|simple|medium|one_to_one",0.687767838588529,30.796675733755
144,"web|two_factor|medium|one_to_one",1.05773829530153,30.796675733755
144,"mobile|simple|high|one_to_one",5.13319124929999,30.796675733755
144,"mobile|simple|low|multi_person",4.96599240680361,30.796675733755
144,"web|multi_factor|low|multi_person",2.19310181876601,30.796675733755
144,"web|two_factor|medium|multi_person",0.705342656619789,30.796675733755
144,"mobile|two_factor|low|one_to_one",5.68835850219835,30.796675733755
144,"web|two_factor|high|one_to_one",2.38863972127742,30.796675733755
144,"web|two_factor|low|one_to_one",2.57383651746279,30.796675733755
145,"web|simple|low|multi_person",2.63667637736997,30.9050742755793
145,"mobile|two_factor|low|multi_person",4.71709687100423,30.9050742755793
145,"web|two_factor|low|multi_person",1.63239338042177,30.9050742755793
145,"mobile|multi_factor|low|multi_person",5.31181640351752,30.9050742755793
145,"mobile|simple|medium|multi_person",3.59967135261689,30.9050742755793
145,"mobile|multi_factor|medium|multi_person",3.19010788818198,30.9050742755793
145,"web|multi_factor|medium|multi_person",0.105404397599523,30.9050742755793
145,"mobile|simple|high|multi_person",4.58468650493013,30.9050742755793
145,"web|simple|high|multi_person",1.49998301434767,30.9050742755793
145,"mobile|two_factor|high|multi_person",3.58040350798194,30.9050742755793
145,"mobile|multi_factor|high|multi_person",4.17512304049523,30.9050742755793
145,"mobile|simple|low|one_to_one",7.84451140245283,30.9050742755793
145,"web|simple|low|one_to_one",4.75980791187037,30.9050742755793
145,"mobile|multi_factor|low|one_to_one",7.43494793801792,30.9050742755793
145,"web|multi_factor|low|one_to_one",4.35024444743546,30.9050742755793
145,"mobile|simple|medium|one_to_one",5.72280288711729,30.9050742755793
145,"mobile|two_factor|medium|one_to_one",4.71851989016909,30.9050742755793
145,"mobile|multi_factor|medium|one_to_one",5.31323942268238,30.9050742755793
145,"web|multi_factor|medium|one_to_one",2.22853593209992,30.9050742755793
145,"web|simple|high|one_to_one",3.62311454884807,30.9050742755793
145,"mobile|two_factor|high|one_to_one",5.70353504248234,30.9050742755793
145,"mobile|multi_factor|high|one_to_one",6.29825457499563,30.9050742755793
145,"web|multi_factor|high|one_to_one",3.21355108441317,30.9050742755793
145,"web|simple|medium|multi_person",0.514967862034426,30.9050742755793
145,"mobile|two_factor|medium|multi_person",2.59538835566869,30.9050742755793
145,"web|two_factor|high|multi_person",0.495700017399479,30.9050742755793
145,"web|multi_factor|high|multi_person",1.09041954991277,30.9050742755793
145,"web|simple|medium|one_to_one",2.63809939653483,30.9050742755793
145,"web|two_factor|medium|one_to_one",1.63381639958663,30.9050742755793
145,"mobile|simple|high|one_to_one",6.70781803943053,30.9050742755793
145,"mobile|simple|low|multi_person",5.72137986795243,30.9050742755793
145,"web|multi_factor|low|multi_person",2.22711291293506,30.9050742755793
145,"web|two_factor|medium|multi_person",-0.489315134913769,30.9050742755793
145,"mobile|two_factor|low|one_to_one",6.84022840550463,30.9050742755793
145,"web|two_factor|high|one_to_one",2.61883155189988,30.9050742755793
145,"web|two_factor|low|one_to_one",3.75552491492217,30.9050742755793
146,"web|simple|low|multi_person",2.05520912719599,30.7581752580924
146,"mobile|two_factor|low|multi_person",3.21995635526581,30.7581752580924
146,"web|two_factor|low|multi_person",1.50256049908403,30.7581752580924
146,"mobile|multi_factor|low|multi_person",4.59316123842602,30.7581752580924
146,"mobile|simple|medium|multi_person",2.88730410112228,30.7581752580924
146,"mobile|multi_factor|medium|multi_person",3.70786035617052,30.7581752580924
146,"web|multi_factor|medium|multi_person",1.99046449998874,30.7581752580924
146,"mobile|simple|high|multi_person",2.12592419444009,30.7581752580924
146,"web|simple|high|multi_person",0.408528338258308,30.7581752580924
146,"mobile|two_factor|high|multi_person",1.57327556632813,30.7581752580924
146,"mobile|multi_factor|high|multi_person",2.94648044948833,30.7581752580924
146,"mobile|simple|low|one_to_one",6.32187992680247,30.7581752580924
146,"web|simple|low|one_to_one",4.60448407062069,30.7581752580924
146,"mobile|multi_factor|low|one_to_one",7.14243618185072,30.7581752580924
146,"web|multi_factor|low|one_to_one",5.42504032566893,30.7581752580924
146,"mobile|simple|medium|one_to_one",5.43657904454698,30.7581752580924
146,"mobile|two_factor|medium|one_to_one",4.88393041643502,30.7581752580924
146,"mobile|multi_factor|medium|one_to_one",6.25713529959522,30.7581752580924
146,"web|multi_factor|medium|one_to_one",4.53973944341344,30.7581752580924
146,"web|simple|high|one_to_one",2.95780328168301,30.7581752580924
146,"mobile|two_factor|high|one_to_one",4.12255050975283,30.7581752580924
146,"mobile|multi_factor|high|one_to_one",5.49575539291303,30.7581752580924
146,"web|multi_factor|high|one_to_one",3.77835953673125,30.7581752580924
146,"web|simple|medium|multi_person",1.1699082449405,30.7581752580924
146,"mobile|two_factor|medium|multi_person",2.33465547301032,30.7581752580924
146,"web|two_factor|high|multi_person",-0.144120289853653,30.7581752580924
146,"web|multi_factor|high|multi_person",1.22908459330655,30.7581752580924
146,"web|simple|medium|one_to_one",3.7191831883652,30.7581752580924
146,"web|two_factor|medium|one_to_one",3.16653456025324,30.7581752580924
146,"mobile|simple|high|one_to_one",4.67519913786479,30.7581752580924
146,"mobile|simple|low|multi_person",3.77260498337777,30.7581752580924
146,"web|multi_factor|low|multi_person",2.87576538224423,30.7581752580924
146,"web|two_factor|medium|multi_person",0.617259616828536,30.7581752580924
146,"mobile|two_factor|low|one_to_one",5.76923129869051,30.7581752580924
146,"web|two_factor|high|one_to_one",2.40515465357105,30.7581752580924
146,"web|two_factor|low|one_to_one",4.05183544250873,30.7581752580924
147,"web|simple|low|multi_person",1.8475139922502,30.8840193894069
147,"mobile|two_factor|low|multi_person",3.65531480782634,30.8840193894069
147,"web|two_factor|low|multi_person",1.22240672866788,30.8840193894069
147,"mobile|multi_factor|low|multi_person",5.16017691996958,30.8840193894069
147,"mobile|simple|medium|multi_person",3.24173824720977,30.8840193894069
147,"mobile|multi_factor|medium|multi_person",4.1214930957707,30.8840193894069
147,"web|multi_factor|medium|multi_person",1.68858501661224,30.8840193894069
147,"mobile|simple|high|multi_person",3.55679721270346,30.8840193894069
147,"web|simple|high|multi_person",1.123889133545,30.8840193894069
147,"mobile|two_factor|high|multi_person",2.93168994912114,30.8840193894069
147,"mobile|multi_factor|high|multi_person",4.43655206126438,30.8840193894069
147,"mobile|simple|low|one_to_one",6.20535369926319,30.8840193894069
147,"web|simple|low|one_to_one",3.77244562010473,30.8840193894069
147,"mobile|multi_factor|low|one_to_one",7.08510854782411,30.8840193894069
147,"web|multi_factor|low|one_to_one",4.65220046866565,30.8840193894069
147,"mobile|simple|medium|one_to_one",5.1666698750643,30.8840193894069
147,"mobile|two_factor|medium|one_to_one",4.54156261148198,30.8840193894069
147,"mobile|multi_factor|medium|one_to_one",6.04642472362522,30.8840193894069
147,"web|multi_factor|medium|one_to_one",3.61351664446677,30.8840193894069
147,"web|simple|high|one_to_one",3.04882076139953,30.8840193894069
147,"mobile|two_factor|high|one_to_one",4.85662157697567,30.8840193894069
147,"mobile|multi_factor|high|one_to_one",6.36148368911891,30.8840193894069
147,"web|multi_factor|high|one_to_one",3.92857560996045,30.8840193894069
147,"web|simple|medium|multi_person",0.808830168051313,30.8840193894069
147,"mobile|two_factor|medium|multi_person",2.61663098362745,30.8840193894069
147,"web|two_factor|high|multi_person",0.498781869962681,30.8840193894069
147,"web|multi_factor|high|multi_person",2.00364398210592,30.8840193894069
147,"web|simple|medium|one_to_one",2.73376179590584,30.8840193894069
147,"web|two_factor|medium|one_to_one",2.10865453232352,30.8840193894069
147,"mobile|simple|high|one_to_one",5.48172884055799,30.8840193894069
147,"mobile|simple|low|multi_person",4.28042207140866,30.8840193894069
147,"web|multi_factor|low|multi_person",2.72726884081112,30.8840193894069
147,"web|two_factor|medium|multi_person",0.183722904468993,30.8840193894069
147,"mobile|two_factor|low|one_to_one",5.58024643568087,30.8840193894069
147,"web|two_factor|high|one_to_one",2.42371349781721,30.8840193894069
147,"web|two_factor|low|one_to_one",3.14733835652241,30.8840193894069
148,"web|simple|low|multi_person",3.01295759440826,30.1650337788336
148,"mobile|two_factor|low|multi_person",5.42194402741054,30.1650337788336
148,"web|two_factor|low|multi_person",0.800397276349702,30.1650337788336
148,"mobile|multi_factor|low|multi_person",6.46016749612636,30.1650337788336
148,"mobile|simple|medium|multi_person",6.426863328562,30.1650337788336
148,"mobile|multi_factor|medium|multi_person",5.25252647921926,30.1650337788336
148,"web|multi_factor|medium|multi_person",0.630979728158419,30.1650337788336
148,"mobile|simple|high|multi_person",6.57564409262267,30.1650337788336
148,"web|simple|high|multi_person",1.95409734156183,30.1650337788336
148,"mobile|two_factor|high|multi_person",4.36308377456411,30.1650337788336
148,"mobile|multi_factor|high|multi_person",5.40130724327993,30.1650337788336
148,"mobile|simple|low|one_to_one",7.68162278829982,30.1650337788336
148,"web|simple|low|one_to_one",3.06007603723898,30.1650337788336
148,"mobile|multi_factor|low|one_to_one",6.50728593895708,30.1650337788336
148,"web|multi_factor|low|one_to_one",1.88573918789624,30.1650337788336
148,"mobile|simple|medium|one_to_one",6.47398177139271,30.1650337788336
148,"mobile|two_factor|medium|one_to_one",4.26142145333415,30.1650337788336
148,"mobile|multi_factor|medium|one_to_one",5.29964492204997,30.1650337788336
148,"web|multi_factor|medium|one_to_one",0.678098170989134,30.1650337788336
148,"web|simple|high|one_to_one",2.00121578439255,30.1650337788336
148,"mobile|two_factor|high|one_to_one",4.41020221739482,30.1650337788336
148,"mobile|multi_factor|high|one_to_one",5.44842568611065,30.1650337788336
148,"web|multi_factor|high|one_to_one",0.826878935049808,30.1650337788336
148,"web|simple|medium|multi_person",1.80531657750116,30.1650337788336
148,"mobile|two_factor|medium|multi_person",4.21430301050344,30.1650337788336
148,"web|two_factor|high|multi_person",-0.258462976496729,30.1650337788336
148,"web|multi_factor|high|multi_person",0.779760492219093,30.1650337788336
148,"web|simple|medium|one_to_one",1.85243502033187,30.1650337788336
148,"web|two_factor|medium|one_to_one",-0.360125297726689,30.1650337788336
148,"mobile|simple|high|one_to_one",6.62276253545339,30.1650337788336
148,"mobile|simple|low|multi_person",7.6345043454691,30.1650337788336
148,"web|multi_factor|low|multi_person",1.83862074506552,30.1650337788336
148,"web|two_factor|medium|multi_person",-0.407243740557403,30.1650337788336
148,"mobile|two_factor|low|one_to_one",5.46906247024126,30.1650337788336
148,"web|two_factor|high|one_to_one",-0.211344533666014,30.1650337788336
148,"web|two_factor|low|one_to_one",0.847515719180416,30.1650337788336
149,"web|simple|low|multi_person",0.40727844834604,30.0101242764362
149,"mobile|two_factor|low|multi_person",5.47692464806537,30.0101242764362
149,"web|two_factor|low|multi_person",1.45988698972437,30.0101242764362
149,"mobile|multi_factor|low|multi_person",6.58309419969279,30.0101242764362
149,"mobile|simple|medium|multi_person",3.55030354673612,30.0101242764362
149,"mobile|multi_factor|medium|multi_person",5.70908163974187,30.0101242764362
149,"web|multi_factor|medium|multi_person",1.69204398140087,30.0101242764362
149,"mobile|simple|high|multi_person",1.73069725714208,30.0101242764362
149,"web|simple|high|multi_person",-2.28634040119892,30.0101242764362
149,"mobile|two_factor|high|multi_person",2.78330579852041,30.0101242764362
149,"mobile|multi_factor|high|multi_person",3.88947535014783,30.0101242764362
149,"mobile|simple|low|one_to_one",6.74437683587664,30.0101242764362
149,"web|simple|low|one_to_one",2.72733917753564,30.0101242764362
149,"mobile|multi_factor|low|one_to_one",8.90315492888239,30.0101242764362
149,"web|multi_factor|low|one_to_one",4.88611727054139,30.0101242764362
149,"mobile|simple|medium|one_to_one",5.87036427592572,30.0101242764362
149,"mobile|two_factor|medium|one_to_one",6.92297281730405,30.0101242764362
149,"mobile|multi_factor|medium|one_to_one",8.02914236893147,30.0101242764362
149,"web|multi_factor|medium|one_to_one",4.01210471059047,30.0101242764362
149,"web|simple|high|one_to_one",0.0337203279906801,30.0101242764362
149,"mobile|two_factor|high|one_to_one",5.10336652771001,30.0101242764362
149,"mobile|multi_factor|high|one_to_one",6.20953607933743,30.0101242764362
149,"web|multi_factor|high|one_to_one",2.19249842099643,30.0101242764362
149,"web|simple|medium|multi_person",-0.46673411160488,30.0101242764362
149,"mobile|two_factor|medium|multi_person",4.60291208811445,30.0101242764362
149,"web|two_factor|high|multi_person",-1.23373185982059,30.0101242764362
149,"web|multi_factor|high|multi_person",-0.12756230819317,30.0101242764362
149,"web|simple|medium|one_to_one",1.85332661758472,30.0101242764362
149,"web|two_factor|medium|one_to_one",2.90593515896305,30.0101242764362
149,"mobile|simple|high|one_to_one",4.05075798633168,30.0101242764362
149,"mobile|simple|low|multi_person",4.42431610668704,30.0101242764362
149,"web|multi_factor|low|multi_person",2.56605654135179,30.0101242764362
149,"web|two_factor|medium|multi_person",0.585874429773448,30.0101242764362
149,"mobile|two_factor|low|one_to_one",7.79698537725497,30.0101242764362
149,"web|two_factor|high|one_to_one",1.08632886936901,30.0101242764362
149,"web|two_factor|low|one_to_one",3.77994771891397,30.0101242764362
150,"web|simple|low|multi_person",3.76159563393553,30.6044429561182
150,"mobile|two_factor|low|multi_person",4.68873665214816,30.6044429561182
150,"web|two_factor|low|multi_person",1.8753602324145,30.6044429561182
150,"mobile|multi_factor|low|multi_person",7.80483600073305,30.6044429561182
150,"mobile|simple|medium|multi_person",4.36545370854167,30.6044429561182
150,"mobile|multi_factor|medium|multi_person",5.59531765560554,30.6044429561182
150,"web|multi_factor|medium|multi_person",2.78194123587188,30.6044429561182
150,"mobile|simple|high|multi_person",3.43135686563207,30.6044429561182
150,"web|simple|high|multi_person",0.617980445898406,30.6044429561182
150,"mobile|two_factor|high|multi_person",1.54512146411104,30.6044429561182
150,"mobile|multi_factor|high|multi_person",4.66122081269593,30.6044429561182
150,"mobile|simple|low|one_to_one",6.71825578891677,30.6044429561182
150,"web|simple|low|one_to_one",3.90487936918311,30.6044429561182
150,"mobile|multi_factor|low|one_to_one",7.94811973598063,30.6044429561182
150,"web|multi_factor|low|one_to_one",5.13474331624697,30.6044429561182
150,"mobile|simple|medium|one_to_one",4.50873744378925,30.6044429561182
150,"mobile|two_factor|medium|one_to_one",2.62250204226823,30.6044429561182
150,"mobile|multi_factor|medium|one_to_one",5.73860139085312,30.6044429561182
150,"web|multi_factor|medium|one_to_one",2.92522497111946,30.6044429561182
150,"web|simple|high|one_to_one",0.761264181145987,30.6044429561182
150,"mobile|two_factor|high|one_to_one",1.68840519935862,30.6044429561182
150,"mobile|multi_factor|high|one_to_one",4.80450454794351,30.6044429561182
150,"web|multi_factor|high|one_to_one",1.99112812820985,30.6044429561182
150,"web|simple|medium|multi_person",1.55207728880801,30.6044429561182
150,"mobile|two_factor|medium|multi_person",2.47921830702065,30.6044429561182
150,"web|two_factor|high|multi_person",-1.26825495562262,30.6044429561182
150,"web|multi_factor|high|multi_person",1.84784439296227,30.6044429561182
150,"web|simple|medium|one_to_one",1.69536102405559,30.6044429561182
150,"web|two_factor|medium|one_to_one",-0.190874377465433,30.6044429561182
150,"mobile|simple|high|one_to_one",3.57464060087965,30.6044429561182
150,"mobile|simple|low|multi_person",6.57497205366919,30.6044429561182
150,"web|multi_factor|low|multi_person",4.99145958099939,30.6044429561182
150,"web|two_factor|medium|multi_person",-0.334158112713015,30.6044429561182
150,"mobile|two_factor|low|one_to_one",4.83202038739574,30.6044429561182
150,"web|two_factor|high|one_to_one",-1.12497122037504,30.6044429561182
150,"web|two_factor|low|one_to_one",2.01864396766208,30.6044429561182
151,"web|simple|low|multi_person",1.43434141594304,30.4957511380146
151,"mobile|two_factor|low|multi_person",4.37078172603522,30.4957511380146
151,"web|two_factor|low|multi_person",1.50584220097246,30.4957511380146
151,"mobile|multi_factor|low|multi_person",4.49233504058615,30.4957511380146
151,"mobile|simple|medium|multi_person",3.30108587227248,30.4957511380146
151,"mobile|multi_factor|medium|multi_person",3.49413997185282,30.4957511380146
151,"web|multi_factor|medium|multi_person",0.629200446790062,30.4957511380146
151,"mobile|simple|high|multi_person",3.8909160434238,30.4957511380146
151,"web|simple|high|multi_person",1.02597651836104,30.4957511380146
151,"mobile|two_factor|high|multi_person",3.96241682845322,30.4957511380146
151,"mobile|multi_factor|high|multi_person",4.08397014300415,30.4957511380146
151,"mobile|simple|low|one_to_one",6.71316125158948,30.4957511380146
151,"web|simple|low|one_to_one",3.84822172652672,30.4957511380146
151,"mobile|multi_factor|low|one_to_one",6.90621535116983,30.4957511380146
151,"web|multi_factor|low|one_to_one",4.04127582610707,30.4957511380146
151,"mobile|simple|medium|one_to_one",5.71496618285616,30.4957511380146
151,"mobile|two_factor|medium|one_to_one",5.78646696788557,30.4957511380146
151,"mobile|multi_factor|medium|one_to_one",5.9080202824365,30.4957511380146
151,"web|multi_factor|medium|one_to_one",3.04308075737374,30.4957511380146
151,"web|simple|high|one_to_one",3.43985682894472,30.4957511380146
151,"mobile|two_factor|high|one_to_one",6.3762971390369,30.4957511380146
151,"mobile|multi_factor|high|one_to_one",6.49785045358783,30.4957511380146
151,"web|multi_factor|high|one_to_one",3.63291092852507,30.4957511380146
151,"web|simple|medium|multi_person",0.436146347209721,30.4957511380146
151,"mobile|two_factor|medium|multi_person",3.37258665730189,30.4957511380146
151,"web|two_factor|high|multi_person",1.09747730339046,30.4957511380146
151,"web|multi_factor|high|multi_person",1.21903061794139,30.4957511380146
151,"web|simple|medium|one_to_one",2.8500266577934,30.4957511380146
151,"web|two_factor|medium|one_to_one",2.92152744282281,30.4957511380146
151,"mobile|simple|high|one_to_one",6.30479635400748,30.4957511380146
151,"mobile|simple|low|multi_person",4.2992809410058,30.4957511380146
151,"web|multi_factor|low|multi_person",1.62739551552339,30.4957511380146
151,"web|two_factor|medium|multi_person",0.507647132239133,30.4957511380146
151,"mobile|two_factor|low|one_to_one",6.7846620366189,30.4957511380146
151,"web|two_factor|high|one_to_one",3.51135761397414,30.4957511380146
151,"web|two_factor|low|one_to_one",3.91972251155614,30.4957511380146
152,"web|simple|low|multi_person",1.88469321499804,30.9201911783953
152,"mobile|two_factor|low|multi_person",4.16858506743776,30.9201911783953
152,"web|two_factor|low|multi_person",2.46733415257192,30.9201911783953
152,"mobile|multi_factor|low|multi_person",5.20773407286146,30.9201911783953
152,"mobile|simple|medium|multi_person",1.43282191888658,30.9201911783953
152,"mobile|multi_factor|medium|multi_person",3.05461186188416,30.9201911783953
152,"web|multi_factor|medium|multi_person",1.35336094701832,30.9201911783953
152,"mobile|simple|high|multi_person",1.68807334971767,30.9201911783953
152,"web|simple|high|multi_person",-0.0131775651481689,30.9201911783953
152,"mobile|two_factor|high|multi_person",2.27071428729155,30.9201911783953
152,"mobile|multi_factor|high|multi_person",3.30986329271525,30.9201911783953
152,"mobile|simple|low|one_to_one",6.63822517239202,30.9201911783953
152,"web|simple|low|one_to_one",4.93697425752618,30.9201911783953
152,"mobile|multi_factor|low|one_to_one",8.2600151153896,30.9201911783953
152,"web|multi_factor|low|one_to_one",6.55876420052376,30.9201911783953
152,"mobile|simple|medium|one_to_one",4.48510296141472,30.9201911783953
152,"mobile|two_factor|medium|one_to_one",5.06774389898859,30.9201911783953
152,"mobile|multi_factor|medium|one_to_one",6.1068929044123,30.9201911783953
152,"web|multi_factor|medium|one_to_one",4.40564198954646,30.9201911783953
152,"web|simple|high|one_to_one",3.03910347737997,30.9201911783953
152,"mobile|two_factor|high|one_to_one",5.32299532981969,30.9201911783953
152,"mobile|multi_factor|high|one_to_one",6.36214433524339,30.9201911783953
152,"web|multi_factor|high|one_to_one",4.66089342037755,30.9201911783953
152,"web|simple|medium|multi_person",-0.268428995979262,30.9201911783953
152,"mobile|two_factor|medium|multi_person",2.01546285646045,30.9201911783953
152,"web|two_factor|high|multi_person",0.569463372425707,30.9201911783953
152,"web|multi_factor|high|multi_person",1.60861237784941,30.9201911783953
152,"web|simple|medium|one_to_one",2.78385204654888,30.9201911783953
152,"web|two_factor|medium|one_to_one",3.36649298412275,30.9201911783953
152,"mobile|simple|high|one_to_one",4.74035439224581,30.9201911783953
152,"mobile|simple|low|multi_person",3.58594412986388,30.9201911783953
152,"web|multi_factor|low|multi_person",3.50648315799562,30.9201911783953
152,"web|two_factor|medium|multi_person",0.314211941594614,30.9201911783953
152,"mobile|two_factor|low|one_to_one",7.2208661099659,30.9201911783953
152,"web|two_factor|high|one_to_one",3.62174441495385,30.9201911783953
152,"web|two_factor|low|one_to_one",5.51961519510006,30.9201911783953
153,"web|simple|low|multi_person",0.995993045025823,30.5130510009939
153,"mobile|two_factor|low|multi_person",5.2865414245412,30.5130510009939
153,"web|two_factor|low|multi_person",2.48675564896263,30.5130510009939
153,"mobile|multi_factor|low|multi_person",5.01977670309467,30.5130510009939
153,"mobile|simple|medium|multi_person",2.73156577234315,30.5130510009939
153,"mobile|multi_factor|medium|multi_person",3.95556365483344,30.5130510009939
153,"web|multi_factor|medium|multi_person",1.15577787925488,30.5130510009939
153,"mobile|simple|high|multi_person",3.63029650453151,30.5130510009939
153,"web|simple|high|multi_person",0.830510728952952,30.5130510009939
153,"mobile|two_factor|high|multi_person",5.12105910846832,30.5130510009939
153,"mobile|multi_factor|high|multi_person",4.8542943870218,30.5130510009939
153,"mobile|simple|low|one_to_one",4.42740751268139,30.5130510009939
153,"web|simple|low|one_to_one",1.62762173710283,30.5130510009939
153,"mobile|multi_factor|low|one_to_one",5.65140539517168,30.5130510009939
153,"web|multi_factor|low|one_to_one",2.85161961959312,30.5130510009939
153,"mobile|simple|medium|one_to_one",3.36319446442016,30.5130510009939
153,"mobile|two_factor|medium|one_to_one",4.85395706835697,30.5130510009939
153,"mobile|multi_factor|medium|one_to_one",4.58719234691045,30.5130510009939
153,"web|multi_factor|medium|one_to_one",1.78740657133189,30.5130510009939
153,"web|simple|high|one_to_one",1.46213942102996,30.5130510009939
153,"mobile|two_factor|high|one_to_one",5.75268780054533,30.5130510009939
153,"mobile|multi_factor|high|one_to_one",5.48592307909881,30.5130510009939
153,"web|multi_factor|high|one_to_one",2.68613730352025,30.5130510009939
153,"web|simple|medium|multi_person",-0.0682200032354059,30.5130510009939
153,"mobile|two_factor|medium|multi_person",4.22232837627996,30.5130510009939
153,"web|two_factor|high|multi_person",2.32127333288976,30.5130510009939
153,"web|multi_factor|high|multi_person",2.05450861144324,30.5130510009939
153,"web|simple|medium|one_to_one",0.563408688841602,30.5130510009939
153,"web|two_factor|medium|one_to_one",2.05417129277841,30.5130510009939
153,"mobile|simple|high|one_to_one",4.26192519660852,30.5130510009939
153,"mobile|simple|low|multi_person",3.79577882060438,30.5130510009939
153,"web|multi_factor|low|multi_person",2.21999092751611,30.5130510009939
153,"web|two_factor|medium|multi_person",1.4225426007014,30.5130510009939
153,"mobile|two_factor|low|one_to_one",5.9181701166182,30.5130510009939
153,"web|two_factor|high|one_to_one",2.95290202496677,30.5130510009939
153,"web|two_factor|low|one_to_one",3.11838434103964,30.5130510009939
154,"web|simple|low|multi_person",2.22413565711474,30.8055168677272
154,"mobile|two_factor|low|multi_person",5.12375968210617,30.8055168677272
154,"web|two_factor|low|multi_person",2.13490638122085,30.8055168677272
154,"mobile|multi_factor|low|multi_person",5.49094543100147,30.8055168677272
154,"mobile|simple|medium|multi_person",3.70077476915445,30.8055168677272
154,"mobile|multi_factor|medium|multi_person",3.97873124215587,30.8055168677272
154,"web|multi_factor|medium|multi_person",0.989877941270547,30.8055168677272
154,"mobile|simple|high|multi_person",3.14806816528827,30.8055168677272
154,"web|simple|high|multi_person",0.15921486440295,30.8055168677272
154,"mobile|two_factor|high|multi_person",3.05883888939438,30.8055168677272
154,"mobile|multi_factor|high|multi_person",3.42602463828968,30.8055168677272
154,"mobile|simple|low|one_to_one",7.1964434810768,30.8055168677272
154,"web|simple|low|one_to_one",4.20759018019148,30.8055168677272
154,"mobile|multi_factor|low|one_to_one",7.47439995407821,30.8055168677272
154,"web|multi_factor|low|one_to_one",4.4855466531929,30.8055168677272
154,"mobile|simple|medium|one_to_one",5.68422929223119,30.8055168677272
154,"mobile|two_factor|medium|one_to_one",5.59500001633731,30.8055168677272
154,"mobile|multi_factor|medium|one_to_one",5.96218576523261,30.8055168677272
154,"web|multi_factor|medium|one_to_one",2.97333246434729,30.8055168677272
154,"web|simple|high|one_to_one",2.14266938747969,30.8055168677272
154,"mobile|two_factor|high|one_to_one",5.04229341247112,30.8055168677272
154,"mobile|multi_factor|high|one_to_one",5.40947916136642,30.8055168677272
154,"web|multi_factor|high|one_to_one",2.4206258604811,30.8055168677272
154,"web|simple|medium|multi_person",0.711921468269133,30.8055168677272
154,"mobile|two_factor|medium|multi_person",3.61154549326057,30.8055168677272
154,"web|two_factor|high|multi_person",0.069985588509063,30.8055168677272
154,"web|multi_factor|high|multi_person",0.437171337404364,30.8055168677272
154,"web|simple|medium|one_to_one",2.69537599134587,30.8055168677272
154,"web|two_factor|medium|one_to_one",2.60614671545199,30.8055168677272
154,"mobile|simple|high|one_to_one",5.13152268836501,30.8055168677272
154,"mobile|simple|low|multi_person",5.21298895800006,30.8055168677272
154,"web|multi_factor|low|multi_person",2.50209213011615,30.8055168677272
154,"web|two_factor|medium|multi_person",0.622692192375246,30.8055168677272
154,"mobile|two_factor|low|one_to_one",7.10721420518291,30.8055168677272
154,"web|two_factor|high|one_to_one",2.0534401115858,30.8055168677272
154,"web|two_factor|low|one_to_one",4.11836090429759,30.8055168677272
155,"web|simple|low|multi_person",3.40731447315554,31.2645652502128
155,"mobile|two_factor|low|multi_person",4.78197858083104,31.2645652502128
155,"web|two_factor|low|multi_person",2.44939606554957,31.2645652502128
155,"mobile|multi_factor|low|multi_person",5.31970354971545,31.2645652502128
155,"mobile|simple|medium|multi_person",3.98906005296311,31.2645652502128
155,"mobile|multi_factor|medium|multi_person",3.56886661424155,31.2645652502128
155,"web|multi_factor|medium|multi_person",1.23628409896007,31.2645652502128
155,"mobile|simple|high|multi_person",4.38757365963248,31.2645652502128
155,"web|simple|high|multi_person",2.054991144351,31.2645652502128
155,"mobile|two_factor|high|multi_person",3.42965525202651,31.2645652502128
155,"mobile|multi_factor|high|multi_person",3.96738022091092,31.2645652502128
155,"mobile|simple|low|one_to_one",6.57611758226249,31.2645652502128
155,"web|simple|low|one_to_one",4.24353506698101,31.2645652502128
155,"mobile|multi_factor|low|one_to_one",6.15592414354092,31.2645652502128
155,"web|multi_factor|low|one_to_one",3.82334162825944,31.2645652502128
155,"mobile|simple|medium|one_to_one",4.82528064678858,31.2645652502128
155,"mobile|two_factor|medium|one_to_one",3.86736223918261,31.2645652502128
155,"mobile|multi_factor|medium|one_to_one",4.40508720806702,31.2645652502128
155,"web|multi_factor|medium|one_to_one",2.07250469278554,31.2645652502128
155,"web|simple|high|one_to_one",2.89121173817647,31.2645652502128
155,"mobile|two_factor|high|one_to_one",4.26587584585198,31.2645652502128
155,"mobile|multi_factor|high|one_to_one",4.80360081473639,31.2645652502128
155,"web|multi_factor|high|one_to_one",2.47101829945491,31.2645652502128
155,"web|simple|medium|multi_person",1.65647753768163,31.2645652502128
155,"mobile|two_factor|medium|multi_person",3.03114164535714,31.2645652502128
155,"web|two_factor|high|multi_person",1.09707273674503,31.2645652502128
155,"web|multi_factor|high|multi_person",1.63479770562944,31.2645652502128
155,"web|simple|medium|one_to_one",2.4926981315071,31.2645652502128
155,"web|two_factor|medium|one_to_one",1.53477972390113,31.2645652502128
155,"mobile|simple|high|one_to_one",5.22379425345795,31.2645652502128
155,"mobile|simple|low|multi_person",5.73989698843702,31.2645652502128
155,"web|multi_factor|low|multi_person",2.98712103443397,31.2645652502128
155,"web|two_factor|medium|multi_person",0.698559130075662,31.2645652502128
155,"mobile|two_factor|low|one_to_one",5.61819917465652,31.2645652502128
155,"web|two_factor|high|one_to_one",1.9332933305705,31.2645652502128
155,"web|two_factor|low|one_to_one",3.28561665937504,31.2645652502128
156,"web|simple|low|multi_person",2.50479525660794,30.9199224281827
156,"mobile|two_factor|low|multi_person",6.07404003214855,30.9199224281827
156,"web|two_factor|low|multi_person",2.35900956919517,30.9199224281827
156,"mobile|multi_factor|low|multi_person",5.87635805911564,30.9199224281827
156,"mobile|simple|medium|multi_person",4.53280542952016,30.9199224281827
156,"mobile|multi_factor|medium|multi_person",4.18933776907448,30.9199224281827
156,"web|multi_factor|medium|multi_person",0.474307306121103,30.9199224281827
156,"mobile|simple|high|multi_person",4.3964678585559,30.9199224281827
156,"web|simple|high|multi_person",0.681437395602519,30.9199224281827
156,"mobile|two_factor|high|multi_person",4.25068217114313,30.9199224281827
156,"mobile|multi_factor|high|multi_person",4.05300019811022,30.9199224281827
156,"mobile|simple|low|one_to_one",7.8447799996296,30.9199224281827
156,"web|simple|low|one_to_one",4.12974953667622,30.9199224281827
156,"mobile|multi_factor|low|one_to_one",7.50131233918392,30.9199224281827
156,"web|multi_factor|low|one_to_one",3.78628187623054,30.9199224281827
156,"mobile|simple|medium|one_to_one",6.15775970958844,30.9199224281827
156,"mobile|two_factor|medium|one_to_one",6.01197402217567,30.9199224281827
156,"mobile|multi_factor|medium|one_to_one",5.81429204914276,30.9199224281827
156,"web|multi_factor|medium|one_to_one",2.09926158618938,30.9199224281827
156,"web|simple|high|one_to_one",2.3063916756708,30.9199224281827
156,"mobile|two_factor|high|one_to_one",5.87563645121141,30.9199224281827
156,"mobile|multi_factor|high|one_to_one",5.6779544781785,30.9199224281827
156,"web|multi_factor|high|one_to_one",1.96292401522512,30.9199224281827
156,"web|simple|medium|multi_person",0.817774966566779,30.9199224281827
156,"mobile|two_factor|medium|multi_person",4.38701974210739,30.9199224281827
156,"web|two_factor|high|multi_person",0.535651708189751,30.9199224281827
156,"web|multi_factor|high|multi_person",0.337969735156843,30.9199224281827
156,"web|simple|medium|one_to_one",2.44272924663506,30.9199224281827
156,"web|two_factor|medium|one_to_one",2.29694355922229,30.9199224281827
156,"mobile|simple|high|one_to_one",6.02142213862418,30.9199224281827
156,"mobile|simple|low|multi_person",6.21982571956132,30.9199224281827
156,"web|multi_factor|low|multi_person",2.16132759616226,30.9199224281827
156,"web|two_factor|medium|multi_person",0.671989279154011,30.9199224281827
156,"mobile|two_factor|low|one_to_one",7.69899431221683,30.9199224281827
156,"web|two_factor|high|one_to_one",2.16060598825803,30.9199224281827
156,"web|two_factor|low|one_to_one",3.98396384926345,30.9199224281827
157,"web|simple|low|multi_person",2.71490243500002,31.2125266441433
157,"mobile|two_factor|low|multi_person",5.20908169638741,31.2125266441433
157,"web|two_factor|low|multi_person",1.89016687100029,31.2125266441433
157,"mobile|multi_factor|low|multi_person",5.85866141009611,31.2125266441433
157,"mobile|simple|medium|multi_person",4.62083474023635,31.2125266441433
157,"mobile|multi_factor|medium|multi_person",4.44567888994532,31.2125266441433
157,"web|multi_factor|medium|multi_person",1.1267640645582,31.2125266441433
157,"mobile|simple|high|multi_person",4.46824007896836,31.2125266441433
157,"web|simple|high|multi_person",1.14932525358124,31.2125266441433
157,"mobile|two_factor|high|multi_person",3.64350451496863,31.2125266441433
157,"mobile|multi_factor|high|multi_person",4.29308422867733,31.2125266441433
157,"mobile|simple|low|one_to_one",7.0393271656487,31.2125266441433
157,"web|simple|low|one_to_one",3.72041234026158,31.2125266441433
157,"mobile|multi_factor|low|one_to_one",6.86417131535767,31.2125266441433
157,"web|multi_factor|low|one_to_one",3.54525648997055,31.2125266441433
157,"mobile|simple|medium|one_to_one",5.62634464549792,31.2125266441433
157,"mobile|two_factor|medium|one_to_one",4.80160908149819,31.2125266441433
157,"mobile|multi_factor|medium|one_to_one",5.45118879520689,31.2125266441433
157,"web|multi_factor|medium|one_to_one",2.13227396981977,31.2125266441433
157,"web|simple|high|one_to_one",2.15483515884281,31.2125266441433
157,"mobile|two_factor|high|one_to_one",4.6490144202302,31.2125266441433
157,"mobile|multi_factor|high|one_to_one",5.2985941339389,31.2125266441433
157,"web|multi_factor|high|one_to_one",1.97967930855178,31.2125266441433
157,"web|simple|medium|multi_person",1.30191991484923,31.2125266441433
157,"mobile|two_factor|medium|multi_person",3.79609917623662,31.2125266441433
157,"web|two_factor|high|multi_person",0.324589689581515,31.2125266441433
157,"web|multi_factor|high|multi_person",0.974169403290212,31.2125266441433
157,"web|simple|medium|one_to_one",2.3074298201108,31.2125266441433
157,"web|two_factor|medium|one_to_one",1.48269425611107,31.2125266441433
157,"mobile|simple|high|one_to_one",5.47374998422993,31.2125266441433
157,"mobile|simple|low|multi_person",6.03381726038714,31.2125266441433
157,"web|multi_factor|low|multi_person",2.53974658470899,31.2125266441433
157,"web|two_factor|medium|multi_person",0.477184350849505,31.2125266441433
157,"mobile|two_factor|low|one_to_one",6.21459160164897,31.2125266441433
157,"web|two_factor|high|one_to_one",1.33009959484308,31.2125266441433
157,"web|two_factor|low|one_to_one",2.89567677626185,31.2125266441433
158,"web|simple|low|multi_person",1.48502877704644,31.1427562387051
158,"mobile|two_factor|low|multi_person",5.3712389263642,31.1427562387051
158,"web|two_factor|low|multi_person",2.69074286111906,31.1427562387051
158,"mobile|multi_factor|low|multi_person",6.19540476889894,31.1427562387051
158,"mobile|simple|medium|multi_person",3.27346328333908,31.1427562387051
158,"mobile|multi_factor|medium|multi_person",5.30334320994644,31.1427562387051
158,"web|multi_factor|medium|multi_person",2.6228471447013,31.1427562387051
158,"mobile|simple|high|multi_person",3.31812287896113,31.1427562387051
158,"web|simple|high|multi_person",0.637626813715993,31.1427562387051
158,"mobile|two_factor|high|multi_person",4.52383696303376,31.1427562387051
158,"mobile|multi_factor|high|multi_person",5.3480028055685,31.1427562387051
158,"mobile|simple|low|one_to_one",4.16094045097677,31.1427562387051
158,"web|simple|low|one_to_one",1.48044438573163,31.1427562387051
158,"mobile|multi_factor|low|one_to_one",6.19082037758414,31.1427562387051
158,"web|multi_factor|low|one_to_one",3.510324312339,31.1427562387051
158,"mobile|simple|medium|one_to_one",3.26887889202427,31.1427562387051
158,"mobile|two_factor|medium|one_to_one",4.4745929760969,31.1427562387051
158,"mobile|multi_factor|medium|one_to_one",5.29875881863164,31.1427562387051
158,"web|multi_factor|medium|one_to_one",2.6182627533865,31.1427562387051
158,"web|simple|high|one_to_one",0.633042422401191,31.1427562387051
158,"mobile|two_factor|high|one_to_one",4.51925257171896,31.1427562387051
158,"mobile|multi_factor|high|one_to_one",5.3434184142537,31.1427562387051
158,"web|multi_factor|high|one_to_one",2.66292234900856,31.1427562387051
158,"web|simple|medium|multi_person",0.592967218093935,31.1427562387051
158,"mobile|two_factor|medium|multi_person",4.4791773674117,31.1427562387051
158,"web|two_factor|high|multi_person",1.84334089778862,31.1427562387051
158,"web|multi_factor|high|multi_person",2.66750674032336,31.1427562387051
158,"web|simple|medium|one_to_one",0.588382826779133,31.1427562387051
158,"web|two_factor|medium|one_to_one",1.79409691085176,31.1427562387051
158,"mobile|simple|high|one_to_one",3.31353848764633,31.1427562387051
158,"mobile|simple|low|multi_person",4.16552484229158,31.1427562387051
158,"web|multi_factor|low|multi_person",3.5149087036538,31.1427562387051
158,"web|two_factor|medium|multi_person",1.79868130216656,31.1427562387051
158,"mobile|two_factor|low|one_to_one",5.3666545350494,31.1427562387051
158,"web|two_factor|high|one_to_one",1.83875650647382,31.1427562387051
158,"web|two_factor|low|one_to_one",2.68615846980426,31.1427562387051
159,"web|simple|low|multi_person",2.6909935081725,31.4321735581582
159,"mobile|two_factor|low|multi_person",4.92228835669947,31.4321735581582
159,"web|two_factor|low|multi_person",2.49064242745873,31.4321735581582
159,"mobile|multi_factor|low|multi_person",5.39104198140708,31.4321735581582
159,"mobile|simple|medium|multi_person",3.66682389456356,31.4321735581582
159,"mobile|multi_factor|medium|multi_person",3.9352264385574,31.4321735581582
159,"web|multi_factor|medium|multi_person",1.50358050931666,31.4321735581582
159,"mobile|simple|high|multi_person",3.78159760376922,31.4321735581582
159,"web|simple|high|multi_person",1.34995167452848,31.4321735581582
159,"mobile|two_factor|high|multi_person",3.58124652305545,31.4321735581582
159,"mobile|multi_factor|high|multi_person",4.05000014776305,31.4321735581582
159,"mobile|simple|low|one_to_one",6.14461245965972,31.4321735581582
159,"web|simple|low|one_to_one",3.71296653041898,31.4321735581582
159,"mobile|multi_factor|low|one_to_one",6.41301500365356,31.4321735581582
159,"web|multi_factor|low|one_to_one",3.98136907441282,31.4321735581582
159,"mobile|simple|medium|one_to_one",4.68879691681004,31.4321735581582
159,"mobile|two_factor|medium|one_to_one",4.48844583609627,31.4321735581582
159,"mobile|multi_factor|medium|one_to_one",4.95719946080388,31.4321735581582
159,"web|multi_factor|medium|one_to_one",2.52555353156314,31.4321735581582
159,"web|simple|high|one_to_one",2.37192469677496,31.4321735581582
159,"mobile|two_factor|high|one_to_one",4.60321954530193,31.4321735581582
159,"mobile|multi_factor|high|one_to_one",5.07197317000954,31.4321735581582
159,"web|multi_factor|high|one_to_one",2.6403272407688,31.4321735581582
159,"web|simple|medium|multi_person",1.23517796532282,31.4321735581582
159,"mobile|two_factor|medium|multi_person",3.46647281384979,31.4321735581582
159,"web|two_factor|high|multi_person",1.14960059381471,31.4321735581582
159,"web|multi_factor|high|multi_person",1.61835421852231,31.4321735581582
159,"web|simple|medium|one_to_one",2.2571509875693,31.4321735581582
159,"web|two_factor|medium|one_to_one",2.05679990685553,31.4321735581582
159,"mobile|simple|high|one_to_one",4.8035706260157,31.4321735581582
159,"mobile|simple|low|multi_person",5.12263943741324,31.4321735581582
159,"web|multi_factor|low|multi_person",2.95939605216634,31.4321735581582
159,"web|two_factor|medium|multi_person",1.03482688460905,31.4321735581582
159,"mobile|two_factor|low|one_to_one",5.94426137894595,31.4321735581582
159,"web|two_factor|high|one_to_one",2.17157361606119,31.4321735581582
159,"web|two_factor|low|one_to_one",3.51261544970521,31.4321735581582
160,"web|simple|low|multi_person",2.98145735079422,31.1811739584661
160,"mobile|two_factor|low|multi_person",4.52636524083282,31.1811739584661
160,"web|two_factor|low|multi_person",2.114509328034,31.1811739584661
160,"mobile|multi_factor|low|multi_person",6.0066684081686,31.1811739584661
160,"mobile|simple|medium|multi_person",3.88208515156235,31.1811739584661
160,"mobile|multi_factor|medium|multi_person",4.4954402961379,31.1811739584661
160,"web|multi_factor|medium|multi_person",2.08358438333908,31.1811739584661
160,"mobile|simple|high|multi_person",3.36290437009754,31.1811739584661
160,"web|simple|high|multi_person",0.95104845729872,31.1811739584661
160,"mobile|two_factor|high|multi_person",2.49595634733731,31.1811739584661
160,"mobile|multi_factor|high|multi_person",3.97625951467309,31.1811739584661
160,"mobile|simple|low|one_to_one",6.58856326293606,31.1811739584661
160,"web|simple|low|one_to_one",4.17670735013724,31.1811739584661
160,"mobile|multi_factor|low|one_to_one",7.20191840751162,31.1811739584661
160,"web|multi_factor|low|one_to_one",4.7900624947128,31.1811739584661
160,"mobile|simple|medium|one_to_one",5.07733515090537,31.1811739584661
160,"mobile|two_factor|medium|one_to_one",4.21038712814514,31.1811739584661
160,"mobile|multi_factor|medium|one_to_one",5.69069029548092,31.1811739584661
160,"web|multi_factor|medium|one_to_one",3.2788343826821,31.1811739584661
160,"web|simple|high|one_to_one",2.14629845664174,31.1811739584661
160,"mobile|two_factor|high|one_to_one",3.69120634668034,31.1811739584661
160,"mobile|multi_factor|high|one_to_one",5.17150951401611,31.1811739584661
160,"web|multi_factor|high|one_to_one",2.75965360121729,31.1811739584661
160,"web|simple|medium|multi_person",1.47022923876353,31.1811739584661
160,"mobile|two_factor|medium|multi_person",3.01513712880212,31.1811739584661
160,"web|two_factor|high|multi_person",0.0841004345384948,31.1811739584661
160,"web|multi_factor|high|multi_person",1.56440360187427,31.1811739584661
160,"web|simple|medium|one_to_one",2.66547923810655,31.1811739584661
160,"web|two_factor|medium|one_to_one",1.79853121534632,31.1811739584661
160,"mobile|simple|high|one_to_one",4.55815436944056,31.1811739584661
160,"mobile|simple|low|multi_person",5.39331326359304,31.1811739584661
160,"web|multi_factor|low|multi_person",3.59481249536977,31.1811739584661
160,"web|two_factor|medium|multi_person",0.603281216003303,31.1811739584661
160,"mobile|two_factor|low|one_to_one",5.72161524017584,31.1811739584661
160,"web|two_factor|high|one_to_one",1.27935043388151,31.1811739584661
160,"web|two_factor|low|one_to_one",3.30975932737702,31.1811739584661
162,"web|simple|low|multi_person",2.44848201857577,31.0336207546314
162,"mobile|two_factor|low|multi_person",4.99494987401605,31.0336207546314
162,"web|two_factor|low|multi_person",2.15646238241911,31.0336207546314
162,"mobile|multi_factor|low|multi_person",5.56425815033742,31.0336207546314
162,"mobile|simple|medium|multi_person",3.879869236909,31.0336207546314
162,"mobile|multi_factor|medium|multi_person",4.15715787707371,31.0336207546314
162,"web|multi_factor|medium|multi_person",1.31867038547677,31.0336207546314
162,"mobile|simple|high|multi_person",3.75122446698932,31.0336207546314
162,"web|simple|high|multi_person",0.912736975392382,31.0336207546314
162,"mobile|two_factor|high|multi_person",3.45920483083266,31.0336207546314
162,"mobile|multi_factor|high|multi_person",4.02851310715403,31.0336207546314
162,"mobile|simple|low|one_to_one",6.62125960598379,31.0336207546314
162,"web|simple|low|one_to_one",3.78277211438685,31.0336207546314
162,"mobile|multi_factor|low|one_to_one",6.8985482461485,31.0336207546314
162,"web|multi_factor|low|one_to_one",4.06006075455156,31.0336207546314
162,"mobile|simple|medium|one_to_one",5.21415933272007,31.0336207546314
162,"mobile|two_factor|medium|one_to_one",4.92213969656341,31.0336207546314
162,"mobile|multi_factor|medium|one_to_one",5.49144797288478,31.0336207546314
162,"web|multi_factor|medium|one_to_one",2.65296048128784,31.0336207546314
162,"web|simple|high|one_to_one",2.24702707120346,31.0336207546314
162,"mobile|two_factor|high|one_to_one",4.79349492664374,31.0336207546314
162,"mobile|multi_factor|high|one_to_one",5.36280320296511,31.0336207546314
162,"web|multi_factor|high|one_to_one",2.52431571136817,31.0336207546314
162,"web|simple|medium|multi_person",1.04138174531206,31.0336207546314
162,"mobile|two_factor|medium|multi_person",3.58784960075234,31.0336207546314
162,"web|two_factor|high|multi_person",0.620717339235722,31.0336207546314
162,"web|multi_factor|high|multi_person",1.19002561555709,31.0336207546314
162,"web|simple|medium|one_to_one",2.37567184112313,31.0336207546314
162,"web|two_factor|medium|one_to_one",2.08365220496647,31.0336207546314
162,"mobile|simple|high|one_to_one",5.0855145628004,31.0336207546314
162,"mobile|simple|low|multi_person",5.28696951017271,31.0336207546314
162,"web|multi_factor|low|multi_person",2.72577065874048,31.0336207546314
162,"web|two_factor|medium|multi_person",0.749362109155397,31.0336207546314
162,"mobile|two_factor|low|one_to_one",6.32923996982713,31.0336207546314
162,"web|two_factor|high|one_to_one",1.9550074350468,31.0336207546314
162,"web|two_factor|low|one_to_one",3.49075247823019,31.0336207546314
163,"web|simple|low|multi_person",2.69855352232446,31.0177979951096
163,"mobile|two_factor|low|multi_person",5.43002512656161,31.0177979951096
163,"web|two_factor|low|multi_person",1.83649725546731,31.0177979951096
163,"mobile|multi_factor|low|multi_person",6.39581789358898,31.0177979951096
163,"mobile|simple|medium|multi_person",4.35877985105252,31.0177979951096
163,"mobile|multi_factor|medium|multi_person",4.46251635122275,31.0177979951096
163,"web|multi_factor|medium|multi_person",0.868988480128447,31.0177979951096
163,"mobile|simple|high|multi_person",5.16452019867487,31.0177979951096
163,"web|simple|high|multi_person",1.57099232758057,31.0177979951096
163,"mobile|two_factor|high|multi_person",4.30246393181772,31.0177979951096
163,"mobile|multi_factor|high|multi_person",5.2682566988451,31.0177979951096
163,"mobile|simple|low|one_to_one",7.35737367588986,31.0177979951096
163,"web|simple|low|one_to_one",3.76384580479556,31.0177979951096
163,"mobile|multi_factor|low|one_to_one",7.46111017606009,31.0177979951096
163,"web|multi_factor|low|one_to_one",3.86758230496579,31.0177979951096
163,"mobile|simple|medium|one_to_one",5.42407213352362,31.0177979951096
163,"mobile|two_factor|medium|one_to_one",4.56201586666647,31.0177979951096
163,"mobile|multi_factor|medium|one_to_one",5.52780863369385,31.0177979951096
163,"web|multi_factor|medium|one_to_one",1.93428076259955,31.0177979951096
163,"web|simple|high|one_to_one",2.63628461005167,31.0177979951096
163,"mobile|two_factor|high|one_to_one",5.36775621428882,31.0177979951096
163,"mobile|multi_factor|high|one_to_one",6.3335489813162,31.0177979951096
163,"web|multi_factor|high|one_to_one",2.7400211102219,31.0177979951096
163,"web|simple|medium|multi_person",0.76525197995822,31.0177979951096
163,"mobile|two_factor|medium|multi_person",3.49672358419537,31.0177979951096
163,"web|two_factor|high|multi_person",0.708936060723416,31.0177979951096
163,"web|multi_factor|high|multi_person",1.67472882775079,31.0177979951096
163,"web|simple|medium|one_to_one",1.83054426242932,31.0177979951096
163,"web|two_factor|medium|one_to_one",0.968487995572171,31.0177979951096
163,"mobile|simple|high|one_to_one",6.22981248114597,31.0177979951096
163,"mobile|simple|low|multi_person",6.29208139341876,31.0177979951096
163,"web|multi_factor|low|multi_person",2.80229002249468,31.0177979951096
163,"web|two_factor|medium|multi_person",-0.0968042868989312,31.0177979951096
163,"mobile|two_factor|low|one_to_one",6.49531740903271,31.0177979951096
163,"web|two_factor|high|one_to_one",1.77422834319452,31.0177979951096
163,"web|two_factor|low|one_to_one",2.90178953793841,31.0177979951096
164,"web|simple|low|multi_person",3.3385816778574,31.3664374667162
164,"mobile|two_factor|low|multi_person",4.64607004187018,31.3664374667162
164,"web|two_factor|low|multi_person",2.25255158621974,31.3664374667162
164,"mobile|multi_factor|low|multi_person",5.5009805803359,31.3664374667162
164,"mobile|simple|medium|multi_person",4.2501595367708,31.3664374667162
164,"mobile|multi_factor|medium|multi_person",4.01903998359886,31.3664374667162
164,"web|multi_factor|medium|multi_person",1.62552152794842,31.3664374667162
164,"mobile|simple|high|multi_person",4.41600109625969,31.3664374667162
164,"web|simple|high|multi_person",2.02248264060925,31.3664374667162
164,"mobile|two_factor|high|multi_person",3.32997100462203,31.3664374667162
164,"mobile|multi_factor|high|multi_person",4.18488154308775,31.3664374667162
164,"mobile|simple|low|one_to_one",6.50496764206649,31.3664374667162
164,"web|simple|low|one_to_one",4.11144918641604,31.3664374667162
164,"mobile|multi_factor|low|one_to_one",6.27384808889455,31.3664374667162
164,"web|multi_factor|low|one_to_one",3.88032963324411,31.3664374667162
164,"mobile|simple|medium|one_to_one",5.02302704532944,31.3664374667162
164,"mobile|two_factor|medium|one_to_one",3.93699695369179,31.3664374667162
164,"mobile|multi_factor|medium|one_to_one",4.79190749215751,31.3664374667162
164,"web|multi_factor|medium|one_to_one",2.39838903650707,31.3664374667162
164,"web|simple|high|one_to_one",2.79535014916789,31.3664374667162
164,"mobile|two_factor|high|one_to_one",4.10283851318068,31.3664374667162
164,"mobile|multi_factor|high|one_to_one",4.9577490516464,31.3664374667162
164,"web|multi_factor|high|one_to_one",2.56423059599596,31.3664374667162
164,"web|simple|medium|multi_person",1.85664108112036,31.3664374667162
164,"mobile|two_factor|medium|multi_person",3.16412944513314,31.3664374667162
164,"web|two_factor|high|multi_person",0.936452548971591,31.3664374667162
164,"web|multi_factor|high|multi_person",1.79136308743731,31.3664374667162
164,"web|simple|medium|one_to_one",2.629508589679,31.3664374667162
164,"web|two_factor|medium|one_to_one",1.54347849804135,31.3664374667162
164,"mobile|simple|high|one_to_one",5.18886860481833,31.3664374667162
164,"mobile|simple|low|multi_person",5.73210013350784,31.3664374667162
164,"web|multi_factor|low|multi_person",3.10746212468547,31.3664374667162
164,"web|two_factor|medium|multi_person",0.770610989482702,31.3664374667162
164,"mobile|two_factor|low|one_to_one",5.41893755042883,31.3664374667162
164,"web|two_factor|high|one_to_one",1.70932005753024,31.3664374667162
164,"web|two_factor|low|one_to_one",3.02541909477839,31.3664374667162
165,"web|simple|low|multi_person",2.93542776111316,31.1540893721201
165,"mobile|two_factor|low|multi_person",4.6835185325798,31.1540893721201
165,"web|two_factor|low|multi_person",1.82525714246896,31.1540893721201
165,"mobile|multi_factor|low|multi_person",6.73243415630179,31.1540893721201
165,"mobile|simple|medium|multi_person",4.31966896557365,31.1540893721201
165,"mobile|multi_factor|medium|multi_person",5.25841397065144,31.1540893721201
165,"web|multi_factor|medium|multi_person",2.4001525805406,31.1540893721201
165,"mobile|simple|high|multi_person",4.02627687092598,31.1540893721201
165,"web|simple|high|multi_person",1.16801548081514,31.1540893721201
165,"mobile|two_factor|high|multi_person",2.91610625228178,31.1540893721201
165,"mobile|multi_factor|high|multi_person",4.96502187600377,31.1540893721201
165,"mobile|simple|low|one_to_one",5.86163242052037,31.1540893721201
165,"web|simple|low|one_to_one",3.00337103040953,31.1540893721201
165,"mobile|multi_factor|low|one_to_one",6.80037742559815,31.1540893721201
165,"web|multi_factor|low|one_to_one",3.94211603548731,31.1540893721201
165,"mobile|simple|medium|one_to_one",4.38761223487002,31.1540893721201
165,"mobile|two_factor|medium|one_to_one",3.27744161622581,31.1540893721201
165,"mobile|multi_factor|medium|one_to_one",5.3263572399478,31.1540893721201
165,"web|multi_factor|medium|one_to_one",2.46809584983696,31.1540893721201
165,"web|simple|high|one_to_one",1.2359587501115,31.1540893721201
165,"mobile|two_factor|high|one_to_one",2.98404952157814,31.1540893721201
165,"mobile|multi_factor|high|one_to_one",5.03296514530013,31.1540893721201
165,"web|multi_factor|high|one_to_one",2.17470375518929,31.1540893721201
165,"web|simple|medium|multi_person",1.46140757546281,31.1540893721201
165,"mobile|two_factor|medium|multi_person",3.20949834692945,31.1540893721201
165,"web|two_factor|high|multi_person",0.0578448621709367,31.1540893721201
165,"web|multi_factor|high|multi_person",2.10676048589293,31.1540893721201
165,"web|simple|medium|one_to_one",1.52935084475918,31.1540893721201
165,"web|two_factor|medium|one_to_one",0.419180226114971,31.1540893721201
165,"mobile|simple|high|one_to_one",4.09422014022234,31.1540893721201
165,"mobile|simple|low|multi_person",5.793689151224,31.1540893721201
165,"web|multi_factor|low|multi_person",3.87417276619095,31.1540893721201
165,"web|two_factor|medium|multi_person",0.351236956818609,31.1540893721201
165,"mobile|two_factor|low|one_to_one",4.75146180187616,31.1540893721201
165,"web|two_factor|high|one_to_one",0.125788131467299,31.1540893721201
165,"web|two_factor|low|one_to_one",1.89320041176532,31.1540893721201
166,"web|simple|low|multi_person",2.47314247011163,31.2059546818093
166,"mobile|two_factor|low|multi_person",4.81250129075977,31.2059546818093
166,"web|two_factor|low|multi_person",2.07893914965801,31.2059546818093
166,"mobile|multi_factor|low|multi_person",5.60118967196907,31.2059546818093
166,"mobile|simple|medium|multi_person",3.85441769023249,31.2059546818093
166,"mobile|multi_factor|medium|multi_person",4.24890275098817,31.2059546818093
166,"web|multi_factor|medium|multi_person",1.51534060988641,31.2059546818093
166,"mobile|simple|high|multi_person",3.88317524911463,31.2059546818093
166,"web|simple|high|multi_person",1.14961310801287,31.2059546818093
166,"mobile|two_factor|high|multi_person",3.48897192866101,31.2059546818093
166,"mobile|multi_factor|high|multi_person",4.27766030987031,31.2059546818093
166,"mobile|simple|low|one_to_one",6.42533428574344,31.2059546818093
166,"web|simple|low|one_to_one",3.69177214464168,31.2059546818093
166,"mobile|multi_factor|low|one_to_one",6.81981934649912,31.2059546818093
166,"web|multi_factor|low|one_to_one",4.08625720539736,31.2059546818093
166,"mobile|simple|medium|one_to_one",5.07304736476254,31.2059546818093
166,"mobile|two_factor|medium|one_to_one",4.67884404430892,31.2059546818093
166,"mobile|multi_factor|medium|one_to_one",5.46753242551822,31.2059546818093
166,"web|multi_factor|medium|one_to_one",2.73397028441646,31.2059546818093
166,"web|simple|high|one_to_one",2.36824278254292,31.2059546818093
166,"mobile|two_factor|high|one_to_one",4.70760160319106,31.2059546818093
166,"mobile|multi_factor|high|one_to_one",5.49628998440036,31.2059546818093
166,"web|multi_factor|high|one_to_one",2.7627278432986,31.2059546818093
166,"web|simple|medium|multi_person",1.12085554913073,31.2059546818093
166,"mobile|two_factor|medium|multi_person",3.46021436977887,31.2059546818093
166,"web|two_factor|high|multi_person",0.75540978755925,31.2059546818093
166,"web|multi_factor|high|multi_person",1.54409816876855,31.2059546818093
166,"web|simple|medium|one_to_one",2.33948522366078,31.2059546818093
166,"web|two_factor|medium|one_to_one",1.94528190320716,31.2059546818093
166,"mobile|simple|high|one_to_one",5.10180492364468,31.2059546818093
166,"mobile|simple|low|multi_person",5.20670461121339,31.2059546818093
166,"web|multi_factor|low|multi_person",2.86762753086731,31.2059546818093
166,"web|two_factor|medium|multi_person",0.726652228677106,31.2059546818093
166,"mobile|two_factor|low|one_to_one",6.03113096528982,31.2059546818093
166,"web|two_factor|high|one_to_one",1.9740394620893,31.2059546818093
166,"web|two_factor|low|one_to_one",3.29756882418806,31.2059546818093
167,"web|simple|low|multi_person",2.91325533713534,31.3613379473623
167,"mobile|two_factor|low|multi_person",6.06072715830368,31.3613379473623
167,"web|two_factor|low|multi_person",2.88688429663012,31.3613379473623
167,"mobile|multi_factor|low|multi_person",7.2307029411655,31.3613379473623
167,"mobile|simple|medium|multi_person",4.14606463274573,31.3613379473623
167,"mobile|multi_factor|medium|multi_person",5.28966937510233,31.3613379473623
167,"web|multi_factor|medium|multi_person",2.11582651342877,31.3613379473623
167,"mobile|simple|high|multi_person",2.71617990867532,31.3613379473623
167,"web|simple|high|multi_person",-0.457662952998241,31.3613379473623
167,"mobile|two_factor|high|multi_person",2.6898088681701,31.3613379473623
167,"mobile|multi_factor|high|multi_person",3.85978465103193,31.3613379473623
167,"mobile|simple|low|one_to_one",6.62887979362251,31.3613379473623
167,"web|simple|low|one_to_one",3.45503693194896,31.3613379473623
167,"mobile|multi_factor|low|one_to_one",7.77248453597912,31.3613379473623
167,"web|multi_factor|low|one_to_one",4.59864167430556,31.3613379473623
167,"mobile|simple|medium|one_to_one",4.68784622755934,31.3613379473623
167,"mobile|two_factor|medium|one_to_one",4.66147518705413,31.3613379473623
167,"mobile|multi_factor|medium|one_to_one",5.83145096991595,31.3613379473623
167,"web|multi_factor|medium|one_to_one",2.65760810824239,31.3613379473623
167,"web|simple|high|one_to_one",0.084118641815375,31.3613379473623
167,"mobile|two_factor|high|one_to_one",3.23159046298372,31.3613379473623
167,"mobile|multi_factor|high|one_to_one",4.40156624584554,31.3613379473623
167,"web|multi_factor|high|one_to_one",1.22772338417198,31.3613379473623
167,"web|simple|medium|multi_person",0.972221771072167,31.3613379473623
167,"mobile|two_factor|medium|multi_person",4.11969359224051,31.3613379473623
167,"web|two_factor|high|multi_person",-0.484033993503457,31.3613379473623
167,"web|multi_factor|high|multi_person",0.685941789358365,31.3613379473623
167,"web|simple|medium|one_to_one",1.51400336588578,31.3613379473623
167,"web|two_factor|medium|one_to_one",1.48763232538057,31.3613379473623
167,"mobile|simple|high|one_to_one",3.25796150348894,31.3613379473623
167,"mobile|simple|low|multi_person",6.0870981988089,31.3613379473623
167,"web|multi_factor|low|multi_person",4.05686007949195,31.3613379473623
167,"web|two_factor|medium|multi_person",0.945850730566951,31.3613379473623
167,"mobile|two_factor|low|one_to_one",6.6025087531173,31.3613379473623
167,"web|two_factor|high|one_to_one",0.057747601310159,31.3613379473623
167,"web|two_factor|low|one_to_one",3.42866589144374,31.3613379473623
168,"web|simple|low|multi_person",2.36478490754746,30.8842149386109
168,"mobile|two_factor|low|multi_person",5.70500794587497,30.8842149386109
168,"web|two_factor|low|multi_person",3.03709427980111,30.8842149386109
168,"mobile|multi_factor|low|multi_person",5.88403334149963,30.8842149386109
168,"mobile|simple|medium|multi_person",2.98301508300121,30.8842149386109
168,"mobile|multi_factor|medium|multi_person",3.83434985087953,30.8842149386109
168,"web|multi_factor|medium|multi_person",1.16643618480567,30.8842149386109
168,"mobile|simple|high|multi_person",3.16827886908938,30.8842149386109
168,"web|simple|high|multi_person",0.500365203015522,30.8842149386109
168,"mobile|two_factor|high|multi_person",3.84058824134303,30.8842149386109
168,"mobile|multi_factor|high|multi_person",4.01961363696769,30.8842149386109
168,"mobile|simple|low|one_to_one",5.94890095527713,30.8842149386109
168,"web|simple|low|one_to_one",3.28098728920326,30.8842149386109
168,"mobile|multi_factor|low|one_to_one",6.80023572315544,30.8842149386109
168,"web|multi_factor|low|one_to_one",4.13232205708158,30.8842149386109
168,"mobile|simple|medium|one_to_one",3.89921746465702,30.8842149386109
168,"mobile|two_factor|medium|one_to_one",4.57152683691067,30.8842149386109
168,"mobile|multi_factor|medium|one_to_one",4.75055223253533,30.8842149386109
168,"web|multi_factor|medium|one_to_one",2.08263856646147,30.8842149386109
168,"web|simple|high|one_to_one",1.41656758467133,30.8842149386109
168,"mobile|two_factor|high|one_to_one",4.75679062299884,30.8842149386109
168,"mobile|multi_factor|high|one_to_one",4.9358160186235,30.8842149386109
168,"web|multi_factor|high|one_to_one",2.26790235254964,30.8842149386109
168,"web|simple|medium|multi_person",0.315101416927355,30.8842149386109
168,"mobile|two_factor|medium|multi_person",3.65532445525487,30.8842149386109
168,"web|two_factor|high|multi_person",1.17267457526917,30.8842149386109
168,"web|multi_factor|high|multi_person",1.35169997089383,30.8842149386109
168,"web|simple|medium|one_to_one",1.23130379858316,30.8842149386109
168,"web|two_factor|medium|one_to_one",1.90361317083681,30.8842149386109
168,"mobile|simple|high|one_to_one",4.08448125074519,30.8842149386109
168,"mobile|simple|low|multi_person",5.03269857362132,30.8842149386109
168,"web|multi_factor|low|multi_person",3.21611967542577,30.8842149386109
168,"web|two_factor|medium|multi_person",0.987410789181007,30.8842149386109
168,"mobile|two_factor|low|one_to_one",6.62121032753078,30.8842149386109
168,"web|two_factor|high|one_to_one",2.08887695692498,30.8842149386109
168,"web|two_factor|low|one_to_one",3.95329666145692,30.8842149386109
169,"web|simple|low|multi_person",1.90781548986329,30.7738535257838
169,"mobile|two_factor|low|multi_person",5.22398183546926,30.7738535257838
169,"web|two_factor|low|multi_person",1.95845680255558,30.7738535257838
169,"mobile|multi_factor|low|multi_person",6.05702379297039,30.7738535257838
169,"mobile|simple|medium|multi_person",2.97060623647077,30.7738535257838
169,"mobile|multi_factor|medium|multi_person",3.8542895066642,30.7738535257838
169,"web|multi_factor|medium|multi_person",0.588764473750516,30.7738535257838
169,"mobile|simple|high|multi_person",2.82914860110909,30.7738535257838
169,"web|simple|high|multi_person",-0.43637643180459,30.7738535257838
169,"mobile|two_factor|high|multi_person",2.87978991380138,30.7738535257838
169,"mobile|multi_factor|high|multi_person",3.71283187130252,30.7738535257838
169,"mobile|simple|low|one_to_one",7.51277737468163,30.7738535257838
169,"web|simple|low|one_to_one",4.24725234176795,30.7738535257838
169,"mobile|multi_factor|low|one_to_one",8.39646064487505,30.7738535257838
169,"web|multi_factor|low|one_to_one",5.13093561196137,30.7738535257838
169,"mobile|simple|medium|one_to_one",5.31004308837543,30.7738535257838
169,"mobile|two_factor|medium|one_to_one",5.36068440106772,30.7738535257838
169,"mobile|multi_factor|medium|one_to_one",6.19372635856886,30.7738535257838
169,"web|multi_factor|medium|one_to_one",2.92820132565518,30.7738535257838
169,"web|simple|high|one_to_one",1.90306042010007,30.7738535257838
169,"mobile|two_factor|high|one_to_one",5.21922676570604,30.7738535257838
169,"mobile|multi_factor|high|one_to_one",6.05226872320718,30.7738535257838
169,"web|multi_factor|high|one_to_one",2.7867436902935,30.7738535257838
169,"web|simple|medium|multi_person",-0.29491879644291,30.7738535257838
169,"mobile|two_factor|medium|multi_person",3.02124754916306,30.7738535257838
169,"web|two_factor|high|multi_person",-0.385735119112297,30.7738535257838
169,"web|multi_factor|high|multi_person",0.447306838388836,30.7738535257838
169,"web|simple|medium|one_to_one",2.04451805546175,30.7738535257838
169,"web|two_factor|medium|one_to_one",2.09515936815404,30.7738535257838
169,"mobile|simple|high|one_to_one",5.16858545301375,30.7738535257838
169,"mobile|simple|low|multi_person",5.17334052277697,30.7738535257838
169,"web|multi_factor|low|multi_person",2.79149876005671,30.7738535257838
169,"web|two_factor|medium|multi_person",-0.244277483750617,30.7738535257838
169,"mobile|two_factor|low|one_to_one",7.56341868737392,30.7738535257838
169,"web|two_factor|high|one_to_one",1.95370173279236,30.7738535257838
169,"web|two_factor|low|one_to_one",4.29789365446024,30.7738535257838
170,"web|simple|low|multi_person",2.44305707836477,30.8766260597685
170,"mobile|two_factor|low|multi_person",3.26520863426516,30.8766260597685
170,"web|two_factor|low|multi_person",0.252084991399958,30.8766260597685
170,"mobile|multi_factor|low|multi_person",5.44813995741367,30.8766260597685
170,"mobile|simple|medium|multi_person",4.45556996778476,30.8766260597685
170,"mobile|multi_factor|medium|multi_person",4.44752920396847,30.8766260597685
170,"web|multi_factor|medium|multi_person",1.43440556110327,30.8766260597685
170,"mobile|simple|high|multi_person",5.51123116313462,30.8766260597685
170,"web|simple|high|multi_person",2.49810752026942,30.8766260597685
170,"mobile|two_factor|high|multi_person",3.32025907616981,30.8766260597685
170,"mobile|multi_factor|high|multi_person",5.50319039931832,30.8766260597685
170,"mobile|simple|low|one_to_one",6.38372648073899,30.8766260597685
170,"web|simple|low|one_to_one",3.37060283787379,30.8766260597685
170,"mobile|multi_factor|low|one_to_one",6.37568571692269,30.8766260597685
170,"web|multi_factor|low|one_to_one",3.36256207405749,30.8766260597685
170,"mobile|simple|medium|one_to_one",5.38311572729379,30.8766260597685
170,"mobile|two_factor|medium|one_to_one",3.19214364032897,30.8766260597685
170,"mobile|multi_factor|medium|one_to_one",5.37507496347749,30.8766260597685
170,"web|multi_factor|medium|one_to_one",2.36195132061229,30.8766260597685
170,"web|simple|high|one_to_one",3.42565327977844,30.8766260597685
170,"mobile|two_factor|high|one_to_one",4.24780483567883,30.8766260597685
170,"mobile|multi_factor|high|one_to_one",6.43073615882734,30.8766260597685
170,"web|multi_factor|high|one_to_one",3.41761251596214,30.8766260597685
170,"web|simple|medium|multi_person",1.44244632491956,30.8766260597685
170,"mobile|two_factor|medium|multi_person",2.26459788081995,30.8766260597685
170,"web|two_factor|high|multi_person",0.307135433304607,30.8766260597685
170,"web|multi_factor|high|multi_person",2.49006675645312,30.8766260597685
170,"web|simple|medium|one_to_one",2.36999208442859,30.8766260597685
170,"web|two_factor|medium|one_to_one",0.179019997463774,30.8766260597685
170,"mobile|simple|high|one_to_one",6.43877692264364,30.8766260597685
170,"mobile|simple|low|multi_person",5.45618072122997,30.8766260597685
170,"web|multi_factor|low|multi_person",2.43501631454847,30.8766260597685
170,"web|two_factor|medium|multi_person",-0.748525762045248,30.8766260597685
170,"mobile|two_factor|low|one_to_one",4.19275439377418,30.8766260597685
170,"web|two_factor|high|one_to_one",1.23468119281363,30.8766260597685
170,"web|two_factor|low|one_to_one",1.17963075090898,30.8766260597685
171,"web|simple|low|multi_person",1.937377245314,29.4159912932649
171,"mobile|two_factor|low|multi_person",3.9875030919164,29.4159912932649
171,"web|two_factor|low|multi_person",2.26524347770022,29.4159912932649
171,"mobile|multi_factor|low|multi_person",4.47407664107914,29.4159912932649
171,"mobile|simple|medium|multi_person",2.06190612320857,29.4159912932649
171,"mobile|multi_factor|medium|multi_person",2.87634590475753,29.4159912932649
171,"web|multi_factor|medium|multi_person",1.15408629054135,29.4159912932649
171,"mobile|simple|high|multi_person",3.12300361639291,29.4159912932649
171,"web|simple|high|multi_person",1.40074400217673,29.4159912932649
171,"mobile|two_factor|high|multi_person",3.45086984877913,29.4159912932649
171,"mobile|multi_factor|high|multi_person",3.93744339794187,29.4159912932649
171,"mobile|simple|low|one_to_one",5.52855506252076,29.4159912932649
171,"web|simple|low|one_to_one",3.80629544830458,29.4159912932649
171,"mobile|multi_factor|low|one_to_one",6.34299484406972,29.4159912932649
171,"web|multi_factor|low|one_to_one",4.62073522985354,29.4159912932649
171,"mobile|simple|medium|one_to_one",3.93082432619916,29.4159912932649
171,"mobile|two_factor|medium|one_to_one",4.25869055858538,29.4159912932649
171,"mobile|multi_factor|medium|one_to_one",4.74526410774812,29.4159912932649
171,"web|multi_factor|medium|one_to_one",3.02300449353193,29.4159912932649
171,"web|simple|high|one_to_one",3.26966220516731,29.4159912932649
171,"mobile|two_factor|high|one_to_one",5.31978805176971,29.4159912932649
171,"mobile|multi_factor|high|one_to_one",5.80636160093245,29.4159912932649
171,"web|multi_factor|high|one_to_one",4.08410198671627,29.4159912932649
171,"web|simple|medium|multi_person",0.339646508992389,29.4159912932649
171,"mobile|two_factor|medium|multi_person",2.38977235559479,29.4159912932649
171,"web|two_factor|high|multi_person",1.72861023456295,29.4159912932649
171,"web|multi_factor|high|multi_person",2.21518378372568,29.4159912932649
171,"web|simple|medium|one_to_one",2.20856471198297,29.4159912932649
171,"web|two_factor|medium|one_to_one",2.53643094436919,29.4159912932649
171,"mobile|simple|high|one_to_one",4.99192181938349,29.4159912932649
171,"mobile|simple|low|multi_person",3.65963685953018,29.4159912932649
171,"web|multi_factor|low|multi_person",2.75181702686296,29.4159912932649
171,"web|two_factor|medium|multi_person",0.66751274137861,29.4159912932649
171,"mobile|two_factor|low|one_to_one",5.85642129490698,29.4159912932649
171,"web|two_factor|high|one_to_one",3.59752843755353,29.4159912932649
171,"web|two_factor|low|one_to_one",4.1341616806908,29.4159912932649
172,"web|simple|low|multi_person",2.35503437429181,30.9323372174788
172,"mobile|two_factor|low|multi_person",4.7719691931964,30.9323372174788
172,"web|two_factor|low|multi_person",1.95181535185956,30.9323372174788
172,"mobile|multi_factor|low|multi_person",5.66474745444269,30.9323372174788
172,"mobile|simple|medium|multi_person",3.81513930802669,30.9323372174788
172,"mobile|multi_factor|medium|multi_person",4.30469854684073,30.9323372174788
172,"web|multi_factor|medium|multi_person",1.48454470550389,30.9323372174788
172,"mobile|simple|high|multi_person",3.7220779701997,30.9323372174788
172,"web|simple|high|multi_person",0.901924128862858,30.9323372174788
172,"mobile|two_factor|high|multi_person",3.31885894776745,30.9323372174788
172,"mobile|multi_factor|high|multi_person",4.21163720901374,30.9323372174788
172,"mobile|simple|low|one_to_one",6.8298775880542,30.9323372174788
172,"web|simple|low|one_to_one",4.00972374671736,30.9323372174788
172,"mobile|multi_factor|low|one_to_one",7.31943682686825,30.9323372174788
172,"web|multi_factor|low|one_to_one",4.49928298553141,30.9323372174788
172,"mobile|simple|medium|one_to_one",5.46982868045224,30.9323372174788
172,"mobile|two_factor|medium|one_to_one",5.06660965801999,30.9323372174788
172,"mobile|multi_factor|medium|one_to_one",5.95938791926629,30.9323372174788
172,"web|multi_factor|medium|one_to_one",3.13923407792945,30.9323372174788
172,"web|simple|high|one_to_one",2.55661350128841,30.9323372174788
172,"mobile|two_factor|high|one_to_one",4.973548320193,30.9323372174788
172,"mobile|multi_factor|high|one_to_one",5.8663265814393,30.9323372174788
172,"web|multi_factor|high|one_to_one",3.04617274010246,30.9323372174788
172,"web|simple|medium|multi_person",0.994985466689849,30.9323372174788
172,"mobile|two_factor|medium|multi_person",3.41192028559444,30.9323372174788
172,"web|two_factor|high|multi_person",0.498705106430607,30.9323372174788
172,"web|multi_factor|high|multi_person",1.3914833676769,30.9323372174788
172,"web|simple|medium|one_to_one",2.6496748391154,30.9323372174788
172,"web|two_factor|medium|one_to_one",2.24645581668315,30.9323372174788
172,"mobile|simple|high|one_to_one",5.37676734262525,30.9323372174788
172,"mobile|simple|low|multi_person",5.17518821562865,30.9323372174788
172,"web|multi_factor|low|multi_person",2.84459361310585,30.9323372174788
172,"web|two_factor|medium|multi_person",0.591766444257598,30.9323372174788
172,"mobile|two_factor|low|one_to_one",6.42665856562195,30.9323372174788
172,"web|two_factor|high|one_to_one",2.15339447885616,30.9323372174788
172,"web|two_factor|low|one_to_one",3.60650472428511,30.9323372174788
173,"web|simple|low|multi_person",2.68516511141451,31.2186307816981
173,"mobile|two_factor|low|multi_person",4.79800547659223,31.2186307816981
173,"web|two_factor|low|multi_person",1.80884759993169,31.2186307816981
173,"mobile|multi_factor|low|multi_person",6.81231032043043,31.2186307816981
173,"mobile|simple|medium|multi_person",4.39390062132622,31.2186307816981
173,"mobile|multi_factor|medium|multi_person",5.5318879536816,31.2186307816981
173,"web|multi_factor|medium|multi_person",2.54273007702106,31.2186307816981
173,"mobile|simple|high|multi_person",3.93250240858607,31.2186307816981
173,"web|simple|high|multi_person",0.943344531925535,31.2186307816981
173,"mobile|two_factor|high|multi_person",3.05618489710325,31.2186307816981
173,"mobile|multi_factor|high|multi_person",5.07048974094145,31.2186307816981
173,"mobile|simple|low|one_to_one",5.87645036870159,31.2186307816981
173,"web|simple|low|one_to_one",2.88729249204105,31.2186307816981
173,"mobile|multi_factor|low|one_to_one",7.01443770105697,31.2186307816981
173,"web|multi_factor|low|one_to_one",4.02527982439643,31.2186307816981
173,"mobile|simple|medium|one_to_one",4.59602800195277,31.2186307816981
173,"mobile|two_factor|medium|one_to_one",3.71971049046995,31.2186307816981
173,"mobile|multi_factor|medium|one_to_one",5.73401533430814,31.2186307816981
173,"web|multi_factor|medium|one_to_one",2.7448574576476,31.2186307816981
173,"web|simple|high|one_to_one",1.14547191255208,31.2186307816981
173,"mobile|two_factor|high|one_to_one",3.2583122777298,31.2186307816981
173,"mobile|multi_factor|high|one_to_one",5.272617121568,31.2186307816981
173,"web|multi_factor|high|one_to_one",2.28345924490746,31.2186307816981
173,"web|simple|medium|multi_person",1.40474274466568,31.2186307816981
173,"mobile|two_factor|medium|multi_person",3.5175831098434,31.2186307816981
173,"web|two_factor|high|multi_person",0.0670270204427152,31.2186307816981
173,"web|multi_factor|high|multi_person",2.08133186428091,31.2186307816981
173,"web|simple|medium|one_to_one",1.60687012529223,31.2186307816981
173,"web|two_factor|medium|one_to_one",0.730552613809407,31.2186307816981
173,"mobile|simple|high|one_to_one",4.13462978921262,31.2186307816981
173,"mobile|simple|low|multi_person",5.67432298807505,31.2186307816981
173,"web|multi_factor|low|multi_person",3.82315244376989,31.2186307816981
173,"web|two_factor|medium|multi_person",0.528425233182861,31.2186307816981
173,"mobile|two_factor|low|one_to_one",5.00013285721877,31.2186307816981
173,"web|two_factor|high|one_to_one",0.269154401069261,31.2186307816981
173,"web|two_factor|low|one_to_one",2.01097498055824,31.2186307816981
174,"web|simple|low|multi_person",2.26844065983529,31.2513811212675
174,"mobile|two_factor|low|multi_person",4.28731470217751,31.2513811212675
174,"web|two_factor|low|multi_person",1.61775928112967,31.2513811212675
174,"mobile|multi_factor|low|multi_person",5.0180676630988,31.2513811212675
174,"mobile|simple|medium|multi_person",3.90299091574647,31.2513811212675
174,"mobile|multi_factor|medium|multi_person",3.98306249796213,31.2513811212675
174,"web|multi_factor|medium|multi_person",1.31350707691429,31.2513811212675
174,"mobile|simple|high|multi_person",4.41854490093356,31.2513811212675
174,"web|simple|high|multi_person",1.74898947988572,31.2513811212675
174,"mobile|two_factor|high|multi_person",3.76786352222794,31.2513811212675
174,"mobile|multi_factor|high|multi_person",4.49861648314922,31.2513811212675
174,"mobile|simple|low|one_to_one",6.5007459898013,31.2513811212675
174,"web|simple|low|one_to_one",3.83119056875346,31.2513811212675
174,"mobile|multi_factor|low|one_to_one",6.58081757201697,31.2513811212675
174,"web|multi_factor|low|one_to_one",3.91126215096913,31.2513811212675
174,"mobile|simple|medium|one_to_one",5.46574082466464,31.2513811212675
174,"mobile|two_factor|medium|one_to_one",4.81505944595902,31.2513811212675
174,"mobile|multi_factor|medium|one_to_one",5.54581240688031,31.2513811212675
174,"web|multi_factor|medium|one_to_one",2.87625698583247,31.2513811212675
174,"web|simple|high|one_to_one",3.31173938880389,31.2513811212675
174,"mobile|two_factor|high|one_to_one",5.33061343114611,31.2513811212675
174,"mobile|multi_factor|high|one_to_one",6.0613663920674,31.2513811212675
174,"web|multi_factor|high|one_to_one",3.39181097101956,31.2513811212675
174,"web|simple|medium|multi_person",1.23343549469863,31.2513811212675
174,"mobile|two_factor|medium|multi_person",3.25230953704085,31.2513811212675
174,"web|two_factor|high|multi_person",1.0983081011801,31.2513811212675
174,"web|multi_factor|high|multi_person",1.82906106210138,31.2513811212675
174,"web|simple|medium|one_to_one",2.7961854036168,31.2513811212675
174,"web|two_factor|medium|one_to_one",2.14550402491118,31.2513811212675
174,"mobile|simple|high|one_to_one",5.98129480985173,31.2513811212675
174,"mobile|simple|low|multi_person",4.93799608088313,31.2513811212675
174,"web|multi_factor|low|multi_person",2.34851224205095,31.2513811212675
174,"web|two_factor|medium|multi_person",0.582754115993007,31.2513811212675
174,"mobile|two_factor|low|one_to_one",5.85006461109568,31.2513811212675
174,"web|two_factor|high|one_to_one",2.66105801009827,31.2513811212675
174,"web|two_factor|low|one_to_one",3.18050919004784,31.2513811212675
175,"web|simple|low|multi_person",3.95539012924707,31.5365764132407
175,"mobile|two_factor|low|multi_person",4.40104063390312,31.5365764132407
175,"web|two_factor|low|multi_person",2.21570671505212,31.5365764132407
175,"mobile|multi_factor|low|multi_person",5.91637414658226,31.5365764132407
175,"mobile|simple|medium|multi_person",4.69534266100204,31.5365764132407
175,"mobile|multi_factor|medium|multi_person",4.47099275948623,31.5365764132407
175,"web|multi_factor|medium|multi_person",2.28565884063523,31.5365764132407
175,"mobile|simple|high|multi_person",4.00531845451409,31.5365764132407
175,"web|simple|high|multi_person",1.81998453566309,31.5365764132407
175,"mobile|two_factor|high|multi_person",2.26563504031914,31.5365764132407
175,"mobile|multi_factor|high|multi_person",3.78096855299828,31.5365764132407
175,"mobile|simple|low|one_to_one",6.4823665150636,31.5365764132407
175,"web|simple|low|one_to_one",4.2970325962126,31.5365764132407
175,"mobile|multi_factor|low|one_to_one",6.25801661354779,31.5365764132407
175,"web|multi_factor|low|one_to_one",4.07268269469679,31.5365764132407
175,"mobile|simple|medium|one_to_one",5.03698512796758,31.5365764132407
175,"mobile|two_factor|medium|one_to_one",3.29730171377263,31.5365764132407
175,"mobile|multi_factor|medium|one_to_one",4.81263522645176,31.5365764132407
175,"web|multi_factor|medium|one_to_one",2.62730130760076,31.5365764132407
175,"web|simple|high|one_to_one",2.16162700262862,31.5365764132407
175,"mobile|two_factor|high|one_to_one",2.60727750728468,31.5365764132407
175,"mobile|multi_factor|high|one_to_one",4.12261101996381,31.5365764132407
175,"web|multi_factor|high|one_to_one",1.93727710111281,31.5365764132407
175,"web|simple|medium|multi_person",2.51000874215104,31.5365764132407
175,"mobile|two_factor|medium|multi_person",2.9556592468071,31.5365764132407
175,"web|two_factor|high|multi_person",0.080301121468142,31.5365764132407
175,"web|multi_factor|high|multi_person",1.59563463414728,31.5365764132407
175,"web|simple|medium|one_to_one",2.85165120911658,31.5365764132407
175,"web|two_factor|medium|one_to_one",1.11196779492163,31.5365764132407
175,"mobile|simple|high|one_to_one",4.34696092147962,31.5365764132407
175,"mobile|simple|low|multi_person",6.14072404809807,31.5365764132407
175,"web|multi_factor|low|multi_person",3.73104022773126,31.5365764132407
175,"web|two_factor|medium|multi_person",0.770325327956096,31.5365764132407
175,"mobile|two_factor|low|one_to_one",4.74268310086866,31.5365764132407
175,"web|two_factor|high|one_to_one",0.421943588433676,31.5365764132407
175,"web|two_factor|low|one_to_one",2.55734918201766,31.5365764132407
176,"web|simple|low|multi_person",1.40620910258842,30.1342213437908
176,"mobile|two_factor|low|multi_person",6.34627684830979,30.1342213437908
176,"web|two_factor|low|multi_person",1.73191890523193,30.1342213437908
176,"mobile|multi_factor|low|multi_person",7.57074195506684,30.1342213437908
176,"mobile|simple|medium|multi_person",4.3839973181332,30.1342213437908
176,"mobile|multi_factor|medium|multi_person",5.93417222753376,30.1342213437908
176,"web|multi_factor|medium|multi_person",1.3198142844559,30.1342213437908
176,"mobile|simple|high|multi_person",4.21089113300131,30.1342213437908
176,"web|simple|high|multi_person",-0.403466810076553,30.1342213437908
176,"mobile|two_factor|high|multi_person",4.53660093564481,30.1342213437908
176,"mobile|multi_factor|high|multi_person",5.76106604240187,30.1342213437908
176,"mobile|simple|low|one_to_one",6.28873887652426,30.1342213437908
176,"web|simple|low|one_to_one",1.6743809334464,30.1342213437908
176,"mobile|multi_factor|low|one_to_one",7.83891378592482,30.1342213437908
176,"web|multi_factor|low|one_to_one",3.22455584284696,30.1342213437908
176,"mobile|simple|medium|one_to_one",4.65216914899117,30.1342213437908
176,"mobile|two_factor|medium|one_to_one",4.97787895163467,30.1342213437908
176,"mobile|multi_factor|medium|one_to_one",6.20234405839173,30.1342213437908
176,"web|multi_factor|medium|one_to_one",1.58798611531387,30.1342213437908
176,"web|simple|high|one_to_one",-0.135294979218579,30.1342213437908
176,"mobile|two_factor|high|one_to_one",4.80477276650278,30.1342213437908
176,"mobile|multi_factor|high|one_to_one",6.02923787325984,30.1342213437908
176,"web|multi_factor|high|one_to_one",1.41487993018198,30.1342213437908
176,"web|simple|medium|multi_person",-0.230360624944664,30.1342213437908
176,"mobile|two_factor|medium|multi_person",4.7097071207767,30.1342213437908
176,"web|two_factor|high|multi_person",-0.0777570074330505,30.1342213437908
176,"web|multi_factor|high|multi_person",1.14670809932401,30.1342213437908
176,"web|simple|medium|one_to_one",0.0378112059133098,30.1342213437908
176,"web|two_factor|medium|one_to_one",0.363521008556813,30.1342213437908
176,"mobile|simple|high|one_to_one",4.47906296385928,30.1342213437908
176,"mobile|simple|low|multi_person",6.02056704566628,30.1342213437908
176,"web|multi_factor|low|multi_person",2.95638401198898,30.1342213437908
176,"web|two_factor|medium|multi_person",0.0953491776988387,30.1342213437908
176,"mobile|two_factor|low|one_to_one",6.61444867916776,30.1342213437908
176,"web|two_factor|high|one_to_one",0.190414823424924,30.1342213437908
176,"web|two_factor|low|one_to_one",2.0000907360899,30.1342213437908
177,"web|simple|low|multi_person",1.37491094046833,28.0448908594849
177,"mobile|two_factor|low|multi_person",4.29233974783318,28.0448908594849
177,"web|two_factor|low|multi_person",0.0760696444875222,28.0448908594849
177,"mobile|multi_factor|low|multi_person",4.70299549703777,28.0448908594849
177,"mobile|simple|medium|multi_person",4.28320851500208,28.0448908594849
177,"mobile|multi_factor|medium|multi_person",3.39502296822586,28.0448908594849
177,"web|multi_factor|medium|multi_person",-0.821247135119805,28.0448908594849
177,"mobile|simple|high|multi_person",4.30242462866848,28.0448908594849
177,"web|simple|high|multi_person",0.0861545253228191,28.0448908594849
177,"mobile|two_factor|high|multi_person",3.00358333268767,28.0448908594849
177,"mobile|multi_factor|high|multi_person",3.41423908189226,28.0448908594849
177,"mobile|simple|low|one_to_one",9.47048239521249,28.0448908594849
177,"web|simple|low|one_to_one",5.25421229186683,28.0448908594849
177,"mobile|multi_factor|low|one_to_one",8.58229684843627,28.0448908594849
177,"web|multi_factor|low|one_to_one",4.36602674509061,28.0448908594849
177,"mobile|simple|medium|one_to_one",8.16250986640058,28.0448908594849
177,"mobile|two_factor|medium|one_to_one",6.86366857041977,28.0448908594849
177,"mobile|multi_factor|medium|one_to_one",7.27432431962436,28.0448908594849
177,"web|multi_factor|medium|one_to_one",3.0580542162787,28.0448908594849
177,"web|simple|high|one_to_one",3.96545587672132,28.0448908594849
177,"mobile|two_factor|high|one_to_one",6.88288468408617,28.0448908594849
177,"mobile|multi_factor|high|one_to_one",7.29354043329076,28.0448908594849
177,"web|multi_factor|high|one_to_one",3.0772703299451,28.0448908594849
177,"web|simple|medium|multi_person",0.0669384116564171,28.0448908594849
177,"mobile|two_factor|medium|multi_person",2.98436721902127,28.0448908594849
177,"web|two_factor|high|multi_person",-1.21268677065799,28.0448908594849
177,"web|multi_factor|high|multi_person",-0.802031021453403,28.0448908594849
177,"web|simple|medium|one_to_one",3.94623976305492,28.0448908594849
177,"web|two_factor|medium|one_to_one",2.64739846707411,28.0448908594849
177,"mobile|simple|high|one_to_one",8.18172598006698,28.0448908594849
177,"mobile|simple|low|multi_person",5.59118104381399,28.0448908594849
177,"web|multi_factor|low|multi_person",0.486725393692107,28.0448908594849
177,"web|two_factor|medium|multi_person",-1.23190288432439,28.0448908594849
177,"mobile|two_factor|low|one_to_one",8.17164109923168,28.0448908594849
177,"web|two_factor|high|one_to_one",2.66661458074051,28.0448908594849
177,"web|two_factor|low|one_to_one",3.95537099588602,28.0448908594849
178,"web|simple|low|multi_person",1.64185422507478,30.7756837653793
178,"mobile|two_factor|low|multi_person",4.97345953439807,30.7756837653793
178,"web|two_factor|low|multi_person",1.7344147163599,30.7756837653793
178,"mobile|multi_factor|low|multi_person",4.30333189860853,30.7756837653793
178,"mobile|simple|medium|multi_person",3.95718887077591,30.7756837653793
178,"mobile|multi_factor|medium|multi_person",3.37962172627151,30.7756837653793
178,"web|multi_factor|medium|multi_person",0.140576908233346,30.7756837653793
178,"mobile|simple|high|multi_person",4.74479733030391,30.7756837653793
178,"web|simple|high|multi_person",1.50575251226575,30.7756837653793
178,"mobile|two_factor|high|multi_person",4.83735782158904,30.7756837653793
178,"mobile|multi_factor|high|multi_person",4.16723018579951,30.7756837653793
178,"mobile|simple|low|one_to_one",6.35255954957339,30.7756837653793
178,"web|simple|low|one_to_one",3.11351473153523,30.7756837653793
178,"mobile|multi_factor|low|one_to_one",5.77499240506899,30.7756837653793
178,"web|multi_factor|low|one_to_one",2.53594758703083,30.7756837653793
178,"mobile|simple|medium|one_to_one",5.42884937723636,30.7756837653793
178,"mobile|two_factor|medium|one_to_one",5.52140986852149,30.7756837653793
178,"mobile|multi_factor|medium|one_to_one",4.85128223273196,30.7756837653793
178,"web|multi_factor|medium|one_to_one",1.6122374146938,30.7756837653793
178,"web|simple|high|one_to_one",2.9774130187262,30.7756837653793
178,"mobile|two_factor|high|one_to_one",6.30901832804949,30.7756837653793
178,"mobile|multi_factor|high|one_to_one",5.63889069225996,30.7756837653793
178,"web|multi_factor|high|one_to_one",2.3998458742218,30.7756837653793
178,"web|simple|medium|multi_person",0.718144052737749,30.7756837653793
178,"mobile|two_factor|medium|multi_person",4.04974936206104,30.7756837653793
178,"web|two_factor|high|multi_person",1.59831300355088,30.7756837653793
178,"web|multi_factor|high|multi_person",0.928185367761347,30.7756837653793
178,"web|simple|medium|one_to_one",2.1898045591982,30.7756837653793
178,"web|two_factor|medium|one_to_one",2.28236505048333,30.7756837653793
178,"mobile|simple|high|one_to_one",6.21645783676436,30.7756837653793
178,"mobile|simple|low|multi_person",4.88089904311294,30.7756837653793
178,"web|multi_factor|low|multi_person",1.06428708057037,30.7756837653793
178,"web|two_factor|medium|multi_person",0.810704544022877,30.7756837653793
178,"mobile|two_factor|low|one_to_one",6.44512004085852,30.7756837653793
178,"web|two_factor|high|one_to_one",3.06997351001133,30.7756837653793
178,"web|two_factor|low|one_to_one",3.20607522282036,30.7756837653793
179,"web|simple|low|multi_person",2.80554105461336,31.0046237781004
179,"mobile|two_factor|low|multi_person",3.66441751730338,31.0046237781004
179,"web|two_factor|low|multi_person",0.846349178924201,31.0046237781004
179,"mobile|multi_factor|low|multi_person",5.87872782353511,31.0046237781004
179,"mobile|simple|medium|multi_person",5.17402216237435,31.0046237781004
179,"mobile|multi_factor|medium|multi_person",5.42914059291693,31.0046237781004
179,"web|multi_factor|medium|multi_person",2.61107225453775,31.0046237781004
179,"mobile|simple|high|multi_person",4.09781098431973,31.0046237781004
179,"web|simple|high|multi_person",1.27974264594055,31.0046237781004
179,"mobile|two_factor|high|multi_person",2.13861910863058,31.0046237781004
179,"mobile|multi_factor|high|multi_person",4.35292941486231,31.0046237781004
179,"mobile|simple|low|one_to_one",5.9653868960917,31.0046237781004
179,"web|simple|low|one_to_one",3.14731855771252,31.0046237781004
179,"mobile|multi_factor|low|one_to_one",6.22050532663428,31.0046237781004
179,"web|multi_factor|low|one_to_one",3.4024369882551,31.0046237781004
179,"mobile|simple|medium|one_to_one",5.51579966547352,31.0046237781004
179,"mobile|two_factor|medium|one_to_one",3.55660778978436,31.0046237781004
179,"mobile|multi_factor|medium|one_to_one",5.7709180960161,31.0046237781004
179,"web|multi_factor|medium|one_to_one",2.95284975763691,31.0046237781004
179,"web|simple|high|one_to_one",1.62152014903972,31.0046237781004
179,"mobile|two_factor|high|one_to_one",2.48039661172974,31.0046237781004
179,"mobile|multi_factor|high|one_to_one",4.69470691796148,31.0046237781004
179,"web|multi_factor|high|one_to_one",1.8766385795823,31.0046237781004
179,"web|simple|medium|multi_person",2.35595382399517,31.0046237781004
179,"mobile|two_factor|medium|multi_person",3.2148302866852,31.0046237781004
179,"web|two_factor|high|multi_person",-0.679449229748604,31.0046237781004
179,"web|multi_factor|high|multi_person",1.53486107648313,31.0046237781004
179,"web|simple|medium|one_to_one",2.69773132709434,31.0046237781004
179,"web|two_factor|medium|one_to_one",0.738539451405181,31.0046237781004
179,"mobile|simple|high|one_to_one",4.4395884874189,31.0046237781004
179,"mobile|simple|low|multi_person",5.62360939299254,31.0046237781004
179,"web|multi_factor|low|multi_person",3.06065948515594,31.0046237781004
179,"web|two_factor|medium|multi_person",0.396761948306015,31.0046237781004
179,"mobile|two_factor|low|one_to_one",4.00619502040255,31.0046237781004
179,"web|two_factor|high|one_to_one",-0.337671726649438,31.0046237781004
179,"web|two_factor|low|one_to_one",1.18812668202337,31.0046237781004
180,"web|simple|low|multi_person",1.12910228835752,30.0419961407745
180,"mobile|two_factor|low|multi_person",5.32384728535061,30.0419961407745
180,"web|two_factor|low|multi_person",1.18616176969407,30.0419961407745
180,"mobile|multi_factor|low|multi_person",5.86087992450044,30.0419961407745
180,"mobile|simple|medium|multi_person",3.98013274004214,30.0419961407745
180,"mobile|multi_factor|medium|multi_person",4.57422486052852,30.0419961407745
180,"web|multi_factor|medium|multi_person",0.436539344871983,30.0419961407745
180,"mobile|simple|high|multi_person",4.44439845085003,30.0419961407745
180,"web|simple|high|multi_person",0.306712935193487,30.0419961407745
180,"mobile|two_factor|high|multi_person",4.50145793218658,30.0419961407745
180,"mobile|multi_factor|high|multi_person",5.03849057133641,30.0419961407745
180,"mobile|simple|low|one_to_one",7.00407105050837,30.0419961407745
180,"web|simple|low|one_to_one",2.86638553485183,30.0419961407745
180,"mobile|multi_factor|low|one_to_one",7.59816317099476,30.0419961407745
180,"web|multi_factor|low|one_to_one",3.46047765533822,30.0419961407745
180,"mobile|simple|medium|one_to_one",5.71741598653645,30.0419961407745
180,"mobile|two_factor|medium|one_to_one",5.774475467873,30.0419961407745
180,"mobile|multi_factor|medium|one_to_one",6.31150810702284,30.0419961407745
180,"web|multi_factor|medium|one_to_one",2.1738225913663,30.0419961407745
180,"web|simple|high|one_to_one",2.0439961816878,30.0419961407745
180,"mobile|two_factor|high|one_to_one",6.23874117868089,30.0419961407745
180,"mobile|multi_factor|high|one_to_one",6.77577381783073,30.0419961407745
180,"web|multi_factor|high|one_to_one",2.63808830217419,30.0419961407745
180,"web|simple|medium|multi_person",-0.157552775614404,30.0419961407745
180,"mobile|two_factor|medium|multi_person",4.03719222137869,30.0419961407745
180,"web|two_factor|high|multi_person",0.363772416530038,30.0419961407745
180,"web|multi_factor|high|multi_person",0.900805055679874,30.0419961407745
180,"web|simple|medium|one_to_one",1.57973047087991,30.0419961407745
180,"web|two_factor|medium|one_to_one",1.63678995221646,30.0419961407745
180,"mobile|simple|high|one_to_one",6.18168169734434,30.0419961407745
180,"mobile|simple|low|multi_person",5.26678780401406,30.0419961407745
180,"web|multi_factor|low|multi_person",1.7231944088439,30.0419961407745
180,"web|two_factor|medium|multi_person",-0.100493294277853,30.0419961407745
180,"mobile|two_factor|low|one_to_one",7.06113053184492,30.0419961407745
180,"web|two_factor|high|one_to_one",2.10105566302435,30.0419961407745
180,"web|two_factor|low|one_to_one",2.92344501618838,30.0419961407745
181,"web|simple|low|multi_person",2.48694587157486,31.0245662485746
181,"mobile|two_factor|low|multi_person",5.45458421213451,31.0245662485746
181,"web|two_factor|low|multi_person",2.80769744265529,31.0245662485746
181,"mobile|multi_factor|low|multi_person",5.57220372372586,31.0245662485746
181,"mobile|simple|medium|multi_person",3.24078407119713,31.0245662485746
181,"mobile|multi_factor|medium|multi_person",3.67915515386891,31.0245662485746
181,"web|multi_factor|medium|multi_person",1.03226838438969,31.0245662485746
181,"mobile|simple|high|multi_person",3.23494869839971,31.0245662485746
181,"web|simple|high|multi_person",0.58806192892049,31.0245662485746
181,"mobile|two_factor|high|multi_person",3.55570026948014,31.0245662485746
181,"mobile|multi_factor|high|multi_person",3.67331978107149,31.0245662485746
181,"mobile|simple|low|one_to_one",6.63315643628808,31.0245662485746
181,"web|simple|low|one_to_one",3.98626966680886,31.0245662485746
181,"mobile|multi_factor|low|one_to_one",7.07152751895986,31.0245662485746
181,"web|multi_factor|low|one_to_one",4.42464074948064,31.0245662485746
181,"mobile|simple|medium|one_to_one",4.74010786643113,31.0245662485746
181,"mobile|two_factor|medium|one_to_one",5.06085943751155,31.0245662485746
181,"mobile|multi_factor|medium|one_to_one",5.17847894910291,31.0245662485746
181,"web|multi_factor|medium|one_to_one",2.53159217962369,31.0245662485746
181,"web|simple|high|one_to_one",2.08738572415449,31.0245662485746
181,"mobile|two_factor|high|one_to_one",5.05502406471414,31.0245662485746
181,"mobile|multi_factor|high|one_to_one",5.1726435763055,31.0245662485746
181,"web|multi_factor|high|one_to_one",2.52575680682628,31.0245662485746
181,"web|simple|medium|multi_person",0.593897301717906,31.0245662485746
181,"mobile|two_factor|medium|multi_person",3.56153564227755,31.0245662485746
181,"web|two_factor|high|multi_person",0.908813500000917,31.0245662485746
181,"web|multi_factor|high|multi_person",1.02643301159227,31.0245662485746
181,"web|simple|medium|one_to_one",2.09322109695191,31.0245662485746
181,"web|two_factor|medium|one_to_one",2.41397266803233,31.0245662485746
181,"mobile|simple|high|one_to_one",4.73427249363371,31.0245662485746
181,"mobile|simple|low|multi_person",5.13383264105408,31.0245662485746
181,"web|multi_factor|low|multi_person",2.92531695424664,31.0245662485746
181,"web|two_factor|medium|multi_person",0.914648872798333,31.0245662485746
181,"mobile|two_factor|low|one_to_one",6.95390800736851,31.0245662485746
181,"web|two_factor|high|one_to_one",2.40813729523492,31.0245662485746
181,"web|two_factor|low|one_to_one",4.30702123788929,31.0245662485746
183,"web|simple|low|multi_person",2.25055641951792,30.9587491733154
183,"mobile|two_factor|low|multi_person",5.21062177799517,30.9587491733154
183,"web|two_factor|low|multi_person",2.53587493533555,30.9587491733154
183,"mobile|multi_factor|low|multi_person",4.18286797479027,30.9587491733154
183,"mobile|simple|medium|multi_person",4.24719844260413,30.9587491733154
183,"mobile|multi_factor|medium|multi_person",3.50476315521685,30.9587491733154
183,"web|multi_factor|medium|multi_person",0.830016312557231,30.9587491733154
183,"mobile|simple|high|multi_person",3.73162368806963,30.9587491733154
183,"web|simple|high|multi_person",1.05687684541001,30.9587491733154
183,"mobile|two_factor|high|multi_person",4.01694220388726,30.9587491733154
183,"mobile|multi_factor|high|multi_person",2.98918840068236,30.9587491733154
183,"mobile|simple|low|one_to_one",6.39367360316182,30.9587491733154
183,"web|simple|low|one_to_one",3.7189267605022,30.9587491733154
183,"mobile|multi_factor|low|one_to_one",5.65123831577454,30.9587491733154
183,"web|multi_factor|low|one_to_one",2.97649147311492,30.9587491733154
183,"mobile|simple|medium|one_to_one",5.71556878358841,30.9587491733154
183,"mobile|two_factor|medium|one_to_one",6.00088729940603,30.9587491733154
183,"mobile|multi_factor|medium|one_to_one",4.97313349620113,30.9587491733154
183,"web|multi_factor|medium|one_to_one",2.29838665354151,30.9587491733154
183,"web|simple|high|one_to_one",2.52524718639429,30.9587491733154
183,"mobile|two_factor|high|one_to_one",5.48531254487154,30.9587491733154
183,"mobile|multi_factor|high|one_to_one",4.45755874166664,30.9587491733154
183,"web|multi_factor|high|one_to_one",1.78281189900702,30.9587491733154
183,"web|simple|medium|multi_person",1.57245159994451,30.9587491733154
183,"mobile|two_factor|medium|multi_person",4.53251695842175,30.9587491733154
183,"web|two_factor|high|multi_person",1.34219536122764,30.9587491733154
183,"web|multi_factor|high|multi_person",0.314441558022739,30.9587491733154
183,"web|simple|medium|one_to_one",3.04082194092879,30.9587491733154
183,"web|two_factor|medium|one_to_one",3.32614045674641,30.9587491733154
183,"mobile|simple|high|one_to_one",5.19999402905391,30.9587491733154
183,"mobile|simple|low|multi_person",4.92530326217754,30.9587491733154
183,"web|multi_factor|low|multi_person",1.50812113213065,30.9587491733154
183,"web|two_factor|medium|multi_person",1.85777011576213,30.9587491733154
183,"mobile|two_factor|low|one_to_one",6.67899211897944,30.9587491733154
183,"web|two_factor|high|one_to_one",2.81056570221192,30.9587491733154
183,"web|two_factor|low|one_to_one",4.00424527631982,30.9587491733154
184,"web|simple|low|multi_person",3.06037704044955,30.887523593142
184,"mobile|two_factor|low|multi_person",5.16687111509777,30.887523593142
184,"web|two_factor|low|multi_person",3.3078933650924,30.887523593142
184,"mobile|multi_factor|low|multi_person",4.86391017194684,30.887523593142
184,"mobile|simple|medium|multi_person",3.65209727460217,30.887523593142
184,"mobile|multi_factor|medium|multi_person",3.59665265609409,30.887523593142
184,"web|multi_factor|medium|multi_person",1.73767490608871,30.887523593142
184,"mobile|simple|high|multi_person",2.15854573918778,30.887523593142
184,"web|simple|high|multi_person",0.29956798918241,30.887523593142
184,"mobile|two_factor|high|multi_person",2.40606206383063,30.887523593142
184,"mobile|multi_factor|high|multi_person",2.1031011206797,30.887523593142
184,"mobile|simple|low|one_to_one",6.79800389662218,30.887523593142
184,"web|simple|low|one_to_one",4.93902614661681,30.887523593142
184,"mobile|multi_factor|low|one_to_one",6.7425592781141,30.887523593142
184,"web|multi_factor|low|one_to_one",4.88358152810873,30.887523593142
184,"mobile|simple|medium|one_to_one",5.53074638076943,30.887523593142
184,"mobile|two_factor|medium|one_to_one",5.77826270541228,30.887523593142
184,"mobile|multi_factor|medium|one_to_one",5.47530176226135,30.887523593142
184,"web|multi_factor|medium|one_to_one",3.61632401225597,30.887523593142
184,"web|simple|high|one_to_one",2.17821709534967,30.887523593142
184,"mobile|two_factor|high|one_to_one",4.28471116999789,30.887523593142
184,"mobile|multi_factor|high|one_to_one",3.98175022684696,30.887523593142
184,"web|multi_factor|high|one_to_one",2.12277247684159,30.887523593142
184,"web|simple|medium|multi_person",1.79311952459679,30.887523593142
184,"mobile|two_factor|medium|multi_person",3.89961359924502,30.887523593142
184,"web|two_factor|high|multi_person",0.547084313825258,30.887523593142
184,"web|multi_factor|high|multi_person",0.24412337067433,30.887523593142
184,"web|simple|medium|one_to_one",3.67176863076405,30.887523593142
184,"web|two_factor|medium|one_to_one",3.9192849554069,30.887523593142
184,"mobile|simple|high|one_to_one",4.03719484535504,30.887523593142
184,"mobile|simple|low|multi_person",4.91935479045492,30.887523593142
184,"web|multi_factor|low|multi_person",3.00493242194147,30.887523593142
184,"web|two_factor|medium|multi_person",2.04063584923964,30.887523593142
184,"mobile|two_factor|low|one_to_one",7.04552022126503,30.887523593142
184,"web|two_factor|high|one_to_one",2.42573341999252,30.887523593142
184,"web|two_factor|low|one_to_one",5.18654247125966,30.887523593142
186,"web|simple|low|multi_person",2.67088415627342,31.1179970724489
186,"mobile|two_factor|low|multi_person",4.86580519690675,31.1179970724489
186,"web|two_factor|low|multi_person",1.74176892355879,31.1179970724489
186,"mobile|multi_factor|low|multi_person",5.35749732349112,31.1179970724489
186,"mobile|simple|medium|multi_person",4.49684140586574,31.1179970724489
186,"mobile|multi_factor|medium|multi_person",4.05941829973548,31.1179970724489
186,"web|multi_factor|medium|multi_person",0.935382026387519,31.1179970724489
186,"mobile|simple|high|multi_person",4.53481462075696,31.1179970724489
186,"web|simple|high|multi_person",1.410778347409,31.1179970724489
186,"mobile|two_factor|high|multi_person",3.60569938804234,31.1179970724489
186,"mobile|multi_factor|high|multi_person",4.0973915146267,31.1179970724489
186,"mobile|simple|low|one_to_one",7.3455432497637,31.1179970724489
186,"web|simple|low|one_to_one",4.22150697641574,31.1179970724489
186,"mobile|multi_factor|low|one_to_one",6.90812014363344,31.1179970724489
186,"web|multi_factor|low|one_to_one",3.78408387028548,31.1179970724489
186,"mobile|simple|medium|one_to_one",6.04746422600807,31.1179970724489
186,"mobile|two_factor|medium|one_to_one",5.11834899329344,31.1179970724489
186,"mobile|multi_factor|medium|one_to_one",5.6100411198778,31.1179970724489
186,"web|multi_factor|medium|one_to_one",2.48600484652984,31.1179970724489
186,"web|simple|high|one_to_one",2.96140116755133,31.1179970724489
186,"mobile|two_factor|high|one_to_one",5.15632220818466,31.1179970724489
186,"mobile|multi_factor|high|one_to_one",5.64801433476902,31.1179970724489
186,"web|multi_factor|high|one_to_one",2.52397806142106,31.1179970724489
186,"web|simple|medium|multi_person",1.37280513251778,31.1179970724489
186,"mobile|two_factor|medium|multi_person",3.56772617315112,31.1179970724489
186,"web|two_factor|high|multi_person",0.481663114694376,31.1179970724489
186,"web|multi_factor|high|multi_person",0.973355241278739,31.1179970724489
186,"web|simple|medium|one_to_one",2.92342795266011,31.1179970724489
186,"web|two_factor|medium|one_to_one",1.99431271994548,31.1179970724489
186,"mobile|simple|high|one_to_one",6.08543744089929,31.1179970724489
186,"mobile|simple|low|multi_person",5.79492042962138,31.1179970724489
186,"web|multi_factor|low|multi_person",2.23346105014316,31.1179970724489
186,"web|two_factor|medium|multi_person",0.443689899803156,31.1179970724489
186,"mobile|two_factor|low|one_to_one",6.41642801704907,31.1179970724489
186,"web|two_factor|high|one_to_one",2.0322859348367,31.1179970724489
186,"web|two_factor|low|one_to_one",3.29239174370111,31.1179970724489
187,"web|simple|low|multi_person",2.94236716379305,31.5118860568159
187,"mobile|two_factor|low|multi_person",4.84932564084176,31.5118860568159
187,"web|two_factor|low|multi_person",2.12772971127762,31.5118860568159
187,"mobile|multi_factor|low|multi_person",5.70281036746679,31.5118860568159
187,"mobile|simple|medium|multi_person",4.22867651177521,31.5118860568159
187,"mobile|multi_factor|medium|multi_person",4.26752378588481,31.5118860568159
187,"web|multi_factor|medium|multi_person",1.54592785632067,31.5118860568159
187,"mobile|simple|high|multi_person",4.02606332070123,31.5118860568159
187,"web|simple|high|multi_person",1.30446739113709,31.5118860568159
187,"mobile|two_factor|high|multi_person",3.21142586818579,31.5118860568159
187,"mobile|multi_factor|high|multi_person",4.06491059481083,31.5118860568159
187,"mobile|simple|low|one_to_one",6.8903026327476,31.5118860568159
187,"web|simple|low|one_to_one",4.16870670318347,31.5118860568159
187,"mobile|multi_factor|low|one_to_one",6.92914990685721,31.5118860568159
187,"web|multi_factor|low|one_to_one",4.20755397729307,31.5118860568159
187,"mobile|simple|medium|one_to_one",5.45501605116562,31.5118860568159
187,"mobile|two_factor|medium|one_to_one",4.64037859865019,31.5118860568159
187,"mobile|multi_factor|medium|one_to_one",5.49386332527522,31.5118860568159
187,"web|multi_factor|medium|one_to_one",2.77226739571108,31.5118860568159
187,"web|simple|high|one_to_one",2.5308069305275,31.5118860568159
187,"mobile|two_factor|high|one_to_one",4.43776540757621,31.5118860568159
187,"mobile|multi_factor|high|one_to_one",5.29125013420124,31.5118860568159
187,"web|multi_factor|high|one_to_one",2.5696542046371,31.5118860568159
187,"web|simple|medium|multi_person",1.50708058221107,31.5118860568159
187,"mobile|two_factor|medium|multi_person",3.41403905925977,31.5118860568159
187,"web|two_factor|high|multi_person",0.489829938621653,31.5118860568159
187,"web|multi_factor|high|multi_person",1.34331466524669,31.5118860568159
187,"web|simple|medium|one_to_one",2.73342012160148,31.5118860568159
187,"web|two_factor|medium|one_to_one",1.91878266908605,31.5118860568159
187,"mobile|simple|high|one_to_one",5.25240286009164,31.5118860568159
187,"mobile|simple|low|multi_person",5.66396309335719,31.5118860568159
187,"web|multi_factor|low|multi_person",2.98121443790265,31.5118860568159
187,"web|two_factor|medium|multi_person",0.692443129695632,31.5118860568159
187,"mobile|two_factor|low|one_to_one",6.07566518023217,31.5118860568159
187,"web|two_factor|high|one_to_one",1.71616947801207,31.5118860568159
187,"web|two_factor|low|one_to_one",3.35406925066803,31.5118860568159
188,"web|simple|low|multi_person",2.84141545758982,30.7985942158286
188,"mobile|two_factor|low|multi_person",3.80382190354642,30.7985942158286
188,"web|two_factor|low|multi_person",1.88363169693821,30.7985942158286
188,"mobile|multi_factor|low|multi_person",4.56431891334518,30.7985942158286
188,"mobile|simple|medium|multi_person",3.28813938715311,30.7985942158286
188,"mobile|multi_factor|medium|multi_person",3.09085263630026,30.7985942158286
188,"web|multi_factor|medium|multi_person",1.17066242969205,30.7985942158286
188,"mobile|simple|high|multi_person",3.37882921100497,30.7985942158286
188,"web|simple|high|multi_person",1.45863900439676,30.7985942158286
188,"mobile|two_factor|high|multi_person",2.42104545035336,30.7985942158286
188,"mobile|multi_factor|high|multi_person",3.18154246015212,30.7985942158286
188,"mobile|simple|low|one_to_one",6.79437261261662,30.7985942158286
188,"web|simple|low|one_to_one",4.87418240600842,30.7985942158286
188,"mobile|multi_factor|low|one_to_one",6.59708586176378,30.7985942158286
188,"web|multi_factor|low|one_to_one",4.67689565515557,30.7985942158286
188,"mobile|simple|medium|one_to_one",5.32090633557171,30.7985942158286
188,"mobile|two_factor|medium|one_to_one",4.3631225749201,30.7985942158286
188,"mobile|multi_factor|medium|one_to_one",5.12361958471886,30.7985942158286
188,"web|multi_factor|medium|one_to_one",3.20342937811065,30.7985942158286
188,"web|simple|high|one_to_one",3.49140595281536,30.7985942158286
188,"mobile|two_factor|high|one_to_one",4.45381239877196,30.7985942158286
188,"mobile|multi_factor|high|one_to_one",5.21430940857072,30.7985942158286
188,"web|multi_factor|high|one_to_one",3.29411920196252,30.7985942158286
188,"web|simple|medium|multi_person",1.3679491805449,30.7985942158286
188,"mobile|two_factor|medium|multi_person",2.3303556265015,30.7985942158286
188,"web|two_factor|high|multi_person",0.500855243745157,30.7985942158286
188,"web|multi_factor|high|multi_person",1.26135225354392,30.7985942158286
188,"web|simple|medium|one_to_one",3.4007161289635,30.7985942158286
188,"web|two_factor|medium|one_to_one",2.4429323683119,30.7985942158286
188,"mobile|simple|high|one_to_one",5.41159615942357,30.7985942158286
188,"mobile|simple|low|multi_person",4.76160566419802,30.7985942158286
188,"web|multi_factor|low|multi_person",2.64412870673697,30.7985942158286
188,"web|two_factor|medium|multi_person",0.410165419893295,30.7985942158286
188,"mobile|two_factor|low|one_to_one",5.83658885196502,30.7985942158286
188,"web|two_factor|high|one_to_one",2.53362219216376,30.7985942158286
188,"web|two_factor|low|one_to_one",3.91639864535681,30.7985942158286
189,"web|simple|low|multi_person",1.9736758896383,31.1992937718423
189,"mobile|two_factor|low|multi_person",5.25034753266975,31.1992937718423
189,"web|two_factor|low|multi_person",2.42713496571361,31.1992937718423
189,"mobile|multi_factor|low|multi_person",5.45954141295325,31.1992937718423
189,"mobile|simple|medium|multi_person",2.60163971109874,31.1992937718423
189,"mobile|multi_factor|medium|multi_person",3.26429266745755,31.1992937718423
189,"web|multi_factor|medium|multi_person",0.441080100501414,31.1992937718423
189,"mobile|simple|high|multi_person",3.67015288284123,31.1992937718423
189,"web|simple|high|multi_person",0.846940315885089,31.1992937718423
189,"mobile|two_factor|high|multi_person",4.12361195891654,31.1992937718423
189,"mobile|multi_factor|high|multi_person",4.33280583920005,31.1992937718423
189,"mobile|simple|low|one_to_one",6.0525981041066,31.1992937718423
189,"web|simple|low|one_to_one",3.22938553715046,31.1992937718423
189,"mobile|multi_factor|low|one_to_one",6.71525106046542,31.1992937718423
189,"web|multi_factor|low|one_to_one",3.89203849350928,31.1992937718423
189,"mobile|simple|medium|one_to_one",3.8573493586109,31.1992937718423
189,"mobile|two_factor|medium|one_to_one",4.31080843468621,31.1992937718423
189,"mobile|multi_factor|medium|one_to_one",4.52000231496972,31.1992937718423
189,"web|multi_factor|medium|one_to_one",1.69678974801358,31.1992937718423
189,"web|simple|high|one_to_one",2.10264996339726,31.1992937718423
189,"mobile|two_factor|high|one_to_one",5.37932160642871,31.1992937718423
189,"mobile|multi_factor|high|one_to_one",5.58851548671221,31.1992937718423
189,"web|multi_factor|high|one_to_one",2.76530291975607,31.1992937718423
189,"web|simple|medium|multi_person",-0.221572855857402,31.1992937718423
189,"mobile|two_factor|medium|multi_person",3.05509878717405,31.1992937718423
189,"web|two_factor|high|multi_person",1.3003993919604,31.1992937718423
189,"web|multi_factor|high|multi_person",1.50959327224391,31.1992937718423
189,"web|simple|medium|one_to_one",1.03413679165476,31.1992937718423
189,"web|two_factor|medium|one_to_one",1.48759586773007,31.1992937718423
189,"mobile|simple|high|one_to_one",4.9258625303534,31.1992937718423
189,"mobile|simple|low|multi_person",4.79688845659444,31.1992937718423
189,"web|multi_factor|low|multi_person",2.63632884599711,31.1992937718423
189,"web|two_factor|medium|multi_person",0.231886220217908,31.1992937718423
189,"mobile|two_factor|low|one_to_one",6.50605718018191,31.1992937718423
189,"web|two_factor|high|one_to_one",2.55610903947257,31.1992937718423
189,"web|two_factor|low|one_to_one",3.68284461322577,31.1992937718423
190,"web|simple|low|multi_person",2.22306566557598,31.0165875261525
190,"mobile|two_factor|low|multi_person",5.05614310496203,31.0165875261525
190,"web|two_factor|low|multi_person",2.17411189582075,31.0165875261525
190,"mobile|multi_factor|low|multi_person",5.49583851791589,31.0165875261525
190,"mobile|simple|medium|multi_person",3.74120539665413,31.0165875261525
190,"mobile|multi_factor|medium|multi_person",4.13194703985276,31.0165875261525
190,"web|multi_factor|medium|multi_person",1.24991583071148,31.0165875261525
190,"mobile|simple|high|multi_person",3.40737875402708,31.0165875261525
190,"web|simple|high|multi_person",0.525347544885803,31.0165875261525
190,"mobile|two_factor|high|multi_person",3.35842498427185,31.0165875261525
190,"mobile|multi_factor|high|multi_person",3.79812039722571,31.0165875261525
190,"mobile|simple|low|one_to_one",6.85157956790068,31.0165875261525
190,"web|simple|low|one_to_one",3.9695483587594,31.0165875261525
190,"mobile|multi_factor|low|one_to_one",7.24232121109931,31.0165875261525
190,"web|multi_factor|low|one_to_one",4.36029000195803,31.0165875261525
190,"mobile|simple|medium|one_to_one",5.48768808983755,31.0165875261525
190,"mobile|two_factor|medium|one_to_one",5.43873432008232,31.0165875261525
190,"mobile|multi_factor|medium|one_to_one",5.87842973303618,31.0165875261525
190,"web|multi_factor|medium|one_to_one",2.9963985238949,31.0165875261525
190,"web|simple|high|one_to_one",2.27183023806923,31.0165875261525
190,"mobile|two_factor|high|one_to_one",5.10490767745528,31.0165875261525
190,"mobile|multi_factor|high|one_to_one",5.54460309040913,31.0165875261525
190,"web|multi_factor|high|one_to_one",2.66257188126785,31.0165875261525
190,"web|simple|medium|multi_person",0.859174187512848,31.0165875261525
190,"mobile|two_factor|medium|multi_person",3.6922516268989,31.0165875261525
190,"web|two_factor|high|multi_person",0.476393775130575,31.0165875261525
190,"web|multi_factor|high|multi_person",0.916089188084431,31.0165875261525
190,"web|simple|medium|one_to_one",2.60565688069627,31.0165875261525
190,"web|two_factor|medium|one_to_one",2.55670311094104,31.0165875261525
190,"mobile|simple|high|one_to_one",5.15386144721051,31.0165875261525
190,"mobile|simple|low|multi_person",5.10509687471726,31.0165875261525
190,"web|multi_factor|low|multi_person",2.61380730877461,31.0165875261525
190,"web|two_factor|medium|multi_person",0.81022041775762,31.0165875261525
190,"mobile|two_factor|low|one_to_one",6.80262579814545,31.0165875261525
190,"web|two_factor|high|one_to_one",2.222876468314,31.0165875261525
190,"web|two_factor|low|one_to_one",3.92059458900417,31.0165875261525
191,"web|simple|low|multi_person",1.74999883345873,30.0011898206596
191,"mobile|two_factor|low|multi_person",4.91380491919939,30.0011898206596
191,"web|two_factor|low|multi_person",1.09984052760759,30.0011898206596
191,"mobile|multi_factor|low|multi_person",6.70777912883435,30.0011898206596
191,"mobile|simple|medium|multi_person",3.4973607934916,30.0011898206596
191,"mobile|multi_factor|medium|multi_person",4.64117669727543,30.0011898206596
191,"web|multi_factor|medium|multi_person",0.827212305683632,30.0011898206596
191,"mobile|simple|high|multi_person",5.94534299927457,30.0011898206596
191,"web|simple|high|multi_person",2.13137860768277,30.0011898206596
191,"mobile|two_factor|high|multi_person",5.29518469342344,30.0011898206596
191,"mobile|multi_factor|high|multi_person",7.0891589030584,30.0011898206596
191,"mobile|simple|low|one_to_one",5.40450717197304,30.0011898206596
191,"web|simple|low|one_to_one",1.59054278038124,30.0011898206596
191,"mobile|multi_factor|low|one_to_one",6.54832307575687,30.0011898206596
191,"web|multi_factor|low|one_to_one",2.73435868416507,30.0011898206596
191,"mobile|simple|medium|one_to_one",3.33790474041411,30.0011898206596
191,"mobile|two_factor|medium|one_to_one",2.68774643456298,30.0011898206596
191,"mobile|multi_factor|medium|one_to_one",4.48172064419794,30.0011898206596
191,"web|multi_factor|medium|one_to_one",0.667756252606143,30.0011898206596
191,"web|simple|high|one_to_one",1.97192255460528,30.0011898206596
191,"mobile|two_factor|high|one_to_one",5.13572864034595,30.0011898206596
191,"mobile|multi_factor|high|one_to_one",6.92970284998091,30.0011898206596
191,"web|multi_factor|high|one_to_one",3.11573845838911,30.0011898206596
191,"web|simple|medium|multi_person",-0.316603598100196,30.0011898206596
191,"mobile|two_factor|medium|multi_person",2.84720248764047,30.0011898206596
191,"web|two_factor|high|multi_person",1.48122030183164,30.0011898206596
191,"web|multi_factor|high|multi_person",3.2751945114666,30.0011898206596
191,"web|simple|medium|one_to_one",-0.476059651177685,30.0011898206596
191,"web|two_factor|medium|one_to_one",-1.12621795702882,30.0011898206596
191,"mobile|simple|high|one_to_one",5.78588694619708,30.0011898206596
191,"mobile|simple|low|multi_person",5.56396322505053,30.0011898206596
191,"web|multi_factor|low|multi_person",2.89381473724255,30.0011898206596
191,"web|two_factor|medium|multi_person",-0.966761903951332,30.0011898206596
191,"mobile|two_factor|low|one_to_one",4.7543488661219,30.0011898206596
191,"web|two_factor|high|one_to_one",1.32176424875415,30.0011898206596
191,"web|two_factor|low|one_to_one",0.940384474530103,30.0011898206596
192,"web|simple|low|multi_person",2.86495451404726,31.3530470898787
192,"mobile|two_factor|low|multi_person",4.96986486720638,31.3530470898787
192,"web|two_factor|low|multi_person",2.68368970054107,31.3530470898787
192,"mobile|multi_factor|low|multi_person",4.98894424417015,31.3530470898787
192,"mobile|simple|medium|multi_person",3.84574446014616,31.3530470898787
192,"mobile|multi_factor|medium|multi_person",3.68355902360372,31.3530470898787
192,"web|multi_factor|medium|multi_person",1.3973838569384,31.3530470898787
192,"mobile|simple|high|multi_person",3.45422531906202,31.3530470898787
192,"web|simple|high|multi_person",1.1680501523967,31.3530470898787
192,"mobile|two_factor|high|multi_person",3.27296050555582,31.3530470898787
192,"mobile|multi_factor|high|multi_person",3.29203988251958,31.3530470898787
192,"mobile|simple|low|one_to_one",6.65442801392583,31.3530470898787
192,"web|simple|low|one_to_one",4.36825284726051,31.3530470898787
192,"mobile|multi_factor|low|one_to_one",6.4922425773834,31.3530470898787
192,"web|multi_factor|low|one_to_one",4.20606741071808,31.3530470898787
192,"mobile|simple|medium|one_to_one",5.34904279335941,31.3530470898787
192,"mobile|two_factor|medium|one_to_one",5.16777797985321,31.3530470898787
192,"mobile|multi_factor|medium|one_to_one",5.18685735681697,31.3530470898787
192,"web|multi_factor|medium|one_to_one",2.90068219015165,31.3530470898787
192,"web|simple|high|one_to_one",2.67134848560995,31.3530470898787
192,"mobile|two_factor|high|one_to_one",4.77625883876907,31.3530470898787
192,"mobile|multi_factor|high|one_to_one",4.79533821573283,31.3530470898787
192,"web|multi_factor|high|one_to_one",2.50916304906751,31.3530470898787
192,"web|simple|medium|multi_person",1.55956929348084,31.3530470898787
192,"mobile|two_factor|medium|multi_person",3.66447964663996,31.3530470898787
192,"web|two_factor|high|multi_person",0.9867853388905,31.3530470898787
192,"web|multi_factor|high|multi_person",1.00586471585426,31.3530470898787
192,"web|simple|medium|one_to_one",3.06286762669409,31.3530470898787
192,"web|two_factor|medium|one_to_one",2.88160281318789,31.3530470898787
192,"mobile|simple|high|one_to_one",4.95752365227527,31.3530470898787
192,"mobile|simple|low|multi_person",5.15112968071258,31.3530470898787
192,"web|multi_factor|low|multi_person",2.70276907750483,31.3530470898787
192,"web|two_factor|medium|multi_person",1.37830447997464,31.3530470898787
192,"mobile|two_factor|low|one_to_one",6.47316320041964,31.3530470898787
192,"web|two_factor|high|one_to_one",2.49008367210375,31.3530470898787
192,"web|two_factor|low|one_to_one",4.18698803375432,31.3530470898787
194,"web|simple|low|multi_person",2.16471268798753,30.7612763806133
194,"mobile|two_factor|low|multi_person",4.60207410331317,30.7612763806133
194,"web|two_factor|low|multi_person",2.37346994317131,30.7612763806133
194,"mobile|multi_factor|low|multi_person",5.12508990833093,30.7612763806133
194,"mobile|simple|medium|multi_person",2.35139902511093,30.7612763806133
194,"mobile|multi_factor|medium|multi_person",3.08317208531248,30.7612763806133
194,"web|multi_factor|medium|multi_person",0.854567925170619,30.7612763806133
194,"mobile|simple|high|multi_person",2.85672334966124,30.7612763806133
194,"web|simple|high|multi_person",0.628119189519376,30.7612763806133
194,"mobile|two_factor|high|multi_person",3.06548060484503,30.7612763806133
194,"mobile|multi_factor|high|multi_person",3.58849640986278,30.7612763806133
194,"mobile|simple|low|one_to_one",6.66770585094599,30.7612763806133
194,"web|simple|low|one_to_one",4.43910169080413,30.7612763806133
194,"mobile|multi_factor|low|one_to_one",7.39947891114753,30.7612763806133
194,"web|multi_factor|low|one_to_one",5.17087475100567,30.7612763806133
194,"mobile|simple|medium|one_to_one",4.62578802792753,30.7612763806133
194,"mobile|two_factor|medium|one_to_one",4.83454528311132,30.7612763806133
194,"mobile|multi_factor|medium|one_to_one",5.35756108812908,30.7612763806133
194,"web|multi_factor|medium|one_to_one",3.12895692798722,30.7612763806133
194,"web|simple|high|one_to_one",2.90250819233598,30.7612763806133
194,"mobile|two_factor|high|one_to_one",5.33986960766163,30.7612763806133
194,"mobile|multi_factor|high|one_to_one",5.86288541267938,30.7612763806133
194,"web|multi_factor|high|one_to_one",3.63428125253752,30.7612763806133
194,"web|simple|medium|multi_person",0.122794864969075,30.7612763806133
194,"mobile|two_factor|medium|multi_person",2.56015628029472,30.7612763806133
194,"web|two_factor|high|multi_person",0.836876444703165,30.7612763806133
194,"web|multi_factor|high|multi_person",1.35989224972092,30.7612763806133
194,"web|simple|medium|one_to_one",2.39718386778567,30.7612763806133
194,"web|two_factor|medium|one_to_one",2.60594112296946,30.7612763806133
194,"mobile|simple|high|one_to_one",5.13111235247784,30.7612763806133
194,"mobile|simple|low|multi_person",4.39331684812939,30.7612763806133
194,"web|multi_factor|low|multi_person",2.89648574818907,30.7612763806133
194,"web|two_factor|medium|multi_person",0.331552120152864,30.7612763806133
194,"mobile|two_factor|low|one_to_one",6.87646310612978,30.7612763806133
194,"web|two_factor|high|one_to_one",3.11126544751976,30.7612763806133
194,"web|two_factor|low|one_to_one",4.64785894598791,30.7612763806133
195,"web|simple|low|multi_person",2.82353021711155,31.3940078109955
195,"mobile|two_factor|low|multi_person",4.14910679260862,31.3940078109955
195,"web|two_factor|low|multi_person",1.26256424204522,31.3940078109955
195,"mobile|multi_factor|low|multi_person",4.62463717267387,31.3940078109955
195,"mobile|simple|medium|multi_person",5.26842164587346,31.3940078109955
195,"mobile|multi_factor|medium|multi_person",4.18298605087239,31.3940078109955
195,"web|multi_factor|medium|multi_person",1.29644350030899,31.3940078109955
195,"mobile|simple|high|multi_person",5.12178526714946,31.3940078109955
195,"web|simple|high|multi_person",2.23524271658606,31.3940078109955
195,"mobile|two_factor|high|multi_person",3.56081929208314,31.3940078109955
195,"mobile|multi_factor|high|multi_person",4.03634967214839,31.3940078109955
195,"mobile|simple|low|one_to_one",6.67865994788694,31.3940078109955
195,"web|simple|low|one_to_one",3.79211739732354,31.3940078109955
195,"mobile|multi_factor|low|one_to_one",5.59322435288586,31.3940078109955
195,"web|multi_factor|low|one_to_one",2.70668180232246,31.3940078109955
195,"mobile|simple|medium|one_to_one",6.23700882608546,31.3940078109955
195,"mobile|two_factor|medium|one_to_one",4.67604285101913,31.3940078109955
195,"mobile|multi_factor|medium|one_to_one",5.15157323108438,31.3940078109955
195,"web|multi_factor|medium|one_to_one",2.26503068052098,31.3940078109955
195,"web|simple|high|one_to_one",3.20382989679806,31.3940078109955
195,"mobile|two_factor|high|one_to_one",4.52940647229513,31.3940078109955
195,"mobile|multi_factor|high|one_to_one",5.00493685236038,31.3940078109955
195,"web|multi_factor|high|one_to_one",2.11839430179698,31.3940078109955
195,"web|simple|medium|multi_person",2.38187909531006,31.3940078109955
195,"mobile|two_factor|medium|multi_person",3.70745567080714,31.3940078109955
195,"web|two_factor|high|multi_person",0.674276741519737,31.3940078109955
195,"web|multi_factor|high|multi_person",1.14980712158499,31.3940078109955
195,"web|simple|medium|one_to_one",3.35046627552206,31.3940078109955
195,"web|two_factor|medium|one_to_one",1.78950030045573,31.3940078109955
195,"mobile|simple|high|one_to_one",6.09037244736146,31.3940078109955
195,"mobile|simple|low|multi_person",5.71007276767495,31.3940078109955
195,"web|multi_factor|low|multi_person",1.73809462211047,31.3940078109955
195,"web|two_factor|medium|multi_person",0.820913120243737,31.3940078109955
195,"mobile|two_factor|low|one_to_one",5.11769397282061,31.3940078109955
195,"web|two_factor|high|one_to_one",1.64286392173173,31.3940078109955
195,"web|two_factor|low|one_to_one",2.23115142225721,31.3940078109955
196,"web|simple|low|multi_person",1.95170947249928,31.0894451032959
196,"mobile|two_factor|low|multi_person",4.63686910680221,31.0894451032959
196,"web|two_factor|low|multi_person",1.12064127778559,31.0894451032959
196,"mobile|multi_factor|low|multi_person",5.40763185683943,31.0894451032959
196,"mobile|simple|medium|multi_person",4.32526631167027,31.0894451032959
196,"mobile|multi_factor|medium|multi_person",4.2649608669938,31.0894451032959
196,"web|multi_factor|medium|multi_person",0.748733037977175,31.0894451032959
196,"mobile|simple|high|multi_person",4.55583220763552,31.0894451032959
196,"web|simple|high|multi_person",1.0396043786189,31.0894451032959
196,"mobile|two_factor|high|multi_person",3.72476401292182,31.0894451032959
196,"mobile|multi_factor|high|multi_person",4.49552676295904,31.0894451032959
196,"mobile|simple|low|one_to_one",7.25268437675071,31.0894451032959
196,"web|simple|low|one_to_one",3.73645654773409,31.0894451032959
196,"mobile|multi_factor|low|one_to_one",7.19237893207423,31.0894451032959
196,"web|multi_factor|low|one_to_one",3.67615110305761,31.0894451032959
196,"mobile|simple|medium|one_to_one",6.11001338690507,31.0894451032959
196,"mobile|two_factor|medium|one_to_one",5.27894519219138,31.0894451032959
196,"mobile|multi_factor|medium|one_to_one",6.0497079422286,31.0894451032959
196,"web|multi_factor|medium|one_to_one",2.53348011321198,31.0894451032959
196,"web|simple|high|one_to_one",2.8243514538537,31.0894451032959
196,"mobile|two_factor|high|one_to_one",5.50951108815663,31.0894451032959
196,"mobile|multi_factor|high|one_to_one",6.28027383819385,31.0894451032959
196,"web|multi_factor|high|one_to_one",2.76404600917723,31.0894451032959
196,"web|simple|medium|multi_person",0.809038482653648,31.0894451032959
196,"mobile|two_factor|medium|multi_person",3.49419811695658,31.0894451032959
196,"web|two_factor|high|multi_person",0.208536183905205,31.0894451032959
196,"web|multi_factor|high|multi_person",0.979298933942423,31.0894451032959
196,"web|simple|medium|one_to_one",2.59378555788845,31.0894451032959
196,"web|two_factor|medium|one_to_one",1.76271736317476,31.0894451032959
196,"mobile|simple|high|one_to_one",6.34057928287032,31.0894451032959
196,"mobile|simple|low|multi_person",5.4679373015159,31.0894451032959
196,"web|multi_factor|low|multi_person",1.89140402782281,31.0894451032959
196,"web|two_factor|medium|multi_person",-0.0220297120600428,31.0894451032959
196,"mobile|two_factor|low|one_to_one",6.42161618203702,31.0894451032959
196,"web|two_factor|high|one_to_one",1.99328325914001,31.0894451032959
196,"web|two_factor|low|one_to_one",2.9053883530204,31.0894451032959
197,"web|simple|low|multi_person",3.79051284162391,31.0772497629485
197,"mobile|two_factor|low|multi_person",4.92943344492383,31.0772497629485
197,"web|two_factor|low|multi_person",2.57426611947855,31.0772497629485
197,"mobile|multi_factor|low|multi_person",5.15247336402579,31.0772497629485
197,"mobile|simple|medium|multi_person",3.89617315654046,31.0772497629485
197,"mobile|multi_factor|medium|multi_person",2.90296635349705,31.0772497629485
197,"web|multi_factor|medium|multi_person",0.547799028051774,31.0772497629485
197,"mobile|simple|high|multi_person",4.29032274108104,31.0772497629485
197,"web|simple|high|multi_person",1.93515541563576,31.0772497629485
197,"mobile|two_factor|high|multi_person",3.07407601893567,31.0772497629485
197,"mobile|multi_factor|high|multi_person",3.29711593803763,31.0772497629485
197,"mobile|simple|low|one_to_one",7.57881474664538,31.0772497629485
197,"web|simple|low|one_to_one",5.2236474212001,31.0772497629485
197,"mobile|multi_factor|low|one_to_one",6.58560794360198,31.0772497629485
197,"web|multi_factor|low|one_to_one",4.2304406181567,31.0772497629485
197,"mobile|simple|medium|one_to_one",5.32930773611665,31.0772497629485
197,"mobile|two_factor|medium|one_to_one",4.11306101397128,31.0772497629485
197,"mobile|multi_factor|medium|one_to_one",4.33610093307324,31.0772497629485
197,"web|multi_factor|medium|one_to_one",1.98093360762796,31.0772497629485
197,"web|simple|high|one_to_one",3.36828999521195,31.0772497629485
197,"mobile|two_factor|high|one_to_one",4.50721059851186,31.0772497629485
197,"mobile|multi_factor|high|one_to_one",4.73025051761382,31.0772497629485
197,"web|multi_factor|high|one_to_one",2.37508319216854,31.0772497629485
197,"web|simple|medium|multi_person",1.54100583109518,31.0772497629485
197,"mobile|two_factor|medium|multi_person",2.67992643439509,31.0772497629485
197,"web|two_factor|high|multi_person",0.718908693490391,31.0772497629485
197,"web|multi_factor|high|multi_person",0.941948612592352,31.0772497629485
197,"web|simple|medium|one_to_one",2.97414041067137,31.0772497629485
197,"web|two_factor|medium|one_to_one",1.757893688526,31.0772497629485
197,"mobile|simple|high|one_to_one",5.72345732065723,31.0772497629485
197,"mobile|simple|low|multi_person",6.14568016706919,31.0772497629485
197,"web|multi_factor|low|multi_person",2.79730603858051,31.0772497629485
197,"web|two_factor|medium|multi_person",0.324759108949813,31.0772497629485
197,"mobile|two_factor|low|one_to_one",6.36256802450001,31.0772497629485
197,"web|two_factor|high|one_to_one",2.15204327306658,31.0772497629485
197,"web|two_factor|low|one_to_one",4.00740069905474,31.0772497629485
198,"web|simple|low|multi_person",3.16934714478916,31.1781839938124
198,"mobile|two_factor|low|multi_person",4.98908977704413,31.1781839938124
198,"web|two_factor|low|multi_person",2.09700190361375,31.1781839938124
198,"mobile|multi_factor|low|multi_person",6.39133490377676,31.1781839938124
198,"mobile|simple|medium|multi_person",4.47562403053766,31.1781839938124
198,"mobile|multi_factor|medium|multi_person",4.80552391609488,31.1781839938124
198,"web|multi_factor|medium|multi_person",1.9134360426645,31.1781839938124
198,"mobile|simple|high|multi_person",3.91866295396044,31.1781839938124
198,"web|simple|high|multi_person",1.02657508053006,31.1781839938124
198,"mobile|two_factor|high|multi_person",2.84631771278503,31.1781839938124
198,"mobile|multi_factor|high|multi_person",4.24856283951765,31.1781839938124
198,"mobile|simple|low|one_to_one",6.67713952823785,31.1781839938124
198,"web|simple|low|one_to_one",3.78505165480747,31.1781839938124
198,"mobile|multi_factor|low|one_to_one",7.00703941379506,31.1781839938124
198,"web|multi_factor|low|one_to_one",4.11495154036469,31.1781839938124
198,"mobile|simple|medium|one_to_one",5.09132854055597,31.1781839938124
198,"mobile|two_factor|medium|one_to_one",4.01898329938056,31.1781839938124
198,"mobile|multi_factor|medium|one_to_one",5.42122842611319,31.1781839938124
198,"web|multi_factor|medium|one_to_one",2.52914055268281,31.1781839938124
198,"web|simple|high|one_to_one",1.64227959054837,31.1781839938124
198,"mobile|two_factor|high|one_to_one",3.46202222280334,31.1781839938124
198,"mobile|multi_factor|high|one_to_one",4.86426734953596,31.1781839938124
198,"web|multi_factor|high|one_to_one",1.97217947610558,31.1781839938124
198,"web|simple|medium|multi_person",1.58353615710728,31.1781839938124
198,"mobile|two_factor|medium|multi_person",3.40327878936225,31.1781839938124
198,"web|two_factor|high|multi_person",-0.045770160645354,31.1781839938124
198,"web|multi_factor|high|multi_person",1.35647496608727,31.1781839938124
198,"web|simple|medium|one_to_one",2.19924066712559,31.1781839938124
198,"web|two_factor|medium|one_to_one",1.12689542595018,31.1781839938124
198,"mobile|simple|high|one_to_one",4.53436746397875,31.1781839938124
198,"mobile|simple|low|multi_person",6.06143501821954,31.1781839938124
198,"web|multi_factor|low|multi_person",3.49924703034638,31.1781839938124
198,"web|two_factor|medium|multi_person",0.511190915931873,31.1781839938124
198,"mobile|two_factor|low|one_to_one",5.60479428706244,31.1781839938124
198,"web|two_factor|high|one_to_one",0.569934349372956,31.1781839938124
198,"web|two_factor|low|one_to_one",2.71270641363206,31.1781839938124
199,"web|simple|low|multi_person",2.44578101717954,30.8653888528824
199,"mobile|two_factor|low|multi_person",4.26772132660987,30.8653888528824
199,"web|two_factor|low|multi_person",2.65750434710928,30.8653888528824
199,"mobile|multi_factor|low|multi_person",6.40489802478341,30.8653888528824
199,"mobile|simple|medium|multi_person",1.94064222894637,30.8653888528824
199,"mobile|multi_factor|medium|multi_person",4.28954225704965,30.8653888528824
199,"web|multi_factor|medium|multi_person",2.67932527754906,30.8653888528824
199,"mobile|simple|high|multi_person",2.08336427615042,30.8653888528824
199,"web|simple|high|multi_person",0.473147296649825,30.8653888528824
199,"mobile|two_factor|high|multi_person",2.29508760608016,30.8653888528824
199,"mobile|multi_factor|high|multi_person",4.4322643042537,30.8653888528824
199,"mobile|simple|low|one_to_one",4.93196022718508,30.8653888528824
199,"web|simple|low|one_to_one",3.32174324768449,30.8653888528824
199,"mobile|multi_factor|low|one_to_one",7.28086025528837,30.8653888528824
199,"web|multi_factor|low|one_to_one",5.67064327578777,30.8653888528824
199,"mobile|simple|medium|one_to_one",2.81660445945132,30.8653888528824
199,"mobile|two_factor|medium|one_to_one",3.02832778938106,30.8653888528824
199,"mobile|multi_factor|medium|one_to_one",5.1655044875546,30.8653888528824
199,"web|multi_factor|medium|one_to_one",3.55528750805401,30.8653888528824
199,"web|simple|high|one_to_one",1.34910952715478,30.8653888528824
199,"mobile|two_factor|high|one_to_one",3.17104983658511,30.8653888528824
199,"mobile|multi_factor|high|one_to_one",5.30822653475865,30.8653888528824
199,"web|multi_factor|high|one_to_one",3.69800955525806,30.8653888528824
199,"web|simple|medium|multi_person",0.330425249445775,30.8653888528824
199,"mobile|two_factor|medium|multi_person",2.15236555887611,30.8653888528824
199,"web|two_factor|high|multi_person",0.684870626579566,30.8653888528824
199,"web|multi_factor|high|multi_person",2.82204732475311,30.8653888528824
199,"web|simple|medium|one_to_one",1.20638747995073,30.8653888528824
199,"web|two_factor|medium|one_to_one",1.41811080988047,30.8653888528824
199,"mobile|simple|high|one_to_one",2.95932650665537,30.8653888528824
199,"mobile|simple|low|multi_person",4.05599799668013,30.8653888528824
199,"web|multi_factor|low|multi_person",4.79468104528282,30.8653888528824
199,"web|two_factor|medium|multi_person",0.542148579375516,30.8653888528824
199,"mobile|two_factor|low|one_to_one",5.14368355711482,30.8653888528824
199,"web|two_factor|high|one_to_one",1.56083285708452,30.8653888528824
199,"web|two_factor|low|one_to_one",3.53346657761423,30.8653888528824
200,"web|simple|low|multi_person",1.64876113929828,30.955483317264
200,"mobile|two_factor|low|multi_person",4.79373860304923,30.955483317264
200,"web|two_factor|low|multi_person",1.25439311191353,30.955483317264
200,"mobile|multi_factor|low|multi_person",5.26431752368526,30.955483317264
200,"mobile|simple|medium|multi_person",4.12425669449521,30.955483317264
200,"mobile|multi_factor|medium|multi_person",4.2004675877465,30.955483317264
200,"web|multi_factor|medium|multi_person",0.661122096610794,30.955483317264
200,"mobile|simple|high|multi_person",3.99438281435757,30.955483317264
200,"web|simple|high|multi_person",0.455037323221868,30.955483317264
200,"mobile|two_factor|high|multi_person",3.60001478697282,30.955483317264
200,"mobile|multi_factor|high|multi_person",4.07059370760885,30.955483317264
200,"mobile|simple|low|one_to_one",7.16327375487418,30.955483317264
200,"web|simple|low|one_to_one",3.62392826373848,30.955483317264
200,"mobile|multi_factor|low|one_to_one",7.23948464812546,30.955483317264
200,"web|multi_factor|low|one_to_one",3.70013915698976,30.955483317264
200,"mobile|simple|medium|one_to_one",6.09942381893541,30.955483317264
200,"mobile|two_factor|medium|one_to_one",5.70505579155066,30.955483317264
200,"mobile|multi_factor|medium|one_to_one",6.17563471218669,30.955483317264
200,"web|multi_factor|medium|one_to_one",2.63628922105099,30.955483317264
200,"web|simple|high|one_to_one",2.43020444766207,30.955483317264
200,"mobile|two_factor|high|one_to_one",5.57518191141302,30.955483317264
200,"mobile|multi_factor|high|one_to_one",6.04576083204905,30.955483317264
200,"web|multi_factor|high|one_to_one",2.50641534091335,30.955483317264
200,"web|simple|medium|multi_person",0.58491120335951,30.955483317264
200,"mobile|two_factor|medium|multi_person",3.72988866711046,30.955483317264
200,"web|two_factor|high|multi_person",0.06066929583712,30.955483317264
200,"web|multi_factor|high|multi_person",0.531248216473152,30.955483317264
200,"web|simple|medium|one_to_one",2.56007832779971,30.955483317264
200,"web|two_factor|medium|one_to_one",2.16571030041496,30.955483317264
200,"mobile|simple|high|one_to_one",5.96954993879777,30.955483317264
200,"mobile|simple|low|multi_person",5.18810663043398,30.955483317264
200,"web|multi_factor|low|multi_person",1.72497203254956,30.955483317264
200,"web|two_factor|medium|multi_person",0.190543175974762,30.955483317264
200,"mobile|two_factor|low|one_to_one",6.76890572748943,30.955483317264
200,"web|two_factor|high|one_to_one",2.03583642027732,30.955483317264
200,"web|two_factor|low|one_to_one",3.22956023635373,30.955483317264
201,"web|simple|low|multi_person",2.16019624066287,30.4847537007487
201,"mobile|two_factor|low|multi_person",4.5199437339221,30.4847537007487
201,"web|two_factor|low|multi_person",1.03091518326902,30.4847537007487
201,"mobile|multi_factor|low|multi_person",6.92860431887002,30.4847537007487
201,"mobile|simple|medium|multi_person",4.55809034528471,30.4847537007487
201,"mobile|multi_factor|medium|multi_person",5.83746987283878,30.4847537007487
201,"web|multi_factor|medium|multi_person",2.3484413221857,30.4847537007487
201,"mobile|simple|high|multi_person",3.46100845421887,30.4847537007487
201,"web|simple|high|multi_person",-0.0280200964342079,30.4847537007487
201,"mobile|two_factor|high|multi_person",2.33172739682502,30.4847537007487
201,"mobile|multi_factor|high|multi_person",4.74038798177294,30.4847537007487
201,"mobile|simple|low|one_to_one",6.98617373160885,30.4847537007487
201,"web|simple|low|one_to_one",3.49714518095577,30.4847537007487
201,"mobile|multi_factor|low|one_to_one",8.26555325916292,30.4847537007487
201,"web|multi_factor|low|one_to_one",4.77652470850984,30.4847537007487
201,"mobile|simple|medium|one_to_one",5.89503928557761,30.4847537007487
201,"mobile|two_factor|medium|one_to_one",4.76575822818376,30.4847537007487
201,"mobile|multi_factor|medium|one_to_one",7.17441881313168,30.4847537007487
201,"web|multi_factor|medium|one_to_one",3.6853902624786,30.4847537007487
201,"web|simple|high|one_to_one",1.30892884385869,30.4847537007487
201,"mobile|two_factor|high|one_to_one",3.66867633711792,30.4847537007487
201,"mobile|multi_factor|high|one_to_one",6.07733692206584,30.4847537007487
201,"web|multi_factor|high|one_to_one",2.58830837141276,30.4847537007487
201,"web|simple|medium|multi_person",1.06906179463163,30.4847537007487
201,"mobile|two_factor|medium|multi_person",3.42880928789086,30.4847537007487
201,"web|two_factor|high|multi_person",-1.15730115382806,30.4847537007487
201,"web|multi_factor|high|multi_person",1.25135943111986,30.4847537007487
201,"web|simple|medium|one_to_one",2.40601073492453,30.4847537007487
201,"web|two_factor|medium|one_to_one",1.27672967753068,30.4847537007487
201,"mobile|simple|high|one_to_one",4.79795739451177,30.4847537007487
201,"mobile|simple|low|multi_person",5.64922479131595,30.4847537007487
201,"web|multi_factor|low|multi_person",3.43957576821694,30.4847537007487
201,"web|two_factor|medium|multi_person",-0.0602192627622196,30.4847537007487
201,"mobile|two_factor|low|one_to_one",5.856892674215,30.4847537007487
201,"web|two_factor|high|one_to_one",0.179647786464838,30.4847537007487
201,"web|two_factor|low|one_to_one",2.36786412356192,30.4847537007487
202,"web|simple|low|multi_person",1.53417217394924,31.0404702514065
202,"mobile|two_factor|low|multi_person",4.25546170370924,31.0404702514065
202,"web|two_factor|low|multi_person",1.32573910563502,31.0404702514065
202,"mobile|multi_factor|low|multi_person",6.81078699801037,31.0404702514065
202,"mobile|simple|medium|multi_person",3.5928722912686,31.0404702514065
202,"mobile|multi_factor|medium|multi_person",5.93976451725551,31.0404702514065
202,"web|multi_factor|medium|multi_person",3.01004191918129,31.0404702514065
202,"mobile|simple|high|multi_person",3.0550199948053,31.0404702514065
202,"web|simple|high|multi_person",0.125297396731077,31.0404702514065
202,"mobile|two_factor|high|multi_person",2.84658692649108,31.0404702514065
202,"mobile|multi_factor|high|multi_person",5.40191222079221,31.0404702514065
202,"mobile|simple|low|one_to_one",5.40007711222756,31.0404702514065
202,"web|simple|low|one_to_one",2.47035451415334,31.0404702514065
202,"mobile|multi_factor|low|one_to_one",7.74696933821448,31.0404702514065
202,"web|multi_factor|low|one_to_one",4.81724674014026,31.0404702514065
202,"mobile|simple|medium|one_to_one",4.5290546314727,31.0404702514065
202,"mobile|two_factor|medium|one_to_one",4.32062156315849,31.0404702514065
202,"mobile|multi_factor|medium|one_to_one",6.87594685745961,31.0404702514065
202,"web|multi_factor|medium|one_to_one",3.9462242593854,31.0404702514065
202,"web|simple|high|one_to_one",1.06147973693518,31.0404702514065
202,"mobile|two_factor|high|one_to_one",3.78276926669519,31.0404702514065
202,"mobile|multi_factor|high|one_to_one",6.33809456099632,31.0404702514065
202,"web|multi_factor|high|one_to_one",3.4083719629221,31.0404702514065
202,"web|simple|medium|multi_person",0.663149693194376,31.0404702514065
202,"mobile|two_factor|medium|multi_person",3.38443922295438,31.0404702514065
202,"web|two_factor|high|multi_person",-0.0831356715831371,31.0404702514065
202,"web|multi_factor|high|multi_person",2.47218962271799,31.0404702514065
202,"web|simple|medium|one_to_one",1.59933203339848,31.0404702514065
202,"web|two_factor|medium|one_to_one",1.39089896508427,31.0404702514065
202,"mobile|simple|high|one_to_one",3.9912023350094,31.0404702514065
202,"mobile|simple|low|multi_person",4.46389477202346,31.0404702514065
202,"web|multi_factor|low|multi_person",3.88106439993615,31.0404702514065
202,"web|two_factor|medium|multi_person",0.454716624880162,31.0404702514065
202,"mobile|two_factor|low|one_to_one",5.19164404391335,31.0404702514065
202,"web|two_factor|high|one_to_one",0.853046668620969,31.0404702514065
202,"web|two_factor|low|one_to_one",2.26192144583913,31.0404702514065
203,"web|simple|low|multi_person",1.65579106090795,30.8186441484605
203,"mobile|two_factor|low|multi_person",4.60175239382034,30.8186441484605
203,"web|two_factor|low|multi_person",1.587033987644,30.8186441484605
203,"mobile|multi_factor|low|multi_person",4.97387435989681,30.8186441484605
203,"mobile|simple|medium|multi_person",3.92644885798159,30.8186441484605
203,"mobile|multi_factor|medium|multi_person",4.22981375079411,30.8186441484605
203,"web|multi_factor|medium|multi_person",1.21509534461777,30.8186441484605
203,"mobile|simple|high|multi_person",3.32784570648909,30.8186441484605
203,"web|simple|high|multi_person",0.313127300312753,30.8186441484605
203,"mobile|two_factor|high|multi_person",3.25908863322514,30.8186441484605
203,"mobile|multi_factor|high|multi_person",3.63121059930162,30.8186441484605
203,"mobile|simple|low|one_to_one",6.80833100701107,30.8186441484605
203,"web|simple|low|one_to_one",3.79361260083473,30.8186441484605
203,"mobile|multi_factor|low|one_to_one",7.11169589982359,30.8186441484605
203,"web|multi_factor|low|one_to_one",4.09697749364725,30.8186441484605
203,"mobile|simple|medium|one_to_one",6.06427039790837,30.8186441484605
203,"mobile|two_factor|medium|one_to_one",5.99551332464442,30.8186441484605
203,"mobile|multi_factor|medium|one_to_one",6.3676352907209,30.8186441484605
203,"web|multi_factor|medium|one_to_one",3.35291688454455,30.8186441484605
203,"web|simple|high|one_to_one",2.45094884023953,30.8186441484605
203,"mobile|two_factor|high|one_to_one",5.39691017315192,30.8186441484605
203,"mobile|multi_factor|high|one_to_one",5.7690321392284,30.8186441484605
203,"web|multi_factor|high|one_to_one",2.75431373305206,30.8186441484605
203,"web|simple|medium|multi_person",0.911730451805252,30.8186441484605
203,"mobile|two_factor|medium|multi_person",3.85769178471764,30.8186441484605
203,"web|two_factor|high|multi_person",0.244370227048802,30.8186441484605
203,"web|multi_factor|high|multi_person",0.616492193125275,30.8186441484605
203,"web|simple|medium|one_to_one",3.04955199173203,30.8186441484605
203,"web|two_factor|medium|one_to_one",2.98079491846808,30.8186441484605
203,"mobile|simple|high|one_to_one",5.46566724641587,30.8186441484605
203,"mobile|simple|low|multi_person",4.67050946708429,30.8186441484605
203,"web|multi_factor|low|multi_person",1.95915595372047,30.8186441484605
203,"web|two_factor|medium|multi_person",0.842973378541301,30.8186441484605
203,"mobile|two_factor|low|one_to_one",6.73957393374712,30.8186441484605
203,"web|two_factor|high|one_to_one",2.38219176697558,30.8186441484605
203,"web|two_factor|low|one_to_one",3.72485552757078,30.8186441484605
205,"web|simple|low|multi_person",0.999930166553111,30.7244552857475
205,"mobile|two_factor|low|multi_person",4.07813300342863,30.7244552857475
205,"web|two_factor|low|multi_person",2.25194734311768,30.7244552857475
205,"mobile|multi_factor|low|multi_person",5.05786373805225,30.7244552857475
205,"mobile|simple|medium|multi_person",2.04914367532668,30.7244552857475
205,"mobile|multi_factor|medium|multi_person",4.28089158651487,30.7244552857475
205,"web|multi_factor|medium|multi_person",2.45470592620392,30.7244552857475
205,"mobile|simple|high|multi_person",1.14335593916649,30.7244552857475
205,"web|simple|high|multi_person",-0.682829721144461,30.7244552857475
205,"mobile|two_factor|high|multi_person",2.39537311573105,30.7244552857475
205,"mobile|multi_factor|high|multi_person",3.37510385035468,30.7244552857475
205,"mobile|simple|low|one_to_one",5.22656024998382,30.7244552857475
205,"web|simple|low|one_to_one",3.40037458967287,30.7244552857475
205,"mobile|multi_factor|low|one_to_one",7.45830816117201,30.7244552857475
205,"web|multi_factor|low|one_to_one",5.63212250086106,30.7244552857475
205,"mobile|simple|medium|one_to_one",4.44958809844644,30.7244552857475
205,"mobile|two_factor|medium|one_to_one",5.701605275011,30.7244552857475
205,"mobile|multi_factor|medium|one_to_one",6.68133600963463,30.7244552857475
205,"web|multi_factor|medium|one_to_one",4.85515034932368,30.7244552857475
205,"web|simple|high|one_to_one",1.7176147019753,30.7244552857475
205,"mobile|two_factor|high|one_to_one",4.79581753885081,30.7244552857475
205,"mobile|multi_factor|high|one_to_one",5.77554827347444,30.7244552857475
205,"web|multi_factor|high|one_to_one",3.94936261316349,30.7244552857475
205,"web|simple|medium|multi_person",0.222958015015725,30.7244552857475
205,"mobile|two_factor|medium|multi_person",3.30116085189124,30.7244552857475
205,"web|two_factor|high|multi_person",0.569187455420103,30.7244552857475
205,"web|multi_factor|high|multi_person",1.54891819004373,30.7244552857475
205,"web|simple|medium|one_to_one",2.62340243813549,30.7244552857475
205,"web|two_factor|medium|one_to_one",3.87541961470005,30.7244552857475
205,"mobile|simple|high|one_to_one",3.54380036228625,30.7244552857475
205,"mobile|simple|low|multi_person",2.82611582686406,30.7244552857475
205,"web|multi_factor|low|multi_person",3.2316780777413,30.7244552857475
205,"web|two_factor|medium|multi_person",1.47497519158029,30.7244552857475
205,"mobile|two_factor|low|one_to_one",6.47857742654839,30.7244552857475
205,"web|two_factor|high|one_to_one",2.96963187853986,30.7244552857475
205,"web|two_factor|low|one_to_one",4.65239176623744,30.7244552857475
206,"web|simple|low|multi_person",2.26280230985279,31.0880137199871
206,"mobile|two_factor|low|multi_person",4.42503185135142,31.0880137199871
206,"web|two_factor|low|multi_person",1.3286195038693,31.0880137199871
206,"mobile|multi_factor|low|multi_person",5.38980559068149,31.0880137199871
206,"mobile|simple|medium|multi_person",4.36372706416489,31.0880137199871
206,"mobile|multi_factor|medium|multi_person",4.39431799751147,31.0880137199871
206,"web|multi_factor|medium|multi_person",1.29790565002935,31.0880137199871
206,"mobile|simple|high|multi_person",3.80488890155813,31.0880137199871
206,"web|simple|high|multi_person",0.708476554076008,31.0880137199871
206,"mobile|two_factor|high|multi_person",2.87070609557463,31.0880137199871
206,"mobile|multi_factor|high|multi_person",3.8354798349047,31.0880137199871
206,"mobile|simple|low|one_to_one",7.15944152864457,31.0880137199871
206,"web|simple|low|one_to_one",4.06302918116245,31.0880137199871
206,"mobile|multi_factor|low|one_to_one",7.19003246199115,31.0880137199871
206,"web|multi_factor|low|one_to_one",4.09362011450903,31.0880137199871
206,"mobile|simple|medium|one_to_one",6.16395393547455,31.0880137199871
206,"mobile|two_factor|medium|one_to_one",5.22977112949105,31.0880137199871
206,"mobile|multi_factor|medium|one_to_one",6.19454486882113,31.0880137199871
206,"web|multi_factor|medium|one_to_one",3.09813252133901,31.0880137199871
206,"web|simple|high|one_to_one",2.50870342538567,31.0880137199871
206,"mobile|two_factor|high|one_to_one",4.67093296688429,31.0880137199871
206,"mobile|multi_factor|high|one_to_one",5.63570670621436,31.0880137199871
206,"web|multi_factor|high|one_to_one",2.53929435873224,31.0880137199871
206,"web|simple|medium|multi_person",1.26731471668277,31.0880137199871
206,"mobile|two_factor|medium|multi_person",3.4295442581814,31.0880137199871
206,"web|two_factor|high|multi_person",-0.22570625190749,31.0880137199871
206,"web|multi_factor|high|multi_person",0.739067487422585,31.0880137199871
206,"web|simple|medium|one_to_one",3.06754158799243,31.0880137199871
206,"web|two_factor|medium|one_to_one",2.13335878200893,31.0880137199871
206,"mobile|simple|high|one_to_one",5.60511577286779,31.0880137199871
206,"mobile|simple|low|multi_person",5.35921465733491,31.0880137199871
206,"web|multi_factor|low|multi_person",2.29339324319937,31.0880137199871
206,"web|two_factor|medium|multi_person",0.333131910699276,31.0880137199871
206,"mobile|two_factor|low|one_to_one",6.22525872266107,31.0880137199871
206,"web|two_factor|high|one_to_one",1.57452061940217,31.0880137199871
206,"web|two_factor|low|one_to_one",3.12884637517895,31.0880137199871
207,"web|simple|low|multi_person",2.77916879652496,30.4588658082539
207,"mobile|two_factor|low|multi_person",5.66553890136776,30.4588658082539
207,"web|two_factor|low|multi_person",3.02463298323144,30.4588658082539
207,"mobile|multi_factor|low|multi_person",6.75874776147646,30.4588658082539
207,"mobile|simple|medium|multi_person",2.46119917740077,30.4588658082539
207,"mobile|multi_factor|medium|multi_person",3.79987222421595,30.4588658082539
207,"web|multi_factor|medium|multi_person",1.15896630607963,30.4588658082539
207,"mobile|simple|high|multi_person",2.14024827028354,30.4588658082539
207,"web|simple|high|multi_person",-0.500657647852778,30.4588658082539
207,"mobile|two_factor|high|multi_person",2.38571245699002,30.4588658082539
207,"mobile|multi_factor|high|multi_person",3.47892131709872,30.4588658082539
207,"mobile|simple|low|one_to_one",7.4234108555647,30.4588658082539
207,"web|simple|low|one_to_one",4.78250493742838,30.4588658082539
207,"mobile|multi_factor|low|one_to_one",8.76208390237988,30.4588658082539
207,"web|multi_factor|low|one_to_one",6.12117798424356,30.4588658082539
207,"mobile|simple|medium|one_to_one",4.46453531830419,30.4588658082539
207,"mobile|two_factor|medium|one_to_one",4.70999950501067,30.4588658082539
207,"mobile|multi_factor|medium|one_to_one",5.80320836511937,30.4588658082539
207,"web|multi_factor|medium|one_to_one",3.16230244698305,30.4588658082539
207,"web|simple|high|one_to_one",1.50267849305064,30.4588658082539
207,"mobile|two_factor|high|one_to_one",4.38904859789344,30.4588658082539
207,"mobile|multi_factor|high|one_to_one",5.48225745800214,30.4588658082539
207,"web|multi_factor|high|one_to_one",2.84135153986582,30.4588658082539
207,"web|simple|medium|multi_person",-0.179706740735549,30.4588658082539
207,"mobile|two_factor|medium|multi_person",2.70666336410725,30.4588658082539
207,"web|two_factor|high|multi_person",-0.255193461146297,30.4588658082539
207,"web|multi_factor|high|multi_person",0.838015398962397,30.4588658082539
207,"web|simple|medium|one_to_one",1.82362940016787,30.4588658082539
207,"web|two_factor|medium|one_to_one",2.06909358687435,30.4588658082539
207,"mobile|simple|high|one_to_one",4.14358441118696,30.4588658082539
207,"mobile|simple|low|multi_person",5.42007471466128,30.4588658082539
207,"web|multi_factor|low|multi_person",4.11784184334014,30.4588658082539
207,"web|two_factor|medium|multi_person",0.0657574459709331,30.4588658082539
207,"mobile|two_factor|low|one_to_one",7.66887504227118,30.4588658082539
207,"web|two_factor|high|one_to_one",1.74814267975712,30.4588658082539
207,"web|two_factor|low|one_to_one",5.02796912413486,30.4588658082539
208,"web|simple|low|multi_person",2.47590839199702,31.2035361143772
208,"mobile|two_factor|low|multi_person",4.92941192204409,31.2035361143772
208,"web|two_factor|low|multi_person",1.71347274935319,31.2035361143772
208,"mobile|multi_factor|low|multi_person",6.1194321708145,31.2035361143772
208,"mobile|simple|medium|multi_person",4.13991846954517,31.2035361143772
208,"mobile|multi_factor|medium|multi_person",4.56750307567174,31.2035361143772
208,"web|multi_factor|medium|multi_person",1.35156390298084,31.2035361143772
208,"mobile|simple|high|multi_person",3.53072240937045,31.2035361143772
208,"web|simple|high|multi_person",0.314783236679545,31.2035361143772
208,"mobile|two_factor|high|multi_person",2.76828676672662,31.2035361143772
208,"mobile|multi_factor|high|multi_person",3.95830701549702,31.2035361143772
208,"mobile|simple|low|one_to_one",6.95723250574127,31.2035361143772
208,"web|simple|low|one_to_one",3.74129333305037,31.2035361143772
208,"mobile|multi_factor|low|one_to_one",7.38481711186785,31.2035361143772
208,"web|multi_factor|low|one_to_one",4.16887793917695,31.2035361143772
208,"mobile|simple|medium|one_to_one",5.40530341059852,31.2035361143772
208,"mobile|two_factor|medium|one_to_one",4.64286776795469,31.2035361143772
208,"mobile|multi_factor|medium|one_to_one",5.8328880167251,31.2035361143772
208,"web|multi_factor|medium|one_to_one",2.6169488440342,31.2035361143772
208,"web|simple|high|one_to_one",1.5801681777329,31.2035361143772
208,"mobile|two_factor|high|one_to_one",4.03367170777997,31.2035361143772
208,"mobile|multi_factor|high|one_to_one",5.22369195655037,31.2035361143772
208,"web|multi_factor|high|one_to_one",2.00775278385947,31.2035361143772
208,"web|simple|medium|multi_person",0.923979296854268,31.2035361143772
208,"mobile|two_factor|medium|multi_person",3.37748282690134,31.2035361143772
208,"web|two_factor|high|multi_person",-0.447652405964282,31.2035361143772
208,"web|multi_factor|high|multi_person",0.74236784280612,31.2035361143772
208,"web|simple|medium|one_to_one",2.18936423790762,31.2035361143772
208,"web|two_factor|medium|one_to_one",1.42692859526379,31.2035361143772
208,"mobile|simple|high|one_to_one",4.7961073504238,31.2035361143772
208,"mobile|simple|low|multi_person",5.69184756468792,31.2035361143772
208,"web|multi_factor|low|multi_person",2.9034929981236,31.2035361143772
208,"web|two_factor|medium|multi_person",0.161543654210441,31.2035361143772
208,"mobile|two_factor|low|one_to_one",6.19479686309745,31.2035361143772
208,"web|two_factor|high|one_to_one",0.81773253508907,31.2035361143772
208,"web|two_factor|low|one_to_one",2.97885769040655,31.2035361143772
209,"web|simple|low|multi_person",1.53375671051593,30.9739509587112
209,"mobile|two_factor|low|multi_person",3.87972615192664,30.9739509587112
209,"web|two_factor|low|multi_person",2.04623650514988,30.9739509587112
209,"mobile|multi_factor|low|multi_person",5.63844519549766,30.9739509587112
209,"mobile|simple|medium|multi_person",2.05296865213127,30.9739509587112
209,"mobile|multi_factor|medium|multi_person",4.32416749033624,30.9739509587112
209,"web|multi_factor|medium|multi_person",2.49067784355949,30.9739509587112
209,"mobile|simple|high|multi_person",2.3836156331553,30.9739509587112
209,"web|simple|high|multi_person",0.550125986378541,30.9739509587112
209,"mobile|two_factor|high|multi_person",2.89609542778925,30.9739509587112
209,"mobile|multi_factor|high|multi_person",4.65481447136027,30.9739509587112
209,"mobile|simple|low|one_to_one",5.03479524681202,30.9739509587112
209,"web|simple|low|one_to_one",3.20130560003527,30.9739509587112
209,"mobile|multi_factor|low|one_to_one",7.305994085017,30.9739509587112
209,"web|multi_factor|low|one_to_one",5.47250443824025,30.9739509587112
209,"mobile|simple|medium|one_to_one",3.72051754165061,30.9739509587112
209,"mobile|two_factor|medium|one_to_one",4.23299733628456,30.9739509587112
209,"mobile|multi_factor|medium|one_to_one",5.99171637985558,30.9739509587112
209,"web|multi_factor|medium|one_to_one",4.15822673307883,30.9739509587112
209,"web|simple|high|one_to_one",2.21767487589788,30.9739509587112
209,"mobile|two_factor|high|one_to_one",4.56364431730859,30.9739509587112
209,"mobile|multi_factor|high|one_to_one",6.32236336087961,30.9739509587112
209,"web|multi_factor|high|one_to_one",4.48887371410286,30.9739509587112
209,"web|simple|medium|multi_person",0.219479005354511,30.9739509587112
209,"mobile|two_factor|medium|multi_person",2.56544844676522,30.9739509587112
209,"web|two_factor|high|multi_person",1.0626057810125,30.9739509587112
209,"web|multi_factor|high|multi_person",2.82132482458352,30.9739509587112
209,"web|simple|medium|one_to_one",1.88702789487385,30.9739509587112
209,"web|two_factor|medium|one_to_one",2.39950768950781,30.9739509587112
209,"mobile|simple|high|one_to_one",4.05116452267464,30.9739509587112
209,"mobile|simple|low|multi_person",3.36724635729268,30.9739509587112
209,"web|multi_factor|low|multi_person",3.80495554872091,30.9739509587112
209,"web|two_factor|medium|multi_person",0.731958799988466,30.9739509587112
209,"mobile|two_factor|low|one_to_one",5.54727504144598,30.9739509587112
209,"web|two_factor|high|one_to_one",2.73015467053184,30.9739509587112
209,"web|two_factor|low|one_to_one",3.71378539466922,30.9739509587112
210,"web|simple|low|multi_person",2.80893970700237,31.1260597122852
210,"mobile|two_factor|low|multi_person",5.83230985662464,31.1260597122852
210,"web|two_factor|low|multi_person",2.30388511491042,31.1260597122852
210,"mobile|multi_factor|low|multi_person",6.55692621522193,31.1260597122852
210,"mobile|simple|medium|multi_person",4.35268515039735,31.1260597122852
210,"mobile|multi_factor|medium|multi_person",4.57224691690269,31.1260597122852
210,"web|multi_factor|medium|multi_person",1.04382217518847,31.1260597122852
210,"mobile|simple|high|multi_person",4.98314491248224,31.1260597122852
210,"web|simple|high|multi_person",1.45472017076802,31.1260597122852
210,"mobile|two_factor|high|multi_person",4.47809032039029,31.1260597122852
210,"mobile|multi_factor|high|multi_person",5.20270667898758,31.1260597122852
210,"mobile|simple|low|one_to_one",6.77872100199848,31.1260597122852
210,"web|simple|low|one_to_one",3.25029626028426,31.1260597122852
210,"mobile|multi_factor|low|one_to_one",6.99828276850382,31.1260597122852
210,"web|multi_factor|low|one_to_one",3.4698580267896,31.1260597122852
210,"mobile|simple|medium|one_to_one",4.79404170367924,31.1260597122852
210,"mobile|two_factor|medium|one_to_one",4.28898711158729,31.1260597122852
210,"mobile|multi_factor|medium|one_to_one",5.01360347018458,31.1260597122852
210,"web|multi_factor|medium|one_to_one",1.48517872847036,31.1260597122852
210,"web|simple|high|one_to_one",1.89607672404991,31.1260597122852
210,"mobile|two_factor|high|one_to_one",4.91944687367218,31.1260597122852
210,"mobile|multi_factor|high|one_to_one",5.64406323226947,31.1260597122852
210,"web|multi_factor|high|one_to_one",2.11563849055525,31.1260597122852
210,"web|simple|medium|multi_person",0.824260408683131,31.1260597122852
210,"mobile|two_factor|medium|multi_person",3.8476305583054,31.1260597122852
210,"web|two_factor|high|multi_person",0.949665578676068,31.1260597122852
210,"web|multi_factor|high|multi_person",1.67428193727336,31.1260597122852
210,"web|simple|medium|one_to_one",1.26561696196502,31.1260597122852
210,"web|two_factor|medium|one_to_one",0.760562369873073,31.1260597122852
210,"mobile|simple|high|one_to_one",5.42450146576413,31.1260597122852
210,"mobile|simple|low|multi_person",6.33736444871659,31.1260597122852
210,"web|multi_factor|low|multi_person",3.02850147350771,31.1260597122852
210,"web|two_factor|medium|multi_person",0.319205816591183,31.1260597122852
210,"mobile|two_factor|low|one_to_one",6.27366640990653,31.1260597122852
210,"web|two_factor|high|one_to_one",1.39102213195796,31.1260597122852
210,"web|two_factor|low|one_to_one",2.74524166819231,31.1260597122852
211,"web|simple|low|multi_person",4.33240689097353,31.3486494058839
211,"mobile|two_factor|low|multi_person",3.95581046172796,31.3486494058839
211,"web|two_factor|low|multi_person",1.77653493934438,31.3486494058839
211,"mobile|multi_factor|low|multi_person",5.13587952759431,31.3486494058839
211,"mobile|simple|medium|multi_person",4.87677342723275,31.3486494058839
211,"mobile|multi_factor|medium|multi_person",3.50097054146996,31.3486494058839
211,"web|multi_factor|medium|multi_person",1.32169501908638,31.3486494058839
211,"mobile|simple|high|multi_person",5.49297506717474,31.3486494058839
211,"web|simple|high|multi_person",3.31369954479116,31.3486494058839
211,"mobile|two_factor|high|multi_person",2.93710311554559,31.3486494058839
211,"mobile|multi_factor|high|multi_person",4.11717218141195,31.3486494058839
211,"mobile|simple|low|one_to_one",6.62602285882232,31.3486494058839
211,"web|simple|low|one_to_one",4.44674733643874,31.3486494058839
211,"mobile|multi_factor|low|one_to_one",5.25021997305952,31.3486494058839
211,"web|multi_factor|low|one_to_one",3.07094445067594,31.3486494058839
211,"mobile|simple|medium|one_to_one",4.99111387269797,31.3486494058839
211,"mobile|two_factor|medium|one_to_one",2.43524192106882,31.3486494058839
211,"mobile|multi_factor|medium|one_to_one",3.61531098693517,31.3486494058839
211,"web|multi_factor|medium|one_to_one",1.43603546455159,31.3486494058839
211,"web|simple|high|one_to_one",3.42803999025637,31.3486494058839
211,"mobile|two_factor|high|one_to_one",3.0514435610108,31.3486494058839
211,"mobile|multi_factor|high|one_to_one",4.23151262687716,31.3486494058839
211,"web|multi_factor|high|one_to_one",2.05223710449358,31.3486494058839
211,"web|simple|medium|multi_person",2.69749790484917,31.3486494058839
211,"mobile|two_factor|medium|multi_person",2.3209014756036,31.3486494058839
211,"web|two_factor|high|multi_person",0.757827593162009,31.3486494058839
211,"web|multi_factor|high|multi_person",1.93789665902837,31.3486494058839
211,"web|simple|medium|one_to_one",2.81183835031439,31.3486494058839
211,"web|two_factor|medium|one_to_one",0.255966398685235,31.3486494058839
211,"mobile|simple|high|one_to_one",5.60731551263995,31.3486494058839
211,"mobile|simple|low|multi_person",6.51168241335711,31.3486494058839
211,"web|multi_factor|low|multi_person",2.95660400521073,31.3486494058839
211,"web|two_factor|medium|multi_person",0.141625953220025,31.3486494058839
211,"mobile|two_factor|low|one_to_one",4.07015090719317,31.3486494058839
211,"web|two_factor|high|one_to_one",0.87216803862722,31.3486494058839
211,"web|two_factor|low|one_to_one",1.89087538480959,31.3486494058839
212,"web|simple|low|multi_person",1.51073267545524,30.2655059326301
212,"mobile|two_factor|low|multi_person",4.20865762009348,30.2655059326301
212,"web|two_factor|low|multi_person",2.0067858547098,30.2655059326301
212,"mobile|multi_factor|low|multi_person",4.07270270771444,30.2655059326301
212,"mobile|simple|medium|multi_person",3.20582887531192,30.2655059326301
212,"mobile|multi_factor|medium|multi_person",3.56592714218744,30.2655059326301
212,"web|multi_factor|medium|multi_person",1.36405537680376,30.2655059326301
212,"mobile|simple|high|multi_person",1.7711732932322,30.2655059326301
212,"web|simple|high|multi_person",-0.430698472151476,30.2655059326301
212,"mobile|two_factor|high|multi_person",2.26722647248677,30.2655059326301
212,"mobile|multi_factor|high|multi_person",2.13127156010773,30.2655059326301
212,"mobile|simple|low|one_to_one",6.87149165667026,30.2655059326301
212,"web|simple|low|one_to_one",4.66961989128658,30.2655059326301
212,"mobile|multi_factor|low|one_to_one",7.23158992354578,30.2655059326301
212,"web|multi_factor|low|one_to_one",5.0297181581621,30.2655059326301
212,"mobile|simple|medium|one_to_one",6.36471609114326,30.2655059326301
212,"mobile|two_factor|medium|one_to_one",6.86076927039783,30.2655059326301
212,"mobile|multi_factor|medium|one_to_one",6.72481435801878,30.2655059326301
212,"web|multi_factor|medium|one_to_one",4.5229425926351,30.2655059326301
212,"web|simple|high|one_to_one",2.72818874367986,30.2655059326301
212,"mobile|two_factor|high|one_to_one",5.42611368831811,30.2655059326301
212,"mobile|multi_factor|high|one_to_one",5.29015877593907,30.2655059326301
212,"web|multi_factor|high|one_to_one",3.08828701055539,30.2655059326301
212,"web|simple|medium|multi_person",1.00395710992824,30.2655059326301
212,"mobile|two_factor|medium|multi_person",3.70188205456649,30.2655059326301
212,"web|two_factor|high|multi_person",0.0653547071030902,30.2655059326301
212,"web|multi_factor|high|multi_person",-0.0706002052759542,30.2655059326301
212,"web|simple|medium|one_to_one",4.16284432575958,30.2655059326301
212,"web|two_factor|medium|one_to_one",4.65889750501415,30.2655059326301
212,"mobile|simple|high|one_to_one",4.93006050906354,30.2655059326301
212,"mobile|simple|low|multi_person",3.71260444083892,30.2655059326301
212,"web|multi_factor|low|multi_person",1.87083094233076,30.2655059326301
212,"web|two_factor|medium|multi_person",1.50001028918281,30.2655059326301
212,"mobile|two_factor|low|one_to_one",7.36754483592483,30.2655059326301
212,"web|two_factor|high|one_to_one",3.22424192293443,30.2655059326301
212,"web|two_factor|low|one_to_one",5.16567307054115,30.2655059326301
213,"web|simple|low|multi_person",1.85744362957004,30.6397034475229
213,"mobile|two_factor|low|multi_person",5.6373960300305,30.6397034475229
213,"web|two_factor|low|multi_person",2.79343240293523,30.6397034475229
213,"mobile|multi_factor|low|multi_person",5.25887007108592,30.6397034475229
213,"mobile|simple|medium|multi_person",3.23706659280439,30.6397034475229
213,"mobile|multi_factor|medium|multi_person",3.79452940722501,30.6397034475229
213,"web|multi_factor|medium|multi_person",0.950565780129749,30.6397034475229
213,"mobile|simple|high|multi_person",2.8689327165033,30.6397034475229
213,"web|simple|high|multi_person",0.024969089408045,30.6397034475229
213,"mobile|two_factor|high|multi_person",3.8049214898685,30.6397034475229
213,"mobile|multi_factor|high|multi_person",3.42639553092393,30.6397034475229
213,"mobile|simple|low|one_to_one",6.29663515899393,30.6397034475229
213,"web|simple|low|one_to_one",3.45267153189867,30.6397034475229
213,"mobile|multi_factor|low|one_to_one",6.85409797341455,30.6397034475229
213,"web|multi_factor|low|one_to_one",4.01013434631929,30.6397034475229
213,"mobile|simple|medium|one_to_one",4.83229449513301,30.6397034475229
213,"mobile|two_factor|medium|one_to_one",5.76828326849821,30.6397034475229
213,"mobile|multi_factor|medium|one_to_one",5.38975730955364,30.6397034475229
213,"web|multi_factor|medium|one_to_one",2.54579368245838,30.6397034475229
213,"web|simple|high|one_to_one",1.62019699173667,30.6397034475229
213,"mobile|two_factor|high|one_to_one",5.40014939219712,30.6397034475229
213,"mobile|multi_factor|high|one_to_one",5.02162343325255,30.6397034475229
213,"web|multi_factor|high|one_to_one",2.17765980615729,30.6397034475229
213,"web|simple|medium|multi_person",0.393102965709127,30.6397034475229
213,"mobile|two_factor|medium|multi_person",4.17305536616958,30.6397034475229
213,"web|two_factor|high|multi_person",0.960957862773238,30.6397034475229
213,"web|multi_factor|high|multi_person",0.582431903828667,30.6397034475229
213,"web|simple|medium|one_to_one",1.98833086803775,30.6397034475229
213,"web|two_factor|medium|one_to_one",2.92431964140295,30.6397034475229
213,"mobile|simple|high|one_to_one",4.46416061883193,30.6397034475229
213,"mobile|simple|low|multi_person",4.7014072566653,30.6397034475229
213,"web|multi_factor|low|multi_person",2.41490644399066,30.6397034475229
213,"web|two_factor|medium|multi_person",1.32909173907432,30.6397034475229
213,"mobile|two_factor|low|one_to_one",7.23262393235912,30.6397034475229
213,"web|two_factor|high|one_to_one",2.55618576510186,30.6397034475229
213,"web|two_factor|low|one_to_one",4.38866030526386,30.6397034475229
214,"web|simple|low|multi_person",0.984125619986335,30.6519038493967
214,"mobile|two_factor|low|multi_person",4.61246782647296,30.6519038493967
214,"web|two_factor|low|multi_person",1.1877443958806,30.6519038493967
214,"mobile|multi_factor|low|multi_person",4.05968018487506,30.6519038493967
214,"mobile|simple|medium|multi_person",4.02156047574731,30.6519038493967
214,"mobile|multi_factor|medium|multi_person",3.67239161004367,30.6519038493967
214,"web|multi_factor|medium|multi_person",0.247668179451313,30.6519038493967
214,"mobile|simple|high|multi_person",4.37901558933561,30.6519038493967
214,"web|simple|high|multi_person",0.954292158743254,30.6519038493967
214,"mobile|two_factor|high|multi_person",4.58263436522988,30.6519038493967
214,"mobile|multi_factor|high|multi_person",4.02984672363197,30.6519038493967
214,"mobile|simple|low|one_to_one",6.35154160641009,30.6519038493967
214,"web|simple|low|one_to_one",2.92681817581773,30.6519038493967
214,"mobile|multi_factor|low|one_to_one",6.00237274070645,30.6519038493967
214,"web|multi_factor|low|one_to_one",2.57764931011409,30.6519038493967
214,"mobile|simple|medium|one_to_one",5.96425303157871,30.6519038493967
214,"mobile|two_factor|medium|one_to_one",6.16787180747297,30.6519038493967
214,"mobile|multi_factor|medium|one_to_one",5.61508416587507,30.6519038493967
214,"web|multi_factor|medium|one_to_one",2.19036073528271,30.6519038493967
214,"web|simple|high|one_to_one",2.89698471457465,30.6519038493967
214,"mobile|two_factor|high|one_to_one",6.52532692106127,30.6519038493967
214,"mobile|multi_factor|high|one_to_one",5.97253927946337,30.6519038493967
214,"web|multi_factor|high|one_to_one",2.54781584887101,30.6519038493967
214,"web|simple|medium|multi_person",0.596837045154952,30.6519038493967
214,"mobile|two_factor|medium|multi_person",4.22517925164158,30.6519038493967
214,"web|two_factor|high|multi_person",1.15791093463752,30.6519038493967
214,"web|multi_factor|high|multi_person",0.605123293039615,30.6519038493967
214,"web|simple|medium|one_to_one",2.53952960098635,30.6519038493967
214,"web|two_factor|medium|one_to_one",2.74314837688061,30.6519038493967
214,"mobile|simple|high|one_to_one",6.32170814516701,30.6519038493967
214,"mobile|simple|low|multi_person",4.4088490505787,30.6519038493967
214,"web|multi_factor|low|multi_person",0.634956754282696,30.6519038493967
214,"web|two_factor|medium|multi_person",0.800455821049216,30.6519038493967
214,"mobile|two_factor|low|one_to_one",6.55516038230435,30.6519038493967
214,"web|two_factor|high|one_to_one",3.10060349046891,30.6519038493967
214,"web|two_factor|low|one_to_one",3.130436951712,30.6519038493967
217,"web|simple|low|multi_person",2.59630391101257,31.1079588671404
217,"mobile|two_factor|low|multi_person",5.39461586219305,31.1079588671404
217,"web|two_factor|low|multi_person",2.81542377411783,31.1079588671404
217,"mobile|multi_factor|low|multi_person",4.5680700194855,31.1079588671404
217,"mobile|simple|medium|multi_person",3.4375210953269,31.1079588671404
217,"mobile|multi_factor|medium|multi_person",2.83009511572461,31.1079588671404
217,"web|multi_factor|medium|multi_person",0.25090302764939,31.1079588671404
217,"mobile|simple|high|multi_person",4.20727265464021,31.1079588671404
217,"web|simple|high|multi_person",1.62808056656499,31.1079588671404
217,"mobile|two_factor|high|multi_person",4.42639251774547,31.1079588671404
217,"mobile|multi_factor|high|multi_person",3.59984667503792,31.1079588671404
217,"mobile|simple|low|one_to_one",6.66070275054734,31.1079588671404
217,"web|simple|low|one_to_one",4.08151066247212,31.1079588671404
217,"mobile|multi_factor|low|one_to_one",6.05327677094505,31.1079588671404
217,"web|multi_factor|low|one_to_one",3.47408468286983,31.1079588671404
217,"mobile|simple|medium|one_to_one",4.92272784678644,31.1079588671404
217,"mobile|two_factor|medium|one_to_one",5.1418477098917,31.1079588671404
217,"mobile|multi_factor|medium|one_to_one",4.31530186718415,31.1079588671404
217,"web|multi_factor|medium|one_to_one",1.73610977910893,31.1079588671404
217,"web|simple|high|one_to_one",3.11328731802454,31.1079588671404
217,"mobile|two_factor|high|one_to_one",5.91159926920502,31.1079588671404
217,"mobile|multi_factor|high|one_to_one",5.08505342649747,31.1079588671404
217,"web|multi_factor|high|one_to_one",2.50586133842225,31.1079588671404
217,"web|simple|medium|multi_person",0.85832900725168,31.1079588671404
217,"mobile|two_factor|medium|multi_person",3.65664095843216,31.1079588671404
217,"web|two_factor|high|multi_person",1.84720042967025,31.1079588671404
217,"web|multi_factor|high|multi_person",1.0206545869627,31.1079588671404
217,"web|simple|medium|one_to_one",2.34353575871122,31.1079588671404
217,"web|two_factor|medium|one_to_one",2.56265562181648,31.1079588671404
217,"mobile|simple|high|one_to_one",5.69247940609976,31.1079588671404
217,"mobile|simple|low|multi_person",5.17549599908779,31.1079588671404
217,"web|multi_factor|low|multi_person",1.98887793141028,31.1079588671404
217,"web|two_factor|medium|multi_person",1.07744887035694,31.1079588671404
217,"mobile|two_factor|low|one_to_one",6.8798226136526,31.1079588671404
217,"web|two_factor|high|one_to_one",3.3324071811298,31.1079588671404
217,"web|two_factor|low|one_to_one",4.30063052557738,31.1079588671404
219,"web|simple|low|multi_person",2.79822440272438,31.2110108467602
219,"mobile|two_factor|low|multi_person",5.94937716097985,31.2110108467602
219,"web|two_factor|low|multi_person",2.52023581125215,31.2110108467602
219,"mobile|multi_factor|low|multi_person",6.21257598776166,31.2110108467602
219,"mobile|simple|medium|multi_person",4.53509898545893,31.2110108467602
219,"mobile|multi_factor|medium|multi_person",4.52030922076852,31.2110108467602
219,"web|multi_factor|medium|multi_person",1.09116787104082,31.2110108467602
219,"mobile|simple|high|multi_person",4.6723515218317,31.2110108467602
219,"web|simple|high|multi_person",1.243210172104,31.2110108467602
219,"mobile|two_factor|high|multi_person",4.39436293035947,31.2110108467602
219,"mobile|multi_factor|high|multi_person",4.65756175714129,31.2110108467602
219,"mobile|simple|low|one_to_one",6.33071471542058,31.2110108467602
219,"web|simple|low|one_to_one",2.90157336569288,31.2110108467602
219,"mobile|multi_factor|low|one_to_one",6.31592495073016,31.2110108467602
219,"web|multi_factor|low|one_to_one",2.88678360100246,31.2110108467602
219,"mobile|simple|medium|one_to_one",4.63844794842743,31.2110108467602
219,"mobile|two_factor|medium|one_to_one",4.3604593569552,31.2110108467602
219,"mobile|multi_factor|medium|one_to_one",4.62365818373702,31.2110108467602
219,"web|multi_factor|medium|one_to_one",1.19451683400932,31.2110108467602
219,"web|simple|high|one_to_one",1.3465591350725,31.2110108467602
219,"mobile|two_factor|high|one_to_one",4.49771189332797,31.2110108467602
219,"mobile|multi_factor|high|one_to_one",4.76091072010978,31.2110108467602
219,"web|multi_factor|high|one_to_one",1.33176937038208,31.2110108467602
219,"web|simple|medium|multi_person",1.10595763573123,31.2110108467602
219,"mobile|two_factor|medium|multi_person",4.2571103939867,31.2110108467602
219,"web|two_factor|high|multi_person",0.965221580631769,31.2110108467602
219,"web|multi_factor|high|multi_person",1.22842040741358,31.2110108467602
219,"web|simple|medium|one_to_one",1.20930659869973,31.2110108467602
219,"web|two_factor|medium|one_to_one",0.931318007227503,31.2110108467602
219,"mobile|simple|high|one_to_one",4.7757004848002,31.2110108467602
219,"mobile|simple|low|multi_person",6.22736575245208,31.2110108467602
219,"web|multi_factor|low|multi_person",2.78343463803396,31.2110108467602
219,"web|two_factor|medium|multi_person",0.827969044259005,31.2110108467602
219,"mobile|two_factor|low|one_to_one",6.05272612394835,31.2110108467602
219,"web|two_factor|high|one_to_one",1.06857054360027,31.2110108467602
219,"web|two_factor|low|one_to_one",2.62358477422065,31.2110108467602
220,"web|simple|low|multi_person",2.77847690917892,31.4775330431031
220,"mobile|two_factor|low|multi_person",4.54305229293524,31.4775330431031
220,"web|two_factor|low|multi_person",1.9390653237764,31.4775330431031
220,"mobile|multi_factor|low|multi_person",4.87117099489862,31.4775330431031
220,"mobile|simple|medium|multi_person",4.34467956894579,31.4775330431031
220,"mobile|multi_factor|medium|multi_person",3.83338668550666,31.4775330431031
220,"web|multi_factor|medium|multi_person",1.22939971634782,31.4775330431031
220,"mobile|simple|high|multi_person",3.02889913430326,31.4775330431031
220,"web|simple|high|multi_person",0.424912165144415,31.4775330431031
220,"mobile|two_factor|high|multi_person",2.18948754890074,31.4775330431031
220,"mobile|multi_factor|high|multi_person",2.51760625086412,31.4775330431031
220,"mobile|simple|low|one_to_one",7.0824334489915,31.4775330431031
220,"web|simple|low|one_to_one",4.47844647983266,31.4775330431031
220,"mobile|multi_factor|low|one_to_one",6.57114056555237,31.4775330431031
220,"web|multi_factor|low|one_to_one",3.96715359639353,31.4775330431031
220,"mobile|simple|medium|one_to_one",6.04464913959953,31.4775330431031
220,"mobile|two_factor|medium|one_to_one",5.20523755419701,31.4775330431031
220,"mobile|multi_factor|medium|one_to_one",5.5333562561604,31.4775330431031
220,"web|multi_factor|medium|one_to_one",2.92936928700156,31.4775330431031
220,"web|simple|high|one_to_one",2.12488173579816,31.4775330431031
220,"mobile|two_factor|high|one_to_one",3.88945711955448,31.4775330431031
220,"mobile|multi_factor|high|one_to_one",4.21757582151787,31.4775330431031
220,"web|multi_factor|high|one_to_one",1.61358885235903,31.4775330431031
220,"web|simple|medium|multi_person",1.74069259978695,31.4775330431031
220,"mobile|two_factor|medium|multi_person",3.50526798354327,31.4775330431031
220,"web|two_factor|high|multi_person",-0.414499420258105,31.4775330431031
220,"web|multi_factor|high|multi_person",-0.0863807182947172,31.4775330431031
220,"web|simple|medium|one_to_one",3.44066217044069,31.4775330431031
220,"web|two_factor|medium|one_to_one",2.60125058503817,31.4775330431031
220,"mobile|simple|high|one_to_one",4.728868704957,31.4775330431031
220,"mobile|simple|low|multi_person",5.38246387833776,31.4775330431031
220,"web|multi_factor|low|multi_person",2.26718402573978,31.4775330431031
220,"web|two_factor|medium|multi_person",0.901281014384428,31.4775330431031
220,"mobile|two_factor|low|one_to_one",6.24302186358898,31.4775330431031
220,"web|two_factor|high|one_to_one",1.28547015039564,31.4775330431031
220,"web|two_factor|low|one_to_one",3.63903489443014,31.4775330431031
221,"web|simple|low|multi_person",2.33054977181281,31.2256765692791
221,"mobile|two_factor|low|multi_person",5.37768744248874,31.2256765692791
221,"web|two_factor|low|multi_person",2.2706049671478,31.2256765692791
221,"mobile|multi_factor|low|multi_person",6.43576035294046,31.2256765692791
221,"mobile|simple|medium|multi_person",3.8273133514693,31.2256765692791
221,"mobile|multi_factor|medium|multi_person",4.82544145725601,31.2256765692791
221,"web|multi_factor|medium|multi_person",1.71835898191507,31.2256765692791
221,"mobile|simple|high|multi_person",3.19144750284873,31.2256765692791
221,"web|simple|high|multi_person",0.0843650275077918,31.2256765692791
221,"mobile|two_factor|high|multi_person",3.13150269818373,31.2256765692791
221,"mobile|multi_factor|high|multi_person",4.18957560863545,31.2256765692791
221,"mobile|simple|low|one_to_one",6.5574332938693,31.2256765692791
221,"web|simple|low|one_to_one",3.45035081852835,31.2256765692791
221,"mobile|multi_factor|low|one_to_one",7.55556139965601,31.2256765692791
221,"web|multi_factor|low|one_to_one",4.44847892431507,31.2256765692791
221,"mobile|simple|medium|one_to_one",4.94711439818485,31.2256765692791
221,"mobile|two_factor|medium|one_to_one",4.88716959351984,31.2256765692791
221,"mobile|multi_factor|medium|one_to_one",5.94524250397156,31.2256765692791
221,"web|multi_factor|medium|one_to_one",2.83816002863062,31.2256765692791
221,"web|simple|high|one_to_one",1.20416607422334,31.2256765692791
221,"mobile|two_factor|high|one_to_one",4.25130374489928,31.2256765692791
221,"mobile|multi_factor|high|one_to_one",5.309376655351,31.2256765692791
221,"web|multi_factor|high|one_to_one",2.20229418001006,31.2256765692791
221,"web|simple|medium|multi_person",0.720230876128357,31.2256765692791
221,"mobile|two_factor|medium|multi_person",3.76736854680429,31.2256765692791
221,"web|two_factor|high|multi_person",0.0244202228427859,31.2256765692791
221,"web|multi_factor|high|multi_person",1.08249313329451,31.2256765692791
221,"web|simple|medium|one_to_one",1.84003192284391,31.2256765692791
221,"web|two_factor|medium|one_to_one",1.7800871181789,31.2256765692791
221,"mobile|simple|high|one_to_one",4.31124854956428,31.2256765692791
221,"mobile|simple|low|multi_person",5.43763224715375,31.2256765692791
221,"web|multi_factor|low|multi_person",3.32867787759952,31.2256765692791
221,"web|two_factor|medium|multi_person",0.660286071463351,31.2256765692791
221,"mobile|two_factor|low|one_to_one",6.49748848920429,31.2256765692791
221,"web|two_factor|high|one_to_one",1.14422126955834,31.2256765692791
221,"web|two_factor|low|one_to_one",3.39040601386335,31.2256765692791
222,"web|simple|low|multi_person",2.31543510589392,30.907555790664
222,"mobile|two_factor|low|multi_person",5.04604185168593,30.907555790664
222,"web|two_factor|low|multi_person",2.26645161897503,30.907555790664
222,"mobile|multi_factor|low|multi_person",5.06519368025556,30.907555790664
222,"mobile|simple|medium|multi_person",3.75146823254743,30.907555790664
222,"mobile|multi_factor|medium|multi_person",3.72163657419817,30.907555790664
222,"web|multi_factor|medium|multi_person",0.942046341487272,30.907555790664
222,"mobile|simple|high|multi_person",3.22070729222283,30.907555790664
222,"web|simple|high|multi_person",0.441117059511925,30.907555790664
222,"mobile|two_factor|high|multi_person",3.17172380530393,30.907555790664
222,"mobile|multi_factor|high|multi_person",3.19087563387357,30.907555790664
222,"mobile|simple|low|one_to_one",7.21272173509974,30.907555790664
222,"web|simple|low|one_to_one",4.43313150238884,30.907555790664
222,"mobile|multi_factor|low|one_to_one",7.18289007675049,30.907555790664
222,"web|multi_factor|low|one_to_one",4.40329984403958,30.907555790664
222,"mobile|simple|medium|one_to_one",5.86916462904235,30.907555790664
222,"mobile|two_factor|medium|one_to_one",5.82018114212346,30.907555790664
222,"mobile|multi_factor|medium|one_to_one",5.83933297069309,30.907555790664
222,"web|multi_factor|medium|one_to_one",3.05974273798219,30.907555790664
222,"web|simple|high|one_to_one",2.55881345600684,30.907555790664
222,"mobile|two_factor|high|one_to_one",5.28942020179885,30.907555790664
222,"mobile|multi_factor|high|one_to_one",5.30857203036849,30.907555790664
222,"web|multi_factor|high|one_to_one",2.52898179765759,30.907555790664
222,"web|simple|medium|multi_person",0.97187799983653,30.907555790664
222,"mobile|two_factor|medium|multi_person",3.70248474562854,30.907555790664
222,"web|two_factor|high|multi_person",0.392133572593034,30.907555790664
222,"web|multi_factor|high|multi_person",0.411285401162667,30.907555790664
222,"web|simple|medium|one_to_one",3.08957439633145,30.907555790664
222,"web|two_factor|medium|one_to_one",3.04059090941256,30.907555790664
222,"mobile|simple|high|one_to_one",5.33840368871775,30.907555790664
222,"mobile|simple|low|multi_person",5.09502533860482,30.907555790664
222,"web|multi_factor|low|multi_person",2.28560344754466,30.907555790664
222,"web|two_factor|medium|multi_person",0.922894512917639,30.907555790664
222,"mobile|two_factor|low|one_to_one",7.16373824818085,30.907555790664
222,"web|two_factor|high|one_to_one",2.50982996908795,30.907555790664
222,"web|two_factor|low|one_to_one",4.38414801546995,30.907555790664
223,"web|simple|low|multi_person",2.64182855917694,31.1559895879756
223,"mobile|two_factor|low|multi_person",5.39649335767794,31.1559895879756
223,"web|two_factor|low|multi_person",3.81155197146447,31.1559895879756
223,"mobile|multi_factor|low|multi_person",5.27942606000463,31.1559895879756
223,"mobile|simple|medium|multi_person",2.66555516620648,31.1559895879756
223,"mobile|multi_factor|medium|multi_person",3.71821128082071,31.1559895879756
223,"web|multi_factor|medium|multi_person",2.13326989460724,31.1559895879756
223,"mobile|simple|high|multi_person",1.66551502145561,31.1559895879756
223,"web|simple|high|multi_person",0.080573635242138,31.1559895879756
223,"mobile|two_factor|high|multi_person",2.83523843374314,31.1559895879756
223,"mobile|multi_factor|high|multi_person",2.71817113606983,31.1559895879756
223,"mobile|simple|low|one_to_one",5.75248599588555,31.1559895879756
223,"web|simple|low|one_to_one",4.16754460967208,31.1559895879756
223,"mobile|multi_factor|low|one_to_one",6.80514211049977,31.1559895879756
223,"web|multi_factor|low|one_to_one",5.2202007242863,31.1559895879756
223,"mobile|simple|medium|one_to_one",4.19127121670162,31.1559895879756
223,"mobile|two_factor|medium|one_to_one",5.36099462898915,31.1559895879756
223,"mobile|multi_factor|medium|one_to_one",5.24392733131585,31.1559895879756
223,"web|multi_factor|medium|one_to_one",3.65898594510238,31.1559895879756
223,"web|simple|high|one_to_one",1.60628968573728,31.1559895879756
223,"mobile|two_factor|high|one_to_one",4.36095448423828,31.1559895879756
223,"mobile|multi_factor|high|one_to_one",4.24388718656497,31.1559895879756
223,"web|multi_factor|high|one_to_one",2.6589458003515,31.1559895879756
223,"web|simple|medium|multi_person",1.08061377999302,31.1559895879756
223,"mobile|two_factor|medium|multi_person",3.83527857849401,31.1559895879756
223,"web|two_factor|high|multi_person",1.25029704752967,31.1559895879756
223,"web|multi_factor|high|multi_person",1.13322974985636,31.1559895879756
223,"web|simple|medium|one_to_one",2.60632983048815,31.1559895879756
223,"web|two_factor|medium|one_to_one",3.77605324277569,31.1559895879756
223,"mobile|simple|high|one_to_one",3.19123107195075,31.1559895879756
223,"mobile|simple|low|multi_person",4.22676994539041,31.1559895879756
223,"web|multi_factor|low|multi_person",3.69448467379116,31.1559895879756
223,"web|two_factor|medium|multi_person",2.25033719228055,31.1559895879756
223,"mobile|two_factor|low|one_to_one",6.92220940817308,31.1559895879756
223,"web|two_factor|high|one_to_one",2.77601309802481,31.1559895879756
223,"web|two_factor|low|one_to_one",5.33726802195961,31.1559895879756
224,"web|simple|low|multi_person",1.8216005074472,30.8549178541094
224,"mobile|two_factor|low|multi_person",4.25823921610354,30.8549178541094
224,"web|two_factor|low|multi_person",1.87195129059546,30.8549178541094
224,"mobile|multi_factor|low|multi_person",5.53584093058955,30.8549178541094
224,"mobile|simple|medium|multi_person",3.16464383622954,30.8549178541094
224,"mobile|multi_factor|medium|multi_person",4.49259633386382,30.8549178541094
224,"web|multi_factor|medium|multi_person",2.10630840835574,30.8549178541094
224,"mobile|simple|high|multi_person",1.69299821555741,30.8549178541094
224,"web|simple|high|multi_person",-0.693289709950673,30.8549178541094
224,"mobile|two_factor|high|multi_person",1.74334899870567,30.8549178541094
224,"mobile|multi_factor|high|multi_person",3.02095071319168,30.8549178541094
224,"mobile|simple|low|one_to_one",6.44563153820638,30.8549178541094
224,"web|simple|low|one_to_one",4.0593436126983,30.8549178541094
224,"mobile|multi_factor|low|one_to_one",7.77358403584065,30.8549178541094
224,"web|multi_factor|low|one_to_one",5.38729611033257,30.8549178541094
224,"mobile|simple|medium|one_to_one",5.40238694148064,30.8549178541094
224,"mobile|two_factor|medium|one_to_one",5.45273772462891,30.8549178541094
224,"mobile|multi_factor|medium|one_to_one",6.73033943911492,30.8549178541094
224,"web|multi_factor|medium|one_to_one",4.34405151360684,30.8549178541094
224,"web|simple|high|one_to_one",1.54445339530043,30.8549178541094
224,"mobile|two_factor|high|one_to_one",3.98109210395677,30.8549178541094
224,"mobile|multi_factor|high|one_to_one",5.25869381844278,30.8549178541094
224,"web|multi_factor|high|one_to_one",2.8724058929347,30.8549178541094
224,"web|simple|medium|multi_person",0.778355910721464,30.8549178541094
224,"mobile|two_factor|medium|multi_person",3.21499461937781,30.8549178541094
224,"web|two_factor|high|multi_person",-0.642938926802406,30.8549178541094
224,"web|multi_factor|high|multi_person",0.634662787683601,30.8549178541094
224,"web|simple|medium|one_to_one",3.01609901597256,30.8549178541094
224,"web|two_factor|medium|one_to_one",3.06644979912083,30.8549178541094
224,"mobile|simple|high|one_to_one",3.93074132080851,30.8549178541094
224,"mobile|simple|low|multi_person",4.20788843295528,30.8549178541094
224,"web|multi_factor|low|multi_person",3.14955300508147,30.8549178541094
224,"web|two_factor|medium|multi_person",0.828706693869731,30.8549178541094
224,"mobile|two_factor|low|one_to_one",6.49598232135464,30.8549178541094
224,"web|two_factor|high|one_to_one",1.59480417844869,30.8549178541094
224,"web|two_factor|low|one_to_one",4.10969439584656,30.8549178541094
225,"web|simple|low|multi_person",2.19449341393886,30.8374919689892
225,"mobile|two_factor|low|multi_person",4.96593065762163,30.8374919689892
225,"web|two_factor|low|multi_person",3.16483558563093,30.8374919689892
225,"mobile|multi_factor|low|multi_person",3.6303834006014,30.8374919689892
225,"mobile|simple|medium|multi_person",2.51584184238751,30.8374919689892
225,"mobile|multi_factor|medium|multi_person",2.15063675705935,30.8374919689892
225,"web|multi_factor|medium|multi_person",0.349541685068659,30.8374919689892
225,"mobile|simple|high|multi_person",2.77265204390032,30.8374919689892
225,"web|simple|high|multi_person",0.971556971909627,30.8374919689892
225,"mobile|two_factor|high|multi_person",3.74299421559239,30.8374919689892
225,"mobile|multi_factor|high|multi_person",2.40744695857216,30.8374919689892
225,"mobile|simple|low|one_to_one",6.6531063321776,30.8374919689892
225,"web|simple|low|one_to_one",4.8520112601869,30.8374919689892
225,"mobile|multi_factor|low|one_to_one",6.28790124684944,30.8374919689892
225,"web|multi_factor|low|one_to_one",4.48680617485874,30.8374919689892
225,"mobile|simple|medium|one_to_one",5.17335968863555,30.8374919689892
225,"mobile|two_factor|medium|one_to_one",6.14370186032763,30.8374919689892
225,"mobile|multi_factor|medium|one_to_one",4.80815460330739,30.8374919689892
225,"web|multi_factor|medium|one_to_one",3.0070595313167,30.8374919689892
225,"web|simple|high|one_to_one",3.62907481815767,30.8374919689892
225,"mobile|two_factor|high|one_to_one",6.40051206184043,30.8374919689892
225,"mobile|multi_factor|high|one_to_one",5.0649648048202,30.8374919689892
225,"web|multi_factor|high|one_to_one",3.26386973282951,30.8374919689892
225,"web|simple|medium|multi_person",0.714746770396819,30.8374919689892
225,"mobile|two_factor|medium|multi_person",3.48618401407959,30.8374919689892
225,"web|two_factor|high|multi_person",1.9418991436017,30.8374919689892
225,"web|multi_factor|high|multi_person",0.606351886581467,30.8374919689892
225,"web|simple|medium|one_to_one",3.37226461664486,30.8374919689892
225,"web|two_factor|medium|one_to_one",4.34260678833693,30.8374919689892
225,"mobile|simple|high|one_to_one",5.43016989014836,30.8374919689892
225,"mobile|simple|low|multi_person",3.99558848592956,30.8374919689892
225,"web|multi_factor|low|multi_person",1.8292883286107,30.8374919689892
225,"web|two_factor|medium|multi_person",1.68508894208889,30.8374919689892
225,"mobile|two_factor|low|one_to_one",7.62344850386967,30.8374919689892
225,"web|two_factor|high|one_to_one",4.59941698984974,30.8374919689892
225,"web|two_factor|low|one_to_one",5.82235343187897,30.8374919689892
226,"web|simple|low|multi_person",2.52273818860726,31.0600127720741
226,"mobile|two_factor|low|multi_person",4.38086118644509,31.0600127720741
226,"web|two_factor|low|multi_person",1.03769835198751,31.0600127720741
226,"mobile|multi_factor|low|multi_person",5.39416653791458,31.0600127720741
226,"mobile|simple|medium|multi_person",4.92766986598202,31.0600127720741
226,"mobile|multi_factor|medium|multi_person",4.45593538083176,31.0600127720741
226,"web|multi_factor|medium|multi_person",1.11277254637418,31.0600127720741
226,"mobile|simple|high|multi_person",4.62263692690181,31.0600127720741
226,"web|simple|high|multi_person",1.27947409244423,31.0600127720741
226,"mobile|two_factor|high|multi_person",3.13759709028206,31.0600127720741
226,"mobile|multi_factor|high|multi_person",4.15090244175155,31.0600127720741
226,"mobile|simple|low|one_to_one",7.11433759160017,31.0600127720741
226,"web|simple|low|one_to_one",3.77117475714259,31.0600127720741
226,"mobile|multi_factor|low|one_to_one",6.64260310644991,31.0600127720741
226,"web|multi_factor|low|one_to_one",3.29944027199233,31.0600127720741
226,"mobile|simple|medium|one_to_one",6.17610643451735,31.0600127720741
226,"mobile|two_factor|medium|one_to_one",4.6910665978976,31.0600127720741
226,"mobile|multi_factor|medium|one_to_one",5.70437194936709,31.0600127720741
226,"web|multi_factor|medium|one_to_one",2.36120911490951,31.0600127720741
226,"web|simple|high|one_to_one",2.52791066097956,31.0600127720741
226,"mobile|two_factor|high|one_to_one",4.38603365881739,31.0600127720741
226,"mobile|multi_factor|high|one_to_one",5.39933901028688,31.0600127720741
226,"web|multi_factor|high|one_to_one",2.0561761758293,31.0600127720741
226,"web|simple|medium|multi_person",1.58450703152444,31.0600127720741
226,"mobile|two_factor|medium|multi_person",3.44263002936227,31.0600127720741
226,"web|two_factor|high|multi_person",-0.205565744175523,31.0600127720741
226,"web|multi_factor|high|multi_person",0.807739607293966,31.0600127720741
226,"web|simple|medium|one_to_one",2.83294360005977,31.0600127720741
226,"web|two_factor|medium|one_to_one",1.34790376344002,31.0600127720741
226,"mobile|simple|high|one_to_one",5.87107349543714,31.0600127720741
226,"mobile|simple|low|multi_person",5.86590102306484,31.0600127720741
226,"web|multi_factor|low|multi_person",2.051003703457,31.0600127720741
226,"web|two_factor|medium|multi_person",0.0994671949046879,31.0600127720741
226,"mobile|two_factor|low|one_to_one",5.62929775498042,31.0600127720741
226,"web|two_factor|high|one_to_one",1.04287082435981,31.0600127720741
226,"web|two_factor|low|one_to_one",2.28613492052284,31.0600127720741
227,"web|simple|low|multi_person",1.65096909919437,30.778292038498
227,"mobile|two_factor|low|multi_person",4.41828925265527,30.778292038498
227,"web|two_factor|low|multi_person",1.55684028518553,30.778292038498
227,"mobile|multi_factor|low|multi_person",4.73797253001208,30.778292038498
227,"mobile|simple|medium|multi_person",3.1800777327236,30.778292038498
227,"mobile|multi_factor|medium|multi_person",3.40563219607157,30.778292038498
227,"web|multi_factor|medium|multi_person",0.544183228601833,30.778292038498
227,"mobile|simple|high|multi_person",3.77317455911835,30.778292038498
227,"web|simple|high|multi_person",0.911725591648611,30.778292038498
227,"mobile|two_factor|high|multi_person",3.67904574510951,30.778292038498
227,"mobile|multi_factor|high|multi_person",3.99872902246632,30.778292038498
227,"mobile|simple|low|one_to_one",6.69267932784623,30.778292038498
227,"web|simple|low|one_to_one",3.83123036037649,30.778292038498
227,"mobile|multi_factor|low|one_to_one",6.9182337911942,30.778292038498
227,"web|multi_factor|low|one_to_one",4.05678482372446,30.778292038498
227,"mobile|simple|medium|one_to_one",5.36033899390572,30.778292038498
227,"mobile|two_factor|medium|one_to_one",5.26621017989688,30.778292038498
227,"mobile|multi_factor|medium|one_to_one",5.58589345725369,30.778292038498
227,"web|multi_factor|medium|one_to_one",2.72444448978395,30.778292038498
227,"web|simple|high|one_to_one",3.09198685283073,30.778292038498
227,"mobile|two_factor|high|one_to_one",5.85930700629163,30.778292038498
227,"mobile|multi_factor|high|one_to_one",6.17899028364844,30.778292038498
227,"web|multi_factor|high|one_to_one",3.3175413161787,30.778292038498
227,"web|simple|medium|multi_person",0.318628765253861,30.778292038498
227,"mobile|two_factor|medium|multi_person",3.08594891871476,30.778292038498
227,"web|two_factor|high|multi_person",0.817596777639769,30.778292038498
227,"web|multi_factor|high|multi_person",1.13728005499658,30.778292038498
227,"web|simple|medium|one_to_one",2.49889002643598,30.778292038498
227,"web|two_factor|medium|one_to_one",2.40476121242714,30.778292038498
227,"mobile|simple|high|one_to_one",5.95343582030047,30.778292038498
227,"mobile|simple|low|multi_person",4.51241806666411,30.778292038498
227,"web|multi_factor|low|multi_person",1.87652356254234,30.778292038498
227,"web|two_factor|medium|multi_person",0.224499951245019,30.778292038498
227,"mobile|two_factor|low|one_to_one",6.59855051383739,30.778292038498
227,"web|two_factor|high|one_to_one",2.99785803882189,30.778292038498
227,"web|two_factor|low|one_to_one",3.73710154636765,30.778292038498
228,"web|simple|low|multi_person",1.84827073498286,30.7578586078301
228,"mobile|two_factor|low|multi_person",4.92070047234029,30.7578586078301
228,"web|two_factor|low|multi_person",1.81968901780109,30.7578586078301
228,"mobile|multi_factor|low|multi_person",6.58846462107309,30.7578586078301
228,"mobile|simple|medium|multi_person",3.76511603330731,30.7578586078301
228,"mobile|multi_factor|medium|multi_person",5.40429846485835,30.7578586078301
228,"web|multi_factor|medium|multi_person",2.30328701031915,30.7578586078301
228,"mobile|simple|high|multi_person",2.78187415394897,30.7578586078301
228,"web|simple|high|multi_person",-0.319137300590233,30.7578586078301
228,"mobile|two_factor|high|multi_person",2.7532924367672,30.7578586078301
228,"mobile|multi_factor|high|multi_person",4.4210565855,30.7578586078301
228,"mobile|simple|low|one_to_one",6.11824010368181,30.7578586078301
228,"web|simple|low|one_to_one",3.01722864914261,30.7578586078301
228,"mobile|multi_factor|low|one_to_one",7.75742253523284,30.7578586078301
228,"web|multi_factor|low|one_to_one",4.65641108069365,30.7578586078301
228,"mobile|simple|medium|one_to_one",4.93407394746707,30.7578586078301
228,"mobile|two_factor|medium|one_to_one",4.9054922302853,30.7578586078301
228,"mobile|multi_factor|medium|one_to_one",6.5732563790181,30.7578586078301
228,"web|multi_factor|medium|one_to_one",3.4722449244789,30.7578586078301
228,"web|simple|high|one_to_one",0.849820613569519,30.7578586078301
228,"mobile|two_factor|high|one_to_one",3.92225035092695,30.7578586078301
228,"mobile|multi_factor|high|one_to_one",5.59001449965976,30.7578586078301
228,"web|multi_factor|high|one_to_one",2.48900304512056,30.7578586078301
228,"web|simple|medium|multi_person",0.664104578768114,30.7578586078301
228,"mobile|two_factor|medium|multi_person",3.73653431612554,30.7578586078301
228,"web|two_factor|high|multi_person",-0.347719017772003,30.7578586078301
228,"web|multi_factor|high|multi_person",1.3200451309608,30.7578586078301
228,"web|simple|medium|one_to_one",1.83306249292787,30.7578586078301
228,"web|two_factor|medium|one_to_one",1.8044807757461,30.7578586078301
228,"mobile|simple|high|one_to_one",3.95083206810872,30.7578586078301
228,"mobile|simple|low|multi_person",4.94928218952206,30.7578586078301
228,"web|multi_factor|low|multi_person",3.48745316653389,30.7578586078301
228,"web|two_factor|medium|multi_person",0.635522861586344,30.7578586078301
228,"mobile|two_factor|low|one_to_one",6.08965838650004,30.7578586078301
228,"web|two_factor|high|one_to_one",0.821238896387749,30.7578586078301
228,"web|two_factor|low|one_to_one",2.98864693196084,30.7578586078301
230,"web|simple|low|multi_person",0.554556198207122,30.4917200284803
230,"mobile|two_factor|low|multi_person",3.5017780162704,30.4917200284803
230,"web|two_factor|low|multi_person",1.09624279468375,30.4917200284803
230,"mobile|multi_factor|low|multi_person",4.20262168517067,30.4917200284803
230,"mobile|simple|medium|multi_person",2.277602333764,30.4917200284803
230,"mobile|multi_factor|medium|multi_person",3.52013259914089,30.4917200284803
230,"web|multi_factor|medium|multi_person",1.11459737755423,30.4917200284803
230,"mobile|simple|high|multi_person",3.01749720621077,30.4917200284803
230,"web|simple|high|multi_person",0.611961984624109,30.4917200284803
230,"mobile|two_factor|high|multi_person",3.55918380268739,30.4917200284803
230,"mobile|multi_factor|high|multi_person",4.26002747158766,30.4917200284803
230,"mobile|simple|low|one_to_one",5.71469016099916,30.4917200284803
230,"web|simple|low|one_to_one",3.3091549394125,30.4917200284803
230,"mobile|multi_factor|low|one_to_one",6.95722042637605,30.4917200284803
230,"web|multi_factor|low|one_to_one",4.55168520478939,30.4917200284803
230,"mobile|simple|medium|one_to_one",5.03220107496938,30.4917200284803
230,"mobile|two_factor|medium|one_to_one",5.573887671446,30.4917200284803
230,"mobile|multi_factor|medium|one_to_one",6.27473134034627,30.4917200284803
230,"web|multi_factor|medium|one_to_one",3.86919611875961,30.4917200284803
230,"web|simple|high|one_to_one",3.36656072582949,30.4917200284803
230,"mobile|two_factor|high|one_to_one",6.31378254389277,30.4917200284803
230,"mobile|multi_factor|high|one_to_one",7.01462621279304,30.4917200284803
230,"web|multi_factor|high|one_to_one",4.60909099120638,30.4917200284803
230,"web|simple|medium|multi_person",-0.127932887822663,30.4917200284803
230,"mobile|two_factor|medium|multi_person",2.81928893024062,30.4917200284803
230,"web|two_factor|high|multi_person",1.15364858110073,30.4917200284803
230,"web|multi_factor|high|multi_person",1.854492250001,30.4917200284803
230,"web|simple|medium|one_to_one",2.62666585338272,30.4917200284803
230,"web|two_factor|medium|one_to_one",3.16835244985934,30.4917200284803
230,"mobile|simple|high|one_to_one",5.77209594741615,30.4917200284803
230,"mobile|simple|low|multi_person",2.96009141979378,30.4917200284803
230,"web|multi_factor|low|multi_person",1.79708646358401,30.4917200284803
230,"web|two_factor|medium|multi_person",0.41375370865396,30.4917200284803
230,"mobile|two_factor|low|one_to_one",6.25637675747578,30.4917200284803
230,"web|two_factor|high|one_to_one",3.90824732230611,30.4917200284803
230,"web|two_factor|low|one_to_one",3.85084153588913,30.4917200284803
231,"web|simple|low|multi_person",2.3496834621413,31.2753980598315
231,"mobile|two_factor|low|multi_person",4.89787844121933,31.2753980598315
231,"web|two_factor|low|multi_person",2.03116141101727,31.2753980598315
231,"mobile|multi_factor|low|multi_person",5.85775286879122,31.2753980598315
231,"mobile|simple|medium|multi_person",3.6878569738667,31.2753980598315
231,"mobile|multi_factor|medium|multi_person",4.32920935031456,31.2753980598315
231,"web|multi_factor|medium|multi_person",1.4624923201125,31.2753980598315
231,"mobile|simple|high|multi_person",3.22483468657783,31.2753980598315
231,"web|simple|high|multi_person",0.358117656375772,31.2753980598315
231,"mobile|two_factor|high|multi_person",2.9063126354538,31.2753980598315
231,"mobile|multi_factor|high|multi_person",3.86618706302569,31.2753980598315
231,"mobile|simple|low|one_to_one",6.7955068352039,31.2753980598315
231,"web|simple|low|one_to_one",3.92878980500184,31.2753980598315
231,"mobile|multi_factor|low|one_to_one",7.43685921165176,31.2753980598315
231,"web|multi_factor|low|one_to_one",4.5701421814497,31.2753980598315
231,"mobile|simple|medium|one_to_one",5.26696331672724,31.2753980598315
231,"mobile|two_factor|medium|one_to_one",4.94844126560321,31.2753980598315
231,"mobile|multi_factor|medium|one_to_one",5.9083156931751,31.2753980598315
231,"web|multi_factor|medium|one_to_one",3.04159866297304,31.2753980598315
231,"web|simple|high|one_to_one",1.93722399923631,31.2753980598315
231,"mobile|two_factor|high|one_to_one",4.48541897831434,31.2753980598315
231,"mobile|multi_factor|high|one_to_one",5.44529340588623,31.2753980598315
231,"web|multi_factor|high|one_to_one",2.57857637568417,31.2753980598315
231,"web|simple|medium|multi_person",0.821139943664639,31.2753980598315
231,"mobile|two_factor|medium|multi_person",3.36933492274267,31.2753980598315
231,"web|two_factor|high|multi_person",0.0395956052517408,31.2753980598315
231,"web|multi_factor|high|multi_person",0.999470032823631,31.2753980598315
231,"web|simple|medium|one_to_one",2.40024628652518,31.2753980598315
231,"web|two_factor|medium|one_to_one",2.08172423540115,31.2753980598315
231,"mobile|simple|high|one_to_one",4.80394102943837,31.2753980598315
231,"mobile|simple|low|multi_person",5.21640049234336,31.2753980598315
231,"web|multi_factor|low|multi_person",2.99103583858916,31.2753980598315
231,"web|two_factor|medium|multi_person",0.502617892540608,31.2753980598315
231,"mobile|two_factor|low|one_to_one",6.47698478407987,31.2753980598315
231,"web|two_factor|high|one_to_one",1.61870194811228,31.2753980598315
231,"web|two_factor|low|one_to_one",3.61026775387781,31.2753980598315
232,"web|simple|low|multi_person",2.88261291692611,30.8611782477681
232,"mobile|two_factor|low|multi_person",3.66468699281841,30.8611782477681
232,"web|two_factor|low|multi_person",2.77242962431051,30.8611782477681
232,"mobile|multi_factor|low|multi_person",4.11432454541592,30.8611782477681
232,"mobile|simple|medium|multi_person",2.29601229127084,30.8611782477681
232,"mobile|multi_factor|medium|multi_person",2.63546655125275,30.8611782477681
232,"web|multi_factor|medium|multi_person",1.74320918274485,30.8611782477681
232,"mobile|simple|high|multi_person",2.07601926550385,30.8611782477681
232,"web|simple|high|multi_person",1.18376189699595,30.8611782477681
232,"mobile|two_factor|high|multi_person",1.96583597288824,30.8611782477681
232,"mobile|multi_factor|high|multi_person",2.41547352548576,30.8611782477681
232,"mobile|simple|low|one_to_one",5.80049329626421,30.8611782477681
232,"web|simple|low|one_to_one",4.90823592775631,30.8611782477681
232,"mobile|multi_factor|low|one_to_one",6.13994755624612,30.8611782477681
232,"web|multi_factor|low|one_to_one",5.24769018773822,30.8611782477681
232,"mobile|simple|medium|one_to_one",4.32163530210104,30.8611782477681
232,"mobile|two_factor|medium|one_to_one",4.21145200948544,30.8611782477681
232,"mobile|multi_factor|medium|one_to_one",4.66108956208295,30.8611782477681
232,"web|multi_factor|medium|one_to_one",3.76883219357505,30.8611782477681
232,"web|simple|high|one_to_one",3.20938490782615,30.8611782477681
232,"mobile|two_factor|high|one_to_one",3.99145898371844,30.8611782477681
232,"mobile|multi_factor|high|one_to_one",4.44109653631596,30.8611782477681
232,"web|multi_factor|high|one_to_one",3.54883916780806,30.8611782477681
232,"web|simple|medium|multi_person",1.40375492276294,30.8611782477681
232,"mobile|two_factor|medium|multi_person",2.18582899865524,30.8611782477681
232,"web|two_factor|high|multi_person",1.07357860438035,30.8611782477681
232,"web|multi_factor|high|multi_person",1.52321615697786,30.8611782477681
232,"web|simple|medium|one_to_one",3.42937793359314,30.8611782477681
232,"web|two_factor|medium|one_to_one",3.31919464097754,30.8611782477681
232,"mobile|simple|high|one_to_one",4.10164227633405,30.8611782477681
232,"mobile|simple|low|multi_person",3.77487028543401,30.8611782477681
232,"web|multi_factor|low|multi_person",3.22206717690802,30.8611782477681
232,"web|two_factor|medium|multi_person",1.29357163014734,30.8611782477681
232,"mobile|two_factor|low|one_to_one",5.69031000364861,30.8611782477681
232,"web|two_factor|high|one_to_one",3.09920161521054,30.8611782477681
232,"web|two_factor|low|one_to_one",4.79805263514071,30.8611782477681
233,"web|simple|low|multi_person",0.989073881497107,31.1390181295016
233,"mobile|two_factor|low|multi_person",5.25918395111379,31.1390181295016
233,"web|two_factor|low|multi_person",2.34076161615965,31.1390181295016
233,"mobile|multi_factor|low|multi_person",4.34596038445923,31.1390181295016
233,"mobile|simple|medium|multi_person",3.38854482093478,31.1390181295016
233,"mobile|multi_factor|medium|multi_person",3.82700898894276,31.1390181295016
233,"web|multi_factor|medium|multi_person",0.908586653988619,31.1390181295016
233,"mobile|simple|high|multi_person",3.22501159438278,31.1390181295016
233,"web|simple|high|multi_person",0.306589259428639,31.1390181295016
233,"mobile|two_factor|high|multi_person",4.57669932904532,31.1390181295016
233,"mobile|multi_factor|high|multi_person",3.66347576239076,31.1390181295016
233,"mobile|simple|low|one_to_one",5.86820221339977,31.1390181295016
233,"web|simple|low|one_to_one",2.94977987844563,31.1390181295016
233,"mobile|multi_factor|low|one_to_one",6.30666638140775,31.1390181295016
233,"web|multi_factor|low|one_to_one",3.38824404645361,31.1390181295016
233,"mobile|simple|medium|one_to_one",5.3492508178833,31.1390181295016
233,"mobile|two_factor|medium|one_to_one",6.70093855254584,31.1390181295016
233,"mobile|multi_factor|medium|one_to_one",5.78771498589128,31.1390181295016
233,"web|multi_factor|medium|one_to_one",2.86929265093714,31.1390181295016
233,"web|simple|high|one_to_one",2.26729525637716,31.1390181295016
233,"mobile|two_factor|high|one_to_one",6.53740532599384,31.1390181295016
233,"mobile|multi_factor|high|one_to_one",5.62418175933928,31.1390181295016
233,"web|multi_factor|high|one_to_one",2.70575942438514,31.1390181295016
233,"web|simple|medium|multi_person",0.470122485980636,31.1390181295016
233,"mobile|two_factor|medium|multi_person",4.74023255559732,31.1390181295016
233,"web|two_factor|high|multi_person",1.65827699409118,31.1390181295016
233,"web|multi_factor|high|multi_person",0.745053427436622,31.1390181295016
233,"web|simple|medium|one_to_one",2.43082848292916,31.1390181295016
233,"web|two_factor|medium|one_to_one",3.7825162175917,31.1390181295016
233,"mobile|simple|high|one_to_one",5.1857175913313,31.1390181295016
233,"mobile|simple|low|multi_person",3.90749621645125,31.1390181295016
233,"web|multi_factor|low|multi_person",1.42753804950509,31.1390181295016
233,"web|two_factor|medium|multi_person",1.82181022064318,31.1390181295016
233,"mobile|two_factor|low|one_to_one",7.21988994806231,31.1390181295016
233,"web|two_factor|high|one_to_one",3.6189829910397,31.1390181295016
233,"web|two_factor|low|one_to_one",4.30146761310817,31.1390181295016
234,"web|simple|low|multi_person",2.34730055816919,31.1597395682122
234,"mobile|two_factor|low|multi_person",4.83669598140622,31.1597395682122
234,"web|two_factor|low|multi_person",1.82838755021368,31.1597395682122
234,"mobile|multi_factor|low|multi_person",5.5210874676382,31.1597395682122
234,"mobile|simple|medium|multi_person",4.51778110274535,31.1597395682122
234,"mobile|multi_factor|medium|multi_person",4.68325958102182,31.1597395682122
234,"web|multi_factor|medium|multi_person",1.67495114982928,31.1597395682122
234,"mobile|simple|high|multi_person",5.25921872480411,31.1597395682122
234,"web|simple|high|multi_person",2.25091029361157,31.1597395682122
234,"mobile|two_factor|high|multi_person",4.74030571684859,31.1597395682122
234,"mobile|multi_factor|high|multi_person",5.42469720308057,31.1597395682122
234,"mobile|simple|low|one_to_one",5.29691183786771,31.1597395682122
234,"web|simple|low|one_to_one",2.28860340667517,31.1597395682122
234,"mobile|multi_factor|low|one_to_one",5.46239031614418,31.1597395682122
234,"web|multi_factor|low|one_to_one",2.45408188495164,31.1597395682122
234,"mobile|simple|medium|one_to_one",4.45908395125133,31.1597395682122
234,"mobile|two_factor|medium|one_to_one",3.94017094329582,31.1597395682122
234,"mobile|multi_factor|medium|one_to_one",4.6245624295278,31.1597395682122
234,"web|multi_factor|medium|one_to_one",1.61625399833526,31.1597395682122
234,"web|simple|high|one_to_one",2.19221314211754,31.1597395682122
234,"mobile|two_factor|high|one_to_one",4.68160856535457,31.1597395682122
234,"mobile|multi_factor|high|one_to_one",5.36600005158655,31.1597395682122
234,"web|multi_factor|high|one_to_one",2.35769162039401,31.1597395682122
234,"web|simple|medium|multi_person",1.50947267155281,31.1597395682122
234,"mobile|two_factor|medium|multi_person",3.99886809478984,31.1597395682122
234,"web|two_factor|high|multi_person",1.73199728565605,31.1597395682122
234,"web|multi_factor|high|multi_person",2.41638877188803,31.1597395682122
234,"web|simple|medium|one_to_one",1.45077552005879,31.1597395682122
234,"web|two_factor|medium|one_to_one",0.931862512103276,31.1597395682122
234,"mobile|simple|high|one_to_one",5.20052157331008,31.1597395682122
234,"mobile|simple|low|multi_person",5.35560898936173,31.1597395682122
234,"web|multi_factor|low|multi_person",2.51277903644566,31.1597395682122
234,"web|two_factor|medium|multi_person",0.990559663597296,31.1597395682122
234,"mobile|two_factor|low|one_to_one",4.7779988299122,31.1597395682122
234,"web|two_factor|high|one_to_one",1.67330013416203,31.1597395682122
234,"web|two_factor|low|one_to_one",1.76969039871966,31.1597395682122
235,"web|simple|low|multi_person",2.38400672705937,30.9399462778447
235,"mobile|two_factor|low|multi_person",5.40010730224655,30.9399462778447
235,"web|two_factor|low|multi_person",2.49218047850829,30.9399462778447
235,"mobile|multi_factor|low|multi_person",5.66107615275435,30.9399462778447
235,"mobile|simple|medium|multi_person",3.36989513192939,30.9399462778447
235,"mobile|multi_factor|medium|multi_person",3.73903773388611,30.9399462778447
235,"web|multi_factor|medium|multi_person",0.83111091014785,30.9399462778447
235,"mobile|simple|high|multi_person",3.21446442555851,30.9399462778447
235,"web|simple|high|multi_person",0.306537601820248,30.9399462778447
235,"mobile|two_factor|high|multi_person",3.32263817700743,30.9399462778447
235,"mobile|multi_factor|high|multi_person",3.58360702751523,30.9399462778447
235,"mobile|simple|low|one_to_one",7.25278771282893,30.9399462778447
235,"web|simple|low|one_to_one",4.34486088909067,30.9399462778447
235,"mobile|multi_factor|low|one_to_one",7.62193031478565,30.9399462778447
235,"web|multi_factor|low|one_to_one",4.71400349104739,30.9399462778447
235,"mobile|simple|medium|one_to_one",5.33074929396069,30.9399462778447
235,"mobile|two_factor|medium|one_to_one",5.43892304540961,30.9399462778447
235,"mobile|multi_factor|medium|one_to_one",5.69989189591741,30.9399462778447
235,"web|multi_factor|medium|one_to_one",2.79196507217915,30.9399462778447
235,"web|simple|high|one_to_one",2.26739176385155,30.9399462778447
235,"mobile|two_factor|high|one_to_one",5.28349233903873,30.9399462778447
235,"mobile|multi_factor|high|one_to_one",5.54446118954653,30.9399462778447
235,"web|multi_factor|high|one_to_one",2.63653436580827,30.9399462778447
235,"web|simple|medium|multi_person",0.461968308191128,30.9399462778447
235,"mobile|two_factor|medium|multi_person",3.47806888337831,30.9399462778447
235,"web|two_factor|high|multi_person",0.414711353269168,30.9399462778447
235,"web|multi_factor|high|multi_person",0.67568020377697,30.9399462778447
235,"web|simple|medium|one_to_one",2.42282247022243,30.9399462778447
235,"web|two_factor|medium|one_to_one",2.53099622167135,30.9399462778447
235,"mobile|simple|high|one_to_one",5.17531858758981,30.9399462778447
235,"mobile|simple|low|multi_person",5.29193355079763,30.9399462778447
235,"web|multi_factor|low|multi_person",2.75314932901609,30.9399462778447
235,"web|two_factor|medium|multi_person",0.570142059640047,30.9399462778447
235,"mobile|two_factor|low|one_to_one",7.36096146427785,30.9399462778447
235,"web|two_factor|high|one_to_one",2.37556551530047,30.9399462778447
235,"web|two_factor|low|one_to_one",4.45303464053959,30.9399462778447
236,"web|simple|low|multi_person",2.28174955077409,30.9855351151768
236,"mobile|two_factor|low|multi_person",5.14232889244134,30.9855351151768
236,"web|two_factor|low|multi_person",2.40204884223028,30.9855351151768
236,"mobile|multi_factor|low|multi_person",6.49898589250599,30.9855351151768
236,"mobile|simple|medium|multi_person",3.22669444296079,30.9855351151768
236,"mobile|multi_factor|medium|multi_person",4.70365073448164,30.9855351151768
236,"web|multi_factor|medium|multi_person",1.96337068427058,30.9855351151768
236,"mobile|simple|high|multi_person",2.45144620185419,30.9855351151768
236,"web|simple|high|multi_person",-0.288833848356871,30.9855351151768
236,"mobile|two_factor|high|multi_person",2.57174549331038,30.9855351151768
236,"mobile|multi_factor|high|multi_person",3.92840249337503,30.9855351151768
236,"mobile|simple|low|one_to_one",6.41975354499269,30.9855351151768
236,"web|simple|low|one_to_one",3.67947349478163,30.9855351151768
236,"mobile|multi_factor|low|one_to_one",7.89670983651353,30.9855351151768
236,"web|multi_factor|low|one_to_one",5.15642978630247,30.9855351151768
236,"mobile|simple|medium|one_to_one",4.62441838696833,30.9855351151768
236,"mobile|two_factor|medium|one_to_one",4.74471767842453,30.9855351151768
236,"mobile|multi_factor|medium|one_to_one",6.10137467848918,30.9855351151768
236,"web|multi_factor|medium|one_to_one",3.36109462827812,30.9855351151768
236,"web|simple|high|one_to_one",1.10889009565067,30.9855351151768
236,"mobile|two_factor|high|one_to_one",3.96946943731792,30.9855351151768
236,"mobile|multi_factor|high|one_to_one",5.32612643738257,30.9855351151768
236,"web|multi_factor|high|one_to_one",2.58584638717151,30.9855351151768
236,"web|simple|medium|multi_person",0.486414392749733,30.9855351151768
236,"mobile|two_factor|medium|multi_person",3.34699373441699,30.9855351151768
236,"web|two_factor|high|multi_person",-0.168534556900676,30.9855351151768
236,"web|multi_factor|high|multi_person",1.18812244316397,30.9855351151768
236,"web|simple|medium|one_to_one",1.88413833675727,30.9855351151768
236,"web|two_factor|medium|one_to_one",2.00443762821347,30.9855351151768
236,"mobile|simple|high|one_to_one",3.84917014586173,30.9855351151768
236,"mobile|simple|low|multi_person",5.02202960098515,30.9855351151768
236,"web|multi_factor|low|multi_person",3.75870584229493,30.9855351151768
236,"web|two_factor|medium|multi_person",0.606713684205928,30.9855351151768
236,"mobile|two_factor|low|one_to_one",6.54005283644888,30.9855351151768
236,"web|two_factor|high|one_to_one",1.22918938710686,30.9855351151768
236,"web|two_factor|low|one_to_one",3.79977278623782,30.9855351151768
237,"web|simple|low|multi_person",3.01085014659786,31.2290171253099
237,"mobile|two_factor|low|multi_person",5.28789535169286,31.2290171253099
237,"web|two_factor|low|multi_person",2.48626933657374,31.2290171253099
237,"mobile|multi_factor|low|multi_person",6.13927319143912,31.2290171253099
237,"mobile|simple|medium|multi_person",3.78970663636338,31.2290171253099
237,"mobile|multi_factor|medium|multi_person",4.11650366608551,31.2290171253099
237,"web|multi_factor|medium|multi_person",1.31487765096639,31.2290171253099
237,"mobile|simple|high|multi_person",3.71244481756405,31.2290171253099
237,"web|simple|high|multi_person",0.910818802444926,31.2290171253099
237,"mobile|two_factor|high|multi_person",3.18786400753993,31.2290171253099
237,"mobile|multi_factor|high|multi_person",4.03924184728618,31.2290171253099
237,"mobile|simple|low|one_to_one",6.79186760742863,31.2290171253099
237,"web|simple|low|one_to_one",3.99024159230951,31.2290171253099
237,"mobile|multi_factor|low|one_to_one",7.11866463715077,31.2290171253099
237,"web|multi_factor|low|one_to_one",4.31703862203165,31.2290171253099
237,"mobile|simple|medium|one_to_one",4.76909808207503,31.2290171253099
237,"mobile|two_factor|medium|one_to_one",4.24451727205091,31.2290171253099
237,"mobile|multi_factor|medium|one_to_one",5.09589511179716,31.2290171253099
237,"web|multi_factor|medium|one_to_one",2.29426909667804,31.2290171253099
237,"web|simple|high|one_to_one",1.89021024815658,31.2290171253099
237,"mobile|two_factor|high|one_to_one",4.16725545325158,31.2290171253099
237,"mobile|multi_factor|high|one_to_one",5.01863329299783,31.2290171253099
237,"web|multi_factor|high|one_to_one",2.21700727787871,31.2290171253099
237,"web|simple|medium|multi_person",0.988080621244255,31.2290171253099
237,"mobile|two_factor|medium|multi_person",3.26512582633926,31.2290171253099
237,"web|two_factor|high|multi_person",0.38623799242081,31.2290171253099
237,"web|multi_factor|high|multi_person",1.23761583216706,31.2290171253099
237,"web|simple|medium|one_to_one",1.96747206695591,31.2290171253099
237,"web|two_factor|medium|one_to_one",1.44289125693179,31.2290171253099
237,"mobile|simple|high|one_to_one",4.6918362632757,31.2290171253099
237,"mobile|simple|low|multi_person",5.81247616171698,31.2290171253099
237,"web|multi_factor|low|multi_person",3.33764717632,31.2290171253099
237,"web|two_factor|medium|multi_person",0.463499811220139,31.2290171253099
237,"mobile|two_factor|low|one_to_one",6.26728679740452,31.2290171253099
237,"web|two_factor|high|one_to_one",1.36562943813246,31.2290171253099
237,"web|two_factor|low|one_to_one",3.4656607822854,31.2290171253099
238,"web|simple|low|multi_person",-0.37473455922659,29.5570266641428
238,"mobile|two_factor|low|multi_person",4.00376977239637,29.5570266641428
238,"web|two_factor|low|multi_person",0.766994184574328,29.5570266641428
238,"mobile|multi_factor|low|multi_person",4.46189782521602,29.5570266641428
238,"mobile|simple|medium|multi_person",2.22213529806579,29.5570266641428
238,"mobile|multi_factor|medium|multi_person",3.82199209468636,29.5570266641428
238,"web|multi_factor|medium|multi_person",0.585216506864316,29.5570266641428
238,"mobile|simple|high|multi_person",3.32697847466696,29.5570266641428
238,"web|simple|high|multi_person",0.0902028868449147,29.5570266641428
238,"mobile|two_factor|high|multi_person",4.46870721846787,29.5570266641428
238,"mobile|multi_factor|high|multi_person",4.92683527128752,29.5570266641428
238,"mobile|simple|low|one_to_one",5.77199926627733,29.5570266641428
238,"web|simple|low|one_to_one",2.53522367845529,29.5570266641428
238,"mobile|multi_factor|low|one_to_one",7.3718560628979,29.5570266641428
238,"web|multi_factor|low|one_to_one",4.13508047507586,29.5570266641428
238,"mobile|simple|medium|one_to_one",5.13209353574767,29.5570266641428
238,"mobile|two_factor|medium|one_to_one",6.27382227954859,29.5570266641428
238,"mobile|multi_factor|medium|one_to_one",6.73195033236824,29.5570266641428
238,"web|multi_factor|medium|one_to_one",3.4951747445462,29.5570266641428
238,"web|simple|high|one_to_one",3.00016112452679,29.5570266641428
238,"mobile|two_factor|high|one_to_one",7.37866545614975,29.5570266641428
238,"mobile|multi_factor|high|one_to_one",7.8367935089694,29.5570266641428
238,"web|multi_factor|high|one_to_one",4.60001792114736,29.5570266641428
238,"web|simple|medium|multi_person",-1.01464028975625,29.5570266641428
238,"mobile|two_factor|medium|multi_person",3.36386404186671,29.5570266641428
238,"web|two_factor|high|multi_person",1.23193163064583,29.5570266641428
238,"web|multi_factor|high|multi_person",1.69005968346548,29.5570266641428
238,"web|simple|medium|one_to_one",1.89531794792563,29.5570266641428
238,"web|two_factor|medium|one_to_one",3.03704669172655,29.5570266641428
238,"mobile|simple|high|one_to_one",6.23693671234884,29.5570266641428
238,"mobile|simple|low|multi_person",2.86204102859545,29.5570266641428
238,"web|multi_factor|low|multi_person",1.22512223739397,29.5570266641428
238,"web|two_factor|medium|multi_person",0.127088454044669,29.5570266641428
238,"mobile|two_factor|low|one_to_one",6.91372801007825,29.5570266641428
238,"web|two_factor|high|one_to_one",4.14188986832771,29.5570266641428
238,"web|two_factor|low|one_to_one",3.67695242225621,29.5570266641428
239,"web|simple|low|multi_person",1.81558248232106,30.7884790821654
239,"mobile|two_factor|low|multi_person",5.11397189790808,30.7884790821654
239,"web|two_factor|low|multi_person",2.57343544493098,30.7884790821654
239,"mobile|multi_factor|low|multi_person",5.07356226833907,30.7884790821654
239,"mobile|simple|medium|multi_person",2.67134248128791,30.7884790821654
239,"mobile|multi_factor|medium|multi_person",3.38878581432881,30.7884790821654
239,"web|multi_factor|medium|multi_person",0.848249361351712,30.7884790821654
239,"mobile|simple|high|multi_person",2.47813007022461,30.7884790821654
239,"web|simple|high|multi_person",-0.0624063827524881,30.7884790821654
239,"mobile|two_factor|high|multi_person",3.23598303283452,30.7884790821654
239,"mobile|multi_factor|high|multi_person",3.19557340326551,30.7884790821654
239,"mobile|simple|low|one_to_one",7.03207249448153,30.7884790821654
239,"web|simple|low|one_to_one",4.49153604150442,30.7884790821654
239,"mobile|multi_factor|low|one_to_one",7.74951582752243,30.7884790821654
239,"web|multi_factor|low|one_to_one",5.20897937454533,30.7884790821654
239,"mobile|simple|medium|one_to_one",5.34729604047127,30.7884790821654
239,"mobile|two_factor|medium|one_to_one",6.10514900308118,30.7884790821654
239,"mobile|multi_factor|medium|one_to_one",6.06473937351217,30.7884790821654
239,"web|multi_factor|medium|one_to_one",3.52420292053507,30.7884790821654
239,"web|simple|high|one_to_one",2.61354717643087,30.7884790821654
239,"mobile|two_factor|high|one_to_one",5.91193659201788,30.7884790821654
239,"mobile|multi_factor|high|one_to_one",5.87152696244887,30.7884790821654
239,"web|multi_factor|high|one_to_one",3.33099050947177,30.7884790821654
239,"web|simple|medium|multi_person",0.13080602831081,30.7884790821654
239,"mobile|two_factor|medium|multi_person",3.42919544389782,30.7884790821654
239,"web|two_factor|high|multi_person",0.695446579857424,30.7884790821654
239,"web|multi_factor|high|multi_person",0.655036950288414,30.7884790821654
239,"web|simple|medium|one_to_one",2.80675958749417,30.7884790821654
239,"web|two_factor|medium|one_to_one",3.56461255010408,30.7884790821654
239,"mobile|simple|high|one_to_one",5.15408362940797,30.7884790821654
239,"mobile|simple|low|multi_person",4.35611893529816,30.7884790821654
239,"web|multi_factor|low|multi_person",2.53302581536197,30.7884790821654
239,"web|two_factor|medium|multi_person",0.888658990920722,30.7884790821654
239,"mobile|two_factor|low|one_to_one",7.78992545709144,30.7884790821654
239,"web|two_factor|high|one_to_one",3.37140013904078,30.7884790821654
239,"web|two_factor|low|one_to_one",5.24938900411434,30.7884790821654
240,"web|simple|low|multi_person",2.30470333195592,30.9062333032795
240,"mobile|two_factor|low|multi_person",4.06016548844243,30.9062333032795
240,"web|two_factor|low|multi_person",1.94348557771901,30.9062333032795
240,"mobile|multi_factor|low|multi_person",5.28898008632099,30.9062333032795
240,"mobile|simple|medium|multi_person",2.93997383227,30.9062333032795
240,"mobile|multi_factor|medium|multi_person",3.80757067591166,30.9062333032795
240,"web|multi_factor|medium|multi_person",1.69089076518824,30.9062333032795
240,"mobile|simple|high|multi_person",3.54584714886135,30.9062333032795
240,"web|simple|high|multi_person",1.42916723813793,30.9062333032795
240,"mobile|two_factor|high|multi_person",3.18462939462444,30.9062333032795
240,"mobile|multi_factor|high|multi_person",4.413443992503,30.9062333032795
240,"mobile|simple|low|one_to_one",5.4958194312621,30.9062333032795
240,"web|simple|low|one_to_one",3.37913952053868,30.9062333032795
240,"mobile|multi_factor|low|one_to_one",6.36341627490375,30.9062333032795
240,"web|multi_factor|low|one_to_one",4.24673636418033,30.9062333032795
240,"mobile|simple|medium|one_to_one",4.01441002085276,30.9062333032795
240,"mobile|two_factor|medium|one_to_one",3.65319226661585,30.9062333032795
240,"mobile|multi_factor|medium|one_to_one",4.88200686449442,30.9062333032795
240,"web|multi_factor|medium|one_to_one",2.765326953771,30.9062333032795
240,"web|simple|high|one_to_one",2.50360342672069,30.9062333032795
240,"mobile|two_factor|high|one_to_one",4.2590655832072,30.9062333032795
240,"mobile|multi_factor|high|one_to_one",5.48788018108576,30.9062333032795
240,"web|multi_factor|high|one_to_one",3.37120027036234,30.9062333032795
240,"web|simple|medium|multi_person",0.823293921546581,30.9062333032795
240,"mobile|two_factor|medium|multi_person",2.57875607803309,30.9062333032795
240,"web|two_factor|high|multi_person",1.06794948390102,30.9062333032795
240,"web|multi_factor|high|multi_person",2.29676408177958,30.9062333032795
240,"web|simple|medium|one_to_one",1.89773011012934,30.9062333032795
240,"web|two_factor|medium|one_to_one",1.53651235589243,30.9062333032795
240,"mobile|simple|high|one_to_one",4.62028333744411,30.9062333032795
240,"mobile|simple|low|multi_person",4.42138324267934,30.9062333032795
240,"web|multi_factor|low|multi_person",3.17230017559757,30.9062333032795
240,"web|two_factor|medium|multi_person",0.46207616730967,30.9062333032795
240,"mobile|two_factor|low|one_to_one",5.13460167702519,30.9062333032795
240,"web|two_factor|high|one_to_one",2.14238567248378,30.9062333032795
240,"web|two_factor|low|one_to_one",3.01792176630177,30.9062333032795
241,"web|simple|low|multi_person",2.10949706088779,30.8984400535904
241,"mobile|two_factor|low|multi_person",4.59977173178931,30.8984400535904
241,"web|two_factor|low|multi_person",2.09110481607387,30.8984400535904
241,"mobile|multi_factor|low|multi_person",5.51716689817268,30.8984400535904
241,"mobile|simple|medium|multi_person",3.21331213907042,30.8984400535904
241,"mobile|multi_factor|medium|multi_person",4.11231506063987,30.8984400535904
241,"web|multi_factor|medium|multi_person",1.60364814492443,30.8984400535904
241,"mobile|simple|high|multi_person",2.64088686397019,30.8984400535904
241,"web|simple|high|multi_person",0.132219948254754,30.8984400535904
241,"mobile|two_factor|high|multi_person",2.62249461915627,30.8984400535904
241,"mobile|multi_factor|high|multi_person",3.53988978553964,30.8984400535904
241,"mobile|simple|low|one_to_one",6.48673059679599,30.8984400535904
241,"web|simple|low|one_to_one",3.97806368108055,30.8984400535904
241,"mobile|multi_factor|low|one_to_one",7.38573351836544,30.8984400535904
241,"web|multi_factor|low|one_to_one",4.87706660265,30.8984400535904
241,"mobile|simple|medium|one_to_one",5.08187875926317,30.8984400535904
241,"mobile|two_factor|medium|one_to_one",5.06348651444926,30.8984400535904
241,"mobile|multi_factor|medium|one_to_one",5.98088168083262,30.8984400535904
241,"web|multi_factor|medium|one_to_one",3.47221476511718,30.8984400535904
241,"web|simple|high|one_to_one",2.00078656844751,30.8984400535904
241,"mobile|two_factor|high|one_to_one",4.49106123934903,30.8984400535904
241,"mobile|multi_factor|high|one_to_one",5.4084564057324,30.8984400535904
241,"web|multi_factor|high|one_to_one",2.89978949001696,30.8984400535904
241,"web|simple|medium|multi_person",0.704645223354977,30.8984400535904
241,"mobile|two_factor|medium|multi_person",3.1949198942565,30.8984400535904
241,"web|two_factor|high|multi_person",0.113827703440834,30.8984400535904
241,"web|multi_factor|high|multi_person",1.0312228698242,30.8984400535904
241,"web|simple|medium|one_to_one",2.57321184354773,30.8984400535904
241,"web|two_factor|medium|one_to_one",2.55481959873382,30.8984400535904
241,"mobile|simple|high|one_to_one",4.50945348416295,30.8984400535904
241,"mobile|simple|low|multi_person",4.61816397660323,30.8984400535904
241,"web|multi_factor|low|multi_person",3.00849998245724,30.8984400535904
241,"web|two_factor|medium|multi_person",0.686252978541057,30.8984400535904
241,"mobile|two_factor|low|one_to_one",6.46833835198207,30.8984400535904
241,"web|two_factor|high|one_to_one",1.98239432363359,30.8984400535904
241,"web|two_factor|low|one_to_one",3.95967143626663,30.8984400535904
242,"web|simple|low|multi_person",1.5991823501207,30.7577295279093
242,"mobile|two_factor|low|multi_person",4.90222023240544,30.7577295279093
242,"web|two_factor|low|multi_person",2.04591198408116,30.7577295279093
242,"mobile|multi_factor|low|multi_person",6.65513871971566,30.7577295279093
242,"mobile|simple|medium|multi_person",2.37655590122295,30.7577295279093
242,"mobile|multi_factor|medium|multi_person",4.57620402249362,30.7577295279093
242,"web|multi_factor|medium|multi_person",1.71989577416934,30.7577295279093
242,"mobile|simple|high|multi_person",2.8030470472127,30.7577295279093
242,"web|simple|high|multi_person",-0.0532612011115801,30.7577295279093
242,"mobile|two_factor|high|multi_person",3.24977668117316,30.7577295279093
242,"mobile|multi_factor|high|multi_person",5.00269516848338,30.7577295279093
242,"mobile|simple|low|one_to_one",5.42295690044005,30.7577295279093
242,"web|simple|low|one_to_one",2.56664865211577,30.7577295279093
242,"mobile|multi_factor|low|one_to_one",7.62260502171072,30.7577295279093
242,"web|multi_factor|low|one_to_one",4.76629677338644,30.7577295279093
242,"mobile|simple|medium|one_to_one",3.34402220321801,30.7577295279093
242,"mobile|two_factor|medium|one_to_one",3.79075183717847,30.7577295279093
242,"mobile|multi_factor|medium|one_to_one",5.54367032448869,30.7577295279093
242,"web|multi_factor|medium|one_to_one",2.68736207616441,30.7577295279093
242,"web|simple|high|one_to_one",0.914205100883488,30.7577295279093
242,"mobile|two_factor|high|one_to_one",4.21724298316823,30.7577295279093
242,"mobile|multi_factor|high|one_to_one",5.97016147047844,30.7577295279093
242,"web|multi_factor|high|one_to_one",3.11385322215417,30.7577295279093
242,"web|simple|medium|multi_person",-0.479752347101333,30.7577295279093
242,"mobile|two_factor|medium|multi_person",2.82328553518341,30.7577295279093
242,"web|two_factor|high|multi_person",0.393468432848879,30.7577295279093
242,"web|multi_factor|high|multi_person",2.1463869201591,30.7577295279093
242,"web|simple|medium|one_to_one",0.487713954893735,30.7577295279093
242,"web|two_factor|medium|one_to_one",0.934443588854194,30.7577295279093
242,"mobile|simple|high|one_to_one",3.77051334920777,30.7577295279093
242,"mobile|simple|low|multi_person",4.45549059844498,30.7577295279093
242,"web|multi_factor|low|multi_person",3.79883047139138,30.7577295279093
242,"web|two_factor|medium|multi_person",-0.0330227131408742,30.7577295279093
242,"mobile|two_factor|low|one_to_one",5.86968653440051,30.7577295279093
242,"web|two_factor|high|one_to_one",1.36093473484395,30.7577295279093
242,"web|two_factor|low|one_to_one",3.01337828607623,30.7577295279093
243,"web|simple|low|multi_person",1.88854302013425,29.6410663382078
243,"mobile|two_factor|low|multi_person",5.24804406949351,29.6410663382078
243,"web|two_factor|low|multi_person",0.630056972023972,29.6410663382078
243,"mobile|multi_factor|low|multi_person",8.20130447789157,29.6410663382078
243,"mobile|simple|medium|multi_person",3.82586268879736,29.6410663382078
243,"mobile|multi_factor|medium|multi_person",5.52063704908514,29.6410663382078
243,"web|multi_factor|medium|multi_person",0.902649951615598,29.6410663382078
243,"mobile|simple|high|multi_person",3.4303622826454,29.6410663382078
243,"web|simple|high|multi_person",-1.18762481482414,29.6410663382078
243,"mobile|two_factor|high|multi_person",2.17187623453511,29.6410663382078
243,"mobile|multi_factor|high|multi_person",5.12513664293317,29.6410663382078
243,"mobile|simple|low|one_to_one",8.32885687819657,29.6410663382078
243,"web|simple|low|one_to_one",3.71086978072703,29.6410663382078
243,"mobile|multi_factor|low|one_to_one",10.0236312384843,29.6410663382078
243,"web|multi_factor|low|one_to_one",5.40564414101481,29.6410663382078
243,"mobile|simple|medium|one_to_one",5.64818944939014,29.6410663382078
243,"mobile|two_factor|medium|one_to_one",4.38970340127985,29.6410663382078
243,"mobile|multi_factor|medium|one_to_one",7.34296380967791,29.6410663382078
243,"web|multi_factor|medium|one_to_one",2.72497671220837,29.6410663382078
243,"web|simple|high|one_to_one",0.634701945768631,29.6410663382078
243,"mobile|two_factor|high|one_to_one",3.99420299512789,29.6410663382078
243,"mobile|multi_factor|high|one_to_one",6.94746340352595,29.6410663382078
243,"web|multi_factor|high|one_to_one",2.32947630605641,29.6410663382078
243,"web|simple|medium|multi_person",-0.792124408672179,29.6410663382078
243,"mobile|two_factor|medium|multi_person",2.56737664068708,29.6410663382078
243,"web|two_factor|high|multi_person",-2.44611086293443,29.6410663382078
243,"web|multi_factor|high|multi_person",0.507149545463632,29.6410663382078
243,"web|simple|medium|one_to_one",1.0302023519206,29.6410663382078
243,"web|two_factor|medium|one_to_one",-0.228283696189686,29.6410663382078
243,"mobile|simple|high|one_to_one",5.25268904323817,29.6410663382078
243,"mobile|simple|low|multi_person",6.5065301176038,29.6410663382078
243,"web|multi_factor|low|multi_person",3.58331738042203,29.6410663382078
243,"web|two_factor|medium|multi_person",-2.05061045678246,29.6410663382078
243,"mobile|two_factor|low|one_to_one",7.07037083008629,29.6410663382078
243,"web|two_factor|high|one_to_one",-0.623784102341652,29.6410663382078
243,"web|two_factor|low|one_to_one",2.45238373261675,29.6410663382078
245,"web|simple|low|multi_person",2.49051009486216,30.1692773076847
245,"mobile|two_factor|low|multi_person",4.77851834774836,30.1692773076847
245,"web|two_factor|low|multi_person",2.2470941555209,30.1692773076847
245,"mobile|multi_factor|low|multi_person",5.52186638464018,30.1692773076847
245,"mobile|simple|medium|multi_person",2.10950522078152,30.1692773076847
245,"mobile|multi_factor|medium|multi_person",2.60943731833208,30.1692773076847
245,"web|multi_factor|medium|multi_person",0.0780131261046251,30.1692773076847
245,"mobile|simple|high|multi_person",2.36039297908697,30.1692773076847
245,"web|simple|high|multi_person",-0.17103121314049,30.1692773076847
245,"mobile|two_factor|high|multi_person",2.11697703974571,30.1692773076847
245,"mobile|multi_factor|high|multi_person",2.86032507663753,30.1692773076847
245,"mobile|simple|low|one_to_one",8.27747383012296,30.1692773076847
245,"web|simple|low|one_to_one",5.7460496378955,30.1692773076847
245,"mobile|multi_factor|low|one_to_one",8.77740592767353,30.1692773076847
245,"web|multi_factor|low|one_to_one",6.24598173544606,30.1692773076847
245,"mobile|simple|medium|one_to_one",5.36504476381486,30.1692773076847
245,"mobile|two_factor|medium|one_to_one",5.1216288244736,30.1692773076847
245,"mobile|multi_factor|medium|one_to_one",5.86497686136542,30.1692773076847
245,"web|multi_factor|medium|one_to_one",3.33355266913796,30.1692773076847
245,"web|simple|high|one_to_one",3.08450832989285,30.1692773076847
245,"mobile|two_factor|high|one_to_one",5.37251658277905,30.1692773076847
245,"mobile|multi_factor|high|one_to_one",6.11586461967087,30.1692773076847
245,"web|multi_factor|high|one_to_one",3.58444042744341,30.1692773076847
245,"web|simple|medium|multi_person",-0.421918971445939,30.1692773076847
245,"mobile|two_factor|medium|multi_person",1.86608928144026,30.1692773076847
245,"web|two_factor|high|multi_person",-0.414447152481747,30.1692773076847
245,"web|multi_factor|high|multi_person",0.328900884410074,30.1692773076847
245,"web|simple|medium|one_to_one",2.8336205715874,30.1692773076847
245,"web|two_factor|medium|one_to_one",2.59020463224614,30.1692773076847
245,"mobile|simple|high|one_to_one",5.61593252212031,30.1692773076847
245,"mobile|simple|low|multi_person",5.02193428708962,30.1692773076847
245,"web|multi_factor|low|multi_person",2.99044219241272,30.1692773076847
245,"web|two_factor|medium|multi_person",-0.665334910787196,30.1692773076847
245,"mobile|two_factor|low|one_to_one",8.0340578907817,30.1692773076847
245,"web|two_factor|high|one_to_one",2.84109239055159,30.1692773076847
245,"web|two_factor|low|one_to_one",5.50263369855424,30.1692773076847
246,"web|simple|low|multi_person",1.9516983016548,30.831230904651
246,"mobile|two_factor|low|multi_person",3.00847835599648,30.831230904651
246,"web|two_factor|low|multi_person",0.458168563596696,30.831230904651
246,"mobile|multi_factor|low|multi_person",4.66552467695788,30.831230904651
246,"mobile|simple|medium|multi_person",3.75802289291577,30.831230904651
246,"mobile|multi_factor|medium|multi_person",3.92153947581907,30.831230904651
246,"web|multi_factor|medium|multi_person",1.37122968341929,30.831230904651
246,"mobile|simple|high|multi_person",4.53428369036955,30.831230904651
246,"web|simple|high|multi_person",1.98397389796977,30.831230904651
246,"mobile|two_factor|high|multi_person",3.04075395231144,30.831230904651
246,"mobile|multi_factor|high|multi_person",4.69780027327285,30.831230904651
246,"mobile|simple|low|one_to_one",5.96909406030204,30.831230904651
246,"web|simple|low|one_to_one",3.41878426790226,30.831230904651
246,"mobile|multi_factor|low|one_to_one",6.13261064320534,30.831230904651
246,"web|multi_factor|low|one_to_one",3.58230085080555,30.831230904651
246,"mobile|simple|medium|one_to_one",5.22510885916322,30.831230904651
246,"mobile|two_factor|medium|one_to_one",3.73157912110512,30.831230904651
246,"mobile|multi_factor|medium|one_to_one",5.38862544206652,30.831230904651
246,"web|multi_factor|medium|one_to_one",2.83831564966674,30.831230904651
246,"web|simple|high|one_to_one",3.45105986421722,30.831230904651
246,"mobile|two_factor|high|one_to_one",4.50783991855889,30.831230904651
246,"mobile|multi_factor|high|one_to_one",6.1648862395203,30.831230904651
246,"web|multi_factor|high|one_to_one",3.61457644712052,30.831230904651
246,"web|simple|medium|multi_person",1.20771310051599,30.831230904651
246,"mobile|two_factor|medium|multi_person",2.26449315485766,30.831230904651
246,"web|two_factor|high|multi_person",0.49044415991166,30.831230904651
246,"web|multi_factor|high|multi_person",2.14749048087307,30.831230904651
246,"web|simple|medium|one_to_one",2.67479906676344,30.831230904651
246,"web|two_factor|medium|one_to_one",1.18126932870534,30.831230904651
246,"mobile|simple|high|one_to_one",6.001369656617,30.831230904651
246,"mobile|simple|low|multi_person",4.50200809405458,30.831230904651
246,"web|multi_factor|low|multi_person",2.1152148845581,30.831230904651
246,"web|two_factor|medium|multi_person",-0.285816637542117,30.831230904651
246,"mobile|two_factor|low|one_to_one",4.47556432224393,30.831230904651
246,"web|two_factor|high|one_to_one",1.95753012615911,30.831230904651
246,"web|two_factor|low|one_to_one",1.92525452984415,30.831230904651
247,"web|simple|low|multi_person",1.84641358006659,31.0935012779603
247,"mobile|two_factor|low|multi_person",3.75467654415626,31.0935012779603
247,"web|two_factor|low|multi_person",1.65290370941794,31.0935012779603
247,"mobile|multi_factor|low|multi_person",3.00746461329751,31.0935012779603
247,"mobile|simple|medium|multi_person",3.28923442555165,31.0935012779603
247,"mobile|multi_factor|medium|multi_person",2.34851262404425,31.0935012779603
247,"web|multi_factor|medium|multi_person",0.246739789305934,31.0935012779603
247,"mobile|simple|high|multi_person",3.80863192690067,31.0935012779603
247,"web|simple|high|multi_person",1.70685909216235,31.0935012779603
247,"mobile|two_factor|high|multi_person",3.61512205625203,31.0935012779603
247,"mobile|multi_factor|high|multi_person",2.86791012539327,31.0935012779603
247,"mobile|simple|low|one_to_one",6.70525753198073,31.0935012779603
247,"web|simple|low|one_to_one",4.60348469724241,31.0935012779603
247,"mobile|multi_factor|low|one_to_one",5.76453573047333,31.0935012779603
247,"web|multi_factor|low|one_to_one",3.66276289573501,31.0935012779603
247,"mobile|simple|medium|one_to_one",6.04630554272747,31.0935012779603
247,"mobile|two_factor|medium|one_to_one",5.85279567207883,31.0935012779603
247,"mobile|multi_factor|medium|one_to_one",5.10558374122007,31.0935012779603
247,"web|multi_factor|medium|one_to_one",3.00381090648175,31.0935012779603
247,"web|simple|high|one_to_one",4.46393020933817,31.0935012779603
247,"mobile|two_factor|high|one_to_one",6.37219317342785,31.0935012779603
247,"mobile|multi_factor|high|one_to_one",5.62498124256909,31.0935012779603
247,"web|multi_factor|high|one_to_one",3.52320840783077,31.0935012779603
247,"web|simple|medium|multi_person",1.18746159081333,31.0935012779603
247,"mobile|two_factor|medium|multi_person",3.09572455490301,31.0935012779603
247,"web|two_factor|high|multi_person",1.51334922151371,31.0935012779603
247,"web|multi_factor|high|multi_person",0.766137290654952,31.0935012779603
247,"web|simple|medium|one_to_one",3.94453270798915,31.0935012779603
247,"web|two_factor|medium|one_to_one",3.75102283734051,31.0935012779603
247,"mobile|simple|high|one_to_one",6.56570304407649,31.0935012779603
247,"mobile|simple|low|multi_person",3.94818641480491,31.0935012779603
247,"web|multi_factor|low|multi_person",0.905691778559191,31.0935012779603
247,"web|two_factor|medium|multi_person",0.993951720164688,31.0935012779603
247,"mobile|two_factor|low|one_to_one",6.51174766133208,31.0935012779603
247,"web|two_factor|high|one_to_one",4.27042033868953,31.0935012779603
247,"web|two_factor|low|one_to_one",4.40997482659377,31.0935012779603
248,"web|simple|low|multi_person",2.63136092428546,30.9293741837082
248,"mobile|two_factor|low|multi_person",4.55248267863192,30.9293741837082
248,"web|two_factor|low|multi_person",2.61692714579548,30.9293741837082
248,"mobile|multi_factor|low|multi_person",5.34286226527956,30.9293741837082
248,"mobile|simple|medium|multi_person",1.95759826691513,30.9293741837082
248,"mobile|multi_factor|medium|multi_person",2.73354407507279,30.9293741837082
248,"web|multi_factor|medium|multi_person",0.79798854223635,30.9293741837082
248,"mobile|simple|high|multi_person",2.94187904917171,30.9293741837082
248,"web|simple|high|multi_person",1.00632351633527,30.9293741837082
248,"mobile|two_factor|high|multi_person",2.92744527068173,30.9293741837082
248,"mobile|multi_factor|high|multi_person",3.71782485732937,30.9293741837082
248,"mobile|simple|low|one_to_one",6.79803551949994,30.9293741837082
248,"web|simple|low|one_to_one",4.8624799866635,30.9293741837082
248,"mobile|multi_factor|low|one_to_one",7.5739813276576,30.9293741837082
248,"web|multi_factor|low|one_to_one",5.63842579482116,30.9293741837082
248,"mobile|simple|medium|one_to_one",4.18871732929317,30.9293741837082
248,"mobile|two_factor|medium|one_to_one",4.17428355080319,30.9293741837082
248,"mobile|multi_factor|medium|one_to_one",4.96466313745083,30.9293741837082
248,"web|multi_factor|medium|one_to_one",3.02910760461439,30.9293741837082
248,"web|simple|high|one_to_one",3.23744257871331,30.9293741837082
248,"mobile|two_factor|high|one_to_one",5.15856433305977,30.9293741837082
248,"mobile|multi_factor|high|one_to_one",5.94894391970741,30.9293741837082
248,"web|multi_factor|high|one_to_one",4.01338838687097,30.9293741837082
248,"web|simple|medium|multi_person",0.0220427340786877,30.9293741837082
248,"mobile|two_factor|medium|multi_person",1.94316448842515,30.9293741837082
248,"web|two_factor|high|multi_person",0.991889737845289,30.9293741837082
248,"web|multi_factor|high|multi_person",1.78226932449293,30.9293741837082
248,"web|simple|medium|one_to_one",2.25316179645673,30.9293741837082
248,"web|two_factor|medium|one_to_one",2.23872801796675,30.9293741837082
248,"mobile|simple|high|one_to_one",5.17299811154975,30.9293741837082
248,"mobile|simple|low|multi_person",4.5669164571219,30.9293741837082
248,"web|multi_factor|low|multi_person",3.40730673244312,30.9293741837082
248,"web|two_factor|medium|multi_person",0.00760895558871089,30.9293741837082
248,"mobile|two_factor|low|one_to_one",6.78360174100996,30.9293741837082
248,"web|two_factor|high|one_to_one",3.22300880022333,30.9293741837082
248,"web|two_factor|low|one_to_one",4.84804620817352,30.9293741837082
249,"web|simple|low|multi_person",4.13104505365849,30.7765372381813
249,"mobile|two_factor|low|multi_person",4.93259358780434,30.7765372381813
249,"web|two_factor|low|multi_person",2.03200511322346,30.7765372381813
249,"mobile|multi_factor|low|multi_person",8.20690549266035,30.7765372381813
249,"mobile|simple|medium|multi_person",4.9569647462046,30.7765372381813
249,"mobile|multi_factor|medium|multi_person",6.13223671062558,30.7765372381813
249,"web|multi_factor|medium|multi_person",3.2316482360447,30.7765372381813
249,"mobile|simple|high|multi_person",4.9488102533753,30.7765372381813
249,"web|simple|high|multi_person",2.04822177879442,30.7765372381813
249,"mobile|two_factor|high|multi_person",2.84977031294028,30.7765372381813
249,"mobile|multi_factor|high|multi_person",6.12408221779629,30.7765372381813
249,"mobile|simple|low|one_to_one",5.58573221686465,30.7765372381813
249,"web|simple|low|one_to_one",2.68514374228377,30.7765372381813
249,"mobile|multi_factor|low|one_to_one",6.76100418128563,30.7765372381813
249,"web|multi_factor|low|one_to_one",3.86041570670475,30.7765372381813
249,"mobile|simple|medium|one_to_one",3.51106343482988,30.7765372381813
249,"mobile|two_factor|medium|one_to_one",1.41202349439486,30.7765372381813
249,"mobile|multi_factor|medium|one_to_one",4.68633539925087,30.7765372381813
249,"web|multi_factor|medium|one_to_one",1.78574692466999,30.7765372381813
249,"web|simple|high|one_to_one",0.602320467419708,30.7765372381813
249,"mobile|two_factor|high|one_to_one",1.40386900156556,30.7765372381813
249,"mobile|multi_factor|high|one_to_one",4.67818090642157,30.7765372381813
249,"web|multi_factor|high|one_to_one",1.77759243184069,30.7765372381813
249,"web|simple|medium|multi_person",2.05637627162372,30.7765372381813
249,"mobile|two_factor|medium|multi_person",2.85792480576957,30.7765372381813
249,"web|two_factor|high|multi_person",-0.0508181616406029,30.7765372381813
249,"web|multi_factor|high|multi_person",3.22349374321541,30.7765372381813
249,"web|simple|medium|one_to_one",0.610474960249004,30.7765372381813
249,"web|two_factor|medium|one_to_one",-1.48856498018602,30.7765372381813
249,"mobile|simple|high|one_to_one",3.50290894200059,30.7765372381813
249,"mobile|simple|low|multi_person",7.03163352823937,30.7765372381813
249,"web|multi_factor|low|multi_person",5.30631701807947,30.7765372381813
249,"web|two_factor|medium|multi_person",-0.0426636688113067,30.7765372381813
249,"mobile|two_factor|low|one_to_one",3.48669227642962,30.7765372381813
249,"web|two_factor|high|one_to_one",-1.49671947301532,30.7765372381813
249,"web|two_factor|low|one_to_one",0.586103801848742,30.7765372381813
250,"web|simple|low|multi_person",3.44129344249876,31.2171639798401
250,"mobile|two_factor|low|multi_person",5.18408679780129,31.2171639798401
250,"web|two_factor|low|multi_person",2.38021799014777,31.2171639798401
250,"mobile|multi_factor|low|multi_person",5.30360702517027,31.2171639798401
250,"mobile|simple|medium|multi_person",4.71496022137514,31.2171639798401
250,"mobile|multi_factor|medium|multi_person",3.77340499639313,31.2171639798401
250,"web|multi_factor|medium|multi_person",0.969536188739608,31.2171639798401
250,"mobile|simple|high|multi_person",4.54947960563762,31.2171639798401
250,"web|simple|high|multi_person",1.7456107979841,31.2171639798401
250,"mobile|two_factor|high|multi_person",3.48840415328662,31.2171639798401
250,"mobile|multi_factor|high|multi_person",3.6079243806556,31.2171639798401
250,"mobile|simple|low|one_to_one",6.84187494689634,31.2171639798401
250,"web|simple|low|one_to_one",4.03800613924282,31.2171639798401
250,"mobile|multi_factor|low|one_to_one",5.90031972191433,31.2171639798401
250,"web|multi_factor|low|one_to_one",3.0964509142608,31.2171639798401
250,"mobile|simple|medium|one_to_one",5.3116729181192,31.2171639798401
250,"mobile|two_factor|medium|one_to_one",4.2505974657682,31.2171639798401
250,"mobile|multi_factor|medium|one_to_one",4.37011769313718,31.2171639798401
250,"web|multi_factor|medium|one_to_one",1.56624888548366,31.2171639798401
250,"web|simple|high|one_to_one",2.34232349472815,31.2171639798401
250,"mobile|two_factor|high|one_to_one",4.08511685003068,31.2171639798401
250,"mobile|multi_factor|high|one_to_one",4.20463707739966,31.2171639798401
250,"web|multi_factor|high|one_to_one",1.40076826974614,31.2171639798401
250,"web|simple|medium|multi_person",1.91109141372162,31.2171639798401
250,"mobile|two_factor|medium|multi_person",3.65388476902415,31.2171639798401
250,"web|two_factor|high|multi_person",0.684535345633104,31.2171639798401
250,"web|multi_factor|high|multi_person",0.804055573002082,31.2171639798401
250,"web|simple|medium|one_to_one",2.50780411046568,31.2171639798401
250,"web|two_factor|medium|one_to_one",1.44672865811468,31.2171639798401
250,"mobile|simple|high|one_to_one",5.14619230238167,31.2171639798401
250,"mobile|simple|low|multi_person",6.24516225015229,31.2171639798401
250,"web|multi_factor|low|multi_person",2.49973821751675,31.2171639798401
250,"web|two_factor|medium|multi_person",0.85001596137063,31.2171639798401
250,"mobile|two_factor|low|one_to_one",5.78079949454535,31.2171639798401
250,"web|two_factor|high|one_to_one",1.28124804237716,31.2171639798401
250,"web|two_factor|low|one_to_one",2.97693068689183,31.2171639798401
251,"web|simple|low|multi_person",1.89843832414959,30.8571621338975
251,"mobile|two_factor|low|multi_person",4.75294120036974,30.8571621338975
251,"web|two_factor|low|multi_person",1.72597298580564,30.8571621338975
251,"mobile|multi_factor|low|multi_person",5.50227085297231,30.8571621338975
251,"mobile|simple|medium|multi_person",3.46526241596601,30.8571621338975
251,"mobile|multi_factor|medium|multi_person",4.04212673022463,30.8571621338975
251,"web|multi_factor|medium|multi_person",1.01515851566053,30.8571621338975
251,"mobile|simple|high|multi_person",3.31527167365938,30.8571621338975
251,"web|simple|high|multi_person",0.288303459095284,30.8571621338975
251,"mobile|two_factor|high|multi_person",3.14280633531543,30.8571621338975
251,"mobile|multi_factor|high|multi_person",3.89213598791801,30.8571621338975
251,"mobile|simple|low|one_to_one",6.7106948193711,30.8571621338975
251,"web|simple|low|one_to_one",3.683726604807,30.8571621338975
251,"mobile|multi_factor|low|one_to_one",7.28755913362972,30.8571621338975
251,"web|multi_factor|low|one_to_one",4.26059091906562,30.8571621338975
251,"mobile|simple|medium|one_to_one",5.25055069662342,30.8571621338975
251,"mobile|two_factor|medium|one_to_one",5.07808535827946,30.8571621338975
251,"mobile|multi_factor|medium|one_to_one",5.82741501088204,30.8571621338975
251,"web|multi_factor|medium|one_to_one",2.80044679631794,30.8571621338975
251,"web|simple|high|one_to_one",2.07359173975269,30.8571621338975
251,"mobile|two_factor|high|one_to_one",4.92809461597284,30.8571621338975
251,"mobile|multi_factor|high|one_to_one",5.67742426857542,30.8571621338975
251,"web|multi_factor|high|one_to_one",2.65045605401132,30.8571621338975
251,"web|simple|medium|multi_person",0.438294201401906,30.8571621338975
251,"mobile|two_factor|medium|multi_person",3.29279707762205,30.8571621338975
251,"web|two_factor|high|multi_person",0.115838120751331,30.8571621338975
251,"web|multi_factor|high|multi_person",0.865167773353906,30.8571621338975
251,"web|simple|medium|one_to_one",2.22358248205932,30.8571621338975
251,"web|two_factor|medium|one_to_one",2.05111714371536,30.8571621338975
251,"mobile|simple|high|one_to_one",5.10055995431679,30.8571621338975
251,"mobile|simple|low|multi_person",4.92540653871369,30.8571621338975
251,"web|multi_factor|low|multi_person",2.47530263840821,30.8571621338975
251,"web|two_factor|medium|multi_person",0.265828863057953,30.8571621338975
251,"mobile|two_factor|low|one_to_one",6.53822948102715,30.8571621338975
251,"web|two_factor|high|one_to_one",1.90112640140874,30.8571621338975
251,"web|two_factor|low|one_to_one",3.51126126646305,30.8571621338975
252,"web|simple|low|multi_person",3.49252742182197,31.2997409425182
252,"mobile|two_factor|low|multi_person",4.78323194444555,31.2997409425182
252,"web|two_factor|low|multi_person",2.87157587871222,31.2997409425182
252,"mobile|multi_factor|low|multi_person",4.80204986196572,31.2997409425182
252,"mobile|simple|medium|multi_person",3.46552196125395,31.2997409425182
252,"mobile|multi_factor|medium|multi_person",2.86338833566437,31.2997409425182
252,"web|multi_factor|medium|multi_person",0.951732269931048,31.2997409425182
252,"mobile|simple|high|multi_person",3.75366517586853,31.2997409425182
252,"web|simple|high|multi_person",1.84200911013521,31.2997409425182
252,"mobile|two_factor|high|multi_person",3.13271363275879,31.2997409425182
252,"mobile|multi_factor|high|multi_person",3.15153155027896,31.2997409425182
252,"mobile|simple|low|one_to_one",6.8859852398341,31.2997409425182
252,"web|simple|low|one_to_one",4.97432917410078,31.2997409425182
252,"mobile|multi_factor|low|one_to_one",6.28385161424453,31.2997409425182
252,"web|multi_factor|low|one_to_one",4.3721955485112,31.2997409425182
252,"mobile|simple|medium|one_to_one",4.94732371353275,31.2997409425182
252,"mobile|two_factor|medium|one_to_one",4.32637217042301,31.2997409425182
252,"mobile|multi_factor|medium|one_to_one",4.34519008794318,31.2997409425182
252,"web|multi_factor|medium|one_to_one",2.43353402220985,31.2997409425182
252,"web|simple|high|one_to_one",3.32381086241401,31.2997409425182
252,"mobile|two_factor|high|one_to_one",4.61451538503759,31.2997409425182
252,"mobile|multi_factor|high|one_to_one",4.63333330255776,31.2997409425182
252,"web|multi_factor|high|one_to_one",2.72167723682444,31.2997409425182
252,"web|simple|medium|multi_person",1.55386589552062,31.2997409425182
252,"mobile|two_factor|medium|multi_person",2.8445704181442,31.2997409425182
252,"web|two_factor|high|multi_person",1.22105756702546,31.2997409425182
252,"web|multi_factor|high|multi_person",1.23987548454563,31.2997409425182
252,"web|simple|medium|one_to_one",3.03566764779943,31.2997409425182
252,"web|two_factor|medium|one_to_one",2.41471610468968,31.2997409425182
252,"mobile|simple|high|one_to_one",5.23546692814734,31.2997409425182
252,"mobile|simple|low|multi_person",5.4041834875553,31.2997409425182
252,"web|multi_factor|low|multi_person",2.8903937962324,31.2997409425182
252,"web|two_factor|medium|multi_person",0.932914352410876,31.2997409425182
252,"mobile|two_factor|low|one_to_one",6.26503369672436,31.2997409425182
252,"web|two_factor|high|one_to_one",2.70285931930426,31.2997409425182
252,"web|two_factor|low|one_to_one",4.35337763099103,31.2997409425182
253,"web|simple|low|multi_person",0.880497315566432,30.8558078078821
253,"mobile|two_factor|low|multi_person",3.91435340130396,30.8558078078821
253,"web|two_factor|low|multi_person",1.91606467013078,30.8558078078821
253,"mobile|multi_factor|low|multi_person",5.81133694705386,30.8558078078821
253,"mobile|simple|medium|multi_person",2.0827845000407,30.8558078078821
253,"mobile|multi_factor|medium|multi_person",5.01533540035494,30.8558078078821
253,"web|multi_factor|medium|multi_person",3.01704666918176,30.8558078078821
253,"mobile|simple|high|multi_person",1.88589697185936,30.8558078078821
253,"web|simple|high|multi_person",-0.112391759313827,30.8558078078821
253,"mobile|two_factor|high|multi_person",2.9214643264237,30.8558078078821
253,"mobile|multi_factor|high|multi_person",4.8184478721736,30.8558078078821
253,"mobile|simple|low|one_to_one",3.99630185183316,30.8558078078821
253,"web|simple|low|one_to_one",1.99801312065997,30.8558078078821
253,"mobile|multi_factor|low|one_to_one",6.9288527521474,30.8558078078821
253,"web|multi_factor|low|one_to_one",4.93056402097421,30.8558078078821
253,"mobile|simple|medium|one_to_one",3.20030030513424,30.8558078078821
253,"mobile|two_factor|medium|one_to_one",4.23586765969859,30.8558078078821
253,"mobile|multi_factor|medium|one_to_one",6.13285120544848,30.8558078078821
253,"web|multi_factor|medium|one_to_one",4.1345624742753,30.8558078078821
253,"web|simple|high|one_to_one",1.00512404577971,30.8558078078821
253,"mobile|two_factor|high|one_to_one",4.03898013151724,30.8558078078821
253,"mobile|multi_factor|high|one_to_one",5.93596367726714,30.8558078078821
253,"web|multi_factor|high|one_to_one",3.93767494609395,30.8558078078821
253,"web|simple|medium|multi_person",0.0844957688675172,30.8558078078821
253,"mobile|two_factor|medium|multi_person",3.11835185460505,30.8558078078821
253,"web|two_factor|high|multi_person",0.923175595250518,30.8558078078821
253,"web|multi_factor|high|multi_person",2.82015914100041,30.8558078078821
253,"web|simple|medium|one_to_one",1.20201157396106,30.8558078078821
253,"web|two_factor|medium|one_to_one",2.2375789285254,30.8558078078821
253,"mobile|simple|high|one_to_one",3.0034127769529,30.8558078078821
253,"mobile|simple|low|multi_person",2.87878604673962,30.8558078078821
253,"web|multi_factor|low|multi_person",3.81304821588067,30.8558078078821
253,"web|two_factor|medium|multi_person",1.12006312343186,30.8558078078821
253,"mobile|two_factor|low|one_to_one",5.0318692063975,30.8558078078821
253,"web|two_factor|high|one_to_one",2.04069140034406,30.8558078078821
253,"web|two_factor|low|one_to_one",3.03358047522432,30.8558078078821
254,"web|simple|low|multi_person",3.00741328418278,31.1062343584425
254,"mobile|two_factor|low|multi_person",4.8210831874866,31.1062343584425
254,"web|two_factor|low|multi_person",2.0155827313357,31.1062343584425
254,"mobile|multi_factor|low|multi_person",6.11552440883188,31.1062343584425
254,"mobile|simple|medium|multi_person",3.84285370756158,31.1062343584425
254,"mobile|multi_factor|medium|multi_person",4.14546437605978,31.1062343584425
254,"web|multi_factor|medium|multi_person",1.33996391990888,31.1062343584425
254,"mobile|simple|high|multi_person",3.32920098232086,31.1062343584425
254,"web|simple|high|multi_person",0.523700526169956,31.1062343584425
254,"mobile|two_factor|high|multi_person",2.33737042947378,31.1062343584425
254,"mobile|multi_factor|high|multi_person",3.63181165081906,31.1062343584425
254,"mobile|simple|low|one_to_one",6.93725380341139,31.1062343584425
254,"web|simple|low|one_to_one",4.13175334726049,31.1062343584425
254,"mobile|multi_factor|low|one_to_one",7.23986447190959,31.1062343584425
254,"web|multi_factor|low|one_to_one",4.43436401575869,31.1062343584425
254,"mobile|simple|medium|one_to_one",4.9671937706393,31.1062343584425
254,"mobile|two_factor|medium|one_to_one",3.97536321779222,31.1062343584425
254,"mobile|multi_factor|medium|one_to_one",5.2698044391375,31.1062343584425
254,"web|multi_factor|medium|one_to_one",2.4643039829866,31.1062343584425
254,"web|simple|high|one_to_one",1.64804058924767,31.1062343584425
254,"mobile|two_factor|high|one_to_one",3.4617104925515,31.1062343584425
254,"mobile|multi_factor|high|one_to_one",4.75615171389677,31.1062343584425
254,"web|multi_factor|high|one_to_one",1.95065125774587,31.1062343584425
254,"web|simple|medium|multi_person",1.03735325141068,31.1062343584425
254,"mobile|two_factor|medium|multi_person",2.8510231547145,31.1062343584425
254,"web|two_factor|high|multi_person",-0.468130026677121,31.1062343584425
254,"web|multi_factor|high|multi_person",0.826311194668156,31.1062343584425
254,"web|simple|medium|one_to_one",2.1616933144884,31.1062343584425
254,"web|two_factor|medium|one_to_one",1.16986276164132,31.1062343584425
254,"mobile|simple|high|one_to_one",4.45354104539857,31.1062343584425
254,"mobile|simple|low|multi_person",5.81291374033368,31.1062343584425
254,"web|multi_factor|low|multi_person",3.31002395268098,31.1062343584425
254,"web|two_factor|medium|multi_person",0.0455226985636037,31.1062343584425
254,"mobile|two_factor|low|one_to_one",5.94542325056432,31.1062343584425
254,"web|two_factor|high|one_to_one",0.656210036400595,31.1062343584425
254,"web|two_factor|low|one_to_one",3.13992279441342,31.1062343584425
256,"web|simple|low|multi_person",1.93719868196387,31.088342466103
256,"mobile|two_factor|low|multi_person",4.37472557593454,31.088342466103
256,"web|two_factor|low|multi_person",1.73797870224326,31.088342466103
256,"mobile|multi_factor|low|multi_person",5.81926603046541,31.088342466103
256,"mobile|simple|medium|multi_person",4.02504636429517,31.088342466103
256,"mobile|multi_factor|medium|multi_person",5.27036683910543,31.088342466103
256,"web|multi_factor|medium|multi_person",2.63361996541415,31.088342466103
256,"mobile|simple|high|multi_person",3.59116097456842,31.088342466103
256,"web|simple|high|multi_person",0.954414100877137,31.088342466103
256,"mobile|two_factor|high|multi_person",3.3919409948478,31.088342466103
256,"mobile|multi_factor|high|multi_person",4.83648144937867,31.088342466103
256,"mobile|simple|low|one_to_one",4.83782345105768,31.088342466103
256,"web|simple|low|one_to_one",2.2010765773664,31.088342466103
256,"mobile|multi_factor|low|one_to_one",6.08314392586794,31.088342466103
256,"web|multi_factor|low|one_to_one",3.44639705217666,31.088342466103
256,"mobile|simple|medium|one_to_one",4.2889242596977,31.088342466103
256,"mobile|two_factor|medium|one_to_one",4.08970427997709,31.088342466103
256,"mobile|multi_factor|medium|one_to_one",5.53424473450796,31.088342466103
256,"web|multi_factor|medium|one_to_one",2.89749786081668,31.088342466103
256,"web|simple|high|one_to_one",1.21829199627967,31.088342466103
256,"mobile|two_factor|high|one_to_one",3.65581889025033,31.088342466103
256,"mobile|multi_factor|high|one_to_one",5.1003593447812,31.088342466103
256,"web|multi_factor|high|one_to_one",2.46361247108992,31.088342466103
256,"web|simple|medium|multi_person",1.38829949060389,31.088342466103
256,"mobile|two_factor|medium|multi_person",3.82582638457456,31.088342466103
256,"web|two_factor|high|multi_person",0.755194121156522,31.088342466103
256,"web|multi_factor|high|multi_person",2.19973457568739,31.088342466103
256,"web|simple|medium|one_to_one",1.65217738600642,31.088342466103
256,"web|two_factor|medium|one_to_one",1.45295740628581,31.088342466103
256,"mobile|simple|high|one_to_one",3.85503886997095,31.088342466103
256,"mobile|simple|low|multi_person",4.57394555565515,31.088342466103
256,"web|multi_factor|low|multi_person",3.18251915677413,31.088342466103
256,"web|two_factor|medium|multi_person",1.18907951088328,31.088342466103
256,"mobile|two_factor|low|one_to_one",4.63860347133707,31.088342466103
256,"web|two_factor|high|one_to_one",1.01907201655905,31.088342466103
256,"web|two_factor|low|one_to_one",2.00185659764579,31.088342466103
258,"web|simple|low|multi_person",1.79526943167498,30.9977798696151
258,"mobile|two_factor|low|multi_person",4.62904962208332,30.9977798696151
258,"web|two_factor|low|multi_person",1.98341016557418,30.9977798696151
258,"mobile|multi_factor|low|multi_person",6.28766331477369,30.9977798696151
258,"mobile|simple|medium|multi_person",2.51420758949529,30.9977798696151
258,"mobile|multi_factor|medium|multi_person",4.36096201608486,30.9977798696151
258,"web|multi_factor|medium|multi_person",1.71532255957572,30.9977798696151
258,"mobile|simple|high|multi_person",2.42532366149367,30.9977798696151
258,"web|simple|high|multi_person",-0.220315795015466,30.9977798696151
258,"mobile|two_factor|high|multi_person",2.61346439539287,30.9977798696151
258,"mobile|multi_factor|high|multi_person",4.27207808808324,30.9977798696151
258,"mobile|simple|low|one_to_one",6.09033595805096,30.9977798696151
258,"web|simple|low|one_to_one",3.44469650154182,30.9977798696151
258,"mobile|multi_factor|low|one_to_one",7.93709038464053,30.9977798696151
258,"web|multi_factor|low|one_to_one",5.29145092813139,30.9977798696151
258,"mobile|simple|medium|one_to_one",4.16363465936213,30.9977798696151
258,"mobile|two_factor|medium|one_to_one",4.35177539326133,30.9977798696151
258,"mobile|multi_factor|medium|one_to_one",6.0103890859517,30.9977798696151
258,"web|multi_factor|medium|one_to_one",3.36474962944256,30.9977798696151
258,"web|simple|high|one_to_one",1.42911127485137,30.9977798696151
258,"mobile|two_factor|high|one_to_one",4.26289146525971,30.9977798696151
258,"mobile|multi_factor|high|one_to_one",5.92150515795008,30.9977798696151
258,"web|multi_factor|high|one_to_one",3.27586570144094,30.9977798696151
258,"web|simple|medium|multi_person",-0.131431867013849,30.9977798696151
258,"mobile|two_factor|medium|multi_person",2.70234832339449,30.9977798696151
258,"web|two_factor|high|multi_person",-0.0321750611162668,30.9977798696151
258,"web|multi_factor|high|multi_person",1.6264386315741,30.9977798696151
258,"web|simple|medium|one_to_one",1.51799520285299,30.9977798696151
258,"web|two_factor|medium|one_to_one",1.70613593675219,30.9977798696151
258,"mobile|simple|high|one_to_one",4.07475073136051,30.9977798696151
258,"mobile|simple|low|multi_person",4.44090888818412,30.9977798696151
258,"web|multi_factor|low|multi_person",3.64202385826455,30.9977798696151
258,"web|two_factor|medium|multi_person",0.0567088668853502,30.9977798696151
258,"mobile|two_factor|low|one_to_one",6.27847669195016,30.9977798696151
258,"web|two_factor|high|one_to_one",1.61725200875057,30.9977798696151
258,"web|two_factor|low|one_to_one",3.63283723544102,30.9977798696151
259,"web|simple|low|multi_person",2.08622171086385,30.9570488348678
259,"mobile|two_factor|low|multi_person",4.1151645722434,30.9570488348678
259,"web|two_factor|low|multi_person",0.931040010580298,30.9570488348678
259,"mobile|multi_factor|low|multi_person",5.33846356815286,30.9570488348678
259,"mobile|simple|medium|multi_person",4.68616288783383,30.9570488348678
259,"mobile|multi_factor|medium|multi_person",4.75428018345973,30.9570488348678
259,"web|multi_factor|medium|multi_person",1.57015562179663,30.9570488348678
259,"mobile|simple|high|multi_person",3.72088744063681,30.9570488348678
259,"web|simple|high|multi_person",0.536762878973712,30.9570488348678
259,"mobile|two_factor|high|multi_person",2.56570574035326,30.9570488348678
259,"mobile|multi_factor|high|multi_person",3.78900473626271,30.9570488348678
259,"mobile|simple|low|one_to_one",6.95326896405534,30.9570488348678
259,"web|simple|low|one_to_one",3.76914440239223,30.9570488348678
259,"mobile|multi_factor|low|one_to_one",7.02138625968124,30.9570488348678
259,"web|multi_factor|low|one_to_one",3.83726169801814,30.9570488348678
259,"mobile|simple|medium|one_to_one",6.36908557936221,30.9570488348678
259,"mobile|two_factor|medium|one_to_one",5.21390387907865,30.9570488348678
259,"mobile|multi_factor|medium|one_to_one",6.43720287498811,30.9570488348678
259,"web|multi_factor|medium|one_to_one",3.25307831332501,30.9570488348678
259,"web|simple|high|one_to_one",2.21968557050209,30.9570488348678
259,"mobile|two_factor|high|one_to_one",4.24862843188164,30.9570488348678
259,"mobile|multi_factor|high|one_to_one",5.47192742779109,30.9570488348678
259,"web|multi_factor|high|one_to_one",2.28780286612799,30.9570488348678
259,"web|simple|medium|multi_person",1.50203832617073,30.9570488348678
259,"mobile|two_factor|medium|multi_person",3.53098118755027,30.9570488348678
259,"web|two_factor|high|multi_person",-0.618418821309845,30.9570488348678
259,"web|multi_factor|high|multi_person",0.604880174599614,30.9570488348678
259,"web|simple|medium|one_to_one",3.18496101769911,30.9570488348678
259,"web|two_factor|medium|one_to_one",2.02977931741555,30.9570488348678
259,"mobile|simple|high|one_to_one",5.40381013216519,30.9570488348678
259,"mobile|simple|low|multi_person",5.27034627252696,30.9570488348678
259,"web|multi_factor|low|multi_person",2.15433900648976,30.9570488348678
259,"web|two_factor|medium|multi_person",0.346856625887172,30.9570488348678
259,"mobile|two_factor|low|one_to_one",5.79808726377178,30.9570488348678
259,"web|two_factor|high|one_to_one",1.06450387021853,30.9570488348678
259,"web|two_factor|low|one_to_one",2.61396270210868,30.9570488348678
260,"web|simple|low|multi_person",2.17503161609114,31.2108111650288
260,"mobile|two_factor|low|multi_person",4.61777895598544,31.2108111650288
260,"web|two_factor|low|multi_person",1.48653891936968,31.2108111650288
260,"mobile|multi_factor|low|multi_person",6.23094108543762,31.2108111650288
260,"mobile|simple|medium|multi_person",3.76559030741935,31.2108111650288
260,"mobile|multi_factor|medium|multi_person",4.69025974015008,31.2108111650288
260,"web|multi_factor|medium|multi_person",1.55901970353432,31.2108111650288
260,"mobile|simple|high|multi_person",3.737692126511,31.2108111650288
260,"web|simple|high|multi_person",0.606452089895242,31.2108111650288
260,"mobile|two_factor|high|multi_person",3.04919942978954,31.2108111650288
260,"mobile|multi_factor|high|multi_person",4.66236155924173,31.2108111650288
260,"mobile|simple|low|one_to_one",6.68177501951839,31.2108111650288
260,"web|simple|low|one_to_one",3.55053498290263,31.2108111650288
260,"mobile|multi_factor|low|one_to_one",7.60644445224912,31.2108111650288
260,"web|multi_factor|low|one_to_one",4.47520441563336,31.2108111650288
260,"mobile|simple|medium|one_to_one",5.14109367423085,31.2108111650288
260,"mobile|two_factor|medium|one_to_one",4.45260097750939,31.2108111650288
260,"mobile|multi_factor|medium|one_to_one",6.06576310696157,31.2108111650288
260,"web|multi_factor|medium|one_to_one",2.93452307034581,31.2108111650288
260,"web|simple|high|one_to_one",1.98195545670674,31.2108111650288
260,"mobile|two_factor|high|one_to_one",4.42470279660104,31.2108111650288
260,"mobile|multi_factor|high|one_to_one",6.03786492605322,31.2108111650288
260,"web|multi_factor|high|one_to_one",2.90662488943746,31.2108111650288
260,"web|simple|medium|multi_person",0.634350270803591,31.2108111650288
260,"mobile|two_factor|medium|multi_person",3.07709761069789,31.2108111650288
260,"web|two_factor|high|multi_person",-0.0820406068262189,31.2108111650288
260,"web|multi_factor|high|multi_person",1.53112152262597,31.2108111650288
260,"web|simple|medium|one_to_one",2.00985363761509,31.2108111650288
260,"web|two_factor|medium|one_to_one",1.32136094089363,31.2108111650288
260,"mobile|simple|high|one_to_one",5.1131954933225,31.2108111650288
260,"mobile|simple|low|multi_person",5.3062716527069,31.2108111650288
260,"web|multi_factor|low|multi_person",3.09970104882186,31.2108111650288
260,"web|two_factor|medium|multi_person",-0.0541424259178698,31.2108111650288
260,"mobile|two_factor|low|one_to_one",5.99328232279693,31.2108111650288
260,"web|two_factor|high|one_to_one",1.29346275998528,31.2108111650288
260,"web|two_factor|low|one_to_one",2.86204228618117,31.2108111650288
261,"web|simple|low|multi_person",2.32713302094732,30.8217771081552
261,"mobile|two_factor|low|multi_person",5.24448009900513,30.8217771081552
261,"web|two_factor|low|multi_person",2.41276353418589,30.8217771081552
261,"mobile|multi_factor|low|multi_person",6.8779284077735,30.8217771081552
261,"mobile|simple|medium|multi_person",2.67901677576724,30.8217771081552
261,"mobile|multi_factor|medium|multi_person",4.39809559777418,30.8217771081552
261,"web|multi_factor|medium|multi_person",1.56637903295494,30.8217771081552
261,"mobile|simple|high|multi_person",2.75412620748192,30.8217771081552
261,"web|simple|high|multi_person",-0.0775903573373222,30.8217771081552
261,"mobile|two_factor|high|multi_person",2.83975672072049,30.8217771081552
261,"mobile|multi_factor|high|multi_person",4.47320502948886,30.8217771081552
261,"mobile|simple|low|one_to_one",6.20475844543452,30.8217771081552
261,"web|simple|low|one_to_one",3.37304188061528,30.8217771081552
261,"mobile|multi_factor|low|one_to_one",7.92383726744146,30.8217771081552
261,"web|multi_factor|low|one_to_one",5.09212070262222,30.8217771081552
261,"mobile|simple|medium|one_to_one",3.7249256354352,30.8217771081552
261,"mobile|two_factor|medium|one_to_one",3.81055614867377,30.8217771081552
261,"mobile|multi_factor|medium|one_to_one",5.44400445744215,30.8217771081552
261,"web|multi_factor|medium|one_to_one",2.61228789262291,30.8217771081552
261,"web|simple|high|one_to_one",0.96831850233064,30.8217771081552
261,"mobile|two_factor|high|one_to_one",3.88566558038845,30.8217771081552
261,"mobile|multi_factor|high|one_to_one",5.51911388915682,30.8217771081552
261,"web|multi_factor|high|one_to_one",2.68739732433758,30.8217771081552
261,"web|simple|medium|multi_person",-0.152699789051999,30.8217771081552
261,"mobile|two_factor|medium|multi_person",2.76464728900581,30.8217771081552
261,"web|two_factor|high|multi_person",0.00804015590124774,30.8217771081552
261,"web|multi_factor|high|multi_person",1.64148846466962,30.8217771081552
261,"web|simple|medium|one_to_one",0.893209070615963,30.8217771081552
261,"web|two_factor|medium|one_to_one",0.978839583854533,30.8217771081552
261,"mobile|simple|high|one_to_one",3.80003506714988,30.8217771081552
261,"mobile|simple|low|multi_person",5.15884958576656,30.8217771081552
261,"web|multi_factor|low|multi_person",4.04621184295426,30.8217771081552
261,"web|two_factor|medium|multi_person",-0.0670692758134293,30.8217771081552
261,"mobile|two_factor|low|one_to_one",6.29038895867309,30.8217771081552
261,"web|two_factor|high|one_to_one",1.05394901556921,30.8217771081552
261,"web|two_factor|low|one_to_one",3.45867239385385,30.8217771081552
263,"web|simple|low|multi_person",-0.403235888946248,29.6731143614971
263,"mobile|two_factor|low|multi_person",4.66302654105308,29.6731143614971
263,"web|two_factor|low|multi_person",0.617880078219697,29.6731143614971
263,"mobile|multi_factor|low|multi_person",4.34531314311561,29.6731143614971
263,"mobile|simple|medium|multi_person",3.5190969661468,29.6731143614971
263,"mobile|multi_factor|medium|multi_person",4.22249953537528,29.6731143614971
263,"web|multi_factor|medium|multi_person",0.177353072541901,29.6731143614971
263,"mobile|simple|high|multi_person",4.01649884996796,29.6731143614971
263,"web|simple|high|multi_person",-0.0286476128654201,29.6731143614971
263,"mobile|two_factor|high|multi_person",5.0376148171339,29.6731143614971
263,"mobile|multi_factor|high|multi_person",4.71990141919644,29.6731143614971
263,"mobile|simple|low|one_to_one",6.45837486365879,29.6731143614971
263,"web|simple|low|one_to_one",2.41322840082541,29.6731143614971
263,"mobile|multi_factor|low|one_to_one",7.16177743288727,29.6731143614971
263,"web|multi_factor|low|one_to_one",3.11663097005389,29.6731143614971
263,"mobile|simple|medium|one_to_one",6.33556125591846,29.6731143614971
263,"mobile|two_factor|medium|one_to_one",7.3566772230844,29.6731143614971
263,"mobile|multi_factor|medium|one_to_one",7.03896382514694,29.6731143614971
263,"web|multi_factor|medium|one_to_one",2.99381736231356,29.6731143614971
263,"web|simple|high|one_to_one",2.78781667690624,29.6731143614971
263,"mobile|two_factor|high|one_to_one",7.85407910690557,29.6731143614971
263,"mobile|multi_factor|high|one_to_one",7.5363657089681,29.6731143614971
263,"web|multi_factor|high|one_to_one",3.49121924613472,29.6731143614971
263,"web|simple|medium|multi_person",-0.52604949668658,29.6731143614971
263,"mobile|two_factor|medium|multi_person",4.54021293331274,29.6731143614971
263,"web|two_factor|high|multi_person",0.992468354300525,29.6731143614971
263,"web|multi_factor|high|multi_person",0.674754956363061,29.6731143614971
263,"web|simple|medium|one_to_one",2.29041479308508,29.6731143614971
263,"web|two_factor|medium|one_to_one",3.31153076025102,29.6731143614971
263,"mobile|simple|high|one_to_one",6.83296313973962,29.6731143614971
263,"mobile|simple|low|multi_person",3.64191057388713,29.6731143614971
263,"web|multi_factor|low|multi_person",0.300166680282233,29.6731143614971
263,"web|two_factor|medium|multi_person",0.495066470479365,29.6731143614971
263,"mobile|two_factor|low|one_to_one",7.47949083082474,29.6731143614971
263,"web|two_factor|high|one_to_one",3.80893264407218,29.6731143614971
263,"web|two_factor|low|one_to_one",3.43434436799136,29.6731143614971
264,"web|simple|low|multi_person",2.31348737227302,30.8369082668306
264,"mobile|two_factor|low|multi_person",4.51561782067099,30.8369082668306
264,"web|two_factor|low|multi_person",1.41577929528637,30.8369082668306
264,"mobile|multi_factor|low|multi_person",6.87845721201089,30.8369082668306
264,"mobile|simple|medium|multi_person",3.98476917818183,30.8369082668306
264,"mobile|multi_factor|medium|multi_person",5.44990049253507,30.8369082668306
264,"web|multi_factor|medium|multi_person",2.35006196715045,30.8369082668306
264,"mobile|simple|high|multi_person",3.49911369392219,30.8369082668306
264,"web|simple|high|multi_person",0.399275168537566,30.8369082668306
264,"mobile|two_factor|high|multi_person",2.60140561693553,30.8369082668306
264,"mobile|multi_factor|high|multi_person",4.96424500827543,30.8369082668306
264,"mobile|simple|low|one_to_one",5.97442101370449,30.8369082668306
264,"web|simple|low|one_to_one",2.87458248831987,30.8369082668306
264,"mobile|multi_factor|low|one_to_one",7.43955232805773,30.8369082668306
264,"web|multi_factor|low|one_to_one",4.33971380267311,30.8369082668306
264,"mobile|simple|medium|one_to_one",4.54586429422867,30.8369082668306
264,"mobile|two_factor|medium|one_to_one",3.64815621724202,30.8369082668306
264,"mobile|multi_factor|medium|one_to_one",6.01099560858192,30.8369082668306
264,"web|multi_factor|medium|one_to_one",2.9111570831973,30.8369082668306
264,"web|simple|high|one_to_one",0.960370284584412,30.8369082668306
264,"mobile|two_factor|high|one_to_one",3.16250073298237,30.8369082668306
264,"mobile|multi_factor|high|one_to_one",5.52534012432228,30.8369082668306
264,"web|multi_factor|high|one_to_one",2.42550159893766,30.8369082668306
264,"web|simple|medium|multi_person",0.884930652797208,30.8369082668306
264,"mobile|two_factor|medium|multi_person",3.08706110119517,30.8369082668306
264,"web|two_factor|high|multi_person",-0.498432908449091,30.8369082668306
264,"web|multi_factor|high|multi_person",1.86440648289081,30.8369082668306
264,"web|simple|medium|one_to_one",1.44602576884405,30.8369082668306
264,"web|two_factor|medium|one_to_one",0.548317691857397,30.8369082668306
264,"mobile|simple|high|one_to_one",4.06020880996903,30.8369082668306
264,"mobile|simple|low|multi_person",5.41332589765764,30.8369082668306
264,"web|multi_factor|low|multi_person",3.77861868662627,30.8369082668306
264,"web|two_factor|medium|multi_person",-0.0127774241894489,30.8369082668306
264,"mobile|two_factor|low|one_to_one",5.07671293671783,30.8369082668306
264,"web|two_factor|high|one_to_one",0.0626622075977552,30.8369082668306
264,"web|two_factor|low|one_to_one",1.97687441133321,30.8369082668306
265,"web|simple|low|multi_person",2.24715509716584,30.6947658063713
265,"mobile|two_factor|low|multi_person",4.50997402071657,30.6947658063713
265,"web|two_factor|low|multi_person",3.2146387521459,30.6947658063713
265,"mobile|multi_factor|low|multi_person",5.01970181420901,30.6947658063713
265,"mobile|simple|medium|multi_person",1.4605161479311,30.6947658063713
265,"mobile|multi_factor|medium|multi_person",2.93772759640359,30.6947658063713
265,"web|multi_factor|medium|multi_person",1.64239232783292,30.6947658063713
265,"mobile|simple|high|multi_person",1.9637390716749,30.6947658063713
265,"web|simple|high|multi_person",0.668403803104233,30.6947658063713
265,"mobile|two_factor|high|multi_person",2.93122272665497,30.6947658063713
265,"mobile|multi_factor|high|multi_person",3.4409505201474,30.6947658063713
265,"mobile|simple|low|one_to_one",5.09878025026062,30.6947658063713
265,"web|simple|low|one_to_one",3.80344498168995,30.6947658063713
265,"mobile|multi_factor|low|one_to_one",6.57599169873312,30.6947658063713
265,"web|multi_factor|low|one_to_one",5.28065643016244,30.6947658063713
265,"mobile|simple|medium|one_to_one",3.0168060324552,30.6947658063713
265,"mobile|two_factor|medium|one_to_one",3.98428968743526,30.6947658063713
265,"mobile|multi_factor|medium|one_to_one",4.4940174809277,30.6947658063713
265,"web|multi_factor|medium|one_to_one",3.19868221235703,30.6947658063713
265,"web|simple|high|one_to_one",2.22469368762834,30.6947658063713
265,"mobile|two_factor|high|one_to_one",4.48751261117907,30.6947658063713
265,"mobile|multi_factor|high|one_to_one",4.99724040467151,30.6947658063713
265,"web|multi_factor|high|one_to_one",3.70190513610084,30.6947658063713
265,"web|simple|medium|multi_person",0.165180879360424,30.6947658063713
265,"mobile|two_factor|medium|multi_person",2.42799980291116,30.6947658063713
265,"web|two_factor|high|multi_person",1.63588745808429,30.6947658063713
265,"web|multi_factor|high|multi_person",2.14561525157673,30.6947658063713
265,"web|simple|medium|one_to_one",1.72147076388453,30.6947658063713
265,"web|two_factor|medium|one_to_one",2.68895441886459,30.6947658063713
265,"mobile|simple|high|one_to_one",3.52002895619901,30.6947658063713
265,"mobile|simple|low|multi_person",3.54249036573651,30.6947658063713
265,"web|multi_factor|low|multi_person",3.72436654563834,30.6947658063713
265,"web|two_factor|medium|multi_person",1.13266453434048,30.6947658063713
265,"mobile|two_factor|low|one_to_one",6.06626390524068,30.6947658063713
265,"web|two_factor|high|one_to_one",3.1921773426084,30.6947658063713
265,"web|two_factor|low|one_to_one",4.77092863667001,30.6947658063713
266,"web|simple|low|multi_person",2.48268402411931,29.9255866614468
266,"mobile|two_factor|low|multi_person",5.60649847540467,29.9255866614468
266,"web|two_factor|low|multi_person",0.987864637860392,29.9255866614468
266,"mobile|multi_factor|low|multi_person",6.48196014038038,29.9255866614468
266,"mobile|simple|medium|multi_person",5.77994593670582,29.9255866614468
266,"mobile|multi_factor|medium|multi_person",5.16058821542261,29.9255866614468
266,"web|multi_factor|medium|multi_person",0.541954377878334,29.9255866614468
266,"mobile|simple|high|multi_person",4.01903225698728,29.9255866614468
266,"web|simple|high|multi_person",-0.599601580557004,29.9255866614468
266,"mobile|two_factor|high|multi_person",2.52421287072836,29.9255866614468
266,"mobile|multi_factor|high|multi_person",3.39967453570407,29.9255866614468
266,"mobile|simple|low|one_to_one",8.86509353509669,29.9255866614468
266,"web|simple|low|one_to_one",4.24645969755241,29.9255866614468
266,"mobile|multi_factor|low|one_to_one",8.24573581381349,29.9255866614468
266,"web|multi_factor|low|one_to_one",3.62710197626921,29.9255866614468
266,"mobile|simple|medium|one_to_one",7.54372161013892,29.9255866614468
266,"mobile|two_factor|medium|one_to_one",6.04890222388001,29.9255866614468
266,"mobile|multi_factor|medium|one_to_one",6.92436388885572,29.9255866614468
266,"web|multi_factor|medium|one_to_one",2.30573005131144,29.9255866614468
266,"web|simple|high|one_to_one",1.1641740928761,29.9255866614468
266,"mobile|two_factor|high|one_to_one",4.28798854416147,29.9255866614468
266,"mobile|multi_factor|high|one_to_one",5.16345020913718,29.9255866614468
266,"web|multi_factor|high|one_to_one",0.544816371592899,29.9255866614468
266,"web|simple|medium|multi_person",1.16131209916154,29.9255866614468
266,"mobile|two_factor|medium|multi_person",4.2851265504469,29.9255866614468
266,"web|two_factor|high|multi_person",-2.09442096681592,29.9255866614468
266,"web|multi_factor|high|multi_person",-1.21895930184021,29.9255866614468
266,"web|simple|medium|one_to_one",2.92508777259464,29.9255866614468
266,"web|two_factor|medium|one_to_one",1.43026838633573,29.9255866614468
266,"mobile|simple|high|one_to_one",5.78280793042038,29.9255866614468
266,"mobile|simple|low|multi_person",7.10131786166359,29.9255866614468
266,"web|multi_factor|low|multi_person",1.8633263028361,29.9255866614468
266,"web|two_factor|medium|multi_person",-0.333507287097377,29.9255866614468
266,"mobile|two_factor|low|one_to_one",7.37027414883778,29.9255866614468
266,"web|two_factor|high|one_to_one",-0.330645293382812,29.9255866614468
266,"web|two_factor|low|one_to_one",2.7516403112935,29.9255866614468
267,"web|simple|low|multi_person",2.15599965516193,30.9744912221263
267,"mobile|two_factor|low|multi_person",4.96844518603821,30.9744912221263
267,"web|two_factor|low|multi_person",1.55742959417835,30.9744912221263
267,"mobile|multi_factor|low|multi_person",6.57112121020524,30.9744912221263
267,"mobile|simple|medium|multi_person",4.39717162922429,30.9744912221263
267,"mobile|multi_factor|medium|multi_person",5.40127759240775,30.9744912221263
267,"web|multi_factor|medium|multi_person",1.99026200054789,30.9744912221263
267,"mobile|simple|high|multi_person",3.37186859610645,30.9744912221263
267,"web|simple|high|multi_person",-0.0391469957534143,30.9744912221263
267,"mobile|two_factor|high|multi_person",2.77329853512287,30.9744912221263
267,"mobile|multi_factor|high|multi_person",4.3759745592899,30.9744912221263
267,"mobile|simple|low|one_to_one",6.46819512998766,30.9744912221263
267,"web|simple|low|one_to_one",3.0571795381278,30.9744912221263
267,"mobile|multi_factor|low|one_to_one",7.47230109317112,30.9744912221263
267,"web|multi_factor|low|one_to_one",4.06128550131126,30.9744912221263
267,"mobile|simple|medium|one_to_one",5.29835151219017,30.9744912221263
267,"mobile|two_factor|medium|one_to_one",4.69978145120659,30.9744912221263
267,"mobile|multi_factor|medium|one_to_one",6.30245747537362,30.9744912221263
267,"web|multi_factor|medium|one_to_one",2.89144188351376,30.9744912221263
267,"web|simple|high|one_to_one",0.862032887212462,30.9744912221263
267,"mobile|two_factor|high|one_to_one",3.67447841808875,30.9744912221263
267,"mobile|multi_factor|high|one_to_one",5.27715444225577,30.9744912221263
267,"web|multi_factor|high|one_to_one",1.86613885039591,30.9744912221263
267,"web|simple|medium|multi_person",0.986156037364432,30.9744912221263
267,"mobile|two_factor|medium|multi_person",3.79860156824072,30.9744912221263
267,"web|two_factor|high|multi_person",-0.637717056736989,30.9744912221263
267,"web|multi_factor|high|multi_person",0.964958967430039,30.9744912221263
267,"web|simple|medium|one_to_one",1.88733592033031,30.9744912221263
267,"web|two_factor|medium|one_to_one",1.28876585934673,30.9744912221263
267,"mobile|simple|high|one_to_one",4.27304847907232,30.9744912221263
267,"mobile|simple|low|multi_person",5.56701524702179,30.9744912221263
267,"web|multi_factor|low|multi_person",3.16010561834538,30.9744912221263
267,"web|two_factor|medium|multi_person",0.387585976380857,30.9744912221263
267,"mobile|two_factor|low|one_to_one",5.86962506900409,30.9744912221263
267,"web|two_factor|high|one_to_one",0.263462826228887,30.9744912221263
267,"web|two_factor|low|one_to_one",2.45860947714423,30.9744912221263
268,"web|simple|low|multi_person",2.67862523827403,31.2092104088927
268,"mobile|two_factor|low|multi_person",4.72562637263934,31.2092104088927
268,"web|two_factor|low|multi_person",1.74884555781486,31.2092104088927
268,"mobile|multi_factor|low|multi_person",6.25899595021469,31.2092104088927
268,"mobile|simple|medium|multi_person",3.85109329228463,31.2092104088927
268,"mobile|multi_factor|medium|multi_person",4.4546831894008,31.2092104088927
268,"web|multi_factor|medium|multi_person",1.47790237457632,31.2092104088927
268,"mobile|simple|high|multi_person",4.70847225717972,31.2092104088927
268,"web|simple|high|multi_person",1.73169144235524,31.2092104088927
268,"mobile|two_factor|high|multi_person",3.77869257672054,31.2092104088927
268,"mobile|multi_factor|high|multi_person",5.31206215429589,31.2092104088927
268,"mobile|simple|low|one_to_one",5.83182618997465,31.2092104088927
268,"web|simple|low|one_to_one",2.85504537515017,31.2092104088927
268,"mobile|multi_factor|low|one_to_one",6.43541608709083,31.2092104088927
268,"web|multi_factor|low|one_to_one",3.45863527226635,31.2092104088927
268,"mobile|simple|medium|one_to_one",4.02751342916077,31.2092104088927
268,"mobile|two_factor|medium|one_to_one",3.09773374870159,31.2092104088927
268,"mobile|multi_factor|medium|one_to_one",4.63110332627694,31.2092104088927
268,"web|multi_factor|medium|one_to_one",1.65432251145246,31.2092104088927
268,"web|simple|high|one_to_one",1.90811157923138,31.2092104088927
268,"mobile|two_factor|high|one_to_one",3.95511271359668,31.2092104088927
268,"mobile|multi_factor|high|one_to_one",5.48848229117203,31.2092104088927
268,"web|multi_factor|high|one_to_one",2.51170147634755,31.2092104088927
268,"web|simple|medium|multi_person",0.874312477460147,31.2092104088927
268,"mobile|two_factor|medium|multi_person",2.92131361182545,31.2092104088927
268,"web|two_factor|high|multi_person",0.801911761896058,31.2092104088927
268,"web|multi_factor|high|multi_person",2.33528133947141,31.2092104088927
268,"web|simple|medium|one_to_one",1.05073261433629,31.2092104088927
268,"web|two_factor|medium|one_to_one",0.120952933877109,31.2092104088927
268,"mobile|simple|high|one_to_one",4.88489239405586,31.2092104088927
268,"mobile|simple|low|multi_person",5.65540605309851,31.2092104088927
268,"web|multi_factor|low|multi_person",3.28221513539021,31.2092104088927
268,"web|two_factor|medium|multi_person",-0.0554672029990315,31.2092104088927
268,"mobile|two_factor|low|one_to_one",4.90204650951548,31.2092104088927
268,"web|two_factor|high|one_to_one",0.978331898772198,31.2092104088927
268,"web|two_factor|low|one_to_one",1.925265694691,31.2092104088927
269,"web|simple|low|multi_person",2.06824561819498,31.0600749176199
269,"mobile|two_factor|low|multi_person",4.36758638360834,31.0600749176199
269,"web|two_factor|low|multi_person",1.44417033953848,31.0600749176199
269,"mobile|multi_factor|low|multi_person",5.35311207674351,31.0600749176199
269,"mobile|simple|medium|multi_person",3.86193973451165,31.0600749176199
269,"mobile|multi_factor|medium|multi_person",4.22339014899031,31.0600749176199
269,"web|multi_factor|medium|multi_person",1.29997410492045,31.0600749176199
269,"mobile|simple|high|multi_person",3.9537507580954,31.0600749176199
269,"web|simple|high|multi_person",1.03033471402554,31.0600749176199
269,"mobile|two_factor|high|multi_person",3.3296754794389,31.0600749176199
269,"mobile|multi_factor|high|multi_person",4.31520117257406,31.0600749176199
269,"mobile|simple|low|one_to_one",6.3864320347367,31.0600749176199
269,"web|simple|low|one_to_one",3.46301599066684,31.0600749176199
269,"mobile|multi_factor|low|one_to_one",6.74788244921536,31.0600749176199
269,"web|multi_factor|low|one_to_one",3.8244664051455,31.0600749176199
269,"mobile|simple|medium|one_to_one",5.2567101069835,31.0600749176199
269,"mobile|two_factor|medium|one_to_one",4.632634828327,31.0600749176199
269,"mobile|multi_factor|medium|one_to_one",5.61816052146217,31.0600749176199
269,"web|multi_factor|medium|one_to_one",2.69474447739231,31.0600749176199
269,"web|simple|high|one_to_one",2.42510508649739,31.0600749176199
269,"mobile|two_factor|high|one_to_one",4.72444585191075,31.0600749176199
269,"mobile|multi_factor|high|one_to_one",5.70997154504592,31.0600749176199
269,"web|multi_factor|high|one_to_one",2.78655550097606,31.0600749176199
269,"web|simple|medium|multi_person",0.938523690441788,31.0600749176199
269,"mobile|two_factor|medium|multi_person",3.23786445585514,31.0600749176199
269,"web|two_factor|high|multi_person",0.406259435369035,31.0600749176199
269,"web|multi_factor|high|multi_person",1.3917851285042,31.0600749176199
269,"web|simple|medium|one_to_one",2.33329406291364,31.0600749176199
269,"web|two_factor|medium|one_to_one",1.70921878425714,31.0600749176199
269,"mobile|simple|high|one_to_one",5.34852113056725,31.0600749176199
269,"mobile|simple|low|multi_person",4.99166166226484,31.0600749176199
269,"web|multi_factor|low|multi_person",2.42969603267365,31.0600749176199
269,"web|two_factor|medium|multi_person",0.314448411785285,31.0600749176199
269,"mobile|two_factor|low|one_to_one",5.7623567560802,31.0600749176199
269,"web|two_factor|high|one_to_one",1.80102980784089,31.0600749176199
269,"web|two_factor|low|one_to_one",2.83894071201033,31.0600749176199
270,"web|simple|low|multi_person",1.55717941410218,30.6630256862687
270,"mobile|two_factor|low|multi_person",4.58134084639054,30.6630256862687
270,"web|two_factor|low|multi_person",1.7137857085039,30.6630256862687
270,"mobile|multi_factor|low|multi_person",4.51888705895478,30.6630256862687
270,"mobile|simple|medium|multi_person",3.7037703917619,30.6630256862687
270,"mobile|multi_factor|medium|multi_person",3.79792289872786,30.6630256862687
270,"web|multi_factor|medium|multi_person",0.930367760841219,30.6630256862687
270,"mobile|simple|high|multi_person",3.20923489332673,30.6630256862687
270,"web|simple|high|multi_person",0.34167975544009,30.6630256862687
270,"mobile|two_factor|high|multi_person",3.36584118772846,30.6630256862687
270,"mobile|multi_factor|high|multi_person",3.30338740029269,30.6630256862687
270,"mobile|simple|low|one_to_one",6.800714170709,30.6630256862687
270,"web|simple|low|one_to_one",3.93315903282236,30.6630256862687
270,"mobile|multi_factor|low|one_to_one",6.89486667767496,30.6630256862687
270,"web|multi_factor|low|one_to_one",4.02731153978832,30.6630256862687
270,"mobile|simple|medium|one_to_one",6.07975001048208,30.6630256862687
270,"mobile|two_factor|medium|one_to_one",6.2363563048838,30.6630256862687
270,"mobile|multi_factor|medium|one_to_one",6.17390251744804,30.6630256862687
270,"web|multi_factor|medium|one_to_one",3.3063473795614,30.6630256862687
270,"web|simple|high|one_to_one",2.71765937416027,30.6630256862687
270,"mobile|two_factor|high|one_to_one",5.74182080644864,30.6630256862687
270,"mobile|multi_factor|high|one_to_one",5.67936701901287,30.6630256862687
270,"web|multi_factor|high|one_to_one",2.81181188112623,30.6630256862687
270,"web|simple|medium|multi_person",0.836215253875258,30.6630256862687
270,"mobile|two_factor|medium|multi_person",3.86037668616363,30.6630256862687
270,"web|two_factor|high|multi_person",0.498286049841817,30.6630256862687
270,"web|multi_factor|high|multi_person",0.435832262406052,30.6630256862687
270,"web|simple|medium|one_to_one",3.21219487259544,30.6630256862687
270,"web|two_factor|medium|one_to_one",3.36880116699716,30.6630256862687
270,"mobile|simple|high|one_to_one",5.58521451204691,30.6630256862687
270,"mobile|simple|low|multi_person",4.42473455198882,30.6630256862687
270,"web|multi_factor|low|multi_person",1.65133192106814,30.6630256862687
270,"web|two_factor|medium|multi_person",0.992821548276985,30.6630256862687
270,"mobile|two_factor|low|one_to_one",6.95732046511072,30.6630256862687
270,"web|two_factor|high|one_to_one",2.874265668562,30.6630256862687
270,"web|two_factor|low|one_to_one",4.08976532722408,30.6630256862687
271,"web|simple|low|multi_person",2.34464799064865,31.1290374569246
271,"mobile|two_factor|low|multi_person",5.11210655827518,31.1290374569246
271,"web|two_factor|low|multi_person",1.8740965938169,31.1290374569246
271,"mobile|multi_factor|low|multi_person",5.72197780880137,31.1290374569246
271,"mobile|simple|medium|multi_person",4.09960248810711,31.1290374569246
271,"mobile|multi_factor|medium|multi_person",4.23892234180156,31.1290374569246
271,"web|multi_factor|medium|multi_person",1.00091237734328,31.1290374569246
271,"mobile|simple|high|multi_person",4.18189049600941,31.1290374569246
271,"web|simple|high|multi_person",0.943880531551129,31.1290374569246
271,"mobile|two_factor|high|multi_person",3.71133909917766,31.1290374569246
271,"mobile|multi_factor|high|multi_person",4.32121034970385,31.1290374569246
271,"mobile|simple|low|one_to_one",6.62644312492738,31.1290374569246
271,"web|simple|low|one_to_one",3.3884331604691,31.1290374569246
271,"mobile|multi_factor|low|one_to_one",6.76576297862182,31.1290374569246
271,"web|multi_factor|low|one_to_one",3.52775301416354,31.1290374569246
271,"mobile|simple|medium|one_to_one",5.14338765792756,31.1290374569246
271,"mobile|two_factor|medium|one_to_one",4.67283626109581,31.1290374569246
271,"mobile|multi_factor|medium|one_to_one",5.28270751162201,31.1290374569246
271,"web|multi_factor|medium|one_to_one",2.04469754716373,31.1290374569246
271,"web|simple|high|one_to_one",1.98766570137158,31.1290374569246
271,"mobile|two_factor|high|one_to_one",4.75512426899811,31.1290374569246
271,"mobile|multi_factor|high|one_to_one",5.3649955195243,31.1290374569246
271,"web|multi_factor|high|one_to_one",2.12698555506602,31.1290374569246
271,"web|simple|medium|multi_person",0.861592523648835,31.1290374569246
271,"mobile|two_factor|medium|multi_person",3.62905109127536,31.1290374569246
271,"web|two_factor|high|multi_person",0.473329134719379,31.1290374569246
271,"web|multi_factor|high|multi_person",1.08320038524557,31.1290374569246
271,"web|simple|medium|one_to_one",1.90537769346928,31.1290374569246
271,"web|two_factor|medium|one_to_one",1.43482629663753,31.1290374569246
271,"mobile|simple|high|one_to_one",5.22567566582986,31.1290374569246
271,"mobile|simple|low|multi_person",5.58265795510693,31.1290374569246
271,"web|multi_factor|low|multi_person",2.48396784434309,31.1290374569246
271,"web|two_factor|medium|multi_person",0.391041126817085,31.1290374569246
271,"mobile|two_factor|low|one_to_one",6.15589172809563,31.1290374569246
271,"web|two_factor|high|one_to_one",1.51711430453983,31.1290374569246
271,"web|two_factor|low|one_to_one",2.91788176363735,31.1290374569246
272,"web|simple|low|multi_person",3.22651073388183,31.319331138206
272,"mobile|two_factor|low|multi_person",4.58974132826149,31.319331138206
272,"web|two_factor|low|multi_person",1.64756205524421,31.319331138206
272,"mobile|multi_factor|low|multi_person",5.15854567618385,31.319331138206
272,"mobile|simple|medium|multi_person",4.9412804300395,31.319331138206
272,"mobile|multi_factor|medium|multi_person",3.93113609932424,31.319331138206
272,"web|multi_factor|medium|multi_person",0.988956826306961,31.319331138206
272,"mobile|simple|high|multi_person",4.55440775221855,31.319331138206
272,"web|simple|high|multi_person",1.61222847920127,31.319331138206
272,"mobile|two_factor|high|multi_person",2.97545907358094,31.319331138206
272,"mobile|multi_factor|high|multi_person",3.54426342150329,31.319331138206
272,"mobile|simple|low|one_to_one",7.17805904986808,31.319331138206
272,"web|simple|low|one_to_one",4.2358797768508,31.319331138206
272,"mobile|multi_factor|low|one_to_one",6.16791471915282,31.319331138206
272,"web|multi_factor|low|one_to_one",3.22573544613553,31.319331138206
272,"mobile|simple|medium|one_to_one",5.95064947300847,31.319331138206
272,"mobile|two_factor|medium|one_to_one",4.37170079437086,31.319331138206
272,"mobile|multi_factor|medium|one_to_one",4.94050514229321,31.319331138206
272,"web|multi_factor|medium|one_to_one",1.99832586927593,31.319331138206
272,"web|simple|high|one_to_one",2.62159752217024,31.319331138206
272,"mobile|two_factor|high|one_to_one",3.98482811654991,31.319331138206
272,"mobile|multi_factor|high|one_to_one",4.55363246447226,31.319331138206
272,"web|multi_factor|high|one_to_one",1.61145319145498,31.319331138206
272,"web|simple|medium|multi_person",1.99910115702222,31.319331138206
272,"mobile|two_factor|medium|multi_person",3.36233175140189,31.319331138206
272,"web|two_factor|high|multi_person",0.033279800563661,31.319331138206
272,"web|multi_factor|high|multi_person",0.602084148486011,31.319331138206
272,"web|simple|medium|one_to_one",3.00847019999119,31.319331138206
272,"web|two_factor|medium|one_to_one",1.42952152135358,31.319331138206
272,"mobile|simple|high|one_to_one",5.56377679518752,31.319331138206
272,"mobile|simple|low|multi_person",6.16869000689911,31.319331138206
272,"web|multi_factor|low|multi_person",2.21636640316656,31.319331138206
272,"web|two_factor|medium|multi_person",0.420152478384611,31.319331138206
272,"mobile|two_factor|low|one_to_one",5.59911037123046,31.319331138206
272,"web|two_factor|high|one_to_one",1.04264884353263,31.319331138206
272,"web|two_factor|low|one_to_one",2.65693109821318,31.319331138206
273,"web|simple|low|multi_person",2.14464330501654,31.0214320615511
273,"mobile|two_factor|low|multi_person",4.37983271026977,31.0214320615511
273,"web|two_factor|low|multi_person",1.57706392290187,31.0214320615511
273,"mobile|multi_factor|low|multi_person",5.82576070314172,31.0214320615511
273,"mobile|simple|medium|multi_person",3.39707889714038,31.0214320615511
273,"mobile|multi_factor|medium|multi_person",4.27542750789766,31.0214320615511
273,"web|multi_factor|medium|multi_person",1.47265872052976,31.0214320615511
273,"mobile|simple|high|multi_person",2.61458374864424,31.0214320615511
273,"web|simple|high|multi_person",-0.188185038723656,31.0214320615511
273,"mobile|two_factor|high|multi_person",2.04700436652957,31.0214320615511
273,"mobile|multi_factor|high|multi_person",3.49293235940152,31.0214320615511
273,"mobile|simple|low|one_to_one",7.41266317505184,31.0214320615511
273,"web|simple|low|one_to_one",4.60989438768394,31.0214320615511
273,"mobile|multi_factor|low|one_to_one",8.29101178580912,31.0214320615511
273,"web|multi_factor|low|one_to_one",5.48824299844122,31.0214320615511
273,"mobile|simple|medium|one_to_one",5.86232997980778,31.0214320615511
273,"mobile|two_factor|medium|one_to_one",5.2947505976931,31.0214320615511
273,"mobile|multi_factor|medium|one_to_one",6.74067859056506,31.0214320615511
273,"web|multi_factor|medium|one_to_one",3.93790980319716,31.0214320615511
273,"web|simple|high|one_to_one",2.27706604394374,31.0214320615511
273,"mobile|two_factor|high|one_to_one",4.51225544919697,31.0214320615511
273,"mobile|multi_factor|high|one_to_one",5.95818344206892,31.0214320615511
273,"web|multi_factor|high|one_to_one",3.15541465470102,31.0214320615511
273,"web|simple|medium|multi_person",0.594310109772482,31.0214320615511
273,"mobile|two_factor|medium|multi_person",2.8294995150257,31.0214320615511
273,"web|two_factor|high|multi_person",-0.755764420838334,31.0214320615511
273,"web|multi_factor|high|multi_person",0.690163572033618,31.0214320615511
273,"web|simple|medium|one_to_one",3.05956119243988,31.0214320615511
273,"web|two_factor|medium|one_to_one",2.4919818103252,31.0214320615511
273,"mobile|simple|high|one_to_one",5.07983483131164,31.0214320615511
273,"mobile|simple|low|multi_person",4.94741209238444,31.0214320615511
273,"web|multi_factor|low|multi_person",3.02299191577382,31.0214320615511
273,"web|two_factor|medium|multi_person",0.0267307276578048,31.0214320615511
273,"mobile|two_factor|low|one_to_one",6.84508379293717,31.0214320615511
273,"web|two_factor|high|one_to_one",1.70948666182907,31.0214320615511
273,"web|two_factor|low|one_to_one",4.04231500556927,31.0214320615511
274,"web|simple|low|multi_person",2.7980433037165,31.123393327184
274,"mobile|two_factor|low|multi_person",5.5591515118099,31.123393327184
274,"web|two_factor|low|multi_person",2.8330361962287,31.123393327184
274,"mobile|multi_factor|low|multi_person",5.71191105698974,31.123393327184
274,"mobile|simple|medium|multi_person",3.31881231583491,31.123393327184
274,"mobile|multi_factor|medium|multi_person",3.50656475352695,31.123393327184
274,"web|multi_factor|medium|multi_person",0.780449437945754,31.123393327184
274,"mobile|simple|high|multi_person",3.24917951218363,31.123393327184
274,"web|simple|high|multi_person",0.523064196602428,31.123393327184
274,"mobile|two_factor|high|multi_person",3.28417240469583,31.123393327184
274,"mobile|multi_factor|high|multi_person",3.43693194987567,31.123393327184
274,"mobile|simple|low|one_to_one",7.26939146242591,31.123393327184
274,"web|simple|low|one_to_one",4.54327614684471,31.123393327184
274,"mobile|multi_factor|low|one_to_one",7.45714390011795,31.123393327184
274,"web|multi_factor|low|one_to_one",4.73102858453675,31.123393327184
274,"mobile|simple|medium|one_to_one",5.06404515896313,31.123393327184
274,"mobile|two_factor|medium|one_to_one",5.09903805147533,31.123393327184
274,"mobile|multi_factor|medium|one_to_one",5.25179759665517,31.123393327184
274,"web|multi_factor|medium|one_to_one",2.52568228107397,31.123393327184
274,"web|simple|high|one_to_one",2.26829703973064,31.123393327184
274,"mobile|two_factor|high|one_to_one",5.02940524782404,31.123393327184
274,"mobile|multi_factor|high|one_to_one",5.18216479300388,31.123393327184
274,"web|multi_factor|high|one_to_one",2.45604947742268,31.123393327184
274,"web|simple|medium|multi_person",0.592697000253713,31.123393327184
274,"mobile|two_factor|medium|multi_person",3.35380520834712,31.123393327184
274,"web|two_factor|high|multi_person",0.558057089114632,31.123393327184
274,"web|multi_factor|high|multi_person",0.710816634294469,31.123393327184
274,"web|simple|medium|one_to_one",2.33792984338192,31.123393327184
274,"web|two_factor|medium|one_to_one",2.37292273589413,31.123393327184
274,"mobile|simple|high|one_to_one",4.99441235531184,31.123393327184
274,"mobile|simple|low|multi_person",5.5241586192977,31.123393327184
274,"web|multi_factor|low|multi_person",2.98579574140854,31.123393327184
274,"web|two_factor|medium|multi_person",0.627689892765917,31.123393327184
274,"mobile|two_factor|low|one_to_one",7.30438435493812,31.123393327184
274,"web|two_factor|high|one_to_one",2.30328993224284,31.123393327184
274,"web|two_factor|low|one_to_one",4.57826903935691,31.123393327184
275,"web|simple|low|multi_person",2.56045962609116,31.0683623185211
275,"mobile|two_factor|low|multi_person",4.73889862828549,31.0683623185211
275,"web|two_factor|low|multi_person",2.62095485116497,31.0683623185211
275,"mobile|multi_factor|low|multi_person",5.41689118137143,31.0683623185211
275,"mobile|simple|medium|multi_person",3.22294041058728,31.0683623185211
275,"mobile|multi_factor|medium|multi_person",3.96142818874703,31.0683623185211
275,"web|multi_factor|medium|multi_person",1.84348441162651,31.0683623185211
275,"mobile|simple|high|multi_person",2.87181196415364,31.0683623185211
275,"web|simple|high|multi_person",0.753868187033122,31.0683623185211
275,"mobile|two_factor|high|multi_person",2.93230718922745,31.0683623185211
275,"mobile|multi_factor|high|multi_person",3.61029974231339,31.0683623185211
275,"mobile|simple|low|one_to_one",6.04206109051008,31.0683623185211
275,"web|simple|low|one_to_one",3.92411731338956,31.0683623185211
275,"mobile|multi_factor|low|one_to_one",6.78054886866983,31.0683623185211
275,"web|multi_factor|low|one_to_one",4.66260509154931,31.0683623185211
275,"mobile|simple|medium|one_to_one",4.58659809788568,31.0683623185211
275,"mobile|two_factor|medium|one_to_one",4.64709332295949,31.0683623185211
275,"mobile|multi_factor|medium|one_to_one",5.32508587604543,31.0683623185211
275,"web|multi_factor|medium|one_to_one",3.20714209892491,31.0683623185211
275,"web|simple|high|one_to_one",2.11752587433152,31.0683623185211
275,"mobile|two_factor|high|one_to_one",4.29596487652585,31.0683623185211
275,"mobile|multi_factor|high|one_to_one",4.97395742961179,31.0683623185211
275,"web|multi_factor|high|one_to_one",2.85601365249127,31.0683623185211
275,"web|simple|medium|multi_person",1.10499663346676,31.0683623185211
275,"mobile|two_factor|medium|multi_person",3.28343563566109,31.0683623185211
275,"web|two_factor|high|multi_person",0.814363412106933,31.0683623185211
275,"web|multi_factor|high|multi_person",1.49235596519287,31.0683623185211
275,"web|simple|medium|one_to_one",2.46865432076516,31.0683623185211
275,"web|two_factor|medium|one_to_one",2.52914954583897,31.0683623185211
275,"mobile|simple|high|one_to_one",4.23546965145204,31.0683623185211
275,"mobile|simple|low|multi_person",4.67840340321168,31.0683623185211
275,"web|multi_factor|low|multi_person",3.29894740425091,31.0683623185211
275,"web|two_factor|medium|multi_person",1.16549185854057,31.0683623185211
275,"mobile|two_factor|low|one_to_one",6.10255631558389,31.0683623185211
275,"web|two_factor|high|one_to_one",2.17802109940533,31.0683623185211
275,"web|two_factor|low|one_to_one",3.98461253846337,31.0683623185211
276,"web|simple|low|multi_person",0.165117282963942,29.6276363276592
276,"mobile|two_factor|low|multi_person",3.53589452397761,29.6276363276592
276,"web|two_factor|low|multi_person",0.27369632344581,29.6276363276592
276,"mobile|multi_factor|low|multi_person",5.8140715619685,29.6276363276592
276,"mobile|simple|medium|multi_person",3.13569474716615,29.6276363276592
276,"mobile|multi_factor|medium|multi_person",5.52245082563891,29.6276363276592
276,"web|multi_factor|medium|multi_person",2.26025262510711,29.6276363276592
276,"mobile|simple|high|multi_person",3.82150380472511,29.6276363276592
276,"web|simple|high|multi_person",0.559305604193312,29.6276363276592
276,"mobile|two_factor|high|multi_person",3.93008284520698,29.6276363276592
276,"mobile|multi_factor|high|multi_person",6.20825988319787,29.6276363276592
276,"mobile|simple|low|one_to_one",4.77280773678531,29.6276363276592
276,"web|simple|low|one_to_one",1.51060953625351,29.6276363276592
276,"mobile|multi_factor|low|one_to_one",7.15956381525807,29.6276363276592
276,"web|multi_factor|low|one_to_one",3.89736561472627,29.6276363276592
276,"mobile|simple|medium|one_to_one",4.48118700045573,29.6276363276592
276,"mobile|two_factor|medium|one_to_one",4.58976604093759,29.6276363276592
276,"mobile|multi_factor|medium|one_to_one",6.86794307892848,29.6276363276592
276,"web|multi_factor|medium|one_to_one",3.60574487839668,29.6276363276592
276,"web|simple|high|one_to_one",1.90479785748288,29.6276363276592
276,"mobile|two_factor|high|one_to_one",5.27557509849655,29.6276363276592
276,"mobile|multi_factor|high|one_to_one",7.55375213648744,29.6276363276592
276,"web|multi_factor|high|one_to_one",4.29155393595564,29.6276363276592
276,"web|simple|medium|multi_person",-0.126503453365646,29.6276363276592
276,"mobile|two_factor|medium|multi_person",3.24427378764802,29.6276363276592
276,"web|two_factor|high|multi_person",0.66788464467518,29.6276363276592
276,"web|multi_factor|high|multi_person",2.94606168266607,29.6276363276592
276,"web|simple|medium|one_to_one",1.21898879992393,29.6276363276592
276,"web|two_factor|medium|one_to_one",1.32756784040579,29.6276363276592
276,"mobile|simple|high|one_to_one",5.16699605801468,29.6276363276592
276,"mobile|simple|low|multi_person",3.42731548349574,29.6276363276592
276,"web|multi_factor|low|multi_person",2.5518733614367,29.6276363276592
276,"web|two_factor|medium|multi_person",-0.0179244128837781,29.6276363276592
276,"mobile|two_factor|low|one_to_one",4.88138677726718,29.6276363276592
276,"web|two_factor|high|one_to_one",2.01337689796475,29.6276363276592
276,"web|two_factor|low|one_to_one",1.61918857673538,29.6276363276592
277,"web|simple|low|multi_person",2.36178689808886,31.2806757048148
277,"mobile|two_factor|low|multi_person",5.12712824287899,31.2806757048148
277,"web|two_factor|low|multi_person",1.62119354277985,31.2806757048148
277,"mobile|multi_factor|low|multi_person",6.47357978839243,31.2806757048148
277,"mobile|simple|medium|multi_person",4.97440996604318,31.2806757048148
277,"mobile|multi_factor|medium|multi_person",5.58026815624762,31.2806757048148
277,"web|multi_factor|medium|multi_person",2.07433345614848,31.2806757048148
277,"mobile|simple|high|multi_person",4.15157111150199,31.2806757048148
277,"web|simple|high|multi_person",0.645636411402847,31.2806757048148
277,"mobile|two_factor|high|multi_person",3.41097775619298,31.2806757048148
277,"mobile|multi_factor|high|multi_person",4.75742930170642,31.2806757048148
277,"mobile|simple|low|one_to_one",5.60337388865351,31.2806757048148
277,"web|simple|low|one_to_one",2.09743918855437,31.2806757048148
277,"mobile|multi_factor|low|one_to_one",6.20923207885795,31.2806757048148
277,"web|multi_factor|low|one_to_one",2.70329737875881,31.2806757048148
277,"mobile|simple|medium|one_to_one",4.7100622565087,31.2806757048148
277,"mobile|two_factor|medium|one_to_one",3.96946890119969,31.2806757048148
277,"mobile|multi_factor|medium|one_to_one",5.31592044671313,31.2806757048148
277,"web|multi_factor|medium|one_to_one",1.80998574661399,31.2806757048148
277,"web|simple|high|one_to_one",0.381288701868363,31.2806757048148
277,"mobile|two_factor|high|one_to_one",3.1466300466585,31.2806757048148
277,"mobile|multi_factor|high|one_to_one",4.49308159217194,31.2806757048148
277,"web|multi_factor|high|one_to_one",0.9871468920728,31.2806757048148
277,"web|simple|medium|multi_person",1.46847526594404,31.2806757048148
277,"mobile|two_factor|medium|multi_person",4.23381661073418,31.2806757048148
277,"web|two_factor|high|multi_person",-0.094956943906159,31.2806757048148
277,"web|multi_factor|high|multi_person",1.25149460160728,31.2806757048148
277,"web|simple|medium|one_to_one",1.20412755640956,31.2806757048148
277,"web|two_factor|medium|one_to_one",0.463534201100551,31.2806757048148
277,"mobile|simple|high|one_to_one",3.8872234019675,31.2806757048148
277,"mobile|simple|low|multi_person",5.867721598188,31.2806757048148
277,"web|multi_factor|low|multi_person",2.9676450882933,31.2806757048148
277,"web|two_factor|medium|multi_person",0.727881910635035,31.2806757048148
277,"mobile|two_factor|low|one_to_one",4.86278053334451,31.2806757048148
277,"web|two_factor|high|one_to_one",-0.359304653440643,31.2806757048148
277,"web|two_factor|low|one_to_one",1.35684583324537,31.2806757048148
279,"web|simple|low|multi_person",2.59310185088811,31.2669265722775
279,"mobile|two_factor|low|multi_person",5.25968935916328,31.2669265722775
279,"web|two_factor|low|multi_person",2.46673524233554,31.2669265722775
279,"mobile|multi_factor|low|multi_person",5.73888656680058,31.2669265722775
279,"mobile|simple|medium|multi_person",3.57524348801487,31.2669265722775
279,"mobile|multi_factor|medium|multi_person",3.9280740870996,31.2669265722775
279,"web|multi_factor|medium|multi_person",1.13511997027185,31.2669265722775
279,"mobile|simple|high|multi_person",3.7174618992923,31.2669265722775
279,"web|simple|high|multi_person",0.924507782464556,31.2669265722775
279,"mobile|two_factor|high|multi_person",3.59109529073972,31.2669265722775
279,"mobile|multi_factor|high|multi_person",4.07029249837702,31.2669265722775
279,"mobile|simple|low|one_to_one",6.2476383049361,31.2669265722775
279,"web|simple|low|one_to_one",3.45468418810836,31.2669265722775
279,"mobile|multi_factor|low|one_to_one",6.60046890402083,31.2669265722775
279,"web|multi_factor|low|one_to_one",3.80751478719309,31.2669265722775
279,"mobile|simple|medium|one_to_one",4.43682582523512,31.2669265722775
279,"mobile|two_factor|medium|one_to_one",4.31045921668255,31.2669265722775
279,"mobile|multi_factor|medium|one_to_one",4.78965642431984,31.2669265722775
279,"web|multi_factor|medium|one_to_one",1.9967023074921,31.2669265722775
279,"web|simple|high|one_to_one",1.78609011968481,31.2669265722775
279,"mobile|two_factor|high|one_to_one",4.45267762795998,31.2669265722775
279,"mobile|multi_factor|high|one_to_one",4.93187483559727,31.2669265722775
279,"web|multi_factor|high|one_to_one",2.13892071876953,31.2669265722775
279,"web|simple|medium|multi_person",0.782289371187133,31.2669265722775
279,"mobile|two_factor|medium|multi_person",3.4488768794623,31.2669265722775
279,"web|two_factor|high|multi_person",0.798141173911985,31.2669265722775
279,"web|multi_factor|high|multi_person",1.27733838154928,31.2669265722775
279,"web|simple|medium|one_to_one",1.64387170840738,31.2669265722775
279,"web|two_factor|medium|one_to_one",1.51750509985481,31.2669265722775
279,"mobile|simple|high|one_to_one",4.57904423651255,31.2669265722775
279,"mobile|simple|low|multi_person",5.38605596771585,31.2669265722775
279,"web|multi_factor|low|multi_person",2.94593244997284,31.2669265722775
279,"web|two_factor|medium|multi_person",0.655922762634562,31.2669265722775
279,"mobile|two_factor|low|one_to_one",6.12127169638353,31.2669265722775
279,"web|two_factor|high|one_to_one",1.65972351113223,31.2669265722775
279,"web|two_factor|low|one_to_one",3.32831757955579,31.2669265722775
280,"web|simple|low|multi_person",1.18501999750561,30.3632988138835
280,"mobile|two_factor|low|multi_person",5.28952233660008,30.3632988138835
280,"web|two_factor|low|multi_person",1.79289785447424,30.3632988138835
280,"mobile|multi_factor|low|multi_person",6.63768457764631,30.3632988138835
280,"mobile|simple|medium|multi_person",2.82833192482156,30.3632988138835
280,"mobile|multi_factor|medium|multi_person",4.78437202283643,30.3632988138835
280,"web|multi_factor|medium|multi_person",1.28774754071059,30.3632988138835
280,"mobile|simple|high|multi_person",1.8501601524181,30.3632988138835
280,"web|simple|high|multi_person",-1.64646432970774,30.3632988138835
280,"mobile|two_factor|high|multi_person",2.45803800938673,30.3632988138835
280,"mobile|multi_factor|high|multi_person",3.80620025043296,30.3632988138835
280,"mobile|simple|low|one_to_one",7.34230511764291,30.3632988138835
280,"web|simple|low|one_to_one",3.84568063551707,30.3632988138835
280,"mobile|multi_factor|low|one_to_one",9.29834521565777,30.3632988138835
280,"web|multi_factor|low|one_to_one",5.80172073353193,30.3632988138835
280,"mobile|simple|medium|one_to_one",5.48899256283302,30.3632988138835
280,"mobile|two_factor|medium|one_to_one",6.09687041980166,30.3632988138835
280,"mobile|multi_factor|medium|one_to_one",7.44503266084789,30.3632988138835
280,"web|multi_factor|medium|one_to_one",3.94840817872205,30.3632988138835
280,"web|simple|high|one_to_one",1.01419630830372,30.3632988138835
280,"mobile|two_factor|high|one_to_one",5.11869864739819,30.3632988138835
280,"mobile|multi_factor|high|one_to_one",6.46686088844442,30.3632988138835
280,"web|multi_factor|high|one_to_one",2.97023640631858,30.3632988138835
280,"web|simple|medium|multi_person",-0.668292557304277,30.3632988138835
280,"mobile|two_factor|medium|multi_person",3.4362097817902,30.3632988138835
280,"web|two_factor|high|multi_person",-1.03858647273911,30.3632988138835
280,"web|multi_factor|high|multi_person",0.30957576830712,30.3632988138835
280,"web|simple|medium|one_to_one",1.99236808070718,30.3632988138835
280,"web|two_factor|medium|one_to_one",2.60024593767582,30.3632988138835
280,"mobile|simple|high|one_to_one",4.51082079042956,30.3632988138835
280,"mobile|simple|low|multi_person",4.68164447963145,30.3632988138835
280,"web|multi_factor|low|multi_person",3.14106009552047,30.3632988138835
280,"web|two_factor|medium|multi_person",-0.0604147003356401,30.3632988138835
280,"mobile|two_factor|low|one_to_one",7.95018297461154,30.3632988138835
280,"web|two_factor|high|one_to_one",1.62207416527235,30.3632988138835
280,"web|two_factor|low|one_to_one",4.4535584924857,30.3632988138835
281,"web|simple|low|multi_person",1.73752465508363,30.6153872679075
281,"mobile|two_factor|low|multi_person",5.34254870591139,30.6153872679075
281,"web|two_factor|low|multi_person",3.20527256519197,30.6153872679075
281,"mobile|multi_factor|low|multi_person",3.65300507723198,30.6153872679075
281,"mobile|simple|medium|multi_person",3.103400382638,30.6153872679075
281,"mobile|multi_factor|medium|multi_person",2.88160466406693,30.6153872679075
281,"web|multi_factor|medium|multi_person",0.744328523347511,30.6153872679075
281,"mobile|simple|high|multi_person",2.59612948472618,30.6153872679075
281,"web|simple|high|multi_person",0.458853344006762,30.6153872679075
281,"mobile|two_factor|high|multi_person",4.06387739483452,30.6153872679075
281,"mobile|multi_factor|high|multi_person",2.37433376615511,30.6153872679075
281,"mobile|simple|low|one_to_one",6.47070937119225,30.6153872679075
281,"web|simple|low|one_to_one",4.33343323047283,30.6153872679075
281,"mobile|multi_factor|low|one_to_one",6.24891365262118,30.6153872679075
281,"web|multi_factor|low|one_to_one",4.11163751190176,30.6153872679075
281,"mobile|simple|medium|one_to_one",5.6993089580272,30.6153872679075
281,"mobile|two_factor|medium|one_to_one",7.16705686813554,30.6153872679075
281,"mobile|multi_factor|medium|one_to_one",5.47751323945613,30.6153872679075
281,"web|multi_factor|medium|one_to_one",3.34023709873671,30.6153872679075
281,"web|simple|high|one_to_one",3.05476191939596,30.6153872679075
281,"mobile|two_factor|high|one_to_one",6.65978597022372,30.6153872679075
281,"mobile|multi_factor|high|one_to_one",4.97024234154431,30.6153872679075
281,"web|multi_factor|high|one_to_one",2.83296620082489,30.6153872679075
281,"web|simple|medium|multi_person",0.966124241918584,30.6153872679075
281,"mobile|two_factor|medium|multi_person",4.57114829274634,30.6153872679075
281,"web|two_factor|high|multi_person",1.9266012541151,30.6153872679075
281,"web|multi_factor|high|multi_person",0.237057625435689,30.6153872679075
281,"web|simple|medium|one_to_one",3.56203281730778,30.6153872679075
281,"web|two_factor|medium|one_to_one",5.02978072741612,30.6153872679075
281,"mobile|simple|high|one_to_one",5.19203806011538,30.6153872679075
281,"mobile|simple|low|multi_person",3.87480079580305,30.6153872679075
281,"web|multi_factor|low|multi_person",1.51572893651256,30.6153872679075
281,"web|two_factor|medium|multi_person",2.43387215202692,30.6153872679075
281,"mobile|two_factor|low|one_to_one",7.93845728130059,30.6153872679075
281,"web|two_factor|high|one_to_one",4.5225098295043,30.6153872679075
281,"web|two_factor|low|one_to_one",5.80118114058117,30.6153872679075
282,"web|simple|low|multi_person",2.58493418877257,30.911204848787
282,"mobile|two_factor|low|multi_person",4.47806261234047,30.911204848787
282,"web|two_factor|low|multi_person",1.53849245807155,30.911204848787
282,"mobile|multi_factor|low|multi_person",6.74743296766431,30.911204848787
282,"mobile|simple|medium|multi_person",3.73868791506445,30.911204848787
282,"mobile|multi_factor|medium|multi_person",4.96161653968727,30.911204848787
282,"web|multi_factor|medium|multi_person",2.02204638541835,30.911204848787
282,"mobile|simple|high|multi_person",3.42908201530255,30.911204848787
282,"web|simple|high|multi_person",0.489511861033627,30.911204848787
282,"mobile|two_factor|high|multi_person",2.38264028460153,30.911204848787
282,"mobile|multi_factor|high|multi_person",4.65201063992537,30.911204848787
282,"mobile|simple|low|one_to_one",6.45056517403196,30.911204848787
282,"web|simple|low|one_to_one",3.51099501976304,30.911204848787
282,"mobile|multi_factor|low|one_to_one",7.67349379865479,30.911204848787
282,"web|multi_factor|low|one_to_one",4.73392364438587,30.911204848787
282,"mobile|simple|medium|one_to_one",4.66474874605492,30.911204848787
282,"mobile|two_factor|medium|one_to_one",3.6183070153539,30.911204848787
282,"mobile|multi_factor|medium|one_to_one",5.88767737067774,30.911204848787
282,"web|multi_factor|medium|one_to_one",2.94810721640882,30.911204848787
282,"web|simple|high|one_to_one",1.4155726920241,30.911204848787
282,"mobile|two_factor|high|one_to_one",3.308701115592,30.911204848787
282,"mobile|multi_factor|high|one_to_one",5.57807147091584,30.911204848787
282,"web|multi_factor|high|one_to_one",2.63850131664692,30.911204848787
282,"web|simple|medium|multi_person",0.79911776079553,30.911204848787
282,"mobile|two_factor|medium|multi_person",2.69224618436343,30.911204848787
282,"web|two_factor|high|multi_person",-0.556929869667392,30.911204848787
282,"web|multi_factor|high|multi_person",1.71244048565645,30.911204848787
282,"web|simple|medium|one_to_one",1.725178591786,30.911204848787
282,"web|two_factor|medium|one_to_one",0.678736861084983,30.911204848787
282,"mobile|simple|high|one_to_one",4.35514284629302,30.911204848787
282,"mobile|simple|low|multi_person",5.52450434304149,30.911204848787
282,"web|multi_factor|low|multi_person",3.80786281339539,30.911204848787
282,"web|two_factor|medium|multi_person",-0.247323969905489,30.911204848787
282,"mobile|two_factor|low|one_to_one",5.40412344333095,30.911204848787
282,"web|two_factor|high|one_to_one",0.36913096132308,30.911204848787
282,"web|two_factor|low|one_to_one",2.46455328906203,30.911204848787
283,"web|simple|low|multi_person",2.06039090354713,30.6095911415447
283,"mobile|two_factor|low|multi_person",3.82645125527825,30.6095911415447
283,"web|two_factor|low|multi_person",1.03515427501817,30.6095911415447
283,"mobile|multi_factor|low|multi_person",5.39851153185723,30.6095911415447
283,"mobile|simple|medium|multi_person",3.74501745895124,30.6095911415447
283,"mobile|multi_factor|medium|multi_person",4.29184110700126,30.6095911415447
283,"web|multi_factor|medium|multi_person",1.50054412674118,30.6095911415447
283,"mobile|simple|high|multi_person",2.61464840917872,30.6095911415447
283,"web|simple|high|multi_person",-0.176648571081361,30.6095911415447
283,"mobile|two_factor|high|multi_person",1.58941178064976,30.6095911415447
283,"mobile|multi_factor|high|multi_person",3.16147205722874,30.6095911415447
283,"mobile|simple|low|one_to_one",7.61395460020467,30.6095911415447
283,"web|simple|low|one_to_one",4.82265761994459,30.6095911415447
283,"mobile|multi_factor|low|one_to_one",8.16077824825469,30.6095911415447
283,"web|multi_factor|low|one_to_one",5.36948126799461,30.6095911415447
283,"mobile|simple|medium|one_to_one",6.5072841753487,30.6095911415447
283,"mobile|two_factor|medium|one_to_one",5.48204754681975,30.6095911415447
283,"mobile|multi_factor|medium|one_to_one",7.05410782339872,30.6095911415447
283,"web|multi_factor|medium|one_to_one",4.26281084313864,30.6095911415447
283,"web|simple|high|one_to_one",2.5856181453161,30.6095911415447
283,"mobile|two_factor|high|one_to_one",4.35167849704722,30.6095911415447
283,"mobile|multi_factor|high|one_to_one",5.9237387736262,30.6095911415447
283,"web|multi_factor|high|one_to_one",3.13244179336612,30.6095911415447
283,"web|simple|medium|multi_person",0.95372047869116,30.6095911415447
283,"mobile|two_factor|medium|multi_person",2.71978083042229,30.6095911415447
283,"web|two_factor|high|multi_person",-1.20188519961032,30.6095911415447
283,"web|multi_factor|high|multi_person",0.37017507696866,30.6095911415447
283,"web|simple|medium|one_to_one",3.71598719508862,30.6095911415447
283,"web|two_factor|medium|one_to_one",2.69075056655967,30.6095911415447
283,"mobile|simple|high|one_to_one",5.37691512557618,30.6095911415447
283,"mobile|simple|low|multi_person",4.85168788380721,30.6095911415447
283,"web|multi_factor|low|multi_person",2.60721455159715,30.6095911415447
283,"web|two_factor|medium|multi_person",-0.0715161498377948,30.6095911415447
283,"mobile|two_factor|low|one_to_one",6.58871797167571,30.6095911415447
283,"web|two_factor|high|one_to_one",1.56038151678714,30.6095911415447
283,"web|two_factor|low|one_to_one",3.79742099141563,30.6095911415447
284,"web|simple|low|multi_person",1.35165280736229,30.9010710925707
284,"mobile|two_factor|low|multi_person",5.03403937193101,30.9010710925707
284,"web|two_factor|low|multi_person",1.80728135439723,30.9010710925707
284,"mobile|multi_factor|low|multi_person",6.65083400891266,30.9010710925707
284,"mobile|simple|medium|multi_person",2.95618506242437,30.9010710925707
284,"mobile|multi_factor|medium|multi_person",5.02860824644096,30.9010710925707
284,"web|multi_factor|medium|multi_person",1.80185022890718,30.9010710925707
284,"mobile|simple|high|multi_person",2.55183627154553,30.9010710925707
284,"web|simple|high|multi_person",-0.674921745988252,30.9010710925707
284,"mobile|two_factor|high|multi_person",3.00746481858047,30.9010710925707
284,"mobile|multi_factor|high|multi_person",4.62425945556212,30.9010710925707
284,"mobile|simple|low|one_to_one",6.03483912025307,30.9010710925707
284,"web|simple|low|one_to_one",2.80808110271929,30.9010710925707
284,"mobile|multi_factor|low|one_to_one",8.10726230426966,30.9010710925707
284,"web|multi_factor|low|one_to_one",4.88050428673588,30.9010710925707
284,"mobile|simple|medium|one_to_one",4.41261335778136,30.9010710925707
284,"mobile|two_factor|medium|one_to_one",4.8682419048163,30.9010710925707
284,"mobile|multi_factor|medium|one_to_one",6.48503654179795,30.9010710925707
284,"web|multi_factor|medium|one_to_one",3.25827852426417,30.9010710925707
284,"web|simple|high|one_to_one",0.78150654936874,30.9010710925707
284,"mobile|two_factor|high|one_to_one",4.46389311393746,30.9010710925707
284,"mobile|multi_factor|high|one_to_one",6.08068775091911,30.9010710925707
284,"web|multi_factor|high|one_to_one",2.85392973338533,30.9010710925707
284,"web|simple|medium|multi_person",-0.270572955109412,30.9010710925707
284,"mobile|two_factor|medium|multi_person",3.41181360945931,30.9010710925707
284,"web|two_factor|high|multi_person",-0.219293198953313,30.9010710925707
284,"web|multi_factor|high|multi_person",1.39750143802834,30.9010710925707
284,"web|simple|medium|one_to_one",1.18585534024758,30.9010710925707
284,"web|two_factor|medium|one_to_one",1.64148388728252,30.9010710925707
284,"mobile|simple|high|one_to_one",4.00826456690252,30.9010710925707
284,"mobile|simple|low|multi_person",4.57841082489607,30.9010710925707
284,"web|multi_factor|low|multi_person",3.42407599137888,30.9010710925707
284,"web|two_factor|medium|multi_person",0.185055591925527,30.9010710925707
284,"mobile|two_factor|low|one_to_one",6.490467667288,30.9010710925707
284,"web|two_factor|high|one_to_one",1.23713509640368,30.9010710925707
284,"web|two_factor|low|one_to_one",3.26370964975423,30.9010710925707
285,"web|simple|low|multi_person",2.59651004595009,30.8421840644479
285,"mobile|two_factor|low|multi_person",3.93316119584494,30.8421840644479
285,"web|two_factor|low|multi_person",2.38033380753353,30.8421840644479
285,"mobile|multi_factor|low|multi_person",6.40657571867487,30.8421840644479
285,"mobile|simple|medium|multi_person",2.1736617925658,30.8421840644479
285,"mobile|multi_factor|medium|multi_person",4.43090007697917,30.8421840644479
285,"web|multi_factor|medium|multi_person",2.87807268866776,30.8421840644479
285,"mobile|simple|high|multi_person",2.17615040894479,30.8421840644479
285,"web|simple|high|multi_person",0.623323020633379,30.8421840644479
285,"mobile|two_factor|high|multi_person",1.95997417052823,30.8421840644479
285,"mobile|multi_factor|high|multi_person",4.43338869335816,30.8421840644479
285,"mobile|simple|low|one_to_one",5.16921578992338,30.8421840644479
285,"web|simple|low|one_to_one",3.61638840161196,30.8421840644479
285,"mobile|multi_factor|low|one_to_one",7.42645407433674,30.8421840644479
285,"web|multi_factor|low|one_to_one",5.87362668602533,30.8421840644479
285,"mobile|simple|medium|one_to_one",3.19354014822768,30.8421840644479
285,"mobile|two_factor|medium|one_to_one",2.97736390981112,30.8421840644479
285,"mobile|multi_factor|medium|one_to_one",5.45077843264105,30.8421840644479
285,"web|multi_factor|medium|one_to_one",3.89795104432964,30.8421840644479
285,"web|simple|high|one_to_one",1.64320137629525,30.8421840644479
285,"mobile|two_factor|high|one_to_one",2.9798525261901,30.8421840644479
285,"mobile|multi_factor|high|one_to_one",5.45326704902004,30.8421840644479
285,"web|multi_factor|high|one_to_one",3.90043966070862,30.8421840644479
285,"web|simple|medium|multi_person",0.620834404254393,30.8421840644479
285,"mobile|two_factor|medium|multi_person",1.95748555414924,30.8421840644479
285,"web|two_factor|high|multi_person",0.407146782216816,30.8421840644479
285,"web|multi_factor|high|multi_person",2.88056130504675,30.8421840644479
285,"web|simple|medium|one_to_one",1.64071275991627,30.8421840644479
285,"web|two_factor|medium|one_to_one",1.42453652149971,30.8421840644479
285,"mobile|simple|high|one_to_one",3.19602876460667,30.8421840644479
285,"mobile|simple|low|multi_person",4.1493374342615,30.8421840644479
285,"web|multi_factor|low|multi_person",4.85374833036346,30.8421840644479
285,"web|two_factor|medium|multi_person",0.40465816583783,30.8421840644479
285,"mobile|two_factor|low|one_to_one",4.95303955150681,30.8421840644479
285,"web|two_factor|high|one_to_one",1.42702513787869,30.8421840644479
285,"web|two_factor|low|one_to_one",3.4002121631954,30.8421840644479
286,"web|simple|low|multi_person",1.9946040326301,30.9379426752051
286,"mobile|two_factor|low|multi_person",4.43832831752684,30.9379426752051
286,"web|two_factor|low|multi_person",2.14801442122206,30.9379426752051
286,"mobile|multi_factor|low|multi_person",4.94377396737027,30.9379426752051
286,"mobile|simple|medium|multi_person",3.10313415415936,30.9379426752051
286,"mobile|multi_factor|medium|multi_person",3.76199019259475,30.9379426752051
286,"web|multi_factor|medium|multi_person",1.47167629628997,30.9379426752051
286,"mobile|simple|high|multi_person",3.3425690067398,30.9379426752051
286,"web|simple|high|multi_person",1.05225511043502,30.9379426752051
286,"mobile|two_factor|high|multi_person",3.49597939533177,30.9379426752051
286,"mobile|multi_factor|high|multi_person",4.0014250451752,30.9379426752051
286,"mobile|simple|low|one_to_one",5.42300063157035,30.9379426752051
286,"web|simple|low|one_to_one",3.13268673526557,30.9379426752051
286,"mobile|multi_factor|low|one_to_one",6.08185667000575,30.9379426752051
286,"web|multi_factor|low|one_to_one",3.79154277370097,30.9379426752051
286,"mobile|simple|medium|one_to_one",4.24121685679483,30.9379426752051
286,"mobile|two_factor|medium|one_to_one",4.39462724538679,30.9379426752051
286,"mobile|multi_factor|medium|one_to_one",4.90007289523023,30.9379426752051
286,"web|multi_factor|medium|one_to_one",2.60975899892545,30.9379426752051
286,"web|simple|high|one_to_one",2.1903378130705,30.9379426752051
286,"mobile|two_factor|high|one_to_one",4.63406209796724,30.9379426752051
286,"mobile|multi_factor|high|one_to_one",5.13950774781067,30.9379426752051
286,"web|multi_factor|high|one_to_one",2.84919385150589,30.9379426752051
286,"web|simple|medium|multi_person",0.812820257854576,30.9379426752051
286,"mobile|two_factor|medium|multi_person",3.25654454275132,30.9379426752051
286,"web|two_factor|high|multi_person",1.20566549902699,30.9379426752051
286,"web|multi_factor|high|multi_person",1.71111114887042,30.9379426752051
286,"web|simple|medium|one_to_one",1.95090296049005,30.9379426752051
286,"web|two_factor|medium|one_to_one",2.10431334908201,30.9379426752051
286,"mobile|simple|high|one_to_one",4.48065170937528,30.9379426752051
286,"mobile|simple|low|multi_person",4.28491792893488,30.9379426752051
286,"web|multi_factor|low|multi_person",2.65346007106549,30.9379426752051
286,"web|two_factor|medium|multi_person",0.96623064644654,30.9379426752051
286,"mobile|two_factor|low|one_to_one",5.57641102016231,30.9379426752051
286,"web|two_factor|high|one_to_one",2.34374820166246,30.9379426752051
286,"web|two_factor|low|one_to_one",3.28609712385753,30.9379426752051
287,"web|simple|low|multi_person",2.9550282380513,31.1492757227509
287,"mobile|two_factor|low|multi_person",4.00152440725138,31.1492757227509
287,"web|two_factor|low|multi_person",1.54067665626568,31.1492757227509
287,"mobile|multi_factor|low|multi_person",5.0008103599435,31.1492757227509
287,"mobile|simple|medium|multi_person",4.22458230906916,31.1492757227509
287,"mobile|multi_factor|medium|multi_person",3.80951667997565,31.1492757227509
287,"web|multi_factor|medium|multi_person",1.34866892898995,31.1492757227509
287,"mobile|simple|high|multi_person",4.23795391738373,31.1492757227509
287,"web|simple|high|multi_person",1.77710616639803,31.1492757227509
287,"mobile|two_factor|high|multi_person",2.82360233559811,31.1492757227509
287,"mobile|multi_factor|high|multi_person",3.82288828829023,31.1492757227509
287,"mobile|simple|low|one_to_one",7.02477054647356,31.1492757227509
287,"web|simple|low|one_to_one",4.56392279548786,31.1492757227509
287,"mobile|multi_factor|low|one_to_one",6.60970491738006,31.1492757227509
287,"web|multi_factor|low|one_to_one",4.14885716639436,31.1492757227509
287,"mobile|simple|medium|one_to_one",5.83347686650572,31.1492757227509
287,"mobile|two_factor|medium|one_to_one",4.4191252847201,31.1492757227509
287,"mobile|multi_factor|medium|one_to_one",5.41841123741222,31.1492757227509
287,"web|multi_factor|medium|one_to_one",2.95756348642652,31.1492757227509
287,"web|simple|high|one_to_one",3.38600072383459,31.1492757227509
287,"mobile|two_factor|high|one_to_one",4.43249689303467,31.1492757227509
287,"mobile|multi_factor|high|one_to_one",5.43178284572679,31.1492757227509
287,"web|multi_factor|high|one_to_one",2.97093509474109,31.1492757227509
287,"web|simple|medium|multi_person",1.76373455808346,31.1492757227509
287,"mobile|two_factor|medium|multi_person",2.81023072728354,31.1492757227509
287,"web|two_factor|high|multi_person",0.36275458461241,31.1492757227509
287,"web|multi_factor|high|multi_person",1.36204053730453,31.1492757227509
287,"web|simple|medium|one_to_one",3.37262911552002,31.1492757227509
287,"web|two_factor|medium|one_to_one",1.9582775337344,31.1492757227509
287,"mobile|simple|high|one_to_one",5.84684847482029,31.1492757227509
287,"mobile|simple|low|multi_person",5.415875989037,31.1492757227509
287,"web|multi_factor|low|multi_person",2.5399626089578,31.1492757227509
287,"web|two_factor|medium|multi_person",0.349382976297839,31.1492757227509
287,"mobile|two_factor|low|one_to_one",5.61041896468794,31.1492757227509
287,"web|two_factor|high|one_to_one",1.97164914204897,31.1492757227509
287,"web|two_factor|low|one_to_one",3.14957121370225,31.1492757227509
288,"web|simple|low|multi_person",1.45606157583786,30.8560324672709
288,"mobile|two_factor|low|multi_person",4.93756123489925,30.8560324672709
288,"web|two_factor|low|multi_person",1.99112936420651,30.8560324672709
288,"mobile|multi_factor|low|multi_person",5.70786118065601,30.8560324672709
288,"mobile|simple|medium|multi_person",2.72008942094713,30.8560324672709
288,"mobile|multi_factor|medium|multi_person",4.02545715507253,30.8560324672709
288,"web|multi_factor|medium|multi_person",1.0790252843798,30.8560324672709
288,"mobile|simple|high|multi_person",3.0212451509649,30.8560324672709
288,"web|simple|high|multi_person",0.0748132802721628,30.8560324672709
288,"mobile|two_factor|high|multi_person",3.55631293933355,30.8560324672709
288,"mobile|multi_factor|high|multi_person",4.3266128850903,30.8560324672709
288,"mobile|simple|low|one_to_one",6.45116355539183,30.8560324672709
288,"web|simple|low|one_to_one",3.50473168469908,30.8560324672709
288,"mobile|multi_factor|low|one_to_one",7.75653128951723,30.8560324672709
288,"web|multi_factor|low|one_to_one",4.81009941882449,30.8560324672709
288,"mobile|simple|medium|one_to_one",4.76875952980835,30.8560324672709
288,"mobile|two_factor|medium|one_to_one",5.303827318177,30.8560324672709
288,"mobile|multi_factor|medium|one_to_one",6.07412726393375,30.8560324672709
288,"web|multi_factor|medium|one_to_one",3.12769539324101,30.8560324672709
288,"web|simple|high|one_to_one",2.12348338913338,30.8560324672709
288,"mobile|two_factor|high|one_to_one",5.60498304819477,30.8560324672709
288,"mobile|multi_factor|high|one_to_one",6.37528299395152,30.8560324672709
288,"web|multi_factor|high|one_to_one",3.42885112325878,30.8560324672709
288,"web|simple|medium|multi_person",-0.226342449745606,30.8560324672709
288,"mobile|two_factor|medium|multi_person",3.25515720931578,30.8560324672709
288,"web|two_factor|high|multi_person",0.609881068640806,30.8560324672709
288,"web|multi_factor|high|multi_person",1.38018101439756,30.8560324672709
288,"web|simple|medium|one_to_one",1.82232765911561,30.8560324672709
288,"web|two_factor|medium|one_to_one",2.35739544748426,30.8560324672709
288,"mobile|simple|high|one_to_one",5.06991525982612,30.8560324672709
288,"mobile|simple|low|multi_person",4.4024934465306,30.8560324672709
288,"web|multi_factor|low|multi_person",2.76142930996327,30.8560324672709
288,"web|two_factor|medium|multi_person",0.308725338623037,30.8560324672709
288,"mobile|two_factor|low|one_to_one",6.98623134376047,30.8560324672709
288,"web|two_factor|high|one_to_one",2.65855117750203,30.8560324672709
288,"web|two_factor|low|one_to_one",4.03979947306773,30.8560324672709
289,"web|simple|low|multi_person",2.05621962280054,30.9316613853767
289,"mobile|two_factor|low|multi_person",4.7028471794479,30.9316613853767
289,"web|two_factor|low|multi_person",2.18833361625024,30.9316613853767
289,"mobile|multi_factor|low|multi_person",5.8164272920969,30.9316613853767
289,"mobile|simple|medium|multi_person",2.74468422354426,30.9316613853767
289,"mobile|multi_factor|medium|multi_person",3.99037832964297,30.9316613853767
289,"web|multi_factor|medium|multi_person",1.47586476644531,30.9316613853767
289,"mobile|simple|high|multi_person",2.27007301927056,30.9316613853767
289,"web|simple|high|multi_person",-0.244440543927099,30.9316613853767
289,"mobile|two_factor|high|multi_person",2.40218701272026,30.9316613853767
289,"mobile|multi_factor|high|multi_person",3.51576712536926,30.9316613853767
289,"mobile|simple|low|one_to_one",6.49769935466105,30.9316613853767
289,"web|simple|low|one_to_one",3.98318579146339,30.9316613853767
289,"mobile|multi_factor|low|one_to_one",7.74339346075975,30.9316613853767
289,"web|multi_factor|low|one_to_one",5.22887989756209,30.9316613853767
289,"mobile|simple|medium|one_to_one",4.67165039220711,30.9316613853767
289,"mobile|two_factor|medium|one_to_one",4.80376438565681,30.9316613853767
289,"mobile|multi_factor|medium|one_to_one",5.91734449830582,30.9316613853767
289,"web|multi_factor|medium|one_to_one",3.40283093510816,30.9316613853767
289,"web|simple|high|one_to_one",1.68252562473575,30.9316613853767
289,"mobile|two_factor|high|one_to_one",4.32915318138311,30.9316613853767
289,"mobile|multi_factor|high|one_to_one",5.44273329403211,30.9316613853767
289,"web|multi_factor|high|one_to_one",2.92821973083445,30.9316613853767
289,"web|simple|medium|multi_person",0.230170660346603,30.9316613853767
289,"mobile|two_factor|medium|multi_person",2.87679821699396,30.9316613853767
289,"web|two_factor|high|multi_person",-0.112326550477401,30.9316613853767
289,"web|multi_factor|high|multi_person",1.0012535621716,30.9316613853767
289,"web|simple|medium|one_to_one",2.15713682900945,30.9316613853767
289,"web|two_factor|medium|one_to_one",2.28925082245915,30.9316613853767
289,"mobile|simple|high|one_to_one",4.19703918793341,30.9316613853767
289,"mobile|simple|low|multi_person",4.5707331859982,30.9316613853767
289,"web|multi_factor|low|multi_person",3.30191372889924,30.9316613853767
289,"web|two_factor|medium|multi_person",0.362284653796301,30.9316613853767
289,"mobile|two_factor|low|one_to_one",6.62981334811075,30.9316613853767
289,"web|two_factor|high|one_to_one",1.81463961818545,30.9316613853767
289,"web|two_factor|low|one_to_one",4.11529978491309,30.9316613853767
290,"web|simple|low|multi_person",0.918704071842582,30.8581607055627
290,"mobile|two_factor|low|multi_person",5.34262712378476,30.8581607055627
290,"web|two_factor|low|multi_person",2.56102575298786,30.8581607055627
290,"mobile|multi_factor|low|multi_person",4.72918371877605,30.8581607055627
290,"mobile|simple|medium|multi_person",3.26612521868714,30.8581607055627
290,"mobile|multi_factor|medium|multi_person",4.29500349482371,30.8581607055627
290,"web|multi_factor|medium|multi_person",1.51340212402681,30.8581607055627
290,"mobile|simple|high|multi_person",3.63397340202455,30.8581607055627
290,"web|simple|high|multi_person",0.852372031227649,30.8581607055627
290,"mobile|two_factor|high|multi_person",5.27629508316983,30.8581607055627
290,"mobile|multi_factor|high|multi_person",4.66285167816112,30.8581607055627
290,"mobile|simple|low|one_to_one",4.42904386929832,30.8581607055627
290,"web|simple|low|one_to_one",1.64744249850142,30.8581607055627
290,"mobile|multi_factor|low|one_to_one",5.45792214543489,30.8581607055627
290,"web|multi_factor|low|one_to_one",2.67632077463799,30.8581607055627
290,"mobile|simple|medium|one_to_one",3.99486364534597,30.8581607055627
290,"mobile|two_factor|medium|one_to_one",5.63718532649125,30.8581607055627
290,"mobile|multi_factor|medium|one_to_one",5.02374192148254,30.8581607055627
290,"web|multi_factor|medium|one_to_one",2.24214055068564,30.8581607055627
290,"web|simple|high|one_to_one",1.58111045788648,30.8581607055627
290,"mobile|two_factor|high|one_to_one",6.00503350982866,30.8581607055627
290,"mobile|multi_factor|high|one_to_one",5.39159010481995,30.8581607055627
290,"web|multi_factor|high|one_to_one",2.60998873402305,30.8581607055627
290,"web|simple|medium|multi_person",0.484523847890238,30.8581607055627
290,"mobile|two_factor|medium|multi_person",4.90844689983242,30.8581607055627
290,"web|two_factor|high|multi_person",2.49469371237293,30.8581607055627
290,"web|multi_factor|high|multi_person",1.88125030736422,30.8581607055627
290,"web|simple|medium|one_to_one",1.21326227454907,30.8581607055627
290,"web|two_factor|medium|one_to_one",2.85558395569435,30.8581607055627
290,"mobile|simple|high|one_to_one",4.36271182868339,30.8581607055627
290,"mobile|simple|low|multi_person",3.70030544263948,30.8581607055627
290,"web|multi_factor|low|multi_person",1.94758234797915,30.8581607055627
290,"web|two_factor|medium|multi_person",2.12684552903552,30.8581607055627
290,"mobile|two_factor|low|one_to_one",6.0713655504436,30.8581607055627
290,"web|two_factor|high|one_to_one",3.22343213903176,30.8581607055627
290,"web|two_factor|low|one_to_one",3.2897641796467,30.8581607055627
291,"web|simple|low|multi_person",2.29289253361343,31.2228518771939
291,"mobile|two_factor|low|multi_person",5.53363678679923,31.2228518771939
291,"web|two_factor|low|multi_person",3.43291312254485,31.2228518771939
291,"mobile|multi_factor|low|multi_person",4.12991984614019,31.2228518771939
291,"mobile|simple|medium|multi_person",2.7525298373283,31.2228518771939
291,"mobile|multi_factor|medium|multi_person",2.48883348560068,31.2228518771939
291,"web|multi_factor|medium|multi_person",0.388109821346297,31.2228518771939
291,"mobile|simple|high|multi_person",3.37609500849202,31.2228518771939
291,"web|simple|high|multi_person",1.27537134423764,31.2228518771939
291,"mobile|two_factor|high|multi_person",4.51611559742344,31.2228518771939
291,"mobile|multi_factor|high|multi_person",3.1123986567644,31.2228518771939
291,"mobile|simple|low|one_to_one",6.43730738335497,31.2228518771939
291,"web|simple|low|one_to_one",4.33658371910059,31.2228518771939
291,"mobile|multi_factor|low|one_to_one",6.17361103162735,31.2228518771939
291,"web|multi_factor|low|one_to_one",4.07288736737297,31.2228518771939
291,"mobile|simple|medium|one_to_one",4.79622102281546,31.2228518771939
291,"mobile|two_factor|medium|one_to_one",5.93624161174688,31.2228518771939
291,"mobile|multi_factor|medium|one_to_one",4.53252467108784,31.2228518771939
291,"web|multi_factor|medium|one_to_one",2.43180100683346,31.2228518771939
291,"web|simple|high|one_to_one",3.3190625297248,31.2228518771939
291,"mobile|two_factor|high|one_to_one",6.5598067829106,31.2228518771939
291,"mobile|multi_factor|high|one_to_one",5.15608984225156,31.2228518771939
291,"web|multi_factor|high|one_to_one",3.05536617799718,31.2228518771939
291,"web|simple|medium|multi_person",0.651806173073923,31.2228518771939
291,"mobile|two_factor|medium|multi_person",3.89255042625972,31.2228518771939
291,"web|two_factor|high|multi_person",2.41539193316906,31.2228518771939
291,"web|multi_factor|high|multi_person",1.01167499251002,31.2228518771939
291,"web|simple|medium|one_to_one",2.69549735856108,31.2228518771939
291,"web|two_factor|medium|one_to_one",3.8355179474925,31.2228518771939
291,"mobile|simple|high|one_to_one",5.41978619397918,31.2228518771939
291,"mobile|simple|low|multi_person",4.39361619786781,31.2228518771939
291,"web|multi_factor|low|multi_person",2.02919618188581,31.2228518771939
291,"web|two_factor|medium|multi_person",1.79182676200534,31.2228518771939
291,"mobile|two_factor|low|one_to_one",7.57732797228639,31.2228518771939
291,"web|two_factor|high|one_to_one",4.45908311865622,31.2228518771939
291,"web|two_factor|low|one_to_one",5.47660430803201,31.2228518771939
292,"web|simple|low|multi_person",1.77609078181186,31.059235909601
292,"mobile|two_factor|low|multi_person",4.77279491496746,31.059235909601
292,"web|two_factor|low|multi_person",2.04678231376816,31.059235909601
292,"mobile|multi_factor|low|multi_person",5.56502867764809,31.059235909601
292,"mobile|simple|medium|multi_person",3.20201997387768,31.059235909601
292,"mobile|multi_factor|medium|multi_person",4.26494526851461,31.059235909601
292,"web|multi_factor|medium|multi_person",1.53893266731531,31.059235909601
292,"mobile|simple|high|multi_person",3.24425171123443,31.059235909601
292,"web|simple|high|multi_person",0.518239110035125,31.059235909601
292,"mobile|two_factor|high|multi_person",3.51494324319072,31.059235909601
292,"mobile|multi_factor|high|multi_person",4.30717700587135,31.059235909601
292,"mobile|simple|low|one_to_one",5.64176970196856,31.059235909601
292,"web|simple|low|one_to_one",2.91575710076926,31.059235909601
292,"mobile|multi_factor|low|one_to_one",6.70469499660548,31.059235909601
292,"web|multi_factor|low|one_to_one",3.97868239540618,31.059235909601
292,"mobile|simple|medium|one_to_one",4.34168629283508,31.059235909601
292,"mobile|two_factor|medium|one_to_one",4.61237782479138,31.059235909601
292,"mobile|multi_factor|medium|one_to_one",5.404611587472,31.059235909601
292,"web|multi_factor|medium|one_to_one",2.6785989862727,31.059235909601
292,"web|simple|high|one_to_one",1.65790542899252,31.059235909601
292,"mobile|two_factor|high|one_to_one",4.65460956214812,31.059235909601
292,"mobile|multi_factor|high|one_to_one",5.44684332482874,31.059235909601
292,"web|multi_factor|high|one_to_one",2.72083072362945,31.059235909601
292,"web|simple|medium|multi_person",0.476007372678382,31.059235909601
292,"mobile|two_factor|medium|multi_person",3.47271150583398,31.059235909601
292,"web|two_factor|high|multi_person",0.788930641991424,31.059235909601
292,"web|multi_factor|high|multi_person",1.58116440467205,31.059235909601
292,"web|simple|medium|one_to_one",1.61567369163578,31.059235909601
292,"web|two_factor|medium|one_to_one",1.88636522359208,31.059235909601
292,"mobile|simple|high|one_to_one",4.38391803019182,31.059235909601
292,"mobile|simple|low|multi_person",4.50210338301116,31.059235909601
292,"web|multi_factor|low|multi_person",2.83901607644879,31.059235909601
292,"web|two_factor|medium|multi_person",0.746698904634681,31.059235909601
292,"mobile|two_factor|low|one_to_one",5.91246123392486,31.059235909601
292,"web|two_factor|high|one_to_one",1.92859696094882,31.059235909601
292,"web|two_factor|low|one_to_one",3.18644863272556,31.059235909601
293,"web|simple|low|multi_person",0.959302873947164,30.2771659421757
293,"mobile|two_factor|low|multi_person",3.5575937593801,30.2771659421757
293,"web|two_factor|low|multi_person",0.527400437402182,30.2771659421757
293,"mobile|multi_factor|low|multi_person",7.20378319001354,30.2771659421757
293,"mobile|simple|medium|multi_person",2.82229745820765,30.2771659421757
293,"mobile|multi_factor|medium|multi_person",6.03658445229611,30.2771659421757
293,"web|multi_factor|medium|multi_person",3.00639113031819,30.2771659421757
293,"mobile|simple|high|multi_person",2.22850764773838,30.2771659421757
293,"web|simple|high|multi_person",-0.801685674239539,30.2771659421757
293,"mobile|two_factor|high|multi_person",1.7966052111934,30.2771659421757
293,"mobile|multi_factor|high|multi_person",5.44279464182684,30.2771659421757
293,"mobile|simple|low|one_to_one",5.40183527359418,30.2771659421757
293,"web|simple|low|one_to_one",2.37164195161626,30.2771659421757
293,"mobile|multi_factor|low|one_to_one",8.61612226768264,30.2771659421757
293,"web|multi_factor|low|one_to_one",5.58592894570472,30.2771659421757
293,"mobile|simple|medium|one_to_one",4.23463653587675,30.2771659421757
293,"mobile|two_factor|medium|one_to_one",3.80273409933177,30.2771659421757
293,"mobile|multi_factor|medium|one_to_one",7.44892352996521,30.2771659421757
293,"web|multi_factor|medium|one_to_one",4.41873020798729,30.2771659421757
293,"web|simple|high|one_to_one",0.610653403429559,30.2771659421757
293,"mobile|two_factor|high|one_to_one",3.2089442888625,30.2771659421757
293,"mobile|multi_factor|high|one_to_one",6.85513371949594,30.2771659421757
293,"web|multi_factor|high|one_to_one",3.82494039751802,30.2771659421757
293,"web|simple|medium|multi_person",-0.207895863770269,30.2771659421757
293,"mobile|two_factor|medium|multi_person",2.39039502166267,30.2771659421757
293,"web|two_factor|high|multi_person",-1.23358811078452,30.2771659421757
293,"web|multi_factor|high|multi_person",2.41260131984892,30.2771659421757
293,"web|simple|medium|one_to_one",1.20444321389883,30.2771659421757
293,"web|two_factor|medium|one_to_one",0.772540777353847,30.2771659421757
293,"mobile|simple|high|one_to_one",3.64084672540748,30.2771659421757
293,"mobile|simple|low|multi_person",3.98949619592508,30.2771659421757
293,"web|multi_factor|low|multi_person",4.17358986803562,30.2771659421757
293,"web|two_factor|medium|multi_person",-0.639798300315251,30.2771659421757
293,"mobile|two_factor|low|one_to_one",4.9699328370492,30.2771659421757
293,"web|two_factor|high|one_to_one",0.178750966884577,30.2771659421757
293,"web|two_factor|low|one_to_one",1.93973951507128,30.2771659421757
294,"web|simple|low|multi_person",3.61756490179262,31.0970227516364
294,"mobile|two_factor|low|multi_person",3.50366382174153,31.0970227516364
294,"web|two_factor|low|multi_person",1.22383789669987,31.0970227516364
294,"mobile|multi_factor|low|multi_person",4.3687496823971,31.0970227516364
294,"mobile|simple|medium|multi_person",5.33204376408633,31.0970227516364
294,"mobile|multi_factor|medium|multi_person",3.80340261964915,31.0970227516364
294,"web|multi_factor|medium|multi_person",1.52357669460749,31.0970227516364
294,"mobile|simple|high|multi_person",5.30881040941573,31.0970227516364
294,"web|simple|high|multi_person",3.02898448437407,31.0970227516364
294,"mobile|two_factor|high|multi_person",2.91508340432298,31.0970227516364
294,"mobile|multi_factor|high|multi_person",3.78016926497855,31.0970227516364
294,"mobile|simple|low|one_to_one",6.70304801345443,31.0970227516364
294,"web|simple|low|one_to_one",4.42322208841277,31.0970227516364
294,"mobile|multi_factor|low|one_to_one",5.17440686901725,31.0970227516364
294,"web|multi_factor|low|one_to_one",2.89458094397559,31.0970227516364
294,"mobile|simple|medium|one_to_one",6.13770095070647,31.0970227516364
294,"mobile|two_factor|medium|one_to_one",3.74397394561372,31.0970227516364
294,"mobile|multi_factor|medium|one_to_one",4.60905980626929,31.0970227516364
294,"web|multi_factor|medium|one_to_one",2.32923388122763,31.0970227516364
294,"web|simple|high|one_to_one",3.83464167099422,31.0970227516364
294,"mobile|two_factor|high|one_to_one",3.72074059094313,31.0970227516364
294,"mobile|multi_factor|high|one_to_one",4.58582645159869,31.0970227516364
294,"web|multi_factor|high|one_to_one",2.30600052655703,31.0970227516364
294,"web|simple|medium|multi_person",3.05221783904467,31.0970227516364
294,"mobile|two_factor|medium|multi_person",2.93831675899358,31.0970227516364
294,"web|two_factor|high|multi_person",0.635257479281322,31.0970227516364
294,"web|multi_factor|high|multi_person",1.50034333993689,31.0970227516364
294,"web|simple|medium|one_to_one",3.85787502566481,31.0970227516364
294,"web|two_factor|medium|one_to_one",1.46414802057206,31.0970227516364
294,"mobile|simple|high|one_to_one",6.11446759603588,31.0970227516364
294,"mobile|simple|low|multi_person",5.89739082683428,31.0970227516364
294,"web|multi_factor|low|multi_person",2.08892375735544,31.0970227516364
294,"web|two_factor|medium|multi_person",0.658490833951918,31.0970227516364
294,"mobile|two_factor|low|one_to_one",4.30932100836168,31.0970227516364
294,"web|two_factor|high|one_to_one",1.44091466590147,31.0970227516364
294,"web|two_factor|low|one_to_one",2.02949508332002,31.0970227516364
295,"web|simple|low|multi_person",0.966860879260448,30.5034257597613
295,"mobile|two_factor|low|multi_person",6.09391987557787,30.5034257597613
295,"web|two_factor|low|multi_person",2.27636519098153,30.5034257597613
295,"mobile|multi_factor|low|multi_person",4.82766744691547,30.5034257597613
295,"mobile|simple|medium|multi_person",3.34631798809962,30.5034257597613
295,"mobile|multi_factor|medium|multi_person",3.38956987115831,30.5034257597613
295,"web|multi_factor|medium|multi_person",-0.427984813438034,30.5034257597613
295,"mobile|simple|high|multi_person",3.51917286383154,30.5034257597613
295,"web|simple|high|multi_person",-0.298381820764795,30.5034257597613
295,"mobile|two_factor|high|multi_person",4.82867717555263,30.5034257597613
295,"mobile|multi_factor|high|multi_person",3.56242474689023,30.5034257597613
295,"mobile|simple|low|one_to_one",7.14038027542837,30.5034257597613
295,"web|simple|low|one_to_one",3.32282559083203,30.5034257597613
295,"mobile|multi_factor|low|one_to_one",7.18363215848705,30.5034257597613
295,"web|multi_factor|low|one_to_one",3.36607747389071,30.5034257597613
295,"mobile|simple|medium|one_to_one",5.7022826996712,30.5034257597613
295,"mobile|two_factor|medium|one_to_one",7.01178701139228,30.5034257597613
295,"mobile|multi_factor|medium|one_to_one",5.74553458272989,30.5034257597613
295,"web|multi_factor|medium|one_to_one",1.92797989813355,30.5034257597613
295,"web|simple|high|one_to_one",2.05758289080678,30.5034257597613
295,"mobile|two_factor|high|one_to_one",7.18464188712421,30.5034257597613
295,"mobile|multi_factor|high|one_to_one",5.91838945846181,30.5034257597613
295,"web|multi_factor|high|one_to_one",2.10083477386547,30.5034257597613
295,"web|simple|medium|multi_person",-0.471236696496718,30.5034257597613
295,"mobile|two_factor|medium|multi_person",4.6558222998207,30.5034257597613
295,"web|two_factor|high|multi_person",1.01112249095629,30.5034257597613
295,"web|multi_factor|high|multi_person",-0.255129937706111,30.5034257597613
295,"web|simple|medium|one_to_one",1.88472801507486,30.5034257597613
295,"web|two_factor|medium|one_to_one",3.19423232679594,30.5034257597613
295,"mobile|simple|high|one_to_one",5.87513757540312,30.5034257597613
295,"mobile|simple|low|multi_person",4.78441556385679,30.5034257597613
295,"web|multi_factor|low|multi_person",1.01011276231913,30.5034257597613
295,"web|two_factor|medium|multi_person",0.838267615224363,30.5034257597613
295,"mobile|two_factor|low|one_to_one",8.44988458714945,30.5034257597613
295,"web|two_factor|high|one_to_one",3.36708720252787,30.5034257597613
295,"web|two_factor|low|one_to_one",4.63232990255311,30.5034257597613
296,"web|simple|low|multi_person",2.76866803343716,31.0402921397803
296,"mobile|two_factor|low|multi_person",3.80690888993748,31.0402921397803
296,"web|two_factor|low|multi_person",0.790050905660042,31.0402921397803
296,"mobile|multi_factor|low|multi_person",5.71964671679423,31.0402921397803
296,"mobile|simple|medium|multi_person",4.69071476715012,31.0402921397803
296,"mobile|multi_factor|medium|multi_person",4.62483546622975,31.0402921397803
296,"web|multi_factor|medium|multi_person",1.60797748195231,31.0402921397803
296,"mobile|simple|high|multi_person",4.32898096673961,31.0402921397803
296,"web|simple|high|multi_person",1.31212298246217,31.0402921397803
296,"mobile|two_factor|high|multi_person",2.35036383896249,31.0402921397803
296,"mobile|multi_factor|high|multi_person",4.26310166581924,31.0402921397803
296,"mobile|simple|low|one_to_one",7.03095910482353,31.0402921397803
296,"web|simple|low|one_to_one",4.0141011205461,31.0402921397803
296,"mobile|multi_factor|low|one_to_one",6.96507980390316,31.0402921397803
296,"web|multi_factor|low|one_to_one",3.94822181962572,31.0402921397803
296,"mobile|simple|medium|one_to_one",5.93614785425906,31.0402921397803
296,"mobile|two_factor|medium|one_to_one",3.95753072648193,31.0402921397803
296,"mobile|multi_factor|medium|one_to_one",5.87026855333869,31.0402921397803
296,"web|multi_factor|medium|one_to_one",2.85341056906125,31.0402921397803
296,"web|simple|high|one_to_one",2.5575560695711,31.0402921397803
296,"mobile|two_factor|high|one_to_one",3.59579692607142,31.0402921397803
296,"mobile|multi_factor|high|one_to_one",5.50853475292817,31.0402921397803
296,"web|multi_factor|high|one_to_one",2.49167676865073,31.0402921397803
296,"web|simple|medium|multi_person",1.67385678287268,31.0402921397803
296,"mobile|two_factor|medium|multi_person",2.712097639373,31.0402921397803
296,"web|two_factor|high|multi_person",-0.666494145314953,31.0402921397803
296,"web|multi_factor|high|multi_person",1.2462436815418,31.0402921397803
296,"web|simple|medium|one_to_one",2.91928986998162,31.0402921397803
296,"web|two_factor|medium|one_to_one",0.940672742204495,31.0402921397803
296,"mobile|simple|high|one_to_one",5.57441405384854,31.0402921397803
296,"mobile|simple|low|multi_person",5.7855260177146,31.0402921397803
296,"web|multi_factor|low|multi_person",2.70278873251679,31.0402921397803
296,"web|two_factor|medium|multi_person",-0.304760344904437,31.0402921397803
296,"mobile|two_factor|low|one_to_one",5.05234197704641,31.0402921397803
296,"web|two_factor|high|one_to_one",0.578938941793979,31.0402921397803
296,"web|two_factor|low|one_to_one",2.03548399276897,31.0402921397803
297,"web|simple|low|multi_person",2.39965833367621,30.0111683087002
297,"mobile|two_factor|low|multi_person",6.2017963943604,30.0111683087002
297,"web|two_factor|low|multi_person",4.22794507103187,30.0111683087002
297,"mobile|multi_factor|low|multi_person",4.08829871479629,30.0111683087002
297,"mobile|simple|medium|multi_person",1.8990051274202,30.0111683087002
297,"mobile|multi_factor|medium|multi_person",1.61379418521175,30.0111683087002
297,"web|multi_factor|medium|multi_person",-0.360057138116781,30.0111683087002
297,"mobile|simple|high|multi_person",1.99314237612902,30.0111683087002
297,"web|simple|high|multi_person",0.019291052800493,30.0111683087002
297,"mobile|two_factor|high|multi_person",3.82142911348469,30.0111683087002
297,"mobile|multi_factor|high|multi_person",1.70793143392057,30.0111683087002
297,"mobile|simple|low|one_to_one",7.505624366031,30.0111683087002
297,"web|simple|low|one_to_one",5.53177304270247,30.0111683087002
297,"mobile|multi_factor|low|one_to_one",7.22041342382255,30.0111683087002
297,"web|multi_factor|low|one_to_one",5.24656210049402,30.0111683087002
297,"mobile|simple|medium|one_to_one",5.03111983644646,30.0111683087002
297,"mobile|two_factor|medium|one_to_one",6.85940657380212,30.0111683087002
297,"mobile|multi_factor|medium|one_to_one",4.74590889423801,30.0111683087002
297,"web|multi_factor|medium|one_to_one",2.77205757090948,30.0111683087002
297,"web|simple|high|one_to_one",3.15140576182675,30.0111683087002
297,"mobile|two_factor|high|one_to_one",6.95354382251095,30.0111683087002
297,"mobile|multi_factor|high|one_to_one",4.84004614294683,30.0111683087002
297,"web|multi_factor|high|one_to_one",2.8661948196183,30.0111683087002
297,"web|simple|medium|multi_person",-0.0748461959083329,30.0111683087002
297,"mobile|two_factor|medium|multi_person",3.72729186477587,30.0111683087002
297,"web|two_factor|high|multi_person",1.84757779015616,30.0111683087002
297,"web|multi_factor|high|multi_person",-0.265919889407955,30.0111683087002
297,"web|simple|medium|one_to_one",3.05726851311793,30.0111683087002
297,"web|two_factor|medium|one_to_one",4.8855552504736,30.0111683087002
297,"mobile|simple|high|one_to_one",5.12525708515528,30.0111683087002
297,"mobile|simple|low|multi_person",4.37350965700474,30.0111683087002
297,"web|multi_factor|low|multi_person",2.11444739146776,30.0111683087002
297,"web|two_factor|medium|multi_person",1.75344054144734,30.0111683087002
297,"mobile|two_factor|low|one_to_one",9.33391110338667,30.0111683087002
297,"web|two_factor|high|one_to_one",4.97969249918242,30.0111683087002
297,"web|two_factor|low|one_to_one",7.36005978005814,30.0111683087002
298,"web|simple|low|multi_person",0.953237907383258,31.0392144166189
298,"mobile|two_factor|low|multi_person",4.33241652535833,31.0392144166189
298,"web|two_factor|low|multi_person",1.36140450494632,31.0392144166189
298,"mobile|multi_factor|low|multi_person",5.73328813348452,31.0392144166189
298,"mobile|simple|medium|multi_person",3.37453363693376,31.0392144166189
298,"mobile|multi_factor|medium|multi_person",5.183571842623,31.0392144166189
298,"web|multi_factor|medium|multi_person",2.21255982221098,31.0392144166189
298,"mobile|simple|high|multi_person",2.99660800070969,31.0392144166189
298,"web|simple|high|multi_person",0.0255959802976731,31.0392144166189
298,"mobile|two_factor|high|multi_person",3.40477459827275,31.0392144166189
298,"mobile|multi_factor|high|multi_person",4.80564620639894,31.0392144166189
298,"mobile|simple|low|one_to_one",5.27369043768213,31.0392144166189
298,"web|simple|low|one_to_one",2.30267841727011,31.0392144166189
298,"mobile|multi_factor|low|one_to_one",7.08272864337138,31.0392144166189
298,"web|multi_factor|low|one_to_one",4.11171662295936,31.0392144166189
298,"mobile|simple|medium|one_to_one",4.72397414682061,31.0392144166189
298,"mobile|two_factor|medium|one_to_one",5.13214074438367,31.0392144166189
298,"mobile|multi_factor|medium|one_to_one",6.53301235250986,31.0392144166189
298,"web|multi_factor|medium|one_to_one",3.56200033209784,31.0392144166189
298,"web|simple|high|one_to_one",1.37503649018453,31.0392144166189
298,"mobile|two_factor|high|one_to_one",4.75421510815961,31.0392144166189
298,"mobile|multi_factor|high|one_to_one",6.1550867162858,31.0392144166189
298,"web|multi_factor|high|one_to_one",3.18407469587377,31.0392144166189
298,"web|simple|medium|multi_person",0.403521616521739,31.0392144166189
298,"mobile|two_factor|medium|multi_person",3.78270023449682,31.0392144166189
298,"web|two_factor|high|multi_person",0.43376257786073,31.0392144166189
298,"web|multi_factor|high|multi_person",1.83463418598692,31.0392144166189
298,"web|simple|medium|one_to_one",1.75296212640859,31.0392144166189
298,"web|two_factor|medium|one_to_one",2.16112872397165,31.0392144166189
298,"mobile|simple|high|one_to_one",4.34604851059655,31.0392144166189
298,"mobile|simple|low|multi_person",3.92424992779528,31.0392144166189
298,"web|multi_factor|low|multi_person",2.7622761130725,31.0392144166189
298,"web|two_factor|medium|multi_person",0.811688214084796,31.0392144166189
298,"mobile|two_factor|low|one_to_one",5.68185703524519,31.0392144166189
298,"web|two_factor|high|one_to_one",1.78320308774759,31.0392144166189
298,"web|two_factor|low|one_to_one",2.71084501483317,31.0392144166189
299,"web|simple|low|multi_person",3.54377789989647,31.1190241318588
299,"mobile|two_factor|low|multi_person",4.47120262311981,31.1190241318588
299,"web|two_factor|low|multi_person",2.26366121469271,31.1190241318588
299,"mobile|multi_factor|low|multi_person",5.97000583971219,31.1190241318588
299,"mobile|simple|medium|multi_person",3.62978921951086,31.1190241318588
299,"mobile|multi_factor|medium|multi_person",3.84847575089948,31.1190241318588
299,"web|multi_factor|medium|multi_person",1.64093434247238,31.1190241318588
299,"mobile|simple|high|multi_person",3.24361376557715,31.1190241318588
299,"web|simple|high|multi_person",1.03607235715005,31.1190241318588
299,"mobile|two_factor|high|multi_person",1.9634970803734,31.1190241318588
299,"mobile|multi_factor|high|multi_person",3.46230029696578,31.1190241318588
299,"mobile|simple|low|one_to_one",7.53990693530052,31.1190241318588
299,"web|simple|low|one_to_one",5.33236552687342,31.1190241318588
299,"mobile|multi_factor|low|one_to_one",7.75859346668914,31.1190241318588
299,"web|multi_factor|low|one_to_one",5.55105205826204,31.1190241318588
299,"mobile|simple|medium|one_to_one",5.41837684648781,31.1190241318588
299,"mobile|two_factor|medium|one_to_one",4.13826016128405,31.1190241318588
299,"mobile|multi_factor|medium|one_to_one",5.63706337787643,31.1190241318588
299,"web|multi_factor|medium|one_to_one",3.42952196944933,31.1190241318588
299,"web|simple|high|one_to_one",2.824659984127,31.1190241318588
299,"mobile|two_factor|high|one_to_one",3.75208470735035,31.1190241318588
299,"mobile|multi_factor|high|one_to_one",5.25088792394273,31.1190241318588
299,"web|multi_factor|high|one_to_one",3.04334651551563,31.1190241318588
299,"web|simple|medium|multi_person",1.42224781108376,31.1190241318588
299,"mobile|two_factor|medium|multi_person",2.3496725343071,31.1190241318588
299,"web|two_factor|high|multi_person",-0.244044328053704,31.1190241318588
299,"web|multi_factor|high|multi_person",1.25475888853868,31.1190241318588
299,"web|simple|medium|one_to_one",3.21083543806071,31.1190241318588
299,"web|two_factor|medium|one_to_one",1.93071875285695,31.1190241318588
299,"mobile|simple|high|one_to_one",5.0322013925541,31.1190241318588
299,"mobile|simple|low|multi_person",5.75131930832357,31.1190241318588
299,"web|multi_factor|low|multi_person",3.76246443128509,31.1190241318588
299,"web|two_factor|medium|multi_person",0.142131125879999,31.1190241318588
299,"mobile|two_factor|low|one_to_one",6.25979025009676,31.1190241318588
299,"web|two_factor|high|one_to_one",1.54454329892325,31.1190241318588
299,"web|two_factor|low|one_to_one",4.05224884166966,31.1190241318588
301,"web|simple|low|multi_person",3.44239425561188,31.1563548022184
301,"mobile|two_factor|low|multi_person",4.77244817078702,31.1563548022184
301,"web|two_factor|low|multi_person",1.74190023627654,31.1563548022184
301,"mobile|multi_factor|low|multi_person",6.52528197948003,31.1563548022184
301,"mobile|simple|medium|multi_person",5.28594261556445,31.1563548022184
301,"mobile|multi_factor|medium|multi_person",5.33828240492213,31.1563548022184
301,"web|multi_factor|medium|multi_person",2.30773447041165,31.1563548022184
301,"mobile|simple|high|multi_person",4.59876512200038,31.1563548022184
301,"web|simple|high|multi_person",1.5682171874899,31.1563548022184
301,"mobile|two_factor|high|multi_person",2.89827110266504,31.1563548022184
301,"mobile|multi_factor|high|multi_person",4.65110491135805,31.1563548022184
301,"mobile|simple|low|one_to_one",6.33194663790692,31.1563548022184
301,"web|simple|low|one_to_one",3.30139870339644,31.1563548022184
301,"mobile|multi_factor|low|one_to_one",6.38428642726459,31.1563548022184
301,"web|multi_factor|low|one_to_one",3.35373849275411,31.1563548022184
301,"mobile|simple|medium|one_to_one",5.14494706334901,31.1563548022184
301,"mobile|two_factor|medium|one_to_one",3.44445304401367,31.1563548022184
301,"mobile|multi_factor|medium|one_to_one",5.19728685270669,31.1563548022184
301,"web|multi_factor|medium|one_to_one",2.16673891819621,31.1563548022184
301,"web|simple|high|one_to_one",1.42722163527446,31.1563548022184
301,"mobile|two_factor|high|one_to_one",2.7572755504496,31.1563548022184
301,"mobile|multi_factor|high|one_to_one",4.51010935914261,31.1563548022184
301,"web|multi_factor|high|one_to_one",1.47956142463213,31.1563548022184
301,"web|simple|medium|multi_person",2.25539468105397,31.1563548022184
301,"mobile|two_factor|medium|multi_person",3.58544859622911,31.1563548022184
301,"web|two_factor|high|multi_person",-0.132276831845439,31.1563548022184
301,"web|multi_factor|high|multi_person",1.62055697684757,31.1563548022184
301,"web|simple|medium|one_to_one",2.11439912883853,31.1563548022184
301,"web|two_factor|medium|one_to_one",0.413905109503193,31.1563548022184
301,"mobile|simple|high|one_to_one",4.45776956978494,31.1563548022184
301,"mobile|simple|low|multi_person",6.47294219012236,31.1563548022184
301,"web|multi_factor|low|multi_person",3.49473404496955,31.1563548022184
301,"web|two_factor|medium|multi_person",0.554900661718633,31.1563548022184
301,"mobile|two_factor|low|one_to_one",4.63145261857158,31.1563548022184
301,"web|two_factor|high|one_to_one",-0.273272384060879,31.1563548022184
301,"web|two_factor|low|one_to_one",1.6009046840611,31.1563548022184
302,"web|simple|low|multi_person",2.85041851620473,31.386668849327
302,"mobile|two_factor|low|multi_person",5.05388894660869,31.386668849327
302,"web|two_factor|low|multi_person",2.01906945598085,31.386668849327
302,"mobile|multi_factor|low|multi_person",5.72854544041471,31.386668849327
302,"mobile|simple|medium|multi_person",4.05338047624654,31.386668849327
302,"mobile|multi_factor|medium|multi_person",3.89668790982868,31.386668849327
302,"web|multi_factor|medium|multi_person",0.861868419200844,31.386668849327
302,"mobile|simple|high|multi_person",4.43511118174173,31.386668849327
302,"web|simple|high|multi_person",1.40029169111389,31.386668849327
302,"mobile|two_factor|high|multi_person",3.60376212151786,31.386668849327
302,"mobile|multi_factor|high|multi_person",4.27841861532387,31.386668849327
302,"mobile|simple|low|one_to_one",6.64944187274551,31.386668849327
302,"web|simple|low|one_to_one",3.61462238211767,31.386668849327
302,"mobile|multi_factor|low|one_to_one",6.49274930632765,31.386668849327
302,"web|multi_factor|low|one_to_one",3.45792981569981,31.386668849327
302,"mobile|simple|medium|one_to_one",4.81758434215949,31.386668849327
302,"mobile|two_factor|medium|one_to_one",3.98623528193561,31.386668849327
302,"mobile|multi_factor|medium|one_to_one",4.66089177574163,31.386668849327
302,"web|multi_factor|medium|one_to_one",1.62607228511379,31.386668849327
302,"web|simple|high|one_to_one",2.16449555702684,31.386668849327
302,"mobile|two_factor|high|one_to_one",4.3679659874308,31.386668849327
302,"mobile|multi_factor|high|one_to_one",5.04262248123682,31.386668849327
302,"web|multi_factor|high|one_to_one",2.00780299060898,31.386668849327
302,"web|simple|medium|multi_person",1.0185609856187,31.386668849327
302,"mobile|two_factor|medium|multi_person",3.22203141602267,31.386668849327
302,"web|two_factor|high|multi_person",0.568942630890015,31.386668849327
302,"web|multi_factor|high|multi_person",1.24359912469603,31.386668849327
302,"web|simple|medium|one_to_one",1.78276485153165,31.386668849327
302,"web|two_factor|medium|one_to_one",0.951415791307769,31.386668849327
302,"mobile|simple|high|one_to_one",5.19931504765468,31.386668849327
302,"mobile|simple|low|multi_person",5.88523800683257,31.386668849327
302,"web|multi_factor|low|multi_person",2.69372594978687,31.386668849327
302,"web|two_factor|medium|multi_person",0.187211925394825,31.386668849327
302,"mobile|two_factor|low|one_to_one",5.81809281252163,31.386668849327
302,"web|two_factor|high|one_to_one",1.33314649680296,31.386668849327
302,"web|two_factor|low|one_to_one",2.78327332189379,31.386668849327
303,"web|simple|low|multi_person",2.78121615332257,30.7753900131713
303,"mobile|two_factor|low|multi_person",5.72132921595709,30.7753900131713
303,"web|two_factor|low|multi_person",3.67953576842135,30.7753900131713
303,"mobile|multi_factor|low|multi_person",4.60080983863688,30.7753900131713
303,"mobile|simple|medium|multi_person",2.70018733453666,30.7753900131713
303,"mobile|multi_factor|medium|multi_person",2.47798757231524,30.7753900131713
303,"web|multi_factor|medium|multi_person",0.436194124779498,30.7753900131713
303,"mobile|simple|high|multi_person",2.44713450363535,30.7753900131713
303,"web|simple|high|multi_person",0.405341056099605,30.7753900131713
303,"mobile|two_factor|high|multi_person",3.34545411873413,30.7753900131713
303,"mobile|multi_factor|high|multi_person",2.22493474141392,30.7753900131713
303,"mobile|simple|low|one_to_one",7.30233308091817,30.7753900131713
303,"web|simple|low|one_to_one",5.26053963338243,30.7753900131713
303,"mobile|multi_factor|low|one_to_one",7.08013331869674,30.7753900131713
303,"web|multi_factor|low|one_to_one",5.038339871161,30.7753900131713
303,"mobile|simple|medium|one_to_one",5.17951081459652,30.7753900131713
303,"mobile|two_factor|medium|one_to_one",6.0778304296953,30.7753900131713
303,"mobile|multi_factor|medium|one_to_one",4.9573110523751,30.7753900131713
303,"web|multi_factor|medium|one_to_one",2.91551760483936,30.7753900131713
303,"web|simple|high|one_to_one",2.88466453615946,30.7753900131713
303,"mobile|two_factor|high|one_to_one",5.82477759879399,30.7753900131713
303,"mobile|multi_factor|high|one_to_one",4.70425822147378,30.7753900131713
303,"web|multi_factor|high|one_to_one",2.66246477393804,30.7753900131713
303,"web|simple|medium|multi_person",0.658393887000921,30.7753900131713
303,"mobile|two_factor|medium|multi_person",3.59850694963544,30.7753900131713
303,"web|two_factor|high|multi_person",1.30366067119839,30.7753900131713
303,"web|multi_factor|high|multi_person",0.183141293878182,30.7753900131713
303,"web|simple|medium|one_to_one",3.13771736706078,30.7753900131713
303,"web|two_factor|medium|one_to_one",4.03603698215956,30.7753900131713
303,"mobile|simple|high|one_to_one",4.9264579836952,30.7753900131713
303,"mobile|simple|low|multi_person",4.82300960085831,30.7753900131713
303,"web|multi_factor|low|multi_person",2.55901639110114,30.7753900131713
303,"web|two_factor|medium|multi_person",1.5567135020997,30.7753900131713
303,"mobile|two_factor|low|one_to_one",8.20065269601695,30.7753900131713
303,"web|two_factor|high|one_to_one",3.78298415125825,30.7753900131713
303,"web|two_factor|low|one_to_one",6.15885924848121,30.7753900131713
304,"web|simple|low|multi_person",2.13259593430115,31.0777654154097
304,"mobile|two_factor|low|multi_person",5.35179535088622,31.0777654154097
304,"web|two_factor|low|multi_person",2.5394980354568,31.0777654154097
304,"mobile|multi_factor|low|multi_person",5.32036842961764,31.0777654154097
304,"mobile|simple|medium|multi_person",2.89216149138454,31.0777654154097
304,"mobile|multi_factor|medium|multi_person",3.26763667127161,31.0777654154097
304,"web|multi_factor|medium|multi_person",0.455339355842186,31.0777654154097
304,"mobile|simple|high|multi_person",3.36394294385648,31.0777654154097
304,"web|simple|high|multi_person",0.551645628427061,31.0777654154097
304,"mobile|two_factor|high|multi_person",3.77084504501213,31.0777654154097
304,"mobile|multi_factor|high|multi_person",3.73941812374355,31.0777654154097
304,"mobile|simple|low|one_to_one",7.01868275798625,31.0777654154097
304,"web|simple|low|one_to_one",4.20638544255683,31.0777654154097
304,"mobile|multi_factor|low|one_to_one",7.39415793787332,31.0777654154097
304,"web|multi_factor|low|one_to_one",4.5818606224439,31.0777654154097
304,"mobile|simple|medium|one_to_one",4.96595099964022,31.0777654154097
304,"mobile|two_factor|medium|one_to_one",5.37285310079587,31.0777654154097
304,"mobile|multi_factor|medium|one_to_one",5.34142617952729,31.0777654154097
304,"web|multi_factor|medium|one_to_one",2.52912886409787,31.0777654154097
304,"web|simple|high|one_to_one",2.62543513668274,31.0777654154097
304,"mobile|two_factor|high|one_to_one",5.84463455326781,31.0777654154097
304,"mobile|multi_factor|high|one_to_one",5.81320763199923,31.0777654154097
304,"web|multi_factor|high|one_to_one",3.00091031656981,31.0777654154097
304,"web|simple|medium|multi_person",0.079864175955118,31.0777654154097
304,"mobile|two_factor|medium|multi_person",3.29906359254019,31.0777654154097
304,"web|two_factor|high|multi_person",0.958547729582713,31.0777654154097
304,"web|multi_factor|high|multi_person",0.927120808314129,31.0777654154097
304,"web|simple|medium|one_to_one",2.1536536842108,31.0777654154097
304,"web|two_factor|medium|one_to_one",2.56055578536645,31.0777654154097
304,"mobile|simple|high|one_to_one",5.43773245211216,31.0777654154097
304,"mobile|simple|low|multi_person",4.94489324973057,31.0777654154097
304,"web|multi_factor|low|multi_person",2.50807111418822,31.0777654154097
304,"web|two_factor|medium|multi_person",0.48676627711077,31.0777654154097
304,"mobile|two_factor|low|one_to_one",7.4255848591419,31.0777654154097
304,"web|two_factor|high|one_to_one",3.03233723783839,31.0777654154097
304,"web|two_factor|low|one_to_one",4.61328754371248,31.0777654154097
305,"web|simple|low|multi_person",3.94546086144612,31.259714990457
305,"mobile|two_factor|low|multi_person",4.89259772379774,31.259714990457
305,"web|two_factor|low|multi_person",2.79365581089026,31.259714990457
305,"mobile|multi_factor|low|multi_person",5.05808891202295,31.259714990457
305,"mobile|simple|medium|multi_person",4.65042390873987,31.259714990457
305,"mobile|multi_factor|medium|multi_person",3.66411004640922,31.259714990457
305,"web|multi_factor|medium|multi_person",1.56516813350174,31.259714990457
305,"mobile|simple|high|multi_person",3.99195043162837,31.259714990457
305,"web|simple|high|multi_person",1.89300851872089,31.259714990457
305,"mobile|two_factor|high|multi_person",2.84014538107252,31.259714990457
305,"mobile|multi_factor|high|multi_person",3.00563656929772,31.259714990457
305,"mobile|simple|low|one_to_one",6.73121894877927,31.259714990457
305,"web|simple|low|one_to_one",4.63227703587179,31.259714990457
305,"mobile|multi_factor|low|one_to_one",5.74490508644862,31.259714990457
305,"web|multi_factor|low|one_to_one",3.64596317354114,31.259714990457
305,"mobile|simple|medium|one_to_one",5.33724008316554,31.259714990457
305,"mobile|two_factor|medium|one_to_one",4.18543503260968,31.259714990457
305,"mobile|multi_factor|medium|one_to_one",4.35092622083489,31.259714990457
305,"web|multi_factor|medium|one_to_one",2.25198430792741,31.259714990457
305,"web|simple|high|one_to_one",2.57982469314656,31.259714990457
305,"mobile|two_factor|high|one_to_one",3.52696155549819,31.259714990457
305,"mobile|multi_factor|high|one_to_one",3.69245274372339,31.259714990457
305,"web|multi_factor|high|one_to_one",1.59351083081591,31.259714990457
305,"web|simple|medium|multi_person",2.55148199583239,31.259714990457
305,"mobile|two_factor|medium|multi_person",3.49861885818401,31.259714990457
305,"web|two_factor|high|multi_person",0.741203468165038,31.259714990457
305,"web|multi_factor|high|multi_person",0.906694656390243,31.259714990457
305,"web|simple|medium|one_to_one",3.23829817025806,31.259714990457
305,"web|two_factor|medium|one_to_one",2.0864931197022,31.259714990457
305,"mobile|simple|high|one_to_one",4.67876660605404,31.259714990457
305,"mobile|simple|low|multi_person",6.0444027743536,31.259714990457
305,"web|multi_factor|low|multi_person",2.95914699911547,31.259714990457
305,"web|two_factor|medium|multi_person",1.39967694527653,31.259714990457
305,"mobile|two_factor|low|one_to_one",5.57941389822341,31.259714990457
305,"web|two_factor|high|one_to_one",1.42801964259071,31.259714990457
305,"web|two_factor|low|one_to_one",3.48047198531593,31.259714990457
306,"web|simple|low|multi_person",2.57365760889454,31.1123441993246
306,"mobile|two_factor|low|multi_person",5.08323853953021,31.1123441993246
306,"web|two_factor|low|multi_person",2.11617625818841,31.1123441993246
306,"mobile|multi_factor|low|multi_person",6.38121968873414,31.1123441993246
306,"mobile|simple|medium|multi_person",4.4708256895152,31.1123441993246
306,"mobile|multi_factor|medium|multi_person",5.311325488013,31.1123441993246
306,"web|multi_factor|medium|multi_person",2.3442632066712,31.1123441993246
306,"mobile|simple|high|multi_person",3.20036564910609,31.1123441993246
306,"web|simple|high|multi_person",0.233303367764292,31.1123441993246
306,"mobile|two_factor|high|multi_person",2.74288429839996,31.1123441993246
306,"mobile|multi_factor|high|multi_person",4.04086544760389,31.1123441993246
306,"mobile|simple|low|one_to_one",6.62851060648804,31.1123441993246
306,"web|simple|low|one_to_one",3.66144832514624,31.1123441993246
306,"mobile|multi_factor|low|one_to_one",7.46901040498584,31.1123441993246
306,"web|multi_factor|low|one_to_one",4.50194812364404,31.1123441993246
306,"mobile|simple|medium|one_to_one",5.55861640576691,31.1123441993246
306,"mobile|two_factor|medium|one_to_one",5.10113505506078,31.1123441993246
306,"mobile|multi_factor|medium|one_to_one",6.3991162042647,31.1123441993246
306,"web|multi_factor|medium|one_to_one",3.4320539229229,31.1123441993246
306,"web|simple|high|one_to_one",1.32109408401599,31.1123441993246
306,"mobile|two_factor|high|one_to_one",3.83067501465167,31.1123441993246
306,"mobile|multi_factor|high|one_to_one",5.12865616385559,31.1123441993246
306,"web|multi_factor|high|one_to_one",2.16159388251379,31.1123441993246
306,"web|simple|medium|multi_person",1.5037634081734,31.1123441993246
306,"mobile|two_factor|medium|multi_person",4.01334433880908,31.1123441993246
306,"web|two_factor|high|multi_person",-0.224177982941835,31.1123441993246
306,"web|multi_factor|high|multi_person",1.07380316626209,31.1123441993246
306,"web|simple|medium|one_to_one",2.59155412442511,31.1123441993246
306,"web|two_factor|medium|one_to_one",2.13407277371898,31.1123441993246
306,"mobile|simple|high|one_to_one",4.28815636535779,31.1123441993246
306,"mobile|simple|low|multi_person",5.54071989023634,31.1123441993246
306,"web|multi_factor|low|multi_person",3.41415740739234,31.1123441993246
306,"web|two_factor|medium|multi_person",1.04628205746728,31.1123441993246
306,"mobile|two_factor|low|one_to_one",6.17102925578192,31.1123441993246
306,"web|two_factor|high|one_to_one",0.863612733309866,31.1123441993246
306,"web|two_factor|low|one_to_one",3.20396697444012,31.1123441993246
307,"web|simple|low|multi_person",2.72719563007248,31.078827442305
307,"mobile|two_factor|low|multi_person",5.03661745588571,31.078827442305
307,"web|two_factor|low|multi_person",2.44209746602793,31.078827442305
307,"mobile|multi_factor|low|multi_person",6.15377463736386,31.078827442305
307,"mobile|simple|medium|multi_person",3.72627379273138,31.078827442305
307,"mobile|multi_factor|medium|multi_person",4.55833281016498,31.078827442305
307,"web|multi_factor|medium|multi_person",1.9638128203072,31.078827442305
307,"mobile|simple|high|multi_person",2.96044981374062,31.078827442305
307,"web|simple|high|multi_person",0.365929823882842,31.078827442305
307,"mobile|two_factor|high|multi_person",2.67535164969607,31.078827442305
307,"mobile|multi_factor|high|multi_person",3.79250883117422,31.078827442305
307,"mobile|simple|low|one_to_one",6.45878893183136,31.078827442305
307,"web|simple|low|one_to_one",3.86426894197358,31.078827442305
307,"mobile|multi_factor|low|one_to_one",7.29084794926496,31.078827442305
307,"web|multi_factor|low|one_to_one",4.69632795940718,31.078827442305
307,"mobile|simple|medium|one_to_one",4.86334710463248,31.078827442305
307,"mobile|two_factor|medium|one_to_one",4.57824894058794,31.078827442305
307,"mobile|multi_factor|medium|one_to_one",5.69540612206608,31.078827442305
307,"web|multi_factor|medium|one_to_one",3.1008861322083,31.078827442305
307,"web|simple|high|one_to_one",1.50300313578394,31.078827442305
307,"mobile|two_factor|high|one_to_one",3.81242496159718,31.078827442305
307,"mobile|multi_factor|high|one_to_one",4.92958214307532,31.078827442305
307,"web|multi_factor|high|one_to_one",2.33506215321754,31.078827442305
307,"web|simple|medium|multi_person",1.1317538028736,31.078827442305
307,"mobile|two_factor|medium|multi_person",3.44117562868683,31.078827442305
307,"web|two_factor|high|multi_person",0.0808316598382939,31.078827442305
307,"web|multi_factor|high|multi_person",1.19798884131644,31.078827442305
307,"web|simple|medium|one_to_one",2.2688271147747,31.078827442305
307,"web|two_factor|medium|one_to_one",1.98372895073016,31.078827442305
307,"mobile|simple|high|one_to_one",4.09752312564172,31.078827442305
307,"mobile|simple|low|multi_person",5.32171561993026,31.078827442305
307,"web|multi_factor|low|multi_person",3.55925464750608,31.078827442305
307,"web|two_factor|medium|multi_person",0.846655638829054,31.078827442305
307,"mobile|two_factor|low|one_to_one",6.17369076778682,31.078827442305
307,"web|two_factor|high|one_to_one",1.2179049717394,31.078827442305
307,"web|two_factor|low|one_to_one",3.57917077792904,31.078827442305
308,"web|simple|low|multi_person",1.86633692582957,30.924794723568
308,"mobile|two_factor|low|multi_person",4.54934615224667,30.924794723568
308,"web|two_factor|low|multi_person",1.01529366690873,30.924794723568
308,"mobile|multi_factor|low|multi_person",5.93532147415902,30.924794723568
308,"mobile|simple|medium|multi_person",4.15616735673388,30.924794723568
308,"mobile|multi_factor|medium|multi_person",4.69109941972539,30.924794723568
308,"web|multi_factor|medium|multi_person",1.15704693438745,30.924794723568
308,"mobile|simple|high|multi_person",3.52248235028404,30.924794723568
308,"web|simple|high|multi_person",-0.0115701350538979,30.924794723568
308,"mobile|two_factor|high|multi_person",2.6714390913632,30.924794723568
308,"mobile|multi_factor|high|multi_person",4.05741441327555,30.924794723568
308,"mobile|simple|low|one_to_one",7.39306486212072,30.924794723568
308,"web|simple|low|one_to_one",3.85901237678279,30.924794723568
308,"mobile|multi_factor|low|one_to_one",7.92799692511224,30.924794723568
308,"web|multi_factor|low|one_to_one",4.3939444397743,30.924794723568
308,"mobile|simple|medium|one_to_one",6.14884280768709,30.924794723568
308,"mobile|two_factor|medium|one_to_one",5.29779954876626,30.924794723568
308,"mobile|multi_factor|medium|one_to_one",6.6837748706786,30.924794723568
308,"web|multi_factor|medium|one_to_one",3.14972238534066,30.924794723568
308,"web|simple|high|one_to_one",1.98110531589931,30.924794723568
308,"mobile|two_factor|high|one_to_one",4.66411454231641,30.924794723568
308,"mobile|multi_factor|high|one_to_one",6.05008986422876,30.924794723568
308,"web|multi_factor|high|one_to_one",2.51603737889083,30.924794723568
308,"web|simple|medium|multi_person",0.622114871395942,30.924794723568
308,"mobile|two_factor|medium|multi_person",3.30512409781304,30.924794723568
308,"web|two_factor|high|multi_person",-0.862613393974737,30.924794723568
308,"web|multi_factor|high|multi_person",0.523361927937613,30.924794723568
308,"web|simple|medium|one_to_one",2.61479032234915,30.924794723568
308,"web|two_factor|medium|one_to_one",1.76374706342831,30.924794723568
308,"mobile|simple|high|one_to_one",5.51515780123725,30.924794723568
308,"mobile|simple|low|multi_person",5.40038941116751,30.924794723568
308,"web|multi_factor|low|multi_person",2.40126898882108,30.924794723568
308,"web|two_factor|medium|multi_person",-0.228928387524897,30.924794723568
308,"mobile|two_factor|low|one_to_one",6.54202160319989,30.924794723568
308,"web|two_factor|high|one_to_one",1.13006205697847,30.924794723568
308,"web|two_factor|low|one_to_one",3.00796911786195,30.924794723568
309,"web|simple|low|multi_person",2.99321127334474,31.2679051551401
309,"mobile|two_factor|low|multi_person",5.50585711508904,31.2679051551401
309,"web|two_factor|low|multi_person",2.84414808174004,31.2679051551401
309,"mobile|multi_factor|low|multi_person",4.96866282337252,31.2679051551401
309,"mobile|simple|medium|multi_person",3.52239369025989,31.2679051551401
309,"mobile|multi_factor|medium|multi_person",2.83613620693867,31.2679051551401
309,"web|multi_factor|medium|multi_person",0.174427173589674,31.2679051551401
309,"mobile|simple|high|multi_person",4.3706963397619,31.2679051551401
309,"web|simple|high|multi_person",1.7089873064129,31.2679051551401
309,"mobile|two_factor|high|multi_person",4.22163314815719,31.2679051551401
309,"mobile|multi_factor|high|multi_person",3.68443885644068,31.2679051551401
309,"mobile|simple|low|one_to_one",7.06755644491611,31.2679051551401
309,"web|simple|low|one_to_one",4.40584741156711,31.2679051551401
309,"mobile|multi_factor|low|one_to_one",6.38129896159489,31.2679051551401
309,"web|multi_factor|low|one_to_one",3.71958992824589,31.2679051551401
309,"mobile|simple|medium|one_to_one",4.93502982848226,31.2679051551401
309,"mobile|two_factor|medium|one_to_one",4.78596663687756,31.2679051551401
309,"mobile|multi_factor|medium|one_to_one",4.24877234516104,31.2679051551401
309,"web|multi_factor|medium|one_to_one",1.58706331181204,31.2679051551401
309,"web|simple|high|one_to_one",3.12162344463526,31.2679051551401
309,"mobile|two_factor|high|one_to_one",5.63426928637956,31.2679051551401
309,"mobile|multi_factor|high|one_to_one",5.09707499466304,31.2679051551401
309,"web|multi_factor|high|one_to_one",2.43536596131404,31.2679051551401
309,"web|simple|medium|multi_person",0.860684656910894,31.2679051551401
309,"mobile|two_factor|medium|multi_person",3.37333049865519,31.2679051551401
309,"web|two_factor|high|multi_person",1.55992411480819,31.2679051551401
309,"web|multi_factor|high|multi_person",1.02272982309168,31.2679051551401
309,"web|simple|medium|one_to_one",2.27332079513326,31.2679051551401
309,"web|two_factor|medium|one_to_one",2.12425760352856,31.2679051551401
309,"mobile|simple|high|one_to_one",5.78333247798426,31.2679051551401
309,"mobile|simple|low|multi_person",5.65492030669374,31.2679051551401
309,"web|multi_factor|low|multi_person",2.30695379002352,31.2679051551401
309,"web|two_factor|medium|multi_person",0.711621465306193,31.2679051551401
309,"mobile|two_factor|low|one_to_one",6.91849325331141,31.2679051551401
309,"web|two_factor|high|one_to_one",2.97256025303056,31.2679051551401
309,"web|two_factor|low|one_to_one",4.25678421996241,31.2679051551401
310,"web|simple|low|multi_person",2.53990600626525,31.0238240360346
310,"mobile|two_factor|low|multi_person",4.64212686944607,31.0238240360346
310,"web|two_factor|low|multi_person",2.50006585352403,31.0238240360346
310,"mobile|multi_factor|low|multi_person",6.33972550017651,31.0238240360346
310,"mobile|simple|medium|multi_person",2.56906316242756,31.0238240360346
310,"mobile|multi_factor|medium|multi_person",4.22682164041678,31.0238240360346
310,"web|multi_factor|medium|multi_person",2.08476062449474,31.0238240360346
310,"mobile|simple|high|multi_person",1.75166329525829,31.0238240360346
310,"web|simple|high|multi_person",-0.390397720663748,31.0238240360346
310,"mobile|two_factor|high|multi_person",1.71182314251707,31.0238240360346
310,"mobile|multi_factor|high|multi_person",3.40942177324751,31.0238240360346
310,"mobile|simple|low|one_to_one",7.05060419597785,31.0238240360346
310,"web|simple|low|one_to_one",4.90854318005581,31.0238240360346
310,"mobile|multi_factor|low|one_to_one",8.70836267396707,31.0238240360346
310,"web|multi_factor|low|one_to_one",6.56630165804503,31.0238240360346
310,"mobile|simple|medium|one_to_one",4.93770033621812,31.0238240360346
310,"mobile|two_factor|medium|one_to_one",4.8978601834769,31.0238240360346
310,"mobile|multi_factor|medium|one_to_one",6.59545881420734,31.0238240360346
310,"web|multi_factor|medium|one_to_one",4.4533977982853,31.0238240360346
310,"web|simple|high|one_to_one",1.97823945312681,31.0238240360346
310,"mobile|two_factor|high|one_to_one",4.08046031630763,31.0238240360346
310,"mobile|multi_factor|high|one_to_one",5.77805894703807,31.0238240360346
310,"web|multi_factor|high|one_to_one",3.63599793111603,31.0238240360346
310,"web|simple|medium|multi_person",0.427002146505523,31.0238240360346
310,"mobile|two_factor|medium|multi_person",2.52922300968634,31.0238240360346
310,"web|two_factor|high|multi_person",-0.430237873404972,31.0238240360346
310,"web|multi_factor|high|multi_person",1.26736075732547,31.0238240360346
310,"web|simple|medium|one_to_one",2.79563932029608,31.0238240360346
310,"web|two_factor|medium|one_to_one",2.75579916755486,31.0238240360346
310,"mobile|simple|high|one_to_one",4.12030046904885,31.0238240360346
310,"mobile|simple|low|multi_person",4.68196702218729,31.0238240360346
310,"web|multi_factor|low|multi_person",4.19766448425447,31.0238240360346
310,"web|two_factor|medium|multi_person",0.387161993764299,31.0238240360346
310,"mobile|two_factor|low|one_to_one",7.01076404323663,31.0238240360346
310,"web|two_factor|high|one_to_one",1.93839930038559,31.0238240360346
310,"web|two_factor|low|one_to_one",4.86870302731459,31.0238240360346
311,"web|simple|low|multi_person",1.99962559505015,30.9686910747434
311,"mobile|two_factor|low|multi_person",5.49034763201375,30.9686910747434
311,"web|two_factor|low|multi_person",2.44333270698319,30.9686910747434
311,"mobile|multi_factor|low|multi_person",5.30331821253385,30.9686910747434
311,"mobile|simple|medium|multi_person",4.79543860891955,30.9686910747434
311,"mobile|multi_factor|medium|multi_person",5.05211630137269,30.9686910747434
311,"web|multi_factor|medium|multi_person",2.00510137634213,30.9686910747434
311,"mobile|simple|high|multi_person",3.87112329900307,30.9686910747434
311,"web|simple|high|multi_person",0.824108373972514,30.9686910747434
311,"mobile|two_factor|high|multi_person",4.31483041093612,30.9686910747434
311,"mobile|multi_factor|high|multi_person",4.12780099145622,30.9686910747434
311,"mobile|simple|low|one_to_one",5.58476051528276,30.9686910747434
311,"web|simple|low|one_to_one",2.5377455902522,30.9686910747434
311,"mobile|multi_factor|low|one_to_one",5.84143820773591,30.9686910747434
311,"web|multi_factor|low|one_to_one",2.79442328270535,30.9686910747434
311,"mobile|simple|medium|one_to_one",5.3335586041216,30.9686910747434
311,"mobile|two_factor|medium|one_to_one",5.77726571605465,30.9686910747434
311,"mobile|multi_factor|medium|one_to_one",5.59023629657475,30.9686910747434
311,"web|multi_factor|medium|one_to_one",2.54322137154419,30.9686910747434
311,"web|simple|high|one_to_one",1.36222836917457,30.9686910747434
311,"mobile|two_factor|high|one_to_one",4.85295040613817,30.9686910747434
311,"mobile|multi_factor|high|one_to_one",4.66592098665827,30.9686910747434
311,"web|multi_factor|high|one_to_one",1.61890606162771,30.9686910747434
311,"web|simple|medium|multi_person",1.74842368388899,30.9686910747434
311,"mobile|two_factor|medium|multi_person",5.23914572085259,30.9686910747434
311,"web|two_factor|high|multi_person",1.26781548590556,30.9686910747434
311,"web|multi_factor|high|multi_person",1.08078606642566,30.9686910747434
311,"web|simple|medium|one_to_one",2.28654367909104,30.9686910747434
311,"web|two_factor|medium|one_to_one",2.73025079102409,30.9686910747434
311,"mobile|simple|high|one_to_one",4.40924329420513,30.9686910747434
311,"mobile|simple|low|multi_person",5.04664052008071,30.9686910747434
311,"web|multi_factor|low|multi_person",2.25630328750329,30.9686910747434
311,"web|two_factor|medium|multi_person",2.19213079582203,30.9686910747434
311,"mobile|two_factor|low|one_to_one",6.02846762721581,30.9686910747434
311,"web|two_factor|high|one_to_one",1.80593548110761,30.9686910747434
311,"web|two_factor|low|one_to_one",2.98145270218525,30.9686910747434
312,"web|simple|low|multi_person",3.34556978119068,31.2862941921016
312,"mobile|two_factor|low|multi_person",4.27424554715636,31.2862941921016
312,"web|two_factor|low|multi_person",1.62635404797396,31.2862941921016
312,"mobile|multi_factor|low|multi_person",5.72056675641414,31.2862941921016
312,"mobile|simple|medium|multi_person",4.98612848195127,31.2862941921016
312,"mobile|multi_factor|medium|multi_person",4.71323395799233,31.2862941921016
312,"web|multi_factor|medium|multi_person",2.06534245880993,31.2862941921016
312,"mobile|simple|high|multi_person",5.14768472678088,31.2862941921016
312,"web|simple|high|multi_person",2.49979322759848,31.2862941921016
312,"mobile|two_factor|high|multi_person",3.42846899356415,31.2862941921016
312,"mobile|multi_factor|high|multi_person",4.87479020282194,31.2862941921016
312,"mobile|simple|low|one_to_one",6.40959434695959,31.2862941921016
312,"web|simple|low|one_to_one",3.76170284777719,31.2862941921016
312,"mobile|multi_factor|low|one_to_one",6.13669982300065,31.2862941921016
312,"web|multi_factor|low|one_to_one",3.48880832381825,31.2862941921016
312,"mobile|simple|medium|one_to_one",5.40226154853777,31.2862941921016
312,"mobile|two_factor|medium|one_to_one",3.68304581532104,31.2862941921016
312,"mobile|multi_factor|medium|one_to_one",5.12936702457883,31.2862941921016
312,"web|multi_factor|medium|one_to_one",2.48147552539643,31.2862941921016
312,"web|simple|high|one_to_one",2.91592629418498,31.2862941921016
312,"mobile|two_factor|high|one_to_one",3.84460206015065,31.2862941921016
312,"mobile|multi_factor|high|one_to_one",5.29092326940844,31.2862941921016
312,"web|multi_factor|high|one_to_one",2.64303177022604,31.2862941921016
312,"web|simple|medium|multi_person",2.33823698276887,31.2862941921016
312,"mobile|two_factor|medium|multi_person",3.26691274873454,31.2862941921016
312,"web|two_factor|high|multi_person",0.78057749438175,31.2862941921016
312,"web|multi_factor|high|multi_person",2.22689870363954,31.2862941921016
312,"web|simple|medium|one_to_one",2.75437004935537,31.2862941921016
312,"web|two_factor|medium|one_to_one",1.03515431613864,31.2862941921016
312,"mobile|simple|high|one_to_one",5.56381779336738,31.2862941921016
312,"mobile|simple|low|multi_person",5.99346128037308,31.2862941921016
312,"web|multi_factor|low|multi_person",3.07267525723175,31.2862941921016
312,"web|two_factor|medium|multi_person",0.619021249552138,31.2862941921016
312,"mobile|two_factor|low|one_to_one",4.69037861374286,31.2862941921016
312,"web|two_factor|high|one_to_one",1.19671056096825,31.2862941921016
312,"web|two_factor|low|one_to_one",2.04248711456046,31.2862941921016
313,"web|simple|low|multi_person",3.04907324189019,31.1451165299895
313,"mobile|two_factor|low|multi_person",5.40771440459603,31.1451165299895
313,"web|two_factor|low|multi_person",2.39385460552189,31.1451165299895
313,"mobile|multi_factor|low|multi_person",6.19249966158839,31.1451165299895
313,"mobile|simple|medium|multi_person",4.40086716117363,31.1451165299895
313,"mobile|multi_factor|medium|multi_person",4.53043378179769,31.1451165299895
313,"web|multi_factor|medium|multi_person",1.51657398272355,31.1451165299895
313,"mobile|simple|high|multi_person",3.75635540712581,31.1451165299895
313,"web|simple|high|multi_person",0.742495608051673,31.1451165299895
313,"mobile|two_factor|high|multi_person",3.10113677075751,31.1451165299895
313,"mobile|multi_factor|high|multi_person",3.88592202774987,31.1451165299895
313,"mobile|simple|low|one_to_one",6.8498285096042,31.1451165299895
313,"web|simple|low|one_to_one",3.83596871053006,31.1451165299895
313,"mobile|multi_factor|low|one_to_one",6.97939513022825,31.1451165299895
313,"web|multi_factor|low|one_to_one",3.96553533115411,31.1451165299895
313,"mobile|simple|medium|one_to_one",5.1877626298135,31.1451165299895
313,"mobile|two_factor|medium|one_to_one",4.5325439934452,31.1451165299895
313,"mobile|multi_factor|medium|one_to_one",5.31732925043755,31.1451165299895
313,"web|multi_factor|medium|one_to_one",2.30346945136341,31.1451165299895
313,"web|simple|high|one_to_one",1.52939107669154,31.1451165299895
313,"mobile|two_factor|high|one_to_one",3.88803223939738,31.1451165299895
313,"mobile|multi_factor|high|one_to_one",4.67281749638974,31.1451165299895
313,"web|multi_factor|high|one_to_one",1.6589576973156,31.1451165299895
313,"web|simple|medium|multi_person",1.38700736209949,31.1451165299895
313,"mobile|two_factor|medium|multi_person",3.74564852480533,31.1451165299895
313,"web|two_factor|high|multi_person",0.0872769716833721,31.1451165299895
313,"web|multi_factor|high|multi_person",0.872062228675728,31.1451165299895
313,"web|simple|medium|one_to_one",2.17390283073936,31.1451165299895
313,"web|two_factor|medium|one_to_one",1.51868419437106,31.1451165299895
313,"mobile|simple|high|one_to_one",4.54325087576568,31.1451165299895
313,"mobile|simple|low|multi_person",6.06293304096433,31.1451165299895
313,"web|multi_factor|low|multi_person",3.17863986251425,31.1451165299895
313,"web|two_factor|medium|multi_person",0.73178872573119,31.1451165299895
313,"mobile|two_factor|low|one_to_one",6.1946098732359,31.1451165299895
313,"web|two_factor|high|one_to_one",0.87417244032324,31.1451165299895
313,"web|two_factor|low|one_to_one",3.18075007416176,31.1451165299895
314,"web|simple|low|multi_person",3.33202308978881,31.5791099051751
314,"mobile|two_factor|low|multi_person",5.14399336935505,31.5791099051751
314,"web|two_factor|low|multi_person",2.90063387855109,31.5791099051751
314,"mobile|multi_factor|low|multi_person",4.74832426234668,31.5791099051751
314,"mobile|simple|medium|multi_person",3.84049950870195,31.5791099051751
314,"mobile|multi_factor|medium|multi_person",3.01344119045586,31.5791099051751
314,"web|multi_factor|medium|multi_person",0.770081699651901,31.5791099051751
314,"mobile|simple|high|multi_person",4.5094886878789,31.5791099051751
314,"web|simple|high|multi_person",2.26612919707494,31.5791099051751
314,"mobile|two_factor|high|multi_person",4.07809947664119,31.5791099051751
314,"mobile|multi_factor|high|multi_person",3.68243036963281,31.5791099051751
314,"mobile|simple|low|one_to_one",6.46500001217125,31.5791099051751
314,"web|simple|low|one_to_one",4.22164052136729,31.5791099051751
314,"mobile|multi_factor|low|one_to_one",5.63794169392517,31.5791099051751
314,"web|multi_factor|low|one_to_one",3.3945822031212,31.5791099051751
314,"mobile|simple|medium|one_to_one",4.73011694028043,31.5791099051751
314,"mobile|two_factor|medium|one_to_one",4.29872772904272,31.5791099051751
314,"mobile|multi_factor|medium|one_to_one",3.90305862203435,31.5791099051751
314,"web|multi_factor|medium|one_to_one",1.65969913123039,31.5791099051751
314,"web|simple|high|one_to_one",3.15574662865342,31.5791099051751
314,"mobile|two_factor|high|one_to_one",4.96771690821967,31.5791099051751
314,"mobile|multi_factor|high|one_to_one",4.5720478012113,31.5791099051751
314,"web|multi_factor|high|one_to_one",2.32868831040734,31.5791099051751
314,"web|simple|medium|multi_person",1.59714001789799,31.5791099051751
314,"mobile|two_factor|medium|multi_person",3.40911029746424,31.5791099051751
314,"web|two_factor|high|multi_person",1.83473998583723,31.5791099051751
314,"web|multi_factor|high|multi_person",1.43907087882885,31.5791099051751
314,"web|simple|medium|one_to_one",2.48675744947647,31.5791099051751
314,"web|two_factor|medium|one_to_one",2.05536823823876,31.5791099051751
314,"mobile|simple|high|one_to_one",5.39910611945738,31.5791099051751
314,"mobile|simple|low|multi_person",5.57538258059277,31.5791099051751
314,"web|multi_factor|low|multi_person",2.50496477154272,31.5791099051751
314,"web|two_factor|medium|multi_person",1.16575080666028,31.5791099051751
314,"mobile|two_factor|low|one_to_one",6.03361080093354,31.5791099051751
314,"web|two_factor|high|one_to_one",2.72435741741571,31.5791099051751
314,"web|two_factor|low|one_to_one",3.79025131012958,31.5791099051751
