"resp.id","profile","resistance","beta_si"
2,"web|simple|low|multi_person",-4.5513688951623,21.9773560334826
2,"mobile|two_factor|low|multi_person",-6.32717102601888,21.9773560334826
2,"web|two_factor|low|multi_person",-9.66424850859782,21.9773560334826
2,"mobile|multi_factor|low|multi_person",-6.19052796946265,21.9773560334826
2,"mobile|simple|medium|multi_person",-2.96783789985232,21.9773560334826
2,"mobile|multi_factor|medium|multi_person",-7.94407445673161,21.9773560334826
2,"web|multi_factor|medium|multi_person",-11.2811519393105,21.9773560334826
2,"mobile|simple|high|multi_person",-2.28976028676105,21.9773560334826
2,"web|simple|high|multi_person",-5.62683776933999,21.9773560334826
2,"mobile|two_factor|high|multi_person",-7.40263990019657,21.9773560334826
2,"mobile|multi_factor|high|multi_person",-7.26599684364034,21.9773560334826
2,"mobile|simple|low|one_to_one",-0.610726776183643,21.9773560334826
2,"web|simple|low|one_to_one",-3.94780425876258,21.9773560334826
2,"mobile|multi_factor|low|one_to_one",-5.58696333306293,21.9773560334826
2,"web|multi_factor|low|one_to_one",-8.92404081564187,21.9773560334826
2,"mobile|simple|medium|one_to_one",-2.3642732634526,21.9773560334826
2,"mobile|two_factor|medium|one_to_one",-7.47715287688812,21.9773560334826
2,"mobile|multi_factor|medium|one_to_one",-7.34050982033189,21.9773560334826
2,"web|multi_factor|medium|one_to_one",-10.6775873029108,21.9773560334826
2,"web|simple|high|one_to_one",-5.02327313294028,21.9773560334826
2,"mobile|two_factor|high|one_to_one",-6.79907526379686,21.9773560334826
2,"mobile|multi_factor|high|one_to_one",-6.66243220724063,21.9773560334826
2,"web|multi_factor|high|one_to_one",-9.99950968981957,21.9773560334826
2,"web|simple|medium|multi_person",-6.30491538243126,21.9773560334826
2,"mobile|two_factor|medium|multi_person",-8.08071751328784,21.9773560334826
2,"web|two_factor|high|multi_person",-10.7397173827755,21.9773560334826
2,"web|multi_factor|high|multi_person",-10.6030743262193,21.9773560334826
2,"web|simple|medium|one_to_one",-5.70135074603154,21.9773560334826
2,"web|two_factor|medium|one_to_one",-10.8142303594671,21.9773560334826
2,"mobile|simple|high|one_to_one",-1.68619565036134,21.9773560334826
2,"mobile|simple|low|multi_person",-1.21429141258336,21.9773560334826
2,"web|multi_factor|low|multi_person",-9.52760545204159,21.9773560334826
2,"web|two_factor|medium|multi_person",-11.4177949958668,21.9773560334826
2,"mobile|two_factor|low|one_to_one",-5.72360638961916,21.9773560334826
2,"web|two_factor|high|one_to_one",-10.1361527463758,21.9773560334826
2,"web|two_factor|low|one_to_one",-9.0606838721981,21.9773560334826
3,"web|simple|low|multi_person",-5.65044035843268,19.6288520228379
3,"mobile|two_factor|low|multi_person",-5.20558622900923,19.6288520228379
3,"web|two_factor|low|multi_person",-11.0110821339997,19.6288520228379
3,"mobile|multi_factor|low|multi_person",-6.11194445965489,19.6288520228379
3,"mobile|simple|medium|multi_person",-2.37684227232688,19.6288520228379
3,"mobile|multi_factor|medium|multi_person",-8.64384227853954,19.6288520228379
3,"web|multi_factor|medium|multi_person",-14.44933818353,19.6288520228379
3,"mobile|simple|high|multi_person",-3.26631552107377,19.6288520228379
3,"web|simple|high|multi_person",-9.07181142606423,19.6288520228379
3,"mobile|two_factor|high|multi_person",-8.62695729664078,19.6288520228379
3,"mobile|multi_factor|high|multi_person",-9.53331552728644,19.6288520228379
3,"mobile|simple|low|one_to_one",2.49312464548238,19.6288520228379
3,"web|simple|low|one_to_one",-3.31237125950808,19.6288520228379
3,"mobile|multi_factor|low|one_to_one",-3.77387536073029,19.6288520228379
3,"web|multi_factor|low|one_to_one",-9.57937126572075,19.6288520228379
3,"mobile|simple|medium|one_to_one",-0.0387731734022756,19.6288520228379
3,"mobile|two_factor|medium|one_to_one",-5.39941494896929,19.6288520228379
3,"mobile|multi_factor|medium|one_to_one",-6.30577317961495,19.6288520228379
3,"web|multi_factor|medium|one_to_one",-12.1112690846054,19.6288520228379
3,"web|simple|high|one_to_one",-6.73374232713963,19.6288520228379
3,"mobile|two_factor|high|one_to_one",-6.28888819771618,19.6288520228379
3,"mobile|multi_factor|high|one_to_one",-7.19524642836184,19.6288520228379
3,"web|multi_factor|high|one_to_one",-13.0007423333523,19.6288520228379
3,"web|simple|medium|multi_person",-8.18233817731734,19.6288520228379
3,"mobile|two_factor|medium|multi_person",-7.73748404789389,19.6288520228379
3,"web|two_factor|high|multi_person",-14.4324532016312,19.6288520228379
3,"web|multi_factor|high|multi_person",-15.3388114322769,19.6288520228379
3,"web|simple|medium|one_to_one",-5.84426907839274,19.6288520228379
3,"web|two_factor|medium|one_to_one",-11.2049108539597,19.6288520228379
3,"mobile|simple|high|one_to_one",-0.92824642214917,19.6288520228379
3,"mobile|simple|low|multi_person",0.15505554655778,19.6288520228379
3,"web|multi_factor|low|multi_person",-11.9174403646453,19.6288520228379
3,"web|two_factor|medium|multi_person",-13.5429799528843,19.6288520228379
3,"mobile|two_factor|low|one_to_one",-2.86751713008463,19.6288520228379
3,"web|two_factor|high|one_to_one",-12.0943841027066,19.6288520228379
3,"web|two_factor|low|one_to_one",-8.67301303507509,19.6288520228379
4,"web|simple|low|multi_person",-3.95912272897395,22.3091193312692
4,"mobile|two_factor|low|multi_person",-4.08779520866617,22.3091193312692
4,"web|two_factor|low|multi_person",-8.95922187292853,22.3091193312692
4,"mobile|multi_factor|low|multi_person",-6.42989074236495,22.3091193312692
4,"mobile|simple|medium|multi_person",-1.525774769301,22.3091193312692
4,"mobile|multi_factor|medium|multi_person",-8.86796944695435,22.3091193312692
4,"web|multi_factor|medium|multi_person",-13.7393961112167,22.3091193312692
4,"mobile|simple|high|multi_person",-3.20738867453504,22.3091193312692
4,"web|simple|high|multi_person",-8.0788153387974,22.3091193312692
4,"mobile|two_factor|high|multi_person",-8.20748781848962,22.3091193312692
4,"mobile|multi_factor|high|multi_person",-10.5495833521884,22.3091193312692
4,"mobile|simple|low|one_to_one",3.03271245112029,22.3091193312692
4,"web|simple|low|one_to_one",-1.83871421314207,22.3091193312692
4,"mobile|multi_factor|low|one_to_one",-4.30948222653307,22.3091193312692
4,"web|multi_factor|low|one_to_one",-9.18090889079543,22.3091193312692
4,"mobile|simple|medium|one_to_one",0.594633746530884,22.3091193312692
4,"mobile|two_factor|medium|one_to_one",-4.4054653974237,22.3091193312692
4,"mobile|multi_factor|medium|one_to_one",-6.74756093112248,22.3091193312692
4,"web|multi_factor|medium|one_to_one",-11.6189875953848,22.3091193312692
4,"web|simple|high|one_to_one",-5.95840682296552,22.3091193312692
4,"mobile|two_factor|high|one_to_one",-6.08707930265774,22.3091193312692
4,"mobile|multi_factor|high|one_to_one",-8.42917483635652,22.3091193312692
4,"web|multi_factor|high|one_to_one",-13.3006015006189,22.3091193312692
4,"web|simple|medium|multi_person",-6.39720143356336,22.3091193312692
4,"mobile|two_factor|medium|multi_person",-6.52587391325558,22.3091193312692
4,"web|two_factor|high|multi_person",-13.078914482752,22.3091193312692
4,"web|multi_factor|high|multi_person",-15.4210100164508,22.3091193312692
4,"web|simple|medium|one_to_one",-4.27679291773148,22.3091193312692
4,"web|two_factor|medium|one_to_one",-9.27689206168606,22.3091193312692
4,"mobile|simple|high|one_to_one",-1.08698015870316,22.3091193312692
4,"mobile|simple|low|multi_person",0.91230393528841,22.3091193312692
4,"web|multi_factor|low|multi_person",-11.3013174066273,22.3091193312692
4,"web|two_factor|medium|multi_person",-11.3973005775179,22.3091193312692
4,"mobile|two_factor|low|one_to_one",-1.96738669283429,22.3091193312692
4,"web|two_factor|high|one_to_one",-10.9585059669201,22.3091193312692
4,"web|two_factor|low|one_to_one",-6.83881335709665,22.3091193312692
5,"web|simple|low|multi_person",-3.38960192283386,22.9765830620808
5,"mobile|two_factor|low|multi_person",-3.24186909584328,22.9765830620808
5,"web|two_factor|low|multi_person",-7.0353629685345,22.9765830620808
5,"mobile|multi_factor|low|multi_person",-5.46122673224873,22.9765830620808
5,"mobile|simple|medium|multi_person",-3.08392429858751,22.9765830620808
5,"mobile|multi_factor|medium|multi_person",-8.9490429806936,22.9765830620808
5,"web|multi_factor|medium|multi_person",-12.7425368533848,22.9765830620808
5,"mobile|simple|high|multi_person",-2.74846574942447,22.9765830620808
5,"web|simple|high|multi_person",-6.54195962211569,22.9765830620808
5,"mobile|two_factor|high|multi_person",-6.39422679512511,22.9765830620808
5,"mobile|multi_factor|high|multi_person",-8.61358443153056,22.9765830620808
5,"mobile|simple|low|one_to_one",0.818514966895583,22.9765830620808
5,"web|simple|low|one_to_one",-2.97497890579564,22.9765830620808
5,"mobile|multi_factor|low|one_to_one",-5.04660371521051,22.9765830620808
5,"web|multi_factor|low|one_to_one",-8.84009758790173,22.9765830620808
5,"mobile|simple|medium|one_to_one",-2.66930128154929,22.9765830620808
5,"mobile|two_factor|medium|one_to_one",-6.31506232724993,22.9765830620808
5,"mobile|multi_factor|medium|one_to_one",-8.53441996365538,22.9765830620808
5,"web|multi_factor|medium|one_to_one",-12.3279138363466,22.9765830620808
5,"web|simple|high|one_to_one",-6.12733660507746,22.9765830620808
5,"mobile|two_factor|high|one_to_one",-5.97960377808689,22.9765830620808
5,"mobile|multi_factor|high|one_to_one",-8.19896141449233,22.9765830620808
5,"web|multi_factor|high|one_to_one",-11.9924552871836,22.9765830620808
5,"web|simple|medium|multi_person",-6.87741817127873,22.9765830620808
5,"mobile|two_factor|medium|multi_person",-6.72968534428815,22.9765830620808
5,"web|two_factor|high|multi_person",-10.1877206678163,22.9765830620808
5,"web|multi_factor|high|multi_person",-12.4070783042218,22.9765830620808
5,"web|simple|medium|one_to_one",-6.46279515424051,22.9765830620808
5,"web|two_factor|medium|one_to_one",-10.1085561999411,22.9765830620808
5,"mobile|simple|high|one_to_one",-2.33384273238624,22.9765830620808
5,"mobile|simple|low|multi_person",0.403891949857357,22.9765830620808
5,"web|multi_factor|low|multi_person",-9.25472060493995,22.9765830620808
5,"web|two_factor|medium|multi_person",-10.5231792169794,22.9765830620808
5,"mobile|two_factor|low|one_to_one",-2.82724607880506,22.9765830620808
5,"web|two_factor|high|one_to_one",-9.7730976507781,22.9765830620808
5,"web|two_factor|low|one_to_one",-6.62073995149628,22.9765830620808
6,"web|simple|low|multi_person",-4.09244406618088,30.1973054498577
6,"mobile|two_factor|low|multi_person",-4.13892738294971,30.1973054498577
6,"web|two_factor|low|multi_person",-7.51361767025699,30.1973054498577
6,"mobile|multi_factor|low|multi_person",-6.00617177369651,30.1973054498577
6,"mobile|simple|medium|multi_person",-2.66296137792655,30.1973054498577
6,"mobile|multi_factor|medium|multi_person",-7.95137937274946,30.1973054498577
6,"web|multi_factor|medium|multi_person",-11.3260696600567,30.1973054498577
6,"mobile|simple|high|multi_person",-1.90869341937067,30.1973054498577
6,"web|simple|high|multi_person",-5.28338370667795,30.1973054498577
6,"mobile|two_factor|high|multi_person",-5.32986702344678,30.1973054498577
6,"mobile|multi_factor|high|multi_person",-7.19711141419358,30.1973054498577
6,"mobile|simple|low|one_to_one",1.56748813318326,30.1973054498577
6,"web|simple|low|one_to_one",-1.80720215412402,30.1973054498577
6,"mobile|multi_factor|low|one_to_one",-3.72092986163965,30.1973054498577
6,"web|multi_factor|low|one_to_one",-7.09562014894693,30.1973054498577
6,"mobile|simple|medium|one_to_one",-0.37771946586969,30.1973054498577
6,"mobile|two_factor|medium|one_to_one",-3.7988930699458,30.1973054498577
6,"mobile|multi_factor|medium|one_to_one",-5.6661374606926,30.1973054498577
6,"web|multi_factor|medium|one_to_one",-9.04082774799988,30.1973054498577
6,"web|simple|high|one_to_one",-2.99814179462109,30.1973054498577
6,"mobile|two_factor|high|one_to_one",-3.04462511138992,30.1973054498577
6,"mobile|multi_factor|high|one_to_one",-4.91186950213672,30.1973054498577
6,"web|multi_factor|high|one_to_one",-8.286559789444,30.1973054498577
6,"web|simple|medium|multi_person",-6.03765166523383,30.1973054498577
6,"mobile|two_factor|medium|multi_person",-6.08413498200266,30.1973054498577
6,"web|two_factor|high|multi_person",-8.70455731075406,30.1973054498577
6,"web|multi_factor|high|multi_person",-10.5718017015009,30.1973054498577
6,"web|simple|medium|one_to_one",-3.75240975317697,30.1973054498577
6,"web|two_factor|medium|one_to_one",-7.17358335725308,30.1973054498577
6,"mobile|simple|high|one_to_one",0.376548492686192,30.1973054498577
6,"mobile|simple|low|multi_person",-0.7177537788736,30.1973054498577
6,"web|multi_factor|low|multi_person",-9.38086206100379,30.1973054498577
6,"web|two_factor|medium|multi_person",-9.45882526930994,30.1973054498577
6,"mobile|two_factor|low|one_to_one",-1.85368547089285,30.1973054498577
6,"web|two_factor|high|one_to_one",-6.4193153986972,30.1973054498577
6,"web|two_factor|low|one_to_one",-5.22837575820013,30.1973054498577
7,"web|simple|low|multi_person",-4.33632509227883,31.1680944839607
7,"mobile|two_factor|low|multi_person",-3.07278802157621,31.1680944839607
7,"web|two_factor|low|multi_person",-6.89442372734765,31.1680944839607
7,"mobile|multi_factor|low|multi_person",-4.6854891281354,31.1680944839607
7,"mobile|simple|medium|multi_person",-2.21510655312765,31.1680944839607
7,"mobile|multi_factor|medium|multi_person",-6.38590629475566,31.1680944839607
7,"web|multi_factor|medium|multi_person",-10.2075420005271,31.1680944839607
7,"mobile|simple|high|multi_person",-2.01351426018544,31.1680944839607
7,"web|simple|high|multi_person",-5.83514996595688,31.1680944839607
7,"mobile|two_factor|high|multi_person",-4.57161289525426,31.1680944839607
7,"mobile|multi_factor|high|multi_person",-6.18431400181345,31.1680944839607
7,"mobile|simple|low|one_to_one",1.40060385383211,31.1680944839607
7,"web|simple|low|one_to_one",-2.42103185193933,31.1680944839607
7,"mobile|multi_factor|low|one_to_one",-2.7701958877959,31.1680944839607
7,"web|multi_factor|low|one_to_one",-6.59183159356734,31.1680944839607
7,"mobile|simple|medium|one_to_one",-0.299813312788151,31.1680944839607
7,"mobile|two_factor|medium|one_to_one",-2.85791194785697,31.1680944839607
7,"mobile|multi_factor|medium|one_to_one",-4.47061305441616,31.1680944839607
7,"web|multi_factor|medium|one_to_one",-8.2922487601876,31.1680944839607
7,"web|simple|high|one_to_one",-3.91985672561739,31.1680944839607
7,"mobile|two_factor|high|one_to_one",-2.65631965491477,31.1680944839607
7,"mobile|multi_factor|high|one_to_one",-4.26902076147396,31.1680944839607
7,"web|multi_factor|high|one_to_one",-8.0906564672454,31.1680944839607
7,"web|simple|medium|multi_person",-6.03674225889909,31.1680944839607
7,"mobile|two_factor|medium|multi_person",-4.77320518819647,31.1680944839607
7,"web|two_factor|high|multi_person",-8.3932486010257,31.1680944839607
7,"web|multi_factor|high|multi_person",-10.0059497075849,31.1680944839607
7,"web|simple|medium|one_to_one",-4.12144901855959,31.1680944839607
7,"web|two_factor|medium|one_to_one",-6.67954765362841,31.1680944839607
7,"mobile|simple|high|one_to_one",-0.0982210198459454,31.1680944839607
7,"mobile|simple|low|multi_person",-0.514689386507388,31.1680944839607
7,"web|multi_factor|low|multi_person",-8.50712483390684,31.1680944839607
7,"web|two_factor|medium|multi_person",-8.59484089396791,31.1680944839607
7,"mobile|two_factor|low|one_to_one",-1.15749478123672,31.1680944839607
7,"web|two_factor|high|one_to_one",-6.47795536068621,31.1680944839607
7,"web|two_factor|low|one_to_one",-4.97913048700816,31.1680944839607
8,"web|simple|low|multi_person",-5.52652452316194,28.2766324096206
8,"mobile|two_factor|low|multi_person",-2.38137064236303,28.2766324096206
8,"web|two_factor|low|multi_person",-7.67552347006973,28.2766324096206
8,"mobile|multi_factor|low|multi_person",-2.4897583029724,28.2766324096206
8,"mobile|simple|medium|multi_person",-1.97517398149172,28.2766324096206
8,"mobile|multi_factor|medium|multi_person",-4.23256058900888,28.2766324096206
8,"web|multi_factor|medium|multi_person",-9.52671341671559,28.2766324096206
8,"mobile|simple|high|multi_person",-3.50433209496156,28.2766324096206
8,"web|simple|high|multi_person",-8.79848492266826,28.2766324096206
8,"mobile|two_factor|high|multi_person",-5.65333104186935,28.2766324096206
8,"mobile|multi_factor|high|multi_person",-5.76171870247873,28.2766324096206
8,"mobile|simple|low|one_to_one",0.93823785642318,28.2766324096206
8,"web|simple|low|one_to_one",-4.35591497128352,28.2766324096206
8,"mobile|multi_factor|low|one_to_one",-1.31914875109398,28.2766324096206
8,"web|multi_factor|low|one_to_one",-6.61330157880069,28.2766324096206
8,"mobile|simple|medium|one_to_one",-0.8045644296133,28.2766324096206
8,"mobile|two_factor|medium|one_to_one",-2.95356337652109,28.2766324096206
8,"mobile|multi_factor|medium|one_to_one",-3.06195103713046,28.2766324096206
8,"web|multi_factor|medium|one_to_one",-8.35610386483716,28.2766324096206
8,"web|simple|high|one_to_one",-7.62787537078984,28.2766324096206
8,"mobile|two_factor|high|one_to_one",-4.48272148999093,28.2766324096206
8,"mobile|multi_factor|high|one_to_one",-4.5911091506003,28.2766324096206
8,"web|multi_factor|high|one_to_one",-9.885261978307,28.2766324096206
8,"web|simple|medium|multi_person",-7.26932680919842,28.2766324096206
8,"mobile|two_factor|medium|multi_person",-4.12417292839951,28.2766324096206
8,"web|two_factor|high|multi_person",-10.9474838695761,28.2766324096206
8,"web|multi_factor|high|multi_person",-11.0558715301854,28.2766324096206
8,"web|simple|medium|one_to_one",-6.09871725732,28.2766324096206
8,"web|two_factor|medium|one_to_one",-8.24771620422779,28.2766324096206
8,"mobile|simple|high|one_to_one",-2.33372254308314,28.2766324096206
8,"mobile|simple|low|multi_person",-0.23237169545524,28.2766324096206
8,"web|multi_factor|low|multi_person",-7.7839111306791,28.2766324096206
8,"web|two_factor|medium|multi_person",-9.41832575610621,28.2766324096206
8,"mobile|two_factor|low|one_to_one",-1.21076109048461,28.2766324096206
8,"web|two_factor|high|one_to_one",-9.77687431769763,28.2766324096206
8,"web|two_factor|low|one_to_one",-6.50491391819131,28.2766324096206
9,"web|simple|low|multi_person",-2.74324357623481,31.7305219542444
9,"mobile|two_factor|low|multi_person",-2.63487006193159,31.7305219542444
9,"web|two_factor|low|multi_person",-5.72606973504223,31.7305219542444
9,"mobile|multi_factor|low|multi_person",-4.22085043201705,31.7305219542444
9,"mobile|simple|medium|multi_person",-1.46870137574372,31.7305219542444
9,"mobile|multi_factor|medium|multi_person",-6.0375079046366,31.7305219542444
9,"web|multi_factor|medium|multi_person",-9.12870757774724,31.7305219542444
9,"mobile|simple|high|multi_person",-2.47101772825043,31.7305219542444
9,"web|simple|high|multi_person",-5.56221740136107,31.7305219542444
9,"mobile|two_factor|high|multi_person",-5.45384388705784,31.7305219542444
9,"mobile|multi_factor|high|multi_person",-7.03982425714331,31.7305219542444
9,"mobile|simple|low|one_to_one",1.67086879951289,31.7305219542444
9,"web|simple|low|one_to_one",-1.42033087359775,31.7305219542444
9,"mobile|multi_factor|low|one_to_one",-2.89793772937999,31.7305219542444
9,"web|multi_factor|low|one_to_one",-5.98913740249063,31.7305219542444
9,"mobile|simple|medium|one_to_one",-0.145788673106665,31.7305219542444
9,"mobile|two_factor|medium|one_to_one",-3.12861483191408,31.7305219542444
9,"mobile|multi_factor|medium|one_to_one",-4.71459520199954,31.7305219542444
9,"web|multi_factor|medium|one_to_one",-7.80579487511018,31.7305219542444
9,"web|simple|high|one_to_one",-4.23930469872401,31.7305219542444
9,"mobile|two_factor|high|one_to_one",-4.13093118442079,31.7305219542444
9,"mobile|multi_factor|high|one_to_one",-5.71691155450625,31.7305219542444
9,"web|multi_factor|high|one_to_one",-8.80811122761689,31.7305219542444
9,"web|simple|medium|multi_person",-4.55990104885436,31.7305219542444
9,"mobile|two_factor|medium|multi_person",-4.45152753455114,31.7305219542444
9,"web|two_factor|high|multi_person",-8.54504356016849,31.7305219542444
9,"web|multi_factor|high|multi_person",-10.1310239302539,31.7305219542444
9,"web|simple|medium|one_to_one",-3.2369883462173,31.7305219542444
9,"web|two_factor|medium|one_to_one",-6.21981450502472,31.7305219542444
9,"mobile|simple|high|one_to_one",-1.14810502561337,31.7305219542444
9,"mobile|simple|low|multi_person",0.347956096875833,31.7305219542444
9,"web|multi_factor|low|multi_person",-7.31205010512769,31.7305219542444
9,"web|two_factor|medium|multi_person",-7.54272720766178,31.7305219542444
9,"mobile|two_factor|low|one_to_one",-1.31195735929453,31.7305219542444
9,"web|two_factor|high|one_to_one",-7.22213085753143,31.7305219542444
9,"web|two_factor|low|one_to_one",-4.40315703240517,31.7305219542444
10,"web|simple|low|multi_person",-5.6928737345789,18.8004348078257
10,"mobile|two_factor|low|multi_person",-5.02664829785968,18.8004348078257
10,"web|two_factor|low|multi_person",-9.99130547178548,18.8004348078257
10,"mobile|multi_factor|low|multi_person",-6.43902185656901,18.8004348078257
10,"mobile|simple|medium|multi_person",-2.92245025019462,18.8004348078257
10,"mobile|multi_factor|medium|multi_person",-8.63325554611053,18.8004348078257
10,"web|multi_factor|medium|multi_person",-13.5979127200363,18.8004348078257
10,"mobile|simple|high|multi_person",-3.43753363365609,18.8004348078257
10,"web|simple|high|multi_person",-8.40219080758189,18.8004348078257
10,"mobile|two_factor|high|multi_person",-7.73596537086267,18.8004348078257
10,"mobile|multi_factor|high|multi_person",-9.148338929572,18.8004348078257
10,"mobile|simple|low|one_to_one",0.432405612743925,18.8004348078257
10,"web|simple|low|one_to_one",-4.53225156118188,18.8004348078257
10,"mobile|multi_factor|low|one_to_one",-5.27839968317199,18.8004348078257
10,"web|multi_factor|low|one_to_one",-10.2430568570978,18.8004348078257
10,"mobile|simple|medium|one_to_one",-1.76182807679759,18.8004348078257
10,"mobile|two_factor|medium|one_to_one",-6.06025981400417,18.8004348078257
10,"mobile|multi_factor|medium|one_to_one",-7.4726333727135,18.8004348078257
10,"web|multi_factor|medium|one_to_one",-12.4372905466393,18.8004348078257
10,"web|simple|high|one_to_one",-7.24156863418487,18.8004348078257
10,"mobile|two_factor|high|one_to_one",-6.57534319746564,18.8004348078257
10,"mobile|multi_factor|high|one_to_one",-7.98771675617498,18.8004348078257
10,"web|multi_factor|high|one_to_one",-12.9523739301008,18.8004348078257
10,"web|simple|medium|multi_person",-7.88710742412042,18.8004348078257
10,"mobile|two_factor|medium|multi_person",-7.22088198740119,18.8004348078257
10,"web|two_factor|high|multi_person",-12.7006225447885,18.8004348078257
10,"web|multi_factor|high|multi_person",-14.1129961034978,18.8004348078257
10,"web|simple|medium|one_to_one",-6.72648525072339,18.8004348078257
10,"web|two_factor|medium|one_to_one",-11.02491698793,18.8004348078257
10,"mobile|simple|high|one_to_one",-2.27691146025907,18.8004348078257
10,"mobile|simple|low|multi_person",-0.728216560653104,18.8004348078257
10,"web|multi_factor|low|multi_person",-11.4036790304948,18.8004348078257
10,"web|two_factor|medium|multi_person",-12.185539161327,18.8004348078257
10,"mobile|two_factor|low|one_to_one",-3.86602612446265,18.8004348078257
10,"web|two_factor|high|one_to_one",-11.5400003713914,18.8004348078257
10,"web|two_factor|low|one_to_one",-8.83068329838845,18.8004348078257
11,"web|simple|low|multi_person",-4.37595073761011,19.9485998558434
11,"mobile|two_factor|low|multi_person",-3.38016948264101,19.9485998558434
11,"web|two_factor|low|multi_person",-8.64374493400139,19.9485998558434
11,"mobile|multi_factor|low|multi_person",-6.77300188132646,19.9485998558434
11,"mobile|simple|medium|multi_person",-2.11243241093122,19.9485998558434
11,"mobile|multi_factor|medium|multi_person",-9.77305900600795,19.9485998558434
11,"web|multi_factor|medium|multi_person",-15.0366344573683,19.9485998558434
11,"mobile|simple|high|multi_person",-1.34288298163552,19.9485998558434
11,"web|simple|high|multi_person",-6.6064584329959,19.9485998558434
11,"mobile|two_factor|high|multi_person",-5.6106771780268,19.9485998558434
11,"mobile|multi_factor|high|multi_person",-9.00350957671225,19.9485998558434
11,"mobile|simple|low|one_to_one",1.14161497579363,19.9485998558434
11,"web|simple|low|one_to_one",-4.12196047556675,19.9485998558434
11,"mobile|multi_factor|low|one_to_one",-6.5190116192831,19.9485998558434
11,"web|multi_factor|low|one_to_one",-11.7825870706435,19.9485998558434
11,"mobile|simple|medium|one_to_one",-1.85844214888786,19.9485998558434
11,"mobile|two_factor|medium|one_to_one",-6.12623634527913,19.9485998558434
11,"mobile|multi_factor|medium|one_to_one",-9.51906874396459,19.9485998558434
11,"web|multi_factor|medium|one_to_one",-14.782644195325,19.9485998558434
11,"web|simple|high|one_to_one",-6.35246817095253,19.9485998558434
11,"mobile|two_factor|high|one_to_one",-5.35668691598343,19.9485998558434
11,"mobile|multi_factor|high|one_to_one",-8.74951931466888,19.9485998558434
11,"web|multi_factor|high|one_to_one",-14.0130947660293,19.9485998558434
11,"web|simple|medium|multi_person",-7.3760078622916,19.9485998558434
11,"mobile|two_factor|medium|multi_person",-6.3802266073225,19.9485998558434
11,"web|two_factor|high|multi_person",-10.8742526293872,19.9485998558434
11,"web|multi_factor|high|multi_person",-14.2670850280726,19.9485998558434
11,"web|simple|medium|one_to_one",-7.12201760024824,19.9485998558434
11,"web|two_factor|medium|one_to_one",-11.3898117966395,19.9485998558434
11,"mobile|simple|high|one_to_one",-1.08889271959215,19.9485998558434
11,"mobile|simple|low|multi_person",0.887624713750267,19.9485998558434
11,"web|multi_factor|low|multi_person",-12.0365773326868,19.9485998558434
11,"web|two_factor|medium|multi_person",-11.6438020586829,19.9485998558434
11,"mobile|two_factor|low|one_to_one",-3.12617922059764,19.9485998558434
11,"web|two_factor|high|one_to_one",-10.6202623673438,19.9485998558434
11,"web|two_factor|low|one_to_one",-8.38975467195802,19.9485998558434
13,"web|simple|low|multi_person",-3.61591115249039,28.7062474226395
13,"mobile|two_factor|low|multi_person",-3.17115327434917,28.7062474226395
13,"web|two_factor|low|multi_person",-7.37120789155775,28.7062474226395
13,"mobile|multi_factor|low|multi_person",-4.29919815210615,28.7062474226395
13,"mobile|simple|medium|multi_person",-1.88581742797677,28.7062474226395
13,"mobile|multi_factor|medium|multi_person",-6.76915904480111,28.7062474226395
13,"web|multi_factor|medium|multi_person",-10.9692136620097,28.7062474226395
13,"mobile|simple|high|multi_person",-2.64096357965547,28.7062474226395
13,"web|simple|high|multi_person",-6.84101819686405,28.7062474226395
13,"mobile|two_factor|high|multi_person",-6.39626031872283,28.7062474226395
13,"mobile|multi_factor|high|multi_person",-7.52430519647981,28.7062474226395
13,"mobile|simple|low|one_to_one",2.55883195517211,28.7062474226395
13,"web|simple|low|one_to_one",-1.64122266203647,28.7062474226395
13,"mobile|multi_factor|low|one_to_one",-2.32450966165223,28.7062474226395
13,"web|multi_factor|low|one_to_one",-6.52456427886081,28.7062474226395
13,"mobile|simple|medium|one_to_one",0.0888710624771467,28.7062474226395
13,"mobile|two_factor|medium|one_to_one",-3.66642567659022,28.7062474226395
13,"mobile|multi_factor|medium|one_to_one",-4.79447055434719,28.7062474226395
13,"web|multi_factor|medium|one_to_one",-8.99452517155577,28.7062474226395
13,"web|simple|high|one_to_one",-4.86632970641013,28.7062474226395
13,"mobile|two_factor|high|one_to_one",-4.42157182826892,28.7062474226395
13,"mobile|multi_factor|high|one_to_one",-5.54961670602589,28.7062474226395
13,"web|multi_factor|high|one_to_one",-9.74967132323447,28.7062474226395
13,"web|simple|medium|multi_person",-6.08587204518535,28.7062474226395
13,"mobile|two_factor|medium|multi_person",-5.64111416704413,28.7062474226395
13,"web|two_factor|high|multi_person",-10.5963149359314,28.7062474226395
13,"web|multi_factor|high|multi_person",-11.7243598136884,28.7062474226395
13,"web|simple|medium|one_to_one",-4.11118355473143,28.7062474226395
13,"web|two_factor|medium|one_to_one",-7.8664802937988,28.7062474226395
13,"mobile|simple|high|one_to_one",-0.666275089201552,28.7062474226395
13,"mobile|simple|low|multi_person",0.584143464718193,28.7062474226395
13,"web|multi_factor|low|multi_person",-8.49925276931473,28.7062474226395
13,"web|two_factor|medium|multi_person",-9.84116878425271,28.7062474226395
13,"mobile|two_factor|low|one_to_one",-1.19646478389526,28.7062474226395
13,"web|two_factor|high|one_to_one",-8.62162644547749,28.7062474226395
13,"web|two_factor|low|one_to_one",-5.39651940110384,28.7062474226395
14,"web|simple|low|multi_person",-4.92173352450109,16.6667303704709
14,"mobile|two_factor|low|multi_person",-5.12942996920159,16.6667303704709
14,"web|two_factor|low|multi_person",-10.5046374644298,16.6667303704709
14,"mobile|multi_factor|low|multi_person",-7.35615925405906,16.6667303704709
14,"mobile|simple|medium|multi_person",-2.51976853715979,16.6667303704709
14,"mobile|multi_factor|medium|multi_person",-10.3294017619459,16.6667303704709
14,"web|multi_factor|medium|multi_person",-15.7046092571741,16.6667303704709
14,"mobile|simple|high|multi_person",-1.92692248103216,16.6667303704709
14,"web|simple|high|multi_person",-7.30212997626032,16.6667303704709
14,"mobile|two_factor|high|multi_person",-7.50982642096082,16.6667303704709
14,"mobile|multi_factor|high|multi_person",-9.73655570581829,16.6667303704709
14,"mobile|simple|low|one_to_one",0.992091437654614,16.6667303704709
14,"web|simple|low|one_to_one",-4.38311605757355,16.6667303704709
14,"mobile|multi_factor|low|one_to_one",-6.81754178713152,16.6667303704709
14,"web|multi_factor|low|one_to_one",-12.1927492823597,16.6667303704709
14,"mobile|simple|medium|one_to_one",-1.98115107023225,16.6667303704709
14,"mobile|two_factor|medium|one_to_one",-7.56405501016091,16.6667303704709
14,"mobile|multi_factor|medium|one_to_one",-9.79078429501838,16.6667303704709
14,"web|multi_factor|medium|one_to_one",-15.1659917902465,16.6667303704709
14,"web|simple|high|one_to_one",-6.76351250933277,16.6667303704709
14,"mobile|two_factor|high|one_to_one",-6.97120895403327,16.6667303704709
14,"mobile|multi_factor|high|one_to_one",-9.19793823889074,16.6667303704709
14,"web|multi_factor|high|one_to_one",-14.5731457341189,16.6667303704709
14,"web|simple|medium|multi_person",-7.89497603238795,16.6667303704709
14,"mobile|two_factor|medium|multi_person",-8.10267247708845,16.6667303704709
14,"web|two_factor|high|multi_person",-12.885033916189,16.6667303704709
14,"web|multi_factor|high|multi_person",-15.1117632010464,16.6667303704709
14,"web|simple|medium|one_to_one",-7.35635856546041,16.6667303704709
14,"web|two_factor|medium|one_to_one",-12.9392625053891,16.6667303704709
14,"mobile|simple|high|one_to_one",-1.38830501410461,16.6667303704709
14,"mobile|simple|low|multi_person",0.453473970727067,16.6667303704709
14,"web|multi_factor|low|multi_person",-12.7313667492872,16.6667303704709
14,"web|two_factor|medium|multi_person",-13.4778799723166,16.6667303704709
14,"mobile|two_factor|low|one_to_one",-4.59081250227405,16.6667303704709
14,"web|two_factor|high|one_to_one",-12.3464164492614,16.6667303704709
14,"web|two_factor|low|one_to_one",-9.96601999750221,16.6667303704709
15,"web|simple|low|multi_person",-3.31577038813956,32.7674277787372
15,"mobile|two_factor|low|multi_person",-3.01345181953188,32.7674277787372
15,"web|two_factor|low|multi_person",-6.0342318055985,32.7674277787372
15,"mobile|multi_factor|low|multi_person",-3.7110739760482,32.7674277787372
15,"mobile|simple|medium|multi_person",-1.99508186779871,32.7674277787372
15,"mobile|multi_factor|medium|multi_person",-5.41116544177397,32.7674277787372
15,"web|multi_factor|medium|multi_person",-8.43194542784059,32.7674277787372
15,"mobile|simple|high|multi_person",-2.51778827660019,32.7674277787372
15,"web|simple|high|multi_person",-5.53856826266681,32.7674277787372
15,"mobile|two_factor|high|multi_person",-5.23624969405913,32.7674277787372
15,"mobile|multi_factor|high|multi_person",-5.93387185057545,32.7674277787372
15,"mobile|simple|low|one_to_one",1.58970441068462,32.7674277787372
15,"web|simple|low|one_to_one",-1.431075575382,32.7674277787372
15,"mobile|multi_factor|low|one_to_one",-1.82637916329064,32.7674277787372
15,"web|multi_factor|low|one_to_one",-4.84715914935726,32.7674277787372
15,"mobile|simple|medium|one_to_one",-0.110387055041149,32.7674277787372
15,"mobile|two_factor|medium|one_to_one",-2.82884847250009,32.7674277787372
15,"mobile|multi_factor|medium|one_to_one",-3.52647062901641,32.7674277787372
15,"web|multi_factor|medium|one_to_one",-6.54725061508303,32.7674277787372
15,"web|simple|high|one_to_one",-3.65387344990925,32.7674277787372
15,"mobile|two_factor|high|one_to_one",-3.35155488130157,32.7674277787372
15,"mobile|multi_factor|high|one_to_one",-4.04917703781789,32.7674277787372
15,"web|multi_factor|high|one_to_one",-7.0699570238845,32.7674277787372
15,"web|simple|medium|multi_person",-5.01586185386533,32.7674277787372
15,"mobile|two_factor|medium|multi_person",-4.71354328525765,32.7674277787372
15,"web|two_factor|high|multi_person",-8.25702968012575,32.7674277787372
15,"web|multi_factor|high|multi_person",-8.95465183664207,32.7674277787372
15,"web|simple|medium|one_to_one",-3.13116704110777,32.7674277787372
15,"web|two_factor|medium|one_to_one",-5.84962845856671,32.7674277787372
15,"mobile|simple|high|one_to_one",-0.633093463842626,32.7674277787372
15,"mobile|simple|low|multi_person",-0.29499040207294,32.7674277787372
15,"web|multi_factor|low|multi_person",-6.73185396211482,32.7674277787372
15,"web|two_factor|medium|multi_person",-7.73432327132427,32.7674277787372
15,"mobile|two_factor|low|one_to_one",-1.12875700677432,32.7674277787372
15,"web|two_factor|high|one_to_one",-6.37233486736819,32.7674277787372
15,"web|two_factor|low|one_to_one",-4.14953699284094,32.7674277787372
16,"web|simple|low|multi_person",-4.05328163939216,28.6289151322775
16,"mobile|two_factor|low|multi_person",-3.0024782468183,28.6289151322775
16,"web|two_factor|low|multi_person",-7.37114992413158,28.6289151322775
16,"mobile|multi_factor|low|multi_person",-4.74001124991445,28.6289151322775
16,"mobile|simple|medium|multi_person",-1.78755209678911,28.6289151322775
16,"mobile|multi_factor|medium|multi_person",-6.84295338462468,28.6289151322775
16,"web|multi_factor|medium|multi_person",-11.211625061938,28.6289151322775
16,"mobile|simple|high|multi_person",-2.65824080731693,28.6289151322775
16,"web|simple|high|multi_person",-7.02691248463021,28.6289151322775
16,"mobile|two_factor|high|multi_person",-5.97610909205635,28.6289151322775
16,"mobile|multi_factor|high|multi_person",-7.7136420951525,28.6289151322775
16,"mobile|simple|low|one_to_one",2.06238570021938,28.6289151322775
16,"web|simple|low|one_to_one",-2.3062859770939,28.6289151322775
16,"mobile|multi_factor|low|one_to_one",-2.99301558761619,28.6289151322775
16,"web|multi_factor|low|one_to_one",-7.36168726492947,28.6289151322775
16,"mobile|simple|medium|one_to_one",-0.04055643449085,28.6289151322775
16,"mobile|two_factor|medium|one_to_one",-3.35842471923027,28.6289151322775
16,"mobile|multi_factor|medium|one_to_one",-5.09595772232642,28.6289151322775
16,"web|multi_factor|medium|one_to_one",-9.4646293996397,28.6289151322775
16,"web|simple|high|one_to_one",-5.27991682233195,28.6289151322775
16,"mobile|two_factor|high|one_to_one",-4.22911342975809,28.6289151322775
16,"mobile|multi_factor|high|one_to_one",-5.96664643285424,28.6289151322775
16,"web|multi_factor|high|one_to_one",-10.3353181101675,28.6289151322775
16,"web|simple|medium|multi_person",-6.15622377410239,28.6289151322775
16,"mobile|two_factor|medium|multi_person",-5.10542038152852,28.6289151322775
16,"web|two_factor|high|multi_person",-10.3447807693696,28.6289151322775
16,"web|multi_factor|high|multi_person",-12.0823137724658,28.6289151322775
16,"web|simple|medium|one_to_one",-4.40922811180413,28.6289151322775
16,"web|two_factor|medium|one_to_one",-7.72709639654355,28.6289151322775
16,"mobile|simple|high|one_to_one",-0.911245145018671,28.6289151322775
16,"mobile|simple|low|multi_person",0.315390037921121,28.6289151322775
16,"web|multi_factor|low|multi_person",-9.10868292722773,28.6289151322775
16,"web|two_factor|medium|multi_person",-9.47409205884181,28.6289151322775
16,"mobile|two_factor|low|one_to_one",-1.25548258452004,28.6289151322775
16,"web|two_factor|high|one_to_one",-8.59778510707137,28.6289151322775
16,"web|two_factor|low|one_to_one",-5.62415426183332,28.6289151322775
17,"web|simple|low|multi_person",-3.4361927570719,27.498954958507
17,"mobile|two_factor|low|multi_person",-3.15409262227421,27.498954958507
17,"web|two_factor|low|multi_person",-7.37589022807781,27.498954958507
17,"mobile|multi_factor|low|multi_person",-5.21687917926163,27.498954958507
17,"mobile|simple|medium|multi_person",-1.37937623450442,27.498954958507
17,"mobile|multi_factor|medium|multi_person",-7.38186026249775,27.498954958507
17,"web|multi_factor|medium|multi_person",-11.6036578683014,27.498954958507
17,"mobile|simple|high|multi_person",-2.79921717082592,27.498954958507
17,"web|simple|high|multi_person",-7.02101477662952,27.498954958507
17,"mobile|two_factor|high|multi_person",-6.73891464183184,27.498954958507
17,"mobile|multi_factor|high|multi_person",-8.80170119881925,27.498954958507
17,"mobile|simple|low|one_to_one",2.54463245987146,27.498954958507
17,"web|simple|low|one_to_one",-1.67716514593214,27.498954958507
17,"mobile|multi_factor|low|one_to_one",-3.45785156812187,27.498954958507
17,"web|multi_factor|low|one_to_one",-7.67964917392547,27.498954958507
17,"mobile|simple|medium|one_to_one",0.379651376635334,27.498954958507
17,"mobile|two_factor|medium|one_to_one",-3.56004609437058,27.498954958507
17,"mobile|multi_factor|medium|one_to_one",-5.622832651358,27.498954958507
17,"web|multi_factor|medium|one_to_one",-9.8446302571616,27.498954958507
17,"web|simple|high|one_to_one",-5.26198716548976,27.498954958507
17,"mobile|two_factor|high|one_to_one",-4.97988703069208,27.498954958507
17,"mobile|multi_factor|high|one_to_one",-7.04267358767949,27.498954958507
17,"web|multi_factor|high|one_to_one",-11.2644711934831,27.498954958507
17,"web|simple|medium|multi_person",-5.60117384030802,27.498954958507
17,"mobile|two_factor|medium|multi_person",-5.31907370551034,27.498954958507
17,"web|two_factor|high|multi_person",-10.9607122476354,27.498954958507
17,"web|multi_factor|high|multi_person",-13.0234988046228,27.498954958507
17,"web|simple|medium|one_to_one",-3.84214622916827,27.498954958507
17,"web|two_factor|medium|one_to_one",-7.78184370017418,27.498954958507
17,"mobile|simple|high|one_to_one",-1.04018955968616,27.498954958507
17,"mobile|simple|low|multi_person",0.785604848731703,27.498954958507
17,"web|multi_factor|low|multi_person",-9.43867678506523,27.498954958507
17,"web|two_factor|medium|multi_person",-9.54087131131394,27.498954958507
17,"mobile|two_factor|low|one_to_one",-1.39506501113446,27.498954958507
17,"web|two_factor|high|one_to_one",-9.20168463649568,27.498954958507
17,"web|two_factor|low|one_to_one",-5.61686261693806,27.498954958507
18,"web|simple|low|multi_person",-7.13634879396334,15.2122828400652
18,"mobile|two_factor|low|multi_person",-8.4337749674982,15.2122828400652
18,"web|two_factor|low|multi_person",-11.6962978203317,15.2122828400652
18,"mobile|multi_factor|low|multi_person",-7.54842913627381,15.2122828400652
18,"mobile|simple|medium|multi_person",-3.61133702480148,15.2122828400652
18,"mobile|multi_factor|medium|multi_person",-7.28594021994547,15.2122828400652
18,"web|multi_factor|medium|multi_person",-10.548463072779,15.2122828400652
18,"mobile|simple|high|multi_person",-4.32796722436401,15.2122828400652
18,"web|simple|high|multi_person",-7.59049007719753,15.2122828400652
18,"mobile|two_factor|high|multi_person",-8.8879162507324,15.2122828400652
18,"mobile|multi_factor|high|multi_person",-8.002570419508,15.2122828400652
18,"mobile|simple|low|one_to_one",-3.8243760464702,15.2122828400652
18,"web|simple|low|one_to_one",-7.08689889930372,15.2122828400652
18,"mobile|multi_factor|low|one_to_one",-7.49897924161418,15.2122828400652
18,"web|multi_factor|low|one_to_one",-10.7615020944477,15.2122828400652
18,"mobile|simple|medium|one_to_one",-3.56188713014186,15.2122828400652
18,"mobile|two_factor|medium|one_to_one",-8.12183615651024,15.2122828400652
18,"mobile|multi_factor|medium|one_to_one",-7.23649032528584,15.2122828400652
18,"web|multi_factor|medium|one_to_one",-10.4990131781194,15.2122828400652
18,"web|simple|high|one_to_one",-7.54104018253791,15.2122828400652
18,"mobile|two_factor|high|one_to_one",-8.83846635607277,15.2122828400652
18,"mobile|multi_factor|high|one_to_one",-7.95312052484837,15.2122828400652
18,"web|multi_factor|high|one_to_one",-11.2156433776819,15.2122828400652
18,"web|simple|medium|multi_person",-6.873859877635,15.2122828400652
18,"mobile|two_factor|medium|multi_person",-8.17128605116987,15.2122828400652
18,"web|two_factor|high|multi_person",-12.1504391035659,15.2122828400652
18,"web|multi_factor|high|multi_person",-11.2650932723415,15.2122828400652
18,"web|simple|medium|one_to_one",-6.82440998297538,15.2122828400652
18,"web|two_factor|medium|one_to_one",-11.3843590093438,15.2122828400652
18,"mobile|simple|high|one_to_one",-4.27851732970439,15.2122828400652
18,"mobile|simple|low|multi_person",-3.87382594112982,15.2122828400652
18,"web|multi_factor|low|multi_person",-10.8109519891073,15.2122828400652
18,"web|two_factor|medium|multi_person",-11.4338089040034,15.2122828400652
18,"mobile|two_factor|low|one_to_one",-8.38432507283858,15.2122828400652
18,"web|two_factor|high|one_to_one",-12.1009892089063,15.2122828400652
18,"web|two_factor|low|one_to_one",-11.6468479256721,15.2122828400652
19,"web|simple|low|multi_person",-4.34848264130913,29.4316168174721
19,"mobile|two_factor|low|multi_person",-3.43386277029061,29.4316168174721
19,"web|two_factor|low|multi_person",-7.73162363035413,29.4316168174721
19,"mobile|multi_factor|low|multi_person",-5.09215066536551,29.4316168174721
19,"mobile|simple|medium|multi_person",-1.84277393279086,29.4316168174721
19,"mobile|multi_factor|medium|multi_person",-6.88420281691076,29.4316168174721
19,"web|multi_factor|medium|multi_person",-11.1819636769743,29.4316168174721
19,"mobile|simple|high|multi_person",-2.50597445844939,29.4316168174721
19,"web|simple|high|multi_person",-6.80373531851291,29.4316168174721
19,"mobile|two_factor|high|multi_person",-5.88911544749439,29.4316168174721
19,"mobile|multi_factor|high|multi_person",-7.54740334256929,29.4316168174721
19,"mobile|simple|low|one_to_one",2.13661375684815,29.4316168174721
19,"web|simple|low|one_to_one",-2.16114710321537,29.4316168174721
19,"mobile|multi_factor|low|one_to_one",-2.90481512727175,29.4316168174721
19,"web|multi_factor|low|one_to_one",-7.20257598733527,29.4316168174721
19,"mobile|simple|medium|one_to_one",0.344561605302896,29.4316168174721
19,"mobile|two_factor|medium|one_to_one",-3.03857938374211,29.4316168174721
19,"mobile|multi_factor|medium|one_to_one",-4.696867278817,29.4316168174721
19,"web|multi_factor|medium|one_to_one",-8.99462813888053,29.4316168174721
19,"web|simple|high|one_to_one",-4.61639978041915,29.4316168174721
19,"mobile|two_factor|high|one_to_one",-3.70177990940063,29.4316168174721
19,"mobile|multi_factor|high|one_to_one",-5.36006780447553,29.4316168174721
19,"web|multi_factor|high|one_to_one",-9.65782866453905,29.4316168174721
19,"web|simple|medium|multi_person",-6.14053479285438,29.4316168174721
19,"mobile|two_factor|medium|multi_person",-5.22591492183587,29.4316168174721
19,"web|two_factor|high|multi_person",-10.1868763075579,29.4316168174721
19,"web|multi_factor|high|multi_person",-11.8451642026328,29.4316168174721
19,"web|simple|medium|one_to_one",-3.95319925476062,29.4316168174721
19,"web|two_factor|medium|one_to_one",-7.33634024380563,29.4316168174721
19,"mobile|simple|high|one_to_one",-0.31863892035563,29.4316168174721
19,"mobile|simple|low|multi_person",-0.0507217812456102,29.4316168174721
19,"web|multi_factor|low|multi_person",-9.38991152542903,29.4316168174721
19,"web|two_factor|medium|multi_person",-9.52367578189939,29.4316168174721
19,"mobile|two_factor|low|one_to_one",-1.24652723219685,29.4316168174721
19,"web|two_factor|high|one_to_one",-7.99954076946415,29.4316168174721
19,"web|two_factor|low|one_to_one",-5.54428809226037,29.4316168174721
20,"web|simple|low|multi_person",-4.56913659529399,27.3588976239063
20,"mobile|two_factor|low|multi_person",-2.8735218973348,27.3588976239063
20,"web|two_factor|low|multi_person",-7.23392411849532,27.3588976239063
20,"mobile|multi_factor|low|multi_person",-5.73775582240968,27.3588976239063
20,"mobile|simple|medium|multi_person",-1.63671442184867,27.3588976239063
20,"mobile|multi_factor|medium|multi_person",-7.16573587012488,27.3588976239063
20,"web|multi_factor|medium|multi_person",-11.5261380912854,27.3588976239063
20,"mobile|simple|high|multi_person",-2.10480479328287,27.3588976239063
20,"web|simple|high|multi_person",-6.46520701444339,27.3588976239063
20,"mobile|two_factor|high|multi_person",-4.76959231648421,27.3588976239063
20,"mobile|multi_factor|high|multi_person",-7.63382624155908,27.3588976239063
20,"mobile|simple|low|one_to_one",1.15319258574223,27.3588976239063
20,"web|simple|low|one_to_one",-3.20720963541829,27.3588976239063
20,"mobile|multi_factor|low|one_to_one",-4.37582886253398,27.3588976239063
20,"web|multi_factor|low|one_to_one",-8.7362310836945,27.3588976239063
20,"mobile|simple|medium|one_to_one",-0.274787461972972,27.3588976239063
20,"mobile|two_factor|medium|one_to_one",-2.93957498517431,27.3588976239063
20,"mobile|multi_factor|medium|one_to_one",-5.80380891024918,27.3588976239063
20,"web|multi_factor|medium|one_to_one",-10.1642111314097,27.3588976239063
20,"web|simple|high|one_to_one",-5.1032800545677,27.3588976239063
20,"mobile|two_factor|high|one_to_one",-3.40766535660851,27.3588976239063
20,"mobile|multi_factor|high|one_to_one",-6.27189928168339,27.3588976239063
20,"web|multi_factor|high|one_to_one",-10.6323015028439,27.3588976239063
20,"web|simple|medium|multi_person",-5.99711664300919,27.3588976239063
20,"mobile|two_factor|medium|multi_person",-4.30150194505,27.3588976239063
20,"web|two_factor|high|multi_person",-9.12999453764473,27.3588976239063
20,"web|multi_factor|high|multi_person",-11.9942284627196,27.3588976239063
20,"web|simple|medium|one_to_one",-4.63518968313349,27.3588976239063
20,"web|two_factor|medium|one_to_one",-7.29997720633483,27.3588976239063
20,"mobile|simple|high|one_to_one",-0.742877833407177,27.3588976239063
20,"mobile|simple|low|multi_person",-0.208734374133467,27.3588976239063
20,"web|multi_factor|low|multi_person",-10.0981580435702,27.3588976239063
20,"web|two_factor|medium|multi_person",-8.66190416621052,27.3588976239063
20,"mobile|two_factor|low|one_to_one",-1.51159493745911,27.3588976239063
20,"web|two_factor|high|one_to_one",-7.76806757776903,27.3588976239063
20,"web|two_factor|low|one_to_one",-5.87199715861963,27.3588976239063
21,"web|simple|low|multi_person",-4.42739116732622,30.2523140656461
21,"mobile|two_factor|low|multi_person",-2.38653147455857,30.2523140656461
21,"web|two_factor|low|multi_person",-7.33476551619565,30.2523140656461
21,"mobile|multi_factor|low|multi_person",-4.34459720495572,30.2523140656461
21,"mobile|simple|medium|multi_person",-0.947327941140721,30.2523140656461
21,"mobile|multi_factor|medium|multi_person",-5.8127680204073,30.2523140656461
21,"web|multi_factor|medium|multi_person",-10.7610020620444,30.2523140656461
21,"mobile|simple|high|multi_person",-2.10934986050269,30.2523140656461
21,"web|simple|high|multi_person",-7.05758390213977,30.2523140656461
21,"mobile|two_factor|high|multi_person",-5.01672420937211,30.2523140656461
21,"mobile|multi_factor|high|multi_person",-6.97478993976927,30.2523140656461
21,"mobile|simple|low|one_to_one",2.452252063824,30.2523140656461
21,"web|simple|low|one_to_one",-2.49598197781308,30.2523140656461
21,"mobile|multi_factor|low|one_to_one",-2.41318801544258,30.2523140656461
21,"web|multi_factor|low|one_to_one",-7.36142205707966,30.2523140656461
21,"mobile|simple|medium|one_to_one",0.984081248372423,30.2523140656461
21,"mobile|two_factor|medium|one_to_one",-1.923293100497,30.2523140656461
21,"mobile|multi_factor|medium|one_to_one",-3.88135883089416,30.2523140656461
21,"web|multi_factor|medium|one_to_one",-8.82959287253124,30.2523140656461
21,"web|simple|high|one_to_one",-5.12617471262663,30.2523140656461
21,"mobile|two_factor|high|one_to_one",-3.08531501985897,30.2523140656461
21,"mobile|multi_factor|high|one_to_one",-5.04338075025613,30.2523140656461
21,"web|multi_factor|high|one_to_one",-9.99161479189321,30.2523140656461
21,"web|simple|medium|multi_person",-5.8955619827778,30.2523140656461
21,"mobile|two_factor|medium|multi_person",-3.85470229001014,30.2523140656461
21,"web|two_factor|high|multi_person",-9.9649582510092,30.2523140656461
21,"web|multi_factor|high|multi_person",-11.9230239814064,30.2523140656461
21,"web|simple|medium|one_to_one",-3.96415279326466,30.2523140656461
21,"web|two_factor|medium|one_to_one",-6.87152714213408,30.2523140656461
21,"mobile|simple|high|one_to_one",-0.177940670989548,30.2523140656461
21,"mobile|simple|low|multi_person",0.520842874310858,30.2523140656461
21,"web|multi_factor|low|multi_person",-9.2928312465928,30.2523140656461
21,"web|two_factor|medium|multi_person",-8.80293633164722,30.2523140656461
21,"mobile|two_factor|low|one_to_one",-0.455122285045421,30.2523140656461
21,"web|two_factor|high|one_to_one",-8.03354906149605,30.2523140656461
21,"web|two_factor|low|one_to_one",-5.4033563266825,30.2523140656461
22,"web|simple|low|multi_person",-4.80680126424005,29.0013155029041
22,"mobile|two_factor|low|multi_person",-3.12571129503928,29.0013155029041
22,"web|two_factor|low|multi_person",-7.73499566371966,29.0013155029041
22,"mobile|multi_factor|low|multi_person",-4.65829652103576,29.0013155029041
22,"mobile|simple|medium|multi_person",-2.49548040328879,29.0013155029041
22,"mobile|multi_factor|medium|multi_person",-6.95626002876488,29.0013155029041
22,"web|multi_factor|medium|multi_person",-11.5655443974453,29.0013155029041
22,"mobile|simple|high|multi_person",-1.83166944529473,29.0013155029041
22,"web|simple|high|multi_person",-6.44095381397511,29.0013155029041
22,"mobile|two_factor|high|multi_person",-4.75986384477434,29.0013155029041
22,"mobile|multi_factor|high|multi_person",-6.29244907077082,29.0013155029041
22,"mobile|simple|low|one_to_one",1.55695317127341,29.0013155029041
22,"web|simple|low|one_to_one",-3.05233119740697,29.0013155029041
22,"mobile|multi_factor|low|one_to_one",-2.90382645420268,29.0013155029041
22,"web|multi_factor|low|one_to_one",-7.51311082288306,29.0013155029041
22,"mobile|simple|medium|one_to_one",-0.741010336455708,29.0013155029041
22,"mobile|two_factor|medium|one_to_one",-3.66920473593532,29.0013155029041
22,"mobile|multi_factor|medium|one_to_one",-5.2017899619318,29.0013155029041
22,"web|multi_factor|medium|one_to_one",-9.81107433061218,29.0013155029041
22,"web|simple|high|one_to_one",-4.68648374714203,29.0013155029041
22,"mobile|two_factor|high|one_to_one",-3.00539377794126,29.0013155029041
22,"mobile|multi_factor|high|one_to_one",-4.53797900393774,29.0013155029041
22,"web|multi_factor|high|one_to_one",-9.14726337261812,29.0013155029041
22,"web|simple|medium|multi_person",-7.10476477196917,29.0013155029041
22,"mobile|two_factor|medium|multi_person",-5.4236748027684,29.0013155029041
22,"web|two_factor|high|multi_person",-9.36914821345472,29.0013155029041
22,"web|multi_factor|high|multi_person",-10.9017334394512,29.0013155029041
22,"web|simple|medium|one_to_one",-5.35029470513609,29.0013155029041
22,"web|two_factor|medium|one_to_one",-8.2784891046157,29.0013155029041
22,"mobile|simple|high|one_to_one",-0.0771993784616534,29.0013155029041
22,"mobile|simple|low|multi_person",-0.19751689555967,29.0013155029041
22,"web|multi_factor|low|multi_person",-9.26758088971614,29.0013155029041
22,"web|two_factor|medium|multi_person",-10.0329591714488,29.0013155029041
22,"mobile|two_factor|low|one_to_one",-1.3712412282062,29.0013155029041
22,"web|two_factor|high|one_to_one",-7.61467814662164,29.0013155029041
22,"web|two_factor|low|one_to_one",-5.98052559688658,29.0013155029041
23,"web|simple|low|multi_person",-3.41386659279648,32.2622458114694
23,"mobile|two_factor|low|multi_person",-3.09477184300987,32.2622458114694
23,"web|two_factor|low|multi_person",-6.50899827946122,32.2622458114694
23,"mobile|multi_factor|low|multi_person",-4.05707404045484,32.2622458114694
23,"mobile|simple|medium|multi_person",-2.10707755530597,32.2622458114694
23,"mobile|multi_factor|medium|multi_person",-6.1645114394157,32.2622458114694
23,"web|multi_factor|medium|multi_person",-9.57873787586706,32.2622458114694
23,"mobile|simple|high|multi_person",-2.869485929139,32.2622458114694
23,"web|simple|high|multi_person",-6.28371236559036,32.2622458114694
23,"mobile|two_factor|high|multi_person",-5.96461761580375,32.2622458114694
23,"mobile|multi_factor|high|multi_person",-6.92691981324872,32.2622458114694
23,"mobile|simple|low|one_to_one",2.28389983506192,32.2622458114694
23,"web|simple|low|one_to_one",-1.13032660138944,32.2622458114694
23,"mobile|multi_factor|low|one_to_one",-1.7735340490478,32.2622458114694
23,"web|multi_factor|low|one_to_one",-5.18776048549916,32.2622458114694
23,"mobile|simple|medium|one_to_one",0.176462436101064,32.2622458114694
23,"mobile|two_factor|medium|one_to_one",-2.91866925056368,32.2622458114694
23,"mobile|multi_factor|medium|one_to_one",-3.88097144800866,32.2622458114694
23,"web|multi_factor|medium|one_to_one",-7.29519788446002,32.2622458114694
23,"web|simple|high|one_to_one",-4.00017237418332,32.2622458114694
23,"mobile|two_factor|high|one_to_one",-3.6810776243967,32.2622458114694
23,"mobile|multi_factor|high|one_to_one",-4.64337982184168,32.2622458114694
23,"web|multi_factor|high|one_to_one",-8.05760625829304,32.2622458114694
23,"web|simple|medium|multi_person",-5.52130399175733,32.2622458114694
23,"mobile|two_factor|medium|multi_person",-5.20220924197072,32.2622458114694
23,"web|two_factor|high|multi_person",-9.3788440522551,32.2622458114694
23,"web|multi_factor|high|multi_person",-10.3411462497001,32.2622458114694
23,"web|simple|medium|one_to_one",-3.2377640003503,32.2622458114694
23,"web|two_factor|medium|one_to_one",-6.33289568701504,32.2622458114694
23,"mobile|simple|high|one_to_one",-0.58594593773196,32.2622458114694
23,"mobile|simple|low|multi_person",0.000359843654879732,32.2622458114694
23,"web|multi_factor|low|multi_person",-7.4713004769062,32.2622458114694
23,"web|two_factor|medium|multi_person",-8.61643567842208,32.2622458114694
23,"mobile|two_factor|low|one_to_one",-0.811231851602825,32.2622458114694
23,"web|two_factor|high|one_to_one",-7.09530406084806,32.2622458114694
23,"web|two_factor|low|one_to_one",-4.22545828805419,32.2622458114694
24,"web|simple|low|multi_person",-3.39398631105276,32.5255451226214
24,"mobile|two_factor|low|multi_person",-3.19055459982806,32.5255451226214
24,"web|two_factor|low|multi_person",-6.37404810581264,32.5255451226214
24,"mobile|multi_factor|low|multi_person",-4.32782906465956,32.5255451226214
24,"mobile|simple|medium|multi_person",-2.47556525473425,32.5255451226214
24,"mobile|multi_factor|medium|multi_person",-6.59290151432563,32.5255451226214
24,"web|multi_factor|medium|multi_person",-9.77639502031021,32.5255451226214
24,"mobile|simple|high|multi_person",-3.25343942189193,32.5255451226214
24,"web|simple|high|multi_person",-6.43693292787651,32.5255451226214
24,"mobile|two_factor|high|multi_person",-6.23350121665181,32.5255451226214
24,"mobile|multi_factor|high|multi_person",-7.37077568148331,32.5255451226214
24,"mobile|simple|low|one_to_one",2.263883497297,32.5255451226214
24,"web|simple|low|one_to_one",-0.91961000868758,32.5255451226214
24,"mobile|multi_factor|low|one_to_one",-1.85345276229438,32.5255451226214
24,"web|multi_factor|low|one_to_one",-5.03694626827896,32.5255451226214
24,"mobile|simple|medium|one_to_one",-0.00118895236907424,32.5255451226214
24,"mobile|two_factor|medium|one_to_one",-2.98125074712896,32.5255451226214
24,"mobile|multi_factor|medium|one_to_one",-4.11852521196045,32.5255451226214
24,"web|multi_factor|medium|one_to_one",-7.30201871794503,32.5255451226214
24,"web|simple|high|one_to_one",-3.96255662551133,32.5255451226214
24,"mobile|two_factor|high|one_to_one",-3.75912491428663,32.5255451226214
24,"mobile|multi_factor|high|one_to_one",-4.89639937911813,32.5255451226214
24,"web|multi_factor|high|one_to_one",-8.07989288510271,32.5255451226214
24,"web|simple|medium|multi_person",-5.65905876071883,32.5255451226214
24,"mobile|two_factor|medium|multi_person",-5.45562704949414,32.5255451226214
24,"web|two_factor|high|multi_person",-9.41699472263639,32.5255451226214
24,"web|multi_factor|high|multi_person",-10.5542691874679,32.5255451226214
24,"web|simple|medium|one_to_one",-3.18468245835365,32.5255451226214
24,"web|two_factor|medium|one_to_one",-6.16474425311354,32.5255451226214
24,"mobile|simple|high|one_to_one",-0.77906311952675,32.5255451226214
24,"mobile|simple|low|multi_person",-0.21049280506818,32.5255451226214
24,"web|multi_factor|low|multi_person",-7.51132257064414,32.5255451226214
24,"web|two_factor|medium|multi_person",-8.63912055547872,32.5255451226214
24,"mobile|two_factor|low|one_to_one",-0.716178297462883,32.5255451226214
24,"web|two_factor|high|one_to_one",-6.94261842027121,32.5255451226214
24,"web|two_factor|low|one_to_one",-3.89967180344746,32.5255451226214
26,"web|simple|low|multi_person",-3.31053328469343,26.5057349555346
26,"mobile|two_factor|low|multi_person",-4.22638344053992,26.5057349555346
26,"web|two_factor|low|multi_person",-7.94244100159642,26.5057349555346
26,"mobile|multi_factor|low|multi_person",-6.2368210873855,26.5057349555346
26,"mobile|simple|medium|multi_person",-0.913178303739559,26.5057349555346
26,"mobile|multi_factor|medium|multi_person",-7.55552366748813,26.5057349555346
26,"web|multi_factor|medium|multi_person",-11.2715812285446,26.5057349555346
26,"mobile|simple|high|multi_person",-2.35103397470524,26.5057349555346
26,"web|simple|high|multi_person",-6.06709153576174,26.5057349555346
26,"mobile|two_factor|high|multi_person",-6.98294169160823,26.5057349555346
26,"mobile|multi_factor|high|multi_person",-8.99337933845381,26.5057349555346
26,"mobile|simple|low|one_to_one",2.27348898458421,26.5057349555346
26,"web|simple|low|one_to_one",-1.44256857647229,26.5057349555346
26,"mobile|multi_factor|low|one_to_one",-4.36885637916436,26.5057349555346
26,"web|multi_factor|low|one_to_one",-8.08491394022086,26.5057349555346
26,"mobile|simple|medium|one_to_one",0.954786404481575,26.5057349555346
26,"mobile|two_factor|medium|one_to_one",-3.67712131242142,26.5057349555346
26,"mobile|multi_factor|medium|one_to_one",-5.687558959267,26.5057349555346
26,"web|multi_factor|medium|one_to_one",-9.4036165203235,26.5057349555346
26,"web|simple|high|one_to_one",-4.1991268275406,26.5057349555346
26,"mobile|two_factor|high|one_to_one",-5.1149769833871,26.5057349555346
26,"mobile|multi_factor|high|one_to_one",-7.12541463023267,26.5057349555346
26,"web|multi_factor|high|one_to_one",-10.8414721912892,26.5057349555346
26,"web|simple|medium|multi_person",-4.62923586479606,26.5057349555346
26,"mobile|two_factor|medium|multi_person",-5.54508602064255,26.5057349555346
26,"web|two_factor|high|multi_person",-10.6989992526647,26.5057349555346
26,"web|multi_factor|high|multi_person",-12.7094368995103,26.5057349555346
26,"web|simple|medium|one_to_one",-2.76127115657492,26.5057349555346
26,"web|two_factor|medium|one_to_one",-7.39317887347792,26.5057349555346
26,"mobile|simple|high|one_to_one",-0.483069266484103,26.5057349555346
26,"mobile|simple|low|multi_person",0.405524276363074,26.5057349555346
26,"web|multi_factor|low|multi_person",-9.952878648442,26.5057349555346
26,"web|two_factor|medium|multi_person",-9.26114358169906,26.5057349555346
26,"mobile|two_factor|low|one_to_one",-2.35841873231879,26.5057349555346
26,"web|two_factor|high|one_to_one",-8.8310345444436,26.5057349555346
26,"web|two_factor|low|one_to_one",-6.07447629337529,26.5057349555346
27,"web|simple|low|multi_person",-5.78260505365841,27.4463854332796
27,"mobile|two_factor|low|multi_person",-2.8819208244118,27.4463854332796
27,"web|two_factor|low|multi_person",-7.78871901829996,27.4463854332796
27,"mobile|multi_factor|low|multi_person",-4.98641274014115,27.4463854332796
27,"mobile|simple|medium|multi_person",-2.09795376263722,27.4463854332796
27,"mobile|multi_factor|medium|multi_person",-6.20855964300812,27.4463854332796
27,"web|multi_factor|medium|multi_person",-11.1153578368963,27.4463854332796
27,"mobile|simple|high|multi_person",-2.13837717113635,27.4463854332796
27,"web|simple|high|multi_person",-7.04517536502451,27.4463854332796
27,"mobile|two_factor|high|multi_person",-4.14449113577791,27.4463854332796
27,"mobile|multi_factor|high|multi_person",-6.24898305150725,27.4463854332796
27,"mobile|simple|low|one_to_one",0.314778967488724,27.4463854332796
27,"web|simple|low|one_to_one",-4.59201922639944,27.4463854332796
27,"mobile|multi_factor|low|one_to_one",-3.79582691288218,27.4463854332796
27,"web|multi_factor|low|one_to_one",-8.70262510677034,27.4463854332796
27,"mobile|simple|medium|one_to_one",-0.907367935378254,27.4463854332796
27,"mobile|two_factor|medium|one_to_one",-2.91348190001981,27.4463854332796
27,"mobile|multi_factor|medium|one_to_one",-5.01797381574915,27.4463854332796
27,"web|multi_factor|medium|one_to_one",-9.92477200963731,27.4463854332796
27,"web|simple|high|one_to_one",-5.85458953776554,27.4463854332796
27,"mobile|two_factor|high|one_to_one",-2.95390530851894,27.4463854332796
27,"mobile|multi_factor|high|one_to_one",-5.05839722424828,27.4463854332796
27,"web|multi_factor|high|one_to_one",-9.96519541813644,27.4463854332796
27,"web|simple|medium|multi_person",-7.00475195652538,27.4463854332796
27,"mobile|two_factor|medium|multi_person",-4.10406772727878,27.4463854332796
27,"web|two_factor|high|multi_person",-9.05128932966607,27.4463854332796
27,"web|multi_factor|high|multi_person",-11.1557812453954,27.4463854332796
27,"web|simple|medium|one_to_one",-5.81416612926641,27.4463854332796
27,"web|two_factor|medium|one_to_one",-7.82028009390797,27.4463854332796
27,"mobile|simple|high|one_to_one",-0.947791343877384,27.4463854332796
27,"mobile|simple|low|multi_person",-0.875806859770246,27.4463854332796
27,"web|multi_factor|low|multi_person",-9.8932109340293,27.4463854332796
27,"web|two_factor|medium|multi_person",-9.01086592116694,27.4463854332796
27,"mobile|two_factor|low|one_to_one",-1.69133499715283,27.4463854332796
27,"web|two_factor|high|one_to_one",-7.8607035024071,27.4463854332796
27,"web|two_factor|low|one_to_one",-6.59813319104099,27.4463854332796
28,"web|simple|low|multi_person",-3.57071690594936,33.0257437149394
28,"mobile|two_factor|low|multi_person",-1.7074626842901,33.0257437149394
28,"web|two_factor|low|multi_person",-5.52210907255444,33.0257437149394
28,"mobile|multi_factor|low|multi_person",-3.19694751123992,33.0257437149394
28,"mobile|simple|medium|multi_person",-2.07840959457081,33.0257437149394
28,"mobile|multi_factor|medium|multi_person",-5.51928658812571,33.0257437149394
28,"web|multi_factor|medium|multi_person",-9.33393297639005,33.0257437149394
28,"mobile|simple|high|multi_person",-3.15166336709138,33.0257437149394
28,"web|simple|high|multi_person",-6.96630975535572,33.0257437149394
28,"mobile|two_factor|high|multi_person",-5.10305553369646,33.0257437149394
28,"mobile|multi_factor|high|multi_person",-6.59254036064628,33.0257437149394
28,"mobile|simple|low|one_to_one",2.3656490274345,33.0257437149394
28,"web|simple|low|one_to_one",-1.44899736082984,33.0257437149394
28,"mobile|multi_factor|low|one_to_one",-1.0752279661204,33.0257437149394
28,"web|multi_factor|low|one_to_one",-4.88987435438474,33.0257437149394
28,"mobile|simple|medium|one_to_one",0.043309950548712,33.0257437149394
28,"mobile|two_factor|medium|one_to_one",-1.90808221605637,33.0257437149394
28,"mobile|multi_factor|medium|one_to_one",-3.39756704300619,33.0257437149394
28,"web|multi_factor|medium|one_to_one",-7.21221343127053,33.0257437149394
28,"web|simple|high|one_to_one",-4.8445902102362,33.0257437149394
28,"mobile|two_factor|high|one_to_one",-2.98133598857694,33.0257437149394
28,"mobile|multi_factor|high|one_to_one",-4.47082081552676,33.0257437149394
28,"web|multi_factor|high|one_to_one",-8.2854672037911,33.0257437149394
28,"web|simple|medium|multi_person",-5.89305598283515,33.0257437149394
28,"mobile|two_factor|medium|multi_person",-4.02980176117589,33.0257437149394
28,"web|two_factor|high|multi_person",-8.9177019219608,33.0257437149394
28,"web|multi_factor|high|multi_person",-10.4071867489106,33.0257437149394
28,"web|simple|medium|one_to_one",-3.77133643771563,33.0257437149394
28,"web|two_factor|medium|one_to_one",-5.72272860432071,33.0257437149394
28,"mobile|simple|high|one_to_one",-1.02994382197186,33.0257437149394
28,"mobile|simple|low|multi_person",0.24392948231498,33.0257437149394
28,"web|multi_factor|low|multi_person",-7.01159389950426,33.0257437149394
28,"web|two_factor|medium|multi_person",-7.84444814944023,33.0257437149394
28,"mobile|two_factor|low|one_to_one",0.414256860829416,33.0257437149394
28,"web|two_factor|high|one_to_one",-6.79598237684128,33.0257437149394
28,"web|two_factor|low|one_to_one",-3.40038952743492,33.0257437149394
29,"web|simple|low|multi_person",-2.79592207772708,30.2095698676884
29,"mobile|two_factor|low|multi_person",-3.50385171103065,30.2095698676884
29,"web|two_factor|low|multi_person",-6.76245218636397,30.2095698676884
29,"mobile|multi_factor|low|multi_person",-4.45151180642614,30.2095698676884
29,"mobile|simple|medium|multi_person",-1.64650804176901,30.2095698676884
29,"mobile|multi_factor|medium|multi_person",-6.56069824580139,30.2095698676884
29,"web|multi_factor|medium|multi_person",-9.81929872113471,30.2095698676884
29,"mobile|simple|high|multi_person",-2.55076702834419,30.2095698676884
29,"web|simple|high|multi_person",-5.80936750367751,30.2095698676884
29,"mobile|two_factor|high|multi_person",-6.51729713698108,30.2095698676884
29,"mobile|multi_factor|high|multi_person",-7.46495723237657,30.2095698676884
29,"mobile|simple|low|one_to_one",2.29273687429834,30.2095698676884
29,"web|simple|low|one_to_one",-0.965863601034981,30.2095698676884
29,"mobile|multi_factor|low|one_to_one",-2.62145332973404,30.2095698676884
29,"web|multi_factor|low|one_to_one",-5.88005380506736,30.2095698676884
29,"mobile|simple|medium|one_to_one",0.183550434923085,30.2095698676884
29,"mobile|two_factor|medium|one_to_one",-3.7829796737138,30.2095698676884
29,"mobile|multi_factor|medium|one_to_one",-4.7306397691093,30.2095698676884
29,"web|multi_factor|medium|one_to_one",-7.98924024444262,30.2095698676884
29,"web|simple|high|one_to_one",-3.97930902698541,30.2095698676884
29,"mobile|two_factor|high|one_to_one",-4.68723866028898,30.2095698676884
29,"mobile|multi_factor|high|one_to_one",-5.63489875568447,30.2095698676884
29,"web|multi_factor|high|one_to_one",-8.89349923101779,30.2095698676884
29,"web|simple|medium|multi_person",-4.90510851710233,30.2095698676884
29,"mobile|two_factor|medium|multi_person",-5.6130381504059,30.2095698676884
29,"web|two_factor|high|multi_person",-9.7758976123144,30.2095698676884
29,"web|multi_factor|high|multi_person",-10.7235577077099,30.2095698676884
29,"web|simple|medium|one_to_one",-3.07505004041024,30.2095698676884
29,"web|two_factor|medium|one_to_one",-7.04158014904712,30.2095698676884
29,"mobile|simple|high|one_to_one",-0.720708551652091,30.2095698676884
29,"mobile|simple|low|multi_person",0.462678397606241,30.2095698676884
29,"web|multi_factor|low|multi_person",-7.71011228175946,30.2095698676884
29,"web|two_factor|medium|multi_person",-8.87163862573922,30.2095698676884
29,"mobile|two_factor|low|one_to_one",-1.67379323433855,30.2095698676884
29,"web|two_factor|high|one_to_one",-7.9458391356223,30.2095698676884
29,"web|two_factor|low|one_to_one",-4.93239370967187,30.2095698676884
31,"web|simple|low|multi_person",-3.74117732607077,29.7827277686106
31,"mobile|two_factor|low|multi_person",-3.03819070511402,29.7827277686106
31,"web|two_factor|low|multi_person",-6.71451111797982,29.7827277686106
31,"mobile|multi_factor|low|multi_person",-5.32805470942023,29.7827277686106
31,"mobile|simple|medium|multi_person",-2.53191827500353,29.7827277686106
31,"mobile|multi_factor|medium|multi_person",-7.79511607121879,29.7827277686106
31,"web|multi_factor|medium|multi_person",-11.4714364840846,29.7827277686106
31,"mobile|simple|high|multi_person",-2.51581859868077,29.7827277686106
31,"web|simple|high|multi_person",-6.19213901154657,29.7827277686106
31,"mobile|two_factor|high|multi_person",-5.48915239058982,29.7827277686106
31,"mobile|multi_factor|high|multi_person",-7.77901639489603,29.7827277686106
31,"mobile|simple|low|one_to_one",2.15923946761583,29.7827277686106
31,"web|simple|low|one_to_one",-1.51708094524997,29.7827277686106
31,"mobile|multi_factor|low|one_to_one",-3.10395832859943,29.7827277686106
31,"web|multi_factor|low|one_to_one",-6.78027874146523,29.7827277686106
31,"mobile|simple|medium|one_to_one",-0.307821894182732,29.7827277686106
31,"mobile|two_factor|medium|one_to_one",-3.28115568609178,29.7827277686106
31,"mobile|multi_factor|medium|one_to_one",-5.57101969039799,29.7827277686106
31,"web|multi_factor|medium|one_to_one",-9.24734010326379,29.7827277686106
31,"web|simple|high|one_to_one",-3.96804263072577,29.7827277686106
31,"mobile|two_factor|high|one_to_one",-3.26505600976902,29.7827277686106
31,"mobile|multi_factor|high|one_to_one",-5.55492001407523,29.7827277686106
31,"web|multi_factor|high|one_to_one",-9.23124042694103,29.7827277686106
31,"web|simple|medium|multi_person",-6.20823868786933,29.7827277686106
31,"mobile|two_factor|medium|multi_person",-5.50525206691258,29.7827277686106
31,"web|two_factor|high|multi_person",-9.16547280345562,29.7827277686106
31,"web|multi_factor|high|multi_person",-11.4553368077618,29.7827277686106
31,"web|simple|medium|one_to_one",-3.98414230704853,29.7827277686106
31,"web|two_factor|medium|one_to_one",-6.95747609895758,29.7827277686106
31,"mobile|simple|high|one_to_one",-0.29172221785997,29.7827277686106
31,"mobile|simple|low|multi_person",-0.0648569132049697,29.7827277686106
31,"web|multi_factor|low|multi_person",-9.00437512228603,29.7827277686106
31,"web|two_factor|medium|multi_person",-9.18157247977838,29.7827277686106
31,"mobile|two_factor|low|one_to_one",-0.814094324293218,29.7827277686106
31,"web|two_factor|high|one_to_one",-6.94137642263482,29.7827277686106
31,"web|two_factor|low|one_to_one",-4.49041473715902,29.7827277686106
32,"web|simple|low|multi_person",-6.57754049880057,21.3267427874116
32,"mobile|two_factor|low|multi_person",-3.68999978638767,21.3267427874116
32,"web|two_factor|low|multi_person",-9.87763599820947,21.3267427874116
32,"mobile|multi_factor|low|multi_person",-6.2487829256384,21.3267427874116
32,"mobile|simple|medium|multi_person",-1.60283170846086,21.3267427874116
32,"mobile|multi_factor|medium|multi_person",-7.46171034712049,21.3267427874116
32,"web|multi_factor|medium|multi_person",-13.6493465589423,21.3267427874116
32,"mobile|simple|high|multi_person",-2.20498892220534,21.3267427874116
32,"web|simple|high|multi_person",-8.39262513402714,21.3267427874116
32,"mobile|two_factor|high|multi_person",-5.50508442161424,21.3267427874116
32,"mobile|multi_factor|high|multi_person",-8.06386756086497,21.3267427874116
32,"mobile|simple|low|one_to_one",1.00705449078969,21.3267427874116
32,"web|simple|low|one_to_one",-5.18058172103211,21.3267427874116
32,"mobile|multi_factor|low|one_to_one",-4.85182414786994,21.3267427874116
32,"web|multi_factor|low|one_to_one",-11.0394603596917,21.3267427874116
32,"mobile|simple|medium|one_to_one",-0.205872930692395,21.3267427874116
32,"mobile|two_factor|medium|one_to_one",-3.50596843010129,21.3267427874116
32,"mobile|multi_factor|medium|one_to_one",-6.06475156935203,21.3267427874116
32,"web|multi_factor|medium|one_to_one",-12.2523877811738,21.3267427874116
32,"web|simple|high|one_to_one",-6.99566635625868,21.3267427874116
32,"mobile|two_factor|high|one_to_one",-4.10812564384578,21.3267427874116
32,"mobile|multi_factor|high|one_to_one",-6.66690878309651,21.3267427874116
32,"web|multi_factor|high|one_to_one",-12.8545449949183,21.3267427874116
32,"web|simple|medium|multi_person",-7.79046792028266,21.3267427874116
32,"mobile|two_factor|medium|multi_person",-4.90292720786975,21.3267427874116
32,"web|two_factor|high|multi_person",-11.692720633436,21.3267427874116
32,"web|multi_factor|high|multi_person",-14.2515037726868,21.3267427874116
32,"web|simple|medium|one_to_one",-6.3935091425142,21.3267427874116
32,"web|two_factor|medium|one_to_one",-9.69360464192309,21.3267427874116
32,"mobile|simple|high|one_to_one",-0.80803014443688,21.3267427874116
32,"mobile|simple|low|multi_person",-0.38990428697877,21.3267427874116
32,"web|multi_factor|low|multi_person",-12.4364191374602,21.3267427874116
32,"web|two_factor|medium|multi_person",-11.0905634196916,21.3267427874116
32,"mobile|two_factor|low|one_to_one",-2.29304100861921,21.3267427874116
32,"web|two_factor|high|one_to_one",-10.2957618556676,21.3267427874116
32,"web|two_factor|low|one_to_one",-8.48067722044101,21.3267427874116
33,"web|simple|low|multi_person",-4.2828559403106,19.029553673764
33,"mobile|two_factor|low|multi_person",-4.5554308605971,19.029553673764
33,"web|two_factor|low|multi_person",-9.2202901073354,19.029553673764
33,"mobile|multi_factor|low|multi_person",-7.17901057993497,19.029553673764
33,"mobile|simple|medium|multi_person",-1.75272665889646,19.029553673764
33,"mobile|multi_factor|medium|multi_person",-9.31374054525913,19.029553673764
33,"web|multi_factor|medium|multi_person",-13.9785997919974,19.029553673764
33,"mobile|simple|high|multi_person",-2.22489157894263,19.029553673764
33,"web|simple|high|multi_person",-6.88975082568093,19.029553673764
33,"mobile|two_factor|high|multi_person",-7.16232574596743,19.029553673764
33,"mobile|multi_factor|high|multi_person",-9.7859054653053,19.029553673764
33,"mobile|simple|low|one_to_one",0.742965683983224,19.029553673764
33,"web|simple|low|one_to_one",-3.92189356275508,19.029553673764
33,"mobile|multi_factor|low|one_to_one",-6.81804820237945,19.029553673764
33,"web|multi_factor|low|one_to_one",-11.4829074491177,19.029553673764
33,"mobile|simple|medium|one_to_one",-1.39176428134093,19.029553673764
33,"mobile|two_factor|medium|one_to_one",-6.32919844836573,19.029553673764
33,"mobile|multi_factor|medium|one_to_one",-8.9527781677036,19.029553673764
33,"web|multi_factor|medium|one_to_one",-13.6176374144419,19.029553673764
33,"web|simple|high|one_to_one",-6.52878844812541,19.029553673764
33,"mobile|two_factor|high|one_to_one",-6.8013633684119,19.029553673764
33,"mobile|multi_factor|high|one_to_one",-9.42494308774978,19.029553673764
33,"web|multi_factor|high|one_to_one",-14.0898023344881,19.029553673764
33,"web|simple|medium|multi_person",-6.41758590563476,19.029553673764
33,"mobile|two_factor|medium|multi_person",-6.69016082592126,19.029553673764
33,"web|two_factor|high|multi_person",-11.8271849927057,19.029553673764
33,"web|multi_factor|high|multi_person",-14.4507647120436,19.029553673764
33,"web|simple|medium|one_to_one",-6.05662352807923,19.029553673764
33,"web|two_factor|medium|one_to_one",-10.994057695104,19.029553673764
33,"mobile|simple|high|one_to_one",-1.86392920138711,19.029553673764
33,"mobile|simple|low|multi_person",0.382003306427695,19.029553673764
33,"web|multi_factor|low|multi_person",-11.8438698266733,19.029553673764
33,"web|two_factor|medium|multi_person",-11.3550200726596,19.029553673764
33,"mobile|two_factor|low|one_to_one",-4.19446848304157,19.029553673764
33,"web|two_factor|high|one_to_one",-11.4662226151502,19.029553673764
33,"web|two_factor|low|one_to_one",-8.85932772977987,19.029553673764
35,"web|simple|low|multi_person",-3.75221992692372,30.1071328569155
35,"mobile|two_factor|low|multi_person",-2.24846844834282,30.1071328569155
35,"web|two_factor|low|multi_person",-6.35368714022862,30.1071328569155
35,"mobile|multi_factor|low|multi_person",-4.14239215123152,30.1071328569155
35,"mobile|simple|medium|multi_person",-1.79474100225859,30.1071328569155
35,"mobile|multi_factor|medium|multi_person",-6.29013191845219,30.1071328569155
35,"web|multi_factor|medium|multi_person",-10.395350610338,30.1071328569155
35,"mobile|simple|high|multi_person",-1.95466767511902,30.1071328569155
35,"web|simple|high|multi_person",-6.05988636700482,30.1071328569155
35,"mobile|two_factor|high|multi_person",-4.55613488842392,30.1071328569155
35,"mobile|multi_factor|high|multi_person",-6.45005859131262,30.1071328569155
35,"mobile|simple|low|one_to_one",1.52141366659192,30.1071328569155
35,"web|simple|low|one_to_one",-2.58380502529388,30.1071328569155
35,"mobile|multi_factor|low|one_to_one",-2.97397724960168,30.1071328569155
35,"web|multi_factor|low|one_to_one",-7.07919594148747,30.1071328569155
35,"mobile|simple|medium|one_to_one",-0.626326100628742,30.1071328569155
35,"mobile|two_factor|medium|one_to_one",-3.22779331393364,30.1071328569155
35,"mobile|multi_factor|medium|one_to_one",-5.12171701682234,30.1071328569155
35,"web|multi_factor|medium|one_to_one",-9.22693570870814,30.1071328569155
35,"web|simple|high|one_to_one",-4.89147146537497,30.1071328569155
35,"mobile|two_factor|high|one_to_one",-3.38771998679407,30.1071328569155
35,"mobile|multi_factor|high|one_to_one",-5.28164368968277,30.1071328569155
35,"web|multi_factor|high|one_to_one",-9.38686238156857,30.1071328569155
35,"web|simple|medium|multi_person",-5.89995969414439,30.1071328569155
35,"mobile|two_factor|medium|multi_person",-4.39620821556349,30.1071328569155
35,"web|two_factor|high|multi_person",-8.66135358030972,30.1071328569155
35,"web|multi_factor|high|multi_person",-10.5552772831984,30.1071328569155
35,"web|simple|medium|one_to_one",-4.73154479251454,30.1071328569155
35,"web|two_factor|medium|one_to_one",-7.33301200581944,30.1071328569155
35,"mobile|simple|high|one_to_one",-0.786252773489171,30.1071328569155
35,"mobile|simple|low|multi_person",0.352998764962076,30.1071328569155
35,"web|multi_factor|low|multi_person",-8.24761084311732,30.1071328569155
35,"web|two_factor|medium|multi_person",-8.50142690744929,30.1071328569155
35,"mobile|two_factor|low|one_to_one",-1.08005354671298,30.1071328569155
35,"web|two_factor|high|one_to_one",-7.49293867867987,30.1071328569155
35,"web|two_factor|low|one_to_one",-5.18527223859878,30.1071328569155
36,"web|simple|low|multi_person",-2.89757836869823,30.6608517235324
36,"mobile|two_factor|low|multi_person",-3.07347459108083,30.6608517235324
36,"web|two_factor|low|multi_person",-6.56353731643597,30.6608517235324
36,"mobile|multi_factor|low|multi_person",-4.64772102708587,30.6608517235324
36,"mobile|simple|medium|multi_person",-1.6870501688046,30.6608517235324
36,"mobile|multi_factor|medium|multi_person",-6.92725555254738,30.6608517235324
36,"web|multi_factor|medium|multi_person",-10.4173182779025,30.6608517235324
36,"mobile|simple|high|multi_person",-2.44823172826366,30.6608517235324
36,"web|simple|high|multi_person",-5.9382944536188,30.6608517235324
36,"mobile|two_factor|high|multi_person",-6.1141906760014,30.6608517235324
36,"mobile|multi_factor|high|multi_person",-7.68843711200644,30.6608517235324
36,"mobile|simple|low|one_to_one",2.55213832860803,30.6608517235324
36,"web|simple|low|one_to_one",-0.937924396747112,30.6608517235324
36,"mobile|multi_factor|low|one_to_one",-2.68806705513475,30.6608517235324
36,"web|multi_factor|low|one_to_one",-6.17812978048989,30.6608517235324
36,"mobile|simple|medium|one_to_one",0.272603803146517,30.6608517235324
36,"mobile|two_factor|medium|one_to_one",-3.39335514459122,30.6608517235324
36,"mobile|multi_factor|medium|one_to_one",-4.96760158059626,30.6608517235324
36,"web|multi_factor|medium|one_to_one",-8.4576643059514,30.6608517235324
36,"web|simple|high|one_to_one",-3.97864048166768,30.6608517235324
36,"mobile|two_factor|high|one_to_one",-4.15453670405028,30.6608517235324
36,"mobile|multi_factor|high|one_to_one",-5.72878314005532,30.6608517235324
36,"web|multi_factor|high|one_to_one",-9.21884586541046,30.6608517235324
36,"web|simple|medium|multi_person",-5.17711289415974,30.6608517235324
36,"mobile|two_factor|medium|multi_person",-5.35300911654234,30.6608517235324
36,"web|two_factor|high|multi_person",-9.60425340135654,30.6608517235324
36,"web|multi_factor|high|multi_person",-11.1784998373616,30.6608517235324
36,"web|simple|medium|one_to_one",-3.21745892220862,30.6608517235324
36,"web|two_factor|medium|one_to_one",-6.88341786994636,30.6608517235324
36,"mobile|simple|high|one_to_one",-0.488577756312542,30.6608517235324
36,"mobile|simple|low|multi_person",0.592484356656912,30.6608517235324
36,"web|multi_factor|low|multi_person",-8.13778375244101,30.6608517235324
36,"web|two_factor|medium|multi_person",-8.84307184189748,30.6608517235324
36,"mobile|two_factor|low|one_to_one",-1.11382061912971,30.6608517235324
36,"web|two_factor|high|one_to_one",-7.64459942940542,30.6608517235324
36,"web|two_factor|low|one_to_one",-4.60388334448485,30.6608517235324
37,"web|simple|low|multi_person",-6.73075433968145,20.3434621920743
37,"mobile|two_factor|low|multi_person",-5.33590464037856,20.3434621920743
37,"web|two_factor|low|multi_person",-11.4354623218136,20.3434621920743
37,"mobile|multi_factor|low|multi_person",-5.80293447976122,20.3434621920743
37,"mobile|simple|medium|multi_person",-1.89899401451923,20.3434621920743
37,"mobile|multi_factor|medium|multi_person",-7.07073183603404,20.3434621920743
37,"web|multi_factor|medium|multi_person",-13.1702895174691,20.3434621920743
37,"mobile|simple|high|multi_person",-2.47600237272639,20.3434621920743
37,"web|simple|high|multi_person",-8.57556005416143,20.3434621920743
37,"mobile|two_factor|high|multi_person",-7.18071035485854,20.3434621920743
37,"mobile|multi_factor|high|multi_person",-7.6477401942412,20.3434621920743
37,"mobile|simple|low|one_to_one",1.44276011407203,20.3434621920743
37,"web|simple|low|one_to_one",-4.65679756736301,20.3434621920743
37,"mobile|multi_factor|low|one_to_one",-3.72897770744278,20.3434621920743
37,"web|multi_factor|low|one_to_one",-9.82853538887782,20.3434621920743
37,"mobile|simple|medium|one_to_one",0.174962757799214,20.3434621920743
37,"mobile|two_factor|medium|one_to_one",-4.52974522433294,20.3434621920743
37,"mobile|multi_factor|medium|one_to_one",-4.9967750637156,20.3434621920743
37,"web|multi_factor|medium|one_to_one",-11.0963327451506,20.3434621920743
37,"web|simple|high|one_to_one",-6.501603281843,20.3434621920743
37,"mobile|two_factor|high|one_to_one",-5.1067535825401,20.3434621920743
37,"mobile|multi_factor|high|one_to_one",-5.57378342192276,20.3434621920743
37,"web|multi_factor|high|one_to_one",-11.6733411033578,20.3434621920743
37,"web|simple|medium|multi_person",-7.99855169595427,20.3434621920743
37,"mobile|two_factor|medium|multi_person",-6.60370199665138,20.3434621920743
37,"web|two_factor|high|multi_person",-13.2802680362936,20.3434621920743
37,"web|multi_factor|high|multi_person",-13.7472978756762,20.3434621920743
37,"web|simple|medium|one_to_one",-5.92459492363583,20.3434621920743
37,"web|two_factor|medium|one_to_one",-10.629302905768,20.3434621920743
37,"mobile|simple|high|one_to_one",-0.402045600407953,20.3434621920743
37,"mobile|simple|low|multi_person",-0.63119665824641,20.3434621920743
37,"web|multi_factor|low|multi_person",-11.9024921611963,20.3434621920743
37,"web|two_factor|medium|multi_person",-12.7032596780864,20.3434621920743
37,"mobile|two_factor|low|one_to_one",-3.26194786806012,20.3434621920743
37,"web|two_factor|high|one_to_one",-11.2063112639751,20.3434621920743
37,"web|two_factor|low|one_to_one",-9.36150554949516,20.3434621920743
38,"web|simple|low|multi_person",-6.17297536396384,15.8238640670435
38,"mobile|two_factor|low|multi_person",-5.58757952586782,15.8238640670435
38,"web|two_factor|low|multi_person",-11.6420887873652,15.8238640670435
38,"mobile|multi_factor|low|multi_person",-7.11460377076508,15.8238640670435
38,"mobile|simple|medium|multi_person",-1.81913505494478,15.8238640670435
38,"mobile|multi_factor|medium|multi_person",-8.81527272324339,15.8238640670435
38,"web|multi_factor|medium|multi_person",-14.8697819847408,15.8238640670435
38,"mobile|simple|high|multi_person",-2.18222887066419,15.8238640670435
38,"web|simple|high|multi_person",-8.23673813216157,15.8238640670435
38,"mobile|two_factor|high|multi_person",-7.65134229406554,15.8238640670435
38,"mobile|multi_factor|high|multi_person",-9.1783665389628,15.8238640670435
38,"mobile|simple|low|one_to_one",0.367876426448006,15.8238640670435
38,"web|simple|low|one_to_one",-5.68663283504937,15.8238640670435
38,"mobile|multi_factor|low|one_to_one",-6.6282612418506,15.8238640670435
38,"web|multi_factor|low|one_to_one",-12.682770503348,15.8238640670435
38,"mobile|simple|medium|one_to_one",-1.33279252603031,15.8238640670435
38,"mobile|two_factor|medium|one_to_one",-6.80190594943166,15.8238640670435
38,"mobile|multi_factor|medium|one_to_one",-8.32893019432892,15.8238640670435
38,"web|multi_factor|medium|one_to_one",-14.3834394558263,15.8238640670435
38,"web|simple|high|one_to_one",-7.7503956032471,15.8238640670435
38,"mobile|two_factor|high|one_to_one",-7.16499976515107,15.8238640670435
38,"mobile|multi_factor|high|one_to_one",-8.69202401004833,15.8238640670435
38,"web|multi_factor|high|one_to_one",-14.7465332715457,15.8238640670435
38,"web|simple|medium|multi_person",-7.87364431644216,15.8238640670435
38,"mobile|two_factor|medium|multi_person",-7.28824847834613,15.8238640670435
38,"web|two_factor|high|multi_person",-13.7058515555629,15.8238640670435
38,"web|multi_factor|high|multi_person",-15.2328758004602,15.8238640670435
38,"web|simple|medium|one_to_one",-7.38730178752769,15.8238640670435
38,"web|two_factor|medium|one_to_one",-12.856415210929,15.8238640670435
38,"mobile|simple|high|one_to_one",-1.69588634174972,15.8238640670435
38,"mobile|simple|low|multi_person",-0.118466102466466,15.8238640670435
38,"web|multi_factor|low|multi_person",-13.1691130322625,15.8238640670435
38,"web|two_factor|medium|multi_person",-13.3427577398435,15.8238640670435
38,"mobile|two_factor|low|one_to_one",-5.10123699695334,15.8238640670435
38,"web|two_factor|high|one_to_one",-13.2195090266485,15.8238640670435
38,"web|two_factor|low|one_to_one",-11.1557462584507,15.8238640670435
39,"web|simple|low|multi_person",-5.09047605524248,31.132647969279
39,"mobile|two_factor|low|multi_person",-2.80489721204844,31.132647969279
39,"web|two_factor|low|multi_person",-7.17286340779534,31.132647969279
39,"mobile|multi_factor|low|multi_person",-3.78975905928927,31.132647969279
39,"mobile|simple|medium|multi_person",-1.94068725209085,31.132647969279
39,"mobile|multi_factor|medium|multi_person",-5.00793645188454,31.132647969279
39,"web|multi_factor|medium|multi_person",-9.37590264763144,31.132647969279
39,"mobile|simple|high|multi_person",-3.10194988686987,31.132647969279
39,"web|simple|high|multi_person",-7.46991608261677,31.132647969279
39,"mobile|two_factor|high|multi_person",-5.18433723942273,31.132647969279
39,"mobile|multi_factor|high|multi_person",-6.16919908666356,31.132647969279
39,"mobile|simple|low|one_to_one",1.80396520201926,31.132647969279
39,"web|simple|low|one_to_one",-2.56400099372764,31.132647969279
39,"mobile|multi_factor|low|one_to_one",-1.26328399777443,31.132647969279
39,"web|multi_factor|low|one_to_one",-5.63125019352133,31.132647969279
39,"mobile|simple|medium|one_to_one",0.585787809423988,31.132647969279
39,"mobile|two_factor|medium|one_to_one",-1.49659954312887,31.132647969279
39,"mobile|multi_factor|medium|one_to_one",-2.4814613903697,31.132647969279
39,"web|multi_factor|medium|one_to_one",-6.8494275861166,31.132647969279
39,"web|simple|high|one_to_one",-4.94344102110193,31.132647969279
39,"mobile|two_factor|high|one_to_one",-2.65786217790789,31.132647969279
39,"mobile|multi_factor|high|one_to_one",-3.64272402514872,31.132647969279
39,"web|multi_factor|high|one_to_one",-8.01069022089562,31.132647969279
39,"web|simple|medium|multi_person",-6.30865344783775,31.132647969279
39,"mobile|two_factor|medium|multi_person",-4.02307460464371,31.132647969279
39,"web|two_factor|high|multi_person",-9.55230343516963,31.132647969279
39,"web|multi_factor|high|multi_person",-10.5371652824105,31.132647969279
39,"web|simple|medium|one_to_one",-3.78217838632291,31.132647969279
39,"web|two_factor|medium|one_to_one",-5.86456573887578,31.132647969279
39,"mobile|simple|high|one_to_one",-0.575474825355031,31.132647969279
39,"mobile|simple|low|multi_person",-0.72250985949558,31.132647969279
39,"web|multi_factor|low|multi_person",-8.15772525503617,31.132647969279
39,"web|two_factor|medium|multi_person",-8.39104080039062,31.132647969279
39,"mobile|two_factor|low|one_to_one",-0.278422150533603,31.132647969279
39,"web|two_factor|high|one_to_one",-7.02582837365479,31.132647969279
39,"web|two_factor|low|one_to_one",-4.6463883462805,31.132647969279
41,"web|simple|low|multi_person",-4.11197856513496,24.9111798974704
41,"mobile|two_factor|low|multi_person",-4.74619654819077,24.9111798974704
41,"web|two_factor|low|multi_person",-9.33258441495623,24.9111798974704
41,"mobile|multi_factor|low|multi_person",-5.08346455415156,24.9111798974704
41,"mobile|simple|medium|multi_person",-1.73281072226669,24.9111798974704
41,"mobile|multi_factor|medium|multi_person",-7.29068457804875,24.9111798974704
41,"web|multi_factor|medium|multi_person",-11.8770724448142,24.9111798974704
41,"mobile|simple|high|multi_person",-2.79244871337087,24.9111798974704
41,"web|simple|high|multi_person",-7.37883658013633,24.9111798974704
41,"mobile|two_factor|high|multi_person",-8.01305456319214,24.9111798974704
41,"mobile|multi_factor|high|multi_person",-8.35032256915293,24.9111798974704
41,"mobile|simple|low|one_to_one",2.79287245381182,24.9111798974704
41,"web|simple|low|one_to_one",-1.79351541295364,24.9111798974704
41,"mobile|multi_factor|low|one_to_one",-2.76500140197024,24.9111798974704
41,"web|multi_factor|low|one_to_one",-7.3513892687357,24.9111798974704
41,"mobile|simple|medium|one_to_one",0.58565242991463,24.9111798974704
41,"mobile|two_factor|medium|one_to_one",-4.63495341990664,24.9111798974704
41,"mobile|multi_factor|medium|one_to_one",-4.97222142586743,24.9111798974704
41,"web|multi_factor|medium|one_to_one",-9.55860929263289,24.9111798974704
41,"web|simple|high|one_to_one",-5.06037342795501,24.9111798974704
41,"mobile|two_factor|high|one_to_one",-5.69459141101082,24.9111798974704
41,"mobile|multi_factor|high|one_to_one",-6.03185941697161,24.9111798974704
41,"web|multi_factor|high|one_to_one",-10.6182472837371,24.9111798974704
41,"web|simple|medium|multi_person",-6.31919858903215,24.9111798974704
41,"mobile|two_factor|medium|multi_person",-6.95341657208796,24.9111798974704
41,"web|two_factor|high|multi_person",-12.5994424299576,24.9111798974704
41,"web|multi_factor|high|multi_person",-12.9367104359184,24.9111798974704
41,"web|simple|medium|one_to_one",-4.00073543685083,24.9111798974704
41,"web|two_factor|medium|one_to_one",-9.2213412866721,24.9111798974704
41,"mobile|simple|high|one_to_one",-0.47398556118955,24.9111798974704
41,"mobile|simple|low|multi_person",0.4744093016305,24.9111798974704
41,"web|multi_factor|low|multi_person",-9.66985242091702,24.9111798974704
41,"web|two_factor|medium|multi_person",-11.5398044388534,24.9111798974704
41,"mobile|two_factor|low|one_to_one",-2.42773339600945,24.9111798974704
41,"web|two_factor|high|one_to_one",-10.2809792777763,24.9111798974704
41,"web|two_factor|low|one_to_one",-7.01412126277491,24.9111798974704
42,"web|simple|low|multi_person",-3.40637458955221,19.7750986369758
42,"mobile|two_factor|low|multi_person",-4.99346510199802,19.7750986369758
42,"web|two_factor|low|multi_person",-9.03909364603316,19.7750986369758
42,"mobile|multi_factor|low|multi_person",-6.68096546325762,19.7750986369758
42,"mobile|simple|medium|multi_person",-2.78885228906097,19.7750986369758
42,"mobile|multi_factor|medium|multi_person",-10.1090717068015,19.7750986369758
42,"web|multi_factor|medium|multi_person",-14.1547002508367,19.7750986369758
42,"mobile|simple|high|multi_person",-2.98758633156077,19.7750986369758
42,"web|simple|high|multi_person",-7.03321487559591,19.7750986369758
42,"mobile|two_factor|high|multi_person",-8.62030538804172,19.7750986369758
42,"mobile|multi_factor|high|multi_person",-10.3078057493013,19.7750986369758
42,"mobile|simple|low|one_to_one",1.69391911902585,19.7750986369758
42,"web|simple|low|one_to_one",-2.35170942500929,19.7750986369758
42,"mobile|multi_factor|low|one_to_one",-5.6263002987147,19.7750986369758
42,"web|multi_factor|low|one_to_one",-9.67192884274984,19.7750986369758
42,"mobile|simple|medium|one_to_one",-1.73418712451805,19.7750986369758
42,"mobile|two_factor|medium|one_to_one",-7.366906180999,19.7750986369758
42,"mobile|multi_factor|medium|one_to_one",-9.0544065422586,19.7750986369758
42,"web|multi_factor|medium|one_to_one",-13.1000350862937,19.7750986369758
42,"web|simple|high|one_to_one",-5.97854971105299,19.7750986369758
42,"mobile|two_factor|high|one_to_one",-7.5656402234988,19.7750986369758
42,"mobile|multi_factor|high|one_to_one",-9.2531405847584,19.7750986369758
42,"web|multi_factor|high|one_to_one",-13.2987691287935,19.7750986369758
42,"web|simple|medium|multi_person",-6.83448083309611,19.7750986369758
42,"mobile|two_factor|medium|multi_person",-8.42157134554192,19.7750986369758
42,"web|two_factor|high|multi_person",-12.6659339320769,19.7750986369758
42,"web|multi_factor|high|multi_person",-14.3534342933365,19.7750986369758
42,"web|simple|medium|one_to_one",-5.77981566855319,19.7750986369758
42,"web|two_factor|medium|one_to_one",-11.4125347250341,19.7750986369758
42,"mobile|simple|high|one_to_one",-1.93292116701785,19.7750986369758
42,"mobile|simple|low|multi_person",0.639253954482931,19.7750986369758
42,"web|multi_factor|low|multi_person",-10.7265940072928,19.7750986369758
42,"web|two_factor|medium|multi_person",-12.4671998895771,19.7750986369758
42,"mobile|two_factor|low|one_to_one",-3.9387999374551,19.7750986369758
42,"web|two_factor|high|one_to_one",-11.6112687675339,19.7750986369758
42,"web|two_factor|low|one_to_one",-7.98442848149024,19.7750986369758
43,"web|simple|low|multi_person",-6.10013393527921,17.8601936349098
43,"mobile|two_factor|low|multi_person",-5.06408321440511,17.8601936349098
43,"web|two_factor|low|multi_person",-10.0092456085406,17.8601936349098
43,"mobile|multi_factor|low|multi_person",-7.16311446321772,17.8601936349098
43,"mobile|simple|medium|multi_person",-4.26375584091776,17.8601936349098
43,"mobile|multi_factor|medium|multi_person",-10.2718987629918,17.8601936349098
43,"web|multi_factor|medium|multi_person",-15.2170611571273,17.8601936349098
43,"mobile|simple|high|multi_person",-2.90569978310337,17.8601936349098
43,"web|simple|high|multi_person",-7.85086217723889,17.8601936349098
43,"mobile|two_factor|high|multi_person",-6.81481145636478,17.8601936349098
43,"mobile|multi_factor|high|multi_person",-8.9138427051774,17.8601936349098
43,"mobile|simple|low|one_to_one",0.631144736696394,17.8601936349098
43,"web|simple|low|one_to_one",-4.31401765743913,17.8601936349098
43,"mobile|multi_factor|low|one_to_one",-5.37699818537764,17.8601936349098
43,"web|multi_factor|low|one_to_one",-10.3221605795132,17.8601936349098
43,"mobile|simple|medium|one_to_one",-2.47763956307768,17.8601936349098
43,"mobile|two_factor|medium|one_to_one",-6.38675123633909,17.8601936349098
43,"mobile|multi_factor|medium|one_to_one",-8.48578248515171,17.8601936349098
43,"web|multi_factor|medium|one_to_one",-13.4309448792872,17.8601936349098
43,"web|simple|high|one_to_one",-6.0647458993988,17.8601936349098
43,"mobile|two_factor|high|one_to_one",-5.0286951785247,17.8601936349098
43,"mobile|multi_factor|high|one_to_one",-7.12772642733731,17.8601936349098
43,"web|multi_factor|high|one_to_one",-12.0728888214728,17.8601936349098
43,"web|simple|medium|multi_person",-9.20891823505328,17.8601936349098
43,"mobile|two_factor|medium|multi_person",-8.17286751417918,17.8601936349098
43,"web|two_factor|high|multi_person",-11.7599738505003,17.8601936349098
43,"web|multi_factor|high|multi_person",-13.8590050993129,17.8601936349098
43,"web|simple|medium|one_to_one",-7.4228019572132,17.8601936349098
43,"web|two_factor|medium|one_to_one",-11.3319136304746,17.8601936349098
43,"mobile|simple|high|one_to_one",-1.11958350526328,17.8601936349098
43,"mobile|simple|low|multi_person",-1.15497154114369,17.8601936349098
43,"web|multi_factor|low|multi_person",-12.1082768573532,17.8601936349098
43,"web|two_factor|medium|multi_person",-13.1180299083147,17.8601936349098
43,"mobile|two_factor|low|one_to_one",-3.27796693656502,17.8601936349098
43,"web|two_factor|high|one_to_one",-9.97385757266021,17.8601936349098
43,"web|two_factor|low|one_to_one",-8.22312933070054,17.8601936349098
44,"web|simple|low|multi_person",-7.19971064100822,13.7345415508606
44,"mobile|two_factor|low|multi_person",-7.28835150591184,13.7345415508606
44,"web|two_factor|low|multi_person",-11.9280907462504,13.7345415508606
44,"mobile|multi_factor|low|multi_person",-8.49921324940871,13.7345415508606
44,"mobile|simple|medium|multi_person",-3.34849209671754,13.7345415508606
44,"mobile|multi_factor|medium|multi_person",-9.28773394545663,13.7345415508606
44,"web|multi_factor|medium|multi_person",-13.9274731857952,13.7345415508606
44,"mobile|simple|high|multi_person",-4.67134324303449,13.7345415508606
44,"web|simple|high|multi_person",-9.31108248337309,13.7345415508606
44,"mobile|two_factor|high|multi_person",-9.39972334827671,13.7345415508606
44,"mobile|multi_factor|high|multi_person",-10.6105850917736,13.7345415508606
44,"mobile|simple|low|one_to_one",-0.77042890871615,13.7345415508606
44,"web|simple|low|one_to_one",-5.41016814905475,13.7345415508606
44,"mobile|multi_factor|low|one_to_one",-6.70967075745524,13.7345415508606
44,"web|multi_factor|low|one_to_one",-11.3494099977938,13.7345415508606
44,"mobile|simple|medium|one_to_one",-1.55894960476407,13.7345415508606
44,"mobile|two_factor|medium|one_to_one",-6.28732971000629,13.7345415508606
44,"mobile|multi_factor|medium|one_to_one",-7.49819145350316,13.7345415508606
44,"web|multi_factor|medium|one_to_one",-12.1379306938418,13.7345415508606
44,"web|simple|high|one_to_one",-7.52153999141961,13.7345415508606
44,"mobile|two_factor|high|one_to_one",-7.61018085632323,13.7345415508606
44,"mobile|multi_factor|high|one_to_one",-8.8210425998201,13.7345415508606
44,"web|multi_factor|high|one_to_one",-13.4607818401587,13.7345415508606
44,"web|simple|medium|multi_person",-7.98823133705614,13.7345415508606
44,"mobile|two_factor|medium|multi_person",-8.07687220195976,13.7345415508606
44,"web|two_factor|high|multi_person",-14.0394625886153,13.7345415508606
44,"web|multi_factor|high|multi_person",-15.2503243321122,13.7345415508606
44,"web|simple|medium|one_to_one",-6.19868884510267,13.7345415508606
44,"web|two_factor|medium|one_to_one",-10.9270689503449,13.7345415508606
44,"mobile|simple|high|one_to_one",-2.88180075108101,13.7345415508606
44,"mobile|simple|low|multi_person",-2.55997140066962,13.7345415508606
44,"web|multi_factor|low|multi_person",-13.1389524897473,13.7345415508606
44,"web|two_factor|medium|multi_person",-12.7166114422984,13.7345415508606
44,"mobile|two_factor|low|one_to_one",-5.49880901395837,13.7345415508606
44,"web|two_factor|high|one_to_one",-12.2499200966618,13.7345415508606
44,"web|two_factor|low|one_to_one",-10.138548254297,13.7345415508606
45,"web|simple|low|multi_person",-5.00683710283261,20.7466199001722
45,"mobile|two_factor|low|multi_person",-4.19050588527614,20.7466199001722
45,"web|two_factor|low|multi_person",-9.95531309818464,20.7466199001722
45,"mobile|multi_factor|low|multi_person",-6.21955485466737,20.7466199001722
45,"mobile|simple|medium|multi_person",-1.02632161818677,20.7466199001722
45,"mobile|multi_factor|medium|multi_person",-8.00384658293003,20.7466199001722
45,"web|multi_factor|medium|multi_person",-13.7686537958385,20.7466199001722
45,"mobile|simple|high|multi_person",-2.04917302751906,20.7466199001722
45,"web|simple|high|multi_person",-7.81398024042756,20.7466199001722
45,"mobile|two_factor|high|multi_person",-6.99764902287109,20.7466199001722
45,"mobile|multi_factor|high|multi_person",-9.02669799226232,20.7466199001722
45,"mobile|simple|low|one_to_one",1.91831803292865,20.7466199001722
45,"web|simple|low|one_to_one",-3.84648917997985,20.7466199001722
45,"mobile|multi_factor|low|one_to_one",-5.05920693181461,20.7466199001722
45,"web|multi_factor|low|one_to_one",-10.8240141447231,20.7466199001722
45,"mobile|simple|medium|one_to_one",0.134026304665993,20.7466199001722
45,"mobile|two_factor|medium|one_to_one",-4.81444969068604,20.7466199001722
45,"mobile|multi_factor|medium|one_to_one",-6.84349866007727,20.7466199001722
45,"web|multi_factor|medium|one_to_one",-12.6083058729858,20.7466199001722
45,"web|simple|high|one_to_one",-6.6536323175748,20.7466199001722
45,"mobile|two_factor|high|one_to_one",-5.83730110001834,20.7466199001722
45,"mobile|multi_factor|high|one_to_one",-7.86635006940956,20.7466199001722
45,"web|multi_factor|high|one_to_one",-13.6311572823181,20.7466199001722
45,"web|simple|medium|multi_person",-6.79112883109527,20.7466199001722
45,"mobile|two_factor|medium|multi_person",-5.9747976135388,20.7466199001722
45,"web|two_factor|high|multi_person",-12.7624562357796,20.7466199001722
45,"web|multi_factor|high|multi_person",-14.7915052051708,20.7466199001722
45,"web|simple|medium|one_to_one",-5.63078090824251,20.7466199001722
45,"web|two_factor|medium|one_to_one",-10.5792569035945,20.7466199001722
45,"mobile|simple|high|one_to_one",-0.8888251046663,20.7466199001722
45,"mobile|simple|low|multi_person",0.75797011007589,20.7466199001722
45,"web|multi_factor|low|multi_person",-11.9843620675759,20.7466199001722
45,"web|two_factor|medium|multi_person",-11.7396048264473,20.7466199001722
45,"mobile|two_factor|low|one_to_one",-3.03015796242338,20.7466199001722
45,"web|two_factor|high|one_to_one",-11.6021083129268,20.7466199001722
45,"web|two_factor|low|one_to_one",-8.79496517533189,20.7466199001722
46,"web|simple|low|multi_person",-4.31828344902537,32.6535809154527
46,"mobile|two_factor|low|multi_person",-2.45645271922634,32.6535809154527
46,"web|two_factor|low|multi_person",-6.42512957981166,32.6535809154527
46,"mobile|multi_factor|low|multi_person",-4.06855438843865,32.6535809154527
46,"mobile|simple|medium|multi_person",-2.03786300108685,32.6535809154527
46,"mobile|multi_factor|medium|multi_person",-5.75681080108545,32.6535809154527
46,"web|multi_factor|medium|multi_person",-9.72548766167077,32.6535809154527
46,"mobile|simple|high|multi_person",-2.52567459454246,32.6535809154527
46,"web|simple|high|multi_person",-6.49435145512778,32.6535809154527
46,"mobile|two_factor|high|multi_person",-4.63252072532875,32.6535809154527
46,"mobile|multi_factor|high|multi_person",-6.24462239454106,32.6535809154527
46,"mobile|simple|low|one_to_one",2.18331386987221,32.6535809154527
46,"web|simple|low|one_to_one",-1.78536299071311,32.6535809154527
46,"mobile|multi_factor|low|one_to_one",-1.53563393012639,32.6535809154527
46,"web|multi_factor|low|one_to_one",-5.50431079071171,32.6535809154527
46,"mobile|simple|medium|one_to_one",0.495057457225413,32.6535809154527
46,"mobile|two_factor|medium|one_to_one",-1.61178867356088,32.6535809154527
46,"mobile|multi_factor|medium|one_to_one",-3.22389034277319,32.6535809154527
46,"web|multi_factor|medium|one_to_one",-7.19256720335851,32.6535809154527
46,"web|simple|high|one_to_one",-3.96143099681552,32.6535809154527
46,"mobile|two_factor|high|one_to_one",-2.09960026701649,32.6535809154527
46,"mobile|multi_factor|high|one_to_one",-3.7117019362288,32.6535809154527
46,"web|multi_factor|high|one_to_one",-7.68037879681412,32.6535809154527
46,"web|simple|medium|multi_person",-6.00653986167217,32.6535809154527
46,"mobile|two_factor|medium|multi_person",-4.14470913187314,32.6535809154527
46,"web|two_factor|high|multi_person",-8.60119758591407,32.6535809154527
46,"web|multi_factor|high|multi_person",-10.2132992551264,32.6535809154527
46,"web|simple|medium|one_to_one",-3.47361940335991,32.6535809154527
46,"web|two_factor|medium|one_to_one",-5.5804655341462,32.6535809154527
46,"mobile|simple|high|one_to_one",0.00724586376980163,32.6535809154527
46,"mobile|simple|low|multi_person",-0.34960658844005,32.6535809154527
46,"web|multi_factor|low|multi_person",-8.03723124902397,32.6535809154527
46,"web|two_factor|medium|multi_person",-8.11338599245846,32.6535809154527
46,"mobile|two_factor|low|one_to_one",0.076467739085921,32.6535809154527
46,"web|two_factor|high|one_to_one",-6.06827712760181,32.6535809154527
46,"web|two_factor|low|one_to_one",-3.8922091214994,32.6535809154527
47,"web|simple|low|multi_person",-4.12606624365738,28.3983125364804
47,"mobile|two_factor|low|multi_person",-2.52792638153923,28.3983125364804
47,"web|two_factor|low|multi_person",-7.10860668487871,28.3983125364804
47,"mobile|multi_factor|low|multi_person",-3.96514104426019,28.3983125364804
47,"mobile|simple|medium|multi_person",-2.29858914320737,28.3983125364804
47,"mobile|multi_factor|medium|multi_person",-6.71834424714966,28.3983125364804
47,"web|multi_factor|medium|multi_person",-11.2990245504891,28.3983125364804
47,"mobile|simple|high|multi_person",-2.28609018821415,28.3983125364804
47,"web|simple|high|multi_person",-6.86677049155363,28.3983125364804
47,"mobile|two_factor|high|multi_person",-5.26863062943548,28.3983125364804
47,"mobile|multi_factor|high|multi_person",-6.70584529215644,28.3983125364804
47,"mobile|simple|low|one_to_one",1.787517502929,28.3983125364804
47,"web|simple|low|one_to_one",-2.79316280041047,28.3983125364804
47,"mobile|multi_factor|low|one_to_one",-2.63223760101329,28.3983125364804
47,"web|multi_factor|low|one_to_one",-7.21291790435277,28.3983125364804
47,"mobile|simple|medium|one_to_one",-0.965685699960465,28.3983125364804
47,"mobile|two_factor|medium|one_to_one",-3.9482261411818,28.3983125364804
47,"mobile|multi_factor|medium|one_to_one",-5.38544080390276,28.3983125364804
47,"web|multi_factor|medium|one_to_one",-9.96612110724223,28.3983125364804
47,"web|simple|high|one_to_one",-5.53386704830672,28.3983125364804
47,"mobile|two_factor|high|one_to_one",-3.93572718618858,28.3983125364804
47,"mobile|multi_factor|high|one_to_one",-5.37294184890954,28.3983125364804
47,"web|multi_factor|high|one_to_one",-9.95362215224901,28.3983125364804
47,"web|simple|medium|multi_person",-6.87926944654685,28.3983125364804
47,"mobile|two_factor|medium|multi_person",-5.2811295844287,28.3983125364804
47,"web|two_factor|high|multi_person",-9.84931093277496,28.3983125364804
47,"web|multi_factor|high|multi_person",-11.2865255954959,28.3983125364804
47,"web|simple|medium|one_to_one",-5.54636600329994,28.3983125364804
47,"web|two_factor|medium|one_to_one",-8.52890644452128,28.3983125364804
47,"mobile|simple|high|one_to_one",-0.953186744967246,28.3983125364804
47,"mobile|simple|low|multi_person",0.454614059682097,28.3983125364804
47,"web|multi_factor|low|multi_person",-8.54582134759967,28.3983125364804
47,"web|two_factor|medium|multi_person",-9.86180988776818,28.3983125364804
47,"mobile|two_factor|low|one_to_one",-1.19502293829233,28.3983125364804
47,"web|two_factor|high|one_to_one",-8.51640748952806,28.3983125364804
47,"web|two_factor|low|one_to_one",-5.77570324163181,28.3983125364804
48,"web|simple|low|multi_person",-3.54890805235608,32.4525829560723
48,"mobile|two_factor|low|multi_person",-2.0520814129854,32.4525829560723
48,"web|two_factor|low|multi_person",-5.9350555920449,32.4525829560723
48,"mobile|multi_factor|low|multi_person",-3.0544637570732,32.4525829560723
48,"mobile|simple|medium|multi_person",-2.64584573049671,32.4525829560723
48,"mobile|multi_factor|medium|multi_person",-6.03437561427333,32.4525829560723
48,"web|multi_factor|medium|multi_person",-9.91734979333283,32.4525829560723
48,"mobile|simple|high|multi_person",-3.31653415329195,32.4525829560723
48,"web|simple|high|multi_person",-7.19950833235145,32.4525829560723
48,"mobile|two_factor|high|multi_person",-5.70268169298077,32.4525829560723
48,"mobile|multi_factor|high|multi_person",-6.70506403706857,32.4525829560723
48,"mobile|simple|low|one_to_one",2.62234745536352,32.4525829560723
48,"web|simple|low|one_to_one",-1.26062672369598,32.4525829560723
48,"mobile|multi_factor|low|one_to_one",-0.7661824284131,32.4525829560723
48,"web|multi_factor|low|one_to_one",-4.6491566074726,32.4525829560723
48,"mobile|simple|medium|one_to_one",-0.357564401836614,32.4525829560723
48,"mobile|two_factor|medium|one_to_one",-2.74371194152543,32.4525829560723
48,"mobile|multi_factor|medium|one_to_one",-3.74609428561323,32.4525829560723
48,"web|multi_factor|medium|one_to_one",-7.62906846467273,32.4525829560723
48,"web|simple|high|one_to_one",-4.91122700369135,32.4525829560723
48,"mobile|two_factor|high|one_to_one",-3.41440036432067,32.4525829560723
48,"mobile|multi_factor|high|one_to_one",-4.41678270840847,32.4525829560723
48,"web|multi_factor|high|one_to_one",-8.29975688746797,32.4525829560723
48,"web|simple|medium|multi_person",-6.52881990955621,32.4525829560723
48,"mobile|two_factor|medium|multi_person",-5.03199327018553,32.4525829560723
48,"web|two_factor|high|multi_person",-9.58565587204027,32.4525829560723
48,"web|multi_factor|high|multi_person",-10.5880382161281,32.4525829560723
48,"web|simple|medium|one_to_one",-4.24053858089611,32.4525829560723
48,"web|two_factor|medium|one_to_one",-6.62668612058493,32.4525829560723
48,"mobile|simple|high|one_to_one",-1.02825282463185,32.4525829560723
48,"mobile|simple|low|multi_person",0.334066126703421,32.4525829560723
48,"web|multi_factor|low|multi_person",-6.9374379361327,32.4525829560723
48,"web|two_factor|medium|multi_person",-8.91496744924503,32.4525829560723
48,"mobile|two_factor|low|one_to_one",0.2361999156747,32.4525829560723
48,"web|two_factor|high|one_to_one",-7.29737454338017,32.4525829560723
48,"web|two_factor|low|one_to_one",-3.6467742633848,32.4525829560723
49,"web|simple|low|multi_person",-4.18619039176651,23.7256322096796
49,"mobile|two_factor|low|multi_person",-5.43091456177582,23.7256322096796
49,"web|two_factor|low|multi_person",-9.0864572102754,23.7256322096796
49,"mobile|multi_factor|low|multi_person",-8.25024894510554,23.7256322096796
49,"mobile|simple|medium|multi_person",-1.80641638203403,23.7256322096796
49,"mobile|multi_factor|medium|multi_person",-9.52601758387264,23.7256322096796
49,"web|multi_factor|medium|multi_person",-13.1815602323722,23.7256322096796
49,"mobile|simple|high|multi_person",-2.07514360621756,23.7256322096796
49,"web|simple|high|multi_person",-5.73068625471714,23.7256322096796
49,"mobile|two_factor|high|multi_person",-6.97541042472645,23.7256322096796
49,"mobile|multi_factor|high|multi_person",-9.79474480805616,23.7256322096796
49,"mobile|simple|low|one_to_one",1.24659899177974,23.7256322096796
49,"web|simple|low|one_to_one",-2.40894365671984,23.7256322096796
49,"mobile|multi_factor|low|one_to_one",-6.47300221005887,23.7256322096796
49,"web|multi_factor|low|one_to_one",-10.1285448585585,23.7256322096796
49,"mobile|simple|medium|one_to_one",-0.0291696469873703,23.7256322096796
49,"mobile|two_factor|medium|one_to_one",-4.92943646549627,23.7256322096796
49,"mobile|multi_factor|medium|one_to_one",-7.74877084882598,23.7256322096796
49,"web|multi_factor|medium|one_to_one",-11.4043134973256,23.7256322096796
49,"web|simple|high|one_to_one",-3.95343951967047,23.7256322096796
49,"mobile|two_factor|high|one_to_one",-5.19816368967979,23.7256322096796
49,"mobile|multi_factor|high|one_to_one",-8.0174980730095,23.7256322096796
49,"web|multi_factor|high|one_to_one",-11.6730407215091,23.7256322096796
49,"web|simple|medium|multi_person",-5.46195903053361,23.7256322096796
49,"mobile|two_factor|medium|multi_person",-6.70668320054293,23.7256322096796
49,"web|two_factor|high|multi_person",-10.630953073226,23.7256322096796
49,"web|multi_factor|high|multi_person",-13.4502874565557,23.7256322096796
49,"web|simple|medium|one_to_one",-3.68471229548695,23.7256322096796
49,"web|two_factor|medium|one_to_one",-8.58497911399585,23.7256322096796
49,"mobile|simple|high|one_to_one",-0.297896871170894,23.7256322096796
49,"mobile|simple|low|multi_person",-0.530647743266927,23.7256322096796
49,"web|multi_factor|low|multi_person",-11.9057915936051,23.7256322096796
49,"web|two_factor|medium|multi_person",-10.3622258490425,23.7256322096796
49,"mobile|two_factor|low|one_to_one",-3.65366782672916,23.7256322096796
49,"web|two_factor|high|one_to_one",-8.85370633817937,23.7256322096796
49,"web|two_factor|low|one_to_one",-7.30921047522874,23.7256322096796
50,"web|simple|low|multi_person",-5.99366591818087,13.4919965249911
50,"mobile|two_factor|low|multi_person",-7.13783719237081,13.4919965249911
50,"web|two_factor|low|multi_person",-12.4640566172203,13.4919965249911
50,"mobile|multi_factor|low|multi_person",-9.20705199686618,13.4919965249911
50,"mobile|simple|medium|multi_person",-0.965400517030556,13.4919965249911
50,"mobile|multi_factor|medium|multi_person",-9.50500602056535,13.4919965249911
50,"web|multi_factor|medium|multi_person",-14.8312254454148,13.4919965249911
50,"mobile|simple|high|multi_person",-2.30424180662354,13.4919965249911
50,"web|simple|high|multi_person",-7.63046123147302,13.4919965249911
50,"mobile|two_factor|high|multi_person",-8.77463250566296,13.4919965249911
50,"mobile|multi_factor|high|multi_person",-10.8438473101583,13.4919965249911
50,"mobile|simple|low|one_to_one",-0.576072274113146,13.4919965249911
50,"web|simple|low|one_to_one",-5.90229169896263,13.4919965249911
50,"mobile|multi_factor|low|one_to_one",-9.11567777764794,13.4919965249911
50,"web|multi_factor|low|one_to_one",-14.4418972024974,13.4919965249911
50,"mobile|simple|medium|one_to_one",-0.874026297812316,13.4919965249911
50,"mobile|two_factor|medium|one_to_one",-7.34441699685174,13.4919965249911
50,"mobile|multi_factor|medium|one_to_one",-9.4136318013471,13.4919965249911
50,"web|multi_factor|medium|one_to_one",-14.7398512261966,13.4919965249911
50,"web|simple|high|one_to_one",-7.53908701225478,13.4919965249911
50,"mobile|two_factor|high|one_to_one",-8.68325828644472,13.4919965249911
50,"mobile|multi_factor|high|one_to_one",-10.7524730909401,13.4919965249911
50,"web|multi_factor|high|one_to_one",-16.0786925157896,13.4919965249911
50,"web|simple|medium|multi_person",-6.29161994188004,13.4919965249911
50,"mobile|two_factor|medium|multi_person",-7.43579121606998,13.4919965249911
50,"web|two_factor|high|multi_person",-14.1008519305124,13.4919965249911
50,"web|multi_factor|high|multi_person",-16.1700667350078,13.4919965249911
50,"web|simple|medium|one_to_one",-6.2002457226618,13.4919965249911
50,"web|two_factor|medium|one_to_one",-12.6706364217012,13.4919965249911
50,"mobile|simple|high|one_to_one",-2.2128675874053,13.4919965249911
50,"mobile|simple|low|multi_person",-0.667446493331386,13.4919965249911
50,"web|multi_factor|low|multi_person",-14.5332714217157,13.4919965249911
50,"web|two_factor|medium|multi_person",-12.7620106409195,13.4919965249911
50,"mobile|two_factor|low|one_to_one",-7.04646297315257,13.4919965249911
50,"web|two_factor|high|one_to_one",-14.0094777112942,13.4919965249911
50,"web|two_factor|low|one_to_one",-12.372682398002,13.4919965249911
51,"web|simple|low|multi_person",-4.71801226041577,20.4601460010379
51,"mobile|two_factor|low|multi_person",-4.34363204496714,20.4601460010379
51,"web|two_factor|low|multi_person",-9.67812467656404,20.4601460010379
51,"mobile|multi_factor|low|multi_person",-6.82796180267066,20.4601460010379
51,"mobile|simple|medium|multi_person",-1.65796889298435,20.4601460010379
51,"mobile|multi_factor|medium|multi_person",-9.10241106683614,20.4601460010379
51,"web|multi_factor|medium|multi_person",-14.436903698433,20.4601460010379
51,"mobile|simple|high|multi_person",-2.44162011049367,20.4601460010379
51,"web|simple|high|multi_person",-7.77611274209057,20.4601460010379
51,"mobile|two_factor|high|multi_person",-7.40173252664194,20.4601460010379
51,"mobile|multi_factor|high|multi_person",-9.88606228434546,20.4601460010379
51,"mobile|simple|low|one_to_one",1.89423068099797,20.4601460010379
51,"web|simple|low|one_to_one",-3.44026195059893,20.4601460010379
51,"mobile|multi_factor|low|one_to_one",-5.55021149285382,20.4601460010379
51,"web|multi_factor|low|one_to_one",-10.8847041244507,20.4601460010379
51,"mobile|simple|medium|one_to_one",-0.380218583167509,20.4601460010379
51,"mobile|two_factor|medium|one_to_one",-5.34033099931577,20.4601460010379
51,"mobile|multi_factor|medium|one_to_one",-7.8246607570193,20.4601460010379
51,"web|multi_factor|medium|one_to_one",-13.1591533886162,20.4601460010379
51,"web|simple|high|one_to_one",-6.49836243227373,20.4601460010379
51,"mobile|two_factor|high|one_to_one",-6.1239822168251,20.4601460010379
51,"mobile|multi_factor|high|one_to_one",-8.60831197452862,20.4601460010379
51,"web|multi_factor|high|one_to_one",-13.9428046061255,20.4601460010379
51,"web|simple|medium|multi_person",-6.99246152458125,20.4601460010379
51,"mobile|two_factor|medium|multi_person",-6.61808130913261,20.4601460010379
51,"web|two_factor|high|multi_person",-12.7362251582388,20.4601460010379
51,"web|multi_factor|high|multi_person",-15.2205549159424,20.4601460010379
51,"web|simple|medium|one_to_one",-5.71471121476441,20.4601460010379
51,"web|two_factor|medium|one_to_one",-10.6748236309127,20.4601460010379
51,"mobile|simple|high|one_to_one",-1.16386980067683,20.4601460010379
51,"mobile|simple|low|multi_person",0.61648037118113,20.4601460010379
51,"web|multi_factor|low|multi_person",-12.1624544342676,20.4601460010379
51,"web|two_factor|medium|multi_person",-11.9525739407295,20.4601460010379
51,"mobile|two_factor|low|one_to_one",-3.0658817351503,20.4601460010379
51,"web|two_factor|high|one_to_one",-11.458474848422,20.4601460010379
51,"web|two_factor|low|one_to_one",-8.4003743667472,20.4601460010379
52,"web|simple|low|multi_person",-5.49113749605556,29.3836146824723
52,"mobile|two_factor|low|multi_person",-3.29336766387139,29.3836146824723
52,"web|two_factor|low|multi_person",-7.2106071963308,29.3836146824723
52,"mobile|multi_factor|low|multi_person",-5.70690998069904,29.3836146824723
52,"mobile|simple|medium|multi_person",-3.18341551505861,29.3836146824723
52,"mobile|multi_factor|medium|multi_person",-7.31642753216149,29.3836146824723
52,"web|multi_factor|medium|multi_person",-11.2336670646209,29.3836146824723
52,"mobile|simple|high|multi_person",-2.29024682828881,29.3836146824723
52,"web|simple|high|multi_person",-6.20748636074821,29.3836146824723
52,"mobile|two_factor|high|multi_person",-4.00971652856405,29.3836146824723
52,"mobile|multi_factor|high|multi_person",-6.42325884539169,29.3836146824723
52,"mobile|simple|low|one_to_one",0.302445366793829,29.3836146824723
52,"web|simple|low|one_to_one",-3.61479416566557,29.3836146824723
52,"mobile|multi_factor|low|one_to_one",-3.83056665030905,29.3836146824723
52,"web|multi_factor|low|one_to_one",-7.74780618276845,29.3836146824723
52,"mobile|simple|medium|one_to_one",-1.30707218466862,29.3836146824723
52,"mobile|two_factor|medium|one_to_one",-3.02654188494386,29.3836146824723
52,"mobile|multi_factor|medium|one_to_one",-5.4400842017715,29.3836146824723
52,"web|multi_factor|medium|one_to_one",-9.3573237342309,29.3836146824723
52,"web|simple|high|one_to_one",-4.33114303035822,29.3836146824723
52,"mobile|two_factor|high|one_to_one",-2.13337319817406,29.3836146824723
52,"mobile|multi_factor|high|one_to_one",-4.5469155150017,29.3836146824723
52,"web|multi_factor|high|one_to_one",-8.4641550474611,29.3836146824723
52,"web|simple|medium|multi_person",-7.10065504751801,29.3836146824723
52,"mobile|two_factor|medium|multi_person",-4.90288521533385,29.3836146824723
52,"web|two_factor|high|multi_person",-7.92695606102345,29.3836146824723
52,"web|multi_factor|high|multi_person",-10.3404983778511,29.3836146824723
52,"web|simple|medium|one_to_one",-5.22431171712802,29.3836146824723
52,"web|two_factor|medium|one_to_one",-6.94378141740326,29.3836146824723
52,"mobile|simple|high|one_to_one",-0.413903497898824,29.3836146824723
52,"mobile|simple|low|multi_person",-1.57389796359616,29.3836146824723
52,"web|multi_factor|low|multi_person",-9.62414951315844,29.3836146824723
52,"web|two_factor|medium|multi_person",-8.82012474779325,29.3836146824723
52,"mobile|two_factor|low|one_to_one",-1.41702433348141,29.3836146824723
52,"web|two_factor|high|one_to_one",-6.05061273063346,29.3836146824723
52,"web|two_factor|low|one_to_one",-5.33426386594081,29.3836146824723
53,"web|simple|low|multi_person",-2.38884403177755,27.8634609772084
53,"mobile|two_factor|low|multi_person",-3.42090624538326,27.8634609772084
53,"web|two_factor|low|multi_person",-6.82663025141642,27.8634609772084
53,"mobile|multi_factor|low|multi_person",-5.18656786813166,27.8634609772084
53,"mobile|simple|medium|multi_person",-1.63590180428305,27.8634609772084
53,"mobile|multi_factor|medium|multi_person",-7.83934964667032,27.8634609772084
53,"web|multi_factor|medium|multi_person",-11.2450736527035,27.8634609772084
53,"mobile|simple|high|multi_person",-2.9889073987849,27.8634609772084
53,"web|simple|high|multi_person",-6.39463140481806,27.8634609772084
53,"mobile|two_factor|high|multi_person",-7.42669361842377,27.8634609772084
53,"mobile|multi_factor|high|multi_person",-9.19235524117217,27.8634609772084
53,"mobile|simple|low|one_to_one",2.60967453651121,27.8634609772084
53,"web|simple|low|one_to_one",-0.796049469521948,27.8634609772084
53,"mobile|multi_factor|low|one_to_one",-3.59377330587606,27.8634609772084
53,"web|multi_factor|low|one_to_one",-6.99949731190922,27.8634609772084
53,"mobile|simple|medium|one_to_one",-0.0431072420274492,27.8634609772084
53,"mobile|two_factor|medium|one_to_one",-4.48089346166632,27.8634609772084
53,"mobile|multi_factor|medium|one_to_one",-6.24655508441472,27.8634609772084
53,"web|multi_factor|medium|one_to_one",-9.65227909044788,27.8634609772084
53,"web|simple|high|one_to_one",-4.80183684256246,27.8634609772084
53,"mobile|two_factor|high|one_to_one",-5.83389905616816,27.8634609772084
53,"mobile|multi_factor|high|one_to_one",-7.59956067891657,27.8634609772084
53,"web|multi_factor|high|one_to_one",-11.0052846849497,27.8634609772084
53,"web|simple|medium|multi_person",-5.04162581031621,27.8634609772084
53,"mobile|two_factor|medium|multi_person",-6.07368802392192,27.8634609772084
53,"web|two_factor|high|multi_person",-10.8324176244569,27.8634609772084
53,"web|multi_factor|high|multi_person",-12.5980792472053,27.8634609772084
53,"web|simple|medium|one_to_one",-3.44883124806061,27.8634609772084
53,"web|two_factor|medium|one_to_one",-7.88661746769948,27.8634609772084
53,"mobile|simple|high|one_to_one",-1.3961128365293,27.8634609772084
53,"mobile|simple|low|multi_person",1.01687997425561,27.8634609772084
53,"web|multi_factor|low|multi_person",-8.59229187416482,27.8634609772084
53,"web|two_factor|medium|multi_person",-9.47941202995508,27.8634609772084
53,"mobile|two_factor|low|one_to_one",-1.82811168312766,27.8634609772084
53,"web|two_factor|high|one_to_one",-9.23962306220132,27.8634609772084
53,"web|two_factor|low|one_to_one",-5.23383568916081,27.8634609772084
54,"web|simple|low|multi_person",-3.23534493163966,32.0644738736861
54,"mobile|two_factor|low|multi_person",-3.63756544499586,32.0644738736861
54,"web|two_factor|low|multi_person",-6.76735322437624,32.0644738736861
54,"mobile|multi_factor|low|multi_person",-4.14965650811352,32.0644738736861
54,"mobile|simple|medium|multi_person",-2.39410309719525,32.0644738736861
54,"mobile|multi_factor|medium|multi_person",-6.43820245304949,32.0644738736861
54,"web|multi_factor|medium|multi_person",-9.56799023242987,32.0644738736861
54,"mobile|simple|high|multi_person",-3.15120235232553,32.0644738736861
54,"web|simple|high|multi_person",-6.28099013170591,32.0644738736861
54,"mobile|two_factor|high|multi_person",-6.68321064506211,32.0644738736861
54,"mobile|multi_factor|high|multi_person",-7.19530170817977,32.0644738736861
54,"mobile|simple|low|one_to_one",2.29624815800674,32.0644738736861
54,"web|simple|low|one_to_one",-0.83353962137364,32.0644738736861
54,"mobile|multi_factor|low|one_to_one",-1.7478511978475,32.0644738736861
54,"web|multi_factor|low|one_to_one",-4.87763897722788,32.0644738736861
54,"mobile|simple|medium|one_to_one",0.0077022130707709,32.0644738736861
54,"mobile|two_factor|medium|one_to_one",-3.52430607966581,32.0644738736861
54,"mobile|multi_factor|medium|one_to_one",-4.03639714278347,32.0644738736861
54,"web|multi_factor|medium|one_to_one",-7.16618492216385,32.0644738736861
54,"web|simple|high|one_to_one",-3.87918482143989,32.0644738736861
54,"mobile|two_factor|high|one_to_one",-4.28140533479609,32.0644738736861
54,"mobile|multi_factor|high|one_to_one",-4.79349639791375,32.0644738736861
54,"web|multi_factor|high|one_to_one",-7.92328417729413,32.0644738736861
54,"web|simple|medium|multi_person",-5.52389087657563,32.0644738736861
54,"mobile|two_factor|medium|multi_person",-5.92611138993183,32.0644738736861
54,"web|two_factor|high|multi_person",-9.81299842444249,32.0644738736861
54,"web|multi_factor|high|multi_person",-10.3250894875602,32.0644738736861
54,"web|simple|medium|one_to_one",-3.12208556630961,32.0644738736861
54,"web|two_factor|medium|one_to_one",-6.65409385904619,32.0644738736861
54,"mobile|simple|high|one_to_one",-0.74939704205951,32.0644738736861
54,"mobile|simple|low|multi_person",-0.10555715225928,32.0644738736861
54,"web|multi_factor|low|multi_person",-7.2794442874939,32.0644738736861
54,"web|two_factor|medium|multi_person",-9.05589916931221,32.0644738736861
54,"mobile|two_factor|low|one_to_one",-1.23576013472984,32.0644738736861
54,"web|two_factor|high|one_to_one",-7.41119311417647,32.0644738736861
54,"web|two_factor|low|one_to_one",-4.36554791411022,32.0644738736861
55,"web|simple|low|multi_person",-3.12531612857667,32.29286626887
55,"mobile|two_factor|low|multi_person",-3.62726904689689,32.29286626887
55,"web|two_factor|low|multi_person",-6.19695581955457,32.29286626887
55,"mobile|multi_factor|low|multi_person",-3.87704612693336,32.29286626887
55,"mobile|simple|medium|multi_person",-2.31940881941333,32.29286626887
55,"mobile|multi_factor|medium|multi_person",-5.6408255904277,32.29286626887
55,"web|multi_factor|medium|multi_person",-8.21051236308539,32.29286626887
55,"mobile|simple|high|multi_person",-3.42505854416911,32.29286626887
55,"web|simple|high|multi_person",-5.99474531682679,32.29286626887
55,"mobile|two_factor|high|multi_person",-6.49669823514701,32.29286626887
55,"mobile|multi_factor|high|multi_person",-6.74647531518348,32.29286626887
55,"mobile|simple|low|one_to_one",1.65432989259001,32.29286626887
55,"web|simple|low|one_to_one",-0.91535688006767,32.29286626887
55,"mobile|multi_factor|low|one_to_one",-1.66708687842436,32.29286626887
55,"web|multi_factor|low|one_to_one",-4.23677365108204,32.29286626887
55,"mobile|simple|medium|one_to_one",-0.109449570904335,32.29286626887
55,"mobile|two_factor|medium|one_to_one",-3.18108926188224,32.29286626887
55,"mobile|multi_factor|medium|one_to_one",-3.4308663419187,32.29286626887
55,"web|multi_factor|medium|one_to_one",-6.00055311457638,32.29286626887
55,"web|simple|high|one_to_one",-3.78478606831779,32.29286626887
55,"mobile|two_factor|high|one_to_one",-4.28673898663801,32.29286626887
55,"mobile|multi_factor|high|one_to_one",-4.53651606667448,32.29286626887
55,"web|multi_factor|high|one_to_one",-7.10620283933216,32.29286626887
55,"web|simple|medium|multi_person",-4.88909559207101,32.29286626887
55,"mobile|two_factor|medium|multi_person",-5.39104851039124,32.29286626887
55,"web|two_factor|high|multi_person",-9.06638500780469,32.29286626887
55,"web|multi_factor|high|multi_person",-9.31616208784116,32.29286626887
55,"web|simple|medium|one_to_one",-2.67913634356201,32.29286626887
55,"web|two_factor|medium|one_to_one",-5.75077603453992,32.29286626887
55,"mobile|simple|high|one_to_one",-1.21509929566011,32.29286626887
55,"mobile|simple|low|multi_person",-0.555629355918989,32.29286626887
55,"web|multi_factor|low|multi_person",-6.44673289959104,32.29286626887
55,"web|two_factor|medium|multi_person",-7.96073528304892,32.29286626887
55,"mobile|two_factor|low|one_to_one",-1.41730979838789,32.29286626887
55,"web|two_factor|high|one_to_one",-6.85642575929569,32.29286626887
55,"web|two_factor|low|one_to_one",-3.98699657104557,32.29286626887
56,"web|simple|low|multi_person",-6.69725048644883,29.9883775520882
56,"mobile|two_factor|low|multi_person",-4.13719572313088,29.9883775520882
56,"web|two_factor|low|multi_person",-8.5274753855174,29.9883775520882
56,"mobile|multi_factor|low|multi_person",-3.47543698547141,29.9883775520882
56,"mobile|simple|medium|multi_person",-3.98866166188942,29.9883775520882
56,"mobile|multi_factor|medium|multi_person",-5.15712782329853,29.9883775520882
56,"web|multi_factor|medium|multi_person",-9.54740748568505,29.9883775520882
56,"mobile|simple|high|multi_person",-3.923794306543,29.9883775520882
56,"web|simple|high|multi_person",-8.31407396892953,29.9883775520882
56,"mobile|two_factor|high|multi_person",-5.75401920561158,29.9883775520882
56,"mobile|multi_factor|high|multi_person",-5.09226046795211,29.9883775520882
56,"mobile|simple|low|one_to_one",0.976923148060214,29.9883775520882
56,"web|simple|low|one_to_one",-3.41335651432631,29.9883775520882
56,"mobile|multi_factor|low|one_to_one",-0.191543013348894,29.9883775520882
56,"web|multi_factor|low|one_to_one",-4.58182267573541,29.9883775520882
56,"mobile|simple|medium|one_to_one",-0.704767689766899,29.9883775520882
56,"mobile|two_factor|medium|one_to_one",-2.53499258883547,29.9883775520882
56,"mobile|multi_factor|medium|one_to_one",-1.87323385117601,29.9883775520882
56,"web|multi_factor|medium|one_to_one",-6.26351351356253,29.9883775520882
56,"web|simple|high|one_to_one",-5.03017999680701,29.9883775520882
56,"mobile|two_factor|high|one_to_one",-2.47012523348906,29.9883775520882
56,"mobile|multi_factor|high|one_to_one",-1.80836649582959,29.9883775520882
56,"web|multi_factor|high|one_to_one",-6.19864615821611,29.9883775520882
56,"web|simple|medium|multi_person",-8.37894132427594,29.9883775520882
56,"mobile|two_factor|medium|multi_person",-5.81888656095799,29.9883775520882
56,"web|two_factor|high|multi_person",-10.1442988679981,29.9883775520882
56,"web|multi_factor|high|multi_person",-9.48254013033863,29.9883775520882
56,"web|simple|medium|one_to_one",-5.09504735215342,29.9883775520882
56,"web|two_factor|medium|one_to_one",-6.92527225122199,29.9883775520882
56,"mobile|simple|high|one_to_one",-0.639900334420485,29.9883775520882
56,"mobile|simple|low|multi_person",-2.30697082406231,29.9883775520882
56,"web|multi_factor|low|multi_person",-7.86571664785793,29.9883775520882
56,"web|two_factor|medium|multi_person",-10.2091662233445,29.9883775520882
56,"mobile|two_factor|low|one_to_one",-0.853301751008359,29.9883775520882
56,"web|two_factor|high|one_to_one",-6.86040489587558,29.9883775520882
56,"web|two_factor|low|one_to_one",-5.24358141339488,29.9883775520882
57,"web|simple|low|multi_person",-3.65370691152076,33.1669827713597
57,"mobile|two_factor|low|multi_person",-2.89864573533233,33.1669827713597
57,"web|two_factor|low|multi_person",-4.7660257380436,33.1669827713597
57,"mobile|multi_factor|low|multi_person",-2.41409229927002,33.1669827713597
57,"mobile|simple|medium|multi_person",-5.12999934912149,33.1669827713597
57,"mobile|multi_factor|medium|multi_person",-5.75776473958202,33.1669827713597
57,"web|multi_factor|medium|multi_person",-7.62514474229329,33.1669827713597
57,"mobile|simple|high|multi_person",-4.07736203938604,33.1669827713597
57,"web|simple|high|multi_person",-5.9447420420973,33.1669827713597
57,"mobile|two_factor|high|multi_person",-5.18968086590888,33.1669827713597
57,"mobile|multi_factor|high|multi_person",-4.70512742984657,33.1669827713597
57,"mobile|simple|low|one_to_one",0.000520712062194395,33.1669827713597
57,"web|simple|low|one_to_one",-1.86685929064907,33.1669827713597
57,"mobile|multi_factor|low|one_to_one",-0.627244678398336,33.1669827713597
57,"web|multi_factor|low|one_to_one",-2.4946246811096,33.1669827713597
57,"mobile|simple|medium|one_to_one",-3.34315172824981,33.1669827713597
57,"mobile|two_factor|medium|one_to_one",-4.45547055477265,33.1669827713597
57,"mobile|multi_factor|medium|one_to_one",-3.97091711871034,33.1669827713597
57,"web|multi_factor|medium|one_to_one",-5.8382971214216,33.1669827713597
57,"web|simple|high|one_to_one",-4.15789442122562,33.1669827713597
57,"mobile|two_factor|high|one_to_one",-3.40283324503719,33.1669827713597
57,"mobile|multi_factor|high|one_to_one",-2.91827980897488,33.1669827713597
57,"web|multi_factor|high|one_to_one",-4.78565981168614,33.1669827713597
57,"web|simple|medium|multi_person",-6.99737935183276,33.1669827713597
57,"mobile|two_factor|medium|multi_person",-6.24231817564433,33.1669827713597
57,"web|two_factor|high|multi_person",-7.05706086862014,33.1669827713597
57,"web|multi_factor|high|multi_person",-6.57250743255783,33.1669827713597
57,"web|simple|medium|one_to_one",-5.21053173096107,33.1669827713597
57,"web|two_factor|medium|one_to_one",-6.32285055748391,33.1669827713597
57,"mobile|simple|high|one_to_one",-2.29051441851435,33.1669827713597
57,"mobile|simple|low|multi_person",-1.78632690880949,33.1669827713597
57,"web|multi_factor|low|multi_person",-4.28147230198129,33.1669827713597
57,"web|two_factor|medium|multi_person",-8.1096981783556,33.1669827713597
57,"mobile|two_factor|low|one_to_one",-1.11179811446065,33.1669827713597
57,"web|two_factor|high|one_to_one",-5.27021324774845,33.1669827713597
57,"web|two_factor|low|one_to_one",-2.97917811717191,33.1669827713597
58,"web|simple|low|multi_person",-3.75860362019793,31.0806488933211
58,"mobile|two_factor|low|multi_person",-2.45803444335265,31.0806488933211
58,"web|two_factor|low|multi_person",-6.52931622017347,31.0806488933211
58,"mobile|multi_factor|low|multi_person",-3.16280279826432,31.0806488933211
58,"mobile|simple|medium|multi_person",-2.19182092536637,31.0806488933211
58,"mobile|multi_factor|medium|multi_person",-5.66730188025358,31.0806488933211
58,"web|multi_factor|medium|multi_person",-9.7385836570744,31.0806488933211
58,"mobile|simple|high|multi_person",-2.97145197903953,31.0806488933211
58,"web|simple|high|multi_person",-7.04273375586035,31.0806488933211
58,"mobile|two_factor|high|multi_person",-5.74216457901507,31.0806488933211
58,"mobile|multi_factor|high|multi_person",-6.44693293392674,31.0806488933211
58,"mobile|simple|low|one_to_one",2.26016775811409,31.0806488933211
58,"web|simple|low|one_to_one",-1.81111401870673,31.0806488933211
58,"mobile|multi_factor|low|one_to_one",-1.21531319677312,31.0806488933211
58,"web|multi_factor|low|one_to_one",-5.28659497359394,31.0806488933211
58,"mobile|simple|medium|one_to_one",-0.244331323875163,31.0806488933211
58,"mobile|two_factor|medium|one_to_one",-3.0150439238507,31.0806488933211
58,"mobile|multi_factor|medium|one_to_one",-3.71981227876237,31.0806488933211
58,"web|multi_factor|medium|one_to_one",-7.79109405558319,31.0806488933211
58,"web|simple|high|one_to_one",-5.09524415436915,31.0806488933211
58,"mobile|two_factor|high|one_to_one",-3.79467497752386,31.0806488933211
58,"mobile|multi_factor|high|one_to_one",-4.49944333243554,31.0806488933211
58,"web|multi_factor|high|one_to_one",-8.57072510925635,31.0806488933211
58,"web|simple|medium|multi_person",-6.26310270218719,31.0806488933211
58,"mobile|two_factor|medium|multi_person",-4.9625335253419,31.0806488933211
58,"web|two_factor|high|multi_person",-9.81344635583589,31.0806488933211
58,"web|multi_factor|high|multi_person",-10.5182147107476,31.0806488933211
58,"web|simple|medium|one_to_one",-4.31561310069598,31.0806488933211
58,"web|two_factor|medium|one_to_one",-7.08632570067152,31.0806488933211
58,"mobile|simple|high|one_to_one",-1.02396237754833,31.0806488933211
58,"mobile|simple|low|multi_person",0.312678156622886,31.0806488933211
58,"web|multi_factor|low|multi_person",-7.23408457508514,31.0806488933211
58,"web|two_factor|medium|multi_person",-9.03381530216272,31.0806488933211
58,"mobile|two_factor|low|one_to_one",-0.510544841861439,31.0806488933211
58,"web|two_factor|high|one_to_one",-7.86595675434468,31.0806488933211
58,"web|two_factor|low|one_to_one",-4.58182661868226,31.0806488933211
60,"web|simple|low|multi_person",-3.41840736150581,35.146179127376
60,"mobile|two_factor|low|multi_person",-2.54342347617505,35.146179127376
60,"web|two_factor|low|multi_person",-5.40598537357905,35.146179127376
60,"mobile|multi_factor|low|multi_person",-3.63623636260247,35.146179127376
60,"mobile|simple|medium|multi_person",-2.77227373311062,35.146179127376
60,"mobile|multi_factor|medium|multi_person",-5.85266463161128,35.146179127376
60,"web|multi_factor|medium|multi_person",-8.71522652901528,35.146179127376
60,"mobile|simple|high|multi_person",-2.91785211316939,35.146179127376
60,"web|simple|high|multi_person",-5.7804140105734,35.146179127376
60,"mobile|two_factor|high|multi_person",-4.90543012524263,35.146179127376
60,"mobile|multi_factor|high|multi_person",-5.99824301167005,35.146179127376
60,"mobile|simple|low|one_to_one",2.10244973141391,35.146179127376
60,"web|simple|low|one_to_one",-0.76011216599009,35.146179127376
60,"mobile|multi_factor|low|one_to_one",-0.97794116708675,35.146179127376
60,"web|multi_factor|low|one_to_one",-3.84050306449075,35.146179127376
60,"mobile|simple|medium|one_to_one",-0.113978537594895,35.146179127376
60,"mobile|two_factor|medium|one_to_one",-2.10155654966814,35.146179127376
60,"mobile|multi_factor|medium|one_to_one",-3.19436943609556,35.146179127376
60,"web|multi_factor|medium|one_to_one",-6.05693133349956,35.146179127376
60,"web|simple|high|one_to_one",-3.12211881505767,35.146179127376
60,"mobile|two_factor|high|one_to_one",-2.24713492972691,35.146179127376
60,"mobile|multi_factor|high|one_to_one",-3.33994781615433,35.146179127376
60,"web|multi_factor|high|one_to_one",-6.20250971355834,35.146179127376
60,"web|simple|medium|multi_person",-5.63483563051462,35.146179127376
60,"mobile|two_factor|medium|multi_person",-4.75985174518386,35.146179127376
60,"web|two_factor|high|multi_person",-7.76799202264664,35.146179127376
60,"web|multi_factor|high|multi_person",-8.86080490907406,35.146179127376
60,"web|simple|medium|one_to_one",-2.9765404349989,35.146179127376
60,"web|two_factor|medium|one_to_one",-4.96411844707214,35.146179127376
60,"mobile|simple|high|one_to_one",-0.259556917653674,35.146179127376
60,"mobile|simple|low|multi_person",-0.55584546410181,35.146179127376
60,"web|multi_factor|low|multi_person",-6.49879826000647,35.146179127376
60,"web|two_factor|medium|multi_person",-7.62241364258786,35.146179127376
60,"mobile|two_factor|low|one_to_one",0.114871719340669,35.146179127376
60,"web|two_factor|high|one_to_one",-5.10969682713092,35.146179127376
60,"web|two_factor|low|one_to_one",-2.74769017806333,35.146179127376
61,"web|simple|low|multi_person",-2.41100411053625,27.4800628625945
61,"mobile|two_factor|low|multi_person",-2.85442791392414,27.4800628625945
61,"web|two_factor|low|multi_person",-6.78609511159752,27.4800628625945
61,"mobile|multi_factor|low|multi_person",-3.9005074831054,27.4800628625945
61,"mobile|simple|medium|multi_person",-1.5921542086871,27.4800628625945
61,"mobile|multi_factor|medium|multi_person",-7.01332477892963,27.4800628625945
61,"web|multi_factor|medium|multi_person",-10.944991976603,27.4800628625945
61,"mobile|simple|high|multi_person",-2.80295018776083,27.4800628625945
61,"web|simple|high|multi_person",-6.73461738543421,27.4800628625945
61,"mobile|two_factor|high|multi_person",-7.1780411888221,27.4800628625945
61,"mobile|multi_factor|high|multi_person",-8.22412075800336,27.4800628625945
61,"mobile|simple|low|one_to_one",2.49959419856813,27.4800628625945
61,"web|simple|low|one_to_one",-1.43207299910525,27.4800628625945
61,"mobile|multi_factor|low|one_to_one",-2.9215763716744,27.4800628625945
61,"web|multi_factor|low|one_to_one",-6.85324356934778,27.4800628625945
61,"mobile|simple|medium|one_to_one",-0.613223097256094,27.4800628625945
61,"mobile|two_factor|medium|one_to_one",-4.98831409831736,27.4800628625945
61,"mobile|multi_factor|medium|one_to_one",-6.03439366749862,27.4800628625945
61,"web|multi_factor|medium|one_to_one",-9.966060865172,27.4800628625945
61,"web|simple|high|one_to_one",-5.75568627400321,27.4800628625945
61,"mobile|two_factor|high|one_to_one",-6.1991100773911,27.4800628625945
61,"mobile|multi_factor|high|one_to_one",-7.24518964657236,27.4800628625945
61,"web|multi_factor|high|one_to_one",-11.1768568442457,27.4800628625945
61,"web|simple|medium|multi_person",-5.52382140636048,27.4800628625945
61,"mobile|two_factor|medium|multi_person",-5.96724520974837,27.4800628625945
61,"web|two_factor|high|multi_person",-11.1097083864955,27.4800628625945
61,"web|multi_factor|high|multi_person",-12.1557879556767,27.4800628625945
61,"web|simple|medium|one_to_one",-4.54489029492947,27.4800628625945
61,"web|two_factor|medium|one_to_one",-8.91998129599074,27.4800628625945
61,"mobile|simple|high|one_to_one",-1.82401907632983,27.4800628625945
61,"mobile|simple|low|multi_person",1.52066308713713,27.4800628625945
61,"web|multi_factor|low|multi_person",-7.83217468077878,27.4800628625945
61,"web|two_factor|medium|multi_person",-9.89891240742175,27.4800628625945
61,"mobile|two_factor|low|one_to_one",-1.87549680249314,27.4800628625945
61,"web|two_factor|high|one_to_one",-10.1307772750645,27.4800628625945
61,"web|two_factor|low|one_to_one",-5.80716400016652,27.4800628625945
62,"web|simple|low|multi_person",-2.57172653587926,31.6705641757934
62,"mobile|two_factor|low|multi_person",-2.7872673561852,31.6705641757934
62,"web|two_factor|low|multi_person",-5.94389826173714,31.6705641757934
62,"mobile|multi_factor|low|multi_person",-4.2552011561144,31.6705641757934
62,"mobile|simple|medium|multi_person",-1.57886913065129,31.6705641757934
62,"mobile|multi_factor|medium|multi_person",-6.41897465643837,31.6705641757934
62,"web|multi_factor|medium|multi_person",-9.57560556199031,31.6705641757934
62,"mobile|simple|high|multi_person",-2.55268714331792,31.6705641757934
62,"web|simple|high|multi_person",-5.70931804886986,31.6705641757934
62,"mobile|two_factor|high|multi_person",-5.9248588691758,31.6705641757934
62,"mobile|multi_factor|high|multi_person",-7.392792669105,31.6705641757934
62,"mobile|simple|low|one_to_one",2.17603666537178,31.6705641757934
62,"web|simple|low|one_to_one",-0.980594240180164,31.6705641757934
62,"mobile|multi_factor|low|one_to_one",-2.6640688604153,31.6705641757934
62,"web|multi_factor|low|one_to_one",-5.82069976596724,31.6705641757934
62,"mobile|simple|medium|one_to_one",0.012263165047798,31.6705641757934
62,"mobile|two_factor|medium|one_to_one",-3.35990856081008,31.6705641757934
62,"mobile|multi_factor|medium|one_to_one",-4.82784236073928,31.6705641757934
62,"web|multi_factor|medium|one_to_one",-7.98447326629122,31.6705641757934
62,"web|simple|high|one_to_one",-4.11818575317076,31.6705641757934
62,"mobile|two_factor|high|one_to_one",-4.3337265734767,31.6705641757934
62,"mobile|multi_factor|high|one_to_one",-5.8016603734059,31.6705641757934
62,"web|multi_factor|high|one_to_one",-8.95829127895784,31.6705641757934
62,"web|simple|medium|multi_person",-4.73550003620323,31.6705641757934
62,"mobile|two_factor|medium|multi_person",-4.95104085650917,31.6705641757934
62,"web|two_factor|high|multi_person",-9.08148977472774,31.6705641757934
62,"web|multi_factor|high|multi_person",-10.5494235746569,31.6705641757934
62,"web|simple|medium|one_to_one",-3.14436774050414,31.6705641757934
62,"web|two_factor|medium|one_to_one",-6.51653946636202,31.6705641757934
62,"mobile|simple|high|one_to_one",-0.961554847618824,31.6705641757934
62,"mobile|simple|low|multi_person",0.584904369672684,31.6705641757934
62,"web|multi_factor|low|multi_person",-7.41183206166634,31.6705641757934
62,"web|two_factor|medium|multi_person",-8.10767176206111,31.6705641757934
62,"mobile|two_factor|low|one_to_one",-1.1961350604861,31.6705641757934
62,"web|two_factor|high|one_to_one",-7.49035747902864,31.6705641757934
62,"web|two_factor|low|one_to_one",-4.35276596603804,31.6705641757934
63,"web|simple|low|multi_person",-4.53054080105578,19.1689286036815
63,"mobile|two_factor|low|multi_person",-5.09215115829435,19.1689286036815
63,"web|two_factor|low|multi_person",-10.4254258414573,19.1689286036815
63,"mobile|multi_factor|low|multi_person",-6.40176031732058,19.1689286036815
63,"mobile|simple|medium|multi_person",-1.77897183972439,19.1689286036815
63,"mobile|multi_factor|medium|multi_person",-8.98346603915209,19.1689286036815
63,"web|multi_factor|medium|multi_person",-14.316740722315,19.1689286036815
63,"mobile|simple|high|multi_person",-1.83940722751642,19.1689286036815
63,"web|simple|high|multi_person",-7.17268191067932,19.1689286036815
63,"mobile|two_factor|high|multi_person",-7.73429226791789,19.1689286036815
63,"mobile|multi_factor|high|multi_person",-9.04390142694412,19.1689286036815
63,"mobile|simple|low|one_to_one",1.96897604273718,19.1689286036815
63,"web|simple|low|one_to_one",-3.36429864042572,19.1689286036815
63,"mobile|multi_factor|low|one_to_one",-5.23551815669052,19.1689286036815
63,"web|multi_factor|low|one_to_one",-10.5687928398534,19.1689286036815
63,"mobile|simple|medium|one_to_one",-0.612729679094323,19.1689286036815
63,"mobile|two_factor|medium|one_to_one",-6.50761471949579,19.1689286036815
63,"mobile|multi_factor|medium|one_to_one",-7.81722387852202,19.1689286036815
63,"web|multi_factor|medium|one_to_one",-13.1504985616849,19.1689286036815
63,"web|simple|high|one_to_one",-6.00643975004925,19.1689286036815
63,"mobile|two_factor|high|one_to_one",-6.56805010728782,19.1689286036815
63,"mobile|multi_factor|high|one_to_one",-7.87765926631405,19.1689286036815
63,"web|multi_factor|high|one_to_one",-13.210933949477,19.1689286036815
63,"web|simple|medium|multi_person",-7.11224652288729,19.1689286036815
63,"mobile|two_factor|medium|multi_person",-7.67385688012586,19.1689286036815
63,"web|two_factor|high|multi_person",-13.0675669510808,19.1689286036815
63,"web|multi_factor|high|multi_person",-14.377176110107,19.1689286036815
63,"web|simple|medium|one_to_one",-5.94600436225722,19.1689286036815
63,"web|two_factor|medium|one_to_one",-11.8408894026587,19.1689286036815
63,"mobile|simple|high|one_to_one",-0.673165066886353,19.1689286036815
63,"mobile|simple|low|multi_person",0.802733882107117,19.1689286036815
63,"web|multi_factor|low|multi_person",-11.7350350004835,19.1689286036815
63,"web|two_factor|medium|multi_person",-13.0071315632888,19.1689286036815
63,"mobile|two_factor|low|one_to_one",-3.92590899766429,19.1689286036815
63,"web|two_factor|high|one_to_one",-11.9013247904507,19.1689286036815
63,"web|two_factor|low|one_to_one",-9.25918368082719,19.1689286036815
64,"web|simple|low|multi_person",-3.78640102281658,33.6801371624533
64,"mobile|two_factor|low|multi_person",-2.70583290590743,33.6801371624533
64,"web|two_factor|low|multi_person",-5.95113646253509,33.6801371624533
64,"mobile|multi_factor|low|multi_person",-3.9358319394808,33.6801371624533
64,"mobile|simple|medium|multi_person",-2.07669762553938,33.6801371624533
64,"mobile|multi_factor|medium|multi_person",-5.47143209883126,33.6801371624533
64,"web|multi_factor|medium|multi_person",-8.71673565545892,33.6801371624533
64,"mobile|simple|high|multi_person",-2.22219506286174,33.6801371624533
64,"web|simple|high|multi_person",-5.4674986194894,33.6801371624533
64,"mobile|two_factor|high|multi_person",-4.38693050258025,33.6801371624533
64,"mobile|multi_factor|high|multi_person",-5.61692953615362,33.6801371624533
64,"mobile|simple|low|one_to_one",1.20668901759914,33.6801371624533
64,"web|simple|low|one_to_one",-2.03861453902852,33.6801371624533
64,"mobile|multi_factor|low|one_to_one",-2.18804545569274,33.6801371624533
64,"web|multi_factor|low|one_to_one",-5.4333490123204,33.6801371624533
64,"mobile|simple|medium|one_to_one",-0.328911141751314,33.6801371624533
64,"mobile|two_factor|medium|one_to_one",-2.49364658146982,33.6801371624533
64,"mobile|multi_factor|medium|one_to_one",-3.72364561504319,33.6801371624533
64,"web|multi_factor|medium|one_to_one",-6.96894917167085,33.6801371624533
64,"web|simple|high|one_to_one",-3.71971213570133,33.6801371624533
64,"mobile|two_factor|high|one_to_one",-2.63914401879218,33.6801371624533
64,"mobile|multi_factor|high|one_to_one",-3.86914305236555,33.6801371624533
64,"web|multi_factor|high|one_to_one",-7.11444660899322,33.6801371624533
64,"web|simple|medium|multi_person",-5.32200118216704,33.6801371624533
64,"mobile|two_factor|medium|multi_person",-4.24143306525789,33.6801371624533
64,"web|two_factor|high|multi_person",-7.63223405920791,33.6801371624533
64,"web|multi_factor|high|multi_person",-8.86223309278128,33.6801371624533
64,"web|simple|medium|one_to_one",-3.57421469837897,33.6801371624533
64,"web|two_factor|medium|one_to_one",-5.73895013809748,33.6801371624533
64,"mobile|simple|high|one_to_one",-0.474408579073675,33.6801371624533
64,"mobile|simple|low|multi_person",-0.541097466188922,33.6801371624533
64,"web|multi_factor|low|multi_person",-7.18113549610846,33.6801371624533
64,"web|two_factor|medium|multi_person",-7.48673662188554,33.6801371624533
64,"mobile|two_factor|low|one_to_one",-0.958046422119365,33.6801371624533
64,"web|two_factor|high|one_to_one",-5.88444757541984,33.6801371624533
64,"web|two_factor|low|one_to_one",-4.20334997874702,33.6801371624533
65,"web|simple|low|multi_person",-4.1648426791546,34.5574532390427
65,"mobile|two_factor|low|multi_person",-2.7668335820206,34.5574532390427
65,"web|two_factor|low|multi_person",-6.19707686322382,34.5574532390427
65,"mobile|multi_factor|low|multi_person",-3.20001651176935,34.5574532390427
65,"mobile|simple|medium|multi_person",-1.985611443269,34.5574532390427
65,"mobile|multi_factor|medium|multi_person",-4.45102855708696,34.5574532390427
65,"web|multi_factor|medium|multi_person",-7.88127183829018,34.5574532390427
65,"mobile|simple|high|multi_person",-3.34021924605259,34.5574532390427
65,"web|simple|high|multi_person",-6.77046252725581,34.5574532390427
65,"mobile|two_factor|high|multi_person",-5.37245343012181,34.5574532390427
65,"mobile|multi_factor|high|multi_person",-5.80563635987056,34.5574532390427
65,"mobile|simple|low|one_to_one",2.11612854827838,34.5574532390427
65,"web|simple|low|one_to_one",-1.31411473292484,34.5574532390427
65,"mobile|multi_factor|low|one_to_one",-0.349288565539586,34.5574532390427
65,"web|multi_factor|low|one_to_one",-3.7795318467428,34.5574532390427
65,"mobile|simple|medium|one_to_one",0.865116502960764,34.5574532390427
65,"mobile|two_factor|medium|one_to_one",-1.16711768110846,34.5574532390427
65,"mobile|multi_factor|medium|one_to_one",-1.6003006108572,34.5574532390427
65,"web|multi_factor|medium|one_to_one",-5.03054389206042,34.5574532390427
65,"web|simple|high|one_to_one",-3.91973458102605,34.5574532390427
65,"mobile|two_factor|high|one_to_one",-2.52172548389205,34.5574532390427
65,"mobile|multi_factor|high|one_to_one",-2.9549084136408,34.5574532390427
65,"web|multi_factor|high|one_to_one",-6.38515169484402,34.5574532390427
65,"web|simple|medium|multi_person",-5.41585472447222,34.5574532390427
65,"mobile|two_factor|medium|multi_person",-4.01784562733822,34.5574532390427
65,"web|two_factor|high|multi_person",-8.80269671132503,34.5574532390427
65,"web|multi_factor|high|multi_person",-9.23587964107378,34.5574532390427
65,"web|simple|medium|one_to_one",-2.56512677824246,34.5574532390427
65,"web|two_factor|medium|one_to_one",-4.59736096231167,34.5574532390427
65,"mobile|simple|high|one_to_one",-0.48949129982283,34.5574532390427
65,"mobile|simple|low|multi_person",-0.73459939795138,34.5574532390427
65,"web|multi_factor|low|multi_person",-6.63025979297257,34.5574532390427
65,"web|two_factor|medium|multi_person",-7.44808890854144,34.5574532390427
65,"mobile|two_factor|low|one_to_one",0.0838943642091601,34.5574532390427
65,"web|two_factor|high|one_to_one",-5.95196876509527,34.5574532390427
65,"web|two_factor|low|one_to_one",-3.34634891699406,34.5574532390427
68,"web|simple|low|multi_person",-2.98253653053493,33.8691719698358
68,"mobile|two_factor|low|multi_person",-3.71897445940929,33.8691719698358
68,"web|two_factor|low|multi_person",-6.38998873928479,33.8691719698358
68,"mobile|multi_factor|low|multi_person",-3.41085496662864,33.8691719698358
68,"mobile|simple|medium|multi_person",-2.22821834368583,33.8691719698358
68,"mobile|multi_factor|medium|multi_person",-5.32755105965504,33.8691719698358
68,"web|multi_factor|medium|multi_person",-7.99856533953054,33.8691719698358
68,"mobile|simple|high|multi_person",-3.1435875675848,33.8691719698358
68,"web|simple|high|multi_person",-5.8146018474603,33.8691719698358
68,"mobile|two_factor|high|multi_person",-6.55103977633466,33.8691719698358
68,"mobile|multi_factor|high|multi_person",-6.24292028355401,33.8691719698358
68,"mobile|simple|low|one_to_one",2.18910096678883,33.8691719698358
68,"web|simple|low|one_to_one",-0.48191331308667,33.8691719698358
68,"mobile|multi_factor|low|one_to_one",-0.910231749180381,33.8691719698358
68,"web|multi_factor|low|one_to_one",-3.58124602905588,33.8691719698358
68,"mobile|simple|medium|one_to_one",0.272404873762432,33.8691719698358
68,"mobile|two_factor|medium|one_to_one",-3.13504733498743,33.8691719698358
68,"mobile|multi_factor|medium|one_to_one",-2.82692784220678,33.8691719698358
68,"web|multi_factor|medium|one_to_one",-5.49794212208228,33.8691719698358
68,"web|simple|high|one_to_one",-3.31397863001204,33.8691719698358
68,"mobile|two_factor|high|one_to_one",-4.0504165588864,33.8691719698358
68,"mobile|multi_factor|high|one_to_one",-3.74229706610575,33.8691719698358
68,"web|multi_factor|high|one_to_one",-6.41331134598125,33.8691719698358
68,"web|simple|medium|multi_person",-4.89923262356133,33.8691719698358
68,"mobile|two_factor|medium|multi_person",-5.63567055243569,33.8691719698358
68,"web|two_factor|high|multi_person",-9.22205405621016,33.8691719698358
68,"web|multi_factor|high|multi_person",-8.91393456342951,33.8691719698358
68,"web|simple|medium|one_to_one",-2.39860940611307,33.8691719698358
68,"web|two_factor|medium|one_to_one",-5.80606161486293,33.8691719698358
68,"mobile|simple|high|one_to_one",-0.64296435013654,33.8691719698358
68,"mobile|simple|low|multi_person",-0.31152225065943,33.8691719698358
68,"web|multi_factor|low|multi_person",-6.08186924650414,33.8691719698358
68,"web|two_factor|medium|multi_person",-8.30668483231119,33.8691719698358
68,"mobile|two_factor|low|one_to_one",-1.21835124196103,33.8691719698358
68,"web|two_factor|high|one_to_one",-6.7214308387619,33.8691719698358
68,"web|two_factor|low|one_to_one",-3.88936552183653,33.8691719698358
69,"web|simple|low|multi_person",-2.53133417762952,29.454467245152
69,"mobile|two_factor|low|multi_person",-2.60748922662879,29.454467245152
69,"web|two_factor|low|multi_person",-6.10066937376995,29.454467245152
69,"mobile|multi_factor|low|multi_person",-4.47341310220239,29.454467245152
69,"mobile|simple|medium|multi_person",-2.22722437598249,29.454467245152
69,"mobile|multi_factor|medium|multi_person",-7.66248344769652,29.454467245152
69,"web|multi_factor|medium|multi_person",-11.1556635948377,29.454467245152
69,"mobile|simple|high|multi_person",-2.62069096972209,29.454467245152
69,"web|simple|high|multi_person",-6.11387111686325,29.454467245152
69,"mobile|two_factor|high|multi_person",-6.19002616586252,29.454467245152
69,"mobile|multi_factor|high|multi_person",-8.05595004143612,29.454467245152
69,"mobile|simple|low|one_to_one",2.53783676023974,29.454467245152
69,"web|simple|low|one_to_one",-0.95534338690142,29.454467245152
69,"mobile|multi_factor|low|one_to_one",-2.89742231147429,29.454467245152
69,"web|multi_factor|low|one_to_one",-6.39060245861545,29.454467245152
69,"mobile|simple|medium|one_to_one",-0.651233585254389,29.454467245152
69,"mobile|two_factor|medium|one_to_one",-4.22056878139482,29.454467245152
69,"mobile|multi_factor|medium|one_to_one",-6.08649265696842,29.454467245152
69,"web|multi_factor|medium|one_to_one",-9.57967280410958,29.454467245152
69,"web|simple|high|one_to_one",-4.53788032613515,29.454467245152
69,"mobile|two_factor|high|one_to_one",-4.61403537513442,29.454467245152
69,"mobile|multi_factor|high|one_to_one",-6.47995925070802,29.454467245152
69,"web|multi_factor|high|one_to_one",-9.97313939784918,29.454467245152
69,"web|simple|medium|multi_person",-5.72040452312365,29.454467245152
69,"mobile|two_factor|medium|multi_person",-5.79655957212292,29.454467245152
69,"web|two_factor|high|multi_person",-9.68320631300368,29.454467245152
69,"web|multi_factor|high|multi_person",-11.5491301885773,29.454467245152
69,"web|simple|medium|one_to_one",-4.14441373239555,29.454467245152
69,"web|two_factor|medium|one_to_one",-7.71374892853598,29.454467245152
69,"mobile|simple|high|one_to_one",-1.04470017899399,29.454467245152
69,"mobile|simple|low|multi_person",0.96184596951164,29.454467245152
69,"web|multi_factor|low|multi_person",-7.96659324934355,29.454467245152
69,"web|two_factor|medium|multi_person",-9.28973971926408,29.454467245152
69,"mobile|two_factor|low|one_to_one",-1.03149843590069,29.454467245152
69,"web|two_factor|high|one_to_one",-8.10721552227558,29.454467245152
69,"web|two_factor|low|one_to_one",-4.52467858304185,29.454467245152
70,"web|simple|low|multi_person",-4.27387318335349,24.5857220663904
70,"mobile|two_factor|low|multi_person",-4.7619202828281,24.5857220663904
70,"web|two_factor|low|multi_person",-9.5777122399693,24.5857220663904
70,"mobile|multi_factor|low|multi_person",-5.94677918548005,24.5857220663904
70,"mobile|simple|medium|multi_person",-1.45682137889542,24.5857220663904
70,"mobile|multi_factor|medium|multi_person",-7.94551933816318,24.5857220663904
70,"web|multi_factor|medium|multi_person",-12.7613112953044,24.5857220663904
70,"mobile|simple|high|multi_person",-2.22189813323741,24.5857220663904
70,"web|simple|high|multi_person",-7.03769009037861,24.5857220663904
70,"mobile|two_factor|high|multi_person",-7.52573718985322,24.5857220663904
70,"mobile|multi_factor|high|multi_person",-8.71059609250517,24.5857220663904
70,"mobile|simple|low|one_to_one",2.71271313323861,24.5857220663904
70,"web|simple|low|one_to_one",-2.10307882390259,24.5857220663904
70,"mobile|multi_factor|low|one_to_one",-3.77598482602915,24.5857220663904
70,"web|multi_factor|low|one_to_one",-8.59177678317035,24.5857220663904
70,"mobile|simple|medium|one_to_one",0.713972980555476,24.5857220663904
70,"mobile|two_factor|medium|one_to_one",-4.58986607606033,24.5857220663904
70,"mobile|multi_factor|medium|one_to_one",-5.77472497871228,24.5857220663904
70,"web|multi_factor|medium|one_to_one",-10.5905169358535,24.5857220663904
70,"web|simple|high|one_to_one",-4.86689573092771,24.5857220663904
70,"mobile|two_factor|high|one_to_one",-5.35494283040232,24.5857220663904
70,"mobile|multi_factor|high|one_to_one",-6.53980173305427,24.5857220663904
70,"web|multi_factor|high|one_to_one",-11.3555936901955,24.5857220663904
70,"web|simple|medium|multi_person",-6.27261333603662,24.5857220663904
70,"mobile|two_factor|medium|multi_person",-6.76066043551123,24.5857220663904
70,"web|two_factor|high|multi_person",-12.3415291469944,24.5857220663904
70,"web|multi_factor|high|multi_person",-13.5263880496464,24.5857220663904
70,"web|simple|medium|one_to_one",-4.10181897658572,24.5857220663904
70,"web|two_factor|medium|one_to_one",-9.40565803320153,24.5857220663904
70,"mobile|simple|high|one_to_one",-0.0511037737865099,24.5857220663904
70,"mobile|simple|low|multi_person",0.54191877378771,24.5857220663904
70,"web|multi_factor|low|multi_person",-10.7625711426213,24.5857220663904
70,"web|two_factor|medium|multi_person",-11.5764523926524,24.5857220663904
70,"mobile|two_factor|low|one_to_one",-2.5911259233772,24.5857220663904
70,"web|two_factor|high|one_to_one",-10.1707347875435,24.5857220663904
70,"web|two_factor|low|one_to_one",-7.4069178805184,24.5857220663904
71,"web|simple|low|multi_person",-4.11245725096634,19.2710834085911
71,"mobile|two_factor|low|multi_person",-4.76173325749369,19.2710834085911
71,"web|two_factor|low|multi_person",-9.78339815262397,19.2710834085911
71,"mobile|multi_factor|low|multi_person",-7.19649466632455,19.2710834085911
71,"mobile|simple|medium|multi_person",-1.52967694343171,19.2710834085911
71,"mobile|multi_factor|medium|multi_person",-9.6353792539202,19.2710834085911
71,"web|multi_factor|medium|multi_person",-14.6570441490505,19.2710834085911
71,"mobile|simple|high|multi_person",-2.09328402997586,19.2710834085911
71,"web|simple|high|multi_person",-7.11494892510614,19.2710834085911
71,"mobile|two_factor|high|multi_person",-7.76422493163349,19.2710834085911
71,"mobile|multi_factor|high|multi_person",-10.1989863404643,19.2710834085911
71,"mobile|simple|low|one_to_one",1.47810627810362,19.2710834085911
71,"web|simple|low|one_to_one",-3.54355861702666,19.2710834085911
71,"mobile|multi_factor|low|one_to_one",-6.62759603238487,19.2710834085911
71,"web|multi_factor|low|one_to_one",-11.6492609275152,19.2710834085911
71,"mobile|simple|medium|one_to_one",-0.960778309492037,19.2710834085911
71,"mobile|two_factor|medium|one_to_one",-6.63171921114967,19.2710834085911
71,"mobile|multi_factor|medium|one_to_one",-9.06648061998053,19.2710834085911
71,"web|multi_factor|medium|one_to_one",-14.0881455151108,19.2710834085911
71,"web|simple|high|one_to_one",-6.54605029116646,19.2710834085911
71,"mobile|two_factor|high|one_to_one",-7.19532629769381,19.2710834085911
71,"mobile|multi_factor|high|one_to_one",-9.63008770652467,19.2710834085911
71,"web|multi_factor|high|one_to_one",-14.651752601655,19.2710834085911
71,"web|simple|medium|multi_person",-6.55134183856199,19.2710834085911
71,"mobile|two_factor|medium|multi_person",-7.20061784508934,19.2710834085911
71,"web|two_factor|high|multi_person",-12.7858898267638,19.2710834085911
71,"web|multi_factor|high|multi_person",-15.2206512355946,19.2710834085911
71,"web|simple|medium|one_to_one",-5.98244320462232,19.2710834085911
71,"web|two_factor|medium|one_to_one",-11.6533841062799,19.2710834085911
71,"mobile|simple|high|one_to_one",-1.52438539603618,19.2710834085911
71,"mobile|simple|low|multi_person",0.909207644163945,19.2710834085911
71,"web|multi_factor|low|multi_person",-12.2181595614548,19.2710834085911
71,"web|two_factor|medium|multi_person",-12.2222827402196,19.2710834085911
71,"mobile|two_factor|low|one_to_one",-4.19283462355401,19.2710834085911
71,"web|two_factor|high|one_to_one",-12.2169911928241,19.2710834085911
71,"web|two_factor|low|one_to_one",-9.2144995186843,19.2710834085911
72,"web|simple|low|multi_person",-4.10485556179342,20.1571383350686
72,"mobile|two_factor|low|multi_person",-4.26399486662581,20.1571383350686
72,"web|two_factor|low|multi_person",-8.99750667643101,20.1571383350686
72,"mobile|multi_factor|low|multi_person",-7.23205618203705,20.1571383350686
72,"mobile|simple|medium|multi_person",-1.60712295846828,20.1571383350686
72,"mobile|multi_factor|medium|multi_person",-9.46783538851711,20.1571383350686
72,"web|multi_factor|medium|multi_person",-14.2013471983223,20.1571383350686
72,"mobile|simple|high|multi_person",-1.66780861972075,20.1571383350686
72,"web|simple|high|multi_person",-6.40132042952595,20.1571383350686
72,"mobile|two_factor|high|multi_person",-6.56045973435835,20.1571383350686
72,"mobile|multi_factor|high|multi_person",-9.52852104976958,20.1571383350686
72,"mobile|simple|low|one_to_one",1.14796336082004,20.1571383350686
72,"web|simple|low|one_to_one",-3.58554844898516,20.1571383350686
72,"mobile|multi_factor|low|one_to_one",-6.71274906922879,20.1571383350686
72,"web|multi_factor|low|one_to_one",-11.446260879034,20.1571383350686
72,"mobile|simple|medium|one_to_one",-1.08781584566002,20.1571383350686
72,"mobile|two_factor|medium|one_to_one",-5.98046696029761,20.1571383350686
72,"mobile|multi_factor|medium|one_to_one",-8.94852827570885,20.1571383350686
72,"web|multi_factor|medium|one_to_one",-13.682040085514,20.1571383350686
72,"web|simple|high|one_to_one",-5.88201331671769,20.1571383350686
72,"mobile|two_factor|high|one_to_one",-6.04115262155008,20.1571383350686
72,"mobile|multi_factor|high|one_to_one",-9.00921393696132,20.1571383350686
72,"web|multi_factor|high|one_to_one",-13.7427257467665,20.1571383350686
72,"web|simple|medium|multi_person",-6.34063476827348,20.1571383350686
72,"mobile|two_factor|medium|multi_person",-6.49977407310587,20.1571383350686
72,"web|two_factor|high|multi_person",-11.2939715441635,20.1571383350686
72,"web|multi_factor|high|multi_person",-14.2620328595748,20.1571383350686
72,"web|simple|medium|one_to_one",-5.82132765546522,20.1571383350686
72,"web|two_factor|medium|one_to_one",-10.7139787701028,20.1571383350686
72,"mobile|simple|high|one_to_one",-1.14850150691249,20.1571383350686
72,"mobile|simple|low|multi_person",0.628656248011778,20.1571383350686
72,"web|multi_factor|low|multi_person",-11.9655679918423,20.1571383350686
72,"web|two_factor|medium|multi_person",-11.2332858829111,20.1571383350686
72,"mobile|two_factor|low|one_to_one",-3.74468775381755,20.1571383350686
72,"web|two_factor|high|one_to_one",-10.7746644313553,20.1571383350686
72,"web|two_factor|low|one_to_one",-8.47819956362275,20.1571383350686
73,"web|simple|low|multi_person",-3.5106419844048,29.5696552391769
73,"mobile|two_factor|low|multi_person",-3.43671646557553,29.5696552391769
73,"web|two_factor|low|multi_person",-6.78215189695929,29.5696552391769
73,"mobile|multi_factor|low|multi_person",-5.73662916059254,29.5696552391769
73,"mobile|simple|medium|multi_person",-2.25187231769091,29.5696552391769
73,"mobile|multi_factor|medium|multi_person",-7.82329492526241,29.5696552391769
73,"web|multi_factor|medium|multi_person",-11.1687303566462,29.5696552391769
73,"mobile|simple|high|multi_person",-2.90256896760323,29.5696552391769
73,"web|simple|high|multi_person",-6.24800439898699,29.5696552391769
73,"mobile|two_factor|high|multi_person",-6.17407888015772,29.5696552391769
73,"mobile|multi_factor|high|multi_person",-8.47399157517473,29.5696552391769
73,"mobile|simple|low|one_to_one",2.3631627353581,29.5696552391769
73,"web|simple|low|one_to_one",-0.98227269602566,29.5696552391769
73,"mobile|multi_factor|low|one_to_one",-3.2082598722134,29.5696552391769
73,"web|multi_factor|low|one_to_one",-6.55369530359716,29.5696552391769
73,"mobile|simple|medium|one_to_one",0.276496970688231,29.5696552391769
73,"mobile|two_factor|medium|one_to_one",-2.99501294186626,29.5696552391769
73,"mobile|multi_factor|medium|one_to_one",-5.29492563688327,29.5696552391769
73,"web|multi_factor|medium|one_to_one",-8.64036106826703,29.5696552391769
73,"web|simple|high|one_to_one",-3.71963511060785,29.5696552391769
73,"mobile|two_factor|high|one_to_one",-3.64570959177858,29.5696552391769
73,"mobile|multi_factor|high|one_to_one",-5.94562228679559,29.5696552391769
73,"web|multi_factor|high|one_to_one",-9.29105771817935,29.5696552391769
73,"web|simple|medium|multi_person",-5.59730774907467,29.5696552391769
73,"mobile|two_factor|medium|multi_person",-5.5233822302454,29.5696552391769
73,"web|two_factor|high|multi_person",-9.51951431154148,29.5696552391769
73,"web|multi_factor|high|multi_person",-11.8194270065585,29.5696552391769
73,"web|simple|medium|one_to_one",-3.06893846069553,29.5696552391769
73,"web|two_factor|medium|one_to_one",-6.34044837325002,29.5696552391769
73,"mobile|simple|high|one_to_one",-0.37419967922409,29.5696552391769
73,"mobile|simple|low|multi_person",-0.16520655302104,29.5696552391769
73,"web|multi_factor|low|multi_person",-9.0820645919763,29.5696552391769
73,"web|two_factor|medium|multi_person",-8.86881766162916,29.5696552391769
73,"mobile|two_factor|low|one_to_one",-0.90834717719639,29.5696552391769
73,"web|two_factor|high|one_to_one",-6.99114502316234,29.5696552391769
73,"web|two_factor|low|one_to_one",-4.25378260858015,29.5696552391769
74,"web|simple|low|multi_person",-7.02648016363372,23.4823425608709
74,"mobile|two_factor|low|multi_person",-4.9557727242416,23.4823425608709
74,"web|two_factor|low|multi_person",-9.64363850508142,23.4823425608709
74,"mobile|multi_factor|low|multi_person",-5.86758848820545,23.4823425608709
74,"mobile|simple|medium|multi_person",-2.83966601647517,23.4823425608709
74,"mobile|multi_factor|medium|multi_person",-6.36864012188672,23.4823425608709
74,"web|multi_factor|medium|multi_person",-11.0565059027265,23.4823425608709
74,"mobile|simple|high|multi_person",-3.31274715029078,23.4823425608709
74,"web|simple|high|multi_person",-8.0006129311306,23.4823425608709
74,"mobile|two_factor|high|multi_person",-5.92990549173848,23.4823425608709
74,"mobile|multi_factor|high|multi_person",-6.84172125570233,23.4823425608709
74,"mobile|simple|low|one_to_one",-0.807366497892361,23.4823425608709
74,"web|simple|low|one_to_one",-5.49523227873218,23.4823425608709
74,"mobile|multi_factor|low|one_to_one",-4.33634060330391,23.4823425608709
74,"web|multi_factor|low|one_to_one",-9.02420638414373,23.4823425608709
74,"mobile|simple|medium|one_to_one",-1.30841813157363,23.4823425608709
74,"mobile|two_factor|medium|one_to_one",-3.92557647302133,23.4823425608709
74,"mobile|multi_factor|medium|one_to_one",-4.83739223698518,23.4823425608709
74,"web|multi_factor|medium|one_to_one",-9.525258017825,23.4823425608709
74,"web|simple|high|one_to_one",-6.46936504622906,23.4823425608709
74,"mobile|two_factor|high|one_to_one",-4.39865760683693,23.4823425608709
74,"mobile|multi_factor|high|one_to_one",-5.31047337080079,23.4823425608709
74,"web|multi_factor|high|one_to_one",-9.9983391516406,23.4823425608709
74,"web|simple|medium|multi_person",-7.52753179731499,23.4823425608709
74,"mobile|two_factor|medium|multi_person",-5.45682435792287,23.4823425608709
74,"web|two_factor|high|multi_person",-10.6177712725783,23.4823425608709
74,"web|multi_factor|high|multi_person",-11.5295870365421,23.4823425608709
74,"web|simple|medium|one_to_one",-5.99628391241345,23.4823425608709
74,"web|two_factor|medium|one_to_one",-8.61344225386115,23.4823425608709
74,"mobile|simple|high|one_to_one",-1.78149926538924,23.4823425608709
74,"mobile|simple|low|multi_person",-2.3386143827939,23.4823425608709
74,"web|multi_factor|low|multi_person",-10.5554542690453,23.4823425608709
74,"web|two_factor|medium|multi_person",-10.1446901387627,23.4823425608709
74,"mobile|two_factor|low|one_to_one",-3.42452483934006,23.4823425608709
74,"web|two_factor|high|one_to_one",-9.08652338767675,23.4823425608709
74,"web|two_factor|low|one_to_one",-8.11239062017988,23.4823425608709
75,"web|simple|low|multi_person",-4.53415493644409,20.3125844933595
75,"mobile|two_factor|low|multi_person",-3.8688273367526,20.3125844933595
75,"web|two_factor|low|multi_person",-8.18120275969457,20.3125844933595
75,"mobile|multi_factor|low|multi_person",-5.92442203442739,20.3125844933595
75,"mobile|simple|medium|multi_person",-4.11930064157144,20.3125844933595
75,"mobile|multi_factor|medium|multi_person",-9.8219431624967,20.3125844933595
75,"web|multi_factor|medium|multi_person",-14.1343185854387,20.3125844933595
75,"mobile|simple|high|multi_person",-3.62225578061035,20.3125844933595
75,"web|simple|high|multi_person",-7.93463120355231,20.3125844933595
75,"mobile|two_factor|high|multi_person",-7.26930360386083,20.3125844933595
75,"mobile|multi_factor|high|multi_person",-9.32489830153561,20.3125844933595
75,"mobile|simple|low|one_to_one",0.889005924588225,20.3125844933595
75,"web|simple|low|one_to_one",-3.42336949835374,20.3125844933595
75,"mobile|multi_factor|low|one_to_one",-4.81363659633704,20.3125844933595
75,"web|multi_factor|low|one_to_one",-9.126012019279,20.3125844933595
75,"mobile|simple|medium|one_to_one",-3.00851520348109,20.3125844933595
75,"mobile|two_factor|medium|one_to_one",-6.65556302673157,20.3125844933595
75,"mobile|multi_factor|medium|one_to_one",-8.71115772440634,20.3125844933595
75,"web|multi_factor|medium|one_to_one",-13.0235331473483,20.3125844933595
75,"web|simple|high|one_to_one",-6.82384576546196,20.3125844933595
75,"mobile|two_factor|high|one_to_one",-6.15851816577048,20.3125844933595
75,"mobile|multi_factor|high|one_to_one",-8.21411286344526,20.3125844933595
75,"web|multi_factor|high|one_to_one",-12.5264882863872,20.3125844933595
75,"web|simple|medium|multi_person",-8.4316760645134,20.3125844933595
75,"mobile|two_factor|medium|multi_person",-7.76634846482191,20.3125844933595
75,"web|two_factor|high|multi_person",-11.5816790268028,20.3125844933595
75,"web|multi_factor|high|multi_person",-13.6372737244776,20.3125844933595
75,"web|simple|medium|one_to_one",-7.32089062642305,20.3125844933595
75,"web|two_factor|medium|one_to_one",-10.9679384496735,20.3125844933595
75,"mobile|simple|high|one_to_one",-2.51147034252,20.3125844933595
75,"mobile|simple|low|multi_person",-0.221779513502125,20.3125844933595
75,"web|multi_factor|low|multi_person",-10.2367974573693,20.3125844933595
75,"web|two_factor|medium|multi_person",-12.0787238877639,20.3125844933595
75,"mobile|two_factor|low|one_to_one",-2.75804189866226,20.3125844933595
75,"web|two_factor|high|one_to_one",-10.4708935887124,20.3125844933595
75,"web|two_factor|low|one_to_one",-7.07041732160422,20.3125844933595
76,"web|simple|low|multi_person",-4.30238241671173,33.5725658699548
76,"mobile|two_factor|low|multi_person",-2.34011666728438,33.5725658699548
76,"web|two_factor|low|multi_person",-6.13105040482434,33.5725658699548
76,"mobile|multi_factor|low|multi_person",-2.72007310556285,33.5725658699548
76,"mobile|simple|medium|multi_person",-1.58254460686843,33.5725658699548
76,"mobile|multi_factor|medium|multi_person",-3.79116903325952,33.5725658699548
76,"web|multi_factor|medium|multi_person",-7.58210277079948,33.5725658699548
76,"mobile|simple|high|multi_person",-2.9982338066225,33.5725658699548
76,"web|simple|high|multi_person",-6.78916754416246,33.5725658699548
76,"mobile|two_factor|high|multi_person",-4.82690179473511,33.5725658699548
76,"mobile|multi_factor|high|multi_person",-5.20685823301358,33.5725658699548
76,"mobile|simple|low|one_to_one",1.36383410949108,33.5725658699548
76,"web|simple|low|one_to_one",-2.42709962804888,33.5725658699548
76,"mobile|multi_factor|low|one_to_one",-0.844790316900003,33.5725658699548
76,"web|multi_factor|low|one_to_one",-4.63572405443996,33.5725658699548
76,"mobile|simple|medium|one_to_one",0.292738181794419,33.5725658699548
76,"mobile|two_factor|medium|one_to_one",-1.53592980631819,33.5725658699548
76,"mobile|multi_factor|medium|one_to_one",-1.91588624459667,33.5725658699548
76,"web|multi_factor|medium|one_to_one",-5.70681998213663,33.5725658699548
76,"web|simple|high|one_to_one",-4.91388475549961,33.5725658699548
76,"mobile|two_factor|high|one_to_one",-2.95161900607226,33.5725658699548
76,"mobile|multi_factor|high|one_to_one",-3.33157544435073,33.5725658699548
76,"web|multi_factor|high|one_to_one",-7.12250918189069,33.5725658699548
76,"web|simple|medium|multi_person",-5.37347834440839,33.5725658699548
76,"mobile|two_factor|medium|multi_person",-3.41121259498104,33.5725658699548
76,"web|two_factor|high|multi_person",-8.61783553227507,33.5725658699548
76,"web|multi_factor|high|multi_person",-8.99779197055354,33.5725658699548
76,"web|simple|medium|one_to_one",-3.49819555574554,33.5725658699548
76,"web|two_factor|medium|one_to_one",-5.32686354385815,33.5725658699548
76,"mobile|simple|high|one_to_one",-1.12295101795964,33.5725658699548
76,"mobile|simple|low|multi_person",-0.511448679171765,33.5725658699548
76,"web|multi_factor|low|multi_person",-6.51100684310281,33.5725658699548
76,"web|two_factor|medium|multi_person",-7.202146332521,33.5725658699548
76,"mobile|two_factor|low|one_to_one",-0.464833878621527,33.5725658699548
76,"web|two_factor|high|one_to_one",-6.74255274361222,33.5725658699548
76,"web|two_factor|low|one_to_one",-4.25576761616149,33.5725658699548
77,"web|simple|low|multi_person",-3.60329779951643,30.3555976651585
77,"mobile|two_factor|low|multi_person",-3.26238126023753,30.3555976651585
77,"web|two_factor|low|multi_person",-7.02831460191971,30.3555976651585
77,"mobile|multi_factor|low|multi_person",-4.68299706050228,30.3555976651585
77,"mobile|simple|medium|multi_person",-2.16702090931777,30.3555976651585
77,"mobile|multi_factor|medium|multi_person",-7.0126535119858,30.3555976651585
77,"web|multi_factor|medium|multi_person",-10.778586853668,30.3555976651585
77,"mobile|simple|high|multi_person",-2.37274281152378,30.3555976651585
77,"web|simple|high|multi_person",-6.13867615320596,30.3555976651585
77,"mobile|two_factor|high|multi_person",-5.79775961392706,30.3555976651585
77,"mobile|multi_factor|high|multi_person",-7.21837541419181,30.3555976651585
77,"mobile|simple|low|one_to_one",2.27411134789425,30.3555976651585
77,"web|simple|low|one_to_one",-1.49182199378793,30.3555976651585
77,"mobile|multi_factor|low|one_to_one",-2.57152125477378,30.3555976651585
77,"web|multi_factor|low|one_to_one",-6.33745459645596,30.3555976651585
77,"mobile|simple|medium|one_to_one",-0.0555451035892709,30.3555976651585
77,"mobile|two_factor|medium|one_to_one",-3.48056190599255,30.3555976651585
77,"mobile|multi_factor|medium|one_to_one",-4.9011777062573,30.3555976651585
77,"web|multi_factor|medium|one_to_one",-8.66711104793948,30.3555976651585
77,"web|simple|high|one_to_one",-4.02720034747746,30.3555976651585
77,"mobile|two_factor|high|one_to_one",-3.68628380819856,30.3555976651585
77,"mobile|multi_factor|high|one_to_one",-5.10689960846331,30.3555976651585
77,"web|multi_factor|high|one_to_one",-8.87283295014549,30.3555976651585
77,"web|simple|medium|multi_person",-5.93295425099995,30.3555976651585
77,"mobile|two_factor|medium|multi_person",-5.59203771172105,30.3555976651585
77,"web|two_factor|high|multi_person",-9.56369295560924,30.3555976651585
77,"web|multi_factor|high|multi_person",-10.984308755874,30.3555976651585
77,"web|simple|medium|one_to_one",-3.82147844527145,30.3555976651585
77,"web|two_factor|medium|one_to_one",-7.24649524767473,30.3555976651585
77,"mobile|simple|high|one_to_one",-0.26126700579528,30.3555976651585
77,"mobile|simple|low|multi_person",0.16263554216575,30.3555976651585
77,"web|multi_factor|low|multi_person",-8.44893040218446,30.3555976651585
77,"web|two_factor|medium|multi_person",-9.35797105340323,30.3555976651585
77,"mobile|two_factor|low|one_to_one",-1.15090545450903,30.3555976651585
77,"web|two_factor|high|one_to_one",-7.45221714988074,30.3555976651585
77,"web|two_factor|low|one_to_one",-4.91683879619121,30.3555976651585
78,"web|simple|low|multi_person",-3.54182638567323,34.803129360822
78,"mobile|two_factor|low|multi_person",-2.16024658891858,34.803129360822
78,"web|two_factor|low|multi_person",-4.9490617211796,34.803129360822
78,"mobile|multi_factor|low|multi_person",-3.46444910930826,34.803129360822
78,"mobile|simple|medium|multi_person",-2.48978658608411,34.803129360822
78,"mobile|multi_factor|medium|multi_person",-5.20122444198016,34.803129360822
78,"web|multi_factor|medium|multi_person",-7.99003957424118,34.803129360822
78,"mobile|simple|high|multi_person",-2.95895653763052,34.803129360822
78,"web|simple|high|multi_person",-5.74777166989154,34.803129360822
78,"mobile|two_factor|high|multi_person",-4.36619187313689,34.803129360822
78,"mobile|multi_factor|high|multi_person",-5.67039439352657,34.803129360822
78,"mobile|simple|low|one_to_one",1.12526556147043,34.803129360822
78,"web|simple|low|one_to_one",-1.66354957079059,34.803129360822
78,"mobile|multi_factor|low|one_to_one",-1.58617229442562,34.803129360822
78,"web|multi_factor|low|one_to_one",-4.37498742668664,34.803129360822
78,"mobile|simple|medium|one_to_one",-0.61150977120148,34.803129360822
78,"mobile|two_factor|medium|one_to_one",-2.01874510670785,34.803129360822
78,"mobile|multi_factor|medium|one_to_one",-3.32294762709753,34.803129360822
78,"web|multi_factor|medium|one_to_one",-6.11176275935855,34.803129360822
78,"web|simple|high|one_to_one",-3.86949485500891,34.803129360822
78,"mobile|two_factor|high|one_to_one",-2.48791505825426,34.803129360822
78,"mobile|multi_factor|high|one_to_one",-3.79211757864394,34.803129360822
78,"web|multi_factor|high|one_to_one",-6.58093271090496,34.803129360822
78,"web|simple|medium|multi_person",-5.27860171834513,34.803129360822
78,"mobile|two_factor|medium|multi_person",-3.89702192159048,34.803129360822
78,"web|two_factor|high|multi_person",-7.15500700539791,34.803129360822
78,"web|multi_factor|high|multi_person",-8.45920952578759,34.803129360822
78,"web|simple|medium|one_to_one",-3.4003249034625,34.803129360822
78,"web|two_factor|medium|one_to_one",-4.80756023896887,34.803129360822
78,"mobile|simple|high|one_to_one",-1.08067972274789,34.803129360822
78,"mobile|simple|low|multi_person",-0.753011253412206,34.803129360822
78,"web|multi_factor|low|multi_person",-6.25326424156928,34.803129360822
78,"web|two_factor|medium|multi_person",-6.68583705385151,34.803129360822
78,"mobile|two_factor|low|one_to_one",-0.281969774035947,34.803129360822
78,"web|two_factor|high|one_to_one",-5.27673019051528,34.803129360822
78,"web|two_factor|low|one_to_one",-3.07078490629697,34.803129360822
79,"web|simple|low|multi_person",-3.23619477251443,29.3116401422267
79,"mobile|two_factor|low|multi_person",-3.1853389181747,29.3116401422267
79,"web|two_factor|low|multi_person",-7.30293101312112,29.3116401422267
79,"mobile|multi_factor|low|multi_person",-4.41376470993853,29.3116401422267
79,"mobile|simple|medium|multi_person",-1.02821668884156,29.3116401422267
79,"mobile|multi_factor|medium|multi_person",-6.32337872121208,29.3116401422267
79,"web|multi_factor|medium|multi_person",-10.4409708161585,29.3116401422267
79,"mobile|simple|high|multi_person",-2.55986072455767,29.3116401422267
79,"web|simple|high|multi_person",-6.67745281950409,29.3116401422267
79,"mobile|two_factor|high|multi_person",-6.62659696516436,29.3116401422267
79,"mobile|multi_factor|high|multi_person",-7.85502275692819,29.3116401422267
79,"mobile|simple|low|one_to_one",2.77668414441783,29.3116401422267
79,"web|simple|low|one_to_one",-1.34090795052859,29.3116401422267
79,"mobile|multi_factor|low|one_to_one",-2.51847788795269,29.3116401422267
79,"web|multi_factor|low|one_to_one",-6.63606998289911,29.3116401422267
79,"mobile|simple|medium|one_to_one",0.867070133144283,29.3116401422267
79,"mobile|two_factor|medium|one_to_one",-3.19966610746241,29.3116401422267
79,"mobile|multi_factor|medium|one_to_one",-4.42809189922624,29.3116401422267
79,"web|multi_factor|medium|one_to_one",-8.54568399417266,29.3116401422267
79,"web|simple|high|one_to_one",-4.78216599751825,29.3116401422267
79,"mobile|two_factor|high|one_to_one",-4.73131014317852,29.3116401422267
79,"mobile|multi_factor|high|one_to_one",-5.95973593494235,29.3116401422267
79,"web|multi_factor|high|one_to_one",-10.0773280298888,29.3116401422267
79,"web|simple|medium|multi_person",-5.14580878378798,29.3116401422267
79,"mobile|two_factor|medium|multi_person",-5.09495292944825,29.3116401422267
79,"web|two_factor|high|multi_person",-10.7441890601108,29.3116401422267
79,"web|multi_factor|high|multi_person",-11.9726148518746,29.3116401422267
79,"web|simple|medium|one_to_one",-3.25052196180214,29.3116401422267
79,"web|two_factor|medium|one_to_one",-7.31725820240883,29.3116401422267
79,"mobile|simple|high|one_to_one",-0.664573902571828,29.3116401422267
79,"mobile|simple|low|multi_person",0.881397322431987,29.3116401422267
79,"web|multi_factor|low|multi_person",-8.53135680488495,29.3116401422267
79,"web|two_factor|medium|multi_person",-9.21254502439467,29.3116401422267
79,"mobile|two_factor|low|one_to_one",-1.29005209618886,29.3116401422267
79,"web|two_factor|high|one_to_one",-8.84890223812494,29.3116401422267
79,"web|two_factor|low|one_to_one",-5.40764419113528,29.3116401422267
80,"web|simple|low|multi_person",-4.11639707899745,31.104723848321
80,"mobile|two_factor|low|multi_person",-1.59432231739103,31.104723848321
80,"web|two_factor|low|multi_person",-5.27581368741235,31.104723848321
80,"mobile|multi_factor|low|multi_person",-4.38256294979926,31.104723848321
80,"mobile|simple|medium|multi_person",-2.66988573903232,31.104723848321
80,"mobile|multi_factor|medium|multi_person",-6.61754297985545,31.104723848321
80,"web|multi_factor|medium|multi_person",-10.2990343498768,31.104723848321
80,"mobile|simple|high|multi_person",-2.72921030579758,31.104723848321
80,"web|simple|high|multi_person",-6.4107016758189,31.104723848321
80,"mobile|two_factor|high|multi_person",-3.88862691421248,31.104723848321
80,"mobile|multi_factor|high|multi_person",-6.67686754662071,31.104723848321
80,"mobile|simple|low|one_to_one",0.914823236873206,31.104723848321
80,"web|simple|low|one_to_one",-2.76666813314811,31.104723848321
80,"mobile|multi_factor|low|one_to_one",-3.03283400394992,31.104723848321
80,"web|multi_factor|low|one_to_one",-6.71432537397124,31.104723848321
80,"mobile|simple|medium|one_to_one",-1.32015679318299,31.104723848321
80,"mobile|two_factor|medium|one_to_one",-2.47957340159789,31.104723848321
80,"mobile|multi_factor|medium|one_to_one",-5.26781403400612,31.104723848321
80,"web|multi_factor|medium|one_to_one",-8.94930540402744,31.104723848321
80,"web|simple|high|one_to_one",-5.06097272996957,31.104723848321
80,"mobile|two_factor|high|one_to_one",-2.53889796836315,31.104723848321
80,"mobile|multi_factor|high|one_to_one",-5.32713860077138,31.104723848321
80,"web|multi_factor|high|one_to_one",-9.0086299707927,31.104723848321
80,"web|simple|medium|multi_person",-6.35137710905364,31.104723848321
80,"mobile|two_factor|medium|multi_person",-3.82930234744723,31.104723848321
80,"web|two_factor|high|multi_person",-7.5701182842338,31.104723848321
80,"web|multi_factor|high|multi_person",-10.358358916642,31.104723848321
80,"web|simple|medium|one_to_one",-5.00164816320431,31.104723848321
80,"web|two_factor|medium|one_to_one",-6.16106477161921,31.104723848321
80,"mobile|simple|high|one_to_one",-1.37948135994825,31.104723848321
80,"mobile|simple|low|multi_person",-0.434905708976126,31.104723848321
80,"web|multi_factor|low|multi_person",-8.06405431982058,31.104723848321
80,"web|two_factor|medium|multi_person",-7.51079371746855,31.104723848321
80,"mobile|two_factor|low|one_to_one",-0.244593371541696,31.104723848321
80,"web|two_factor|high|one_to_one",-6.22038933838447,31.104723848321
80,"web|two_factor|low|one_to_one",-3.92608474156302,31.104723848321
81,"web|simple|low|multi_person",-3.09635448174528,32.2577357390623
81,"mobile|two_factor|low|multi_person",-1.29430033693318,32.2577357390623
81,"web|two_factor|low|multi_person",-4.7909786213067,32.2577357390623
81,"mobile|multi_factor|low|multi_person",-3.41254599489689,32.2577357390623
81,"mobile|simple|medium|multi_person",-2.40045935396609,32.2577357390623
81,"mobile|multi_factor|medium|multi_person",-6.21332915149122,32.2577357390623
81,"web|multi_factor|medium|multi_person",-9.71000743586474,32.2577357390623
81,"mobile|simple|high|multi_person",-2.60711672169412,32.2577357390623
81,"web|simple|high|multi_person",-6.10379500606764,32.2577357390623
81,"mobile|two_factor|high|multi_person",-4.30174086125554,32.2577357390623
81,"mobile|multi_factor|high|multi_person",-6.41998651921925,32.2577357390623
81,"mobile|simple|low|one_to_one",1.7156598428808,32.2577357390623
81,"web|simple|low|one_to_one",-1.78101844149272,32.2577357390623
81,"mobile|multi_factor|low|one_to_one",-2.09720995464433,32.2577357390623
81,"web|multi_factor|low|one_to_one",-5.59388823901785,32.2577357390623
81,"mobile|simple|medium|one_to_one",-1.08512331371352,32.2577357390623
81,"mobile|two_factor|medium|one_to_one",-2.77974745327493,32.2577357390623
81,"mobile|multi_factor|medium|one_to_one",-4.89799311123865,32.2577357390623
81,"web|multi_factor|medium|one_to_one",-8.39467139561217,32.2577357390623
81,"web|simple|high|one_to_one",-4.78845896581508,32.2577357390623
81,"mobile|two_factor|high|one_to_one",-2.98640482100297,32.2577357390623
81,"mobile|multi_factor|high|one_to_one",-5.10465047896669,32.2577357390623
81,"web|multi_factor|high|one_to_one",-8.60132876334021,32.2577357390623
81,"web|simple|medium|multi_person",-5.89713763833961,32.2577357390623
81,"mobile|two_factor|medium|multi_person",-4.0950834935275,32.2577357390623
81,"web|two_factor|high|multi_person",-7.79841914562906,32.2577357390623
81,"web|multi_factor|high|multi_person",-9.91666480359277,32.2577357390623
81,"web|simple|medium|one_to_one",-4.58180159808704,32.2577357390623
81,"web|two_factor|medium|one_to_one",-6.27642573764846,32.2577357390623
81,"mobile|simple|high|one_to_one",-1.29178068144156,32.2577357390623
81,"mobile|simple|low|multi_person",0.400323802628236,32.2577357390623
81,"web|multi_factor|low|multi_person",-6.90922427927041,32.2577357390623
81,"web|two_factor|medium|multi_person",-7.59176177790102,32.2577357390623
81,"mobile|two_factor|low|one_to_one",0.0210357033193911,32.2577357390623
81,"web|two_factor|high|one_to_one",-6.48308310537649,32.2577357390623
81,"web|two_factor|low|one_to_one",-3.47564258105413,32.2577357390623
82,"web|simple|low|multi_person",-3.72677906740877,26.7060231236354
82,"mobile|two_factor|low|multi_person",-3.93759213215323,26.7060231236354
82,"web|two_factor|low|multi_person",-7.24219397070925,26.7060231236354
82,"mobile|multi_factor|low|multi_person",-6.31572334028117,26.7060231236354
82,"mobile|simple|medium|multi_person",-2.39802277861232,26.7060231236354
82,"mobile|multi_factor|medium|multi_person",-8.29156889004074,26.7060231236354
82,"web|multi_factor|medium|multi_person",-11.5961707285968,26.7060231236354
82,"mobile|simple|high|multi_person",-2.4927146322321,26.7060231236354
82,"web|simple|high|multi_person",-5.79731647078812,26.7060231236354
82,"mobile|two_factor|high|multi_person",-6.00812953553259,26.7060231236354
82,"mobile|multi_factor|high|multi_person",-8.38626074366052,26.7060231236354
82,"mobile|simple|low|one_to_one",0.879380358591465,26.7060231236354
82,"web|simple|low|one_to_one",-2.42522147996456,26.7060231236354
82,"mobile|multi_factor|low|one_to_one",-5.01416575283696,26.7060231236354
82,"web|multi_factor|low|one_to_one",-8.31876759139297,26.7060231236354
82,"mobile|simple|medium|one_to_one",-1.09646519116811,26.7060231236354
82,"mobile|two_factor|medium|one_to_one",-4.6118800944686,26.7060231236354
82,"mobile|multi_factor|medium|one_to_one",-6.99001130259653,26.7060231236354
82,"web|multi_factor|medium|one_to_one",-10.2946131411526,26.7060231236354
82,"web|simple|high|one_to_one",-4.49575888334391,26.7060231236354
82,"mobile|two_factor|high|one_to_one",-4.70657194808838,26.7060231236354
82,"mobile|multi_factor|high|one_to_one",-7.08470315621631,26.7060231236354
82,"web|multi_factor|high|one_to_one",-10.3893049947723,26.7060231236354
82,"web|simple|medium|multi_person",-5.70262461716834,26.7060231236354
82,"mobile|two_factor|medium|multi_person",-5.91343768191281,26.7060231236354
82,"web|two_factor|high|multi_person",-9.31273137408861,26.7060231236354
82,"web|multi_factor|high|multi_person",-11.6908625822165,26.7060231236354
82,"web|simple|medium|one_to_one",-4.40106702972413,26.7060231236354
82,"web|two_factor|medium|one_to_one",-7.91648193302462,26.7060231236354
82,"mobile|simple|high|one_to_one",-1.19115704478789,26.7060231236354
82,"mobile|simple|low|multi_person",-0.422177228852745,26.7060231236354
82,"web|multi_factor|low|multi_person",-9.62032517883718,26.7060231236354
82,"web|two_factor|medium|multi_person",-9.21803952046883,26.7060231236354
82,"mobile|two_factor|low|one_to_one",-2.63603454470902,26.7060231236354
82,"web|two_factor|high|one_to_one",-8.0111737866444,26.7060231236354
82,"web|two_factor|low|one_to_one",-5.94063638326504,26.7060231236354
83,"web|simple|low|multi_person",-3.83623623699714,30.4387349925978
83,"mobile|two_factor|low|multi_person",-3.84487563065136,30.4387349925978
83,"web|two_factor|low|multi_person",-7.93016662540016,30.4387349925978
83,"mobile|multi_factor|low|multi_person",-3.8490753024484,30.4387349925978
83,"mobile|simple|medium|multi_person",-1.75907075115691,30.4387349925978
83,"mobile|multi_factor|medium|multi_person",-5.85720081135697,30.4387349925978
83,"web|multi_factor|medium|multi_person",-9.94249180610577,30.4387349925978
83,"mobile|simple|high|multi_person",-2.81512758559501,30.4387349925978
83,"web|simple|high|multi_person",-6.90041858034381,30.4387349925978
83,"mobile|two_factor|high|multi_person",-6.90905797399803,30.4387349925978
83,"mobile|multi_factor|high|multi_person",-6.91325764579507,30.4387349925978
83,"mobile|simple|low|one_to_one",2.8023975863782,30.4387349925978
83,"web|simple|low|one_to_one",-1.2828934083706,30.4387349925978
83,"mobile|multi_factor|low|one_to_one",-1.29573247382186,30.4387349925978
83,"web|multi_factor|low|one_to_one",-5.38102346857066,30.4387349925978
83,"mobile|simple|medium|one_to_one",0.794272077469628,30.4387349925978
83,"mobile|two_factor|medium|one_to_one",-3.29965831093339,30.4387349925978
83,"mobile|multi_factor|medium|one_to_one",-3.30385798273043,30.4387349925978
83,"web|multi_factor|medium|one_to_one",-7.38914897747923,30.4387349925978
83,"web|simple|high|one_to_one",-4.34707575171727,30.4387349925978
83,"mobile|two_factor|high|one_to_one",-4.35571514537149,30.4387349925978
83,"mobile|multi_factor|high|one_to_one",-4.35991481716853,30.4387349925978
83,"web|multi_factor|high|one_to_one",-8.44520581191733,30.4387349925978
83,"web|simple|medium|multi_person",-5.84436174590571,30.4387349925978
83,"mobile|two_factor|medium|multi_person",-5.85300113955993,30.4387349925978
83,"web|two_factor|high|multi_person",-10.9943489687468,30.4387349925978
83,"web|multi_factor|high|multi_person",-10.9985486405439,30.4387349925978
83,"web|simple|medium|one_to_one",-3.29101891727917,30.4387349925978
83,"web|two_factor|medium|one_to_one",-7.38494930568219,30.4387349925978
83,"mobile|simple|high|one_to_one",-0.26178475696847,30.4387349925978
83,"mobile|simple|low|multi_person",0.24905475775166,30.4387349925978
83,"web|multi_factor|low|multi_person",-7.9343662971972,30.4387349925978
83,"web|two_factor|medium|multi_person",-9.93829213430873,30.4387349925978
83,"mobile|two_factor|low|one_to_one",-1.29153280202482,30.4387349925978
83,"web|two_factor|high|one_to_one",-8.44100614012029,30.4387349925978
83,"web|two_factor|low|one_to_one",-5.37682379677362,30.4387349925978
84,"web|simple|low|multi_person",-3.31078543843254,31.6914254478946
84,"mobile|two_factor|low|multi_person",-2.56374906594153,31.6914254478946
84,"web|two_factor|low|multi_person",-6.16044081891905,31.6914254478946
84,"mobile|multi_factor|low|multi_person",-4.19459160077516,31.6914254478946
84,"mobile|simple|medium|multi_person",-1.86721903090866,31.6914254478946
84,"mobile|multi_factor|medium|multi_person",-6.3477169462288,31.6914254478946
84,"web|multi_factor|medium|multi_person",-9.94440869920632,31.6914254478946
84,"mobile|simple|high|multi_person",-2.41153592739488,31.6914254478946
84,"web|simple|high|multi_person",-6.0082276803724,31.6914254478946
84,"mobile|two_factor|high|multi_person",-5.26119130788139,31.6914254478946
84,"mobile|multi_factor|high|multi_person",-6.89203384271502,31.6914254478946
84,"mobile|simple|low|one_to_one",2.28603210373508,31.6914254478946
84,"web|simple|low|one_to_one",-1.31065964924244,31.6914254478946
84,"mobile|multi_factor|low|one_to_one",-2.19446581158506,31.6914254478946
84,"web|multi_factor|low|one_to_one",-5.79115756456258,31.6914254478946
84,"mobile|simple|medium|one_to_one",0.132906758281438,31.6914254478946
84,"mobile|two_factor|medium|one_to_one",-2.71674862220507,31.6914254478946
84,"mobile|multi_factor|medium|one_to_one",-4.3475911570387,31.6914254478946
84,"web|multi_factor|medium|one_to_one",-7.94428291001622,31.6914254478946
84,"web|simple|high|one_to_one",-4.0081018911823,31.6914254478946
84,"mobile|two_factor|high|one_to_one",-3.26106551869128,31.6914254478946
84,"mobile|multi_factor|high|one_to_one",-4.89190805352492,31.6914254478946
84,"web|multi_factor|high|one_to_one",-8.48859980650244,31.6914254478946
84,"web|simple|medium|multi_person",-5.46391078388618,31.6914254478946
84,"mobile|two_factor|medium|multi_person",-4.71687441139517,31.6914254478946
84,"web|two_factor|high|multi_person",-8.85788306085891,31.6914254478946
84,"web|multi_factor|high|multi_person",-10.4887255956925,31.6914254478946
84,"web|simple|medium|one_to_one",-3.46378499469608,31.6914254478946
84,"web|two_factor|medium|one_to_one",-6.31344037518259,31.6914254478946
84,"mobile|simple|high|one_to_one",-0.41141013820478,31.6914254478946
84,"mobile|simple|low|multi_person",0.28590631454498,31.6914254478946
84,"web|multi_factor|low|multi_person",-7.79128335375268,31.6914254478946
84,"web|two_factor|medium|multi_person",-8.31356616437269,31.6914254478946
84,"mobile|two_factor|low|one_to_one",-0.563623276751425,31.6914254478946
84,"web|two_factor|high|one_to_one",-6.8577572716688,31.6914254478946
84,"web|two_factor|low|one_to_one",-4.16031502972895,31.6914254478946
86,"web|simple|low|multi_person",-4.53739439480307,32.5556898231383
86,"mobile|two_factor|low|multi_person",-2.12869938293801,32.5556898231383
86,"web|two_factor|low|multi_person",-5.80852564703127,32.5556898231383
86,"mobile|multi_factor|low|multi_person",-3.84604329486692,32.5556898231383
86,"mobile|simple|medium|multi_person",-1.94914883910806,32.5556898231383
86,"mobile|multi_factor|medium|multi_person",-4.93762400326517,32.5556898231383
86,"web|multi_factor|medium|multi_person",-8.61745026735843,32.5556898231383
86,"mobile|simple|high|multi_person",-2.32151418189129,32.5556898231383
86,"web|simple|high|multi_person",-6.00134044598455,32.5556898231383
86,"mobile|two_factor|high|multi_person",-3.59264543411949,32.5556898231383
86,"mobile|multi_factor|high|multi_person",-5.3099893460484,32.5556898231383
86,"mobile|simple|low|one_to_one",0.0564935153335382,32.5556898231383
86,"web|simple|low|one_to_one",-3.62333274875972,32.5556898231383
86,"mobile|multi_factor|low|one_to_one",-2.93198164882357,32.5556898231383
86,"web|multi_factor|low|one_to_one",-6.61180791291683,32.5556898231383
86,"mobile|simple|medium|one_to_one",-1.03508719306472,32.5556898231383
86,"mobile|two_factor|medium|one_to_one",-2.30621844529292,32.5556898231383
86,"mobile|multi_factor|medium|one_to_one",-4.02356235722183,32.5556898231383
86,"web|multi_factor|medium|one_to_one",-7.70338862131509,32.5556898231383
86,"web|simple|high|one_to_one",-5.0872787999412,32.5556898231383
86,"mobile|two_factor|high|one_to_one",-2.67858378807614,32.5556898231383
86,"mobile|multi_factor|high|one_to_one",-4.39592770000505,32.5556898231383
86,"web|multi_factor|high|one_to_one",-8.07575396409831,32.5556898231383
86,"web|simple|medium|multi_person",-5.62897510320132,32.5556898231383
86,"mobile|two_factor|medium|multi_person",-3.22028009133626,32.5556898231383
86,"web|two_factor|high|multi_person",-7.27247169821275,32.5556898231383
86,"web|multi_factor|high|multi_person",-8.98981561014166,32.5556898231383
86,"web|simple|medium|one_to_one",-4.71491345715798,32.5556898231383
86,"web|two_factor|medium|one_to_one",-5.98604470938618,32.5556898231383
86,"mobile|simple|high|one_to_one",-1.40745253584794,32.5556898231383
86,"mobile|simple|low|multi_person",-0.857568130709808,32.5556898231383
86,"web|multi_factor|low|multi_person",-7.52586955896018,32.5556898231383
86,"web|two_factor|medium|multi_person",-6.90010635542952,32.5556898231383
86,"mobile|two_factor|low|one_to_one",-1.21463773689466,32.5556898231383
86,"web|two_factor|high|one_to_one",-6.3584100521694,32.5556898231383
86,"web|two_factor|low|one_to_one",-4.89446400098792,32.5556898231383
87,"web|simple|low|multi_person",-3.41846496261373,30.5527156313024
87,"mobile|two_factor|low|multi_person",-3.15445223308574,30.5527156313024
87,"web|two_factor|low|multi_person",-6.9539494935263,30.5527156313024
87,"mobile|multi_factor|low|multi_person",-4.59045031879038,30.5527156313024
87,"mobile|simple|medium|multi_person",-1.44458618567909,30.5527156313024
87,"mobile|multi_factor|medium|multi_person",-6.4160688022963,30.5527156313024
87,"web|multi_factor|medium|multi_person",-10.2155660627369,30.5527156313024
87,"mobile|simple|high|multi_person",-2.83102328697607,30.5527156313024
87,"web|simple|high|multi_person",-6.63052054741663,30.5527156313024
87,"mobile|two_factor|high|multi_person",-6.36650781788864,30.5527156313024
87,"mobile|multi_factor|high|multi_person",-7.80250590359328,30.5527156313024
87,"mobile|simple|low|one_to_one",2.86065827124815,30.5527156313024
87,"web|simple|low|one_to_one",-0.93883898919241,30.5527156313024
87,"mobile|multi_factor|low|one_to_one",-2.11082434536906,30.5527156313024
87,"web|multi_factor|low|one_to_one",-5.91032160580962,30.5527156313024
87,"mobile|simple|medium|one_to_one",1.03503978774223,30.5527156313024
87,"mobile|two_factor|medium|one_to_one",-2.50044474317033,30.5527156313024
87,"mobile|multi_factor|medium|one_to_one",-3.93644282887498,30.5527156313024
87,"web|multi_factor|medium|one_to_one",-7.73594008931554,30.5527156313024
87,"web|simple|high|one_to_one",-4.15089457399531,30.5527156313024
87,"mobile|two_factor|high|one_to_one",-3.88688184446732,30.5527156313024
87,"mobile|multi_factor|high|one_to_one",-5.32287993017196,30.5527156313024
87,"web|multi_factor|high|one_to_one",-9.12237719061252,30.5527156313024
87,"web|simple|medium|multi_person",-5.24408344611965,30.5527156313024
87,"mobile|two_factor|medium|multi_person",-4.98007071659165,30.5527156313024
87,"web|two_factor|high|multi_person",-10.1660050783292,30.5527156313024
87,"web|multi_factor|high|multi_person",-11.6020031640338,30.5527156313024
87,"web|simple|medium|one_to_one",-2.76445747269833,30.5527156313024
87,"web|two_factor|medium|one_to_one",-6.29994200361089,30.5527156313024
87,"mobile|simple|high|one_to_one",-0.35139731355475,30.5527156313024
87,"mobile|simple|low|multi_person",0.381032297826829,30.5527156313024
87,"web|multi_factor|low|multi_person",-8.38994757923094,30.5527156313024
87,"web|two_factor|medium|multi_person",-8.77956797703221,30.5527156313024
87,"mobile|two_factor|low|one_to_one",-0.674826259664415,30.5527156313024
87,"web|two_factor|high|one_to_one",-7.68637910490787,30.5527156313024
87,"web|two_factor|low|one_to_one",-4.47432352010497,30.5527156313024
88,"web|simple|low|multi_person",-6.61883676346308,31.2942620590789
88,"mobile|two_factor|low|multi_person",-3.97601433725061,31.2942620590789
88,"web|two_factor|low|multi_person",-6.89615619296245,31.2942620590789
88,"mobile|multi_factor|low|multi_person",-3.85950886883448,31.2942620590789
88,"mobile|simple|medium|multi_person",-3.49851027754662,31.2942620590789
88,"mobile|multi_factor|medium|multi_person",-3.65932423862985,31.2942620590789
88,"web|multi_factor|medium|multi_person",-6.57946609434169,31.2942620590789
88,"mobile|simple|high|multi_person",-3.65282384520134,31.2942620590789
88,"web|simple|high|multi_person",-6.57296570091318,31.2942620590789
88,"mobile|two_factor|high|multi_person",-3.93014327470071,31.2942620590789
88,"mobile|multi_factor|high|multi_person",-3.81363780628458,31.2942620590789
88,"mobile|simple|low|one_to_one",-2.17064542780739,31.2942620590789
88,"web|simple|low|one_to_one",-5.09078728351923,31.2942620590789
88,"mobile|multi_factor|low|one_to_one",-2.33145938889063,31.2942620590789
88,"web|multi_factor|low|one_to_one",-5.25160124460247,31.2942620590789
88,"mobile|simple|medium|one_to_one",-1.97046079760276,31.2942620590789
88,"mobile|two_factor|medium|one_to_one",-2.24778022710212,31.2942620590789
88,"mobile|multi_factor|medium|one_to_one",-2.131274758686,31.2942620590789
88,"web|multi_factor|medium|one_to_one",-5.05141661439784,31.2942620590789
88,"web|simple|high|one_to_one",-5.04491622096933,31.2942620590789
88,"mobile|two_factor|high|one_to_one",-2.40209379475685,31.2942620590789
88,"mobile|multi_factor|high|one_to_one",-2.28558832634072,31.2942620590789
88,"web|multi_factor|high|one_to_one",-5.20573018205256,31.2942620590789
88,"web|simple|medium|multi_person",-6.41865213325846,31.2942620590789
88,"mobile|two_factor|medium|multi_person",-3.77582970704598,31.2942620590789
88,"web|two_factor|high|multi_person",-6.85028513041255,31.2942620590789
88,"web|multi_factor|high|multi_person",-6.73377966199642,31.2942620590789
88,"web|simple|medium|one_to_one",-4.8906026533146,31.2942620590789
88,"web|two_factor|medium|one_to_one",-5.16792208281396,31.2942620590789
88,"mobile|simple|high|one_to_one",-2.12477436525749,31.2942620590789
88,"mobile|simple|low|multi_person",-3.69869490775124,31.2942620590789
88,"web|multi_factor|low|multi_person",-6.77965072454632,31.2942620590789
88,"web|two_factor|medium|multi_person",-6.69597156275782,31.2942620590789
88,"mobile|two_factor|low|one_to_one",-2.44796485730675,31.2942620590789
88,"web|two_factor|high|one_to_one",-5.32223565046869,31.2942620590789
88,"web|two_factor|low|one_to_one",-5.36810671301859,31.2942620590789
90,"web|simple|low|multi_person",-3.90805319289767,28.1611765302248
90,"mobile|two_factor|low|multi_person",-3.085845023624,28.1611765302248
90,"web|two_factor|low|multi_person",-6.9741724060581,28.1611765302248
90,"mobile|multi_factor|low|multi_person",-5.63011642745898,28.1611765302248
90,"mobile|simple|medium|multi_person",-0.605321754204953,28.1611765302248
90,"mobile|multi_factor|medium|multi_person",-6.21571237120036,28.1611765302248
90,"web|multi_factor|medium|multi_person",-10.1040397536345,28.1611765302248
90,"mobile|simple|high|multi_person",-2.14787773356141,28.1611765302248
90,"web|simple|high|multi_person",-6.03620511599551,28.1611765302248
90,"mobile|two_factor|high|multi_person",-5.21399694672183,28.1611765302248
90,"mobile|multi_factor|high|multi_person",-7.75826835055682,28.1611765302248
90,"mobile|simple|low|one_to_one",1.00777890951291,28.1611765302248
90,"web|simple|low|one_to_one",-2.88054847292119,28.1611765302248
90,"mobile|multi_factor|low|one_to_one",-4.6026117074825,28.1611765302248
90,"web|multi_factor|low|one_to_one",-8.4909390899166,28.1611765302248
90,"mobile|simple|medium|one_to_one",0.422182965771531,28.1611765302248
90,"mobile|two_factor|medium|one_to_one",-2.64393624738889,28.1611765302248
90,"mobile|multi_factor|medium|one_to_one",-5.18820765122388,28.1611765302248
90,"web|multi_factor|medium|one_to_one",-9.07653503365798,28.1611765302248
90,"web|simple|high|one_to_one",-5.00870039601903,28.1611765302248
90,"mobile|two_factor|high|one_to_one",-4.18649222674535,28.1611765302248
90,"mobile|multi_factor|high|one_to_one",-6.73076363058034,28.1611765302248
90,"web|multi_factor|high|one_to_one",-10.6190910130144,28.1611765302248
90,"web|simple|medium|multi_person",-4.49364913663905,28.1611765302248
90,"mobile|two_factor|medium|multi_person",-3.67144096736537,28.1611765302248
90,"web|two_factor|high|multi_person",-9.10232432915593,28.1611765302248
90,"web|multi_factor|high|multi_person",-11.6465957329909,28.1611765302248
90,"web|simple|medium|one_to_one",-3.46614441666257,28.1611765302248
90,"web|two_factor|medium|one_to_one",-6.53226362982299,28.1611765302248
90,"mobile|simple|high|one_to_one",-1.12037301358493,28.1611765302248
90,"mobile|simple|low|multi_person",-0.0197258104635738,28.1611765302248
90,"web|multi_factor|low|multi_person",-9.51844380989308,28.1611765302248
90,"web|two_factor|medium|multi_person",-7.55976834979947,28.1611765302248
90,"mobile|two_factor|low|one_to_one",-2.05834030364751,28.1611765302248
90,"web|two_factor|high|one_to_one",-8.07481960917945,28.1611765302248
90,"web|two_factor|low|one_to_one",-5.94666768608161,28.1611765302248
91,"web|simple|low|multi_person",-2.96040099578957,28.7188724477113
91,"mobile|two_factor|low|multi_person",-3.11732652287973,28.7188724477113
91,"web|two_factor|low|multi_person",-6.20415123825185,28.7188724477113
91,"mobile|multi_factor|low|multi_person",-4.62947038002909,28.7188724477113
91,"mobile|simple|medium|multi_person",-3.44035802877642,28.7188724477113
91,"mobile|multi_factor|medium|multi_person",-8.19625212838806,28.7188724477113
91,"web|multi_factor|medium|multi_person",-11.2830768437602,28.7188724477113
91,"mobile|simple|high|multi_person",-3.24210115456683,28.7188724477113
91,"web|simple|high|multi_person",-6.32892586993895,28.7188724477113
91,"mobile|two_factor|high|multi_person",-6.48585139702911,28.7188724477113
91,"mobile|multi_factor|high|multi_person",-7.99799525417847,28.7188724477113
91,"mobile|simple|low|one_to_one",1.81143186453979,28.7188724477113
91,"web|simple|low|one_to_one",-1.27539285083233,28.7188724477113
91,"mobile|multi_factor|low|one_to_one",-2.94446223507185,28.7188724477113
91,"web|multi_factor|low|one_to_one",-6.03128695044397,28.7188724477113
91,"mobile|simple|medium|one_to_one",-1.75534988381918,28.7188724477113
91,"mobile|two_factor|medium|one_to_one",-4.99910012628146,28.7188724477113
91,"mobile|multi_factor|medium|one_to_one",-6.51124398343082,28.7188724477113
91,"web|multi_factor|medium|one_to_one",-9.59806869880294,28.7188724477113
91,"web|simple|high|one_to_one",-4.64391772498171,28.7188724477113
91,"mobile|two_factor|high|one_to_one",-4.80084325207187,28.7188724477113
91,"mobile|multi_factor|high|one_to_one",-6.31298710922123,28.7188724477113
91,"web|multi_factor|high|one_to_one",-9.39981182459335,28.7188724477113
91,"web|simple|medium|multi_person",-6.52718274414854,28.7188724477113
91,"mobile|two_factor|medium|multi_person",-6.6841082712387,28.7188724477113
91,"web|two_factor|high|multi_person",-9.57267611240123,28.7188724477113
91,"web|multi_factor|high|multi_person",-11.0848199695506,28.7188724477113
91,"web|simple|medium|one_to_one",-4.8421745991913,28.7188724477113
91,"web|two_factor|medium|one_to_one",-8.08592484165358,28.7188724477113
91,"mobile|simple|high|one_to_one",-1.55709300960959,28.7188724477113
91,"mobile|simple|low|multi_person",0.126423719582549,28.7188724477113
91,"web|multi_factor|low|multi_person",-7.71629509540121,28.7188724477113
91,"web|two_factor|medium|multi_person",-9.77093298661082,28.7188724477113
91,"mobile|two_factor|low|one_to_one",-1.43231837792249,28.7188724477113
91,"web|two_factor|high|one_to_one",-7.88766796744399,28.7188724477113
91,"web|two_factor|low|one_to_one",-4.51914309329461,28.7188724477113
92,"web|simple|low|multi_person",-3.74329500220708,27.9358266662656
92,"mobile|two_factor|low|multi_person",-3.05254528314656,27.9358266662656
92,"web|two_factor|low|multi_person",-7.69463956714482,27.9358266662656
92,"mobile|multi_factor|low|multi_person",-4.43935528968019,27.9358266662656
92,"mobile|simple|medium|multi_person",-1.15576870152999,27.9358266662656
92,"mobile|multi_factor|medium|multi_person",-6.49392327300136,27.9358266662656
92,"web|multi_factor|medium|multi_person",-11.1360175569996,27.9358266662656
92,"mobile|simple|high|multi_person",-1.93548773007393,27.9358266662656
92,"web|simple|high|multi_person",-6.57758201407219,27.9358266662656
92,"mobile|two_factor|high|multi_person",-5.88683229501167,27.9358266662656
92,"mobile|multi_factor|high|multi_person",-7.2736423015453,27.9358266662656
92,"mobile|simple|low|one_to_one",2.59481435117846,27.9358266662656
92,"web|simple|low|one_to_one",-2.0472799328198,27.9358266662656
92,"mobile|multi_factor|low|one_to_one",-2.74334022029291,27.9358266662656
92,"web|multi_factor|low|one_to_one",-7.38543450429117,27.9358266662656
92,"mobile|simple|medium|one_to_one",0.540246367857286,27.9358266662656
92,"mobile|two_factor|medium|one_to_one",-3.41109819708045,27.9358266662656
92,"mobile|multi_factor|medium|one_to_one",-4.79790820361408,27.9358266662656
92,"web|multi_factor|medium|one_to_one",-9.44000248761234,27.9358266662656
92,"web|simple|high|one_to_one",-4.88156694468491,27.9358266662656
92,"mobile|two_factor|high|one_to_one",-4.19081722562439,27.9358266662656
92,"mobile|multi_factor|high|one_to_one",-5.57762723215802,27.9358266662656
92,"web|multi_factor|high|one_to_one",-10.2197215161563,27.9358266662656
92,"web|simple|medium|multi_person",-5.79786298552825,27.9358266662656
92,"mobile|two_factor|medium|multi_person",-5.10711326646773,27.9358266662656
92,"web|two_factor|high|multi_person",-10.5289265790099,27.9358266662656
92,"web|multi_factor|high|multi_person",-11.9157365855436,27.9358266662656
92,"web|simple|medium|one_to_one",-4.10184791614097,27.9358266662656
92,"web|two_factor|medium|one_to_one",-8.05319248107871,27.9358266662656
92,"mobile|simple|high|one_to_one",-0.23947266068665,27.9358266662656
92,"mobile|simple|low|multi_person",0.89879928179118,27.9358266662656
92,"web|multi_factor|low|multi_person",-9.08144957367845,27.9358266662656
92,"web|two_factor|medium|multi_person",-9.74920755046599,27.9358266662656
92,"mobile|two_factor|low|one_to_one",-1.35653021375928,27.9358266662656
92,"web|two_factor|high|one_to_one",-8.83291150962265,27.9358266662656
92,"web|two_factor|low|one_to_one",-5.99862449775754,27.9358266662656
93,"web|simple|low|multi_person",-4.02537967884577,31.9426713746356
93,"mobile|two_factor|low|multi_person",-2.64876445349798,31.9426713746356
93,"web|two_factor|low|multi_person",-6.59457503154627,31.9426713746356
93,"mobile|multi_factor|low|multi_person",-3.90634662734032,31.9426713746356
93,"mobile|simple|medium|multi_person",-1.76363221204002,31.9426713746356
93,"mobile|multi_factor|medium|multi_person",-5.59040973858285,31.9426713746356
93,"web|multi_factor|medium|multi_person",-9.53622031663113,31.9426713746356
93,"mobile|simple|high|multi_person",-2.45077671593264,31.9426713746356
93,"web|simple|high|multi_person",-6.39658729398092,31.9426713746356
93,"mobile|two_factor|high|multi_person",-5.01997206863313,31.9426713746356
93,"mobile|multi_factor|high|multi_person",-6.27755424247547,31.9426713746356
93,"mobile|simple|low|one_to_one",1.94153744554573,31.9426713746356
93,"web|simple|low|one_to_one",-2.00427313250255,31.9426713746356
93,"mobile|multi_factor|low|one_to_one",-1.8852400809971,31.9426713746356
93,"web|multi_factor|low|one_to_one",-5.83105065904538,31.9426713746356
93,"mobile|simple|medium|one_to_one",0.257474334303199,31.9426713746356
93,"mobile|two_factor|medium|one_to_one",-2.3117210183973,31.9426713746356
93,"mobile|multi_factor|medium|one_to_one",-3.56930319223963,31.9426713746356
93,"web|multi_factor|medium|one_to_one",-7.51511377028791,31.9426713746356
93,"web|simple|high|one_to_one",-4.3754807476377,31.9426713746356
93,"mobile|two_factor|high|one_to_one",-2.99886552228991,31.9426713746356
93,"mobile|multi_factor|high|one_to_one",-4.25644769613225,31.9426713746356
93,"web|multi_factor|high|one_to_one",-8.20225827418053,31.9426713746356
93,"web|simple|medium|multi_person",-5.7094427900883,31.9426713746356
93,"mobile|two_factor|medium|multi_person",-4.33282756474052,31.9426713746356
93,"web|two_factor|high|multi_person",-8.96578264668142,31.9426713746356
93,"web|multi_factor|high|multi_person",-10.2233648205238,31.9426713746356
93,"web|simple|medium|one_to_one",-3.68833624374508,31.9426713746356
93,"web|two_factor|medium|one_to_one",-6.25753159644558,31.9426713746356
93,"mobile|simple|high|one_to_one",-0.42967016958942,31.9426713746356
93,"mobile|simple|low|multi_person",-0.0795691007974897,31.9426713746356
93,"web|multi_factor|low|multi_person",-7.8521572053886,31.9426713746356
93,"web|two_factor|medium|multi_person",-8.2786381427888,31.9426713746356
93,"mobile|two_factor|low|one_to_one",-0.627657907154765,31.9426713746356
93,"web|two_factor|high|one_to_one",-6.9446761003382,31.9426713746356
93,"web|two_factor|low|one_to_one",-4.57346848520304,31.9426713746356
94,"web|simple|low|multi_person",-5.16653089585518,24.7422513571019
94,"mobile|two_factor|low|multi_person",-2.65194258788652,24.7422513571019
94,"web|two_factor|low|multi_person",-8.0120407952519,24.7422513571019
94,"mobile|multi_factor|low|multi_person",-5.1973971348312,24.7422513571019
94,"mobile|simple|medium|multi_person",-1.47280520791915,24.7422513571019
94,"mobile|multi_factor|medium|multi_person",-6.86376965426055,24.7422513571019
94,"web|multi_factor|medium|multi_person",-12.2238678616259,24.7422513571019
94,"mobile|simple|high|multi_person",-1.4980628125157,24.7422513571019
94,"web|simple|high|multi_person",-6.85816101988108,24.7422513571019
94,"mobile|two_factor|high|multi_person",-4.34357271191243,24.7422513571019
94,"mobile|multi_factor|high|multi_person",-6.8890272588571,24.7422513571019
94,"mobile|simple|low|one_to_one",0.830644650666537,24.7422513571019
94,"web|simple|low|one_to_one",-4.52945355669884,24.7422513571019
94,"mobile|multi_factor|low|one_to_one",-4.56031979567486,24.7422513571019
94,"web|multi_factor|low|one_to_one",-9.92041800304024,24.7422513571019
94,"mobile|simple|medium|one_to_one",-0.835727868762821,24.7422513571019
94,"mobile|two_factor|medium|one_to_one",-3.68123776815955,24.7422513571019
94,"mobile|multi_factor|medium|one_to_one",-6.22669231510422,24.7422513571019
94,"web|multi_factor|medium|one_to_one",-11.5867905224696,24.7422513571019
94,"web|simple|high|one_to_one",-6.22108368072475,24.7422513571019
94,"mobile|two_factor|high|one_to_one",-3.7064953727561,24.7422513571019
94,"mobile|multi_factor|high|one_to_one",-6.25194991970077,24.7422513571019
94,"web|multi_factor|high|one_to_one",-11.6120481270661,24.7422513571019
94,"web|simple|medium|multi_person",-6.83290341528454,24.7422513571019
94,"mobile|two_factor|medium|multi_person",-4.31831510731588,24.7422513571019
94,"web|two_factor|high|multi_person",-9.70367091927781,24.7422513571019
94,"web|multi_factor|high|multi_person",-12.2491254662225,24.7422513571019
94,"web|simple|medium|one_to_one",-6.1958260761282,24.7422513571019
94,"web|two_factor|medium|one_to_one",-9.04133597552493,24.7422513571019
94,"mobile|simple|high|one_to_one",-0.860985473359371,24.7422513571019
94,"mobile|simple|low|multi_person",0.193567311510203,24.7422513571019
94,"web|multi_factor|low|multi_person",-10.5574953421966,24.7422513571019
94,"web|two_factor|medium|multi_person",-9.67841331468126,24.7422513571019
94,"mobile|two_factor|low|one_to_one",-2.01486524873019,24.7422513571019
94,"web|two_factor|high|one_to_one",-9.06659358012148,24.7422513571019
94,"web|two_factor|low|one_to_one",-7.37496345609557,24.7422513571019
95,"web|simple|low|multi_person",-3.32412754756299,34.8059451172064
95,"mobile|two_factor|low|multi_person",-2.76420665913177,34.8059451172064
95,"web|two_factor|low|multi_person",-5.73799129257175,34.8059451172064
95,"mobile|multi_factor|low|multi_person",-2.60988435056248,34.8059451172064
95,"mobile|simple|medium|multi_person",-2.72276817854897,34.8059451172064
95,"mobile|multi_factor|medium|multi_person",-4.98230961498844,34.8059451172064
95,"web|multi_factor|medium|multi_person",-7.95609424842842,34.8059451172064
95,"mobile|simple|high|multi_person",-3.62080433529719,34.8059451172064
95,"web|simple|high|multi_person",-6.59458896873717,34.8059451172064
95,"mobile|two_factor|high|multi_person",-6.03466808030595,34.8059451172064
95,"mobile|multi_factor|high|multi_person",-5.88034577173666,34.8059451172064
95,"mobile|simple|low|one_to_one",2.30405301966277,34.8059451172064
95,"web|simple|low|one_to_one",-0.66973161377721,34.8059451172064
95,"mobile|multi_factor|low|one_to_one",0.0445115832233052,34.8059451172064
95,"web|multi_factor|low|one_to_one",-2.92927305021667,34.8059451172064
95,"mobile|simple|medium|one_to_one",-0.068372244763194,34.8059451172064
95,"mobile|two_factor|medium|one_to_one",-2.48223598977195,34.8059451172064
95,"mobile|multi_factor|medium|one_to_one",-2.32791368120266,34.8059451172064
95,"web|multi_factor|medium|one_to_one",-5.30169831464264,34.8059451172064
95,"web|simple|high|one_to_one",-3.94019303495139,34.8059451172064
95,"mobile|two_factor|high|one_to_one",-3.38027214652017,34.8059451172064
95,"mobile|multi_factor|high|one_to_one",-3.22594983795087,34.8059451172064
95,"web|multi_factor|high|one_to_one",-6.19973447139085,34.8059451172064
95,"web|simple|medium|multi_person",-5.69655281198895,34.8059451172064
95,"mobile|two_factor|medium|multi_person",-5.13663192355773,34.8059451172064
95,"web|two_factor|high|multi_person",-9.00845271374593,34.8059451172064
95,"web|multi_factor|high|multi_person",-8.85413040517663,34.8059451172064
95,"web|simple|medium|one_to_one",-3.04215687820317,34.8059451172064
95,"web|two_factor|medium|one_to_one",-5.45602062321193,34.8059451172064
95,"mobile|simple|high|one_to_one",-0.96640840151141,34.8059451172064
95,"mobile|simple|low|multi_person",-0.35034291412301,34.8059451172064
95,"web|multi_factor|low|multi_person",-5.58366898400245,34.8059451172064
95,"web|two_factor|medium|multi_person",-8.11041655699771,34.8059451172064
95,"mobile|two_factor|low|one_to_one",-0.10981072534599,34.8059451172064
95,"web|two_factor|high|one_to_one",-6.35405677996015,34.8059451172064
95,"web|two_factor|low|one_to_one",-3.08359535878597,34.8059451172064
96,"web|simple|low|multi_person",-4.19038320707282,26.4488821842249
96,"mobile|two_factor|low|multi_person",-3.84424168143376,26.4488821842249
96,"web|two_factor|low|multi_person",-7.88988446852182,26.4488821842249
96,"mobile|multi_factor|low|multi_person",-6.35222671578612,26.4488821842249
96,"mobile|simple|medium|multi_person",-1.37012227964946,26.4488821842249
96,"mobile|multi_factor|medium|multi_person",-7.57760857545082,26.4488821842249
96,"web|multi_factor|medium|multi_person",-11.6232513625389,26.4488821842249
96,"mobile|simple|high|multi_person",-1.91551395387652,26.4488821842249
96,"web|simple|high|multi_person",-5.96115674096458,26.4488821842249
96,"mobile|two_factor|high|multi_person",-5.61501521532552,26.4488821842249
96,"mobile|multi_factor|high|multi_person",-8.12300024967788,26.4488821842249
96,"mobile|simple|low|one_to_one",0.970985365547901,26.4488821842249
96,"web|simple|low|one_to_one",-3.07465742154016,26.4488821842249
96,"mobile|multi_factor|low|one_to_one",-5.23650093025346,26.4488821842249
96,"web|multi_factor|low|one_to_one",-9.28214371734152,26.4488821842249
96,"mobile|simple|medium|one_to_one",-0.254396494116795,26.4488821842249
96,"mobile|two_factor|medium|one_to_one",-3.9538977555658,26.4488821842249
96,"mobile|multi_factor|medium|one_to_one",-6.46188278991816,26.4488821842249
96,"web|multi_factor|medium|one_to_one",-10.5075255770062,26.4488821842249
96,"web|simple|high|one_to_one",-4.84543095543192,26.4488821842249
96,"mobile|two_factor|high|one_to_one",-4.49928942979286,26.4488821842249
96,"mobile|multi_factor|high|one_to_one",-7.00727446414522,26.4488821842249
96,"web|multi_factor|high|one_to_one",-11.0529172512333,26.4488821842249
96,"web|simple|medium|multi_person",-5.41576506673752,26.4488821842249
96,"mobile|two_factor|medium|multi_person",-5.06962354109846,26.4488821842249
96,"web|two_factor|high|multi_person",-9.66065800241358,26.4488821842249
96,"web|multi_factor|high|multi_person",-12.1686430367659,26.4488821842249
96,"web|simple|medium|one_to_one",-4.30003928120485,26.4488821842249
96,"web|two_factor|medium|one_to_one",-7.99954054265386,26.4488821842249
96,"mobile|simple|high|one_to_one",-0.799788168343862,26.4488821842249
96,"mobile|simple|low|multi_person",-0.144740419984762,26.4488821842249
96,"web|multi_factor|low|multi_person",-10.3978695028742,26.4488821842249
96,"web|two_factor|medium|multi_person",-9.11526632818652,26.4488821842249
96,"mobile|two_factor|low|one_to_one",-2.7285158959011,26.4488821842249
96,"web|two_factor|high|one_to_one",-8.54493221688092,26.4488821842249
96,"web|two_factor|low|one_to_one",-6.77415868298916,26.4488821842249
97,"web|simple|low|multi_person",-2.95711474722531,32.2236950110491
97,"mobile|two_factor|low|multi_person",-2.64948362699875,32.2236950110491
97,"web|two_factor|low|multi_person",-6.10385271687227,32.2236950110491
97,"mobile|multi_factor|low|multi_person",-4.07172926424865,32.2236950110491
97,"mobile|simple|medium|multi_person",-1.50110530042797,32.2236950110491
97,"mobile|multi_factor|medium|multi_person",-6.07008890732483,32.2236950110491
97,"web|multi_factor|medium|multi_person",-9.52445799719835,32.2236950110491
97,"mobile|simple|high|multi_person",-2.98781319497409,32.2236950110491
97,"web|simple|high|multi_person",-6.44218228484761,32.2236950110491
97,"mobile|two_factor|high|multi_person",-6.13455116462105,32.2236950110491
97,"mobile|multi_factor|high|multi_person",-7.55679680187095,32.2236950110491
97,"mobile|simple|low|one_to_one",2.74915790582099,32.2236950110491
97,"web|simple|low|one_to_one",-0.70521118405253,32.2236950110491
97,"mobile|multi_factor|low|one_to_one",-1.81982570107587,32.2236950110491
97,"web|multi_factor|low|one_to_one",-5.27419479094939,32.2236950110491
97,"mobile|simple|medium|one_to_one",0.750798262744806,32.2236950110491
97,"mobile|two_factor|medium|one_to_one",-2.39593970690215,32.2236950110491
97,"mobile|multi_factor|medium|one_to_one",-3.81818534415205,32.2236950110491
97,"web|multi_factor|medium|one_to_one",-7.27255443402557,32.2236950110491
97,"web|simple|high|one_to_one",-4.19027872167483,32.2236950110491
97,"mobile|two_factor|high|one_to_one",-3.88264760144827,32.2236950110491
97,"mobile|multi_factor|high|one_to_one",-5.30489323869817,32.2236950110491
97,"web|multi_factor|high|one_to_one",-8.75926232857169,32.2236950110491
97,"web|simple|medium|multi_person",-4.95547439030149,32.2236950110491
97,"mobile|two_factor|medium|multi_person",-4.64784327007493,32.2236950110491
97,"web|two_factor|high|multi_person",-9.58892025449457,32.2236950110491
97,"web|multi_factor|high|multi_person",-11.0111658917445,32.2236950110491
97,"web|simple|medium|one_to_one",-2.70357082712871,32.2236950110491
97,"web|two_factor|medium|one_to_one",-5.85030879677567,32.2236950110491
97,"mobile|simple|high|one_to_one",-0.73590963180131,32.2236950110491
97,"mobile|simple|low|multi_person",0.49725434264821,32.2236950110491
97,"web|multi_factor|low|multi_person",-7.52609835412217,32.2236950110491
97,"web|two_factor|medium|multi_person",-8.10221235994845,32.2236950110491
97,"mobile|two_factor|low|one_to_one",-0.397580063825966,32.2236950110491
97,"web|two_factor|high|one_to_one",-7.33701669132179,32.2236950110491
97,"web|two_factor|low|one_to_one",-3.85194915369949,32.2236950110491
98,"web|simple|low|multi_person",-2.98078760877859,32.0652815888895
98,"mobile|two_factor|low|multi_person",-2.5046047501692,32.0652815888895
98,"web|two_factor|low|multi_person",-5.80786406046046,32.0652815888895
98,"mobile|multi_factor|low|multi_person",-4.1435388142122,32.0652815888895
98,"mobile|simple|medium|multi_person",-2.14908351504509,32.0652815888895
98,"mobile|multi_factor|medium|multi_person",-6.61509403076996,32.0652815888895
98,"web|multi_factor|medium|multi_person",-9.91835334106122,32.0652815888895
98,"mobile|simple|high|multi_person",-2.43859269470644,32.0652815888895
98,"web|simple|high|multi_person",-5.7418520049977,32.0652815888895
98,"mobile|two_factor|high|multi_person",-5.26566914638831,32.0652815888895
98,"mobile|multi_factor|high|multi_person",-6.90460321043131,32.0652815888895
98,"mobile|simple|low|one_to_one",2.28564434226953,32.0652815888895
98,"web|simple|low|one_to_one",-1.01761496802173,32.0652815888895
98,"mobile|multi_factor|low|one_to_one",-2.18036617345534,32.0652815888895
98,"web|multi_factor|low|one_to_one",-5.4836254837466,32.0652815888895
98,"mobile|simple|medium|one_to_one",-0.185910874288239,32.0652815888895
98,"mobile|two_factor|medium|one_to_one",-3.01298732597012,32.0652815888895
98,"mobile|multi_factor|medium|one_to_one",-4.65192139001311,32.0652815888895
98,"web|multi_factor|medium|one_to_one",-7.95518070030437,32.0652815888895
98,"web|simple|high|one_to_one",-3.77867936424084,32.0652815888895
98,"mobile|two_factor|high|one_to_one",-3.30249650563146,32.0652815888895
98,"mobile|multi_factor|high|one_to_one",-4.94143056967445,32.0652815888895
98,"web|multi_factor|high|one_to_one",-8.24468987996571,32.0652815888895
98,"web|simple|medium|multi_person",-5.45234282533635,32.0652815888895
98,"mobile|two_factor|medium|multi_person",-4.97615996672697,32.0652815888895
98,"web|two_factor|high|multi_person",-8.56892845667957,32.0652815888895
98,"web|multi_factor|high|multi_person",-10.2078625207226,32.0652815888895
98,"web|simple|medium|one_to_one",-3.4891701845795,32.0652815888895
98,"web|two_factor|medium|one_to_one",-6.31624663626138,32.0652815888895
98,"mobile|simple|high|one_to_one",-0.475420053949584,32.0652815888895
98,"mobile|simple|low|multi_person",0.322471701512674,32.0652815888895
98,"web|multi_factor|low|multi_person",-7.44679812450346,32.0652815888895
98,"web|two_factor|medium|multi_person",-8.27941927701823,32.0652815888895
98,"mobile|two_factor|low|one_to_one",-0.541432109412351,32.0652815888895
98,"web|two_factor|high|one_to_one",-6.60575581592272,32.0652815888895
98,"web|two_factor|low|one_to_one",-3.84469141970361,32.0652815888895
99,"web|simple|low|multi_person",-4.99199096606964,15.3748258394252
99,"mobile|two_factor|low|multi_person",-5.76963444820581,15.3748258394252
99,"web|two_factor|low|multi_person",-11.2418864481056,15.3748258394252
99,"mobile|multi_factor|low|multi_person",-7.20936297105115,15.3748258394252
99,"mobile|simple|medium|multi_person",-1.3634981567841,15.3748258394252
99,"mobile|multi_factor|medium|multi_person",-9.05312216166545,15.3748258394252
99,"web|multi_factor|medium|multi_person",-14.5253741615653,15.3748258394252
99,"mobile|simple|high|multi_person",-3.46253924554662,15.3748258394252
99,"web|simple|high|multi_person",-8.93479124544646,15.3748258394252
99,"mobile|two_factor|high|multi_person",-9.71243472758263,15.3748258394252
99,"mobile|multi_factor|high|multi_person",-11.152163250428,15.3748258394252
99,"mobile|simple|low|one_to_one",1.42585519308562,15.3748258394252
99,"web|simple|low|one_to_one",-4.04639680681422,15.3748258394252
99,"mobile|multi_factor|low|one_to_one",-6.26376881179573,15.3748258394252
99,"web|multi_factor|low|one_to_one",-11.7360208116956,15.3748258394252
99,"mobile|simple|medium|one_to_one",-0.417903997528692,15.3748258394252
99,"mobile|two_factor|medium|one_to_one",-6.6677994795647,15.3748258394252
99,"mobile|multi_factor|medium|one_to_one",-8.10752800241004,15.3748258394252
99,"web|multi_factor|medium|one_to_one",-13.5797800023099,15.3748258394252
99,"web|simple|high|one_to_one",-7.98919708619104,15.3748258394252
99,"mobile|two_factor|high|one_to_one",-8.76684056832721,15.3748258394252
99,"mobile|multi_factor|high|one_to_one",-10.2065690911726,15.3748258394252
99,"web|multi_factor|high|one_to_one",-15.6788210910724,15.3748258394252
99,"web|simple|medium|multi_person",-6.83575015668394,15.3748258394252
99,"mobile|two_factor|medium|multi_person",-7.61339363882011,15.3748258394252
99,"web|two_factor|high|multi_person",-15.1846867274825,15.3748258394252
99,"web|multi_factor|high|multi_person",-16.6244152503278,15.3748258394252
99,"web|simple|medium|one_to_one",-5.89015599742853,15.3748258394252
99,"web|two_factor|medium|one_to_one",-12.1400514794645,15.3748258394252
99,"mobile|simple|high|one_to_one",-2.5169450862912,15.3748258394252
99,"mobile|simple|low|multi_person",0.480261033830204,15.3748258394252
99,"web|multi_factor|low|multi_person",-12.681614970951,15.3748258394252
99,"web|two_factor|medium|multi_person",-13.08564563872,15.3748258394252
99,"mobile|two_factor|low|one_to_one",-4.82404028895039,15.3748258394252
99,"web|two_factor|high|one_to_one",-14.2390925682271,15.3748258394252
99,"web|two_factor|low|one_to_one",-10.2962922888502,15.3748258394252
100,"web|simple|low|multi_person",-4.8287718700638,27.1284683661269
100,"mobile|two_factor|low|multi_person",-2.86178031320466,27.1284683661269
100,"web|two_factor|low|multi_person",-7.91347934117092,27.1284683661269
100,"mobile|multi_factor|low|multi_person",-3.82867134673357,27.1284683661269
100,"mobile|simple|medium|multi_person",-1.41440755707802,27.1284683661269
100,"mobile|multi_factor|medium|multi_person",-5.46600606171405,27.1284683661269
100,"web|multi_factor|medium|multi_person",-10.5177050896803,27.1284683661269
100,"mobile|simple|high|multi_person",-2.48011458925817,27.1284683661269
100,"web|simple|high|multi_person",-7.53181361722443,27.1284683661269
100,"mobile|two_factor|high|multi_person",-5.56482206036529,27.1284683661269
100,"mobile|multi_factor|high|multi_person",-6.5317130938942,27.1284683661269
100,"mobile|simple|low|one_to_one",1.71323213718942,27.1284683661269
100,"web|simple|low|one_to_one",-3.33846689077684,27.1284683661269
100,"mobile|multi_factor|low|one_to_one",-2.33836636744661,27.1284683661269
100,"web|multi_factor|low|one_to_one",-7.39006539541287,27.1284683661269
100,"mobile|simple|medium|one_to_one",0.0758974222089326,27.1284683661269
100,"mobile|two_factor|medium|one_to_one",-3.00881004889819,27.1284683661269
100,"mobile|multi_factor|medium|one_to_one",-3.9757010824271,27.1284683661269
100,"web|multi_factor|medium|one_to_one",-9.02740011039336,27.1284683661269
100,"web|simple|high|one_to_one",-6.04150863793747,27.1284683661269
100,"mobile|two_factor|high|one_to_one",-4.07451708107833,27.1284683661269
100,"mobile|multi_factor|high|one_to_one",-5.04140811460724,27.1284683661269
100,"web|multi_factor|high|one_to_one",-10.0931071425735,27.1284683661269
100,"web|simple|medium|multi_person",-6.46610658504428,27.1284683661269
100,"mobile|two_factor|medium|multi_person",-4.49911502818514,27.1284683661269
100,"web|two_factor|high|multi_person",-10.6165210883315,27.1284683661269
100,"web|multi_factor|high|multi_person",-11.5834121218605,27.1284683661269
100,"web|simple|medium|one_to_one",-4.97580160575733,27.1284683661269
100,"web|two_factor|medium|one_to_one",-8.06050907686445,27.1284683661269
100,"mobile|simple|high|one_to_one",-0.989809609971212,27.1284683661269
100,"mobile|simple|low|multi_person",0.222927157902462,27.1284683661269
100,"web|multi_factor|low|multi_person",-8.88037037469983,27.1284683661269
100,"web|two_factor|medium|multi_person",-9.5508140561514,27.1284683661269
100,"mobile|two_factor|low|one_to_one",-1.3714753339177,27.1284683661269
100,"web|two_factor|high|one_to_one",-9.12621610904459,27.1284683661269
100,"web|two_factor|low|one_to_one",-6.42317436188396,27.1284683661269
101,"web|simple|low|multi_person",-4.11628526442699,33.012342812168
101,"mobile|two_factor|low|multi_person",-2.89407213042251,33.012342812168
101,"web|two_factor|low|multi_person",-6.87461567663377,33.012342812168
101,"mobile|multi_factor|low|multi_person",-4.06610779698723,33.012342812168
101,"mobile|simple|medium|multi_person",-1.34385316318929,33.012342812168
101,"mobile|multi_factor|medium|multi_person",-5.27421924196079,33.012342812168
101,"web|multi_factor|medium|multi_person",-9.25476278817205,33.012342812168
101,"mobile|simple|high|multi_person",-2.6096801780234,33.012342812168
101,"web|simple|high|multi_person",-6.59022372423466,33.012342812168
101,"mobile|two_factor|high|multi_person",-5.36801059023018,33.012342812168
101,"mobile|multi_factor|high|multi_person",-6.5400462567949,33.012342812168
101,"mobile|simple|low|one_to_one",2.20927842750857,33.012342812168
101,"web|simple|low|one_to_one",-1.77126511870269,33.012342812168
101,"mobile|multi_factor|low|one_to_one",-1.72108765126293,33.012342812168
101,"web|multi_factor|low|one_to_one",-5.70163119747419,33.012342812168
101,"mobile|simple|medium|one_to_one",1.00116698253501,33.012342812168
101,"mobile|two_factor|medium|one_to_one",-1.75716342967177,33.012342812168
101,"mobile|multi_factor|medium|one_to_one",-2.92919909623649,33.012342812168
101,"web|multi_factor|medium|one_to_one",-6.90974264244775,33.012342812168
101,"web|simple|high|one_to_one",-4.24520357851036,33.012342812168
101,"mobile|two_factor|high|one_to_one",-3.02299044450588,33.012342812168
101,"mobile|multi_factor|high|one_to_one",-4.1950261110706,33.012342812168
101,"web|multi_factor|high|one_to_one",-8.17556965728186,33.012342812168
101,"web|simple|medium|multi_person",-5.32439670940055,33.012342812168
101,"mobile|two_factor|medium|multi_person",-4.10218357539607,33.012342812168
101,"web|two_factor|high|multi_person",-9.34855413644144,33.012342812168
101,"web|multi_factor|high|multi_person",-10.5205898030062,33.012342812168
101,"web|simple|medium|one_to_one",-2.97937656367625,33.012342812168
101,"web|two_factor|medium|one_to_one",-5.73770697588303,33.012342812168
101,"mobile|simple|high|one_to_one",-0.2646600322991,33.012342812168
101,"mobile|simple|low|multi_person",-0.13574171821573,33.012342812168
101,"web|multi_factor|low|multi_person",-8.04665134319849,33.012342812168
101,"web|two_factor|medium|multi_person",-8.08272712160733,33.012342812168
101,"mobile|two_factor|low|one_to_one",-0.54905198469821,33.012342812168
101,"web|two_factor|high|one_to_one",-7.00353399071714,33.012342812168
101,"web|two_factor|low|one_to_one",-4.52959553090947,33.012342812168
103,"web|simple|low|multi_person",-3.75721932090059,30.4005558666804
103,"mobile|two_factor|low|multi_person",-3.16306164628479,30.4005558666804
103,"web|two_factor|low|multi_person",-6.73219692405087,30.4005558666804
103,"mobile|multi_factor|low|multi_person",-4.92135614037418,30.4005558666804
103,"mobile|simple|medium|multi_person",-1.68399500262128,30.4005558666804
103,"mobile|multi_factor|medium|multi_person",-6.41726709986095,30.4005558666804
103,"web|multi_factor|medium|multi_person",-9.98640237762703,30.4005558666804
103,"mobile|simple|high|multi_person",-1.58840187587917,30.4005558666804
103,"web|simple|high|multi_person",-5.15753715364525,30.4005558666804
103,"mobile|two_factor|high|multi_person",-4.56337947902945,30.4005558666804
103,"mobile|multi_factor|high|multi_person",-6.32167397311884,30.4005558666804
103,"mobile|simple|low|one_to_one",1.19939210103608,30.4005558666804
103,"web|simple|low|one_to_one",-2.36974317673,30.4005558666804
103,"mobile|multi_factor|low|one_to_one",-3.53387999620359,30.4005558666804
103,"web|multi_factor|low|one_to_one",-7.10301527396967,30.4005558666804
103,"mobile|simple|medium|one_to_one",-0.296518858450686,30.4005558666804
103,"mobile|two_factor|medium|one_to_one",-3.27149646160097,30.4005558666804
103,"mobile|multi_factor|medium|one_to_one",-5.02979095569036,30.4005558666804
103,"web|multi_factor|medium|one_to_one",-8.59892623345644,30.4005558666804
103,"web|simple|high|one_to_one",-3.77006100947466,30.4005558666804
103,"mobile|two_factor|high|one_to_one",-3.17590333485886,30.4005558666804
103,"mobile|multi_factor|high|one_to_one",-4.93419782894825,30.4005558666804
103,"web|multi_factor|high|one_to_one",-8.50333310671433,30.4005558666804
103,"web|simple|medium|multi_person",-5.25313028038736,30.4005558666804
103,"mobile|two_factor|medium|multi_person",-4.65897260577156,30.4005558666804
103,"web|two_factor|high|multi_person",-8.13251475679553,30.4005558666804
103,"web|multi_factor|high|multi_person",-9.89080925088492,30.4005558666804
103,"web|simple|medium|one_to_one",-3.86565413621677,30.4005558666804
103,"web|two_factor|medium|one_to_one",-6.84063173936705,30.4005558666804
103,"mobile|simple|high|one_to_one",-0.200925731708581,30.4005558666804
103,"mobile|simple|low|multi_person",-0.188084043134507,30.4005558666804
103,"web|multi_factor|low|multi_person",-8.49049141814026,30.4005558666804
103,"web|two_factor|medium|multi_person",-8.22810788353764,30.4005558666804
103,"mobile|two_factor|low|one_to_one",-1.7755855021142,30.4005558666804
103,"web|two_factor|high|one_to_one",-6.74503861262494,30.4005558666804
103,"web|two_factor|low|one_to_one",-5.34472077988028,30.4005558666804
104,"web|simple|low|multi_person",-3.84669251483251,27.2165297846752
104,"mobile|two_factor|low|multi_person",-2.98136630264145,27.2165297846752
104,"web|two_factor|low|multi_person",-7.2265946921478,27.2165297846752
104,"mobile|multi_factor|low|multi_person",-5.7144238376376,27.2165297846752
104,"mobile|simple|medium|multi_person",-1.99057140715286,27.2165297846752
104,"mobile|multi_factor|medium|multi_person",-8.10353111946431,27.2165297846752
104,"web|multi_factor|medium|multi_person",-12.3487595089707,27.2165297846752
104,"mobile|simple|high|multi_person",-1.9824461632801,27.2165297846752
104,"web|simple|high|multi_person",-6.22767455278645,27.2165297846752
104,"mobile|two_factor|high|multi_person",-5.36234834059539,27.2165297846752
104,"mobile|multi_factor|high|multi_person",-8.09540587559155,27.2165297846752
104,"mobile|simple|low|one_to_one",1.90136977309709,27.2165297846752
104,"web|simple|low|one_to_one",-2.34385861640927,27.2165297846752
104,"mobile|multi_factor|low|one_to_one",-4.21158993921436,27.2165297846752
104,"web|multi_factor|low|one_to_one",-8.45681832872073,27.2165297846752
104,"mobile|simple|medium|one_to_one",-0.487737508729628,27.2165297846752
104,"mobile|two_factor|medium|one_to_one",-3.86763968604493,27.2165297846752
104,"mobile|multi_factor|medium|one_to_one",-6.60069722104108,27.2165297846752
104,"web|multi_factor|medium|one_to_one",-10.8459256105474,27.2165297846752
104,"web|simple|high|one_to_one",-4.72484065436322,27.2165297846752
104,"mobile|two_factor|high|one_to_one",-3.85951444217216,27.2165297846752
104,"mobile|multi_factor|high|one_to_one",-6.59257197716831,27.2165297846752
104,"web|multi_factor|high|one_to_one",-10.8378003666747,27.2165297846752
104,"web|simple|medium|multi_person",-6.23579979665922,27.2165297846752
104,"mobile|two_factor|medium|multi_person",-5.37047358446816,27.2165297846752
104,"web|two_factor|high|multi_person",-9.60757673010175,27.2165297846752
104,"web|multi_factor|high|multi_person",-12.3406342650979,27.2165297846752
104,"web|simple|medium|one_to_one",-4.73296589823599,27.2165297846752
104,"web|two_factor|medium|one_to_one",-8.11286807555129,27.2165297846752
104,"mobile|simple|high|one_to_one",-0.479612264856863,27.2165297846752
104,"mobile|simple|low|multi_person",0.398535874673854,27.2165297846752
104,"web|multi_factor|low|multi_person",-9.95965222714396,27.2165297846752
104,"web|two_factor|medium|multi_person",-9.61570197397452,27.2165297846752
104,"mobile|two_factor|low|one_to_one",-1.47853240421821,27.2165297846752
104,"web|two_factor|high|one_to_one",-8.10474283167852,27.2165297846752
104,"web|two_factor|low|one_to_one",-5.72376079372457,27.2165297846752
105,"web|simple|low|multi_person",-3.10132941086108,30.1950929456142
105,"mobile|two_factor|low|multi_person",-2.7000407483869,30.1950929456142
105,"web|two_factor|low|multi_person",-6.50506632600104,30.1950929456142
105,"mobile|multi_factor|low|multi_person",-3.74862855237678,30.1950929456142
105,"mobile|simple|medium|multi_person",-2.05782548378154,30.1950929456142
105,"mobile|multi_factor|medium|multi_person",-6.51015020291138,30.1950929456142
105,"web|multi_factor|medium|multi_person",-10.3151757805255,30.1950929456142
105,"mobile|simple|high|multi_person",-2.561952576655,30.1950929456142
105,"web|simple|high|multi_person",-6.36697815426914,30.1950929456142
105,"mobile|two_factor|high|multi_person",-5.96568949179496,30.1950929456142
105,"mobile|multi_factor|high|multi_person",-7.01427729578484,30.1950929456142
105,"mobile|simple|low|one_to_one",2.01027039953856,30.1950929456142
105,"web|simple|low|one_to_one",-1.79475517807558,30.1950929456142
105,"mobile|multi_factor|low|one_to_one",-2.44205431959128,30.1950929456142
105,"web|multi_factor|low|one_to_one",-6.24707989720542,30.1950929456142
105,"mobile|simple|medium|one_to_one",-0.751251250996039,30.1950929456142
105,"mobile|two_factor|medium|one_to_one",-4.154988166136,30.1950929456142
105,"mobile|multi_factor|medium|one_to_one",-5.20357597012588,30.1950929456142
105,"web|multi_factor|medium|one_to_one",-9.00860154774002,30.1950929456142
105,"web|simple|high|one_to_one",-5.06040392148364,30.1950929456142
105,"mobile|two_factor|high|one_to_one",-4.65911525900946,30.1950929456142
105,"mobile|multi_factor|high|one_to_one",-5.70770306299934,30.1950929456142
105,"web|multi_factor|high|one_to_one",-9.51272864061348,30.1950929456142
105,"web|simple|medium|multi_person",-5.86285106139568,30.1950929456142
105,"mobile|two_factor|medium|multi_person",-5.46156239892151,30.1950929456142
105,"web|two_factor|high|multi_person",-9.7707150694091,30.1950929456142
105,"web|multi_factor|high|multi_person",-10.819302873399,30.1950929456142
105,"web|simple|medium|one_to_one",-4.55627682861018,30.1950929456142
105,"web|two_factor|medium|one_to_one",-7.96001374375014,30.1950929456142
105,"mobile|simple|high|one_to_one",-1.2553783438695,30.1950929456142
105,"mobile|simple|low|multi_person",0.703696166753057,30.1950929456142
105,"web|multi_factor|low|multi_person",-7.55365412999092,30.1950929456142
105,"web|two_factor|medium|multi_person",-9.26658797653565,30.1950929456142
105,"mobile|two_factor|low|one_to_one",-1.3934665156014,30.1950929456142
105,"web|two_factor|high|one_to_one",-8.4641408366236,30.1950929456142
105,"web|two_factor|low|one_to_one",-5.19849209321554,30.1950929456142
106,"web|simple|low|multi_person",-3.19138744210288,35.5943528774354
106,"mobile|two_factor|low|multi_person",-2.42633554201699,35.5943528774354
106,"web|two_factor|low|multi_person",-4.61049110472567,35.5943528774354
106,"mobile|multi_factor|low|multi_person",-2.93818688230785,35.5943528774354
106,"mobile|simple|medium|multi_person",-3.44766713076744,35.5943528774354
106,"mobile|multi_factor|medium|multi_person",-5.37862213368109,35.5943528774354
106,"web|multi_factor|medium|multi_person",-7.56277769638977,35.5943528774354
106,"mobile|simple|high|multi_person",-3.87585639934117,35.5943528774354
106,"web|simple|high|multi_person",-6.06001196204985,35.5943528774354
106,"mobile|two_factor|high|multi_person",-5.29496006196396,35.5943528774354
106,"mobile|multi_factor|high|multi_person",-5.80681140225482,35.5943528774354
106,"mobile|simple|low|one_to_one",1.65462112102166,35.5943528774354
106,"web|simple|low|one_to_one",-0.52953444168702,35.5943528774354
106,"mobile|multi_factor|low|one_to_one",-0.27633388189199,35.5943528774354
106,"web|multi_factor|low|one_to_one",-2.46048944460067,35.5943528774354
106,"mobile|simple|medium|one_to_one",-0.785814130351577,35.5943528774354
106,"mobile|two_factor|medium|one_to_one",-2.20491779297437,35.5943528774354
106,"mobile|multi_factor|medium|one_to_one",-2.71676913326523,35.5943528774354
106,"web|multi_factor|medium|one_to_one",-4.90092469597391,35.5943528774354
106,"web|simple|high|one_to_one",-3.39815896163399,35.5943528774354
106,"mobile|two_factor|high|one_to_one",-2.6331070615481,35.5943528774354
106,"mobile|multi_factor|high|one_to_one",-3.14495840183896,35.5943528774354
106,"web|multi_factor|high|one_to_one",-5.32911396454764,35.5943528774354
106,"web|simple|medium|multi_person",-5.63182269347612,35.5943528774354
106,"mobile|two_factor|medium|multi_person",-4.86677079339023,35.5943528774354
106,"web|two_factor|high|multi_person",-7.47911562467264,35.5943528774354
106,"web|multi_factor|high|multi_person",-7.9909669649635,35.5943528774354
106,"web|simple|medium|one_to_one",-2.96996969306026,35.5943528774354
106,"web|two_factor|medium|one_to_one",-4.38907335568305,35.5943528774354
106,"mobile|simple|high|one_to_one",-1.21400339892531,35.5943528774354
106,"mobile|simple|low|multi_person",-1.0072318793942,35.5943528774354
106,"web|multi_factor|low|multi_person",-5.12234244501653,35.5943528774354
106,"web|two_factor|medium|multi_person",-7.0509263560989,35.5943528774354
106,"mobile|two_factor|low|one_to_one",0.235517458398871,35.5943528774354
106,"web|two_factor|high|one_to_one",-4.81726262425678,35.5943528774354
106,"web|two_factor|low|one_to_one",-1.94863810430981,35.5943528774354
107,"web|simple|low|multi_person",-6.2943203815754,14.1980393019742
107,"mobile|two_factor|low|multi_person",-8.20346939819235,14.1980393019742
107,"web|two_factor|low|multi_person",-11.0308507001814,14.1980393019742
107,"mobile|multi_factor|low|multi_person",-8.79319777035644,14.1980393019742
107,"mobile|simple|medium|multi_person",-4.79685275964236,14.1980393019742
107,"mobile|multi_factor|medium|multi_person",-10.1231114504125,14.1980393019742
107,"web|multi_factor|medium|multi_person",-12.9504927524015,14.1980393019742
107,"mobile|simple|high|multi_person",-4.26986774251824,14.1980393019742
107,"web|simple|high|multi_person",-7.0972490445073,14.1980393019742
107,"mobile|two_factor|high|multi_person",-9.00639806112425,14.1980393019742
107,"mobile|multi_factor|high|multi_person",-9.59612643328834,14.1980393019742
107,"mobile|simple|low|one_to_one",-3.19190690968446,14.1980393019742
107,"web|simple|low|one_to_one",-6.01928821167352,14.1980393019742
107,"mobile|multi_factor|low|one_to_one",-8.51816560045456,14.1980393019742
107,"web|multi_factor|low|one_to_one",-11.3455469024436,14.1980393019742
107,"mobile|simple|medium|one_to_one",-4.52182058974048,14.1980393019742
107,"mobile|two_factor|medium|one_to_one",-9.25835090834649,14.1980393019742
107,"mobile|multi_factor|medium|one_to_one",-9.84807928051058,14.1980393019742
107,"web|multi_factor|medium|one_to_one",-12.6754605824996,14.1980393019742
107,"web|simple|high|one_to_one",-6.82221687460541,14.1980393019742
107,"mobile|two_factor|high|one_to_one",-8.73136589122236,14.1980393019742
107,"mobile|multi_factor|high|one_to_one",-9.32109426338645,14.1980393019742
107,"web|multi_factor|high|one_to_one",-12.1484755653755,14.1980393019742
107,"web|simple|medium|multi_person",-7.62423406163142,14.1980393019742
107,"mobile|two_factor|medium|multi_person",-9.53338307824837,14.1980393019742
107,"web|two_factor|high|multi_person",-11.8337793631133,14.1980393019742
107,"web|multi_factor|high|multi_person",-12.4235077352774,14.1980393019742
107,"web|simple|medium|one_to_one",-7.34920189172954,14.1980393019742
107,"web|two_factor|medium|one_to_one",-12.0857322103356,14.1980393019742
107,"mobile|simple|high|one_to_one",-3.99483557261635,14.1980393019742
107,"mobile|simple|low|multi_person",-3.46693907958634,14.1980393019742
107,"web|multi_factor|low|multi_person",-11.6205790723455,14.1980393019742
107,"web|two_factor|medium|multi_person",-12.3607643802374,14.1980393019742
107,"mobile|two_factor|low|one_to_one",-7.92843722829047,14.1980393019742
107,"web|two_factor|high|one_to_one",-11.5587471932114,14.1980393019742
107,"web|two_factor|low|one_to_one",-10.7558185302795,14.1980393019742
108,"web|simple|low|multi_person",-4.25410184892608,16.6098781828669
108,"mobile|two_factor|low|multi_person",-5.79425508630923,16.6098781828669
108,"web|two_factor|low|multi_person",-10.8871549549745,16.6098781828669
108,"mobile|multi_factor|low|multi_person",-8.04200984267368,16.6098781828669
108,"mobile|simple|medium|multi_person",-1.75768846858973,16.6098781828669
108,"mobile|multi_factor|medium|multi_person",-10.6384963310026,16.6098781828669
108,"web|multi_factor|medium|multi_person",-15.7313961996679,16.6098781828669
108,"mobile|simple|high|multi_person",-1.63240574544143,16.6098781828669
108,"web|simple|high|multi_person",-6.72530561410673,16.6098781828669
108,"mobile|two_factor|high|multi_person",-8.26545885148988,16.6098781828669
108,"mobile|multi_factor|high|multi_person",-10.5132136078543,16.6098781828669
108,"mobile|simple|low|one_to_one",1.27026212365714,16.6098781828669
108,"web|simple|low|one_to_one",-3.82263774500816,16.6098781828669
108,"mobile|multi_factor|low|one_to_one",-7.61054573875576,16.6098781828669
108,"web|multi_factor|low|one_to_one",-12.7034456074211,16.6098781828669
108,"mobile|simple|medium|one_to_one",-1.32622436467181,16.6098781828669
108,"mobile|two_factor|medium|one_to_one",-7.95927747072026,16.6098781828669
108,"mobile|multi_factor|medium|one_to_one",-10.2070322270847,16.6098781828669
108,"web|multi_factor|medium|one_to_one",-15.29993209575,16.6098781828669
108,"web|simple|high|one_to_one",-6.29384151018881,16.6098781828669
108,"mobile|two_factor|high|one_to_one",-7.83399474757196,16.6098781828669
108,"mobile|multi_factor|high|one_to_one",-10.0817495039364,16.6098781828669
108,"web|multi_factor|high|one_to_one",-15.1746493726017,16.6098781828669
108,"web|simple|medium|multi_person",-6.85058833725503,16.6098781828669
108,"mobile|two_factor|medium|multi_person",-8.39074157463818,16.6098781828669
108,"web|two_factor|high|multi_person",-13.3583587201552,16.6098781828669
108,"web|multi_factor|high|multi_person",-15.6061134765196,16.6098781828669
108,"web|simple|medium|one_to_one",-6.41912423333711,16.6098781828669
108,"web|two_factor|medium|one_to_one",-13.0521773393856,16.6098781828669
108,"mobile|simple|high|one_to_one",-1.20094164152351,16.6098781828669
108,"mobile|simple|low|multi_person",0.838798019739219,16.6098781828669
108,"web|multi_factor|low|multi_person",-13.134909711339,16.6098781828669
108,"web|two_factor|medium|multi_person",-13.4836414433035,16.6098781828669
108,"mobile|two_factor|low|one_to_one",-5.36279098239131,16.6098781828669
108,"web|two_factor|high|one_to_one",-12.9268946162373,16.6098781828669
108,"web|two_factor|low|one_to_one",-10.4556908510566,16.6098781828669
109,"web|simple|low|multi_person",-3.89819311601691,29.8297610808854
109,"mobile|two_factor|low|multi_person",-3.66061696025512,29.8297610808854
109,"web|two_factor|low|multi_person",-7.62099703681122,29.8297610808854
109,"mobile|multi_factor|low|multi_person",-4.22977656463552,29.8297610808854
109,"mobile|simple|medium|multi_person",-2.18472504197664,29.8297610808854
109,"mobile|multi_factor|medium|multi_person",-6.47668856715135,29.8297610808854
109,"web|multi_factor|medium|multi_person",-10.4370686437075,29.8297610808854
109,"mobile|simple|high|multi_person",-2.94884320847651,29.8297610808854
109,"web|simple|high|multi_person",-6.90922328503261,29.8297610808854
109,"mobile|two_factor|high|multi_person",-6.67164712927082,29.8297610808854
109,"mobile|multi_factor|high|multi_person",-7.24080673365122,29.8297610808854
109,"mobile|simple|low|one_to_one",2.68535115097517,29.8297610808854
109,"web|simple|low|one_to_one",-1.27502892558093,29.8297610808854
109,"mobile|multi_factor|low|one_to_one",-1.60661237419954,29.8297610808854
109,"web|multi_factor|low|one_to_one",-5.56699245075564,29.8297610808854
109,"mobile|simple|medium|one_to_one",0.438439148459336,29.8297610808854
109,"mobile|two_factor|medium|one_to_one",-3.28436477233497,29.8297610808854
109,"mobile|multi_factor|medium|one_to_one",-3.85352437671537,29.8297610808854
109,"web|multi_factor|medium|one_to_one",-7.81390445327148,29.8297610808854
109,"web|simple|high|one_to_one",-4.28605909459663,29.8297610808854
109,"mobile|two_factor|high|one_to_one",-4.04848293883484,29.8297610808854
109,"mobile|multi_factor|high|one_to_one",-4.61764254321524,29.8297610808854
109,"web|multi_factor|high|one_to_one",-8.57802261977134,29.8297610808854
109,"web|simple|medium|multi_person",-6.14510511853274,29.8297610808854
109,"mobile|two_factor|medium|multi_person",-5.90752896277095,29.8297610808854
109,"web|two_factor|high|multi_person",-10.6320272058269,29.8297610808854
109,"web|multi_factor|high|multi_person",-11.2011868102073,29.8297610808854
109,"web|simple|medium|one_to_one",-3.52194092809676,29.8297610808854
109,"web|two_factor|medium|one_to_one",-7.24474484889107,29.8297610808854
109,"mobile|simple|high|one_to_one",-0.32567901804053,29.8297610808854
109,"mobile|simple|low|multi_person",0.0621869605391896,29.8297610808854
109,"web|multi_factor|low|multi_person",-8.19015664119162,29.8297610808854
109,"web|two_factor|medium|multi_person",-9.86790903932706,29.8297610808854
109,"mobile|two_factor|low|one_to_one",-1.03745276981914,29.8297610808854
109,"web|two_factor|high|one_to_one",-8.00886301539094,29.8297610808854
109,"web|two_factor|low|one_to_one",-4.99783284637524,29.8297610808854
110,"web|simple|low|multi_person",-3.51034485570369,33.1695055709227
110,"mobile|two_factor|low|multi_person",-2.03242228272936,33.1695055709227
110,"web|two_factor|low|multi_person",-5.49829806035774,33.1695055709227
110,"mobile|multi_factor|low|multi_person",-3.18980241137099,33.1695055709227
110,"mobile|simple|medium|multi_person",-1.99886240456876,33.1695055709227
110,"mobile|multi_factor|medium|multi_person",-5.14419573786444,33.1695055709227
110,"web|multi_factor|medium|multi_person",-8.61007151549282,33.1695055709227
110,"mobile|simple|high|multi_person",-2.68212859681494,33.1695055709227
110,"web|simple|high|multi_person",-6.14800437444332,33.1695055709227
110,"mobile|two_factor|high|multi_person",-4.67008180146899,33.1695055709227
110,"mobile|multi_factor|high|multi_person",-5.82746193011062,33.1695055709227
110,"mobile|simple|low|one_to_one",1.67348010756399,33.1695055709227
110,"web|simple|low|one_to_one",-1.79239567006439,33.1695055709227
110,"mobile|multi_factor|low|one_to_one",-1.47185322573169,33.1695055709227
110,"web|multi_factor|low|one_to_one",-4.93772900336007,33.1695055709227
110,"mobile|simple|medium|one_to_one",-0.280913218929463,33.1695055709227
110,"mobile|two_factor|medium|one_to_one",-2.26886642358352,33.1695055709227
110,"mobile|multi_factor|medium|one_to_one",-3.42624655222514,33.1695055709227
110,"web|multi_factor|medium|one_to_one",-6.89212232985352,33.1695055709227
110,"web|simple|high|one_to_one",-4.43005518880402,33.1695055709227
110,"mobile|two_factor|high|one_to_one",-2.9521326158297,33.1695055709227
110,"mobile|multi_factor|high|one_to_one",-4.10951274447132,33.1695055709227
110,"web|multi_factor|high|one_to_one",-7.5753885220997,33.1695055709227
110,"web|simple|medium|multi_person",-5.46473818219714,33.1695055709227
110,"mobile|two_factor|medium|multi_person",-3.98681560922281,33.1695055709227
110,"web|two_factor|high|multi_person",-8.13595757909737,33.1695055709227
110,"web|multi_factor|high|multi_person",-9.293337707739,33.1695055709227
110,"web|simple|medium|one_to_one",-3.74678899655784,33.1695055709227
110,"web|two_factor|medium|one_to_one",-5.7347422012119,33.1695055709227
110,"mobile|simple|high|one_to_one",-0.964179411175642,33.1695055709227
110,"mobile|simple|low|multi_person",-0.0444690780753065,33.1695055709227
110,"web|multi_factor|low|multi_person",-6.65567818899937,33.1695055709227
110,"web|two_factor|medium|multi_person",-7.45269138685119,33.1695055709227
110,"mobile|two_factor|low|one_to_one",-0.314473097090068,33.1695055709227
110,"web|two_factor|high|one_to_one",-6.41800839345808,33.1695055709227
110,"web|two_factor|low|one_to_one",-3.78034887471845,33.1695055709227
111,"web|simple|low|multi_person",-4.72576778074581,18.2443094980131
111,"mobile|two_factor|low|multi_person",-5.37610941079188,18.2443094980131
111,"web|two_factor|low|multi_person",-9.98403353218886,18.2443094980131
111,"mobile|multi_factor|low|multi_person",-7.26766714422978,18.2443094980131
111,"mobile|simple|medium|multi_person",-2.27003495443254,18.2443094980131
111,"mobile|multi_factor|medium|multi_person",-9.41985843931349,18.2443094980131
111,"web|multi_factor|medium|multi_person",-14.0277825607105,18.2443094980131
111,"mobile|simple|high|multi_person",-2.42515641213686,18.2443094980131
111,"web|simple|high|multi_person",-7.03308053353384,18.2443094980131
111,"mobile|two_factor|high|multi_person",-7.68342216357991,18.2443094980131
111,"mobile|multi_factor|high|multi_person",-9.57497989701781,18.2443094980131
111,"mobile|simple|low|one_to_one",0.265965671796069,18.2443094980131
111,"web|simple|low|one_to_one",-4.34195844960091,18.2443094980131
111,"mobile|multi_factor|low|one_to_one",-6.88385781308488,18.2443094980131
111,"web|multi_factor|low|one_to_one",-11.4917819344819,18.2443094980131
111,"mobile|simple|medium|one_to_one",-1.88622562328764,18.2443094980131
111,"mobile|two_factor|medium|one_to_one",-7.14449137473069,18.2443094980131
111,"mobile|multi_factor|medium|one_to_one",-9.03604910816859,18.2443094980131
111,"web|multi_factor|medium|one_to_one",-13.6439732295656,18.2443094980131
111,"web|simple|high|one_to_one",-6.64927120238894,18.2443094980131
111,"mobile|two_factor|high|one_to_one",-7.29961283243501,18.2443094980131
111,"mobile|multi_factor|high|one_to_one",-9.19117056587291,18.2443094980131
111,"web|multi_factor|high|one_to_one",-13.7990946872699,18.2443094980131
111,"web|simple|medium|multi_person",-6.87795907582952,18.2443094980131
111,"mobile|two_factor|medium|multi_person",-7.52830070587559,18.2443094980131
111,"web|two_factor|high|multi_person",-12.2913462849769,18.2443094980131
111,"web|multi_factor|high|multi_person",-14.1829040184148,18.2443094980131
111,"web|simple|medium|one_to_one",-6.49414974468462,18.2443094980131
111,"web|two_factor|medium|one_to_one",-11.7524154961277,18.2443094980131
111,"mobile|simple|high|one_to_one",-2.04134708099196,18.2443094980131
111,"mobile|simple|low|multi_person",-0.117843659348829,18.2443094980131
111,"web|multi_factor|low|multi_person",-11.8755912656268,18.2443094980131
111,"web|two_factor|medium|multi_person",-12.1362248272726,18.2443094980131
111,"mobile|two_factor|low|one_to_one",-4.99230007964698,18.2443094980131
111,"web|two_factor|high|one_to_one",-11.907536953832,18.2443094980131
111,"web|two_factor|low|one_to_one",-9.60022420104396,18.2443094980131
112,"web|simple|low|multi_person",-4.90075780407694,26.3052089552263
112,"mobile|two_factor|low|multi_person",-4.59105462879888,26.3052089552263
112,"web|two_factor|low|multi_person",-8.71333631259886,26.3052089552263
112,"mobile|multi_factor|low|multi_person",-6.47464032101729,26.3052089552263
112,"mobile|simple|medium|multi_person",-2.23496479233449,26.3052089552263
112,"mobile|multi_factor|medium|multi_person",-7.93112899307482,26.3052089552263
112,"web|multi_factor|medium|multi_person",-12.0534106768748,26.3052089552263
112,"mobile|simple|high|multi_person",-2.40810744132753,26.3052089552263
112,"web|simple|high|multi_person",-6.53038912512751,26.3052089552263
112,"mobile|two_factor|high|multi_person",-6.22068594984945,26.3052089552263
112,"mobile|multi_factor|high|multi_person",-8.10427164206786,26.3052089552263
112,"mobile|simple|low|one_to_one",1.4184912921256,26.3052089552263
112,"web|simple|low|one_to_one",-2.70379039167438,26.3052089552263
112,"mobile|multi_factor|low|one_to_one",-4.27767290861473,26.3052089552263
112,"web|multi_factor|low|one_to_one",-8.39995459241471,26.3052089552263
112,"mobile|simple|medium|one_to_one",-0.0379973799319293,26.3052089552263
112,"mobile|two_factor|medium|one_to_one",-3.85057588845385,26.3052089552263
112,"mobile|multi_factor|medium|one_to_one",-5.73416158067226,26.3052089552263
112,"web|multi_factor|medium|one_to_one",-9.85644326447224,26.3052089552263
112,"web|simple|high|one_to_one",-4.33342171272495,26.3052089552263
112,"mobile|two_factor|high|one_to_one",-4.02371853744689,26.3052089552263
112,"mobile|multi_factor|high|one_to_one",-5.9073042296653,26.3052089552263
112,"web|multi_factor|high|one_to_one",-10.0295859134653,26.3052089552263
112,"web|simple|medium|multi_person",-6.35724647613447,26.3052089552263
112,"mobile|two_factor|medium|multi_person",-6.04754330085641,26.3052089552263
112,"web|two_factor|high|multi_person",-10.3429676336494,26.3052089552263
112,"web|multi_factor|high|multi_person",-12.2265533258678,26.3052089552263
112,"web|simple|medium|one_to_one",-4.16027906373191,26.3052089552263
112,"web|two_factor|medium|one_to_one",-7.97285757225383,26.3052089552263
112,"mobile|simple|high|one_to_one",-0.211140028924974,26.3052089552263
112,"mobile|simple|low|multi_person",-0.77847612027696,26.3052089552263
112,"web|multi_factor|low|multi_person",-10.5969220048173,26.3052089552263
112,"web|two_factor|medium|multi_person",-10.1698249846564,26.3052089552263
112,"mobile|two_factor|low|one_to_one",-2.39408721639632,26.3052089552263
112,"web|two_factor|high|one_to_one",-8.14600022124687,26.3052089552263
112,"web|two_factor|low|one_to_one",-6.5163689001963,26.3052089552263
113,"web|simple|low|multi_person",-5.55608434874376,30.7848659503407
113,"mobile|two_factor|low|multi_person",-4.15546476053414,30.7848659503407
113,"web|two_factor|low|multi_person",-8.19730812415166,30.7848659503407
113,"mobile|multi_factor|low|multi_person",-4.42489163916826,30.7848659503407
113,"mobile|simple|medium|multi_person",-2.75093306457368,30.7848659503407
113,"mobile|multi_factor|medium|multi_person",-5.6615837186157,30.7848659503407
113,"web|multi_factor|medium|multi_person",-9.70342708223322,30.7848659503407
113,"mobile|simple|high|multi_person",-2.98109817801071,30.7848659503407
113,"web|simple|high|multi_person",-7.02294154162823,30.7848659503407
113,"mobile|two_factor|high|multi_person",-5.62232195341861,30.7848659503407
113,"mobile|multi_factor|high|multi_person",-5.89174883205273,30.7848659503407
113,"mobile|simple|low|one_to_one",1.71005403025984,30.7848659503407
113,"web|simple|low|one_to_one",-2.33178933335768,30.7848659503407
113,"mobile|multi_factor|low|one_to_one",-1.20059662378218,30.7848659503407
113,"web|multi_factor|low|one_to_one",-5.2424399873997,30.7848659503407
113,"mobile|simple|medium|one_to_one",0.4733619508124,30.7848659503407
113,"mobile|two_factor|medium|one_to_one",-2.1678618245955,30.7848659503407
113,"mobile|multi_factor|medium|one_to_one",-2.43728870322962,30.7848659503407
113,"web|multi_factor|medium|one_to_one",-6.47913206684714,30.7848659503407
113,"web|simple|high|one_to_one",-3.79864652624215,30.7848659503407
113,"mobile|two_factor|high|one_to_one",-2.39802693803253,30.7848659503407
113,"mobile|multi_factor|high|one_to_one",-2.66745381666665,30.7848659503407
113,"web|multi_factor|high|one_to_one",-6.70929718028417,30.7848659503407
113,"web|simple|medium|multi_person",-6.7927764281912,30.7848659503407
113,"mobile|two_factor|medium|multi_person",-5.39215683998158,30.7848659503407
113,"web|two_factor|high|multi_person",-9.66416531703613,30.7848659503407
113,"web|multi_factor|high|multi_person",-9.93359219567025,30.7848659503407
113,"web|simple|medium|one_to_one",-3.56848141280512,30.7848659503407
113,"web|two_factor|medium|one_to_one",-6.20970518821302,30.7848659503407
113,"mobile|simple|high|one_to_one",0.243196837375375,30.7848659503407
113,"mobile|simple|low|multi_person",-1.51424098512624,30.7848659503407
113,"web|multi_factor|low|multi_person",-8.46673500278578,30.7848659503407
113,"web|two_factor|medium|multi_person",-9.4340002035991,30.7848659503407
113,"mobile|two_factor|low|one_to_one",-0.93116974514806,30.7848659503407
113,"web|two_factor|high|one_to_one",-6.43987030165005,30.7848659503407
113,"web|two_factor|low|one_to_one",-4.97301310876558,30.7848659503407
114,"web|simple|low|multi_person",-6.86567932051574,25.1750982919252
114,"mobile|two_factor|low|multi_person",-5.41738951909148,25.1750982919252
114,"web|two_factor|low|multi_person",-10.6403628849934,25.1750982919252
114,"mobile|multi_factor|low|multi_person",-4.98972084168725,25.1750982919252
114,"mobile|simple|medium|multi_person",-3.02037298734271,25.1750982919252
114,"mobile|multi_factor|medium|multi_person",-6.36738787441612,25.1750982919252
114,"web|multi_factor|medium|multi_person",-11.590361240318,25.1750982919252
114,"mobile|simple|high|multi_person",-2.17787422903677,25.1750982919252
114,"web|simple|high|multi_person",-7.40084759493867,25.1750982919252
114,"mobile|two_factor|high|multi_person",-5.95255779351441,25.1750982919252
114,"mobile|multi_factor|high|multi_person",-5.52488911611017,25.1750982919252
114,"mobile|simple|low|one_to_one",0.666621085361478,25.1750982919252
114,"web|simple|low|one_to_one",-4.55635228054042,25.1750982919252
114,"mobile|multi_factor|low|one_to_one",-2.68039380171193,25.1750982919252
114,"web|multi_factor|low|one_to_one",-7.90336716761383,25.1750982919252
114,"mobile|simple|medium|one_to_one",-0.711045947367394,25.1750982919252
114,"mobile|two_factor|medium|one_to_one",-4.48572951184503,25.1750982919252
114,"mobile|multi_factor|medium|one_to_one",-4.0580608344408,25.1750982919252
114,"web|multi_factor|medium|one_to_one",-9.2810342003427,25.1750982919252
114,"web|simple|high|one_to_one",-5.09152055496335,25.1750982919252
114,"mobile|two_factor|high|one_to_one",-3.64323075353909,25.1750982919252
114,"mobile|multi_factor|high|one_to_one",-3.21556207613485,25.1750982919252
114,"web|multi_factor|high|one_to_one",-8.43853544203675,25.1750982919252
114,"web|simple|medium|multi_person",-8.24334635324461,25.1750982919252
114,"mobile|two_factor|medium|multi_person",-6.79505655182035,25.1750982919252
114,"web|two_factor|high|multi_person",-11.1755311594163,25.1750982919252
114,"web|multi_factor|high|multi_person",-10.7478624820121,25.1750982919252
114,"web|simple|medium|one_to_one",-5.93401931326929,25.1750982919252
114,"web|two_factor|medium|one_to_one",-9.70870287774693,25.1750982919252
114,"mobile|simple|high|one_to_one",0.131452810938554,25.1750982919252
114,"mobile|simple|low|multi_person",-1.64270595461384,25.1750982919252
114,"web|multi_factor|low|multi_person",-10.2126942075891,25.1750982919252
114,"web|two_factor|medium|multi_person",-12.0180299177223,25.1750982919252
114,"mobile|two_factor|low|one_to_one",-3.10806247911616,25.1750982919252
114,"web|two_factor|high|one_to_one",-8.86620411944098,25.1750982919252
114,"web|two_factor|low|one_to_one",-8.33103584501806,25.1750982919252
115,"web|simple|low|multi_person",-5.91127434262281,19.612464001551
115,"mobile|two_factor|low|multi_person",-4.54135209897025,19.612464001551
115,"web|two_factor|low|multi_person",-9.48113242580953,19.612464001551
115,"mobile|multi_factor|low|multi_person",-6.38460438259295,19.612464001551
115,"mobile|simple|medium|multi_person",-3.69017691390517,19.612464001551
115,"mobile|multi_factor|medium|multi_person",-9.1032872807146,19.612464001551
115,"web|multi_factor|medium|multi_person",-14.0430676075539,19.612464001551
115,"mobile|simple|high|multi_person",-4.4720742199663,19.612464001551
115,"web|simple|high|multi_person",-9.41185454680558,19.612464001551
115,"mobile|two_factor|high|multi_person",-8.04193230315302,19.612464001551
115,"mobile|multi_factor|high|multi_person",-9.88518458677572,19.612464001551
115,"mobile|simple|low|one_to_one",1.67537337763345,19.612464001551
115,"web|simple|low|one_to_one",-3.26440694920583,19.612464001551
115,"mobile|multi_factor|low|one_to_one",-3.73773698917597,19.612464001551
115,"web|multi_factor|low|one_to_one",-8.67751731601525,19.612464001551
115,"mobile|simple|medium|one_to_one",-1.04330952048819,19.612464001551
115,"mobile|two_factor|medium|one_to_one",-4.61316760367492,19.612464001551
115,"mobile|multi_factor|medium|one_to_one",-6.45641988729761,19.612464001551
115,"web|multi_factor|medium|one_to_one",-11.3962002141369,19.612464001551
115,"web|simple|high|one_to_one",-6.7649871533886,19.612464001551
115,"mobile|two_factor|high|one_to_one",-5.39506490973604,19.612464001551
115,"mobile|multi_factor|high|one_to_one",-7.23831719335874,19.612464001551
115,"web|multi_factor|high|one_to_one",-12.178097520198,19.612464001551
115,"web|simple|medium|multi_person",-8.62995724074445,19.612464001551
115,"mobile|two_factor|medium|multi_person",-7.2600349970919,19.612464001551
115,"web|two_factor|high|multi_person",-12.9817126299923,19.612464001551
115,"web|multi_factor|high|multi_person",-14.824964913615,19.612464001551
115,"web|simple|medium|one_to_one",-5.98308984732747,19.612464001551
115,"web|two_factor|medium|one_to_one",-9.5529479305142,19.612464001551
115,"mobile|simple|high|one_to_one",-1.82520682654932,19.612464001551
115,"mobile|simple|low|multi_person",-0.97149401578353,19.612464001551
115,"web|multi_factor|low|multi_person",-11.3243847094322,19.612464001551
115,"web|two_factor|medium|multi_person",-12.1998153239312,19.612464001551
115,"mobile|two_factor|low|one_to_one",-1.89448470555327,19.612464001551
115,"web|two_factor|high|one_to_one",-10.3348452365753,19.612464001551
115,"web|two_factor|low|one_to_one",-6.83426503239255,19.612464001551
116,"web|simple|low|multi_person",-4.50639827164026,31.1983174101444
116,"mobile|two_factor|low|multi_person",-2.50063486692842,31.1983174101444
116,"web|two_factor|low|multi_person",-6.6535346239043,31.1983174101444
116,"mobile|multi_factor|low|multi_person",-4.32377429226083,31.1983174101444
116,"mobile|simple|medium|multi_person",-1.93084070398671,31.1983174101444
116,"mobile|multi_factor|medium|multi_person",-5.90111648158316,31.1983174101444
116,"web|multi_factor|medium|multi_person",-10.054016238559,31.1983174101444
116,"mobile|simple|high|multi_person",-2.66935102949296,31.1983174101444
116,"web|simple|high|multi_person",-6.82225078646884,31.1983174101444
116,"mobile|two_factor|high|multi_person",-4.816487381757,31.1983174101444
116,"mobile|multi_factor|high|multi_person",-6.63962680708941,31.1983174101444
116,"mobile|simple|low|one_to_one",1.7560351371055,31.1983174101444
116,"web|simple|low|one_to_one",-2.39686461987038,31.1983174101444
116,"mobile|multi_factor|low|one_to_one",-2.21424064049095,31.1983174101444
116,"web|multi_factor|low|one_to_one",-6.36714039746683,31.1983174101444
116,"mobile|simple|medium|one_to_one",0.178692947783173,31.1983174101444
116,"mobile|two_factor|medium|one_to_one",-1.96844340448087,31.1983174101444
116,"mobile|multi_factor|medium|one_to_one",-3.79158282981328,31.1983174101444
116,"web|multi_factor|medium|one_to_one",-7.94448258678916,31.1983174101444
116,"web|simple|high|one_to_one",-4.71271713469896,31.1983174101444
116,"mobile|two_factor|high|one_to_one",-2.70695372998712,31.1983174101444
116,"mobile|multi_factor|high|one_to_one",-4.53009315531953,31.1983174101444
116,"web|multi_factor|high|one_to_one",-8.68299291229541,31.1983174101444
116,"web|simple|medium|multi_person",-6.08374046096259,31.1983174101444
116,"mobile|two_factor|medium|multi_person",-4.07797705625075,31.1983174101444
116,"web|two_factor|high|multi_person",-8.96938713873288,31.1983174101444
116,"web|multi_factor|high|multi_person",-10.7925265640653,31.1983174101444
116,"web|simple|medium|one_to_one",-3.97420680919271,31.1983174101444
116,"web|two_factor|medium|one_to_one",-6.12134316145674,31.1983174101444
116,"mobile|simple|high|one_to_one",-0.55981737772308,31.1983174101444
116,"mobile|simple|low|multi_person",-0.35349851466438,31.1983174101444
116,"web|multi_factor|low|multi_person",-8.47667404923671,31.1983174101444
116,"web|two_factor|medium|multi_person",-8.23087681322662,31.1983174101444
116,"mobile|two_factor|low|one_to_one",-0.391101215158538,31.1983174101444
116,"web|two_factor|high|one_to_one",-6.859853486963,31.1983174101444
116,"web|two_factor|low|one_to_one",-4.54400097213442,31.1983174101444
117,"web|simple|low|multi_person",-4.44380376162826,24.1386481151063
117,"mobile|two_factor|low|multi_person",-3.51933591153064,24.1386481151063
117,"web|two_factor|low|multi_person",-8.8966084771628,24.1386481151063
117,"mobile|multi_factor|low|multi_person",-4.97955137444414,24.1386481151063
117,"mobile|simple|medium|multi_person",-1.4830759966571,24.1386481151063
117,"mobile|multi_factor|medium|multi_person",-7.39609617510514,24.1386481151063
117,"web|multi_factor|medium|multi_person",-12.7733687407373,24.1386481151063
117,"mobile|simple|high|multi_person",-2.19377300879685,24.1386481151063
117,"web|simple|high|multi_person",-7.57104557442901,24.1386481151063
117,"mobile|two_factor|high|multi_person",-6.64657772433139,24.1386481151063
117,"mobile|multi_factor|high|multi_person",-8.10679318724489,24.1386481151063
117,"mobile|simple|low|one_to_one",2.2485686008173,24.1386481151063
117,"web|simple|low|one_to_one",-3.12870396481486,24.1386481151063
117,"mobile|multi_factor|low|one_to_one",-3.66445157763074,24.1386481151063
117,"web|multi_factor|low|one_to_one",-9.0417241432629,24.1386481151063
117,"mobile|simple|medium|one_to_one",-0.167976199843697,24.1386481151063
117,"mobile|two_factor|medium|one_to_one",-4.62078091537824,24.1386481151063
117,"mobile|multi_factor|medium|one_to_one",-6.08099637829174,24.1386481151063
117,"web|multi_factor|medium|one_to_one",-11.4582689439239,24.1386481151063
117,"web|simple|high|one_to_one",-6.25594577761561,24.1386481151063
117,"mobile|two_factor|high|one_to_one",-5.33147792751799,24.1386481151063
117,"mobile|multi_factor|high|one_to_one",-6.79169339043149,24.1386481151063
117,"web|multi_factor|high|one_to_one",-12.1689659560636,24.1386481151063
117,"web|simple|medium|multi_person",-6.86034856228926,24.1386481151063
117,"mobile|two_factor|medium|multi_person",-5.93588071219164,24.1386481151063
117,"web|two_factor|high|multi_person",-12.0238502899636,24.1386481151063
117,"web|multi_factor|high|multi_person",-13.4840657528771,24.1386481151063
117,"web|simple|medium|one_to_one",-5.54524876547586,24.1386481151063
117,"web|two_factor|medium|one_to_one",-9.9980534810104,24.1386481151063
117,"mobile|simple|high|one_to_one",-0.878673211983449,24.1386481151063
117,"mobile|simple|low|multi_person",0.9334688040039,24.1386481151063
117,"web|multi_factor|low|multi_person",-10.3568239400763,24.1386481151063
117,"web|two_factor|medium|multi_person",-11.3131532778238,24.1386481151063
117,"mobile|two_factor|low|one_to_one",-2.20423611471724,24.1386481151063
117,"web|two_factor|high|one_to_one",-10.7087504931502,24.1386481151063
117,"web|two_factor|low|one_to_one",-7.5815086803494,24.1386481151063
118,"web|simple|low|multi_person",-3.22376949057687,31.8253404476316
118,"mobile|two_factor|low|multi_person",-3.44534150336441,31.8253404476316
118,"web|two_factor|low|multi_person",-6.61085740348343,31.8253404476316
118,"mobile|multi_factor|low|multi_person",-4.14536123545738,31.8253404476316
118,"mobile|simple|medium|multi_person",-2.35698745594361,31.8253404476316
118,"mobile|multi_factor|medium|multi_person",-6.44409510094314,31.8253404476316
118,"web|multi_factor|medium|multi_person",-9.60961100106216,31.8253404476316
118,"mobile|simple|high|multi_person",-2.74001316912704,31.8253404476316
118,"web|simple|high|multi_person",-5.90552906924606,31.8253404476316
118,"mobile|two_factor|high|multi_person",-6.1271010820336,31.8253404476316
118,"mobile|multi_factor|high|multi_person",-6.82712081412657,31.8253404476316
118,"mobile|simple|low|one_to_one",2.28171889770489,31.8253404476316
118,"web|simple|low|one_to_one",-0.88379700241413,31.8253404476316
118,"mobile|multi_factor|low|one_to_one",-1.80538874729464,31.8253404476316
118,"web|multi_factor|low|one_to_one",-4.97090464741366,31.8253404476316
118,"mobile|simple|medium|one_to_one",-0.0170149677808724,31.8253404476316
118,"mobile|two_factor|medium|one_to_one",-3.40410288068744,31.8253404476316
118,"mobile|multi_factor|medium|one_to_one",-4.1041226127804,31.8253404476316
118,"web|multi_factor|medium|one_to_one",-7.26963851289942,31.8253404476316
118,"web|simple|high|one_to_one",-3.56555658108332,31.8253404476316
118,"mobile|two_factor|high|one_to_one",-3.78712859387086,31.8253404476316
118,"mobile|multi_factor|high|one_to_one",-4.48714832596383,31.8253404476316
118,"web|multi_factor|high|one_to_one",-7.65266422608285,31.8253404476316
118,"web|simple|medium|multi_person",-5.52250335606263,31.8253404476316
118,"mobile|two_factor|medium|multi_person",-5.74407536885018,31.8253404476316
118,"web|two_factor|high|multi_person",-9.29261698215262,31.8253404476316
118,"web|multi_factor|high|multi_person",-9.99263671424559,31.8253404476316
118,"web|simple|medium|one_to_one",-3.18253086789989,31.8253404476316
118,"web|two_factor|medium|one_to_one",-6.56961878080646,31.8253404476316
118,"mobile|simple|high|one_to_one",-0.4000406809643,31.8253404476316
118,"mobile|simple|low|multi_person",-0.0582535904578503,31.8253404476316
118,"web|multi_factor|low|multi_person",-7.3108771355764,31.8253404476316
118,"web|two_factor|medium|multi_person",-8.9095912689692,31.8253404476316
118,"mobile|two_factor|low|one_to_one",-1.10536901520167,31.8253404476316
118,"web|two_factor|high|one_to_one",-6.95264449398988,31.8253404476316
118,"web|two_factor|low|one_to_one",-4.27088491532069,31.8253404476316
119,"web|simple|low|multi_person",-2.96242655752982,32.9917559217118
119,"mobile|two_factor|low|multi_person",-2.80260768653725,32.9917559217118
119,"web|two_factor|low|multi_person",-6.24844031757883,32.9917559217118
119,"mobile|multi_factor|low|multi_person",-3.46021265491075,32.9917559217118
119,"mobile|simple|medium|multi_person",-1.95016565698073,32.9917559217118
119,"mobile|multi_factor|medium|multi_person",-5.89378438540324,32.9917559217118
119,"web|multi_factor|medium|multi_person",-9.33961701644482,32.9917559217118
119,"mobile|simple|high|multi_person",-2.69411227451646,32.9917559217118
119,"web|simple|high|multi_person",-6.13994490555804,32.9917559217118
119,"mobile|two_factor|high|multi_person",-5.98012603456547,32.9917559217118
119,"mobile|multi_factor|high|multi_person",-6.63773100293897,32.9917559217118
119,"mobile|simple|low|one_to_one",3.07320144718876,32.9917559217118
119,"web|simple|low|one_to_one",-0.37263118385282,32.9917559217118
119,"mobile|multi_factor|low|one_to_one",-0.87041728123375,32.9917559217118
119,"web|multi_factor|low|one_to_one",-4.31624991227533,32.9917559217118
119,"mobile|simple|medium|one_to_one",0.639629716696271,32.9917559217118
119,"mobile|two_factor|medium|one_to_one",-2.64638404335274,32.9917559217118
119,"mobile|multi_factor|medium|one_to_one",-3.30398901172624,32.9917559217118
119,"web|multi_factor|medium|one_to_one",-6.74982164276782,32.9917559217118
119,"web|simple|high|one_to_one",-3.55014953188104,32.9917559217118
119,"mobile|two_factor|high|one_to_one",-3.39033066088847,32.9917559217118
119,"mobile|multi_factor|high|one_to_one",-4.04793562926197,32.9917559217118
119,"web|multi_factor|high|one_to_one",-7.49376826030355,32.9917559217118
119,"web|simple|medium|multi_person",-5.39599828802231,32.9917559217118
119,"mobile|two_factor|medium|multi_person",-5.23617941702974,32.9917559217118
119,"web|two_factor|high|multi_person",-9.42595866560705,32.9917559217118
119,"web|multi_factor|high|multi_person",-10.0835636339805,32.9917559217118
119,"web|simple|medium|one_to_one",-2.80620291434531,32.9917559217118
119,"web|two_factor|medium|one_to_one",-6.09221667439432,32.9917559217118
119,"mobile|simple|high|one_to_one",-0.10431690083946,32.9917559217118
119,"mobile|simple|low|multi_person",0.48340607351176,32.9917559217118
119,"web|multi_factor|low|multi_person",-6.90604528595233,32.9917559217118
119,"web|two_factor|medium|multi_person",-8.68201204807132,32.9917559217118
119,"mobile|two_factor|low|one_to_one",-0.212812312860251,32.9917559217118
119,"web|two_factor|high|one_to_one",-6.83616329193005,32.9917559217118
119,"web|two_factor|low|one_to_one",-3.65864494390183,32.9917559217118
120,"web|simple|low|multi_person",-3.35035241757947,31.440251953328
120,"mobile|two_factor|low|multi_person",-1.95485538460617,31.440251953328
120,"web|two_factor|low|multi_person",-5.50609679898717,31.440251953328
120,"mobile|multi_factor|low|multi_person",-2.86690890370676,31.440251953328
120,"mobile|simple|medium|multi_person",-2.57087420330764,31.440251953328
120,"mobile|multi_factor|medium|multi_person",-5.63867210381593,31.440251953328
120,"web|multi_factor|medium|multi_person",-9.18991351819693,31.440251953328
120,"mobile|simple|high|multi_person",-3.79630307921119,31.440251953328
120,"web|simple|high|multi_person",-7.34754449359219,31.440251953328
120,"mobile|two_factor|high|multi_person",-5.95204746061889,31.440251953328
120,"mobile|multi_factor|high|multi_person",-6.86410097971948,31.440251953328
120,"mobile|simple|low|one_to_one",1.59268747602139,31.440251953328
120,"web|simple|low|one_to_one",-1.95855393835961,31.440251953328
120,"mobile|multi_factor|low|one_to_one",-1.4751104244869,31.440251953328
120,"web|multi_factor|low|one_to_one",-5.0263518388679,31.440251953328
120,"mobile|simple|medium|one_to_one",-1.17907572408777,31.440251953328
120,"mobile|two_factor|medium|one_to_one",-3.33482010549547,31.440251953328
120,"mobile|multi_factor|medium|one_to_one",-4.24687362459606,31.440251953328
120,"web|multi_factor|medium|one_to_one",-7.79811503897706,31.440251953328
120,"web|simple|high|one_to_one",-5.95574601437233,31.440251953328
120,"mobile|two_factor|high|one_to_one",-4.56024898139902,31.440251953328
120,"mobile|multi_factor|high|one_to_one",-5.47230250049962,31.440251953328
120,"web|multi_factor|high|one_to_one",-9.02354391488062,31.440251953328
120,"web|simple|medium|multi_person",-6.12211561768864,31.440251953328
120,"mobile|two_factor|medium|multi_person",-4.72661858471533,31.440251953328
120,"web|two_factor|high|multi_person",-9.50328887499989,31.440251953328
120,"web|multi_factor|high|multi_person",-10.4153423941005,31.440251953328
120,"web|simple|medium|one_to_one",-4.73031713846877,31.440251953328
120,"web|two_factor|medium|one_to_one",-6.88606151987647,31.440251953328
120,"mobile|simple|high|one_to_one",-2.40450459999133,31.440251953328
120,"mobile|simple|low|multi_person",0.200888996801526,31.440251953328
120,"web|multi_factor|low|multi_person",-6.41815031808776,31.440251953328
120,"web|two_factor|medium|multi_person",-8.27785999909633,31.440251953328
120,"mobile|two_factor|low|one_to_one",-0.563056905386298,31.440251953328
120,"web|two_factor|high|one_to_one",-8.11149039578002,31.440251953328
120,"web|two_factor|low|one_to_one",-4.1142983197673,31.440251953328
121,"web|simple|low|multi_person",-3.59986915885818,35.2050799287582
121,"mobile|two_factor|low|multi_person",-2.34008764257543,35.2050799287582
121,"web|two_factor|low|multi_person",-5.08340255609061,35.2050799287582
121,"mobile|multi_factor|low|multi_person",-2.03835815339999,35.2050799287582
121,"mobile|simple|medium|multi_person",-4.34113766320453,35.2050799287582
121,"mobile|multi_factor|medium|multi_person",-5.52294157126152,35.2050799287582
121,"web|multi_factor|medium|multi_person",-8.2662564847767,35.2050799287582
121,"mobile|simple|high|multi_person",-4.44260177613565,35.2050799287582
121,"web|simple|high|multi_person",-7.18591668965083,35.2050799287582
121,"mobile|two_factor|high|multi_person",-5.92613517336808,35.2050799287582
121,"mobile|multi_factor|high|multi_person",-5.62440568419264,35.2050799287582
121,"mobile|simple|low|one_to_one",1.90530569568514,35.2050799287582
121,"web|simple|low|one_to_one",-0.838009217830042,35.2050799287582
121,"mobile|multi_factor|low|one_to_one",0.723501787628147,35.2050799287582
121,"web|multi_factor|low|one_to_one",-2.01981312588703,35.2050799287582
121,"mobile|simple|medium|one_to_one",-1.57927772217639,35.2050799287582
121,"mobile|two_factor|medium|one_to_one",-3.06281111940882,35.2050799287582
121,"mobile|multi_factor|medium|one_to_one",-2.76108163023338,35.2050799287582
121,"web|multi_factor|medium|one_to_one",-5.50439654374856,35.2050799287582
121,"web|simple|high|one_to_one",-4.42405674862269,35.2050799287582
121,"mobile|two_factor|high|one_to_one",-3.16427523233994,35.2050799287582
121,"mobile|multi_factor|high|one_to_one",-2.8625457431645,35.2050799287582
121,"web|multi_factor|high|one_to_one",-5.60586065667968,35.2050799287582
121,"web|simple|medium|multi_person",-7.08445257671971,35.2050799287582
121,"mobile|two_factor|medium|multi_person",-5.82467106043696,35.2050799287582
121,"web|two_factor|high|multi_person",-8.66945008688326,35.2050799287582
121,"web|multi_factor|high|multi_person",-8.36772059770782,35.2050799287582
121,"web|simple|medium|one_to_one",-4.32259263569157,35.2050799287582
121,"web|two_factor|medium|one_to_one",-5.806126032924,35.2050799287582
121,"mobile|simple|high|one_to_one",-1.68074183510751,35.2050799287582
121,"mobile|simple|low|multi_person",-0.856554245343002,35.2050799287582
121,"web|multi_factor|low|multi_person",-4.78167306691517,35.2050799287582
121,"web|two_factor|medium|multi_person",-8.56798597395214,35.2050799287582
121,"mobile|two_factor|low|one_to_one",0.421772298452706,35.2050799287582
121,"web|two_factor|high|one_to_one",-5.90759014585512,35.2050799287582
121,"web|two_factor|low|one_to_one",-2.32154261506247,35.2050799287582
122,"web|simple|low|multi_person",-5.23238785925687,28.2454441764103
122,"mobile|two_factor|low|multi_person",-2.59438326325488,28.2454441764103
122,"web|two_factor|low|multi_person",-7.2738093143635,28.2454441764103
122,"mobile|multi_factor|low|multi_person",-2.74761768071374,28.2454441764103
122,"mobile|simple|medium|multi_person",-3.68527380681699,28.2454441764103
122,"mobile|multi_factor|medium|multi_person",-5.87992967938248,28.2454441764103
122,"web|multi_factor|medium|multi_person",-10.5593557304911,28.2454441764103
122,"mobile|simple|high|multi_person",-3.7278252248162,28.2454441764103
122,"web|simple|high|multi_person",-8.40725127592482,28.2454441764103
122,"mobile|two_factor|high|multi_person",-5.76924667992283,28.2454441764103
122,"mobile|multi_factor|high|multi_person",-5.92248109738169,28.2454441764103
122,"mobile|simple|low|one_to_one",1.69431082831555,28.2454441764103
122,"web|simple|low|one_to_one",-2.98511522279307,28.2454441764103
122,"mobile|multi_factor|low|one_to_one",-0.500345044249941,28.2454441764103
122,"web|multi_factor|low|one_to_one",-5.17977109535856,28.2454441764103
122,"mobile|simple|medium|one_to_one",-1.43800117035319,28.2454441764103
122,"mobile|two_factor|medium|one_to_one",-3.47942262545982,28.2454441764103
122,"mobile|multi_factor|medium|one_to_one",-3.63265704291868,28.2454441764103
122,"web|multi_factor|medium|one_to_one",-8.3120830940273,28.2454441764103
122,"web|simple|high|one_to_one",-6.15997863946102,28.2454441764103
122,"mobile|two_factor|high|one_to_one",-3.52197404345903,28.2454441764103
122,"mobile|multi_factor|high|one_to_one",-3.67520846091789,28.2454441764103
122,"web|multi_factor|high|one_to_one",-8.35463451202651,28.2454441764103
122,"web|simple|medium|multi_person",-8.36469985792561,28.2454441764103
122,"mobile|two_factor|medium|multi_person",-5.72669526192362,28.2454441764103
122,"web|two_factor|high|multi_person",-10.4486727310315,28.2454441764103
122,"web|multi_factor|high|multi_person",-10.6019071484903,28.2454441764103
122,"web|simple|medium|one_to_one",-6.11742722146181,28.2454441764103
122,"web|two_factor|medium|one_to_one",-8.15884867656844,28.2454441764103
122,"mobile|simple|high|one_to_one",-1.4805525883524,28.2454441764103
122,"mobile|simple|low|multi_person",-0.552961808148249,28.2454441764103
122,"web|multi_factor|low|multi_person",-7.42704373182236,28.2454441764103
122,"web|two_factor|medium|multi_person",-10.4061213130322,28.2454441764103
122,"mobile|two_factor|low|one_to_one",-0.347110626791083,28.2454441764103
122,"web|two_factor|high|one_to_one",-8.20140009456765,28.2454441764103
122,"web|two_factor|low|one_to_one",-5.0265366778997,28.2454441764103
123,"web|simple|low|multi_person",-3.98383637830017,28.5804370727379
123,"mobile|two_factor|low|multi_person",-3.37266355043307,28.5804370727379
123,"web|two_factor|low|multi_person",-7.25308377096237,28.5804370727379
123,"mobile|multi_factor|low|multi_person",-5.4555618680968,28.5804370727379
123,"mobile|simple|medium|multi_person",-2.23148590349943,28.5804370727379
123,"mobile|multi_factor|medium|multi_person",-7.58363161382536,28.5804370727379
123,"web|multi_factor|medium|multi_person",-11.4640518343547,28.5804370727379
123,"mobile|simple|high|multi_person",-2.04979375855174,28.5804370727379
123,"web|simple|high|multi_person",-5.93021397908104,28.5804370727379
123,"mobile|two_factor|high|multi_person",-5.31904115121393,28.5804370727379
123,"mobile|multi_factor|high|multi_person",-7.40193946887767,28.5804370727379
123,"mobile|simple|low|one_to_one",1.64669873389574,28.5804370727379
123,"web|simple|low|one_to_one",-2.23372148663357,28.5804370727379
123,"mobile|multi_factor|low|one_to_one",-3.7054469764302,28.5804370727379
123,"web|multi_factor|low|one_to_one",-7.5858671969595,28.5804370727379
123,"mobile|simple|medium|one_to_one",-0.481371011832824,28.5804370727379
123,"mobile|two_factor|medium|one_to_one",-3.75061840449502,28.5804370727379
123,"mobile|multi_factor|medium|one_to_one",-5.83351672215875,28.5804370727379
123,"web|multi_factor|medium|one_to_one",-9.71393694268805,28.5804370727379
123,"web|simple|high|one_to_one",-4.18009908741443,28.5804370727379
123,"mobile|two_factor|high|one_to_one",-3.56892625954732,28.5804370727379
123,"mobile|multi_factor|high|one_to_one",-5.65182457721106,28.5804370727379
123,"web|multi_factor|high|one_to_one",-9.53224479774036,28.5804370727379
123,"web|simple|medium|multi_person",-6.11190612402873,28.5804370727379
123,"mobile|two_factor|medium|multi_person",-5.50073329616163,28.5804370727379
123,"web|two_factor|high|multi_person",-9.19946137174323,28.5804370727379
123,"web|multi_factor|high|multi_person",-11.282359689407,28.5804370727379
123,"web|simple|medium|one_to_one",-4.36179123236212,28.5804370727379
123,"web|two_factor|medium|one_to_one",-7.63103862502432,28.5804370727379
123,"mobile|simple|high|one_to_one",-0.299678866885126,28.5804370727379
123,"mobile|simple|low|multi_person",-0.103416157770875,28.5804370727379
123,"web|multi_factor|low|multi_person",-9.33598208862611,28.5804370727379
123,"web|two_factor|medium|multi_person",-9.38115351669093,28.5804370727379
123,"mobile|two_factor|low|one_to_one",-1.62254865876646,28.5804370727379
123,"web|two_factor|high|one_to_one",-7.44934648007662,28.5804370727379
123,"web|two_factor|low|one_to_one",-5.50296887929576,28.5804370727379
124,"web|simple|low|multi_person",-3.77171566265438,30.6641959419021
124,"mobile|two_factor|low|multi_person",-2.74227357993529,30.6641959419021
124,"web|two_factor|low|multi_person",-6.84293294243753,30.6641959419021
124,"mobile|multi_factor|low|multi_person",-4.23357473376688,30.6641959419021
124,"mobile|simple|medium|multi_person",-1.83366846357838,30.6641959419021
124,"mobile|multi_factor|medium|multi_person",-6.39618689719312,30.6641959419021
124,"web|multi_factor|medium|multi_person",-10.4968462596954,30.6641959419021
124,"mobile|simple|high|multi_person",-2.2248903273844,30.6641959419021
124,"web|simple|high|multi_person",-6.32554968988664,30.6641959419021
124,"mobile|two_factor|high|multi_person",-5.29610760716755,30.6641959419021
124,"mobile|multi_factor|high|multi_person",-6.78740876099914,30.6641959419021
124,"mobile|simple|low|one_to_one",2.4276703814016,30.6641959419021
124,"web|simple|low|one_to_one",-1.67298898110064,30.6641959419021
124,"mobile|multi_factor|low|one_to_one",-2.13484805221314,30.6641959419021
124,"web|multi_factor|low|one_to_one",-6.23550741471538,30.6641959419021
124,"mobile|simple|medium|one_to_one",0.265058217975356,30.6641959419021
124,"mobile|two_factor|medium|one_to_one",-2.80615906180779,30.6641959419021
124,"mobile|multi_factor|medium|one_to_one",-4.29746021563938,30.6641959419021
124,"web|multi_factor|medium|one_to_one",-8.39811957814162,30.6641959419021
124,"web|simple|high|one_to_one",-4.2268230083329,30.6641959419021
124,"mobile|two_factor|high|one_to_one",-3.19738092561381,30.6641959419021
124,"mobile|multi_factor|high|one_to_one",-4.6886820794454,30.6641959419021
124,"web|multi_factor|high|one_to_one",-8.78934144194764,30.6641959419021
124,"web|simple|medium|multi_person",-5.93432782608062,30.6641959419021
124,"mobile|two_factor|medium|multi_person",-4.90488574336153,30.6641959419021
124,"web|two_factor|high|multi_person",-9.39676696966979,30.6641959419021
124,"web|multi_factor|high|multi_person",-10.8880681235014,30.6641959419021
124,"web|simple|medium|one_to_one",-3.83560114452688,30.6641959419021
124,"web|two_factor|medium|one_to_one",-6.90681842431003,30.6641959419021
124,"mobile|simple|high|one_to_one",-0.12616364583066,30.6641959419021
124,"mobile|simple|low|multi_person",0.32894369984786,30.6641959419021
124,"web|multi_factor|low|multi_person",-8.33423409626912,30.6641959419021
124,"web|two_factor|medium|multi_person",-9.00554510586377,30.6641959419021
124,"mobile|two_factor|low|one_to_one",-0.643546898381549,30.6641959419021
124,"web|two_factor|high|one_to_one",-7.29804028811605,30.6641959419021
124,"web|two_factor|low|one_to_one",-4.74420626088379,30.6641959419021
125,"web|simple|low|multi_person",-3.2626748639075,28.8995333505856
125,"mobile|two_factor|low|multi_person",-3.96291035595691,28.8995333505856
125,"web|two_factor|low|multi_person",-6.9084300292817,28.8995333505856
125,"mobile|multi_factor|low|multi_person",-5.9526897645332,28.8995333505856
125,"mobile|simple|medium|multi_person",-1.69010314133182,28.8995333505856
125,"mobile|multi_factor|medium|multi_person",-7.32563771528232,28.8995333505856
125,"web|multi_factor|medium|multi_person",-10.2711573886071,28.8995333505856
125,"mobile|simple|high|multi_person",-2.65041401997825,28.8995333505856
125,"web|simple|high|multi_person",-5.59593369330305,28.8995333505856
125,"mobile|two_factor|high|multi_person",-6.29616918535246,28.8995333505856
125,"mobile|multi_factor|high|multi_person",-8.28594859392875,28.8995333505856
125,"mobile|simple|low|one_to_one",1.17653638667392,28.8995333505856
125,"web|simple|low|one_to_one",-1.76898328665088,28.8995333505856
125,"mobile|multi_factor|low|one_to_one",-4.45899818727658,28.8995333505856
125,"web|multi_factor|low|one_to_one",-7.40451786060138,28.8995333505856
125,"mobile|simple|medium|one_to_one",-0.196411564075197,28.8995333505856
125,"mobile|two_factor|medium|one_to_one",-3.8421667294494,28.8995333505856
125,"mobile|multi_factor|medium|one_to_one",-5.8319461380257,28.8995333505856
125,"web|multi_factor|medium|one_to_one",-8.7774658113505,28.8995333505856
125,"web|simple|high|one_to_one",-4.10224211604643,28.8995333505856
125,"mobile|two_factor|high|one_to_one",-4.80247760809584,28.8995333505856
125,"mobile|multi_factor|high|one_to_one",-6.79225701667213,28.8995333505856
125,"web|multi_factor|high|one_to_one",-9.73777668999693,28.8995333505856
125,"web|simple|medium|multi_person",-4.63562281465662,28.8995333505856
125,"mobile|two_factor|medium|multi_person",-5.33585830670602,28.8995333505856
125,"web|two_factor|high|multi_person",-9.24168885867725,28.8995333505856
125,"web|multi_factor|high|multi_person",-11.2314682672536,28.8995333505856
125,"web|simple|medium|one_to_one",-3.1419312374,28.8995333505856
125,"web|two_factor|medium|one_to_one",-6.7876864027742,28.8995333505856
125,"mobile|simple|high|one_to_one",-1.15672244272163,28.8995333505856
125,"mobile|simple|low|multi_person",-0.3171551905827,28.8995333505856
125,"web|multi_factor|low|multi_person",-8.898209437858,28.8995333505856
125,"web|two_factor|medium|multi_person",-8.28137798003082,28.8995333505856
125,"mobile|two_factor|low|one_to_one",-2.46921877870029,28.8995333505856
125,"web|two_factor|high|one_to_one",-7.74799728142064,28.8995333505856
125,"web|two_factor|low|one_to_one",-5.41473845202509,28.8995333505856
126,"web|simple|low|multi_person",-6.193185078721,13.9616637190722
126,"mobile|two_factor|low|multi_person",-6.11979516728848,13.9616637190722
126,"web|two_factor|low|multi_person",-12.3605502279042,13.9616637190722
126,"mobile|multi_factor|low|multi_person",-7.89498708193053,13.9616637190722
126,"mobile|simple|medium|multi_person",-1.39329592157996,13.9616637190722
126,"mobile|multi_factor|medium|multi_person",-9.33585298540525,13.9616637190722
126,"web|multi_factor|medium|multi_person",-15.576608046021,13.9616637190722
126,"mobile|simple|high|multi_person",-1.90026374685381,13.9616637190722
126,"web|simple|high|multi_person",-8.14101880746957,13.9616637190722
126,"mobile|two_factor|high|multi_person",-8.06762889603705,13.9616637190722
126,"mobile|multi_factor|high|multi_person",-9.8428208106791,13.9616637190722
126,"mobile|simple|low|one_to_one",0.339993938204262,13.9616637190722
126,"web|simple|low|one_to_one",-5.9007611224115,13.9616637190722
126,"mobile|multi_factor|low|one_to_one",-7.60256312562103,13.9616637190722
126,"web|multi_factor|low|one_to_one",-13.8433181862368,13.9616637190722
126,"mobile|simple|medium|one_to_one",-1.10087196527046,13.9616637190722
126,"mobile|two_factor|medium|one_to_one",-7.2682371144537,13.9616637190722
126,"mobile|multi_factor|medium|one_to_one",-9.04342902909575,13.9616637190722
126,"web|multi_factor|medium|one_to_one",-15.2841840897115,13.9616637190722
126,"web|simple|high|one_to_one",-7.84859485116006,13.9616637190722
126,"mobile|two_factor|high|one_to_one",-7.77520493972755,13.9616637190722
126,"mobile|multi_factor|high|one_to_one",-9.5503968543696,13.9616637190722
126,"web|multi_factor|high|one_to_one",-15.7911519149854,13.9616637190722
126,"web|simple|medium|multi_person",-7.63405098219572,13.9616637190722
126,"mobile|two_factor|medium|multi_person",-7.5606610707632,13.9616637190722
126,"web|two_factor|high|multi_person",-14.3083839566528,13.9616637190722
126,"web|multi_factor|high|multi_person",-16.0835758712949,13.9616637190722
126,"web|simple|medium|one_to_one",-7.34162702588622,13.9616637190722
126,"web|two_factor|medium|one_to_one",-13.5089921750695,13.9616637190722
126,"mobile|simple|high|one_to_one",-1.6078397905443,13.9616637190722
126,"mobile|simple|low|multi_person",0.0475699818947559,13.9616637190722
126,"web|multi_factor|low|multi_person",-14.1357421425463,13.9616637190722
126,"web|two_factor|medium|multi_person",-13.801416131379,13.9616637190722
126,"mobile|two_factor|low|one_to_one",-5.82737121097898,13.9616637190722
126,"web|two_factor|high|one_to_one",-14.0159600003433,13.9616637190722
126,"web|two_factor|low|one_to_one",-12.0681262715947,13.9616637190722
127,"web|simple|low|multi_person",-4.81198620319896,15.5853211357113
127,"mobile|two_factor|low|multi_person",-5.23084044867063,15.5853211357113
127,"web|two_factor|low|multi_person",-10.5758116759786,15.5853211357113
127,"mobile|multi_factor|low|multi_person",-5.80006185203618,15.5853211357113
127,"mobile|simple|medium|multi_person",-2.95363532955462,15.5853211357113
127,"mobile|multi_factor|medium|multi_person",-9.28668220569986,15.5853211357113
127,"web|multi_factor|medium|multi_person",-14.6316534330079,15.5853211357113
127,"mobile|simple|high|multi_person",-3.99424431185067,15.5853211357113
127,"web|simple|high|multi_person",-9.33921553915869,15.5853211357113
127,"mobile|two_factor|high|multi_person",-9.75806978463036,15.5853211357113
127,"mobile|multi_factor|high|multi_person",-10.3272911879959,15.5853211357113
127,"mobile|simple|low|one_to_one",1.62272815623102,15.5853211357113
127,"web|simple|low|one_to_one",-3.722243071077,15.5853211357113
127,"mobile|multi_factor|low|one_to_one",-4.71031871991422,15.5853211357113
127,"web|multi_factor|low|one_to_one",-10.0552899472222,15.5853211357113
127,"mobile|simple|medium|one_to_one",-1.86389219743266,15.5853211357113
127,"mobile|two_factor|medium|one_to_one",-7.62771767021235,15.5853211357113
127,"mobile|multi_factor|medium|one_to_one",-8.1969390735779,15.5853211357113
127,"web|multi_factor|medium|one_to_one",-13.5419103008859,15.5853211357113
127,"web|simple|high|one_to_one",-8.24947240703673,15.5853211357113
127,"mobile|two_factor|high|one_to_one",-8.6683266525084,15.5853211357113
127,"mobile|multi_factor|high|one_to_one",-9.23754805587395,15.5853211357113
127,"web|multi_factor|high|one_to_one",-14.582519283182,15.5853211357113
127,"web|simple|medium|multi_person",-8.29860655686264,15.5853211357113
127,"mobile|two_factor|medium|multi_person",-8.71746080233431,15.5853211357113
127,"web|two_factor|high|multi_person",-15.1030410119384,15.5853211357113
127,"web|multi_factor|high|multi_person",-15.6722624153039,15.5853211357113
127,"web|simple|medium|one_to_one",-7.20886342474068,15.5853211357113
127,"web|two_factor|medium|one_to_one",-12.9726888975204,15.5853211357113
127,"mobile|simple|high|one_to_one",-2.90450117972871,15.5853211357113
127,"mobile|simple|low|multi_person",0.532985024109059,15.5853211357113
127,"web|multi_factor|low|multi_person",-11.1450330793442,15.5853211357113
127,"web|two_factor|medium|multi_person",-14.0624320296423,15.5853211357113
127,"mobile|two_factor|low|one_to_one",-4.14109731654867,15.5853211357113
127,"web|two_factor|high|one_to_one",-14.0132978798164,15.5853211357113
127,"web|two_factor|low|one_to_one",-9.48606854385669,15.5853211357113
128,"web|simple|low|multi_person",-2.67551593363604,25.1907561091586
128,"mobile|two_factor|low|multi_person",-4.39425045075498,25.1907561091586
128,"web|two_factor|low|multi_person",-8.27767055505466,25.1907561091586
128,"mobile|multi_factor|low|multi_person",-5.39495961472461,25.1907561091586
128,"mobile|simple|medium|multi_person",-1.66819848375185,25.1907561091586
128,"mobile|multi_factor|medium|multi_person",-8.2710622691401,25.1907561091586
128,"web|multi_factor|medium|multi_person",-12.1544823734398,25.1907561091586
128,"mobile|simple|high|multi_person",-2.38714808929209,25.1907561091586
128,"web|simple|high|multi_person",-6.27056819359177,25.1907561091586
128,"mobile|two_factor|high|multi_person",-7.98930271071071,25.1907561091586
128,"mobile|multi_factor|high|multi_person",-8.99001187468034,25.1907561091586
128,"mobile|simple|low|one_to_one",2.55829511972492,25.1907561091586
128,"web|simple|low|one_to_one",-1.32512498457476,25.1907561091586
128,"mobile|multi_factor|low|one_to_one",-4.04456866566333,25.1907561091586
128,"web|multi_factor|low|one_to_one",-7.92798876996301,25.1907561091586
128,"mobile|simple|medium|one_to_one",-0.317807534690572,25.1907561091586
128,"mobile|two_factor|medium|one_to_one",-5.91996215610919,25.1907561091586
128,"mobile|multi_factor|medium|one_to_one",-6.92067132007882,25.1907561091586
128,"web|multi_factor|medium|one_to_one",-10.8040914243785,25.1907561091586
128,"web|simple|high|one_to_one",-4.92017724453049,25.1907561091586
128,"mobile|two_factor|high|one_to_one",-6.63891176164943,25.1907561091586
128,"mobile|multi_factor|high|one_to_one",-7.63962092561906,25.1907561091586
128,"web|multi_factor|high|one_to_one",-11.5230410299187,25.1907561091586
128,"web|simple|medium|multi_person",-5.55161858805153,25.1907561091586
128,"mobile|two_factor|medium|multi_person",-7.27035310517047,25.1907561091586
128,"web|two_factor|high|multi_person",-11.8727228150104,25.1907561091586
128,"web|multi_factor|high|multi_person",-12.87343197898,25.1907561091586
128,"web|simple|medium|one_to_one",-4.20122763899025,25.1907561091586
128,"web|two_factor|medium|one_to_one",-9.80338226040887,25.1907561091586
128,"mobile|simple|high|one_to_one",-1.03675714023081,25.1907561091586
128,"mobile|simple|low|multi_person",1.20790417066364,25.1907561091586
128,"web|multi_factor|low|multi_person",-9.27837971902429,25.1907561091586
128,"web|two_factor|medium|multi_person",-11.1537732094702,25.1907561091586
128,"mobile|two_factor|low|one_to_one",-3.0438595016937,25.1907561091586
128,"web|two_factor|high|one_to_one",-10.5223318659491,25.1907561091586
128,"web|two_factor|low|one_to_one",-6.92727960599338,25.1907561091586
130,"web|simple|low|multi_person",-4.57235343258756,18.1003021188543
130,"mobile|two_factor|low|multi_person",-5.01845444749824,18.1003021188543
130,"web|two_factor|low|multi_person",-10.0534514075099,18.1003021188543
130,"mobile|multi_factor|low|multi_person",-5.8697714586875,18.1003021188543
130,"mobile|simple|medium|multi_person",-2.68641504092059,18.1003021188543
130,"mobile|multi_factor|medium|multi_person",-9.01883002703216,18.1003021188543
130,"web|multi_factor|medium|multi_person",-14.0538269870438,18.1003021188543
130,"mobile|simple|high|multi_person",-3.3599525113121,18.1003021188543
130,"web|simple|high|multi_person",-8.39494947132373,18.1003021188543
130,"mobile|two_factor|high|multi_person",-8.84105048623442,18.1003021188543
130,"mobile|multi_factor|high|multi_person",-9.69236749742367,18.1003021188543
130,"mobile|simple|low|one_to_one",1.44768410807364,18.1003021188543
130,"web|simple|low|one_to_one",-3.58731285193799,18.1003021188543
130,"mobile|multi_factor|low|one_to_one",-4.88473087803794,18.1003021188543
130,"web|multi_factor|low|one_to_one",-9.91972783804956,18.1003021188543
130,"mobile|simple|medium|one_to_one",-1.70137446027102,18.1003021188543
130,"mobile|two_factor|medium|one_to_one",-7.18247243519333,18.1003021188543
130,"mobile|multi_factor|medium|one_to_one",-8.03378944638259,18.1003021188543
130,"web|multi_factor|medium|one_to_one",-13.0687864063942,18.1003021188543
130,"web|simple|high|one_to_one",-7.40990889067416,18.1003021188543
130,"mobile|two_factor|high|one_to_one",-7.85600990558484,18.1003021188543
130,"mobile|multi_factor|high|one_to_one",-8.7073269167741,18.1003021188543
130,"web|multi_factor|high|one_to_one",-13.7423238767857,18.1003021188543
130,"web|simple|medium|multi_person",-7.72141200093221,18.1003021188543
130,"mobile|two_factor|medium|multi_person",-8.1675130158429,18.1003021188543
130,"web|two_factor|high|multi_person",-13.876047446246,18.1003021188543
130,"web|multi_factor|high|multi_person",-14.7273644574353,18.1003021188543
130,"web|simple|medium|one_to_one",-6.73637142028264,18.1003021188543
130,"web|two_factor|medium|one_to_one",-12.2174693952049,18.1003021188543
130,"mobile|simple|high|one_to_one",-2.37491193066254,18.1003021188543
130,"mobile|simple|low|multi_person",0.462643527424065,18.1003021188543
130,"web|multi_factor|low|multi_person",-10.9047684186991,18.1003021188543
130,"web|two_factor|medium|multi_person",-13.2025099758545,18.1003021188543
130,"mobile|two_factor|low|one_to_one",-4.03341386684867,18.1003021188543
130,"web|two_factor|high|one_to_one",-12.8910068655965,18.1003021188543
130,"web|two_factor|low|one_to_one",-9.0684108268603,18.1003021188543
131,"web|simple|low|multi_person",-3.22499503738352,30.3498459122272
131,"mobile|two_factor|low|multi_person",-3.01213703948961,30.3498459122272
131,"web|two_factor|low|multi_person",-6.33949132427683,30.3498459122272
131,"mobile|multi_factor|low|multi_person",-4.54887233706575,30.3498459122272
131,"mobile|simple|medium|multi_person",-2.1731167780081,30.3498459122272
131,"mobile|multi_factor|medium|multi_person",-6.82434836247755,30.3498459122272
131,"web|multi_factor|medium|multi_person",-10.1517026472648,30.3498459122272
131,"mobile|simple|high|multi_person",-2.84700644952924,30.3498459122272
131,"web|simple|high|multi_person",-6.17436073431646,30.3498459122272
131,"mobile|two_factor|high|multi_person",-5.96150273642255,30.3498459122272
131,"mobile|multi_factor|high|multi_person",-7.49823803399869,30.3498459122272
131,"mobile|simple|low|one_to_one",1.90159409273566,30.3498459122272
131,"web|simple|low|one_to_one",-1.42576019205156,30.3498459122272
131,"mobile|multi_factor|low|one_to_one",-2.74963749173379,30.3498459122272
131,"web|multi_factor|low|one_to_one",-6.07699177652101,30.3498459122272
131,"mobile|simple|medium|one_to_one",-0.373881932676146,30.3498459122272
131,"mobile|two_factor|medium|one_to_one",-3.48837821956946,30.3498459122272
131,"mobile|multi_factor|medium|one_to_one",-5.0251135171456,30.3498459122272
131,"web|multi_factor|medium|one_to_one",-8.35246780193281,30.3498459122272
131,"web|simple|high|one_to_one",-4.3751258889845,30.3498459122272
131,"mobile|two_factor|high|one_to_one",-4.16226789109059,30.3498459122272
131,"mobile|multi_factor|high|one_to_one",-5.69900318866673,30.3498459122272
131,"web|multi_factor|high|one_to_one",-9.02635747345395,30.3498459122272
131,"web|simple|medium|multi_person",-5.50047106279532,30.3498459122272
131,"mobile|two_factor|medium|multi_person",-5.28761306490142,30.3498459122272
131,"web|two_factor|high|multi_person",-9.28885702120977,30.3498459122272
131,"web|multi_factor|high|multi_person",-10.8255923187859,30.3498459122272
131,"web|simple|medium|one_to_one",-3.70123621746337,30.3498459122272
131,"web|two_factor|medium|one_to_one",-6.81573250435668,30.3498459122272
131,"mobile|simple|high|one_to_one",-1.04777160419728,30.3498459122272
131,"mobile|simple|low|multi_person",0.102359247403701,30.3498459122272
131,"web|multi_factor|low|multi_person",-7.87622662185297,30.3498459122272
131,"web|two_factor|medium|multi_person",-8.61496734968864,30.3498459122272
131,"mobile|two_factor|low|one_to_one",-1.21290219415765,30.3498459122272
131,"web|two_factor|high|one_to_one",-7.48962217587781,30.3498459122272
131,"web|two_factor|low|one_to_one",-4.54025647894487,30.3498459122272
132,"web|simple|low|multi_person",-3.95069308260985,21.2437806544157
132,"mobile|two_factor|low|multi_person",-4.60822185975643,21.2437806544157
132,"web|two_factor|low|multi_person",-9.47623539634678,21.2437806544157
132,"mobile|multi_factor|low|multi_person",-6.44889465619654,21.2437806544157
132,"mobile|simple|medium|multi_person",-2.44916596704313,21.2437806544157
132,"mobile|multi_factor|medium|multi_person",-9.81538107722018,21.2437806544157
132,"web|multi_factor|medium|multi_person",-14.6833946138105,21.2437806544157
132,"mobile|simple|high|multi_person",-2.06097450526529,21.2437806544157
132,"web|simple|high|multi_person",-6.92898804185565,21.2437806544157
132,"mobile|two_factor|high|multi_person",-7.58651681900223,21.2437806544157
132,"mobile|multi_factor|high|multi_person",-9.42718961544234,21.2437806544157
132,"mobile|simple|low|one_to_one",2.39353883853429,21.2437806544157
132,"web|simple|low|one_to_one",-2.47447469805607,21.2437806544157
132,"mobile|multi_factor|low|one_to_one",-4.97267627164276,21.2437806544157
132,"web|multi_factor|low|one_to_one",-9.84068980823312,21.2437806544157
132,"mobile|simple|medium|one_to_one",-0.972947582489354,21.2437806544157
132,"mobile|two_factor|medium|one_to_one",-6.49848989622629,21.2437806544157
132,"mobile|multi_factor|medium|one_to_one",-8.33916269266641,21.2437806544157
132,"web|multi_factor|medium|one_to_one",-13.2071762292568,21.2437806544157
132,"web|simple|high|one_to_one",-5.45276965730188,21.2437806544157
132,"mobile|two_factor|high|one_to_one",-6.11029843444846,21.2437806544157
132,"mobile|multi_factor|high|one_to_one",-7.95097123088857,21.2437806544157
132,"web|multi_factor|high|one_to_one",-12.8189847674789,21.2437806544157
132,"web|simple|medium|multi_person",-7.31717950363349,21.2437806544157
132,"mobile|two_factor|medium|multi_person",-7.97470828078007,21.2437806544157
132,"web|two_factor|high|multi_person",-12.4545303555926,21.2437806544157
132,"web|multi_factor|high|multi_person",-14.2952031520327,21.2437806544157
132,"web|simple|medium|one_to_one",-5.84096111907971,21.2437806544157
132,"web|two_factor|medium|one_to_one",-11.3665034328167,21.2437806544157
132,"mobile|simple|high|one_to_one",-0.584756120711515,21.2437806544157
132,"mobile|simple|low|multi_person",0.917320453980515,21.2437806544157
132,"web|multi_factor|low|multi_person",-11.3169081927869,21.2437806544157
132,"web|two_factor|medium|multi_person",-12.8427218173704,21.2437806544157
132,"mobile|two_factor|low|one_to_one",-3.13200347520265,21.2437806544157
132,"web|two_factor|high|one_to_one",-10.9783119710388,21.2437806544157
132,"web|two_factor|low|one_to_one",-8.00001701179301,21.2437806544157
133,"web|simple|low|multi_person",-3.47747454305114,28.9528446898446
133,"mobile|two_factor|low|multi_person",-2.28440080630496,28.9528446898446
133,"web|two_factor|low|multi_person",-6.23627791993846,28.9528446898446
133,"mobile|multi_factor|low|multi_person",-5.10826210898235,28.9528446898446
133,"mobile|simple|medium|multi_person",-1.61598507158987,28.9528446898446
133,"mobile|multi_factor|medium|multi_person",-7.19864975115459,28.9528446898446
133,"web|multi_factor|medium|multi_person",-11.1505268647881,28.9528446898446
133,"mobile|simple|high|multi_person",-1.82171766031882,28.9528446898446
133,"web|simple|high|multi_person",-5.77359477395232,28.9528446898446
133,"mobile|two_factor|high|multi_person",-4.58052103720614,28.9528446898446
133,"mobile|multi_factor|high|multi_person",-7.40438233988353,28.9528446898446
133,"mobile|simple|low|one_to_one",1.51069436379296,28.9528446898446
133,"web|simple|low|one_to_one",-2.44118274984054,28.9528446898446
133,"mobile|multi_factor|low|one_to_one",-4.07197031577175,28.9528446898446
133,"web|multi_factor|low|one_to_one",-8.02384742940525,28.9528446898446
133,"mobile|simple|medium|one_to_one",-0.579693278379267,28.9528446898446
133,"mobile|two_factor|medium|one_to_one",-3.33849665526659,28.9528446898446
133,"mobile|multi_factor|medium|one_to_one",-6.16235795794398,28.9528446898446
133,"web|multi_factor|medium|one_to_one",-10.1142350715775,28.9528446898446
133,"web|simple|high|one_to_one",-4.73730298074171,28.9528446898446
133,"mobile|two_factor|high|one_to_one",-3.54422924399553,28.9528446898446
133,"mobile|multi_factor|high|one_to_one",-6.36809054667292,28.9528446898446
133,"web|multi_factor|high|one_to_one",-10.3199676603064,28.9528446898446
133,"web|simple|medium|multi_person",-5.56786218522337,28.9528446898446
133,"mobile|two_factor|medium|multi_person",-4.37478844847719,28.9528446898446
133,"web|two_factor|high|multi_person",-8.53239815083963,28.9528446898446
133,"web|multi_factor|high|multi_person",-11.356259453517,28.9528446898446
133,"web|simple|medium|one_to_one",-4.53157039201277,28.9528446898446
133,"web|two_factor|medium|one_to_one",-7.29037376890008,28.9528446898446
133,"mobile|simple|high|one_to_one",-0.785425867108209,28.9528446898446
133,"mobile|simple|low|multi_person",0.474402570582356,28.9528446898446
133,"web|multi_factor|low|multi_person",-9.06013922261585,28.9528446898446
133,"web|two_factor|medium|multi_person",-8.32666556211069,28.9528446898446
133,"mobile|two_factor|low|one_to_one",-1.24810901309435,28.9528446898446
133,"web|two_factor|high|one_to_one",-7.49610635762903,28.9528446898446
133,"web|two_factor|low|one_to_one",-5.19998612672785,28.9528446898446
135,"web|simple|low|multi_person",-4.17607104033365,28.1938019334234
135,"mobile|two_factor|low|multi_person",-3.38514374135114,28.1938019334234
135,"web|two_factor|low|multi_person",-7.60133319622742,28.1938019334234
135,"mobile|multi_factor|low|multi_person",-4.86357035607871,28.1938019334234
135,"mobile|simple|medium|multi_person",-2.0801878405729,28.1938019334234
135,"mobile|multi_factor|medium|multi_person",-6.98387661119424,28.1938019334234
135,"web|multi_factor|medium|multi_person",-11.2000660660705,28.1938019334234
135,"mobile|simple|high|multi_person",-2.58141116188569,28.1938019334234
135,"web|simple|high|multi_person",-6.79760061676197,28.1938019334234
135,"mobile|two_factor|high|multi_person",-6.00667331777947,28.1938019334234
135,"mobile|multi_factor|high|multi_person",-7.48509993250703,28.1938019334234
135,"mobile|simple|low|one_to_one",1.85211299926323,28.1938019334234
135,"web|simple|low|one_to_one",-2.36407645561305,28.1938019334234
135,"mobile|multi_factor|low|one_to_one",-3.05157577135811,28.1938019334234
135,"web|multi_factor|low|one_to_one",-7.26776522623439,28.1938019334234
135,"mobile|simple|medium|one_to_one",-0.268193255852304,28.1938019334234
135,"mobile|two_factor|medium|one_to_one",-3.69345541174608,28.1938019334234
135,"mobile|multi_factor|medium|one_to_one",-5.17188202647364,28.1938019334234
135,"web|multi_factor|medium|one_to_one",-9.38807148134992,28.1938019334234
135,"web|simple|high|one_to_one",-4.98560603204137,28.1938019334234
135,"mobile|two_factor|high|one_to_one",-4.19467873305887,28.1938019334234
135,"mobile|multi_factor|high|one_to_one",-5.67310534778643,28.1938019334234
135,"web|multi_factor|high|one_to_one",-9.88929480266271,28.1938019334234
135,"web|simple|medium|multi_person",-6.29637729544918,28.1938019334234
135,"mobile|two_factor|medium|multi_person",-5.50544999646667,28.1938019334234
135,"web|two_factor|high|multi_person",-10.2228627726557,28.1938019334234
135,"web|multi_factor|high|multi_person",-11.7012893873833,28.1938019334234
135,"web|simple|medium|one_to_one",-4.48438271072858,28.1938019334234
135,"web|two_factor|medium|one_to_one",-7.90964486662236,28.1938019334234
135,"mobile|simple|high|one_to_one",-0.769416577165094,28.1938019334234
135,"mobile|simple|low|multi_person",0.0401184145426337,28.1938019334234
135,"web|multi_factor|low|multi_person",-9.07975981095499,28.1938019334234
135,"web|two_factor|medium|multi_person",-9.72163945134296,28.1938019334234
135,"mobile|two_factor|low|one_to_one",-1.57314915663055,28.1938019334234
135,"web|two_factor|high|one_to_one",-8.41086818793515,28.1938019334234
135,"web|two_factor|low|one_to_one",-5.78933861150683,28.1938019334234
136,"web|simple|low|multi_person",-4.13583396275577,28.1553061538467
136,"mobile|two_factor|low|multi_person",-3.38124024030194,28.1553061538467
136,"web|two_factor|low|multi_person",-7.8779556855475,28.1553061538467
136,"mobile|multi_factor|low|multi_person",-4.94443606993359,28.1553061538467
136,"mobile|simple|medium|multi_person",-1.15138621925913,28.1553061538467
136,"mobile|multi_factor|medium|multi_person",-6.45670377168251,28.1553061538467
136,"web|multi_factor|medium|multi_person",-10.9534192169281,28.1553061538467
136,"mobile|simple|high|multi_person",-1.36577095148879,28.1553061538467
136,"web|simple|high|multi_person",-5.86248639673435,28.1553061538467
136,"mobile|two_factor|high|multi_person",-5.10789267428052,28.1553061538467
136,"mobile|multi_factor|high|multi_person",-6.67108850391217,28.1553061538467
136,"mobile|simple|low|one_to_one",1.77812561465551,28.1553061538467
136,"web|simple|low|one_to_one",-2.71858983059005,28.1553061538467
136,"mobile|multi_factor|low|one_to_one",-3.52719193776787,28.1553061538467
136,"web|multi_factor|low|one_to_one",-8.02390738301343,28.1553061538467
136,"mobile|simple|medium|one_to_one",0.26585791290659,28.1553061538467
136,"mobile|two_factor|medium|one_to_one",-3.47626380988514,28.1553061538467
136,"mobile|multi_factor|medium|one_to_one",-5.03945963951679,28.1553061538467
136,"web|multi_factor|medium|one_to_one",-9.53617508476235,28.1553061538467
136,"web|simple|high|one_to_one",-4.44524226456863,28.1553061538467
136,"mobile|two_factor|high|one_to_one",-3.6906485421148,28.1553061538467
136,"mobile|multi_factor|high|one_to_one",-5.25384437174644,28.1553061538467
136,"web|multi_factor|high|one_to_one",-9.750559816992,28.1553061538467
136,"web|simple|medium|multi_person",-5.64810166450469,28.1553061538467
136,"mobile|two_factor|medium|multi_person",-4.89350794205086,28.1553061538467
136,"web|two_factor|high|multi_person",-9.60460811952608,28.1553061538467
136,"web|multi_factor|high|multi_person",-11.1678039491577,28.1553061538467
136,"web|simple|medium|one_to_one",-4.23085753233897,28.1553061538467
136,"web|two_factor|medium|one_to_one",-7.9729792551307,28.1553061538467
136,"mobile|simple|high|one_to_one",0.0514731806769357,28.1553061538467
136,"mobile|simple|low|multi_person",0.360881482489789,28.1553061538467
136,"web|multi_factor|low|multi_person",-9.44115151517915,28.1553061538467
136,"web|two_factor|medium|multi_person",-9.39022338729642,28.1553061538467
136,"mobile|two_factor|low|one_to_one",-1.96399610813622,28.1553061538467
136,"web|two_factor|high|one_to_one",-8.18736398736036,28.1553061538467
136,"web|two_factor|low|one_to_one",-6.46071155338178,28.1553061538467
137,"web|simple|low|multi_person",-4.22068848586487,33.9331068445901
137,"mobile|two_factor|low|multi_person",-4.09442453646828,33.9331068445901
137,"web|two_factor|low|multi_person",-6.68397809909718,33.9331068445901
137,"mobile|multi_factor|low|multi_person",-3.33308651318839,33.9331068445901
137,"mobile|simple|medium|multi_person",-3.12529407891868,33.9331068445901
137,"mobile|multi_factor|medium|multi_person",-4.8272456688711,33.9331068445901
137,"web|multi_factor|medium|multi_person",-7.4167992315,33.9331068445901
137,"mobile|simple|high|multi_person",-3.31121464640655,33.9331068445901
137,"web|simple|high|multi_person",-5.90076820903545,33.9331068445901
137,"mobile|two_factor|high|multi_person",-5.77450425963886,33.9331068445901
137,"mobile|multi_factor|high|multi_person",-5.01316623635897,33.9331068445901
137,"mobile|simple|low|one_to_one",0.697501842583949,33.9331068445901
137,"web|simple|low|one_to_one",-1.89205172004495,33.9331068445901
137,"mobile|multi_factor|low|one_to_one",-1.00444974736847,33.9331068445901
137,"web|multi_factor|low|one_to_one",-3.59400330999737,33.9331068445901
137,"mobile|simple|medium|one_to_one",-0.796657313098761,33.9331068445901
137,"mobile|two_factor|medium|one_to_one",-3.25994692633107,33.9331068445901
137,"mobile|multi_factor|medium|one_to_one",-2.49860890305118,33.9331068445901
137,"web|multi_factor|medium|one_to_one",-5.08816246568008,33.9331068445901
137,"web|simple|high|one_to_one",-3.57213144321553,33.9331068445901
137,"mobile|two_factor|high|one_to_one",-3.44586749381894,33.9331068445901
137,"mobile|multi_factor|high|one_to_one",-2.68452947053905,33.9331068445901
137,"web|multi_factor|high|one_to_one",-5.27408303316795,33.9331068445901
137,"web|simple|medium|multi_person",-5.71484764154758,33.9331068445901
137,"mobile|two_factor|medium|multi_person",-5.58858369215099,33.9331068445901
137,"web|two_factor|high|multi_person",-8.36405782226776,33.9331068445901
137,"web|multi_factor|high|multi_person",-7.60271979898787,33.9331068445901
137,"web|simple|medium|one_to_one",-3.38621087572766,33.9331068445901
137,"web|two_factor|medium|one_to_one",-5.84950048895997,33.9331068445901
137,"mobile|simple|high|one_to_one",-0.982577880586632,33.9331068445901
137,"mobile|simple|low|multi_person",-1.63113492323597,33.9331068445901
137,"web|multi_factor|low|multi_person",-5.92264007581729,33.9331068445901
137,"web|two_factor|medium|multi_person",-8.17813725477989,33.9331068445901
137,"mobile|two_factor|low|one_to_one",-1.76578777064836,33.9331068445901
137,"web|two_factor|high|one_to_one",-6.03542105644784,33.9331068445901
137,"web|two_factor|low|one_to_one",-4.35534133327726,33.9331068445901
138,"web|simple|low|multi_person",-3.55332924922303,27.5601805342402
138,"mobile|two_factor|low|multi_person",-3.05367265875641,27.5601805342402
138,"web|two_factor|low|multi_person",-7.51614344072821,27.5601805342402
138,"mobile|multi_factor|low|multi_person",-4.2778431164117,27.5601805342402
138,"mobile|simple|medium|multi_person",-2.18933260880258,27.5601805342402
138,"mobile|multi_factor|medium|multi_person",-7.37631725796305,27.5601805342402
138,"web|multi_factor|medium|multi_person",-11.8387880399349,27.5601805342402
138,"mobile|simple|high|multi_person",-2.15480348101083,27.5601805342402
138,"web|simple|high|multi_person",-6.61727426298263,27.5601805342402
138,"mobile|two_factor|high|multi_person",-6.11761767251601,27.5601805342402
138,"mobile|multi_factor|high|multi_person",-7.3417881301713,27.5601805342402
138,"mobile|simple|low|one_to_one",2.22091268889601,27.5601805342402
138,"web|simple|low|one_to_one",-2.24155809307579,27.5601805342402
138,"mobile|multi_factor|low|one_to_one",-2.96607196026446,27.5601805342402
138,"web|multi_factor|low|one_to_one",-7.42854274223626,27.5601805342402
138,"mobile|simple|medium|one_to_one",-0.877561452655339,27.5601805342402
138,"mobile|two_factor|medium|one_to_one",-4.84037564416052,27.5601805342402
138,"mobile|multi_factor|medium|one_to_one",-6.06454610181581,27.5601805342402
138,"web|multi_factor|medium|one_to_one",-10.5270168837876,27.5601805342402
138,"web|simple|high|one_to_one",-5.30550310683539,27.5601805342402
138,"mobile|two_factor|high|one_to_one",-4.80584651636877,27.5601805342402
138,"mobile|multi_factor|high|one_to_one",-6.03001697402406,27.5601805342402
138,"web|multi_factor|high|one_to_one",-10.4924877559959,27.5601805342402
138,"web|simple|medium|multi_person",-6.65180339077438,27.5601805342402
138,"mobile|two_factor|medium|multi_person",-6.15214680030776,27.5601805342402
138,"web|two_factor|high|multi_person",-10.5800884544878,27.5601805342402
138,"web|multi_factor|high|multi_person",-11.8042589121431,27.5601805342402
138,"web|simple|medium|one_to_one",-5.34003223462714,27.5601805342402
138,"web|two_factor|medium|one_to_one",-9.30284642613232,27.5601805342402
138,"mobile|simple|high|one_to_one",-0.843032324863588,27.5601805342402
138,"mobile|simple|low|multi_person",0.909141532748769,27.5601805342402
138,"web|multi_factor|low|multi_person",-8.7403138983835,27.5601805342402
138,"web|two_factor|medium|multi_person",-10.6146175822796,27.5601805342402
138,"mobile|two_factor|low|one_to_one",-1.74190150260917,27.5601805342402
138,"web|two_factor|high|one_to_one",-9.26831729834057,27.5601805342402
138,"web|two_factor|low|one_to_one",-6.20437228458097,27.5601805342402
140,"web|simple|low|multi_person",-3.69506559939663,31.3444221530348
140,"mobile|two_factor|low|multi_person",-3.43488496085743,31.3444221530348
140,"web|two_factor|low|multi_person",-7.09377584397955,31.3444221530348
140,"mobile|multi_factor|low|multi_person",-4.22383846570803,31.3444221530348
140,"mobile|simple|medium|multi_person",-2.0114650307811,31.3444221530348
140,"mobile|multi_factor|medium|multi_person",-6.19912878021463,31.3444221530348
140,"web|multi_factor|medium|multi_person",-9.85801966333674,31.3444221530348
140,"mobile|simple|high|multi_person",-2.14378084244672,31.3444221530348
140,"web|simple|high|multi_person",-5.80267172556884,31.3444221530348
140,"mobile|two_factor|high|multi_person",-5.54249108702964,31.3444221530348
140,"mobile|multi_factor|high|multi_person",-6.33144459188024,31.3444221530348
140,"mobile|simple|low|one_to_one",2.01390932710103,31.3444221530348
140,"web|simple|low|one_to_one",-1.64498155602109,31.3444221530348
140,"mobile|multi_factor|low|one_to_one",-2.17375442233249,31.3444221530348
140,"web|multi_factor|low|one_to_one",-5.83264530545461,31.3444221530348
140,"mobile|simple|medium|one_to_one",0.0386190125944355,31.3444221530348
140,"mobile|two_factor|medium|one_to_one",-3.36009123198848,31.3444221530348
140,"mobile|multi_factor|medium|one_to_one",-4.14904473683908,31.3444221530348
140,"web|multi_factor|medium|one_to_one",-7.8079356199612,31.3444221530348
140,"web|simple|high|one_to_one",-3.7525876821933,31.3444221530348
140,"mobile|two_factor|high|one_to_one",-3.4924070436541,31.3444221530348
140,"mobile|multi_factor|high|one_to_one",-4.2813605485047,31.3444221530348
140,"web|multi_factor|high|one_to_one",-7.94025143162682,31.3444221530348
140,"web|simple|medium|multi_person",-5.67035591390322,31.3444221530348
140,"mobile|two_factor|medium|multi_person",-5.41017527536402,31.3444221530348
140,"web|two_factor|high|multi_person",-9.20138197015176,31.3444221530348
140,"web|multi_factor|high|multi_person",-9.99033547500236,31.3444221530348
140,"web|simple|medium|one_to_one",-3.62027187052768,31.3444221530348
140,"web|two_factor|medium|one_to_one",-7.0189821151106,31.3444221530348
140,"mobile|simple|high|one_to_one",-0.0936967990711839,31.3444221530348
140,"mobile|simple|low|multi_person",-0.0361747162745099,31.3444221530348
140,"web|multi_factor|low|multi_person",-7.88272934883015,31.3444221530348
140,"web|two_factor|medium|multi_person",-9.06906615848614,31.3444221530348
140,"mobile|two_factor|low|one_to_one",-1.38480091748189,31.3444221530348
140,"web|two_factor|high|one_to_one",-7.15129792677622,31.3444221530348
140,"web|two_factor|low|one_to_one",-5.04369180060401,31.3444221530348
141,"web|simple|low|multi_person",-4.15859861990956,17.4566526296271
141,"mobile|two_factor|low|multi_person",-5.47014749368495,17.4566526296271
141,"web|two_factor|low|multi_person",-10.3390100463466,17.4566526296271
141,"mobile|multi_factor|low|multi_person",-7.18185678037104,17.4566526296271
141,"mobile|simple|medium|multi_person",-2.14512850081465,17.4566526296271
141,"mobile|multi_factor|medium|multi_person",-10.0372492139377,17.4566526296271
141,"web|multi_factor|medium|multi_person",-14.9061117665994,17.4566526296271
141,"mobile|simple|high|multi_person",-2.46876489182901,17.4566526296271
141,"web|simple|high|multi_person",-7.33762744449063,17.4566526296271
141,"mobile|two_factor|high|multi_person",-8.64917631826602,17.4566526296271
141,"mobile|multi_factor|high|multi_person",-10.3608856049521,17.4566526296271
141,"mobile|simple|low|one_to_one",1.6022428118731,17.4566526296271
141,"web|simple|low|one_to_one",-3.26661974078853,17.4566526296271
141,"mobile|multi_factor|low|one_to_one",-6.28987790125,17.4566526296271
141,"web|multi_factor|low|one_to_one",-11.1587404539116,17.4566526296271
141,"mobile|simple|medium|one_to_one",-1.25314962169362,17.4566526296271
141,"mobile|two_factor|medium|one_to_one",-7.43356104813063,17.4566526296271
141,"mobile|multi_factor|medium|one_to_one",-9.14527033481671,17.4566526296271
141,"web|multi_factor|medium|one_to_one",-14.0141328874783,17.4566526296271
141,"web|simple|high|one_to_one",-6.4456485653696,17.4566526296271
141,"mobile|two_factor|high|one_to_one",-7.75719743914498,17.4566526296271
141,"mobile|multi_factor|high|one_to_one",-9.46890672583107,17.4566526296271
141,"web|multi_factor|high|one_to_one",-14.3377692784927,17.4566526296271
141,"web|simple|medium|multi_person",-7.01399105347627,17.4566526296271
141,"mobile|two_factor|medium|multi_person",-8.32553992725166,17.4566526296271
141,"web|two_factor|high|multi_person",-13.5180388709276,17.4566526296271
141,"web|multi_factor|high|multi_person",-15.2297481576137,17.4566526296271
141,"web|simple|medium|one_to_one",-6.12201217435524,17.4566526296271
141,"web|two_factor|medium|one_to_one",-12.3024236007922,17.4566526296271
141,"mobile|simple|high|one_to_one",-1.57678601270798,17.4566526296271
141,"mobile|simple|low|multi_person",0.710263932752065,17.4566526296271
141,"web|multi_factor|low|multi_person",-12.0507193330327,17.4566526296271
141,"web|two_factor|medium|multi_person",-13.1944024799133,17.4566526296271
141,"mobile|two_factor|low|one_to_one",-4.57816861456392,17.4566526296271
141,"web|two_factor|high|one_to_one",-12.6260599918066,17.4566526296271
141,"web|two_factor|low|one_to_one",-9.44703116722554,17.4566526296271
142,"web|simple|low|multi_person",-5.01942288522566,21.8764449153052
142,"mobile|two_factor|low|multi_person",-4.04495092173154,21.8764449153052
142,"web|two_factor|low|multi_person",-9.33729081089283,21.8764449153052
142,"mobile|multi_factor|low|multi_person",-6.42728838253406,21.8764449153052
142,"mobile|simple|medium|multi_person",-0.959317717235205,21.8764449153052
142,"mobile|multi_factor|medium|multi_person",-7.6595231037049,21.8764449153052
142,"web|multi_factor|medium|multi_person",-12.9518629928662,21.8764449153052
142,"mobile|simple|high|multi_person",-2.13303938915504,21.8764449153052
142,"web|simple|high|multi_person",-7.42537927831634,21.8764449153052
142,"mobile|two_factor|high|multi_person",-6.45090731482222,21.8764449153052
142,"mobile|multi_factor|high|multi_person",-8.83324477562474,21.8764449153052
142,"mobile|simple|low|one_to_one",1.0772936049887,21.8764449153052
142,"web|simple|low|one_to_one",-4.2150462841726,21.8764449153052
142,"mobile|multi_factor|low|one_to_one",-5.622911781481,21.8764449153052
142,"web|multi_factor|low|one_to_one",-10.9152516706423,21.8764449153052
142,"mobile|simple|medium|one_to_one",-0.154941116182151,21.8764449153052
142,"mobile|two_factor|medium|one_to_one",-4.47280904184933,21.8764449153052
142,"mobile|multi_factor|medium|one_to_one",-6.85514650265185,21.8764449153052
142,"web|multi_factor|medium|one_to_one",-12.1474863918131,21.8764449153052
142,"web|simple|high|one_to_one",-6.62100267726328,21.8764449153052
142,"mobile|two_factor|high|one_to_one",-5.64653071376916,21.8764449153052
142,"mobile|multi_factor|high|one_to_one",-8.02886817457168,21.8764449153052
142,"web|multi_factor|high|one_to_one",-13.321208063733,21.8764449153052
142,"web|simple|medium|multi_person",-6.2516576063965,21.8764449153052
142,"mobile|two_factor|medium|multi_person",-5.27718564290238,21.8764449153052
142,"web|two_factor|high|multi_person",-11.7432472039835,21.8764449153052
142,"web|multi_factor|high|multi_person",-14.125584664786,21.8764449153052
142,"web|simple|medium|one_to_one",-5.44728100534345,21.8764449153052
142,"web|two_factor|medium|one_to_one",-9.76514893101063,21.8764449153052
142,"mobile|simple|high|one_to_one",-1.32866278810198,21.8764449153052
142,"mobile|simple|low|multi_person",0.272917003935642,21.8764449153052
142,"web|multi_factor|low|multi_person",-11.7196282716954,21.8764449153052
142,"web|two_factor|medium|multi_person",-10.5695255320637,21.8764449153052
142,"mobile|two_factor|low|one_to_one",-3.24057432067848,21.8764449153052
142,"web|two_factor|high|one_to_one",-10.9388706029305,21.8764449153052
142,"web|two_factor|low|one_to_one",-8.53291420983978,21.8764449153052
143,"web|simple|low|multi_person",-2.70551422472571,31.2898324775829
143,"mobile|two_factor|low|multi_person",-2.45708804423431,31.2898324775829
143,"web|two_factor|low|multi_person",-5.74125640354793,31.2898324775829
143,"mobile|multi_factor|low|multi_person",-3.89512720478662,31.2898324775829
143,"mobile|simple|medium|multi_person",-1.39665620054608,31.2898324775829
143,"mobile|multi_factor|medium|multi_person",-5.87043753992061,31.2898324775829
143,"web|multi_factor|medium|multi_person",-9.15460589923423,31.2898324775829
143,"mobile|simple|high|multi_person",-2.44398744317025,31.2898324775829
143,"web|simple|high|multi_person",-5.72815580248387,31.2898324775829
143,"mobile|two_factor|high|multi_person",-5.47972962199247,31.2898324775829
143,"mobile|multi_factor|high|multi_person",-6.91776878254478,31.2898324775829
143,"mobile|simple|low|one_to_one",1.43385582450195,31.2898324775829
143,"web|simple|low|one_to_one",-1.85031253481167,31.2898324775829
143,"mobile|multi_factor|low|one_to_one",-3.03992551487258,31.2898324775829
143,"web|multi_factor|low|one_to_one",-6.3240938741862,31.2898324775829
143,"mobile|simple|medium|one_to_one",-0.541454510632048,31.2898324775829
143,"mobile|two_factor|medium|one_to_one",-3.57719668945428,31.2898324775829
143,"mobile|multi_factor|medium|one_to_one",-5.01523585000658,31.2898324775829
143,"web|multi_factor|medium|one_to_one",-8.2994042093202,31.2898324775829
143,"web|simple|high|one_to_one",-4.87295411256983,31.2898324775829
143,"mobile|two_factor|high|one_to_one",-4.62452793207844,31.2898324775829
143,"mobile|multi_factor|high|one_to_one",-6.06256709263075,31.2898324775829
143,"web|multi_factor|high|one_to_one",-9.34673545194437,31.2898324775829
143,"web|simple|medium|multi_person",-4.6808245598597,31.2898324775829
143,"mobile|two_factor|medium|multi_person",-4.43239837936831,31.2898324775829
143,"web|two_factor|high|multi_person",-8.76389798130609,31.2898324775829
143,"web|multi_factor|high|multi_person",-10.2019371418584,31.2898324775829
143,"web|simple|medium|one_to_one",-3.82562286994567,31.2898324775829
143,"web|two_factor|medium|one_to_one",-6.8613650487679,31.2898324775829
143,"mobile|simple|high|one_to_one",-1.58878575325621,31.2898324775829
143,"mobile|simple|low|multi_person",0.578654134587914,31.2898324775829
143,"web|multi_factor|low|multi_person",-7.17929556410024,31.2898324775829
143,"web|two_factor|medium|multi_person",-7.71656673868193,31.2898324775829
143,"mobile|two_factor|low|one_to_one",-1.60188635432028,31.2898324775829
143,"web|two_factor|high|one_to_one",-7.90869629139206,31.2898324775829
143,"web|two_factor|low|one_to_one",-4.8860547136339,31.2898324775829
144,"web|simple|low|multi_person",-2.32598942498133,28.9459194979305
144,"mobile|two_factor|low|multi_person",-3.16321403172935,28.9459194979305
144,"web|two_factor|low|multi_person",-6.17616666467811,28.9459194979305
144,"mobile|multi_factor|low|multi_person",-5.75881311598341,28.9459194979305
144,"mobile|simple|medium|multi_person",-1.67555074534621,28.9459194979305
144,"mobile|multi_factor|medium|multi_person",-8.12132706929705,28.9459194979305
144,"web|multi_factor|medium|multi_person",-11.1342797022458,28.9459194979305
144,"mobile|simple|high|multi_person",-2.50455167293989,28.9459194979305
144,"web|simple|high|multi_person",-5.51750430588865,28.9459194979305
144,"mobile|two_factor|high|multi_person",-6.35472891263667,28.9459194979305
144,"mobile|multi_factor|high|multi_person",-8.95032799689073,28.9459194979305
144,"mobile|simple|low|one_to_one",2.31394018289384,28.9459194979305
144,"web|simple|low|one_to_one",-0.699012450054925,28.9459194979305
144,"mobile|multi_factor|low|one_to_one",-4.131836141057,28.9459194979305
144,"web|multi_factor|low|one_to_one",-7.14478877400576,28.9459194979305
144,"mobile|simple|medium|one_to_one",-0.0485737704197975,28.9459194979305
144,"mobile|two_factor|medium|one_to_one",-3.89875101011657,28.9459194979305
144,"mobile|multi_factor|medium|one_to_one",-6.49435009437064,28.9459194979305
144,"web|multi_factor|medium|one_to_one",-9.5073027273194,28.9459194979305
144,"web|simple|high|one_to_one",-3.89052733096224,28.9459194979305
144,"mobile|two_factor|high|one_to_one",-4.72775193771026,28.9459194979305
144,"mobile|multi_factor|high|one_to_one",-7.32335102196432,28.9459194979305
144,"web|multi_factor|high|one_to_one",-10.3363036549131,28.9459194979305
144,"web|simple|medium|multi_person",-4.68850337829497,28.9459194979305
144,"mobile|two_factor|medium|multi_person",-5.52572798504298,28.9459194979305
144,"web|two_factor|high|multi_person",-9.36768154558543,28.9459194979305
144,"web|multi_factor|high|multi_person",-11.9632806298395,28.9459194979305
144,"web|simple|medium|one_to_one",-3.06152640336856,28.9459194979305
144,"web|two_factor|medium|one_to_one",-6.91170364306533,28.9459194979305
144,"mobile|simple|high|one_to_one",-0.877574698013484,28.9459194979305
144,"mobile|simple|low|multi_person",0.686963207967426,28.9459194979305
144,"web|multi_factor|low|multi_person",-8.77176574893218,28.9459194979305
144,"web|two_factor|medium|multi_person",-8.53868061799174,28.9459194979305
144,"mobile|two_factor|low|one_to_one",-1.53623705680294,28.9459194979305
144,"web|two_factor|high|one_to_one",-7.74070457065902,28.9459194979305
144,"web|two_factor|low|one_to_one",-4.5491896897517,28.9459194979305
145,"web|simple|low|multi_person",-3.6675368032396,27.5369887006588
145,"mobile|two_factor|low|multi_person",-3.72091681586465,27.5369887006588
145,"web|two_factor|low|multi_person",-7.87690387987327,27.5369887006588
145,"mobile|multi_factor|low|multi_person",-5.30356339311192,27.5369887006588
145,"mobile|simple|medium|multi_person",-1.17168182288186,27.5369887006588
145,"mobile|multi_factor|medium|multi_person",-6.9636954767628,27.5369887006588
145,"web|multi_factor|medium|multi_person",-11.1196825407714,27.5369887006588
145,"mobile|simple|high|multi_person",-2.36925387115934,27.5369887006588
145,"web|simple|high|multi_person",-6.52524093516796,27.5369887006588
145,"mobile|two_factor|high|multi_person",-6.57862094779301,27.5369887006588
145,"mobile|multi_factor|high|multi_person",-8.16126752504028,27.5369887006588
145,"mobile|simple|low|one_to_one",1.86951357302192,27.5369887006588
145,"web|simple|low|one_to_one",-2.2864734909867,27.5369887006588
145,"mobile|multi_factor|low|one_to_one",-3.92250008085902,27.5369887006588
145,"web|multi_factor|low|one_to_one",-8.07848714486764,27.5369887006588
145,"mobile|simple|medium|one_to_one",0.20938148937104,27.5369887006588
145,"mobile|two_factor|medium|one_to_one",-3.99998558726263,27.5369887006588
145,"mobile|multi_factor|medium|one_to_one",-5.5826321645099,27.5369887006588
145,"web|multi_factor|medium|one_to_one",-9.73861922851852,27.5369887006588
145,"web|simple|high|one_to_one",-5.14417762291506,27.5369887006588
145,"mobile|two_factor|high|one_to_one",-5.1975576355401,27.5369887006588
145,"mobile|multi_factor|high|one_to_one",-6.78020421278738,27.5369887006588
145,"web|multi_factor|high|one_to_one",-10.936191276796,27.5369887006588
145,"web|simple|medium|multi_person",-5.32766888689048,27.5369887006588
145,"mobile|two_factor|medium|multi_person",-5.38104889951553,27.5369887006588
145,"web|two_factor|high|multi_person",-10.7346080118016,27.5369887006588
145,"web|multi_factor|high|multi_person",-12.3172545890489,27.5369887006588
145,"web|simple|medium|one_to_one",-3.94660557463758,27.5369887006588
145,"web|two_factor|medium|one_to_one",-8.15597265127125,27.5369887006588
145,"mobile|simple|high|one_to_one",-0.988190558906439,27.5369887006588
145,"mobile|simple|low|multi_person",0.488450260769019,27.5369887006588
145,"web|multi_factor|low|multi_person",-9.45955045712054,27.5369887006588
145,"web|two_factor|medium|multi_person",-9.53703596352415,27.5369887006588
145,"mobile|two_factor|low|one_to_one",-2.33985350361174,27.5369887006588
145,"web|two_factor|high|one_to_one",-9.35354469954872,27.5369887006588
145,"web|two_factor|low|one_to_one",-6.49584056762037,27.5369887006588
146,"web|simple|low|multi_person",-2.558116997162,22.9263802807551
146,"mobile|two_factor|low|multi_person",-4.40474463968013,22.9263802807551
146,"web|two_factor|low|multi_person",-7.61086442095971,22.9263802807551
146,"mobile|multi_factor|low|multi_person",-6.83664690862863,22.9263802807551
146,"mobile|simple|medium|multi_person",-2.30603478292356,22.9263802807551
146,"mobile|multi_factor|medium|multi_person",-9.79068447566977,22.9263802807551
146,"web|multi_factor|medium|multi_person",-12.9968042569493,22.9263802807551
146,"mobile|simple|high|multi_person",-3.79441234600841,22.9263802807551
146,"web|simple|high|multi_person",-7.00053212728799,22.9263802807551
146,"mobile|two_factor|high|multi_person",-8.84715976980612,22.9263802807551
146,"mobile|multi_factor|high|multi_person",-11.2790620387546,22.9263802807551
146,"mobile|simple|low|one_to_one",2.25099713045926,22.9263802807551
146,"web|simple|low|one_to_one",-0.955122650820325,22.9263802807551
146,"mobile|multi_factor|low|one_to_one",-5.23365256228695,22.9263802807551
146,"web|multi_factor|low|one_to_one",-8.43977234356653,22.9263802807551
146,"mobile|simple|medium|one_to_one",-0.703040436581884,22.9263802807551
146,"mobile|two_factor|medium|one_to_one",-5.7557878603796,22.9263802807551
146,"mobile|multi_factor|medium|one_to_one",-8.18769012932809,22.9263802807551
146,"web|multi_factor|medium|one_to_one",-11.3938099106077,22.9263802807551
146,"web|simple|high|one_to_one",-5.39753778094631,22.9263802807551
146,"mobile|two_factor|high|one_to_one",-7.24416542346445,22.9263802807551
146,"mobile|multi_factor|high|one_to_one",-9.67606769241294,22.9263802807551
146,"web|multi_factor|high|one_to_one",-12.8821874736925,22.9263802807551
146,"web|simple|medium|multi_person",-5.51215456420313,22.9263802807551
146,"mobile|two_factor|medium|multi_person",-7.35878220672127,22.9263802807551
146,"web|two_factor|high|multi_person",-12.0532795510857,22.9263802807551
146,"web|multi_factor|high|multi_person",-14.4851818200342,22.9263802807551
146,"web|simple|medium|one_to_one",-3.90916021786146,22.9263802807551
146,"web|two_factor|medium|one_to_one",-8.96190764165918,22.9263802807551
146,"mobile|simple|high|one_to_one",-2.19141799966673,22.9263802807551
146,"mobile|simple|low|multi_person",0.648002784117584,22.9263802807551
146,"web|multi_factor|low|multi_person",-10.0427666899082,22.9263802807551
146,"web|two_factor|medium|multi_person",-10.5649019880008,22.9263802807551
146,"mobile|two_factor|low|one_to_one",-2.80175029333846,22.9263802807551
146,"web|two_factor|high|one_to_one",-10.450285204744,22.9263802807551
146,"web|two_factor|low|one_to_one",-6.00787007461804,22.9263802807551
147,"web|simple|low|multi_person",-3.60442961450913,28.3628363746254
147,"mobile|two_factor|low|multi_person",-3.88900318830202,28.3628363746254
147,"web|two_factor|low|multi_person",-8.00585004515734,28.3628363746254
147,"mobile|multi_factor|low|multi_person",-5.49467337352004,28.3628363746254
147,"mobile|simple|medium|multi_person",-1.18822273448343,28.3628363746254
147,"mobile|multi_factor|medium|multi_person",-7.19531335034966,28.3628363746254
147,"web|multi_factor|medium|multi_person",-11.312160207205,28.3628363746254
147,"mobile|simple|high|multi_person",-1.96506724137783,28.3628363746254
147,"web|simple|high|multi_person",-6.08191409823315,28.3628363746254
147,"mobile|two_factor|high|multi_person",-6.36648767202604,28.3628363746254
147,"mobile|multi_factor|high|multi_person",-7.97215785724406,28.3628363746254
147,"mobile|simple|low|one_to_one",2.54580015927549,28.3628363746254
147,"web|simple|low|one_to_one",-1.57104669757983,28.3628363746254
147,"mobile|multi_factor|low|one_to_one",-3.46129045659074,28.3628363746254
147,"web|multi_factor|low|one_to_one",-7.57813731344606,28.3628363746254
147,"mobile|simple|medium|one_to_one",0.84516018244587,28.3628363746254
147,"mobile|two_factor|medium|one_to_one",-3.55626024820234,28.3628363746254
147,"mobile|multi_factor|medium|one_to_one",-5.16193043342036,28.3628363746254
147,"web|multi_factor|medium|one_to_one",-9.27877729027568,28.3628363746254
147,"web|simple|high|one_to_one",-4.04853118130385,28.3628363746254
147,"mobile|two_factor|high|one_to_one",-4.33310475509674,28.3628363746254
147,"mobile|multi_factor|high|one_to_one",-5.93877494031476,28.3628363746254
147,"web|multi_factor|high|one_to_one",-10.0556217971701,28.3628363746254
147,"web|simple|medium|multi_person",-5.30506959133875,28.3628363746254
147,"mobile|two_factor|medium|multi_person",-5.58964316513164,28.3628363746254
147,"web|two_factor|high|multi_person",-10.4833345288814,28.3628363746254
147,"web|multi_factor|high|multi_person",-12.0890047140994,28.3628363746254
147,"web|simple|medium|one_to_one",-3.27168667440945,28.3628363746254
147,"web|two_factor|medium|one_to_one",-7.67310710505766,28.3628363746254
147,"mobile|simple|high|one_to_one",0.06831567555147,28.3628363746254
147,"mobile|simple|low|multi_person",0.51241724234619,28.3628363746254
147,"web|multi_factor|low|multi_person",-9.61152023037536,28.3628363746254
147,"web|two_factor|medium|multi_person",-9.70649002198696,28.3628363746254
147,"mobile|two_factor|low|one_to_one",-1.85562027137272,28.3628363746254
147,"web|two_factor|high|one_to_one",-8.44995161195206,28.3628363746254
147,"web|two_factor|low|one_to_one",-5.97246712822804,28.3628363746254
148,"web|simple|low|multi_person",-4.22457488862318,27.2123014882134
148,"mobile|two_factor|low|multi_person",-4.15301994501989,27.2123014882134
148,"web|two_factor|low|multi_person",-8.79006405472959,27.2123014882134
148,"mobile|multi_factor|low|multi_person",-4.39137719813459,27.2123014882134
148,"mobile|simple|medium|multi_person",-2.09766038534283,27.2123014882134
148,"mobile|multi_factor|medium|multi_person",-6.90150680456394,27.2123014882134
148,"web|multi_factor|medium|multi_person",-11.5385509142736,27.2123014882134
148,"mobile|simple|high|multi_person",-2.4787150744603,27.2123014882134
148,"web|simple|high|multi_person",-7.11575918417,27.2123014882134
148,"mobile|two_factor|high|multi_person",-7.04420424056671,27.2123014882134
148,"mobile|multi_factor|high|multi_person",-7.28256149368141,27.2123014882134
148,"mobile|simple|low|one_to_one",2.46493820818508,27.2123014882134
148,"web|simple|low|one_to_one",-2.17210590152462,27.2123014882134
148,"mobile|multi_factor|low|one_to_one",-2.33890821103603,27.2123014882134
148,"web|multi_factor|low|one_to_one",-6.97595232074573,27.2123014882134
148,"mobile|simple|medium|one_to_one",-0.0451913982442727,27.2123014882134
148,"mobile|two_factor|medium|one_to_one",-4.61068056435068,27.2123014882134
148,"mobile|multi_factor|medium|one_to_one",-4.84903781746538,27.2123014882134
148,"web|multi_factor|medium|one_to_one",-9.48608192717508,27.2123014882134
148,"web|simple|high|one_to_one",-5.06329019707144,27.2123014882134
148,"mobile|two_factor|high|one_to_one",-4.99173525346815,27.2123014882134
148,"mobile|multi_factor|high|one_to_one",-5.23009250658285,27.2123014882134
148,"web|multi_factor|high|one_to_one",-9.86713661629255,27.2123014882134
148,"web|simple|medium|multi_person",-6.73470449505253,27.2123014882134
148,"mobile|two_factor|medium|multi_person",-6.66314955144924,27.2123014882134
148,"web|two_factor|high|multi_person",-11.6812483502764,27.2123014882134
148,"web|multi_factor|high|multi_person",-11.9196056033911,27.2123014882134
148,"web|simple|medium|one_to_one",-4.68223550795397,27.2123014882134
148,"web|two_factor|medium|one_to_one",-9.24772467406038,27.2123014882134
148,"mobile|simple|high|one_to_one",-0.42624608736174,27.2123014882134
148,"mobile|simple|low|multi_person",0.41246922108652,27.2123014882134
148,"web|multi_factor|low|multi_person",-9.02842130784429,27.2123014882134
148,"web|two_factor|medium|multi_person",-11.3001936611589,27.2123014882134
148,"mobile|two_factor|low|one_to_one",-2.10055095792133,27.2123014882134
148,"web|two_factor|high|one_to_one",-9.62877936317785,27.2123014882134
148,"web|two_factor|low|one_to_one",-6.73759506763103,27.2123014882134
149,"web|simple|low|multi_person",-2.96011031725081,32.5121190720987
149,"mobile|two_factor|low|multi_person",-2.39800791503371,32.5121190720987
149,"web|two_factor|low|multi_person",-5.90432988181933,32.5121190720987
149,"mobile|multi_factor|low|multi_person",-3.82075006298445,32.5121190720987
149,"mobile|simple|medium|multi_person",-1.1413049149995,32.5121190720987
149,"mobile|multi_factor|medium|multi_person",-5.50826662751876,32.5121190720987
149,"web|multi_factor|medium|multi_person",-9.01458859430438,32.5121190720987
149,"mobile|simple|high|multi_person",-3.01278889445217,32.5121190720987
149,"web|simple|high|multi_person",-6.51911086123779,32.5121190720987
149,"mobile|two_factor|high|multi_person",-5.95700845902069,32.5121190720987
149,"mobile|multi_factor|high|multi_person",-7.37975060697143,32.5121190720987
149,"mobile|simple|low|one_to_one",2.54752296621631,32.5121190720987
149,"web|simple|low|one_to_one",-0.95879900056931,32.5121190720987
149,"mobile|multi_factor|low|one_to_one",-1.81943874630295,32.5121190720987
149,"web|multi_factor|low|one_to_one",-5.32576071308857,32.5121190720987
149,"mobile|simple|medium|one_to_one",0.860006401682004,32.5121190720987
149,"mobile|two_factor|medium|one_to_one",-2.08421316288652,32.5121190720987
149,"mobile|multi_factor|medium|one_to_one",-3.50695531083726,32.5121190720987
149,"web|multi_factor|medium|one_to_one",-7.01327727762288,32.5121190720987
149,"web|simple|high|one_to_one",-4.51779954455629,32.5121190720987
149,"mobile|two_factor|high|one_to_one",-3.95569714233919,32.5121190720987
149,"mobile|multi_factor|high|one_to_one",-5.37843929028993,32.5121190720987
149,"web|multi_factor|high|one_to_one",-8.88476125707555,32.5121190720987
149,"web|simple|medium|multi_person",-4.64762688178512,32.5121190720987
149,"mobile|two_factor|medium|multi_person",-4.08552447956802,32.5121190720987
149,"web|two_factor|high|multi_person",-9.46333042580631,32.5121190720987
149,"web|multi_factor|high|multi_person",-10.8860725737571,32.5121190720987
149,"web|simple|medium|one_to_one",-2.64631556510362,32.5121190720987
149,"web|two_factor|medium|one_to_one",-5.59053512967214,32.5121190720987
149,"mobile|simple|high|one_to_one",-1.01147757777067,32.5121190720987
149,"mobile|simple|low|multi_person",0.54621164953481,32.5121190720987
149,"web|multi_factor|low|multi_person",-7.32707202977007,32.5121190720987
149,"web|two_factor|medium|multi_person",-7.59184644635364,32.5121190720987
149,"mobile|two_factor|low|one_to_one",-0.396696598352213,32.5121190720987
149,"web|two_factor|high|one_to_one",-7.46201910912481,32.5121190720987
149,"web|two_factor|low|one_to_one",-3.90301856513783,32.5121190720987
150,"web|simple|low|multi_person",-6.76329917718672,13.2546588759099
150,"mobile|two_factor|low|multi_person",-6.74386536309977,13.2546588759099
150,"web|two_factor|low|multi_person",-12.9989578926951,13.2546588759099
150,"mobile|multi_factor|low|multi_person",-8.30526329137371,13.2546588759099
150,"mobile|simple|medium|multi_person",-1.00198741029635,13.2546588759099
150,"mobile|multi_factor|medium|multi_person",-8.79904405407872,13.2546588759099
150,"web|multi_factor|medium|multi_person",-15.0541365836741,13.2546588759099
150,"mobile|simple|high|multi_person",-2.30788972536663,13.2546588759099
150,"web|simple|high|multi_person",-8.56298225496201,13.2546588759099
150,"mobile|two_factor|high|multi_person",-8.54354844087506,13.2546588759099
150,"mobile|multi_factor|high|multi_person",-10.104946369149,13.2546588759099
150,"mobile|simple|low|one_to_one",0.0831463850076775,13.2546588759099
150,"web|simple|low|one_to_one",-6.1719461445877,13.2546588759099
150,"mobile|multi_factor|low|one_to_one",-7.71391025877469,13.2546588759099
150,"web|multi_factor|low|one_to_one",-13.9690027883701,13.2546588759099
150,"mobile|simple|medium|one_to_one",-0.41063437769734,13.2546588759099
150,"mobile|two_factor|medium|one_to_one",-6.64629309320577,13.2546588759099
150,"mobile|multi_factor|medium|one_to_one",-8.20769102147971,13.2546588759099
150,"web|multi_factor|medium|one_to_one",-14.4627835510751,13.2546588759099
150,"web|simple|high|one_to_one",-7.97162922236299,13.2546588759099
150,"mobile|two_factor|high|one_to_one",-7.95219540827604,13.2546588759099
150,"mobile|multi_factor|high|one_to_one",-9.51359333654998,13.2546588759099
150,"web|multi_factor|high|one_to_one",-15.7686858661454,13.2546588759099
150,"web|simple|medium|multi_person",-7.25707993989173,13.2546588759099
150,"mobile|two_factor|medium|multi_person",-7.23764612580478,13.2546588759099
150,"web|two_factor|high|multi_person",-14.7986409704704,13.2546588759099
150,"web|multi_factor|high|multi_person",-16.3600388987444,13.2546588759099
150,"web|simple|medium|one_to_one",-6.66572690729272,13.2546588759099
150,"web|two_factor|medium|one_to_one",-12.9013856228012,13.2546588759099
150,"mobile|simple|high|one_to_one",-1.71653669276761,13.2546588759099
150,"mobile|simple|low|multi_person",-0.508206647591337,13.2546588759099
150,"web|multi_factor|low|multi_person",-14.5603558209691,13.2546588759099
150,"web|two_factor|medium|multi_person",-13.4927386554002,13.2546588759099
150,"mobile|two_factor|low|one_to_one",-6.15251233050075,13.2546588759099
150,"web|two_factor|high|one_to_one",-14.2072879378714,13.2546588759099
150,"web|two_factor|low|one_to_one",-12.4076048600961,13.2546588759099
151,"web|simple|low|multi_person",-5.17668545879946,35.0515795803913
151,"mobile|two_factor|low|multi_person",-3.2668793010116,35.0515795803913
151,"web|two_factor|low|multi_person",-6.35794531437692,35.0515795803913
151,"mobile|multi_factor|low|multi_person",-3.95959179622408,35.0515795803913
151,"mobile|simple|medium|multi_person",-2.82473636085514,35.0515795803913
151,"mobile|multi_factor|medium|multi_person",-4.69870871164508,35.0515795803913
151,"web|multi_factor|medium|multi_person",-7.7897747250104,35.0515795803913
151,"mobile|simple|high|multi_person",-3.28508597194329,35.0515795803913
151,"web|simple|high|multi_person",-6.37615198530861,35.0515795803913
151,"mobile|two_factor|high|multi_person",-4.46634582752074,35.0515795803913
151,"mobile|multi_factor|high|multi_person",-5.15905832273323,35.0515795803913
151,"mobile|simple|low|one_to_one",1.17790776838478,35.0515795803913
151,"web|simple|low|one_to_one",-1.91315824498054,35.0515795803913
151,"mobile|multi_factor|low|one_to_one",-0.696064582405157,35.0515795803913
151,"web|multi_factor|low|one_to_one",-3.78713059577048,35.0515795803913
151,"mobile|simple|medium|one_to_one",0.438790852963784,35.0515795803913
151,"mobile|two_factor|medium|one_to_one",-0.742469002613673,35.0515795803913
151,"mobile|multi_factor|medium|one_to_one",-1.43518149782616,35.0515795803913
151,"web|multi_factor|medium|one_to_one",-4.52624751119148,35.0515795803913
151,"web|simple|high|one_to_one",-3.11262477148969,35.0515795803913
151,"mobile|two_factor|high|one_to_one",-1.20281861370182,35.0515795803913
151,"mobile|multi_factor|high|one_to_one",-1.89553110891431,35.0515795803913
151,"web|multi_factor|high|one_to_one",-4.98659712227963,35.0515795803913
151,"web|simple|medium|multi_person",-5.91580237422046,35.0515795803913
151,"mobile|two_factor|medium|multi_person",-4.00599621643259,35.0515795803913
151,"web|two_factor|high|multi_person",-7.55741184088606,35.0515795803913
151,"web|multi_factor|high|multi_person",-8.25012433609855,35.0515795803913
151,"web|simple|medium|one_to_one",-2.65227516040154,35.0515795803913
151,"web|two_factor|medium|one_to_one",-3.83353501597899,35.0515795803913
151,"mobile|simple|high|one_to_one",-0.0215587581243668,35.0515795803913
151,"mobile|simple|low|multi_person",-2.08561944543414,35.0515795803913
151,"web|multi_factor|low|multi_person",-7.0506578095894,35.0515795803913
151,"web|two_factor|medium|multi_person",-7.09706222979791,35.0515795803913
151,"mobile|two_factor|low|one_to_one",-0.00335208719267488,35.0515795803913
151,"web|two_factor|high|one_to_one",-4.29388462706714,35.0515795803913
151,"web|two_factor|low|one_to_one",-3.094418100558,35.0515795803913
152,"web|simple|low|multi_person",-4.0773982945449,33.9338770601438
152,"mobile|two_factor|low|multi_person",-1.97365770417926,33.9338770601438
152,"web|two_factor|low|multi_person",-5.94107731388068,33.9338770601438
152,"mobile|multi_factor|low|multi_person",-2.85262170173757,33.9338770601438
152,"mobile|simple|medium|multi_person",-1.58022292891639,33.9338770601438
152,"mobile|multi_factor|medium|multi_person",-4.32286594581048,33.9338770601438
152,"web|multi_factor|medium|multi_person",-8.2902855555119,33.9338770601438
152,"mobile|simple|high|multi_person",-2.66651261295472,33.9338770601438
152,"web|simple|high|multi_person",-6.63393222265614,33.9338770601438
152,"mobile|two_factor|high|multi_person",-4.5301916322905,33.9338770601438
152,"mobile|multi_factor|high|multi_person",-5.40915562984881,33.9338770601438
152,"mobile|simple|low|one_to_one",1.92771425215738,33.9338770601438
152,"web|simple|low|one_to_one",-2.03970535754404,33.9338770601438
152,"mobile|multi_factor|low|one_to_one",-0.81492876473671,33.9338770601438
152,"web|multi_factor|low|one_to_one",-4.78234837443813,33.9338770601438
152,"mobile|simple|medium|one_to_one",0.457470008084469,33.9338770601438
152,"mobile|two_factor|medium|one_to_one",-1.40620901125131,33.9338770601438
152,"mobile|multi_factor|medium|one_to_one",-2.28517300880962,33.9338770601438
152,"web|multi_factor|medium|one_to_one",-6.25259261851104,33.9338770601438
152,"web|simple|high|one_to_one",-4.59623928565528,33.9338770601438
152,"mobile|two_factor|high|one_to_one",-2.49249869528964,33.9338770601438
152,"mobile|multi_factor|high|one_to_one",-3.37146269284795,33.9338770601438
152,"web|multi_factor|high|one_to_one",-7.33888230254937,33.9338770601438
152,"web|simple|medium|multi_person",-5.54764253861781,33.9338770601438
152,"mobile|two_factor|medium|multi_person",-3.44390194825217,33.9338770601438
152,"web|two_factor|high|multi_person",-8.49761124199192,33.9338770601438
152,"web|multi_factor|high|multi_person",-9.37657523955023,33.9338770601438
152,"web|simple|medium|one_to_one",-3.50994960161695,33.9338770601438
152,"web|two_factor|medium|one_to_one",-5.37362862095273,33.9338770601438
152,"mobile|simple|high|one_to_one",-0.62881967595386,33.9338770601438
152,"mobile|simple|low|multi_person",-0.10997868484348,33.9338770601438
152,"web|multi_factor|low|multi_person",-6.82004131143899,33.9338770601438
152,"web|two_factor|medium|multi_person",-7.41132155795359,33.9338770601438
152,"mobile|two_factor|low|one_to_one",0.0640352328216041,33.9338770601438
152,"web|two_factor|high|one_to_one",-6.45991830499106,33.9338770601438
152,"web|two_factor|low|one_to_one",-3.90338437687982,33.9338770601438
153,"web|simple|low|multi_person",-5.02096732003131,32.9038969524658
153,"mobile|two_factor|low|multi_person",-3.8095000500485,32.9038969524658
153,"web|two_factor|low|multi_person",-7.56776093383088,32.9038969524658
153,"mobile|multi_factor|low|multi_person",-4.335831296994,32.9038969524658
153,"mobile|simple|medium|multi_person",-2.38479550595879,32.9038969524658
153,"mobile|multi_factor|medium|multi_person",-5.45792036670386,32.9038969524658
153,"web|multi_factor|medium|multi_person",-9.21618125048624,32.9038969524658
153,"mobile|simple|high|multi_person",-3.46136640016506,32.9038969524658
153,"web|simple|high|multi_person",-7.21962728394744,32.9038969524658
153,"mobile|two_factor|high|multi_person",-6.00816001396463,32.9038969524658
153,"mobile|multi_factor|high|multi_person",-6.53449126091013,32.9038969524658
153,"mobile|simple|low|one_to_one",2.06443089735665,32.9038969524658
153,"web|simple|low|one_to_one",-1.69382998642573,32.9038969524658
153,"mobile|multi_factor|low|one_to_one",-1.00869396338842,32.9038969524658
153,"web|multi_factor|low|one_to_one",-4.7669548471708,32.9038969524658
153,"mobile|simple|medium|one_to_one",0.942341827646789,32.9038969524658
153,"mobile|two_factor|medium|one_to_one",-1.60445178615279,32.9038969524658
153,"mobile|multi_factor|medium|one_to_one",-2.13078303309828,32.9038969524658
153,"web|multi_factor|medium|one_to_one",-5.88904391688066,32.9038969524658
153,"web|simple|high|one_to_one",-3.89248995034186,32.9038969524658
153,"mobile|two_factor|high|one_to_one",-2.68102268035905,32.9038969524658
153,"mobile|multi_factor|high|one_to_one",-3.20735392730455,32.9038969524658
153,"web|multi_factor|high|one_to_one",-6.96561481108693,32.9038969524658
153,"web|simple|medium|multi_person",-6.14305638974117,32.9038969524658
153,"mobile|two_factor|medium|multi_person",-4.93158911975837,32.9038969524658
153,"web|two_factor|high|multi_person",-9.76642089774701,32.9038969524658
153,"web|multi_factor|high|multi_person",-10.2927521446925,32.9038969524658
153,"web|simple|medium|one_to_one",-2.81591905613559,32.9038969524658
153,"web|two_factor|medium|one_to_one",-5.36271266993517,32.9038969524658
153,"mobile|simple|high|one_to_one",-0.13422906655948,32.9038969524658
153,"mobile|simple|low|multi_person",-1.26270643624893,32.9038969524658
153,"web|multi_factor|low|multi_person",-8.09409218077638,32.9038969524658
153,"web|two_factor|medium|multi_person",-8.68985000354075,32.9038969524658
153,"mobile|two_factor|low|one_to_one",-0.482362716442925,32.9038969524658
153,"web|two_factor|high|one_to_one",-6.43928356414143,32.9038969524658
153,"web|two_factor|low|one_to_one",-4.2406236002253,32.9038969524658
154,"web|simple|low|multi_person",-5.03117453739147,24.4665520428505
154,"mobile|two_factor|low|multi_person",-2.91554066558802,24.4665520428505
154,"web|two_factor|low|multi_person",-7.90824778857454,24.4665520428505
154,"mobile|multi_factor|low|multi_person",-6.11207847605777,24.4665520428505
154,"mobile|simple|medium|multi_person",-2.58994832121291,24.4665520428505
154,"mobile|multi_factor|medium|multi_person",-8.66355938286573,24.4665520428505
154,"web|multi_factor|medium|multi_person",-13.6562665058522,24.4665520428505
154,"mobile|simple|high|multi_person",-2.23530677280819,24.4665520428505
154,"web|simple|high|multi_person",-7.22801389579471,24.4665520428505
154,"mobile|two_factor|high|multi_person",-5.11238002399126,24.4665520428505
154,"mobile|multi_factor|high|multi_person",-8.30891783446101,24.4665520428505
154,"mobile|simple|low|one_to_one",1.73675178625993,24.4665520428505
154,"web|simple|low|one_to_one",-3.25595533672659,24.4665520428505
154,"mobile|multi_factor|low|one_to_one",-4.33685927539289,24.4665520428505
154,"web|multi_factor|low|one_to_one",-9.32956639837941,24.4665520428505
154,"mobile|simple|medium|one_to_one",-0.814729120548032,24.4665520428505
154,"mobile|two_factor|medium|one_to_one",-3.6918023717311,24.4665520428505
154,"mobile|multi_factor|medium|one_to_one",-6.88834018220085,24.4665520428505
154,"web|multi_factor|medium|one_to_one",-11.8810473051874,24.4665520428505
154,"web|simple|high|one_to_one",-5.45279469512983,24.4665520428505
154,"mobile|two_factor|high|one_to_one",-3.33716082332638,24.4665520428505
154,"mobile|multi_factor|high|one_to_one",-6.53369863379613,24.4665520428505
154,"web|multi_factor|high|one_to_one",-11.5264057567827,24.4665520428505
154,"web|simple|medium|multi_person",-7.58265544419943,24.4665520428505
154,"mobile|two_factor|medium|multi_person",-5.46702157239598,24.4665520428505
154,"web|two_factor|high|multi_person",-10.1050871469778,24.4665520428505
154,"web|multi_factor|high|multi_person",-13.3016249574475,24.4665520428505
154,"web|simple|medium|one_to_one",-5.80743624353455,24.4665520428505
154,"web|two_factor|medium|one_to_one",-8.68450949471762,24.4665520428505
154,"mobile|simple|high|one_to_one",-0.460087572143313,24.4665520428505
154,"mobile|simple|low|multi_person",-0.0384674144049493,24.4665520428505
154,"web|multi_factor|low|multi_person",-11.1047855990443,24.4665520428505
154,"web|two_factor|medium|multi_person",-10.4597286953825,24.4665520428505
154,"mobile|two_factor|low|one_to_one",-1.14032146492314,24.4665520428505
154,"web|two_factor|high|one_to_one",-8.3298679463129,24.4665520428505
154,"web|two_factor|low|one_to_one",-6.13302858790966,24.4665520428505
155,"web|simple|low|multi_person",-4.98970567593785,32.738840283391
155,"mobile|two_factor|low|multi_person",-3.2887367693381,32.738840283391
155,"web|two_factor|low|multi_person",-6.55840583652646,32.738840283391
155,"mobile|multi_factor|low|multi_person",-4.82119869051606,32.738840283391
155,"mobile|simple|medium|multi_person",-2.92780802861068,32.738840283391
155,"mobile|multi_factor|medium|multi_person",-6.02897011037725,32.738840283391
155,"web|multi_factor|medium|multi_person",-9.29863917756561,32.738840283391
155,"mobile|simple|high|multi_person",-2.98601444090573,32.738840283391
155,"web|simple|high|multi_person",-6.25568350809409,32.738840283391
155,"mobile|two_factor|high|multi_person",-4.55471460149434,32.738840283391
155,"mobile|multi_factor|high|multi_person",-6.0871765226723,32.738840283391
155,"mobile|simple|low|one_to_one",0.627215430467654,32.738840283391
155,"web|simple|low|one_to_one",-2.64245363672071,32.738840283391
155,"mobile|multi_factor|low|one_to_one",-2.47394665129892,32.738840283391
155,"web|multi_factor|low|one_to_one",-5.74361571848728,32.738840283391
155,"mobile|simple|medium|one_to_one",-0.58055598939354,32.738840283391
155,"mobile|two_factor|medium|one_to_one",-2.14925614998215,32.738840283391
155,"mobile|multi_factor|medium|one_to_one",-3.68171807116011,32.738840283391
155,"web|multi_factor|medium|one_to_one",-6.95138713834847,32.738840283391
155,"web|simple|high|one_to_one",-3.90843146887695,32.738840283391
155,"mobile|two_factor|high|one_to_one",-2.2074625622772,32.738840283391
155,"mobile|multi_factor|high|one_to_one",-3.73992448345516,32.738840283391
155,"web|multi_factor|high|one_to_one",-7.00959355064352,32.738840283391
155,"web|simple|medium|multi_person",-6.19747709579904,32.738840283391
155,"mobile|two_factor|medium|multi_person",-4.49650818919929,32.738840283391
155,"web|two_factor|high|multi_person",-7.8243836686827,32.738840283391
155,"web|multi_factor|high|multi_person",-9.35684558986066,32.738840283391
155,"web|simple|medium|one_to_one",-3.8502250565819,32.738840283391
155,"web|two_factor|medium|one_to_one",-5.41892521717051,32.738840283391
155,"mobile|simple|high|one_to_one",-0.63876240168859,32.738840283391
155,"mobile|simple|low|multi_person",-1.72003660874949,32.738840283391
155,"web|multi_factor|low|multi_person",-8.09086775770441,32.738840283391
155,"web|two_factor|medium|multi_person",-7.76617725638765,32.738840283391
155,"mobile|two_factor|low|one_to_one",-0.941484730120958,32.738840283391
155,"web|two_factor|high|one_to_one",-5.47713162946556,32.738840283391
155,"web|two_factor|low|one_to_one",-4.21115379730932,32.738840283391
156,"web|simple|low|multi_person",-3.95691922051992,25.9300427785773
156,"mobile|two_factor|low|multi_person",-3.66454363317395,25.9300427785773
156,"web|two_factor|low|multi_person",-8.13322383231279,25.9300427785773
156,"mobile|multi_factor|low|multi_person",-5.64441930243201,25.9300427785773
156,"mobile|simple|medium|multi_person",-1.75885774773098,25.9300427785773
156,"mobile|multi_factor|medium|multi_person",-7.91503802878191,25.9300427785773
156,"web|multi_factor|medium|multi_person",-12.3837182279208,25.9300427785773
156,"mobile|simple|high|multi_person",-2.63363208471376,25.9300427785773
156,"web|simple|high|multi_person",-7.1023122838526,25.9300427785773
156,"mobile|two_factor|high|multi_person",-6.80993669650663,25.9300427785773
156,"mobile|multi_factor|high|multi_person",-8.78981236576469,25.9300427785773
156,"mobile|simple|low|one_to_one",2.6707376104762,25.9300427785773
156,"web|simple|low|one_to_one",-1.79794258866264,25.9300427785773
156,"mobile|multi_factor|low|one_to_one",-3.48544267057473,25.9300427785773
156,"web|multi_factor|low|one_to_one",-7.95412286971357,25.9300427785773
156,"mobile|simple|medium|one_to_one",0.400118884126297,25.9300427785773
156,"mobile|two_factor|medium|one_to_one",-3.77618572766657,25.9300427785773
156,"mobile|multi_factor|medium|one_to_one",-5.75606139692463,25.9300427785773
156,"web|multi_factor|medium|one_to_one",-10.2247415960635,25.9300427785773
156,"web|simple|high|one_to_one",-4.94333565199532,25.9300427785773
156,"mobile|two_factor|high|one_to_one",-4.65096006464935,25.9300427785773
156,"mobile|multi_factor|high|one_to_one",-6.63083573390741,25.9300427785773
156,"web|multi_factor|high|one_to_one",-11.0995159330463,25.9300427785773
156,"web|simple|medium|multi_person",-6.22753794686982,25.9300427785773
156,"mobile|two_factor|medium|multi_person",-5.93516235952385,25.9300427785773
156,"web|two_factor|high|multi_person",-11.2786168956455,25.9300427785773
156,"web|multi_factor|high|multi_person",-13.2584925649035,25.9300427785773
156,"web|simple|medium|one_to_one",-4.06856131501254,25.9300427785773
156,"web|two_factor|medium|one_to_one",-8.24486592680541,25.9300427785773
156,"mobile|simple|high|one_to_one",-0.47465545285648,25.9300427785773
156,"mobile|simple|low|multi_person",0.51176097861892,25.9300427785773
156,"web|multi_factor|low|multi_person",-10.1130995015709,25.9300427785773
156,"web|two_factor|medium|multi_person",-10.4038425586627,25.9300427785773
156,"mobile|two_factor|low|one_to_one",-1.50556700131667,25.9300427785773
156,"web|two_factor|high|one_to_one",-9.11964026378818,25.9300427785773
156,"web|two_factor|low|one_to_one",-5.9742472004555,25.9300427785773
157,"web|simple|low|multi_person",-4.81621974745594,23.3217112842003
157,"mobile|two_factor|low|multi_person",-3.78791360354178,23.3217112842003
157,"web|two_factor|low|multi_person",-8.16597816998822,23.3217112842003
157,"mobile|multi_factor|low|multi_person",-5.84231758077647,23.3217112842003
157,"mobile|simple|medium|multi_person",-2.80752219327985,23.3217112842003
157,"mobile|multi_factor|medium|multi_person",-8.21168459304682,23.3217112842003
157,"web|multi_factor|medium|multi_person",-12.5897491594933,23.3217112842003
157,"mobile|simple|high|multi_person",-2.18351506117448,23.3217112842003
157,"web|simple|high|multi_person",-6.56157962762092,23.3217112842003
157,"mobile|two_factor|high|multi_person",-5.53327348370676,23.3217112842003
157,"mobile|multi_factor|high|multi_person",-7.58767746094145,23.3217112842003
157,"mobile|simple|low|one_to_one",0.461841176459977,23.3217112842003
157,"web|simple|low|one_to_one",-3.91622338998646,23.3217112842003
157,"mobile|multi_factor|low|one_to_one",-4.94232122330699,23.3217112842003
157,"web|multi_factor|low|one_to_one",-9.32038578975343,23.3217112842003
157,"mobile|simple|medium|one_to_one",-1.90752583581038,23.3217112842003
157,"mobile|two_factor|medium|one_to_one",-5.25728425834266,23.3217112842003
157,"mobile|multi_factor|medium|one_to_one",-7.31168823557735,23.3217112842003
157,"web|multi_factor|medium|one_to_one",-11.6897528020238,23.3217112842003
157,"web|simple|high|one_to_one",-5.66158327015144,23.3217112842003
157,"mobile|two_factor|high|one_to_one",-4.63327712623728,23.3217112842003
157,"mobile|multi_factor|high|one_to_one",-6.68768110347197,23.3217112842003
157,"web|multi_factor|high|one_to_one",-11.0657456699184,23.3217112842003
157,"web|simple|medium|multi_person",-7.18558675972629,23.3217112842003
157,"mobile|two_factor|medium|multi_person",-6.15728061581213,23.3217112842003
157,"web|two_factor|high|multi_person",-9.9113380501532,23.3217112842003
157,"web|multi_factor|high|multi_person",-11.9657420273879,23.3217112842003
157,"web|simple|medium|one_to_one",-6.28559040225682,23.3217112842003
157,"web|two_factor|medium|one_to_one",-9.6353488247891,23.3217112842003
157,"mobile|simple|high|one_to_one",-1.283518703705,23.3217112842003
157,"mobile|simple|low|multi_person",-0.438155181009497,23.3217112842003
157,"web|multi_factor|low|multi_person",-10.2203821472229,23.3217112842003
157,"web|two_factor|medium|multi_person",-10.5353451822586,23.3217112842003
157,"mobile|two_factor|low|one_to_one",-2.8879172460723,23.3217112842003
157,"web|two_factor|high|one_to_one",-9.01134169268372,23.3217112842003
157,"web|two_factor|low|one_to_one",-7.26598181251874,23.3217112842003
158,"web|simple|low|multi_person",-4.18979547117549,35.4843109671455
158,"mobile|two_factor|low|multi_person",-2.07669441944979,35.4843109671455
158,"web|two_factor|low|multi_person",-5.35304207388713,35.4843109671455
158,"mobile|multi_factor|low|multi_person",-2.29823122208261,35.4843109671455
158,"mobile|simple|medium|multi_person",-2.62628964491774,35.4843109671455
158,"mobile|multi_factor|medium|multi_person",-4.0110730502622,35.4843109671455
158,"web|multi_factor|medium|multi_person",-7.28742070469954,35.4843109671455
158,"mobile|simple|high|multi_person",-3.48920239200287,35.4843109671455
158,"web|simple|high|multi_person",-6.76555004644021,35.4843109671455
158,"mobile|two_factor|high|multi_person",-4.65244899471451,35.4843109671455
158,"mobile|multi_factor|high|multi_person",-4.87398579734733,35.4843109671455
158,"mobile|simple|low|one_to_one",1.65929907496117,35.4843109671455
158,"web|simple|low|one_to_one",-1.61704857947617,35.4843109671455
158,"mobile|multi_factor|low|one_to_one",0.27451566961671,35.4843109671455
158,"web|multi_factor|low|one_to_one",-3.00183198482063,35.4843109671455
158,"mobile|simple|medium|one_to_one",-0.0535427532184229,35.4843109671455
158,"mobile|two_factor|medium|one_to_one",-1.21678935593006,35.4843109671455
158,"mobile|multi_factor|medium|one_to_one",-1.43832615856288,35.4843109671455
158,"web|multi_factor|medium|one_to_one",-4.71467381300022,35.4843109671455
158,"web|simple|high|one_to_one",-4.19280315474089,35.4843109671455
158,"mobile|two_factor|high|one_to_one",-2.07970210301519,35.4843109671455
158,"mobile|multi_factor|high|one_to_one",-2.30123890564801,35.4843109671455
158,"web|multi_factor|high|one_to_one",-5.57758656008535,35.4843109671455
158,"web|simple|medium|multi_person",-5.90263729935508,35.4843109671455
158,"mobile|two_factor|medium|multi_person",-3.78953624762938,35.4843109671455
158,"web|two_factor|high|multi_person",-7.92879664915185,35.4843109671455
158,"web|multi_factor|high|multi_person",-8.15033345178467,35.4843109671455
158,"web|simple|medium|one_to_one",-3.32989040765576,35.4843109671455
158,"web|two_factor|medium|one_to_one",-4.4931370103674,35.4843109671455
158,"mobile|simple|high|one_to_one",-0.916455500303549,35.4843109671455
158,"mobile|simple|low|multi_person",-0.913447816738149,35.4843109671455
158,"web|multi_factor|low|multi_person",-5.57457887651995,35.4843109671455
158,"web|two_factor|medium|multi_person",-7.06588390206672,35.4843109671455
158,"mobile|two_factor|low|one_to_one",0.49605247224953,35.4843109671455
158,"web|two_factor|high|one_to_one",-5.35604975745253,35.4843109671455
158,"web|two_factor|low|one_to_one",-2.78029518218781,35.4843109671455
159,"web|simple|low|multi_person",-4.4471430820834,19.6520842952406
159,"mobile|two_factor|low|multi_person",-4.90833026990315,19.6520842952406
159,"web|two_factor|low|multi_person",-10.1189181087887,19.6520842952406
159,"mobile|multi_factor|low|multi_person",-5.73627075609272,19.6520842952406
159,"mobile|simple|medium|multi_person",-1.70223792583497,19.6520842952406
159,"mobile|multi_factor|medium|multi_person",-8.20195343872983,19.6520842952406
159,"web|multi_factor|medium|multi_person",-13.4125412776154,19.6520842952406
159,"mobile|simple|high|multi_person",-2.13515768958421,19.6520842952406
159,"web|simple|high|multi_person",-7.34574552846975,19.6520842952406
159,"mobile|two_factor|high|multi_person",-7.8069327162895,19.6520842952406
159,"mobile|multi_factor|high|multi_person",-8.63487320247907,19.6520842952406
159,"mobile|simple|low|one_to_one",1.53724142461558,19.6520842952406
159,"web|simple|low|one_to_one",-3.67334641426996,19.6520842952406
159,"mobile|multi_factor|low|one_to_one",-4.96247408827928,19.6520842952406
159,"web|multi_factor|low|one_to_one",-10.1730619271648,19.6520842952406
159,"mobile|simple|medium|one_to_one",-0.928441258021529,19.6520842952406
159,"mobile|two_factor|medium|one_to_one",-6.60021628472682,19.6520842952406
159,"mobile|multi_factor|medium|one_to_one",-7.42815677091639,19.6520842952406
159,"web|multi_factor|medium|one_to_one",-12.6387446098019,19.6520842952406
159,"web|simple|high|one_to_one",-6.57194886065631,19.6520842952406
159,"mobile|two_factor|high|one_to_one",-7.03313604847606,19.6520842952406
159,"mobile|multi_factor|high|one_to_one",-7.86107653466563,19.6520842952406
159,"web|multi_factor|high|one_to_one",-13.0716643735512,19.6520842952406
159,"web|simple|medium|multi_person",-6.91282576472051,19.6520842952406
159,"mobile|two_factor|medium|multi_person",-7.37401295254026,19.6520842952406
159,"web|two_factor|high|multi_person",-13.017520555175,19.6520842952406
159,"web|multi_factor|high|multi_person",-13.8454610413646,19.6520842952406
159,"web|simple|medium|one_to_one",-6.13902909690707,19.6520842952406
159,"web|two_factor|medium|one_to_one",-11.8108041236124,19.6520842952406
159,"mobile|simple|high|one_to_one",-1.36136102177077,19.6520842952406
159,"mobile|simple|low|multi_person",0.763444756802139,19.6520842952406
159,"web|multi_factor|low|multi_person",-10.9468585949783,19.6520842952406
159,"web|two_factor|medium|multi_person",-12.5846007914258,19.6520842952406
159,"mobile|two_factor|low|one_to_one",-4.13453360208971,19.6520842952406
159,"web|two_factor|high|one_to_one",-12.2437238873616,19.6520842952406
159,"web|two_factor|low|one_to_one",-9.34512144097525,19.6520842952406
160,"web|simple|low|multi_person",-3.80415907002863,29.0111214766307
160,"mobile|two_factor|low|multi_person",-4.13527358509264,29.0111214766307
160,"web|two_factor|low|multi_person",-7.1511371916982,29.0111214766307
160,"mobile|multi_factor|low|multi_person",-6.63550913445224,29.0111214766307
160,"mobile|simple|medium|multi_person",-2.30443023476779,29.0111214766307
160,"mobile|multi_factor|medium|multi_person",-8.15164390579696,29.0111214766307
160,"web|multi_factor|medium|multi_person",-11.1675075124025,29.0111214766307
160,"mobile|simple|high|multi_person",-1.71012851724245,29.0111214766307
160,"web|simple|high|multi_person",-4.72599212384801,29.0111214766307
160,"mobile|two_factor|high|multi_person",-5.05710663891202,29.0111214766307
160,"mobile|multi_factor|high|multi_person",-7.55734218827162,29.0111214766307
160,"mobile|simple|low|one_to_one",0.780239859183181,29.0111214766307
160,"web|simple|low|one_to_one",-2.23562374742238,29.0111214766307
160,"mobile|multi_factor|low|one_to_one",-5.06697381184599,29.0111214766307
160,"web|multi_factor|low|one_to_one",-8.08283741845155,29.0111214766307
160,"mobile|simple|medium|one_to_one",-0.735894912161537,29.0111214766307
160,"mobile|two_factor|medium|one_to_one",-4.08287303383111,29.0111214766307
160,"mobile|multi_factor|medium|one_to_one",-6.58310858319071,29.0111214766307
160,"web|multi_factor|medium|one_to_one",-9.59897218979627,29.0111214766307
160,"web|simple|high|one_to_one",-3.15745680124176,29.0111214766307
160,"mobile|two_factor|high|one_to_one",-3.48857131630578,29.0111214766307
160,"mobile|multi_factor|high|one_to_one",-5.98880686566537,29.0111214766307
160,"web|multi_factor|high|one_to_one",-9.00467047227093,29.0111214766307
160,"web|simple|medium|multi_person",-5.32029384137335,29.0111214766307
160,"mobile|two_factor|medium|multi_person",-5.65140835643736,29.0111214766307
160,"web|two_factor|high|multi_person",-8.07297024551759,29.0111214766307
160,"web|multi_factor|high|multi_person",-10.5732057948772,29.0111214766307
160,"web|simple|medium|one_to_one",-3.7517585187671,29.0111214766307
160,"web|two_factor|medium|one_to_one",-7.09873664043667,29.0111214766307
160,"mobile|simple|high|one_to_one",-0.141593194636201,29.0111214766307
160,"mobile|simple|low|multi_person",-0.788295463423069,29.0111214766307
160,"web|multi_factor|low|multi_person",-9.6513727410578,29.0111214766307
160,"web|two_factor|medium|multi_person",-8.66727196304292,29.0111214766307
160,"mobile|two_factor|low|one_to_one",-2.56673826248639,29.0111214766307
160,"web|two_factor|high|one_to_one",-6.50443492291134,29.0111214766307
160,"web|two_factor|low|one_to_one",-5.58260186909195,29.0111214766307
162,"web|simple|low|multi_person",-3.76127853578496,20.2798473236842
162,"mobile|two_factor|low|multi_person",-4.35863733882246,20.2798473236842
162,"web|two_factor|low|multi_person",-7.64995177156562,20.2798473236842
162,"mobile|multi_factor|low|multi_person",-7.54254681430838,20.2798473236842
162,"mobile|simple|medium|multi_person",-3.26197145587674,20.2798473236842
162,"mobile|multi_factor|medium|multi_person",-10.3345541671433,20.2798473236842
162,"web|multi_factor|medium|multi_person",-13.6258685998865,20.2798473236842
162,"mobile|simple|high|multi_person",-3.33812769045699,20.2798473236842
162,"web|simple|high|multi_person",-6.62944212320015,20.2798473236842
162,"mobile|two_factor|high|multi_person",-7.22680092623765,20.2798473236842
162,"mobile|multi_factor|high|multi_person",-10.4107104017236,20.2798473236842
162,"mobile|simple|low|one_to_one",0.557029548578604,20.2798473236842
162,"web|simple|low|one_to_one",-2.73428488416456,20.2798473236842
162,"mobile|multi_factor|low|one_to_one",-6.51555316268798,20.2798473236842
162,"web|multi_factor|low|one_to_one",-9.80686759543114,20.2798473236842
162,"mobile|simple|medium|one_to_one",-2.23497780425633,20.2798473236842
162,"mobile|two_factor|medium|one_to_one",-6.12365104003699,20.2798473236842
162,"mobile|multi_factor|medium|one_to_one",-9.30756051552291,20.2798473236842
162,"web|multi_factor|medium|one_to_one",-12.5988749482661,20.2798473236842
162,"web|simple|high|one_to_one",-5.60244847157974,20.2798473236842
162,"mobile|two_factor|high|one_to_one",-6.19980727461724,20.2798473236842
162,"mobile|multi_factor|high|one_to_one",-9.38371675010316,20.2798473236842
162,"web|multi_factor|high|one_to_one",-12.6750311828463,20.2798473236842
162,"web|simple|medium|multi_person",-6.5532858886199,20.2798473236842
162,"mobile|two_factor|medium|multi_person",-7.1506446916574,20.2798473236842
162,"web|two_factor|high|multi_person",-10.5181153589808,20.2798473236842
162,"web|multi_factor|high|multi_person",-13.7020248344667,20.2798473236842
162,"web|simple|medium|one_to_one",-5.52629223699949,20.2798473236842
162,"web|two_factor|medium|one_to_one",-9.41496547278015,20.2798473236842
162,"mobile|simple|high|one_to_one",-2.31113403883658,20.2798473236842
162,"mobile|simple|low|multi_person",-0.469964103041804,20.2798473236842
162,"web|multi_factor|low|multi_person",-10.8338612470515,20.2798473236842
162,"web|two_factor|medium|multi_person",-10.4419591244006,20.2798473236842
162,"mobile|two_factor|low|one_to_one",-3.33164368720206,20.2798473236842
162,"web|two_factor|high|one_to_one",-9.4911217073604,20.2798473236842
162,"web|two_factor|low|one_to_one",-6.62295811994522,20.2798473236842
163,"web|simple|low|multi_person",-4.04406890551472,23.4691755669786
163,"mobile|two_factor|low|multi_person",-3.54428914334329,23.4691755669786
163,"web|two_factor|low|multi_person",-9.13506849906013,23.4691755669786
163,"mobile|multi_factor|low|multi_person",-5.28491210652866,23.4691755669786
163,"mobile|simple|medium|multi_person",-1.09580145162261,23.4691755669786
163,"mobile|multi_factor|medium|multi_person",-7.92742400835339,23.4691755669786
163,"web|multi_factor|medium|multi_person",-13.5182033640702,23.4691755669786
163,"mobile|simple|high|multi_person",-1.56733929700966,23.4691755669786
163,"web|simple|high|multi_person",-7.1581186527265,23.4691755669786
163,"mobile|two_factor|high|multi_person",-6.65833889055507,23.4691755669786
163,"mobile|multi_factor|high|multi_person",-8.39896185374044,23.4691755669786
163,"mobile|simple|low|one_to_one",2.78695922499914,23.4691755669786
163,"web|simple|low|one_to_one",-2.8038201307177,23.4691755669786
163,"mobile|multi_factor|low|one_to_one",-4.04466333173164,23.4691755669786
163,"web|multi_factor|low|one_to_one",-9.63544268744848,23.4691755669786
163,"mobile|simple|medium|one_to_one",0.144447323174412,23.4691755669786
163,"mobile|two_factor|medium|one_to_one",-4.946552270371,23.4691755669786
163,"mobile|multi_factor|medium|one_to_one",-6.68717523355637,23.4691755669786
163,"web|multi_factor|medium|one_to_one",-12.2779545892732,23.4691755669786
163,"web|simple|high|one_to_one",-5.91786987792948,23.4691755669786
163,"mobile|two_factor|high|one_to_one",-5.41809011575805,23.4691755669786
163,"mobile|multi_factor|high|one_to_one",-7.15871307894342,23.4691755669786
163,"web|multi_factor|high|one_to_one",-12.7494924346603,23.4691755669786
163,"web|simple|medium|multi_person",-6.68658080733945,23.4691755669786
163,"mobile|two_factor|medium|multi_person",-6.18680104516802,23.4691755669786
163,"web|two_factor|high|multi_person",-12.2491182462719,23.4691755669786
163,"web|multi_factor|high|multi_person",-13.9897412094573,23.4691755669786
163,"web|simple|medium|one_to_one",-5.44633203254243,23.4691755669786
163,"web|two_factor|medium|one_to_one",-10.5373316260878,23.4691755669786
163,"mobile|simple|high|one_to_one",-0.32709052221264,23.4691755669786
163,"mobile|simple|low|multi_person",1.54671045020212,23.4691755669786
163,"web|multi_factor|low|multi_person",-10.8756914622455,23.4691755669786
163,"web|two_factor|medium|multi_person",-11.7775804008849,23.4691755669786
163,"mobile|two_factor|low|one_to_one",-2.30404036854627,23.4691755669786
163,"web|two_factor|high|one_to_one",-11.0088694714749,23.4691755669786
163,"web|two_factor|low|one_to_one",-7.89481972426311,23.4691755669786
164,"web|simple|low|multi_person",-4.9603210670475,35.8628363116066
164,"mobile|two_factor|low|multi_person",-3.00627135296646,35.8628363116066
164,"web|two_factor|low|multi_person",-4.92073555282467,35.8628363116066
164,"mobile|multi_factor|low|multi_person",-3.78010369928302,35.8628363116066
164,"mobile|simple|medium|multi_person",-3.91439462039617,35.8628363116066
164,"mobile|multi_factor|medium|multi_person",-4.64864145248991,35.8628363116066
164,"web|multi_factor|medium|multi_person",-6.56310565234813,35.8628363116066
164,"mobile|simple|high|multi_person",-5.10734659346877,35.8628363116066
164,"web|simple|high|multi_person",-7.02181079332699,35.8628363116066
164,"mobile|two_factor|high|multi_person",-5.06776107924595,35.8628363116066
164,"mobile|multi_factor|high|multi_person",-5.84159342556251,35.8628363116066
164,"mobile|simple|low|one_to_one",0.29958981687202,35.8628363116066
164,"web|simple|low|one_to_one",-1.6148743829862,35.8628363116066
164,"mobile|multi_factor|low|one_to_one",-0.434657015221719,35.8628363116066
164,"web|multi_factor|low|one_to_one",-2.34912121507994,35.8628363116066
164,"mobile|simple|medium|one_to_one",-0.568947936334874,35.8628363116066
164,"mobile|two_factor|medium|one_to_one",-0.529362422112052,35.8628363116066
164,"mobile|multi_factor|medium|one_to_one",-1.30319476842861,35.8628363116066
164,"web|multi_factor|medium|one_to_one",-3.21765896828683,35.8628363116066
164,"web|simple|high|one_to_one",-3.67636410926569,35.8628363116066
164,"mobile|two_factor|high|one_to_one",-1.72231439518465,35.8628363116066
164,"mobile|multi_factor|high|one_to_one",-2.49614674150121,35.8628363116066
164,"web|multi_factor|high|one_to_one",-4.41061094135943,35.8628363116066
164,"web|simple|medium|multi_person",-5.82885882025439,35.8628363116066
164,"mobile|two_factor|medium|multi_person",-3.87480910617335,35.8628363116066
164,"web|two_factor|high|multi_person",-6.98222527910417,35.8628363116066
164,"web|multi_factor|high|multi_person",-7.75605762542073,35.8628363116066
164,"web|simple|medium|one_to_one",-2.48341213619309,35.8628363116066
164,"web|two_factor|medium|one_to_one",-2.44382662197027,35.8628363116066
164,"mobile|simple|high|one_to_one",-1.76189990940747,35.8628363116066
164,"mobile|simple|low|multi_person",-3.04585686718928,35.8628363116066
164,"web|multi_factor|low|multi_person",-5.69456789914124,35.8628363116066
164,"web|two_factor|medium|multi_person",-5.78927330603157,35.8628363116066
164,"mobile|two_factor|low|one_to_one",0.339175331094842,35.8628363116066
164,"web|two_factor|high|one_to_one",-3.63677859504287,35.8628363116066
164,"web|two_factor|low|one_to_one",-1.57528886876337,35.8628363116066
165,"web|simple|low|multi_person",-4.12682463139799,33.0339627717977
165,"mobile|two_factor|low|multi_person",-2.39018223944813,33.0339627717977
165,"web|two_factor|low|multi_person",-5.38838118297841,33.0339627717977
165,"mobile|multi_factor|low|multi_person",-4.81900430368453,33.0339627717977
165,"mobile|simple|medium|multi_person",-2.57981069340806,33.0339627717977
165,"mobile|multi_factor|medium|multi_person",-6.27018930922488,33.0339627717977
165,"web|multi_factor|medium|multi_person",-9.26838825275516,33.0339627717977
165,"mobile|simple|high|multi_person",-2.86232792846507,33.0339627717977
165,"web|simple|high|multi_person",-5.86052687199535,33.0339627717977
165,"mobile|two_factor|high|multi_person",-4.12388448004549,33.0339627717977
165,"mobile|multi_factor|high|multi_person",-6.55270654428189,33.0339627717977
165,"mobile|simple|low|one_to_one",1.27151288387583,33.0339627717977
165,"web|simple|low|one_to_one",-1.72668605965445,33.0339627717977
165,"mobile|multi_factor|low|one_to_one",-2.41886573194099,33.0339627717977
165,"web|multi_factor|low|one_to_one",-5.41706467547127,33.0339627717977
165,"mobile|simple|medium|one_to_one",-0.179672121664517,33.0339627717977
165,"mobile|two_factor|medium|one_to_one",-1.44122867324494,33.0339627717977
165,"mobile|multi_factor|medium|one_to_one",-3.87005073748134,33.0339627717977
165,"web|multi_factor|medium|one_to_one",-6.86824968101162,33.0339627717977
165,"web|simple|high|one_to_one",-3.46038830025181,33.0339627717977
165,"mobile|two_factor|high|one_to_one",-1.72374590830195,33.0339627717977
165,"mobile|multi_factor|high|one_to_one",-4.15256797253835,33.0339627717977
165,"web|multi_factor|high|one_to_one",-7.15076691606863,33.0339627717977
165,"web|simple|medium|multi_person",-5.57800963693834,33.0339627717977
165,"mobile|two_factor|medium|multi_person",-3.84136724498848,33.0339627717977
165,"web|two_factor|high|multi_person",-7.12208342357577,33.0339627717977
165,"web|multi_factor|high|multi_person",-9.55090548781217,33.0339627717977
165,"web|simple|medium|one_to_one",-3.1778710651948,33.0339627717977
165,"web|two_factor|medium|one_to_one",-4.43942761677522,33.0339627717977
165,"mobile|simple|high|one_to_one",-0.46218935672153,33.0339627717977
165,"mobile|simple|low|multi_person",-1.12862568786771,33.0339627717977
165,"web|multi_factor|low|multi_person",-7.81720324721481,33.0339627717977
165,"web|two_factor|medium|multi_person",-6.83956618851876,33.0339627717977
165,"mobile|two_factor|low|one_to_one",0.00995633229540926,33.0339627717977
165,"web|two_factor|high|one_to_one",-4.72194485183223,33.0339627717977
165,"web|two_factor|low|one_to_one",-2.98824261123487,33.0339627717977
166,"web|simple|low|multi_person",-3.66087248831554,26.894613132329
166,"mobile|two_factor|low|multi_person",-2.92290378219389,26.894613132329
166,"web|two_factor|low|multi_person",-7.62955709358341,26.894613132329
166,"mobile|multi_factor|low|multi_person",-4.29213878577784,26.894613132329
166,"mobile|simple|medium|multi_person",-1.40078026956724,26.894613132329
166,"mobile|multi_factor|medium|multi_person",-6.73869987841906,26.894613132329
166,"web|multi_factor|medium|multi_person",-11.4453531898086,26.894613132329
166,"mobile|simple|high|multi_person",-1.93196348356693,26.894613132329
166,"web|simple|high|multi_person",-6.63861679495645,26.894613132329
166,"mobile|two_factor|high|multi_person",-5.9006480888348,26.894613132329
166,"mobile|multi_factor|high|multi_person",-7.26988309241875,26.894613132329
166,"mobile|simple|low|one_to_one",2.1904917321068,26.894613132329
166,"web|simple|low|one_to_one",-2.51616157928272,26.894613132329
166,"mobile|multi_factor|low|one_to_one",-3.14742787674502,26.894613132329
166,"web|multi_factor|low|one_to_one",-7.85408118813454,26.894613132329
166,"mobile|simple|medium|one_to_one",-0.256069360534419,26.894613132329
166,"mobile|two_factor|medium|one_to_one",-4.22475396580229,26.894613132329
166,"mobile|multi_factor|medium|one_to_one",-5.59398896938624,26.894613132329
166,"web|multi_factor|medium|one_to_one",-10.3006422807758,26.894613132329
166,"web|simple|high|one_to_one",-5.49390588592363,26.894613132329
166,"mobile|two_factor|high|one_to_one",-4.75593717980198,26.894613132329
166,"mobile|multi_factor|high|one_to_one",-6.12517218338593,26.894613132329
166,"web|multi_factor|high|one_to_one",-10.8318254947754,26.894613132329
166,"web|simple|medium|multi_person",-6.10743358095676,26.894613132329
166,"mobile|two_factor|medium|multi_person",-5.36946487483511,26.894613132329
166,"web|two_factor|high|multi_person",-10.6073014002243,26.894613132329
166,"web|multi_factor|high|multi_person",-11.9765364038083,26.894613132329
166,"web|simple|medium|one_to_one",-4.96272267192394,26.894613132329
166,"web|two_factor|medium|one_to_one",-8.93140727719181,26.894613132329
166,"mobile|simple|high|one_to_one",-0.78725257453411,26.894613132329
166,"mobile|simple|low|multi_person",1.04578082307398,26.894613132329
166,"web|multi_factor|low|multi_person",-8.99879209716736,26.894613132329
166,"web|two_factor|medium|multi_person",-10.0761181862246,26.894613132329
166,"mobile|two_factor|low|one_to_one",-1.77819287316107,26.894613132329
166,"web|two_factor|high|one_to_one",-9.4625904911915,26.894613132329
166,"web|two_factor|low|one_to_one",-6.48484618455059,26.894613132329
167,"web|simple|low|multi_person",-3.49599934393252,28.3058490494336
167,"mobile|two_factor|low|multi_person",-3.88512259270961,28.3058490494336
167,"web|two_factor|low|multi_person",-7.84155353402282,28.3058490494336
167,"mobile|multi_factor|low|multi_person",-5.44655542294291,28.3058490494336
167,"mobile|simple|medium|multi_person",-1.56571937981031,28.3058490494336
167,"mobile|multi_factor|medium|multi_person",-7.47270640013392,28.3058490494336
167,"web|multi_factor|medium|multi_person",-11.4291373414471,28.3058490494336
167,"mobile|simple|high|multi_person",-2.25882321106308,28.3058490494336
167,"web|simple|high|multi_person",-6.2152541523763,28.3058490494336
167,"mobile|two_factor|high|multi_person",-6.60437740115339,28.3058490494336
167,"mobile|multi_factor|high|multi_person",-8.16581023138669,28.3058490494336
167,"mobile|simple|low|one_to_one",2.3785966607523,28.3058490494336
167,"web|simple|low|one_to_one",-1.57783428056092,28.3058490494336
167,"mobile|multi_factor|low|one_to_one",-3.52839035957131,28.3058490494336
167,"web|multi_factor|low|one_to_one",-7.48482130088453,28.3058490494336
167,"mobile|simple|medium|one_to_one",0.352445683561294,28.3058490494336
167,"mobile|two_factor|medium|one_to_one",-3.99310850652901,28.3058490494336
167,"mobile|multi_factor|medium|one_to_one",-5.55454133676232,28.3058490494336
167,"web|multi_factor|medium|one_to_one",-9.51097227807554,28.3058490494336
167,"web|simple|high|one_to_one",-4.2970890890047,28.3058490494336
167,"mobile|two_factor|high|one_to_one",-4.68621233778178,28.3058490494336
167,"mobile|multi_factor|high|one_to_one",-6.24764516801509,28.3058490494336
167,"web|multi_factor|high|one_to_one",-10.2040761093283,28.3058490494336
167,"web|simple|medium|multi_person",-5.52215032112353,28.3058490494336
167,"mobile|two_factor|medium|multi_person",-5.91127356990061,28.3058490494336
167,"web|two_factor|high|multi_person",-10.5608083424666,28.3058490494336
167,"web|multi_factor|high|multi_person",-12.1222411726999,28.3058490494336
167,"web|simple|medium|one_to_one",-3.60398525775193,28.3058490494336
167,"web|two_factor|medium|one_to_one",-7.94953944784223,28.3058490494336
167,"mobile|simple|high|one_to_one",-0.340658147691478,28.3058490494336
167,"mobile|simple|low|multi_person",0.460431597380698,28.3058490494336
167,"web|multi_factor|low|multi_person",-9.40298636425613,28.3058490494336
167,"web|two_factor|medium|multi_person",-9.86770451121383,28.3058490494336
167,"mobile|two_factor|low|one_to_one",-1.966957529338,28.3058490494336
167,"web|two_factor|high|one_to_one",-8.642643279095,28.3058490494336
167,"web|two_factor|low|one_to_one",-5.92338847065122,28.3058490494336
168,"web|simple|low|multi_person",-4.68580214204382,29.3280615091795
168,"mobile|two_factor|low|multi_person",-2.95143549217364,29.3280615091795
168,"web|two_factor|low|multi_person",-7.62716227575838,29.3280615091795
168,"mobile|multi_factor|low|multi_person",-4.38290709718833,29.3280615091795
168,"mobile|simple|medium|multi_person",-1.99338338621719,29.3280615091795
168,"mobile|multi_factor|medium|multi_person",-6.36621512494644,29.3280615091795
168,"web|multi_factor|medium|multi_person",-11.0419419085312,29.3280615091795
168,"mobile|simple|high|multi_person",-2.55919651437164,29.3280615091795
168,"web|simple|high|multi_person",-7.23492329795638,29.3280615091795
168,"mobile|two_factor|high|multi_person",-5.5005566480862,29.3280615091795
168,"mobile|multi_factor|high|multi_person",-6.93202825310089,29.3280615091795
168,"mobile|simple|low|one_to_one",2.27334601354676,29.3280615091795
168,"web|simple|low|one_to_one",-2.40238077003798,29.3280615091795
168,"mobile|multi_factor|low|one_to_one",-2.09948572518249,29.3280615091795
168,"web|multi_factor|low|one_to_one",-6.77521250876723,29.3280615091795
168,"mobile|simple|medium|one_to_one",0.290037985788655,29.3280615091795
168,"mobile|two_factor|medium|one_to_one",-2.65132214792591,29.3280615091795
168,"mobile|multi_factor|medium|one_to_one",-4.0827937529406,29.3280615091795
168,"web|multi_factor|medium|one_to_one",-8.75852053652534,29.3280615091795
168,"web|simple|high|one_to_one",-4.95150192595054,29.3280615091795
168,"mobile|two_factor|high|one_to_one",-3.21713527608036,29.3280615091795
168,"mobile|multi_factor|high|one_to_one",-4.64860688109505,29.3280615091795
168,"web|multi_factor|high|one_to_one",-9.32433366467979,29.3280615091795
168,"web|simple|medium|multi_person",-6.66911016980193,29.3280615091795
168,"mobile|two_factor|medium|multi_person",-4.93474351993175,29.3280615091795
168,"web|two_factor|high|multi_person",-10.1762834316709,29.3280615091795
168,"web|multi_factor|high|multi_person",-11.6077550366856,29.3280615091795
168,"web|simple|medium|one_to_one",-4.38568879779609,29.3280615091795
168,"web|two_factor|medium|one_to_one",-7.32704893151065,29.3280615091795
168,"mobile|simple|high|one_to_one",-0.2757751423658,29.3280615091795
168,"mobile|simple|low|multi_person",-0.0100753584590803,29.3280615091795
168,"web|multi_factor|low|multi_person",-9.05863388077307,29.3280615091795
168,"web|two_factor|medium|multi_person",-9.61047030351649,29.3280615091795
168,"mobile|two_factor|low|one_to_one",-0.668014120167802,29.3280615091795
168,"web|two_factor|high|one_to_one",-7.8928620596651,29.3280615091795
168,"web|two_factor|low|one_to_one",-5.34374090375254,29.3280615091795
169,"web|simple|low|multi_person",-3.84130190938482,33.292488940482
169,"mobile|two_factor|low|multi_person",-3.10253822718624,33.292488940482
169,"web|two_factor|low|multi_person",-6.27116720527682,33.292488940482
169,"mobile|multi_factor|low|multi_person",-3.631776274637,33.292488940482
169,"mobile|simple|medium|multi_person",-2.4093807750065,33.292488940482
169,"mobile|multi_factor|medium|multi_person",-5.36848411834926,33.292488940482
169,"web|multi_factor|medium|multi_person",-8.53711309643984,33.292488940482
169,"mobile|simple|high|multi_person",-2.73853643884287,33.292488940482
169,"web|simple|high|multi_person",-5.90716541693345,33.292488940482
169,"mobile|two_factor|high|multi_person",-5.16840173473487,33.292488940482
169,"mobile|multi_factor|high|multi_person",-5.69763978218563,33.292488940482
169,"mobile|simple|low|one_to_one",1.58075216262096,33.292488940482
169,"web|simple|low|one_to_one",-1.58787681546962,33.292488940482
169,"mobile|multi_factor|low|one_to_one",-1.3783511807218,33.292488940482
169,"web|multi_factor|low|one_to_one",-4.54698015881238,33.292488940482
169,"mobile|simple|medium|one_to_one",-0.155955681091299,33.292488940482
169,"mobile|two_factor|medium|one_to_one",-2.5858209769833,33.292488940482
169,"mobile|multi_factor|medium|one_to_one",-3.11505902443406,33.292488940482
169,"web|multi_factor|medium|one_to_one",-6.28368800252464,33.292488940482
169,"web|simple|high|one_to_one",-3.65374032301825,33.292488940482
169,"mobile|two_factor|high|one_to_one",-2.91497664081967,33.292488940482
169,"mobile|multi_factor|high|one_to_one",-3.44421468827043,33.292488940482
169,"web|multi_factor|high|one_to_one",-6.61284366636101,33.292488940482
169,"web|simple|medium|multi_person",-5.57800975309708,33.292488940482
169,"mobile|two_factor|medium|multi_person",-4.8392460708985,33.292488940482
169,"web|two_factor|high|multi_person",-8.33703071282545,33.292488940482
169,"web|multi_factor|high|multi_person",-8.86626876027621,33.292488940482
169,"web|simple|medium|one_to_one",-3.32458465918188,33.292488940482
169,"web|two_factor|medium|one_to_one",-5.75444995507388,33.292488940482
169,"mobile|simple|high|one_to_one",-0.485111344927672,33.292488940482
169,"mobile|simple|low|multi_person",-0.67267293129424,33.292488940482
169,"web|multi_factor|low|multi_person",-6.80040525272758,33.292488940482
169,"web|two_factor|medium|multi_person",-8.00787504898908,33.292488940482
169,"mobile|two_factor|low|one_to_one",-0.849113133271041,33.292488940482
169,"web|two_factor|high|one_to_one",-6.08360561891025,33.292488940482
169,"web|two_factor|low|one_to_one",-4.01774211136162,33.292488940482
170,"web|simple|low|multi_person",-7.05494236776897,19.01173271946
170,"mobile|two_factor|low|multi_person",-5.19123259974325,19.01173271946
170,"web|two_factor|low|multi_person",-8.33382998084905,19.01173271946
170,"mobile|multi_factor|low|multi_person",-9.92153705189331,19.01173271946
170,"mobile|simple|medium|multi_person",-4.35368814965905,19.01173271946
170,"mobile|multi_factor|medium|multi_person",-10.3628802148892,19.01173271946
170,"web|multi_factor|medium|multi_person",-13.505477595995,19.01173271946
170,"mobile|simple|high|multi_person",-3.33262979259608,19.01173271946
170,"web|simple|high|multi_person",-6.47522717370188,19.01173271946
170,"mobile|two_factor|high|multi_person",-4.61151740567616,19.01173271946
170,"mobile|multi_factor|high|multi_person",-9.34182185782622,19.01173271946
170,"mobile|simple|low|one_to_one",-3.20038521631905,19.01173271946
170,"web|simple|low|one_to_one",-6.34298259742485,19.01173271946
170,"mobile|multi_factor|low|one_to_one",-9.20957728154919,19.01173271946
170,"web|multi_factor|low|one_to_one",-12.352174662655,19.01173271946
170,"mobile|simple|medium|one_to_one",-3.64172837931493,19.01173271946
170,"mobile|two_factor|medium|one_to_one",-4.92061599239501,19.01173271946
170,"mobile|multi_factor|medium|one_to_one",-9.65092044454507,19.01173271946
170,"web|multi_factor|medium|one_to_one",-12.7935178256509,19.01173271946
170,"web|simple|high|one_to_one",-5.76326740335776,19.01173271946
170,"mobile|two_factor|high|one_to_one",-3.89955763533204,19.01173271946
170,"mobile|multi_factor|high|one_to_one",-8.6298620874821,19.01173271946
170,"web|multi_factor|high|one_to_one",-11.7724594685879,19.01173271946
170,"web|simple|medium|multi_person",-7.49628553076485,19.01173271946
170,"mobile|two_factor|medium|multi_person",-5.63257576273913,19.01173271946
170,"web|two_factor|high|multi_person",-7.75411478678196,19.01173271946
170,"web|multi_factor|high|multi_person",-12.484419238932,19.01173271946
170,"web|simple|medium|one_to_one",-6.78432576042073,19.01173271946
170,"web|two_factor|medium|one_to_one",-8.06321337350081,19.01173271946
170,"mobile|simple|high|one_to_one",-2.62067002225196,19.01173271946
170,"mobile|simple|low|multi_person",-3.91234498666317,19.01173271946
170,"web|multi_factor|low|multi_person",-13.0641344329991,19.01173271946
170,"web|two_factor|medium|multi_person",-8.77517314384493,19.01173271946
170,"mobile|two_factor|low|one_to_one",-4.47927282939913,19.01173271946
170,"web|two_factor|high|one_to_one",-7.04215501643784,19.01173271946
170,"web|two_factor|low|one_to_one",-7.62187021050493,19.01173271946
171,"web|simple|low|multi_person",-3.8062248913004,31.857666890345
171,"mobile|two_factor|low|multi_person",-2.91647867727777,31.857666890345
171,"web|two_factor|low|multi_person",-6.90595050956935,31.857666890345
171,"mobile|multi_factor|low|multi_person",-3.77413895278268,31.857666890345
171,"mobile|simple|medium|multi_person",-1.40418768601302,31.857666890345
171,"mobile|multi_factor|medium|multi_person",-5.36157357978687,31.857666890345
171,"web|multi_factor|medium|multi_person",-9.35104541207846,31.857666890345
171,"mobile|simple|high|multi_person",-2.28434283784484,31.857666890345
171,"web|simple|high|multi_person",-6.27381467013642,31.857666890345
171,"mobile|two_factor|high|multi_person",-5.38406845611379,31.857666890345
171,"mobile|multi_factor|high|multi_person",-6.2417287316187,31.857666890345
171,"mobile|simple|low|one_to_one",2.27482104320238,31.857666890345
171,"web|simple|low|one_to_one",-1.7146507890892,31.857666890345
171,"mobile|multi_factor|low|one_to_one",-1.68256485057148,31.857666890345
171,"web|multi_factor|low|one_to_one",-5.67203668286306,31.857666890345
171,"mobile|simple|medium|one_to_one",0.687386416198185,31.857666890345
171,"mobile|two_factor|medium|one_to_one",-2.41233920207076,31.857666890345
171,"mobile|multi_factor|medium|one_to_one",-3.26999947757567,31.857666890345
171,"web|multi_factor|medium|one_to_one",-7.25947130986725,31.857666890345
171,"web|simple|high|one_to_one",-4.18224056792522,31.857666890345
171,"mobile|two_factor|high|one_to_one",-3.29249435390259,31.857666890345
171,"mobile|multi_factor|high|one_to_one",-4.1501546294075,31.857666890345
171,"web|multi_factor|high|one_to_one",-8.13962646169908,31.857666890345
171,"web|simple|medium|multi_person",-5.3936595183046,31.857666890345
171,"mobile|two_factor|medium|multi_person",-4.50391330428196,31.857666890345
171,"web|two_factor|high|multi_person",-9.37354028840537,31.857666890345
171,"web|multi_factor|high|multi_person",-10.2312005639103,31.857666890345
171,"web|simple|medium|one_to_one",-3.3020854160934,31.857666890345
171,"web|two_factor|medium|one_to_one",-6.40181103436234,31.857666890345
171,"mobile|simple|high|one_to_one",-0.19276873563364,31.857666890345
171,"mobile|simple|low|multi_person",0.18324694099118,31.857666890345
171,"web|multi_factor|low|multi_person",-7.76361078507426,31.857666890345
171,"web|two_factor|medium|multi_person",-8.49338513657354,31.857666890345
171,"mobile|two_factor|low|one_to_one",-0.824904575066568,31.857666890345
171,"web|two_factor|high|one_to_one",-7.28196618619417,31.857666890345
171,"web|two_factor|low|one_to_one",-4.81437640735815,31.857666890345
172,"web|simple|low|multi_person",-5.99406374571666,18.7323186048929
172,"mobile|two_factor|low|multi_person",-5.28860800445216,18.7323186048929
172,"web|two_factor|low|multi_person",-10.6231490431826,18.7323186048929
172,"mobile|multi_factor|low|multi_person",-5.11404379493386,18.7323186048929
172,"mobile|simple|medium|multi_person",-1.88623763528703,18.7323186048929
172,"mobile|multi_factor|medium|multi_person",-6.34075872323467,18.7323186048929
172,"web|multi_factor|medium|multi_person",-11.6752997619651,18.7323186048929
172,"mobile|simple|high|multi_person",-3.56412465011811,18.7323186048929
172,"web|simple|high|multi_person",-8.89866568884855,18.7323186048929
172,"mobile|two_factor|high|multi_person",-8.19320994758405,18.7323186048929
172,"mobile|multi_factor|high|multi_person",-8.01864573806575,18.7323186048929
172,"mobile|simple|low|one_to_one",-0.0570661732644586,18.7323186048929
172,"web|simple|low|one_to_one",-5.3916072119949,18.7323186048929
172,"mobile|multi_factor|low|one_to_one",-4.5115872612121,18.7323186048929
172,"web|multi_factor|low|one_to_one",-9.84612829994254,18.7323186048929
172,"mobile|simple|medium|one_to_one",-1.28378110156527,18.7323186048929
172,"mobile|two_factor|medium|one_to_one",-5.91286639903121,18.7323186048929
172,"mobile|multi_factor|medium|one_to_one",-5.73830218951291,18.7323186048929
172,"web|multi_factor|medium|one_to_one",-11.0728432282434,18.7323186048929
172,"web|simple|high|one_to_one",-8.29620915512679,18.7323186048929
172,"mobile|two_factor|high|one_to_one",-7.59075341386229,18.7323186048929
172,"mobile|multi_factor|high|one_to_one",-7.41618920434399,18.7323186048929
172,"web|multi_factor|high|one_to_one",-12.7507302430744,18.7323186048929
172,"web|simple|medium|multi_person",-7.22077867401747,18.7323186048929
172,"mobile|two_factor|medium|multi_person",-6.51532293275297,18.7323186048929
172,"web|two_factor|high|multi_person",-13.5277509863145,18.7323186048929
172,"web|multi_factor|high|multi_person",-13.3531867767962,18.7323186048929
172,"web|simple|medium|one_to_one",-6.61832214029571,18.7323186048929
172,"web|two_factor|medium|one_to_one",-11.2474074377616,18.7323186048929
172,"mobile|simple|high|one_to_one",-2.96166811639635,18.7323186048929
172,"mobile|simple|low|multi_person",-0.659522706986222,18.7323186048929
172,"web|multi_factor|low|multi_person",-10.4485848336643,18.7323186048929
172,"web|two_factor|medium|multi_person",-11.8498639714834,18.7323186048929
172,"mobile|two_factor|low|one_to_one",-4.6861514707304,18.7323186048929
172,"web|two_factor|high|one_to_one",-12.9252944525927,18.7323186048929
172,"web|two_factor|low|one_to_one",-10.0206925094608,18.7323186048929
173,"web|simple|low|multi_person",-3.50904593942978,31.0168968660798
173,"mobile|two_factor|low|multi_person",-3.19046494511474,31.0168968660798
173,"web|two_factor|low|multi_person",-7.04098514796374,31.0168968660798
173,"mobile|multi_factor|low|multi_person",-4.63888769180704,31.0168968660798
173,"mobile|simple|medium|multi_person",-1.59682621397513,31.0168968660798
173,"mobile|multi_factor|medium|multi_person",-6.57718816920139,31.0168968660798
173,"web|multi_factor|medium|multi_person",-10.4277083720504,31.0168968660798
173,"mobile|simple|high|multi_person",-2.57252068216256,31.0168968660798
173,"web|simple|high|multi_person",-6.42304088501156,31.0168968660798
173,"mobile|two_factor|high|multi_person",-6.10445989069652,31.0168968660798
173,"mobile|multi_factor|high|multi_person",-7.55288263738882,31.0168968660798
173,"mobile|simple|low|one_to_one",2.32663883529866,31.0168968660798
173,"web|simple|low|one_to_one",-1.52388136755034,31.0168968660798
173,"mobile|multi_factor|low|one_to_one",-2.6537231199276,31.0168968660798
173,"web|multi_factor|low|one_to_one",-6.5042433227766,31.0168968660798
173,"mobile|simple|medium|one_to_one",0.388338357904304,31.0168968660798
173,"mobile|two_factor|medium|one_to_one",-3.14360085062966,31.0168968660798
173,"mobile|multi_factor|medium|one_to_one",-4.59202359732196,31.0168968660798
173,"web|multi_factor|medium|one_to_one",-8.44254380017096,31.0168968660798
173,"web|simple|high|one_to_one",-4.43787631313212,31.0168968660798
173,"mobile|two_factor|high|one_to_one",-4.11929531881709,31.0168968660798
173,"mobile|multi_factor|high|one_to_one",-5.56771806550938,31.0168968660798
173,"web|multi_factor|high|one_to_one",-9.41823826835838,31.0168968660798
173,"web|simple|medium|multi_person",-5.44734641682413,31.0168968660798
173,"mobile|two_factor|medium|multi_person",-5.1287654225091,31.0168968660798
173,"web|two_factor|high|multi_person",-9.95498009354552,31.0168968660798
173,"web|multi_factor|high|multi_person",-11.4034028402378,31.0168968660798
173,"web|simple|medium|one_to_one",-3.4621818449447,31.0168968660798
173,"web|two_factor|medium|one_to_one",-6.99412105347866,31.0168968660798
173,"mobile|simple|high|one_to_one",-0.587356110283124,31.0168968660798
173,"mobile|simple|low|multi_person",0.341474263419224,31.0168968660798
173,"web|multi_factor|low|multi_person",-8.48940789465604,31.0168968660798
173,"web|two_factor|medium|multi_person",-8.9792856253581,31.0168968660798
173,"mobile|two_factor|low|one_to_one",-1.20530037323531,31.0168968660798
173,"web|two_factor|high|one_to_one",-7.96981552166609,31.0168968660798
173,"web|two_factor|low|one_to_one",-5.05582057608431,31.0168968660798
174,"web|simple|low|multi_person",-3.25191997245435,29.4899962879738
174,"mobile|two_factor|low|multi_person",-3.13304816862039,29.4899962879738
174,"web|two_factor|low|multi_person",-6.92734267438647,29.4899962879738
174,"mobile|multi_factor|low|multi_person",-4.70888743487548,29.4899962879738
174,"mobile|simple|medium|multi_person",-1.60087936408138,29.4899962879738
174,"mobile|multi_factor|medium|multi_person",-6.85214133226859,29.4899962879738
174,"web|multi_factor|medium|multi_person",-10.6464358380347,29.4899962879738
174,"mobile|simple|high|multi_person",-2.68695019993552,29.4899962879738
174,"web|simple|high|multi_person",-6.4812447057016,29.4899962879738
174,"mobile|two_factor|high|multi_person",-6.36237290186764,29.4899962879738
174,"mobile|multi_factor|high|multi_person",-7.93821216812273,29.4899962879738
174,"mobile|simple|low|one_to_one",2.44482379547425,29.4899962879738
174,"web|simple|low|one_to_one",-1.34947071029183,29.4899962879738
174,"mobile|multi_factor|low|one_to_one",-2.80643817271296,29.4899962879738
174,"web|multi_factor|low|one_to_one",-6.60073267847904,29.4899962879738
174,"mobile|simple|medium|one_to_one",0.301569898081135,29.4899962879738
174,"mobile|two_factor|medium|one_to_one",-3.37385280385099,29.4899962879738
174,"mobile|multi_factor|medium|one_to_one",-4.94969207010607,29.4899962879738
174,"web|multi_factor|medium|one_to_one",-8.74398657587215,29.4899962879738
174,"web|simple|high|one_to_one",-4.57879544353908,29.4899962879738
174,"mobile|two_factor|high|one_to_one",-4.45992363970513,29.4899962879738
174,"mobile|multi_factor|high|one_to_one",-6.03576290596021,29.4899962879738
174,"web|multi_factor|high|one_to_one",-9.83005741172629,29.4899962879738
174,"web|simple|medium|multi_person",-5.39517386984746,29.4899962879738
174,"mobile|two_factor|medium|multi_person",-5.2763020660135,29.4899962879738
174,"web|two_factor|high|multi_person",-10.1566674076337,29.4899962879738
174,"web|multi_factor|high|multi_person",-11.7325066738888,29.4899962879738
174,"web|simple|medium|one_to_one",-3.49272460768494,29.4899962879738
174,"web|two_factor|medium|one_to_one",-7.16814730961707,29.4899962879738
174,"mobile|simple|high|one_to_one",-0.784500937773003,29.4899962879738
174,"mobile|simple|low|multi_person",0.542374533311733,29.4899962879738
174,"web|multi_factor|low|multi_person",-8.50318194064156,29.4899962879738
174,"web|two_factor|medium|multi_person",-9.07059657177958,29.4899962879738
174,"mobile|two_factor|low|one_to_one",-1.23059890645788,29.4899962879738
174,"web|two_factor|high|one_to_one",-8.25421814547121,29.4899962879738
174,"web|two_factor|low|one_to_one",-5.02489341222396,29.4899962879738
175,"web|simple|low|multi_person",-4.77860557436275,17.7954118323105
175,"mobile|two_factor|low|multi_person",-6.40659536090488,17.7954118323105
175,"web|two_factor|low|multi_person",-10.236443960372,17.7954118323105
175,"mobile|multi_factor|low|multi_person",-8.03207747431822,17.7954118323105
175,"mobile|simple|medium|multi_person",-2.11310446232364,17.7954118323105
175,"mobile|multi_factor|medium|multi_person",-9.19642496174623,17.7954118323105
175,"web|multi_factor|medium|multi_person",-13.0262735612133,17.7954118323105
175,"mobile|simple|high|multi_person",-3.77465292763593,17.7954118323105
175,"web|simple|high|multi_person",-7.60450152710305,17.7954118323105
175,"mobile|two_factor|high|multi_person",-9.23249131364518,17.7954118323105
175,"mobile|multi_factor|high|multi_person",-10.8579734270585,17.7954118323105
175,"mobile|simple|low|one_to_one",0.248149357015469,17.7954118323105
175,"web|simple|low|one_to_one",-3.58169924245165,17.7954118323105
175,"mobile|multi_factor|low|one_to_one",-6.83517114240712,17.7954118323105
175,"web|multi_factor|low|one_to_one",-10.6650197418742,17.7954118323105
175,"mobile|simple|medium|one_to_one",-0.916198130412542,17.7954118323105
175,"mobile|two_factor|medium|one_to_one",-6.37403651642179,17.7954118323105
175,"mobile|multi_factor|medium|one_to_one",-7.99951862983513,17.7954118323105
175,"web|multi_factor|medium|one_to_one",-11.8293672293023,17.7954118323105
175,"web|simple|high|one_to_one",-6.40759519519195,17.7954118323105
175,"mobile|two_factor|high|one_to_one",-8.03558498173408,17.7954118323105
175,"mobile|multi_factor|high|one_to_one",-9.66106709514742,17.7954118323105
175,"web|multi_factor|high|one_to_one",-13.4909156946145,17.7954118323105
175,"web|simple|medium|multi_person",-5.94295306179076,17.7954118323105
175,"mobile|two_factor|medium|multi_person",-7.57094284833289,17.7954118323105
175,"web|two_factor|high|multi_person",-13.0623399131123,17.7954118323105
175,"web|multi_factor|high|multi_person",-14.6878220265256,17.7954118323105
175,"web|simple|medium|one_to_one",-4.74604672987966,17.7954118323105
175,"web|two_factor|medium|one_to_one",-10.2038851158889,17.7954118323105
175,"mobile|simple|high|one_to_one",-2.57774659572483,17.7954118323105
175,"mobile|simple|low|multi_person",-0.948756974895629,17.7954118323105
175,"web|multi_factor|low|multi_person",-11.8619260737853,17.7954118323105
175,"web|two_factor|medium|multi_person",-11.4007914478,17.7954118323105
175,"mobile|two_factor|low|one_to_one",-5.20968902899378,17.7954118323105
175,"web|two_factor|high|one_to_one",-11.8654335812012,17.7954118323105
175,"web|two_factor|low|one_to_one",-9.0395376284609,17.7954118323105
176,"web|simple|low|multi_person",-4.22627032074865,28.4645914648988
176,"mobile|two_factor|low|multi_person",-3.34060287562178,28.4645914648988
176,"web|two_factor|low|multi_person",-7.561483731737,28.4645914648988
176,"mobile|multi_factor|low|multi_person",-5.65508444906562,28.4645914648988
176,"mobile|simple|medium|multi_person",-1.6086491439479,28.4645914648988
176,"mobile|multi_factor|medium|multi_person",-7.25834412838009,28.4645914648988
176,"web|multi_factor|medium|multi_person",-11.4792249844953,28.4645914648988
176,"mobile|simple|high|multi_person",-3.08720524749924,28.4645914648988
176,"web|simple|high|multi_person",-7.30808610361446,28.4645914648988
176,"mobile|two_factor|high|multi_person",-6.42241865848759,28.4645914648988
176,"mobile|multi_factor|high|multi_person",-8.73690023193143,28.4645914648988
176,"mobile|simple|low|one_to_one",2.80056466923393,28.4645914648988
176,"web|simple|low|one_to_one",-1.42031618688129,28.4645914648988
176,"mobile|multi_factor|low|one_to_one",-2.84913031519826,28.4645914648988
176,"web|multi_factor|low|one_to_one",-7.07001117131348,28.4645914648988
176,"mobile|simple|medium|one_to_one",1.19730498991946,28.4645914648988
176,"mobile|two_factor|medium|one_to_one",-2.13790842106889,28.4645914648988
176,"mobile|multi_factor|medium|one_to_one",-4.45238999451273,28.4645914648988
176,"web|multi_factor|medium|one_to_one",-8.67327085062795,28.4645914648988
176,"web|simple|high|one_to_one",-4.5021319697471,28.4645914648988
176,"mobile|two_factor|high|one_to_one",-3.61646452462023,28.4645914648988
176,"mobile|multi_factor|high|one_to_one",-5.93094609806407,28.4645914648988
176,"web|multi_factor|high|one_to_one",-10.1518269541793,28.4645914648988
176,"web|simple|medium|multi_person",-5.82953000006312,28.4645914648988
176,"mobile|two_factor|medium|multi_person",-4.94386255493625,28.4645914648988
176,"web|two_factor|high|multi_person",-10.6432995146028,28.4645914648988
176,"web|multi_factor|high|multi_person",-12.9577810880466,28.4645914648988
176,"web|simple|medium|one_to_one",-3.02357586619576,28.4645914648988
176,"web|two_factor|medium|one_to_one",-6.35878927718411,28.4645914648988
176,"mobile|simple|high|one_to_one",-0.28125111363188,28.4645914648988
176,"mobile|simple|low|multi_person",-0.0053894646334296,28.4645914648988
176,"web|multi_factor|low|multi_person",-9.87596530518084,28.4645914648988
176,"web|two_factor|medium|multi_person",-9.16474341105146,28.4645914648988
176,"mobile|two_factor|low|one_to_one",-0.534648741754418,28.4645914648988
176,"web|two_factor|high|one_to_one",-7.83734538073545,28.4645914648988
176,"web|two_factor|low|one_to_one",-4.75552959786964,28.4645914648988
177,"web|simple|low|multi_person",-2.94559186709229,29.8925992182337
177,"mobile|two_factor|low|multi_person",-3.06293777246293,29.8925992182337
177,"web|two_factor|low|multi_person",-6.06722362854243,29.8925992182337
177,"mobile|multi_factor|low|multi_person",-4.82293583842132,29.8925992182337
177,"mobile|simple|medium|multi_person",-2.98596056409466,29.8925992182337
177,"mobile|multi_factor|medium|multi_person",-7.86759039150319,29.8925992182337
177,"web|multi_factor|medium|multi_person",-10.8718762475827,29.8925992182337
177,"mobile|simple|high|multi_person",-3.40871929557383,29.8925992182337
177,"web|simple|high|multi_person",-6.41300515165333,29.8925992182337
177,"mobile|two_factor|high|multi_person",-6.53035105702397,29.8925992182337
177,"mobile|multi_factor|high|multi_person",-8.29034912298236,29.8925992182337
177,"mobile|simple|low|one_to_one",2.07447604097171,29.8925992182337
177,"web|simple|low|one_to_one",-0.92980981510779,29.8925992182337
177,"mobile|multi_factor|low|one_to_one",-2.80715378643682,29.8925992182337
177,"web|multi_factor|low|one_to_one",-5.81143964251632,29.8925992182337
177,"mobile|simple|medium|one_to_one",-0.970178512110158,29.8925992182337
177,"mobile|two_factor|medium|one_to_one",-4.0918102735603,29.8925992182337
177,"mobile|multi_factor|medium|one_to_one",-5.85180833951869,29.8925992182337
177,"web|multi_factor|medium|one_to_one",-8.85609419559819,29.8925992182337
177,"web|simple|high|one_to_one",-4.39722309966883,29.8925992182337
177,"mobile|two_factor|high|one_to_one",-4.51456900503947,29.8925992182337
177,"mobile|multi_factor|high|one_to_one",-6.27456707099786,29.8925992182337
177,"web|multi_factor|high|one_to_one",-9.27885292707736,29.8925992182337
177,"web|simple|medium|multi_person",-5.99024642017416,29.8925992182337
177,"mobile|two_factor|medium|multi_person",-6.1075923255448,29.8925992182337
177,"web|two_factor|high|multi_person",-9.53463691310347,29.8925992182337
177,"web|multi_factor|high|multi_person",-11.2946349790619,29.8925992182337
177,"web|simple|medium|one_to_one",-3.97446436818966,29.8925992182337
177,"web|two_factor|medium|one_to_one",-7.0960961296398,29.8925992182337
177,"mobile|simple|high|one_to_one",-1.39293724358933,29.8925992182337
177,"mobile|simple|low|multi_person",0.0586939889872102,29.8925992182337
177,"web|multi_factor|low|multi_person",-7.82722169450082,29.8925992182337
177,"web|two_factor|medium|multi_person",-9.1118781816243,29.8925992182337
177,"mobile|two_factor|low|one_to_one",-1.04715572047843,29.8925992182337
177,"web|two_factor|high|one_to_one",-7.51885486111897,29.8925992182337
177,"web|two_factor|low|one_to_one",-4.05144157655793,29.8925992182337
178,"web|simple|low|multi_person",-2.97450258195823,34.037457085312
178,"mobile|two_factor|low|multi_person",-2.17469624037381,34.037457085312
178,"web|two_factor|low|multi_person",-5.49975662858083,34.037457085312
178,"mobile|multi_factor|low|multi_person",-3.11209125469177,34.037457085312
178,"mobile|simple|medium|multi_person",-2.17997955788365,34.037457085312
178,"mobile|multi_factor|medium|multi_person",-5.64262861882421,34.037457085312
178,"web|multi_factor|medium|multi_person",-8.96768900703123,34.037457085312
178,"mobile|simple|high|multi_person",-2.81392731811781,34.037457085312
178,"web|simple|high|multi_person",-6.13898770632483,34.037457085312
178,"mobile|two_factor|high|multi_person",-5.33918136474041,34.037457085312
178,"mobile|multi_factor|high|multi_person",-6.27657637905837,34.037457085312
178,"mobile|simple|low|one_to_one",2.33708701873841,34.037457085312
178,"web|simple|low|one_to_one",-0.987973369468606,34.037457085312
178,"mobile|multi_factor|low|one_to_one",-1.12556204220215,34.037457085312
178,"web|multi_factor|low|one_to_one",-4.45062243040917,34.037457085312
178,"mobile|simple|medium|one_to_one",-0.193450345394024,34.037457085312
178,"mobile|two_factor|medium|one_to_one",-2.71870439201662,34.037457085312
178,"mobile|multi_factor|medium|one_to_one",-3.65609940633458,34.037457085312
178,"web|multi_factor|medium|one_to_one",-6.9811597945416,34.037457085312
178,"web|simple|high|one_to_one",-4.15245849383521,34.037457085312
178,"mobile|two_factor|high|one_to_one",-3.35265215225078,34.037457085312
178,"mobile|multi_factor|high|one_to_one",-4.29004716656875,34.037457085312
178,"web|multi_factor|high|one_to_one",-7.61510755477577,34.037457085312
178,"web|simple|medium|multi_person",-5.50503994609067,34.037457085312
178,"mobile|two_factor|medium|multi_person",-4.70523360450624,34.037457085312
178,"web|two_factor|high|multi_person",-8.66424175294743,34.037457085312
178,"web|multi_factor|high|multi_person",-9.6016367672654,34.037457085312
178,"web|simple|medium|one_to_one",-3.51851073360104,34.037457085312
178,"web|two_factor|medium|one_to_one",-6.04376478022364,34.037457085312
178,"mobile|simple|high|one_to_one",-0.827398105628186,34.037457085312
178,"mobile|simple|low|multi_person",0.350557806248786,34.037457085312
178,"web|multi_factor|low|multi_person",-6.4371516428988,34.037457085312
178,"web|two_factor|medium|multi_person",-8.03029399271326,34.037457085312
178,"mobile|two_factor|low|one_to_one",-0.188167027884178,34.037457085312
178,"web|two_factor|high|one_to_one",-6.6777125404578,34.037457085312
178,"web|two_factor|low|one_to_one",-3.5132274160912,34.037457085312
179,"web|simple|low|multi_person",-3.95728120439685,28.3850484287592
179,"mobile|two_factor|low|multi_person",-3.40980044714013,28.3850484287592
179,"web|two_factor|low|multi_person",-7.64979643955312,28.3850484287592
179,"mobile|multi_factor|low|multi_person",-4.87622016326777,28.3850484287592
179,"mobile|simple|medium|multi_person",-1.9608397218683,28.3850484287592
179,"mobile|multi_factor|medium|multi_person",-7.11977467315222,28.3850484287592
179,"web|multi_factor|medium|multi_person",-11.3597706655652,28.3850484287592
179,"mobile|simple|high|multi_person",-2.44434387988624,28.3850484287592
179,"web|simple|high|multi_person",-6.68433987229924,28.3850484287592
179,"mobile|two_factor|high|multi_person",-6.13685911504252,28.3850484287592
179,"mobile|multi_factor|high|multi_person",-7.60327883117016,28.3850484287592
179,"mobile|simple|low|one_to_one",2.30253073123317,28.3850484287592
179,"web|simple|low|one_to_one",-1.93746526117983,28.3850484287592
179,"mobile|multi_factor|low|one_to_one",-2.85640422005075,28.3850484287592
179,"web|multi_factor|low|one_to_one",-7.09640021246375,28.3850484287592
179,"mobile|simple|medium|one_to_one",0.0589762213487188,28.3850484287592
179,"mobile|two_factor|medium|one_to_one",-3.63353901380756,28.3850484287592
179,"mobile|multi_factor|medium|one_to_one",-5.0999587299352,28.3850484287592
179,"web|multi_factor|medium|one_to_one",-9.3399547223482,28.3850484287592
179,"web|simple|high|one_to_one",-4.66452392908222,28.3850484287592
179,"mobile|two_factor|high|one_to_one",-4.1170431718255,28.3850484287592
179,"mobile|multi_factor|high|one_to_one",-5.58346288795314,28.3850484287592
179,"web|multi_factor|high|one_to_one",-9.82345888036614,28.3850484287592
179,"web|simple|medium|multi_person",-6.2008357142813,28.3850484287592
179,"mobile|two_factor|medium|multi_person",-5.65335495702458,28.3850484287592
179,"web|two_factor|high|multi_person",-10.3768551074555,28.3850484287592
179,"web|multi_factor|high|multi_person",-11.8432748235832,28.3850484287592
179,"web|simple|medium|one_to_one",-4.18101977106428,28.3850484287592
179,"web|two_factor|medium|one_to_one",-7.87353500622056,28.3850484287592
179,"mobile|simple|high|one_to_one",-0.42452793666922,28.3850484287592
179,"mobile|simple|low|multi_person",0.28271478801615,28.3850484287592
179,"web|multi_factor|low|multi_person",-9.11621615568077,28.3850484287592
179,"web|two_factor|medium|multi_person",-9.89335094943758,28.3850484287592
179,"mobile|two_factor|low|one_to_one",-1.38998450392311,28.3850484287592
179,"web|two_factor|high|one_to_one",-8.3570391642385,28.3850484287592
179,"web|two_factor|low|one_to_one",-5.6299804963361,28.3850484287592
180,"web|simple|low|multi_person",-4.69765581239452,29.4053876328275
180,"mobile|two_factor|low|multi_person",-4.5761249917784,29.4053876328275
180,"web|two_factor|low|multi_person",-7.8015487681009,29.4053876328275
180,"mobile|multi_factor|low|multi_person",-5.5773380961878,29.4053876328275
180,"mobile|simple|medium|multi_person",-1.60039166075472,29.4053876328275
180,"mobile|multi_factor|medium|multi_person",-5.7054977208705,29.4053876328275
180,"web|multi_factor|medium|multi_person",-8.930921497193,29.4053876328275
180,"mobile|simple|high|multi_person",-2.10664868686472,29.4053876328275
180,"web|simple|high|multi_person",-5.33207246318722,29.4053876328275
180,"mobile|two_factor|high|multi_person",-5.2105416425711,29.4053876328275
180,"mobile|multi_factor|high|multi_person",-6.2117547469805,29.4053876328275
180,"mobile|simple|low|one_to_one",-0.229518163421131,29.4053876328275
180,"web|simple|low|one_to_one",-3.45494193974363,29.4053876328275
180,"mobile|multi_factor|low|one_to_one",-4.33462422353691,29.4053876328275
180,"web|multi_factor|low|one_to_one",-7.56004799985941,29.4053876328275
180,"mobile|simple|medium|one_to_one",-0.357677788103834,29.4053876328275
180,"mobile|two_factor|medium|one_to_one",-3.46157074381022,29.4053876328275
180,"mobile|multi_factor|medium|one_to_one",-4.46278384821961,29.4053876328275
180,"web|multi_factor|medium|one_to_one",-7.68820762454211,29.4053876328275
180,"web|simple|high|one_to_one",-4.08935859053634,29.4053876328275
180,"mobile|two_factor|high|one_to_one",-3.96782776992022,29.4053876328275
180,"mobile|multi_factor|high|one_to_one",-4.96904087432962,29.4053876328275
180,"web|multi_factor|high|one_to_one",-8.19446465065212,29.4053876328275
180,"web|simple|medium|multi_person",-4.82581543707722,29.4053876328275
180,"mobile|two_factor|medium|multi_person",-4.7042846164611,29.4053876328275
180,"web|two_factor|high|multi_person",-8.4359654188936,29.4053876328275
180,"web|multi_factor|high|multi_person",-9.437178523303,29.4053876328275
180,"web|simple|medium|one_to_one",-3.58310156442633,29.4053876328275
180,"web|two_factor|medium|one_to_one",-6.68699452013272,29.4053876328275
180,"mobile|simple|high|one_to_one",-0.863934814213838,29.4053876328275
180,"mobile|simple|low|multi_person",-1.47223203607202,29.4053876328275
180,"web|multi_factor|low|multi_person",-8.8027618725103,29.4053876328275
180,"web|two_factor|medium|multi_person",-7.9297083927836,29.4053876328275
180,"mobile|two_factor|low|one_to_one",-3.33341111912751,29.4053876328275
180,"web|two_factor|high|one_to_one",-7.19325154624272,29.4053876328275
180,"web|two_factor|low|one_to_one",-6.55883489545001,29.4053876328275
181,"web|simple|low|multi_person",-3.79492035716378,25.9498268762169
181,"mobile|two_factor|low|multi_person",-3.88705769073663,25.9498268762169
181,"web|two_factor|low|multi_person",-8.38500091263621,25.9498268762169
181,"mobile|multi_factor|low|multi_person",-5.33375846736988,25.9498268762169
181,"mobile|simple|medium|multi_person",-1.96429547530771,25.9498268762169
181,"mobile|multi_factor|medium|multi_person",-8.00107680741339,25.9498268762169
181,"web|multi_factor|medium|multi_person",-12.499020029313,25.9498268762169
181,"mobile|simple|high|multi_person",-2.46117681021925,25.9498268762169
181,"web|simple|high|multi_person",-6.95912003211883,25.9498268762169
181,"mobile|two_factor|high|multi_person",-7.05125736569168,25.9498268762169
181,"mobile|multi_factor|high|multi_person",-8.49795814232493,25.9498268762169
181,"mobile|simple|low|one_to_one",2.84614320829102,25.9498268762169
181,"web|simple|low|one_to_one",-1.65180001360856,25.9498268762169
181,"mobile|multi_factor|low|one_to_one",-3.19063812381466,25.9498268762169
181,"web|multi_factor|low|one_to_one",-7.68858134571424,25.9498268762169
181,"mobile|simple|medium|one_to_one",0.178824868247508,25.9498268762169
181,"mobile|two_factor|medium|one_to_one",-4.41125568722492,25.9498268762169
181,"mobile|multi_factor|medium|one_to_one",-5.85795646385817,25.9498268762169
181,"web|multi_factor|medium|one_to_one",-10.3558996857578,25.9498268762169
181,"web|simple|high|one_to_one",-4.81599968856361,25.9498268762169
181,"mobile|two_factor|high|one_to_one",-4.90813702213646,25.9498268762169
181,"mobile|multi_factor|high|one_to_one",-6.35483779876971,25.9498268762169
181,"web|multi_factor|high|one_to_one",-10.8527810206693,25.9498268762169
181,"web|simple|medium|multi_person",-6.46223869720729,25.9498268762169
181,"mobile|two_factor|medium|multi_person",-6.55437603078014,25.9498268762169
181,"web|two_factor|high|multi_person",-11.5492005875913,25.9498268762169
181,"web|multi_factor|high|multi_person",-12.9959013642245,25.9498268762169
181,"web|simple|medium|one_to_one",-4.31911835365207,25.9498268762169
181,"web|two_factor|medium|one_to_one",-8.9091989091245,25.9498268762169
181,"mobile|simple|high|one_to_one",-0.31805646666403,25.9498268762169
181,"mobile|simple|low|multi_person",0.7030228647358,25.9498268762169
181,"web|multi_factor|low|multi_person",-9.83170168926946,25.9498268762169
181,"web|two_factor|medium|multi_person",-11.0523192526797,25.9498268762169
181,"mobile|two_factor|low|one_to_one",-1.74393734718141,25.9498268762169
181,"web|two_factor|high|one_to_one",-9.40608024403604,25.9498268762169
181,"web|two_factor|low|one_to_one",-6.24188056908099,25.9498268762169
183,"web|simple|low|multi_person",-3.50465254682833,31.4964563317081
183,"mobile|two_factor|low|multi_person",-3.51236584728716,31.4964563317081
183,"web|two_factor|low|multi_person",-6.97816993101204,31.4964563317081
183,"mobile|multi_factor|low|multi_person",-4.04342286652935,31.4964563317081
183,"mobile|simple|medium|multi_person",-2.89188082144252,31.4964563317081
183,"mobile|multi_factor|medium|multi_person",-6.89645522486842,31.4964563317081
183,"web|multi_factor|medium|multi_person",-10.3622593085933,31.4964563317081
183,"mobile|simple|high|multi_person",-3.49410876237729,31.4964563317081
183,"web|simple|high|multi_person",-6.95991284610217,31.4964563317081
183,"mobile|two_factor|high|multi_person",-6.967626146561,31.4964563317081
183,"mobile|multi_factor|high|multi_person",-7.49868316580319,31.4964563317081
183,"mobile|simple|low|one_to_one",2.76847363908725,31.4964563317081
183,"web|simple|low|one_to_one",-0.69733044463763,31.4964563317081
183,"mobile|multi_factor|low|one_to_one",-1.23610076433865,31.4964563317081
183,"web|multi_factor|low|one_to_one",-4.70190484806353,31.4964563317081
183,"mobile|simple|medium|one_to_one",-0.0845587192518202,31.4964563317081
183,"mobile|two_factor|medium|one_to_one",-3.55807610343553,31.4964563317081
183,"mobile|multi_factor|medium|one_to_one",-4.08913312267772,31.4964563317081
183,"web|multi_factor|medium|one_to_one",-7.5549372064026,31.4964563317081
183,"web|simple|high|one_to_one",-4.15259074391147,31.4964563317081
183,"mobile|two_factor|high|one_to_one",-4.1603040443703,31.4964563317081
183,"mobile|multi_factor|high|one_to_one",-4.69136106361249,31.4964563317081
183,"web|multi_factor|high|one_to_one",-8.15716514733737,31.4964563317081
183,"web|simple|medium|multi_person",-6.3576849051674,31.4964563317081
183,"mobile|two_factor|medium|multi_person",-6.36539820562623,31.4964563317081
183,"web|two_factor|high|multi_person",-10.4334302302859,31.4964563317081
183,"web|multi_factor|high|multi_person",-10.9644872495281,31.4964563317081
183,"web|simple|medium|one_to_one",-3.5503628029767,31.4964563317081
183,"web|two_factor|medium|one_to_one",-7.02388018716041,31.4964563317081
183,"mobile|simple|high|one_to_one",-0.68678666018659,31.4964563317081
183,"mobile|simple|low|multi_person",-0.0388484631034505,31.4964563317081
183,"web|multi_factor|low|multi_person",-7.50922695025423,31.4964563317081
183,"web|two_factor|medium|multi_person",-9.83120228935111,31.4964563317081
183,"mobile|two_factor|low|one_to_one",-0.705043745096462,31.4964563317081
183,"web|two_factor|high|one_to_one",-7.62610812809518,31.4964563317081
183,"web|two_factor|low|one_to_one",-4.17084782882134,31.4964563317081
184,"web|simple|low|multi_person",-4.18192537203273,18.9644509612613
184,"mobile|two_factor|low|multi_person",-5.64714787952345,18.9644509612613
184,"web|two_factor|low|multi_person",-10.8506714561753,18.9644509612613
184,"mobile|multi_factor|low|multi_person",-6.49920531355138,18.9644509612613
184,"mobile|simple|medium|multi_person",-1.52081066265587,18.9644509612613
184,"mobile|multi_factor|medium|multi_person",-9.04161418082643,18.9644509612613
184,"web|multi_factor|medium|multi_person",-14.2451377574783,18.9644509612613
184,"mobile|simple|high|multi_person",-2.0225321244449,18.9644509612613
184,"web|simple|high|multi_person",-7.2260557010968,18.9644509612613
184,"mobile|two_factor|high|multi_person",-8.69127820858753,18.9644509612613
184,"mobile|multi_factor|high|multi_person",-9.54333564261546,18.9644509612613
184,"mobile|simple|low|one_to_one",2.30151419065786,18.9644509612613
184,"web|simple|low|one_to_one",-2.90200938599404,18.9644509612613
184,"mobile|multi_factor|low|one_to_one",-5.2192893275127,18.9644509612613
184,"web|multi_factor|low|one_to_one",-10.4228129041646,18.9644509612613
184,"mobile|simple|medium|one_to_one",-0.240894676617179,18.9644509612613
184,"mobile|two_factor|medium|one_to_one",-6.9096407607598,18.9644509612613
184,"mobile|multi_factor|medium|one_to_one",-7.76169819478774,18.9644509612613
184,"web|multi_factor|medium|one_to_one",-12.9652217714396,18.9644509612613
184,"web|simple|high|one_to_one",-5.94613971505812,18.9644509612613
184,"mobile|two_factor|high|one_to_one",-7.41136222254884,18.9644509612613
184,"mobile|multi_factor|high|one_to_one",-8.26341965657678,18.9644509612613
184,"web|multi_factor|high|one_to_one",-13.4669432332287,18.9644509612613
184,"web|simple|medium|multi_person",-6.72433423930777,18.9644509612613
184,"mobile|two_factor|medium|multi_person",-8.18955674679849,18.9644509612613
184,"web|two_factor|high|multi_person",-13.8948017852394,18.9644509612613
184,"web|multi_factor|high|multi_person",-14.7468592192674,18.9644509612613
184,"web|simple|medium|one_to_one",-5.44441825326908,18.9644509612613
184,"web|two_factor|medium|one_to_one",-12.1131643374117,18.9644509612613
184,"mobile|simple|high|one_to_one",-0.742616138406215,18.9644509612613
184,"mobile|simple|low|multi_person",1.02159820461917,18.9644509612613
184,"web|multi_factor|low|multi_person",-11.7027288902033,18.9644509612613
184,"web|two_factor|medium|multi_person",-13.3930803234504,18.9644509612613
184,"mobile|two_factor|low|one_to_one",-4.36723189348476,18.9644509612613
184,"web|two_factor|high|one_to_one",-12.6148857992007,18.9644509612613
184,"web|two_factor|low|one_to_one",-9.57075547013666,18.9644509612613
186,"web|simple|low|multi_person",-2.31998231816636,31.6533407127244
186,"mobile|two_factor|low|multi_person",-2.77798626258353,31.6533407127244
186,"web|two_factor|low|multi_person",-5.96213441080995,31.6533407127244
186,"mobile|multi_factor|low|multi_person",-3.58190768504514,31.6533407127244
186,"mobile|simple|medium|multi_person",-2.03564937060409,31.6533407127244
186,"mobile|multi_factor|medium|multi_person",-6.48172288570929,31.6533407127244
186,"web|multi_factor|medium|multi_person",-9.66587103393571,31.6533407127244
186,"mobile|simple|high|multi_person",-3.27117194711833,31.6533407127244
186,"web|simple|high|multi_person",-6.45532009534475,31.6533407127244
186,"mobile|two_factor|high|multi_person",-6.91332403976192,31.6533407127244
186,"mobile|multi_factor|high|multi_person",-7.71724546222353,31.6533407127244
186,"mobile|simple|low|one_to_one",3.0153734767299,31.6533407127244
186,"web|simple|low|one_to_one",-0.16877467149652,31.6533407127244
186,"mobile|multi_factor|low|one_to_one",-1.4307000383753,31.6533407127244
186,"web|multi_factor|low|one_to_one",-4.61484818660172,31.6533407127244
186,"mobile|simple|medium|one_to_one",0.115558276065754,31.6533407127244
186,"mobile|two_factor|medium|one_to_one",-3.52659381657783,31.6533407127244
186,"mobile|multi_factor|medium|one_to_one",-4.33051523903945,31.6533407127244
186,"web|multi_factor|medium|one_to_one",-7.51466338726587,31.6533407127244
186,"web|simple|high|one_to_one",-4.30411244867491,31.6533407127244
186,"mobile|two_factor|high|one_to_one",-4.76211639309208,31.6533407127244
186,"mobile|multi_factor|high|one_to_one",-5.56603781555369,31.6533407127244
186,"web|multi_factor|high|one_to_one",-8.75018596378011,31.6533407127244
186,"web|simple|medium|multi_person",-5.21979751883051,31.6533407127244
186,"mobile|two_factor|medium|multi_person",-5.67780146324767,31.6533407127244
186,"web|two_factor|high|multi_person",-10.0974721879883,31.6533407127244
186,"web|multi_factor|high|multi_person",-10.90139361045,31.6533407127244
186,"web|simple|medium|one_to_one",-3.06858987216067,31.6533407127244
186,"web|two_factor|medium|one_to_one",-6.71074196480425,31.6533407127244
186,"mobile|simple|high|one_to_one",-1.11996430044849,31.6533407127244
186,"mobile|simple|low|multi_person",0.864165830060059,31.6533407127244
186,"web|multi_factor|low|multi_person",-6.76605583327156,31.6533407127244
186,"web|two_factor|medium|multi_person",-8.86194961147409,31.6533407127244
186,"mobile|two_factor|low|one_to_one",-0.626778615913686,31.6533407127244
186,"web|two_factor|high|one_to_one",-7.9462645413185,31.6533407127244
186,"web|two_factor|low|one_to_one",-3.81092676414011,31.6533407127244
187,"web|simple|low|multi_person",-3.96768226721819,24.3575162098414
187,"mobile|two_factor|low|multi_person",-4.27271517222271,24.3575162098414
187,"web|two_factor|low|multi_person",-9.04533039367151,24.3575162098414
187,"mobile|multi_factor|low|multi_person",-5.07349908108644,24.3575162098414
187,"mobile|simple|medium|multi_person",-1.86212201059426,24.3575162098414
187,"mobile|multi_factor|medium|multi_person",-7.74055404591131,24.3575162098414
187,"web|multi_factor|medium|multi_person",-12.5131692673601,24.3575162098414
187,"mobile|simple|high|multi_person",-2.08104260306629,24.3575162098414
187,"web|simple|high|multi_person",-6.85365782451509,24.3575162098414
187,"mobile|two_factor|high|multi_person",-7.15869072951961,24.3575162098414
187,"mobile|multi_factor|high|multi_person",-7.95947463838334,24.3575162098414
187,"mobile|simple|low|one_to_one",2.43867456679361,24.3575162098414
187,"web|simple|low|one_to_one",-2.33394065465519,24.3575162098414
187,"mobile|multi_factor|low|one_to_one",-3.43975746852344,24.3575162098414
187,"web|multi_factor|low|one_to_one",-8.21237268997224,24.3575162098414
187,"mobile|simple|medium|one_to_one",-0.228380398031253,24.3575162098414
187,"mobile|two_factor|medium|one_to_one",-5.30602852448457,24.3575162098414
187,"mobile|multi_factor|medium|one_to_one",-6.1068124333483,24.3575162098414
187,"web|multi_factor|medium|one_to_one",-10.8794276547971,24.3575162098414
187,"web|simple|high|one_to_one",-5.21991621195209,24.3575162098414
187,"mobile|two_factor|high|one_to_one",-5.52494911695661,24.3575162098414
187,"mobile|multi_factor|high|one_to_one",-6.32573302582034,24.3575162098414
187,"web|multi_factor|high|one_to_one",-11.0983482472691,24.3575162098414
187,"web|simple|medium|multi_person",-6.63473723204306,24.3575162098414
187,"mobile|two_factor|medium|multi_person",-6.93977013704758,24.3575162098414
187,"web|two_factor|high|multi_person",-11.9313059509684,24.3575162098414
187,"web|multi_factor|high|multi_person",-12.7320898598321,24.3575162098414
187,"web|simple|medium|one_to_one",-5.00099561948005,24.3575162098414
187,"web|two_factor|medium|one_to_one",-10.0786437459334,24.3575162098414
187,"mobile|simple|high|one_to_one",-0.447300990503286,24.3575162098414
187,"mobile|simple|low|multi_person",0.804932954230606,24.3575162098414
187,"web|multi_factor|low|multi_person",-9.84611430253524,24.3575162098414
187,"web|two_factor|medium|multi_person",-11.7123853584964,24.3575162098414
187,"mobile|two_factor|low|one_to_one",-2.63897355965971,24.3575162098414
187,"web|two_factor|high|one_to_one",-10.2975643384054,24.3575162098414
187,"web|two_factor|low|one_to_one",-7.41158878110851,24.3575162098414
188,"web|simple|low|multi_person",-4.74403166185711,14.8882752362244
188,"mobile|two_factor|low|multi_person",-6.20261021087425,14.8882752362244
188,"web|two_factor|low|multi_person",-10.6926539720821,14.8882752362244
188,"mobile|multi_factor|low|multi_person",-9.2283632293911,14.8882752362244
188,"mobile|simple|medium|multi_person",-1.83209479469715,14.8882752362244
188,"mobile|multi_factor|medium|multi_person",-10.806470123439,14.8882752362244
188,"web|multi_factor|medium|multi_person",-15.2965138846468,14.8882752362244
188,"mobile|simple|high|multi_person",-2.40019463867789,14.8882752362244
188,"web|simple|high|multi_person",-6.89023839988571,14.8882752362244
188,"mobile|two_factor|high|multi_person",-8.34881694890285,14.8882752362244
188,"mobile|multi_factor|high|multi_person",-11.3745699674197,14.8882752362244
188,"mobile|simple|low|one_to_one",0.297264825194254,14.8882752362244
188,"web|simple|low|one_to_one",-4.19277893601357,14.8882752362244
188,"mobile|multi_factor|low|one_to_one",-8.67711050354756,14.8882752362244
188,"web|multi_factor|low|one_to_one",-13.1671542647554,14.8882752362244
188,"mobile|simple|medium|one_to_one",-1.28084206885361,14.8882752362244
188,"mobile|two_factor|medium|one_to_one",-7.22946437907857,14.8882752362244
188,"mobile|multi_factor|medium|one_to_one",-10.2552173975954,14.8882752362244
188,"web|multi_factor|medium|one_to_one",-14.7452611588032,14.8882752362244
188,"web|simple|high|one_to_one",-6.33898567404217,14.8882752362244
188,"mobile|two_factor|high|one_to_one",-7.79756422305931,14.8882752362244
188,"mobile|multi_factor|high|one_to_one",-10.8233172415762,14.8882752362244
188,"web|multi_factor|high|one_to_one",-15.313361002784,14.8882752362244
188,"web|simple|medium|multi_person",-6.32213855590497,14.8882752362244
188,"mobile|two_factor|medium|multi_person",-7.78071710492211,14.8882752362244
188,"web|two_factor|high|multi_person",-12.8388607101107,14.8882752362244
188,"web|multi_factor|high|multi_person",-15.8646137286275,14.8882752362244
188,"web|simple|medium|one_to_one",-5.77088583006143,14.8882752362244
188,"web|two_factor|medium|one_to_one",-11.7195081402864,14.8882752362244
188,"mobile|simple|high|one_to_one",-1.84894191283435,14.8882752362244
188,"mobile|simple|low|multi_person",-0.253987900649293,14.8882752362244
188,"web|multi_factor|low|multi_person",-13.7184069905989,14.8882752362244
188,"web|two_factor|medium|multi_person",-12.2707608661299,14.8882752362244
188,"mobile|two_factor|low|one_to_one",-5.6513574850307,14.8882752362244
188,"web|two_factor|high|one_to_one",-12.2876079842671,14.8882752362244
188,"web|two_factor|low|one_to_one",-10.1414012462385,14.8882752362244
189,"web|simple|low|multi_person",-3.75409088947695,28.6933445269235
189,"mobile|two_factor|low|multi_person",-3.1720019728741,28.6933445269235
189,"web|two_factor|low|multi_person",-7.19333725311414,28.6933445269235
189,"mobile|multi_factor|low|multi_person",-4.82469783276229,28.6933445269235
189,"mobile|simple|medium|multi_person",-2.00126846865043,28.6933445269235
189,"mobile|multi_factor|medium|multi_person",-7.09321069217581,28.6933445269235
189,"web|multi_factor|medium|multi_person",-11.1145459724158,28.6933445269235
189,"mobile|simple|high|multi_person",-2.34889062195483,28.6933445269235
189,"web|simple|high|multi_person",-6.37022590219487,28.6933445269235
189,"mobile|two_factor|high|multi_person",-5.78813698559202,28.6933445269235
189,"mobile|multi_factor|high|multi_person",-7.4408328454802,28.6933445269235
189,"mobile|simple|low|one_to_one",1.99357778544491,28.6933445269235
189,"web|simple|low|one_to_one",-2.02775749479513,28.6933445269235
189,"mobile|multi_factor|low|one_to_one",-3.09836443808047,28.6933445269235
189,"web|multi_factor|low|one_to_one",-7.11969971832051,28.6933445269235
189,"mobile|simple|medium|one_to_one",-0.274935073968617,28.6933445269235
189,"mobile|two_factor|medium|one_to_one",-3.71418143760581,28.6933445269235
189,"mobile|multi_factor|medium|one_to_one",-5.366877297494,28.6933445269235
189,"web|multi_factor|medium|one_to_one",-9.38821257773404,28.6933445269235
189,"web|simple|high|one_to_one",-4.64389250751305,28.6933445269235
189,"mobile|two_factor|high|one_to_one",-4.06180359091021,28.6933445269235
189,"mobile|multi_factor|high|one_to_one",-5.71449945079839,28.6933445269235
189,"web|multi_factor|high|one_to_one",-9.73583473103843,28.6933445269235
189,"web|simple|medium|multi_person",-6.02260374889047,28.6933445269235
189,"mobile|two_factor|medium|multi_person",-5.44051483228762,28.6933445269235
189,"web|two_factor|high|multi_person",-9.80947226583206,28.6933445269235
189,"web|multi_factor|high|multi_person",-11.4621681257202,28.6933445269235
189,"web|simple|medium|one_to_one",-4.29627035420866,28.6933445269235
189,"web|two_factor|medium|one_to_one",-7.73551671784585,28.6933445269235
189,"mobile|simple|high|one_to_one",-0.622557227273013,28.6933445269235
189,"mobile|simple|low|multi_person",0.267244390763094,28.6933445269235
189,"web|multi_factor|low|multi_person",-8.84603311300233,28.6933445269235
189,"web|two_factor|medium|multi_person",-9.46185011252766,28.6933445269235
189,"mobile|two_factor|low|one_to_one",-1.44566857819229,28.6933445269235
189,"web|two_factor|high|one_to_one",-8.08313887115025,28.6933445269235
189,"web|two_factor|low|one_to_one",-5.46700385843233,28.6933445269235
190,"web|simple|low|multi_person",-4.25577507019739,32.2797001498738
190,"mobile|two_factor|low|multi_person",-3.10586820302438,32.2797001498738
190,"web|two_factor|low|multi_person",-6.99874260423542,32.2797001498738
190,"mobile|multi_factor|low|multi_person",-3.32419670552936,32.2797001498738
190,"mobile|simple|medium|multi_person",-2.69678303492113,32.2797001498738
190,"mobile|multi_factor|medium|multi_person",-5.65807907146414,32.2797001498738
190,"web|multi_factor|medium|multi_person",-9.55095347267518,32.2797001498738
190,"mobile|simple|high|multi_person",-2.4809549491264,32.2797001498738
190,"web|simple|high|multi_person",-6.37382935033744,32.2797001498738
190,"mobile|two_factor|high|multi_person",-5.22392248316442,32.2797001498738
190,"mobile|multi_factor|high|multi_person",-5.44225098566941,32.2797001498738
190,"mobile|simple|low|one_to_one",1.66522686624447,32.2797001498738
190,"web|simple|low|one_to_one",-2.22764753496657,32.2797001498738
190,"mobile|multi_factor|low|one_to_one",-1.29606917029854,32.2797001498738
190,"web|multi_factor|low|one_to_one",-5.18894357150958,32.2797001498738
190,"mobile|simple|medium|one_to_one",-0.668655499690308,32.2797001498738
190,"mobile|two_factor|medium|one_to_one",-3.41162303372833,32.2797001498738
190,"mobile|multi_factor|medium|one_to_one",-3.62995153623332,32.2797001498738
190,"web|multi_factor|medium|one_to_one",-7.52282593744436,32.2797001498738
190,"web|simple|high|one_to_one",-4.34570181510662,32.2797001498738
190,"mobile|two_factor|high|one_to_one",-3.1957949479336,32.2797001498738
190,"mobile|multi_factor|high|one_to_one",-3.41412345043859,32.2797001498738
190,"web|multi_factor|high|one_to_one",-7.30699785164963,32.2797001498738
190,"web|simple|medium|multi_person",-6.58965743613217,32.2797001498738
190,"mobile|two_factor|medium|multi_person",-5.43975056895915,32.2797001498738
190,"web|two_factor|high|multi_person",-9.11679688437546,32.2797001498738
190,"web|multi_factor|high|multi_person",-9.33512538688045,32.2797001498738
190,"web|simple|medium|one_to_one",-4.56152990090135,32.2797001498738
190,"web|two_factor|medium|one_to_one",-7.30449743493937,32.2797001498738
190,"mobile|simple|high|one_to_one",-0.452827413895577,32.2797001498738
190,"mobile|simple|low|multi_person",-0.362900668986351,32.2797001498738
190,"web|multi_factor|low|multi_person",-7.2170711067404,32.2797001498738
190,"web|two_factor|medium|multi_person",-9.33262497017019,32.2797001498738
190,"mobile|two_factor|low|one_to_one",-1.07774066779356,32.2797001498738
190,"web|two_factor|high|one_to_one",-7.08866934914464,32.2797001498738
190,"web|two_factor|low|one_to_one",-4.9706150690046,32.2797001498738
191,"web|simple|low|multi_person",-4.24550878639955,32.9613619410923
191,"mobile|two_factor|low|multi_person",-2.46503084798659,32.9613619410923
191,"web|two_factor|low|multi_person",-6.4243029987803,32.9613619410923
191,"mobile|multi_factor|low|multi_person",-3.55258561189163,32.9613619410923
191,"mobile|simple|medium|multi_person",-2.78989982139919,32.9613619410923
191,"mobile|multi_factor|medium|multi_person",-6.05624879768499,32.9613619410923
191,"web|multi_factor|medium|multi_person",-10.0155209484787,32.9613619410923
191,"mobile|simple|high|multi_person",-2.86539980862065,32.9613619410923
191,"web|simple|high|multi_person",-6.82467195941437,32.9613619410923
191,"mobile|two_factor|high|multi_person",-5.04419402100141,32.9613619410923
191,"mobile|multi_factor|high|multi_person",-6.13174878490645,32.9613619410923
191,"mobile|simple|low|one_to_one",2.35679019418847,32.9613619410923
191,"web|simple|low|one_to_one",-1.60248195660525,32.9613619410923
191,"mobile|multi_factor|low|one_to_one",-0.90955878209733,32.9613619410923
191,"web|multi_factor|low|one_to_one",-4.86883093289105,32.9613619410923
191,"mobile|simple|medium|one_to_one",-0.146872991604889,32.9613619410923
191,"mobile|two_factor|medium|one_to_one",-2.32566720398565,32.9613619410923
191,"mobile|multi_factor|medium|one_to_one",-3.41322196789069,32.9613619410923
191,"web|multi_factor|medium|one_to_one",-7.37249411868441,32.9613619410923
191,"web|simple|high|one_to_one",-4.18164512962007,32.9613619410923
191,"mobile|two_factor|high|one_to_one",-2.40116719120711,32.9613619410923
191,"mobile|multi_factor|high|one_to_one",-3.48872195511215,32.9613619410923
191,"web|multi_factor|high|one_to_one",-7.44799410590587,32.9613619410923
191,"web|simple|medium|multi_person",-6.74917197219291,32.9613619410923
191,"mobile|two_factor|medium|multi_person",-4.96869403377995,32.9613619410923
191,"web|two_factor|high|multi_person",-9.00346617179513,32.9613619410923
191,"web|multi_factor|high|multi_person",-10.0910209357002,32.9613619410923
191,"web|simple|medium|one_to_one",-4.10614514239861,32.9613619410923
191,"web|two_factor|medium|one_to_one",-6.28493935477937,32.9613619410923
191,"mobile|simple|high|one_to_one",-0.222372978826352,32.9613619410923
191,"mobile|simple|low|multi_person",-0.28623663560583,32.9613619410923
191,"web|multi_factor|low|multi_person",-7.51185776268535,32.9613619410923
191,"web|two_factor|medium|multi_person",-8.92796618457367,32.9613619410923
191,"mobile|two_factor|low|one_to_one",0.177995981807713,32.9613619410923
191,"web|two_factor|high|one_to_one",-6.36043934200083,32.9613619410923
191,"web|two_factor|low|one_to_one",-3.78127616898601,32.9613619410923
192,"web|simple|low|multi_person",-4.09000378742314,29.4805536218818
192,"mobile|two_factor|low|multi_person",-2.81945516140737,29.4805536218818
192,"web|two_factor|low|multi_person",-6.28360827757375,29.4805536218818
192,"mobile|multi_factor|low|multi_person",-4.8933057729021,29.4805536218818
192,"mobile|simple|medium|multi_person",-3.10401353894409,29.4805536218818
192,"mobile|multi_factor|medium|multi_person",-7.37146864058943,29.4805536218818
192,"web|multi_factor|medium|multi_person",-10.8356217567558,29.4805536218818
192,"mobile|simple|high|multi_person",-3.09493081939216,29.4805536218818
192,"web|simple|high|multi_person",-6.55908393555854,29.4805536218818
192,"mobile|two_factor|high|multi_person",-5.28853530954277,29.4805536218818
192,"mobile|multi_factor|high|multi_person",-7.3623859210375,29.4805536218818
192,"mobile|simple|low|one_to_one",1.2784096206798,29.4805536218818
192,"web|simple|low|one_to_one",-2.18574349548658,29.4805536218818
192,"mobile|multi_factor|low|one_to_one",-2.98904548096554,29.4805536218818
192,"web|multi_factor|low|one_to_one",-6.45319859713192,29.4805536218818
192,"mobile|simple|medium|one_to_one",-1.19975324700753,29.4805536218818
192,"mobile|two_factor|medium|one_to_one",-3.39335773715814,29.4805536218818
192,"mobile|multi_factor|medium|one_to_one",-5.46720834865287,29.4805536218818
192,"web|multi_factor|medium|one_to_one",-8.93136146481925,29.4805536218818
192,"web|simple|high|one_to_one",-4.65482364362198,29.4805536218818
192,"mobile|two_factor|high|one_to_one",-3.3842750176062,29.4805536218818
192,"mobile|multi_factor|high|one_to_one",-5.45812562910094,29.4805536218818
192,"web|multi_factor|high|one_to_one",-8.92227874526731,29.4805536218818
192,"web|simple|medium|multi_person",-6.56816665511047,29.4805536218818
192,"mobile|two_factor|medium|multi_person",-5.2976180290947,29.4805536218818
192,"web|two_factor|high|multi_person",-8.75268842570915,29.4805536218818
192,"web|multi_factor|high|multi_person",-10.8265390372039,29.4805536218818
192,"web|simple|medium|one_to_one",-4.66390636317391,29.4805536218818
192,"web|two_factor|medium|one_to_one",-6.85751085332451,29.4805536218818
192,"mobile|simple|high|one_to_one",-1.1906705274556,29.4805536218818
192,"mobile|simple|low|multi_person",-0.625850671256761,29.4805536218818
192,"web|multi_factor|low|multi_person",-8.35745888906848,29.4805536218818
192,"web|two_factor|medium|multi_person",-8.76177114526108,29.4805536218818
192,"mobile|two_factor|low|one_to_one",-0.915194869470807,29.4805536218818
192,"web|two_factor|high|one_to_one",-6.84842813377258,29.4805536218818
192,"web|two_factor|low|one_to_one",-4.37934798563719,29.4805536218818
194,"web|simple|low|multi_person",-6.65525395831155,13.0897333264375
194,"mobile|two_factor|low|multi_person",-5.7121830200228,13.0897333264375
194,"web|two_factor|low|multi_person",-11.082213026434,13.0897333264375
194,"mobile|multi_factor|low|multi_person",-9.8091057406873,13.0897333264375
194,"mobile|simple|medium|multi_person",-2.89472464930793,13.0897333264375
194,"mobile|multi_factor|medium|multi_person",-11.4186064380948,13.0897333264375
194,"web|multi_factor|medium|multi_person",-16.788636444506,13.0897333264375
194,"mobile|simple|high|multi_person",-3.03065623893283,13.0897333264375
194,"web|simple|high|multi_person",-8.40068624534399,13.0897333264375
194,"mobile|two_factor|high|multi_person",-7.45761530705525,13.0897333264375
194,"mobile|multi_factor|high|multi_person",-11.5545380277197,13.0897333264375
194,"mobile|simple|low|one_to_one",-0.126629602897415,13.0897333264375
194,"web|simple|low|one_to_one",-5.49665960930858,13.0897333264375
194,"mobile|multi_factor|low|one_to_one",-8.65051139168433,13.0897333264375
194,"web|multi_factor|low|one_to_one",-14.0205413980955,13.0897333264375
194,"mobile|simple|medium|one_to_one",-1.73613030030496,13.0897333264375
194,"mobile|two_factor|medium|one_to_one",-6.16308936842738,13.0897333264375
194,"mobile|multi_factor|medium|one_to_one",-10.2600120890919,13.0897333264375
194,"web|multi_factor|medium|one_to_one",-15.630042095503,13.0897333264375
194,"web|simple|high|one_to_one",-7.24209189634102,13.0897333264375
194,"mobile|two_factor|high|one_to_one",-6.29902095805227,13.0897333264375
194,"mobile|multi_factor|high|one_to_one",-10.3959436787168,13.0897333264375
194,"web|multi_factor|high|one_to_one",-15.7659736851279,13.0897333264375
194,"web|simple|medium|multi_person",-8.26475465571909,13.0897333264375
194,"mobile|two_factor|medium|multi_person",-7.32168371743035,13.0897333264375
194,"web|two_factor|high|multi_person",-12.8276453134664,13.0897333264375
194,"web|multi_factor|high|multi_person",-16.9245680341309,13.0897333264375
194,"web|simple|medium|one_to_one",-7.10616030671612,13.0897333264375
194,"web|two_factor|medium|one_to_one",-11.5331193748385,13.0897333264375
194,"mobile|simple|high|one_to_one",-1.87206188992986,13.0897333264375
194,"mobile|simple|low|multi_person",-1.28522395190039,13.0897333264375
194,"web|multi_factor|low|multi_person",-15.1791357470985,13.0897333264375
194,"web|two_factor|medium|multi_person",-12.6917137238415,13.0897333264375
194,"mobile|two_factor|low|one_to_one",-4.55358867101983,13.0897333264375
194,"web|two_factor|high|one_to_one",-11.6690509644634,13.0897333264375
194,"web|two_factor|low|one_to_one",-9.92361867743099,13.0897333264375
195,"web|simple|low|multi_person",-3.35997224026168,30.1503902595026
195,"mobile|two_factor|low|multi_person",-2.76090649840925,30.1503902595026
195,"web|two_factor|low|multi_person",-6.62290724353561,30.1503902595026
195,"mobile|multi_factor|low|multi_person",-4.35302921581128,30.1503902595026
195,"mobile|simple|medium|multi_person",-1.29375752929651,30.1503902595026
195,"mobile|multi_factor|medium|multi_person",-6.14881524997247,30.1503902595026
195,"web|multi_factor|medium|multi_person",-10.0108159950988,30.1503902595026
195,"mobile|simple|high|multi_person",-2.10243568828203,30.1503902595026
195,"web|simple|high|multi_person",-5.96443643340839,30.1503902595026
195,"mobile|two_factor|high|multi_person",-5.36537069155596,30.1503902595026
195,"mobile|multi_factor|high|multi_person",-6.95749340895799,30.1503902595026
195,"mobile|simple|low|one_to_one",2.2039373081092,30.1503902595026
195,"web|simple|low|one_to_one",-1.65806343701716,30.1503902595026
195,"mobile|multi_factor|low|one_to_one",-2.65112041256676,30.1503902595026
195,"web|multi_factor|low|one_to_one",-6.51312115769312,30.1503902595026
195,"mobile|simple|medium|one_to_one",0.408151273948019,30.1503902595026
195,"mobile|two_factor|medium|one_to_one",-2.8547837293259,30.1503902595026
195,"mobile|multi_factor|medium|one_to_one",-4.44690644672794,30.1503902595026
195,"web|multi_factor|medium|one_to_one",-8.3089071918543,30.1503902595026
195,"web|simple|high|one_to_one",-4.26252763016387,30.1503902595026
195,"mobile|two_factor|high|one_to_one",-3.66346188831143,30.1503902595026
195,"mobile|multi_factor|high|one_to_one",-5.25558460571347,30.1503902595026
195,"web|multi_factor|high|one_to_one",-9.11758535083983,30.1503902595026
195,"web|simple|medium|multi_person",-5.15575827442287,30.1503902595026
195,"mobile|two_factor|medium|multi_person",-4.55669253257043,30.1503902595026
195,"web|two_factor|high|multi_person",-9.22737143668232,30.1503902595026
195,"web|multi_factor|high|multi_person",-10.8194941540844,30.1503902595026
195,"web|simple|medium|one_to_one",-3.45384947117834,30.1503902595026
195,"web|two_factor|medium|one_to_one",-6.71678447445226,30.1503902595026
195,"mobile|simple|high|one_to_one",-0.400526885037506,30.1503902595026
195,"mobile|simple|low|multi_person",0.502028504864676,30.1503902595026
195,"web|multi_factor|low|multi_person",-8.21502996093765,30.1503902595026
195,"web|two_factor|medium|multi_person",-8.41869327769679,30.1503902595026
195,"mobile|two_factor|low|one_to_one",-1.05899769516472,30.1503902595026
195,"web|two_factor|high|one_to_one",-7.52546263343779,30.1503902595026
195,"web|two_factor|low|one_to_one",-4.92099844029108,30.1503902595026
196,"web|simple|low|multi_person",-3.93787417950611,25.4904994858192
196,"mobile|two_factor|low|multi_person",-4.41526054735709,25.4904994858192
196,"web|two_factor|low|multi_person",-8.46706318428941,25.4904994858192
196,"mobile|multi_factor|low|multi_person",-6.80714315640195,25.4904994858192
196,"mobile|simple|medium|multi_person",-1.70788160046598,25.4904994858192
196,"mobile|multi_factor|medium|multi_person",-8.62895321429414,25.4904994858192
196,"web|multi_factor|medium|multi_person",-12.6807558512265,25.4904994858192
196,"mobile|simple|high|multi_person",-2.27477806827144,25.4904994858192
196,"web|simple|high|multi_person",-6.32658070520376,25.4904994858192
196,"mobile|two_factor|high|multi_person",-6.80396707305474,25.4904994858192
196,"mobile|multi_factor|high|multi_person",-9.1958496820996,25.4904994858192
196,"mobile|simple|low|one_to_one",2.13738771650213,25.4904994858192
196,"web|simple|low|one_to_one",-1.91441492043019,25.4904994858192
196,"mobile|multi_factor|low|one_to_one",-4.78368389732603,25.4904994858192
196,"web|multi_factor|low|one_to_one",-8.83548653425835,25.4904994858192
196,"mobile|simple|medium|one_to_one",0.315577658609938,25.4904994858192
196,"mobile|two_factor|medium|one_to_one",-4.21361134617336,25.4904994858192
196,"mobile|multi_factor|medium|one_to_one",-6.60549395521822,25.4904994858192
196,"web|multi_factor|medium|one_to_one",-10.6572965921505,25.4904994858192
196,"web|simple|high|one_to_one",-4.30312144612784,25.4904994858192
196,"mobile|two_factor|high|one_to_one",-4.78050781397882,25.4904994858192
196,"mobile|multi_factor|high|one_to_one",-7.17239042302368,25.4904994858192
196,"web|multi_factor|high|one_to_one",-11.224193059956,25.4904994858192
196,"web|simple|medium|multi_person",-5.7596842373983,25.4904994858192
196,"mobile|two_factor|medium|multi_person",-6.23707060524928,25.4904994858192
196,"web|two_factor|high|multi_person",-10.8557697099871,25.4904994858192
196,"web|multi_factor|high|multi_person",-13.2476523190319,25.4904994858192
196,"web|simple|medium|one_to_one",-3.73622497832238,25.4904994858192
196,"web|two_factor|medium|one_to_one",-8.26541398310568,25.4904994858192
196,"mobile|simple|high|one_to_one",-0.251318809195519,25.4904994858192
196,"mobile|simple|low|multi_person",0.113928457426209,25.4904994858192
196,"web|multi_factor|low|multi_person",-10.8589457933343,25.4904994858192
196,"web|two_factor|medium|multi_person",-10.2888732421816,25.4904994858192
196,"mobile|two_factor|low|one_to_one",-2.39180128828117,25.4904994858192
196,"web|two_factor|high|one_to_one",-8.83231045091114,25.4904994858192
196,"web|two_factor|low|one_to_one",-6.44360392521349,25.4904994858192
197,"web|simple|low|multi_person",-4.2541237756181,22.8280568373704
197,"mobile|two_factor|low|multi_person",-4.83067312606896,22.8280568373704
197,"web|two_factor|low|multi_person",-9.30021844785678,22.8280568373704
197,"mobile|multi_factor|low|multi_person",-7.21563822551428,22.8280568373704
197,"mobile|simple|medium|multi_person",-1.09115957505688,22.8280568373704
197,"mobile|multi_factor|medium|multi_person",-8.52221934674088,22.8280568373704
197,"web|multi_factor|medium|multi_person",-12.9917646685287,22.8280568373704
197,"mobile|simple|high|multi_person",-2.26784937273444,22.8280568373704
197,"web|simple|high|multi_person",-6.73739469452226,22.8280568373704
197,"mobile|two_factor|high|multi_person",-7.31394404497312,22.8280568373704
197,"mobile|multi_factor|high|multi_person",-9.69890914441844,22.8280568373704
197,"mobile|simple|low|one_to_one",1.34109138180302,22.8280568373704
197,"web|simple|low|one_to_one",-3.1284539399848,22.8280568373704
197,"mobile|multi_factor|low|one_to_one",-6.08996838988098,22.8280568373704
197,"web|multi_factor|low|one_to_one",-10.5595137116688,22.8280568373704
197,"mobile|simple|medium|one_to_one",0.0345102605764112,22.8280568373704
197,"mobile|two_factor|medium|one_to_one",-5.01158441166227,22.8280568373704
197,"mobile|multi_factor|medium|one_to_one",-7.39654951110759,22.8280568373704
197,"web|multi_factor|medium|one_to_one",-11.8660948328954,22.8280568373704
197,"web|simple|high|one_to_one",-5.61172485888896,22.8280568373704
197,"mobile|two_factor|high|one_to_one",-6.18827420933983,22.8280568373704
197,"mobile|multi_factor|high|one_to_one",-8.57323930878514,22.8280568373704
197,"web|multi_factor|high|one_to_one",-13.042784630573,22.8280568373704
197,"web|simple|medium|multi_person",-5.5607048968447,22.8280568373704
197,"mobile|two_factor|medium|multi_person",-6.13725424729556,22.8280568373704
197,"web|two_factor|high|multi_person",-11.7834893667609,22.8280568373704
197,"web|multi_factor|high|multi_person",-14.1684544662063,22.8280568373704
197,"web|simple|medium|one_to_one",-4.43503506121141,22.8280568373704
197,"web|two_factor|medium|one_to_one",-9.48112973345009,22.8280568373704
197,"mobile|simple|high|one_to_one",-1.14217953710114,22.8280568373704
197,"mobile|simple|low|multi_person",0.215421546169722,22.8280568373704
197,"web|multi_factor|low|multi_person",-11.6851835473021,22.8280568373704
197,"web|two_factor|medium|multi_person",-10.6067995690834,22.8280568373704
197,"mobile|two_factor|low|one_to_one",-3.70500329043567,22.8280568373704
197,"web|two_factor|high|one_to_one",-10.6578195311276,22.8280568373704
197,"web|two_factor|low|one_to_one",-8.17454861222348,22.8280568373704
198,"web|simple|low|multi_person",-3.18153748063817,35.0292447194488
198,"mobile|two_factor|low|multi_person",-2.06497446221851,35.0292447194488
198,"web|two_factor|low|multi_person",-4.98952657769957,35.0292447194488
198,"mobile|multi_factor|low|multi_person",-3.67258394424961,35.0292447194488
198,"mobile|simple|medium|multi_person",-2.42783715700075,35.0292447194488
198,"mobile|multi_factor|medium|multi_person",-5.84343573609325,35.0292447194488
198,"web|multi_factor|medium|multi_person",-8.76798785157431,35.0292447194488
198,"mobile|simple|high|multi_person",-2.45380282689178,35.0292447194488
198,"web|simple|high|multi_person",-5.37835494237284,35.0292447194488
198,"mobile|two_factor|high|multi_person",-4.26179192395317,35.0292447194488
198,"mobile|multi_factor|high|multi_person",-5.86940140598428,35.0292447194488
198,"mobile|simple|low|one_to_one",1.87741601131971,35.0292447194488
198,"web|simple|low|one_to_one",-1.04713610416135,35.0292447194488
198,"mobile|multi_factor|low|one_to_one",-1.53818256777279,35.0292447194488
198,"web|multi_factor|low|one_to_one",-4.46273468325385,35.0292447194488
198,"mobile|simple|medium|one_to_one",-0.293435780523931,35.0292447194488
198,"mobile|two_factor|medium|one_to_one",-2.10142487758533,35.0292447194488
198,"mobile|multi_factor|medium|one_to_one",-3.70903435961643,35.0292447194488
198,"web|multi_factor|medium|one_to_one",-6.63358647509749,35.0292447194488
198,"web|simple|high|one_to_one",-3.24395356589602,35.0292447194488
198,"mobile|two_factor|high|one_to_one",-2.12739054747635,35.0292447194488
198,"mobile|multi_factor|high|one_to_one",-3.73500002950746,35.0292447194488
198,"web|multi_factor|high|one_to_one",-6.65955214498852,35.0292447194488
198,"web|simple|medium|multi_person",-5.35238927248181,35.0292447194488
198,"mobile|two_factor|medium|multi_person",-4.23582625406215,35.0292447194488
198,"web|two_factor|high|multi_person",-7.18634403943423,35.0292447194488
198,"web|multi_factor|high|multi_person",-8.79395352146534,35.0292447194488
198,"web|simple|medium|one_to_one",-3.21798789600499,35.0292447194488
198,"web|two_factor|medium|one_to_one",-5.02597699306639,35.0292447194488
198,"mobile|simple|high|one_to_one",-0.319401450414955,35.0292447194488
198,"mobile|simple|low|multi_person",-0.25698536515711,35.0292447194488
198,"web|multi_factor|low|multi_person",-6.59713605973067,35.0292447194488
198,"web|two_factor|medium|multi_person",-7.16037836954321,35.0292447194488
198,"mobile|two_factor|low|one_to_one",0.069426914258313,35.0292447194488
198,"web|two_factor|high|one_to_one",-5.05194266295741,35.0292447194488
198,"web|two_factor|low|one_to_one",-2.85512520122275,35.0292447194488
199,"web|simple|low|multi_person",-4.27176300056825,35.0023105853647
199,"mobile|two_factor|low|multi_person",-2.14713841330573,35.0023105853647
199,"web|two_factor|low|multi_person",-5.62939120653891,35.0023105853647
199,"mobile|multi_factor|low|multi_person",-2.79574460437166,35.0023105853647
199,"mobile|simple|medium|multi_person",-2.43497791614232,35.0023105853647
199,"mobile|multi_factor|medium|multi_person",-4.44121231317891,35.0023105853647
199,"web|multi_factor|medium|multi_person",-7.92346510641209,35.0023105853647
199,"mobile|simple|high|multi_person",-2.61321878078495,35.0023105853647
199,"web|simple|high|multi_person",-6.09547157401813,35.0023105853647
199,"mobile|two_factor|high|multi_person",-3.97084698675561,35.0023105853647
199,"mobile|multi_factor|high|multi_person",-4.61945317782154,35.0023105853647
199,"mobile|simple|low|one_to_one",1.61532482474057,35.0023105853647
199,"web|simple|low|one_to_one",-1.86692796849261,35.0023105853647
199,"mobile|multi_factor|low|one_to_one",-0.390909572296022,35.0023105853647
199,"web|multi_factor|low|one_to_one",-3.8731623655292,35.0023105853647
199,"mobile|simple|medium|one_to_one",-0.0301428840666778,35.0023105853647
199,"mobile|two_factor|medium|one_to_one",-1.38777109003734,35.0023105853647
199,"mobile|multi_factor|medium|one_to_one",-2.03637728110327,35.0023105853647
199,"web|multi_factor|medium|one_to_one",-5.51863007433645,35.0023105853647
199,"web|simple|high|one_to_one",-3.69063654194249,35.0023105853647
199,"mobile|two_factor|high|one_to_one",-1.56601195467997,35.0023105853647
199,"mobile|multi_factor|high|one_to_one",-2.2146181457459,35.0023105853647
199,"web|multi_factor|high|one_to_one",-5.69687093897908,35.0023105853647
199,"web|simple|medium|multi_person",-5.9172307093755,35.0023105853647
199,"mobile|two_factor|medium|multi_person",-3.79260612211298,35.0023105853647
199,"web|two_factor|high|multi_person",-7.45309977998879,35.0023105853647
199,"web|multi_factor|high|multi_person",-8.10170597105472,35.0023105853647
199,"web|simple|medium|one_to_one",-3.51239567729986,35.0023105853647
199,"web|two_factor|medium|one_to_one",-4.87002388327052,35.0023105853647
199,"mobile|simple|high|one_to_one",-0.208383748709312,35.0023105853647
199,"mobile|simple|low|multi_person",-0.78951020733507,35.0023105853647
199,"web|multi_factor|low|multi_person",-6.27799739760484,35.0023105853647
199,"web|two_factor|medium|multi_person",-7.27485891534616,35.0023105853647
199,"mobile|two_factor|low|one_to_one",0.257696618769912,35.0023105853647
199,"web|two_factor|high|one_to_one",-5.04826474791315,35.0023105853647
199,"web|two_factor|low|one_to_one",-3.22455617446327,35.0023105853647
200,"web|simple|low|multi_person",-5.42457613277257,25.4859703313172
200,"mobile|two_factor|low|multi_person",-3.44822517341421,25.4859703313172
200,"web|two_factor|low|multi_person",-8.44660284068997,25.4859703313172
200,"mobile|multi_factor|low|multi_person",-4.84119728894167,25.4859703313172
200,"mobile|simple|medium|multi_person",-0.912616550016138,25.4859703313172
200,"mobile|multi_factor|medium|multi_person",-5.327615373461,25.4859703313172
200,"web|multi_factor|medium|multi_person",-10.3259930407368,25.4859703313172
200,"mobile|simple|high|multi_person",-3.06793524324871,25.4859703313172
200,"web|simple|high|multi_person",-8.06631291052447,25.4859703313172
200,"mobile|two_factor|high|multi_person",-6.08996195116611,25.4859703313172
200,"mobile|multi_factor|high|multi_person",-7.48293406669357,25.4859703313172
200,"mobile|simple|low|one_to_one",0.727234602843913,25.4859703313172
200,"web|simple|low|one_to_one",-4.27114306443185,25.4859703313172
200,"mobile|multi_factor|low|one_to_one",-3.68776422060095,25.4859703313172
200,"web|multi_factor|low|one_to_one",-8.68614188787671,25.4859703313172
200,"mobile|simple|medium|one_to_one",0.240816518324587,25.4859703313172
200,"mobile|two_factor|medium|one_to_one",-2.78121018959281,25.4859703313172
200,"mobile|multi_factor|medium|one_to_one",-4.17418230512027,25.4859703313172
200,"web|multi_factor|medium|one_to_one",-9.17255997239603,25.4859703313172
200,"web|simple|high|one_to_one",-6.91287984218375,25.4859703313172
200,"mobile|two_factor|high|one_to_one",-4.93652888282539,25.4859703313172
200,"mobile|multi_factor|high|one_to_one",-6.32950099835285,25.4859703313172
200,"web|multi_factor|high|one_to_one",-11.3278786656286,25.4859703313172
200,"web|simple|medium|multi_person",-5.9109942172919,25.4859703313172
200,"mobile|two_factor|medium|multi_person",-3.93464325793354,25.4859703313172
200,"web|two_factor|high|multi_person",-11.0883396184419,25.4859703313172
200,"web|multi_factor|high|multi_person",-12.4813117339693,25.4859703313172
200,"web|simple|medium|one_to_one",-4.75756114895117,25.4859703313172
200,"web|two_factor|medium|one_to_one",-7.77958785686857,25.4859703313172
200,"mobile|simple|high|one_to_one",-1.91450217490799,25.4859703313172
200,"mobile|simple|low|multi_person",-0.426198465496813,25.4859703313172
200,"web|multi_factor|low|multi_person",-9.83957495621743,25.4859703313172
200,"web|two_factor|medium|multi_person",-8.9330209252093,25.4859703313172
200,"mobile|two_factor|low|one_to_one",-2.29479210507349,25.4859703313172
200,"web|two_factor|high|one_to_one",-9.93490655010114,25.4859703313172
200,"web|two_factor|low|one_to_one",-7.29316977234925,25.4859703313172
201,"web|simple|low|multi_person",-7.27568193427271,14.2940550021982
201,"mobile|two_factor|low|multi_person",-4.99600519010672,14.2940550021982
201,"web|two_factor|low|multi_person",-9.91168694802844,14.2940550021982
201,"mobile|multi_factor|low|multi_person",-6.68556029402226,14.2940550021982
201,"mobile|simple|medium|multi_person",-5.13178781946151,14.2940550021982
201,"mobile|multi_factor|medium|multi_person",-9.45734793713277,14.2940550021982
201,"web|multi_factor|medium|multi_person",-14.3730296950545,14.2940550021982
201,"mobile|simple|high|multi_person",-5.15145521562898,14.2940550021982
201,"web|simple|high|multi_person",-10.0671369735507,14.2940550021982
201,"mobile|two_factor|high|multi_person",-7.7874602293847,14.2940550021982
201,"mobile|multi_factor|high|multi_person",-9.47701533330024,14.2940550021982
201,"mobile|simple|low|one_to_one",-1.2179800569579,14.2940550021982
201,"web|simple|low|one_to_one",-6.13366181487962,14.2940550021982
201,"mobile|multi_factor|low|one_to_one",-5.54354017462916,14.2940550021982
201,"web|multi_factor|low|one_to_one",-10.4592219325509,14.2940550021982
201,"mobile|simple|medium|one_to_one",-3.98976770006842,14.2940550021982
201,"mobile|two_factor|medium|one_to_one",-6.62577271382414,14.2940550021982
201,"mobile|multi_factor|medium|one_to_one",-8.31532781773968,14.2940550021982
201,"web|multi_factor|medium|one_to_one",-13.2310095756614,14.2940550021982
201,"web|simple|high|one_to_one",-8.9251168541576,14.2940550021982
201,"mobile|two_factor|high|one_to_one",-6.6454401099916,14.2940550021982
201,"mobile|multi_factor|high|one_to_one",-8.33499521390715,14.2940550021982
201,"web|multi_factor|high|one_to_one",-13.2506769718289,14.2940550021982
201,"web|simple|medium|multi_person",-10.0474695773832,14.2940550021982
201,"mobile|two_factor|medium|multi_person",-7.76779283321723,14.2940550021982
201,"web|two_factor|high|multi_person",-12.7031419873064,14.2940550021982
201,"web|multi_factor|high|multi_person",-14.392697091222,14.2940550021982
201,"web|simple|medium|one_to_one",-8.90544945799014,14.2940550021982
201,"web|two_factor|medium|one_to_one",-11.5414544717459,14.2940550021982
201,"mobile|simple|high|one_to_one",-4.00943509623588,14.2940550021982
201,"mobile|simple|low|multi_person",-2.360000176351,14.2940550021982
201,"web|multi_factor|low|multi_person",-11.601242051944,14.2940550021982
201,"web|two_factor|medium|multi_person",-12.683474591139,14.2940550021982
201,"mobile|two_factor|low|one_to_one",-3.85398507071362,14.2940550021982
201,"web|two_factor|high|one_to_one",-11.5611218679133,14.2940550021982
201,"web|two_factor|low|one_to_one",-8.76966682863534,14.2940550021982
202,"web|simple|low|multi_person",-5.98733362246536,17.3825517834321
202,"mobile|two_factor|low|multi_person",-3.96150308999174,17.3825517834321
202,"web|two_factor|low|multi_person",-10.4209745482502,17.3825517834321
202,"mobile|multi_factor|low|multi_person",-6.33292926738663,17.3825517834321
202,"mobile|simple|medium|multi_person",-1.02393014870208,17.3825517834321
202,"mobile|multi_factor|medium|multi_person",-7.82899725188177,17.3825517834321
202,"web|multi_factor|medium|multi_person",-14.2884687101402,17.3825517834321
202,"mobile|simple|high|multi_person",-1.85103798673326,17.3825517834321
202,"web|simple|high|multi_person",-8.31050944499168,17.3825517834321
202,"mobile|two_factor|high|multi_person",-6.28467891251806,17.3825517834321
202,"mobile|multi_factor|high|multi_person",-8.65610508991295,17.3825517834321
202,"mobile|simple|low|one_to_one",0.385725136382479,17.3825517834321
202,"web|simple|low|one_to_one",-6.07374632187594,17.3825517834321
202,"mobile|multi_factor|low|one_to_one",-6.41934196679721,17.3825517834321
202,"web|multi_factor|low|one_to_one",-12.8788134250556,17.3825517834321
202,"mobile|simple|medium|one_to_one",-1.11034284811266,17.3825517834321
202,"mobile|two_factor|medium|one_to_one",-5.54398377389746,17.3825517834321
202,"mobile|multi_factor|medium|one_to_one",-7.91540995129235,17.3825517834321
202,"web|multi_factor|medium|one_to_one",-14.3748814095508,17.3825517834321
202,"web|simple|high|one_to_one",-8.39692214440226,17.3825517834321
202,"mobile|two_factor|high|one_to_one",-6.37109161192864,17.3825517834321
202,"mobile|multi_factor|high|one_to_one",-8.74251778932353,17.3825517834321
202,"web|multi_factor|high|one_to_one",-15.201989247582,17.3825517834321
202,"web|simple|medium|multi_person",-7.4834016069605,17.3825517834321
202,"mobile|two_factor|medium|multi_person",-5.45757107448688,17.3825517834321
202,"web|two_factor|high|multi_person",-12.7441503707765,17.3825517834321
202,"web|multi_factor|high|multi_person",-15.1155765481714,17.3825517834321
202,"web|simple|medium|one_to_one",-7.56981430637108,17.3825517834321
202,"web|two_factor|medium|one_to_one",-12.0034552321559,17.3825517834321
202,"mobile|simple|high|one_to_one",-1.93745068614384,17.3825517834321
202,"mobile|simple|low|multi_person",0.47213783579306,17.3825517834321
202,"web|multi_factor|low|multi_person",-12.792400725645,17.3825517834321
202,"web|two_factor|medium|multi_person",-11.9170425327453,17.3825517834321
202,"mobile|two_factor|low|one_to_one",-4.04791578940232,17.3825517834321
202,"web|two_factor|high|one_to_one",-12.8305630701871,17.3825517834321
202,"web|two_factor|low|one_to_one",-10.5073872476607,17.3825517834321
203,"web|simple|low|multi_person",-5.08362489314717,22.5231880095489
203,"mobile|two_factor|low|multi_person",-3.37509638591431,22.5231880095489
203,"web|two_factor|low|multi_person",-9.06128231676083,22.5231880095489
203,"mobile|multi_factor|low|multi_person",-4.14575342695519,22.5231880095489
203,"mobile|simple|medium|multi_person",-2.09194827109737,22.5231880095489
203,"mobile|multi_factor|medium|multi_person",-6.84026273575191,22.5231880095489
203,"web|multi_factor|medium|multi_person",-12.5264486665984,22.5231880095489
203,"mobile|simple|high|multi_person",-2.25968934672584,22.5231880095489
203,"web|simple|high|multi_person",-7.94587527757236,22.5231880095489
203,"mobile|two_factor|high|multi_person",-6.2373467703395,22.5231880095489
203,"mobile|multi_factor|high|multi_person",-7.00800381138038,22.5231880095489
203,"mobile|simple|low|one_to_one",1.24403502977271,22.5231880095489
203,"web|simple|low|one_to_one",-4.44215090107381,22.5231880095489
203,"mobile|multi_factor|low|one_to_one",-3.50427943488183,22.5231880095489
203,"web|multi_factor|low|one_to_one",-9.19046536572835,22.5231880095489
203,"mobile|simple|medium|one_to_one",-1.45047427902401,22.5231880095489
203,"mobile|two_factor|medium|one_to_one",-5.42813170263767,22.5231880095489
203,"mobile|multi_factor|medium|one_to_one",-6.19878874367855,22.5231880095489
203,"web|multi_factor|medium|one_to_one",-11.8849746745251,22.5231880095489
203,"web|simple|high|one_to_one",-7.304401285499,22.5231880095489
203,"mobile|two_factor|high|one_to_one",-5.59587277826614,22.5231880095489
203,"mobile|multi_factor|high|one_to_one",-6.36652981930702,22.5231880095489
203,"web|multi_factor|high|one_to_one",-12.0527157501535,22.5231880095489
203,"web|simple|medium|multi_person",-7.77813420194389,22.5231880095489
203,"mobile|two_factor|medium|multi_person",-6.06960569471103,22.5231880095489
203,"web|two_factor|high|multi_person",-11.923532701186,22.5231880095489
203,"web|multi_factor|high|multi_person",-12.6941897422269,22.5231880095489
203,"web|simple|medium|one_to_one",-7.13666020987053,22.5231880095489
203,"web|two_factor|medium|one_to_one",-11.1143176334842,22.5231880095489
203,"mobile|simple|high|one_to_one",-1.61821535465248,22.5231880095489
203,"mobile|simple|low|multi_person",0.602561037699347,22.5231880095489
203,"web|multi_factor|low|multi_person",-9.83193935780171,22.5231880095489
203,"web|two_factor|medium|multi_person",-11.7557916255576,22.5231880095489
203,"mobile|two_factor|low|one_to_one",-2.73362239384095,22.5231880095489
203,"web|two_factor|high|one_to_one",-11.2820587091127,22.5231880095489
203,"web|two_factor|low|one_to_one",-8.41980832468747,22.5231880095489
205,"web|simple|low|multi_person",-4.36125403054111,21.0715657229515
205,"mobile|two_factor|low|multi_person",-4.41878400406627,21.0715657229515
205,"web|two_factor|low|multi_person",-9.36495142110631,21.0715657229515
205,"mobile|multi_factor|low|multi_person",-7.16995603839241,21.0715657229515
205,"mobile|simple|medium|multi_person",-1.19277733067077,21.0715657229515
205,"mobile|multi_factor|medium|multi_person",-8.94764675556211,21.0715657229515
205,"web|multi_factor|medium|multi_person",-13.8938141726022,21.0715657229515
205,"mobile|simple|high|multi_person",-3.01447784489228,21.0715657229515
205,"web|simple|high|multi_person",-7.96064526193232,21.0715657229515
205,"mobile|two_factor|high|multi_person",-8.01817523545748,21.0715657229515
205,"mobile|multi_factor|high|multi_person",-10.7693472697836,21.0715657229515
205,"mobile|simple|low|one_to_one",2.34515170860987,21.0715657229515
205,"web|simple|low|one_to_one",-2.60101570843017,21.0715657229515
205,"mobile|multi_factor|low|one_to_one",-5.40971771628147,21.0715657229515
205,"web|multi_factor|low|one_to_one",-10.3558851333215,21.0715657229515
205,"mobile|simple|medium|one_to_one",0.567460991440172,21.0715657229515
205,"mobile|two_factor|medium|one_to_one",-4.43623639912502,21.0715657229515
205,"mobile|multi_factor|medium|one_to_one",-7.18740843345117,21.0715657229515
205,"web|multi_factor|medium|one_to_one",-12.1335758504912,21.0715657229515
205,"web|simple|high|one_to_one",-6.20040693982138,21.0715657229515
205,"mobile|two_factor|high|one_to_one",-6.25793691334653,21.0715657229515
205,"mobile|multi_factor|high|one_to_one",-9.00910894767268,21.0715657229515
205,"web|multi_factor|high|one_to_one",-13.9552763647127,21.0715657229515
205,"web|simple|medium|multi_person",-6.13894474771081,21.0715657229515
205,"mobile|two_factor|medium|multi_person",-6.19647472123597,21.0715657229515
205,"web|two_factor|high|multi_person",-12.9643426524975,21.0715657229515
205,"web|multi_factor|high|multi_person",-15.7155146868237,21.0715657229515
205,"web|simple|medium|one_to_one",-4.37870642559987,21.0715657229515
205,"web|two_factor|medium|one_to_one",-9.38240381616506,21.0715657229515
205,"mobile|simple|high|one_to_one",-1.25423952278134,21.0715657229515
205,"mobile|simple|low|multi_person",0.584913386498927,21.0715657229515
205,"web|multi_factor|low|multi_person",-12.1161234554325,21.0715657229515
205,"web|two_factor|medium|multi_person",-11.142642138276,21.0715657229515
205,"mobile|two_factor|low|one_to_one",-2.65854568195532,21.0715657229515
205,"web|two_factor|high|one_to_one",-11.2041043303866,21.0715657229515
205,"web|two_factor|low|one_to_one",-7.60471309899536,21.0715657229515
206,"web|simple|low|multi_person",-2.46584321497455,31.6069446729894
206,"mobile|two_factor|low|multi_person",-2.4239796922088,31.6069446729894
206,"web|two_factor|low|multi_person",-5.55533178274406,31.6069446729894
206,"mobile|multi_factor|low|multi_person",-4.1767972008061,31.6069446729894
206,"mobile|simple|medium|multi_person",-1.39983255923378,31.6069446729894
206,"mobile|multi_factor|medium|multi_person",-6.2421386356006,31.6069446729894
206,"web|multi_factor|medium|multi_person",-9.37349072613586,31.6069446729894
206,"mobile|simple|high|multi_person",-2.88285790768255,31.6069446729894
206,"web|simple|high|multi_person",-6.01420999821782,31.6069446729894
206,"mobile|two_factor|high|multi_person",-5.97234647545206,31.6069446729894
206,"mobile|multi_factor|high|multi_person",-7.72516398404936,31.6069446729894
206,"mobile|simple|low|one_to_one",2.15598360788046,31.6069446729894
206,"web|simple|low|one_to_one",-0.975368482654805,31.6069446729894
206,"mobile|multi_factor|low|one_to_one",-2.68632246848635,31.6069446729894
206,"web|multi_factor|low|one_to_one",-5.81767455902162,31.6069446729894
206,"mobile|simple|medium|one_to_one",0.090642173085965,31.6069446729894
206,"mobile|two_factor|medium|one_to_one",-2.99884639468354,31.6069446729894
206,"mobile|multi_factor|medium|one_to_one",-4.75166390328084,31.6069446729894
206,"web|multi_factor|medium|one_to_one",-7.8830159938161,31.6069446729894
206,"web|simple|high|one_to_one",-4.52373526589806,31.6069446729894
206,"mobile|two_factor|high|one_to_one",-4.48187174313231,31.6069446729894
206,"mobile|multi_factor|high|one_to_one",-6.23468925172961,31.6069446729894
206,"web|multi_factor|high|one_to_one",-9.36604134226488,31.6069446729894
206,"web|simple|medium|multi_person",-4.53118464976904,31.6069446729894
206,"mobile|two_factor|medium|multi_person",-4.48932112700329,31.6069446729894
206,"web|two_factor|high|multi_person",-9.10369856598732,31.6069446729894
206,"web|multi_factor|high|multi_person",-10.8565160745846,31.6069446729894
206,"web|simple|medium|one_to_one",-3.0407099174493,31.6069446729894
206,"web|two_factor|medium|one_to_one",-6.1301984852188,31.6069446729894
206,"mobile|simple|high|one_to_one",-1.3923831753628,31.6069446729894
206,"mobile|simple|low|multi_person",0.665508875560705,31.6069446729894
206,"web|multi_factor|low|multi_person",-7.30814929134137,31.6069446729894
206,"web|two_factor|medium|multi_person",-7.62067321753855,31.6069446729894
206,"mobile|two_factor|low|one_to_one",-0.933504959889049,31.6069446729894
206,"web|two_factor|high|one_to_one",-7.61322383366757,31.6069446729894
206,"web|two_factor|low|one_to_one",-4.06485705042431,31.6069446729894
207,"web|simple|low|multi_person",-5.48860768788892,18.0487133133472
207,"mobile|two_factor|low|multi_person",-5.55532252079655,18.0487133133472
207,"web|two_factor|low|multi_person",-10.8096842383365,18.0487133133472
207,"mobile|multi_factor|low|multi_person",-7.99287467556988,18.0487133133472
207,"mobile|simple|medium|multi_person",-2.72737969158258,18.0487133133472
207,"mobile|multi_factor|medium|multi_person",-10.4860083968035,18.0487133133472
207,"web|multi_factor|medium|multi_person",-15.7403701143435,18.0487133133472
207,"mobile|simple|high|multi_person",-2.08630934370686,18.0487133133472
207,"web|simple|high|multi_person",-7.34067106124682,18.0487133133472
207,"mobile|two_factor|high|multi_person",-7.40738589415446,18.0487133133472
207,"mobile|multi_factor|high|multi_person",-9.84493804892779,18.0487133133472
207,"mobile|simple|low|one_to_one",1.30388771244503,18.0487133133472
207,"web|simple|low|one_to_one",-3.95047400509493,18.0487133133472
207,"mobile|multi_factor|low|one_to_one",-6.4547409927759,18.0487133133472
207,"web|multi_factor|low|one_to_one",-11.7091027103159,18.0487133133472
207,"mobile|simple|medium|one_to_one",-1.18924600878859,18.0487133133472
207,"mobile|two_factor|medium|one_to_one",-6.51032255923618,18.0487133133472
207,"mobile|multi_factor|medium|one_to_one",-8.94787471400952,18.0487133133472
207,"web|multi_factor|medium|one_to_one",-14.2022364315495,18.0487133133472
207,"web|simple|high|one_to_one",-5.80253737845283,18.0487133133472
207,"mobile|two_factor|high|one_to_one",-5.86925221136047,18.0487133133472
207,"mobile|multi_factor|high|one_to_one",-8.3068043661338,18.0487133133472
207,"web|multi_factor|high|one_to_one",-13.5611660836738,18.0487133133472
207,"web|simple|medium|multi_person",-7.98174140912254,18.0487133133472
207,"mobile|two_factor|medium|multi_person",-8.04845624203017,18.0487133133472
207,"web|two_factor|high|multi_person",-12.6617476116944,18.0487133133472
207,"web|multi_factor|high|multi_person",-15.0992997664678,18.0487133133472
207,"web|simple|medium|one_to_one",-6.44360772632855,18.0487133133472
207,"web|two_factor|medium|one_to_one",-11.7646842767761,18.0487133133472
207,"mobile|simple|high|one_to_one",-0.548175660912875,18.0487133133472
207,"mobile|simple|low|multi_person",-0.234245970348956,18.0487133133472
207,"web|multi_factor|low|multi_person",-13.2472363931098,18.0487133133472
207,"web|two_factor|medium|multi_person",-13.3028179595701,18.0487133133472
207,"mobile|two_factor|low|one_to_one",-4.01718883800256,18.0487133133472
207,"web|two_factor|high|one_to_one",-11.1236139289004,18.0487133133472
207,"web|two_factor|low|one_to_one",-9.27155055554252,18.0487133133472
208,"web|simple|low|multi_person",-6.75370413026216,26.1044470658032
208,"mobile|two_factor|low|multi_person",-4.9445561318183,26.1044470658032
208,"web|two_factor|low|multi_person",-9.23753080307078,26.1044470658032
208,"mobile|multi_factor|low|multi_person",-3.47012242257074,26.1044470658032
208,"mobile|simple|medium|multi_person",-4.94919699646407,26.1044470658032
208,"mobile|multi_factor|medium|multi_person",-5.95858996002514,26.1044470658032
208,"web|multi_factor|medium|multi_person",-10.2515646312776,26.1044470658032
208,"mobile|simple|high|multi_person",-5.07638768055001,26.1044470658032
208,"web|simple|high|multi_person",-9.36936235180249,26.1044470658032
208,"mobile|two_factor|high|multi_person",-7.56021435335863,26.1044470658032
208,"mobile|multi_factor|high|multi_person",-6.08578064411107,26.1044470658032
208,"mobile|simple|low|one_to_one",0.355603216465641,26.1044470658032
208,"web|simple|low|one_to_one",-3.93737145478684,26.1044470658032
208,"mobile|multi_factor|low|one_to_one",-0.653789747095421,26.1044470658032
208,"web|multi_factor|low|one_to_one",-4.9467644183479,26.1044470658032
208,"mobile|simple|medium|one_to_one",-2.13286432098875,26.1044470658032
208,"mobile|two_factor|medium|one_to_one",-4.61669099379737,26.1044470658032
208,"mobile|multi_factor|medium|one_to_one",-3.14225728454982,26.1044470658032
208,"web|multi_factor|medium|one_to_one",-7.4352319558023,26.1044470658032
208,"web|simple|high|one_to_one",-6.55302967632717,26.1044470658032
208,"mobile|two_factor|high|one_to_one",-4.74388167788331,26.1044470658032
208,"mobile|multi_factor|high|one_to_one",-3.26944796863575,26.1044470658032
208,"web|multi_factor|high|one_to_one",-7.56242263988823,26.1044470658032
208,"web|simple|medium|multi_person",-9.24217166771656,26.1044470658032
208,"mobile|two_factor|medium|multi_person",-7.4330236692727,26.1044470658032
208,"web|two_factor|high|multi_person",-11.8531890246111,26.1044470658032
208,"web|multi_factor|high|multi_person",-10.3787553153636,26.1044470658032
208,"web|simple|medium|one_to_one",-6.42583899224124,26.1044470658032
208,"web|two_factor|medium|one_to_one",-8.90966566504986,26.1044470658032
208,"mobile|simple|high|one_to_one",-2.26005500507469,26.1044470658032
208,"mobile|simple|low|multi_person",-2.46072945900968,26.1044470658032
208,"web|multi_factor|low|multi_person",-7.76309709382322,26.1044470658032
208,"web|two_factor|medium|multi_person",-11.7259983405252,26.1044470658032
208,"mobile|two_factor|low|one_to_one",-2.12822345634298,26.1044470658032
208,"web|two_factor|high|one_to_one",-9.03685634913579,26.1044470658032
208,"web|two_factor|low|one_to_one",-6.42119812759546,26.1044470658032
209,"web|simple|low|multi_person",-4.14520578702378,24.5402845407968
209,"mobile|two_factor|low|multi_person",-3.7999432434791,24.5402845407968
209,"web|two_factor|low|multi_person",-8.15381161023312,24.5402845407968
209,"mobile|multi_factor|low|multi_person",-6.68538477360725,24.5402845407968
209,"mobile|simple|medium|multi_person",-1.56164920229477,24.5402845407968
209,"mobile|multi_factor|medium|multi_person",-8.45569655563226,24.5402845407968
209,"web|multi_factor|medium|multi_person",-12.8095649223863,24.5402845407968
209,"mobile|simple|high|multi_person",-1.98467289330693,24.5402845407968
209,"web|simple|high|multi_person",-6.33854126006095,24.5402845407968
209,"mobile|two_factor|high|multi_person",-5.99327871651626,24.5402845407968
209,"mobile|multi_factor|high|multi_person",-8.87872024664442,24.5402845407968
209,"mobile|simple|low|one_to_one",1.02031353701362,24.5402845407968
209,"web|simple|low|one_to_one",-3.3335548297404,24.5402845407968
209,"mobile|multi_factor|low|one_to_one",-5.87373381632387,24.5402845407968
209,"web|multi_factor|low|one_to_one",-10.2276021830779,24.5402845407968
209,"mobile|simple|medium|one_to_one",-0.749998245011382,24.5402845407968
209,"mobile|two_factor|medium|one_to_one",-4.75860406822072,24.5402845407968
209,"mobile|multi_factor|medium|one_to_one",-7.64404559834887,24.5402845407968
209,"web|multi_factor|medium|one_to_one",-11.9979139651029,24.5402845407968
209,"web|simple|high|one_to_one",-5.52689030277756,24.5402845407968
209,"mobile|two_factor|high|one_to_one",-5.18162775923287,24.5402845407968
209,"mobile|multi_factor|high|one_to_one",-8.06706928936103,24.5402845407968
209,"web|multi_factor|high|one_to_one",-12.420937656115,24.5402845407968
209,"web|simple|medium|multi_person",-5.91551756904879,24.5402845407968
209,"mobile|two_factor|medium|multi_person",-5.5702550255041,24.5402845407968
209,"web|two_factor|high|multi_person",-10.3471470832703,24.5402845407968
209,"web|multi_factor|high|multi_person",-13.2325886133984,24.5402845407968
209,"web|simple|medium|one_to_one",-5.1038666117654,24.5402845407968
209,"web|two_factor|medium|one_to_one",-9.11247243497474,24.5402845407968
209,"mobile|simple|high|one_to_one",-1.17302193602354,24.5402845407968
209,"mobile|simple|low|multi_person",0.208662579730237,24.5402845407968
209,"web|multi_factor|low|multi_person",-11.0392531403613,24.5402845407968
209,"web|two_factor|medium|multi_person",-9.92412339225812,24.5402845407968
209,"mobile|two_factor|low|one_to_one",-2.98829228619571,24.5402845407968
209,"web|two_factor|high|one_to_one",-9.5354961259869,24.5402845407968
209,"web|two_factor|low|one_to_one",-7.34216065294973,24.5402845407968
210,"web|simple|low|multi_person",-3.91146668553603,29.0874361194367
210,"mobile|two_factor|low|multi_person",-4.14508984593188,29.0874361194367
210,"web|two_factor|low|multi_person",-5.84386511022051,29.0874361194367
210,"mobile|multi_factor|low|multi_person",-5.20480745033976,29.0874361194367
210,"mobile|simple|medium|multi_person",-6.20360652931222,29.0874361194367
210,"mobile|multi_factor|medium|multi_person",-9.19572255840458,29.0874361194367
210,"web|multi_factor|medium|multi_person",-10.8944978226932,29.0874361194367
210,"mobile|simple|high|multi_person",-5.84330301921157,29.0874361194367
210,"web|simple|high|multi_person",-7.5420782835002,29.0874361194367
210,"mobile|two_factor|high|multi_person",-7.77570144389605,29.0874361194367
210,"mobile|multi_factor|high|multi_person",-8.83541904830393,29.0874361194367
210,"mobile|simple|low|one_to_one",1.24798487711361,29.0874361194367
210,"web|simple|low|one_to_one",-0.450790387175025,29.0874361194367
210,"mobile|multi_factor|low|one_to_one",-1.74413115197876,29.0874361194367
210,"web|multi_factor|low|one_to_one",-3.44290641626738,29.0874361194367
210,"mobile|simple|medium|one_to_one",-2.74293023095123,29.0874361194367
210,"mobile|two_factor|medium|one_to_one",-4.67532865563571,29.0874361194367
210,"mobile|multi_factor|medium|one_to_one",-5.73504626004359,29.0874361194367
210,"web|multi_factor|medium|one_to_one",-7.43382152433221,29.0874361194367
210,"web|simple|high|one_to_one",-4.0814019851392,29.0874361194367
210,"mobile|two_factor|high|one_to_one",-4.31502514553505,29.0874361194367
210,"mobile|multi_factor|high|one_to_one",-5.37474274994293,29.0874361194367
210,"web|multi_factor|high|one_to_one",-7.07351801423155,29.0874361194367
210,"web|simple|medium|multi_person",-7.90238179360085,29.0874361194367
210,"mobile|two_factor|medium|multi_person",-8.13600495399671,29.0874361194367
210,"web|two_factor|high|multi_person",-9.47447670818468,29.0874361194367
210,"web|multi_factor|high|multi_person",-10.5341943125926,29.0874361194367
210,"web|simple|medium|one_to_one",-4.44170549523986,29.0874361194367
210,"web|two_factor|medium|one_to_one",-6.37410391992434,29.0874361194367
210,"mobile|simple|high|one_to_one",-2.38262672085057,29.0874361194367
210,"mobile|simple|low|multi_person",-2.2126914212474,29.0874361194367
210,"web|multi_factor|low|multi_person",-6.90358271462839,29.0874361194367
210,"web|two_factor|medium|multi_person",-9.83478021828534,29.0874361194367
210,"mobile|two_factor|low|one_to_one",-0.684413547570884,29.0874361194367
210,"web|two_factor|high|one_to_one",-6.01380040982368,29.0874361194367
210,"web|two_factor|low|one_to_one",-2.38318881185951,29.0874361194367
211,"web|simple|low|multi_person",-5.15161567210922,27.6033124130643
211,"mobile|two_factor|low|multi_person",-2.24736409838107,27.6033124130643
211,"web|two_factor|low|multi_person",-6.27286740930941,27.6033124130643
211,"mobile|multi_factor|low|multi_person",-4.17193875131588,27.6033124130643
211,"mobile|simple|medium|multi_person",-3.37872076770533,27.6033124130643
211,"mobile|multi_factor|medium|multi_person",-6.42454715784033,27.6033124130643
211,"web|multi_factor|medium|multi_person",-10.4500504687687,27.6033124130643
211,"mobile|simple|high|multi_person",-2.54614488830817,27.6033124130643
211,"web|simple|high|multi_person",-6.5716481992365,27.6033124130643
211,"mobile|two_factor|high|multi_person",-3.66739662550835,27.6033124130643
211,"mobile|multi_factor|high|multi_person",-5.59197127844317,27.6033124130643
211,"mobile|simple|low|one_to_one",-0.707905222410261,27.6033124130643
211,"web|simple|low|one_to_one",-4.7334085333386,27.6033124130643
211,"mobile|multi_factor|low|one_to_one",-3.75373161254526,27.6033124130643
211,"web|multi_factor|low|one_to_one",-7.7792349234736,27.6033124130643
211,"mobile|simple|medium|one_to_one",-2.96051362893471,27.6033124130643
211,"mobile|two_factor|medium|one_to_one",-4.0817653661349,27.6033124130643
211,"mobile|multi_factor|medium|one_to_one",-6.00634001906971,27.6033124130643
211,"web|multi_factor|medium|one_to_one",-10.031843329998,27.6033124130643
211,"web|simple|high|one_to_one",-6.15344106046589,27.6033124130643
211,"mobile|two_factor|high|one_to_one",-3.24918948673773,27.6033124130643
211,"mobile|multi_factor|high|one_to_one",-5.17376413967255,27.6033124130643
211,"web|multi_factor|high|one_to_one",-9.19926745060089,27.6033124130643
211,"web|simple|medium|multi_person",-7.40422407863367,27.6033124130643
211,"mobile|two_factor|medium|multi_person",-4.49997250490552,27.6033124130643
211,"web|two_factor|high|multi_person",-7.69289993643669,27.6033124130643
211,"web|multi_factor|high|multi_person",-9.61747458937151,27.6033124130643
211,"web|simple|medium|one_to_one",-6.98601693986305,27.6033124130643
211,"web|two_factor|medium|one_to_one",-8.10726867706324,27.6033124130643
211,"mobile|simple|high|one_to_one",-2.12793774953755,27.6033124130643
211,"mobile|simple|low|multi_person",-1.12611236118088,27.6033124130643
211,"web|multi_factor|low|multi_person",-8.19744206224422,27.6033124130643
211,"web|two_factor|medium|multi_person",-8.52547581583386,27.6033124130643
211,"mobile|two_factor|low|one_to_one",-1.82915695961045,27.6033124130643
211,"web|two_factor|high|one_to_one",-7.27469279766607,27.6033124130643
211,"web|two_factor|low|one_to_one",-5.85466027053879,27.6033124130643
212,"web|simple|low|multi_person",-4.45737478302491,35.7538855108827
212,"mobile|two_factor|low|multi_person",-2.97364579378888,35.7538855108827
212,"web|two_factor|low|multi_person",-5.44224677893084,35.7538855108827
212,"mobile|multi_factor|low|multi_person",-3.51329292395764,35.7538855108827
212,"mobile|simple|medium|multi_person",-3.38530509986966,35.7538855108827
212,"mobile|multi_factor|medium|multi_person",-4.90982422594435,35.7538855108827
212,"web|multi_factor|medium|multi_person",-7.37842521108631,35.7538855108827
212,"mobile|simple|high|multi_person",-3.4609670756968,35.7538855108827
212,"web|simple|high|multi_person",-5.92956806083876,35.7538855108827
212,"mobile|two_factor|high|multi_person",-4.44583907160273,35.7538855108827
212,"mobile|multi_factor|high|multi_person",-4.98548620177149,35.7538855108827
212,"mobile|simple|low|one_to_one",0.478987224762711,35.7538855108827
212,"web|simple|low|one_to_one",-1.98961376037925,35.7538855108827
212,"mobile|multi_factor|low|one_to_one",-1.04553190131198,35.7538855108827
212,"web|multi_factor|low|one_to_one",-3.51413288645394,35.7538855108827
212,"mobile|simple|medium|one_to_one",-0.917544077223999,35.7538855108827
212,"mobile|two_factor|medium|one_to_one",-1.90241607312993,35.7538855108827
212,"mobile|multi_factor|medium|one_to_one",-2.44206320329869,35.7538855108827
212,"web|multi_factor|medium|one_to_one",-4.91066418844065,35.7538855108827
212,"web|simple|high|one_to_one",-3.4618070381931,35.7538855108827
212,"mobile|two_factor|high|one_to_one",-1.97807804895707,35.7538855108827
212,"mobile|multi_factor|high|one_to_one",-2.51772517912583,35.7538855108827
212,"web|multi_factor|high|one_to_one",-4.98632616426779,35.7538855108827
212,"web|simple|medium|multi_person",-5.85390608501162,35.7538855108827
212,"mobile|two_factor|medium|multi_person",-4.37017709577559,35.7538855108827
212,"web|two_factor|high|multi_person",-6.91444005674469,35.7538855108827
212,"web|multi_factor|high|multi_person",-7.45408718691345,35.7538855108827
212,"web|simple|medium|one_to_one",-3.38614506236596,35.7538855108827
212,"web|two_factor|medium|one_to_one",-4.37101705827189,35.7538855108827
212,"mobile|simple|high|one_to_one",-0.993206053051138,35.7538855108827
212,"mobile|simple|low|multi_person",-1.98877379788295,35.7538855108827
212,"web|multi_factor|low|multi_person",-5.9818939090996,35.7538855108827
212,"web|two_factor|medium|multi_person",-6.83877808091755,35.7538855108827
212,"mobile|two_factor|low|one_to_one",-0.505884771143218,35.7538855108827
212,"web|two_factor|high|one_to_one",-4.44667903409903,35.7538855108827
212,"web|two_factor|low|one_to_one",-2.97448575628518,35.7538855108827
213,"web|simple|low|multi_person",-4.00141039335881,25.0391220620702
213,"mobile|two_factor|low|multi_person",-2.81259825720375,25.0391220620702
213,"web|two_factor|low|multi_person",-7.64142538984289,25.0391220620702
213,"mobile|multi_factor|low|multi_person",-5.12040744448074,25.0391220620702
213,"mobile|simple|medium|multi_person",-1.40585249958568,25.0391220620702
213,"mobile|multi_factor|medium|multi_person",-7.35367668334675,25.0391220620702
213,"web|multi_factor|medium|multi_person",-12.1825038159859,25.0391220620702
213,"mobile|simple|high|multi_person",-2.10484802124867,25.0391220620702
213,"web|simple|high|multi_person",-6.93367515388781,25.0391220620702
213,"mobile|two_factor|high|multi_person",-5.74486301773275,25.0391220620702
213,"mobile|multi_factor|high|multi_person",-8.05267220500974,25.0391220620702
213,"mobile|simple|low|one_to_one",1.57702187220051,25.0391220620702
213,"web|simple|low|one_to_one",-3.25180526043863,25.0391220620702
213,"mobile|multi_factor|low|one_to_one",-4.37080231156056,25.0391220620702
213,"web|multi_factor|low|one_to_one",-9.1996294441997,25.0391220620702
213,"mobile|simple|medium|one_to_one",-0.656247366665493,25.0391220620702
213,"mobile|two_factor|medium|one_to_one",-4.29626236314957,25.0391220620702
213,"mobile|multi_factor|medium|one_to_one",-6.60407155042656,25.0391220620702
213,"web|multi_factor|medium|one_to_one",-11.4328986830657,25.0391220620702
213,"web|simple|high|one_to_one",-6.18407002096763,25.0391220620702
213,"mobile|two_factor|high|one_to_one",-4.99525788481257,25.0391220620702
213,"mobile|multi_factor|high|one_to_one",-7.30306707208956,25.0391220620702
213,"web|multi_factor|high|one_to_one",-12.1318942047287,25.0391220620702
213,"web|simple|medium|multi_person",-6.23467963222482,25.0391220620702
213,"mobile|two_factor|medium|multi_person",-5.04586749606976,25.0391220620702
213,"web|two_factor|high|multi_person",-10.5736901503719,25.0391220620702
213,"web|multi_factor|high|multi_person",-12.8814993376489,25.0391220620702
213,"web|simple|medium|one_to_one",-5.48507449930463,25.0391220620702
213,"web|two_factor|medium|one_to_one",-9.12508949578871,25.0391220620702
213,"mobile|simple|high|one_to_one",-1.35524288832849,25.0391220620702
213,"mobile|simple|low|multi_person",0.827416739280328,25.0391220620702
213,"web|multi_factor|low|multi_person",-9.94923457711988,25.0391220620702
213,"web|two_factor|medium|multi_person",-9.8746946287089,25.0391220620702
213,"mobile|two_factor|low|one_to_one",-2.06299312428357,25.0391220620702
213,"web|two_factor|high|one_to_one",-9.82408501745171,25.0391220620702
213,"web|two_factor|low|one_to_one",-6.89182025692271,25.0391220620702
214,"web|simple|low|multi_person",-4.60665194545265,31.8434944418555
214,"mobile|two_factor|low|multi_person",-2.94661159846698,31.8434944418555
214,"web|two_factor|low|multi_person",-7.05483681029004,31.8434944418555
214,"mobile|multi_factor|low|multi_person",-4.25173592105086,31.8434944418555
214,"mobile|simple|medium|multi_person",-1.94976949550023,31.8434944418555
214,"mobile|multi_factor|medium|multi_person",-5.7030786829215,31.8434944418555
214,"web|multi_factor|medium|multi_person",-9.81130389474456,31.8434944418555
214,"mobile|simple|high|multi_person",-2.54747055709979,31.8434944418555
214,"web|simple|high|multi_person",-6.65569576892285,31.8434944418555
214,"mobile|two_factor|high|multi_person",-4.99565542193718,31.8434944418555
214,"mobile|multi_factor|high|multi_person",-6.30077974452106,31.8434944418555
214,"mobile|simple|low|one_to_one",1.99065760108739,31.8434944418555
214,"web|simple|low|one_to_one",-2.11756761073567,31.8434944418555
214,"mobile|multi_factor|low|one_to_one",-1.76265158633388,31.8434944418555
214,"web|multi_factor|low|one_to_one",-5.87087679815694,31.8434944418555
214,"mobile|simple|medium|one_to_one",0.539314839216746,31.8434944418555
214,"mobile|two_factor|medium|one_to_one",-1.90887002562064,31.8434944418555
214,"mobile|multi_factor|medium|one_to_one",-3.21399434820452,31.8434944418555
214,"web|multi_factor|medium|one_to_one",-7.32221956002758,31.8434944418555
214,"web|simple|high|one_to_one",-4.16661143420587,31.8434944418555
214,"mobile|two_factor|high|one_to_one",-2.5065710872202,31.8434944418555
214,"mobile|multi_factor|high|one_to_one",-3.81169540980408,31.8434944418555
214,"web|multi_factor|high|one_to_one",-7.91992062162714,31.8434944418555
214,"web|simple|medium|multi_person",-6.05799470732329,31.8434944418555
214,"mobile|two_factor|medium|multi_person",-4.39795436033762,31.8434944418555
214,"web|two_factor|high|multi_person",-9.10388063376024,31.8434944418555
214,"web|multi_factor|high|multi_person",-10.4090049563441,31.8434944418555
214,"web|simple|medium|one_to_one",-3.56891037260631,31.8434944418555
214,"web|two_factor|medium|one_to_one",-6.0170952374437,31.8434944418555
214,"mobile|simple|high|one_to_one",-0.0583862223828113,31.8434944418555
214,"mobile|simple|low|multi_person",-0.498426733629589,31.8434944418555
214,"web|multi_factor|low|multi_person",-8.35996113287392,31.8434944418555
214,"web|two_factor|medium|multi_person",-8.50617957216068,31.8434944418555
214,"mobile|two_factor|low|one_to_one",-0.457527263749997,31.8434944418555
214,"web|two_factor|high|one_to_one",-6.61479629904326,31.8434944418555
214,"web|two_factor|low|one_to_one",-4.56575247557306,31.8434944418555
217,"web|simple|low|multi_person",-4.25830081210843,22.6077870569029
217,"mobile|two_factor|low|multi_person",-5.88686778461449,22.6077870569029
217,"web|two_factor|low|multi_person",-9.36796529542583,22.6077870569029
217,"mobile|multi_factor|low|multi_person",-7.58048594014721,22.6077870569029
217,"mobile|simple|medium|multi_person",-2.25206614766425,22.6077870569029
217,"mobile|multi_factor|medium|multi_person",-9.05534878651437,22.6077870569029
217,"web|multi_factor|medium|multi_person",-12.5364462973257,22.6077870569029
217,"mobile|simple|high|multi_person",-3.29948634959018,22.6077870569029
217,"web|simple|high|multi_person",-6.78058386040152,22.6077870569029
217,"mobile|two_factor|high|multi_person",-8.40915083290758,22.6077870569029
217,"mobile|multi_factor|high|multi_person",-10.1027689884403,22.6077870569029
217,"mobile|simple|low|one_to_one",1.61906451893645,22.6077870569029
217,"web|simple|low|one_to_one",-1.86203299187489,22.6077870569029
217,"mobile|multi_factor|low|one_to_one",-5.18421811991367,22.6077870569029
217,"web|multi_factor|low|one_to_one",-8.66531563072501,22.6077870569029
217,"mobile|simple|medium|one_to_one",0.144201672569286,22.6077870569029
217,"mobile|two_factor|medium|one_to_one",-4.96546281074811,22.6077870569029
217,"mobile|multi_factor|medium|one_to_one",-6.65908096628083,22.6077870569029
217,"web|multi_factor|medium|one_to_one",-10.1401784770922,22.6077870569029
217,"web|simple|high|one_to_one",-4.38431604016798,22.6077870569029
217,"mobile|two_factor|high|one_to_one",-6.01288301267404,22.6077870569029
217,"mobile|multi_factor|high|one_to_one",-7.70650116820676,22.6077870569029
217,"web|multi_factor|high|one_to_one",-11.1875986790181,22.6077870569029
217,"web|simple|medium|multi_person",-5.73316365847559,22.6077870569029
217,"mobile|two_factor|medium|multi_person",-7.36173063098165,22.6077870569029
217,"web|two_factor|high|multi_person",-11.8902483437189,22.6077870569029
217,"web|multi_factor|high|multi_person",-13.5838664992516,22.6077870569029
217,"web|simple|medium|one_to_one",-3.33689583824205,22.6077870569029
217,"web|two_factor|medium|one_to_one",-8.44656032155945,22.6077870569029
217,"mobile|simple|high|one_to_one",-0.903218529356641,22.6077870569029
217,"mobile|simple|low|multi_person",-0.77720330129709,22.6077870569029
217,"web|multi_factor|low|multi_person",-11.0615834509585,22.6077870569029
217,"web|two_factor|medium|multi_person",-10.842828141793,22.6077870569029
217,"mobile|two_factor|low|one_to_one",-3.49059996438095,22.6077870569029
217,"web|two_factor|high|one_to_one",-9.49398052348538,22.6077870569029
217,"web|two_factor|low|one_to_one",-6.97169747519229,22.6077870569029
219,"web|simple|low|multi_person",-4.29311059439545,29.8241306840641
219,"mobile|two_factor|low|multi_person",-2.90867214463626,29.8241306840641
219,"web|two_factor|low|multi_person",-6.50390397715084,29.8241306840641
219,"mobile|multi_factor|low|multi_person",-5.36476296422245,29.8241306840641
219,"mobile|simple|medium|multi_person",-2.48685723860989,29.8241306840641
219,"mobile|multi_factor|medium|multi_person",-7.15374144095147,29.8241306840641
219,"web|multi_factor|medium|multi_person",-10.7489732734661,29.8241306840641
219,"mobile|simple|high|multi_person",-2.37235280081336,29.8241306840641
219,"web|simple|high|multi_person",-5.96758463332795,29.8241306840641
219,"mobile|two_factor|high|multi_person",-4.58314618356875,29.8241306840641
219,"mobile|multi_factor|high|multi_person",-7.03923700315494,29.8241306840641
219,"mobile|simple|low|one_to_one",1.10371159742391,29.8241306840641
219,"web|simple|low|one_to_one",-2.49152023509067,29.8241306840641
219,"mobile|multi_factor|low|one_to_one",-3.56317260491767,29.8241306840641
219,"web|multi_factor|low|one_to_one",-7.15840443743225,29.8241306840641
219,"mobile|simple|medium|one_to_one",-0.685266879305106,29.8241306840641
219,"mobile|two_factor|medium|one_to_one",-2.89606026206049,29.8241306840641
219,"mobile|multi_factor|medium|one_to_one",-5.35215108164669,29.8241306840641
219,"web|multi_factor|medium|one_to_one",-8.94738291416127,29.8241306840641
219,"web|simple|high|one_to_one",-4.16599427402316,29.8241306840641
219,"mobile|two_factor|high|one_to_one",-2.78155582426396,29.8241306840641
219,"mobile|multi_factor|high|one_to_one",-5.23764664385016,29.8241306840641
219,"web|multi_factor|high|one_to_one",-8.83287847636474,29.8241306840641
219,"web|simple|medium|multi_person",-6.08208907112447,29.8241306840641
219,"mobile|two_factor|medium|multi_person",-4.69765062136528,29.8241306840641
219,"web|two_factor|high|multi_person",-8.17837801608333,29.8241306840641
219,"web|multi_factor|high|multi_person",-10.6344688356695,29.8241306840641
219,"web|simple|medium|one_to_one",-4.28049871181969,29.8241306840641
219,"web|two_factor|medium|one_to_one",-6.49129209457507,29.8241306840641
219,"mobile|simple|high|one_to_one",-0.570762441508577,29.8241306840641
219,"mobile|simple|low|multi_person",-0.697878761880874,29.8241306840641
219,"web|multi_factor|low|multi_person",-8.95999479673703,29.8241306840641
219,"web|two_factor|medium|multi_person",-8.29288245387986,29.8241306840641
219,"mobile|two_factor|low|one_to_one",-1.10708178533147,29.8241306840641
219,"web|two_factor|high|one_to_one",-6.37678765677854,29.8241306840641
219,"web|two_factor|low|one_to_one",-4.70231361784605,29.8241306840641
220,"web|simple|low|multi_person",-3.94589583808894,26.582526486813
220,"mobile|two_factor|low|multi_person",-3.88336417967415,26.582526486813
220,"web|two_factor|low|multi_person",-7.96215941761259,26.582526486813
220,"mobile|multi_factor|low|multi_person",-5.65254241355581,26.582526486813
220,"mobile|simple|medium|multi_person",-1.77418339424559,26.582526486813
220,"mobile|multi_factor|medium|multi_person",-7.5596252076509,26.582526486813
220,"web|multi_factor|medium|multi_person",-11.6384204455893,26.582526486813
220,"mobile|simple|high|multi_person",-2.34164004783355,26.582526486813
220,"web|simple|high|multi_person",-6.42043528577199,26.582526486813
220,"mobile|two_factor|high|multi_person",-6.3579036273572,26.582526486813
220,"mobile|multi_factor|high|multi_person",-8.12708186123886,26.582526486813
220,"mobile|simple|low|one_to_one",1.82336707841134,26.582526486813
220,"web|simple|low|one_to_one",-2.2554281595271,26.582526486813
220,"mobile|multi_factor|low|one_to_one",-3.96207473499397,26.582526486813
220,"web|multi_factor|low|one_to_one",-8.04086997293241,26.582526486813
220,"mobile|simple|medium|one_to_one",-0.0837157156837467,26.582526486813
220,"mobile|two_factor|medium|one_to_one",-4.0999792952074,26.582526486813
220,"mobile|multi_factor|medium|one_to_one",-5.86915752908906,26.582526486813
220,"web|multi_factor|medium|one_to_one",-9.9479527670275,26.582526486813
220,"web|simple|high|one_to_one",-4.72996760721015,26.582526486813
220,"mobile|two_factor|high|one_to_one",-4.66743594879536,26.582526486813
220,"mobile|multi_factor|high|one_to_one",-6.43661418267702,26.582526486813
220,"web|multi_factor|high|one_to_one",-10.5154094206155,26.582526486813
220,"web|simple|medium|multi_person",-5.85297863218403,26.582526486813
220,"mobile|two_factor|medium|multi_person",-5.79044697376924,26.582526486813
220,"web|two_factor|high|multi_person",-10.4366988652956,26.582526486813
220,"web|multi_factor|high|multi_person",-12.2058770991773,26.582526486813
220,"web|simple|medium|one_to_one",-4.16251095362219,26.582526486813
220,"web|two_factor|medium|one_to_one",-8.17877453314584,26.582526486813
220,"mobile|simple|high|one_to_one",-0.65117236927171,26.582526486813
220,"mobile|simple|low|multi_person",0.132899399849499,26.582526486813
220,"web|multi_factor|low|multi_person",-9.73133765149425,26.582526486813
220,"web|two_factor|medium|multi_person",-9.86924221170768,26.582526486813
220,"mobile|two_factor|low|one_to_one",-2.19289650111231,26.582526486813
220,"web|two_factor|high|one_to_one",-8.7462311867338,26.582526486813
220,"web|two_factor|low|one_to_one",-6.27169173905075,26.582526486813
221,"web|simple|low|multi_person",-4.90944053835916,33.1400636869652
221,"mobile|two_factor|low|multi_person",-2.81826210337715,33.1400636869652
221,"web|two_factor|low|multi_person",-6.61289558961681,33.1400636869652
221,"mobile|multi_factor|low|multi_person",-3.01437226120208,33.1400636869652
221,"mobile|simple|medium|multi_person",-2.51936968527078,33.1400636869652
221,"mobile|multi_factor|medium|multi_person",-4.41893489435336,33.1400636869652
221,"web|multi_factor|medium|multi_person",-8.21356838059302,33.1400636869652
221,"mobile|simple|high|multi_person",-3.35259157444494,33.1400636869652
221,"web|simple|high|multi_person",-7.1472250606846,33.1400636869652
221,"mobile|two_factor|high|multi_person",-5.05604662570259,33.1400636869652
221,"mobile|multi_factor|high|multi_person",-5.25215678352752,33.1400636869652
221,"mobile|simple|low|one_to_one",1.78644399571888,33.1400636869652
221,"web|simple|low|one_to_one",-2.00818949052078,33.1400636869652
221,"mobile|multi_factor|low|one_to_one",-0.113121213363696,33.1400636869652
221,"web|multi_factor|low|one_to_one",-3.90775469960336,33.1400636869652
221,"mobile|simple|medium|one_to_one",0.3818813625676,33.1400636869652
221,"mobile|two_factor|medium|one_to_one",-1.32157368869005,33.1400636869652
221,"mobile|multi_factor|medium|one_to_one",-1.51768384651498,33.1400636869652
221,"web|multi_factor|medium|one_to_one",-5.31231733275464,33.1400636869652
221,"web|simple|high|one_to_one",-4.24597401284622,33.1400636869652
221,"mobile|two_factor|high|one_to_one",-2.15479557786421,33.1400636869652
221,"mobile|multi_factor|high|one_to_one",-2.35090573568914,33.1400636869652
221,"web|multi_factor|high|one_to_one",-6.1455392219288,33.1400636869652
221,"web|simple|medium|multi_person",-6.31400317151044,33.1400636869652
221,"mobile|two_factor|medium|multi_person",-4.22282473652843,33.1400636869652
221,"web|two_factor|high|multi_person",-8.85068011194225,33.1400636869652
221,"web|multi_factor|high|multi_person",-9.04679026976718,33.1400636869652
221,"web|simple|medium|one_to_one",-3.41275212367206,33.1400636869652
221,"web|two_factor|medium|one_to_one",-5.11620717492971,33.1400636869652
221,"mobile|simple|high|one_to_one",-0.45134052660656,33.1400636869652
221,"mobile|simple|low|multi_person",-1.1148070521195,33.1400636869652
221,"web|multi_factor|low|multi_person",-6.80900574744174,33.1400636869652
221,"web|two_factor|medium|multi_person",-8.01745822276809,33.1400636869652
221,"mobile|two_factor|low|one_to_one",0.0829889444612306,33.1400636869652
221,"web|two_factor|high|one_to_one",-5.94942906410387,33.1400636869652
221,"web|two_factor|low|one_to_one",-3.71164454177843,33.1400636869652
222,"web|simple|low|multi_person",-5.02123113985673,19.2173377654821
222,"mobile|two_factor|low|multi_person",-5.92180646989439,19.2173377654821
222,"web|two_factor|low|multi_person",-9.74223931807779,19.2173377654821
222,"mobile|multi_factor|low|multi_person",-9.234839847832,19.2173377654821
222,"mobile|simple|medium|multi_person",-1.94543962500274,19.2173377654821
222,"mobile|multi_factor|medium|multi_person",-9.97948118116141,19.2173377654821
222,"web|multi_factor|medium|multi_person",-13.7999140293448,19.2173377654821
222,"mobile|simple|high|multi_person",-3.64710391801549,19.2173377654821
222,"web|simple|high|multi_person",-7.46753676619889,19.2173377654821
222,"mobile|two_factor|high|multi_person",-8.36811209623655,19.2173377654821
222,"mobile|multi_factor|high|multi_person",-11.6811454741742,19.2173377654821
222,"mobile|simple|low|one_to_one",0.85928789435891,19.2173377654821
222,"web|simple|low|one_to_one",-2.96114495382449,19.2173377654821
222,"mobile|multi_factor|low|one_to_one",-7.17475366179976,19.2173377654821
222,"web|multi_factor|low|one_to_one",-10.9951865099832,19.2173377654821
222,"mobile|simple|medium|one_to_one",0.114646561029497,19.2173377654821
222,"mobile|two_factor|medium|one_to_one",-4.60636161719156,19.2173377654821
222,"mobile|multi_factor|medium|one_to_one",-7.91939499512917,19.2173377654821
222,"web|multi_factor|medium|one_to_one",-11.7398278433126,19.2173377654821
222,"web|simple|high|one_to_one",-5.40745058016665,19.2173377654821
222,"mobile|two_factor|high|one_to_one",-6.30802591020431,19.2173377654821
222,"mobile|multi_factor|high|one_to_one",-9.62105928814192,19.2173377654821
222,"web|multi_factor|high|one_to_one",-13.4414921363253,19.2173377654821
222,"web|simple|medium|multi_person",-5.76587247318614,19.2173377654821
222,"mobile|two_factor|medium|multi_person",-6.6664478032238,19.2173377654821
222,"web|two_factor|high|multi_person",-12.1885449444199,19.2173377654821
222,"web|multi_factor|high|multi_person",-15.5015783223576,19.2173377654821
222,"web|simple|medium|one_to_one",-3.7057862871539,19.2173377654821
222,"web|two_factor|medium|one_to_one",-8.42679446537496,19.2173377654821
222,"mobile|simple|high|one_to_one",-1.58701773198325,19.2173377654821
222,"mobile|simple|low|multi_person",-1.20079829167333,19.2173377654821
222,"web|multi_factor|low|multi_person",-13.0552726960154,19.2173377654821
222,"web|two_factor|medium|multi_person",-10.4868806514072,19.2173377654821
222,"mobile|two_factor|low|one_to_one",-3.86172028386215,19.2173377654821
222,"web|two_factor|high|one_to_one",-10.1284587583877,19.2173377654821
222,"web|two_factor|low|one_to_one",-7.68215313204555,19.2173377654821
223,"web|simple|low|multi_person",-3.21425861408102,31.6911148215379
223,"mobile|two_factor|low|multi_person",-2.76843501408692,31.6911148215379
223,"web|two_factor|low|multi_person",-6.36753631418424,31.6911148215379
223,"mobile|multi_factor|low|multi_person",-3.64576189273743,31.6911148215379
223,"mobile|simple|medium|multi_person",-3.10015134208117,31.6911148215379
223,"mobile|multi_factor|medium|multi_person",-7.1307559208349,31.6911148215379
223,"web|multi_factor|medium|multi_person",-10.7298572209322,31.6911148215379
223,"mobile|simple|high|multi_person",-3.04955649279397,31.6911148215379
223,"web|simple|high|multi_person",-6.64865779289129,31.6911148215379
223,"mobile|two_factor|high|multi_person",-6.20283419289719,31.6911148215379
223,"mobile|multi_factor|high|multi_person",-7.0801610715477,31.6911148215379
223,"mobile|simple|low|one_to_one",3.11887008111136,31.6911148215379
223,"web|simple|low|one_to_one",-0.480231218985959,31.6911148215379
223,"mobile|multi_factor|low|one_to_one",-0.91173449764237,31.6911148215379
223,"web|multi_factor|low|one_to_one",-4.51083579773969,31.6911148215379
223,"mobile|simple|medium|one_to_one",-0.36612394698611,31.6911148215379
223,"mobile|two_factor|medium|one_to_one",-3.51940164708933,31.6911148215379
223,"mobile|multi_factor|medium|one_to_one",-4.39672852573984,31.6911148215379
223,"web|multi_factor|medium|one_to_one",-7.99582982583716,31.6911148215379
223,"web|simple|high|one_to_one",-3.91463039779623,31.6911148215379
223,"mobile|two_factor|high|one_to_one",-3.46880679780213,31.6911148215379
223,"mobile|multi_factor|high|one_to_one",-4.34613367645264,31.6911148215379
223,"web|multi_factor|high|one_to_one",-7.94523497654996,31.6911148215379
223,"web|simple|medium|multi_person",-6.69925264217849,31.6911148215379
223,"mobile|two_factor|medium|multi_person",-6.25342904218439,31.6911148215379
223,"web|two_factor|high|multi_person",-9.80193549299451,31.6911148215379
223,"web|multi_factor|high|multi_person",-10.679262371645,31.6911148215379
223,"web|simple|medium|one_to_one",-3.96522524708343,31.6911148215379
223,"web|two_factor|medium|one_to_one",-7.11850294718665,31.6911148215379
223,"mobile|simple|high|one_to_one",-0.315529097698909,31.6911148215379
223,"mobile|simple|low|multi_person",0.384842686016301,31.6911148215379
223,"web|multi_factor|low|multi_person",-7.24486319283475,31.6911148215379
223,"web|two_factor|medium|multi_person",-9.85253034228171,31.6911148215379
223,"mobile|two_factor|low|one_to_one",-0.0344076189918563,31.6911148215379
223,"web|two_factor|high|one_to_one",-7.06790809789945,31.6911148215379
223,"web|two_factor|low|one_to_one",-3.63350891908918,31.6911148215379
224,"web|simple|low|multi_person",-8.04953541319813,13.7848634187508
224,"mobile|two_factor|low|multi_person",-5.67500124742149,13.7848634187508
224,"web|two_factor|low|multi_person",-11.5615898331005,13.7848634187508
224,"mobile|multi_factor|low|multi_person",-7.1950509359545,13.7848634187508
224,"mobile|simple|medium|multi_person",-3.03952271818866,13.7848634187508
224,"mobile|multi_factor|medium|multi_person",-8.07162682662404,13.7848634187508
224,"web|multi_factor|medium|multi_person",-13.9582154123031,13.7848634187508
224,"mobile|simple|high|multi_person",-2.14733080376873,13.7848634187508
224,"web|simple|high|multi_person",-8.03391938944775,13.7848634187508
224,"mobile|two_factor|high|multi_person",-5.6593852236711,13.7848634187508
224,"mobile|multi_factor|high|multi_person",-7.17943491220412,13.7848634187508
224,"mobile|simple|low|one_to_one",-3.06168019998007,13.7848634187508
224,"web|simple|low|one_to_one",-8.94826878565909,13.7848634187508
224,"mobile|multi_factor|low|one_to_one",-8.09378430841545,13.7848634187508
224,"web|multi_factor|low|one_to_one",-13.9803728940945,13.7848634187508
224,"mobile|simple|medium|one_to_one",-3.93825609064961,13.7848634187508
224,"mobile|two_factor|medium|one_to_one",-7.45031051055198,13.7848634187508
224,"mobile|multi_factor|medium|one_to_one",-8.97036019908499,13.7848634187508
224,"web|multi_factor|medium|one_to_one",-14.856948784764,13.7848634187508
224,"web|simple|high|one_to_one",-8.9326527619087,13.7848634187508
224,"mobile|two_factor|high|one_to_one",-6.55811859613205,13.7848634187508
224,"mobile|multi_factor|high|one_to_one",-8.07816828466506,13.7848634187508
224,"web|multi_factor|high|one_to_one",-13.9647568703441,13.7848634187508
224,"web|simple|medium|multi_person",-8.92611130386769,13.7848634187508
224,"mobile|two_factor|medium|multi_person",-6.55157713809103,13.7848634187508
224,"web|two_factor|high|multi_person",-11.5459738093501,13.7848634187508
224,"web|multi_factor|high|multi_person",-13.0660234978831,13.7848634187508
224,"web|simple|medium|one_to_one",-9.82484467632863,13.7848634187508
224,"web|two_factor|medium|one_to_one",-13.336899096231,13.7848634187508
224,"mobile|simple|high|one_to_one",-3.04606417622968,13.7848634187508
224,"mobile|simple|low|multi_person",-2.16294682751912,13.7848634187508
224,"web|multi_factor|low|multi_person",-13.0816395216335,13.7848634187508
224,"web|two_factor|medium|multi_person",-12.4381657237701,13.7848634187508
224,"mobile|two_factor|low|one_to_one",-6.57373461988244,13.7848634187508
224,"web|two_factor|high|one_to_one",-12.4447071818111,13.7848634187508
224,"web|two_factor|low|one_to_one",-12.4603232055615,13.7848634187508
225,"web|simple|low|multi_person",-4.8370297993245,28.7931473683118
225,"mobile|two_factor|low|multi_person",-3.2177156554529,28.7931473683118
225,"web|two_factor|low|multi_person",-8.36673474780498,28.7931473683118
225,"mobile|multi_factor|low|multi_person",-3.43215879163658,28.7931473683118
225,"mobile|simple|medium|multi_person",-1.41571105085767,28.7931473683118
225,"mobile|multi_factor|medium|multi_person",-5.15985913552183,28.7931473683118
225,"web|multi_factor|medium|multi_person",-10.3088782278739,28.7931473683118
225,"mobile|simple|high|multi_person",-2.29841005748487,28.7931473683118
225,"web|simple|high|multi_person",-7.44742914983695,28.7931473683118
225,"mobile|two_factor|high|multi_person",-5.82811500596535,28.7931473683118
225,"mobile|multi_factor|high|multi_person",-6.04255814214903,28.7931473683118
225,"mobile|simple|low|one_to_one",1.91285223859162,28.7931473683118
225,"web|simple|low|one_to_one",-3.23616685376046,28.7931473683118
225,"mobile|multi_factor|low|one_to_one",-1.83129584607254,28.7931473683118
225,"web|multi_factor|low|one_to_one",-6.98031493842462,28.7931473683118
225,"mobile|simple|medium|one_to_one",0.185151894706368,28.7931473683118
225,"mobile|two_factor|medium|one_to_one",-3.34455305377411,28.7931473683118
225,"mobile|multi_factor|medium|one_to_one",-3.55899618995779,28.7931473683118
225,"web|multi_factor|medium|one_to_one",-8.70801528230987,28.7931473683118
225,"web|simple|high|one_to_one",-5.84656620427291,28.7931473683118
225,"mobile|two_factor|high|one_to_one",-4.22725206040131,28.7931473683118
225,"mobile|multi_factor|high|one_to_one",-4.44169519658499,28.7931473683118
225,"web|multi_factor|high|one_to_one",-9.59071428893707,28.7931473683118
225,"web|simple|medium|multi_person",-6.56473014320975,28.7931473683118
225,"mobile|two_factor|medium|multi_person",-4.94541599933815,28.7931473683118
225,"web|two_factor|high|multi_person",-10.9771340983174,28.7931473683118
225,"web|multi_factor|high|multi_person",-11.1915772345011,28.7931473683118
225,"web|simple|medium|one_to_one",-4.96386719764571,28.7931473683118
225,"web|two_factor|medium|one_to_one",-8.49357214612619,28.7931473683118
225,"mobile|simple|high|one_to_one",-0.697547111920834,28.7931473683118
225,"mobile|simple|low|multi_person",0.311989293027583,28.7931473683118
225,"web|multi_factor|low|multi_person",-8.58117788398866,28.7931473683118
225,"web|two_factor|medium|multi_person",-10.0944350916902,28.7931473683118
225,"mobile|two_factor|low|one_to_one",-1.61685270988886,28.7931473683118
225,"web|two_factor|high|one_to_one",-9.37627115275339,28.7931473683118
225,"web|two_factor|low|one_to_one",-6.76587180224094,28.7931473683118
226,"web|simple|low|multi_person",-3.38576751873664,30.1592375780398
226,"mobile|two_factor|low|multi_person",-2.7734325948145,30.1592375780398
226,"web|two_factor|low|multi_person",-6.6132977647523,30.1592375780398
226,"mobile|multi_factor|low|multi_person",-3.11762080101547,30.1592375780398
226,"mobile|simple|medium|multi_person",-2.27664731437522,30.1592375780398
226,"mobile|multi_factor|medium|multi_person",-5.84836576659185,30.1592375780398
226,"web|multi_factor|medium|multi_person",-9.68823093652965,30.1592375780398
226,"mobile|simple|high|multi_person",-2.65069405334417,30.1592375780398
226,"web|simple|high|multi_person",-6.49055922328196,30.1592375780398
226,"mobile|two_factor|high|multi_person",-5.87822429935983,30.1592375780398
226,"mobile|multi_factor|high|multi_person",-6.2224125055608,30.1592375780398
226,"mobile|simple|low|one_to_one",2.04035339287005,30.1592375780398
226,"web|simple|low|one_to_one",-1.79951177706775,30.1592375780398
226,"mobile|multi_factor|low|one_to_one",-1.53136505934657,30.1592375780398
226,"web|multi_factor|low|one_to_one",-5.37123022928438,30.1592375780398
226,"mobile|simple|medium|one_to_one",-0.690391572706328,30.1592375780398
226,"mobile|two_factor|medium|one_to_one",-3.91792181872199,30.1592375780398
226,"mobile|multi_factor|medium|one_to_one",-4.26211002492296,30.1592375780398
226,"web|multi_factor|medium|one_to_one",-8.10197519486076,30.1592375780398
226,"web|simple|high|one_to_one",-4.90430348161308,30.1592375780398
226,"mobile|two_factor|high|one_to_one",-4.29196855769094,30.1592375780398
226,"mobile|multi_factor|high|one_to_one",-4.6361567638919,30.1592375780398
226,"web|multi_factor|high|one_to_one",-8.47602193382971,30.1592375780398
226,"web|simple|medium|multi_person",-6.11651248431302,30.1592375780398
226,"mobile|two_factor|medium|multi_person",-5.50417756039088,30.1592375780398
226,"web|two_factor|high|multi_person",-9.71808946929763,30.1592375780398
226,"web|multi_factor|high|multi_person",-10.0622776754986,30.1592375780398
226,"web|simple|medium|one_to_one",-4.53025674264413,30.1592375780398
226,"web|two_factor|medium|one_to_one",-7.75778698865979,30.1592375780398
226,"mobile|simple|high|one_to_one",-1.06443831167527,30.1592375780398
226,"mobile|simple|low|multi_person",0.454097651201165,30.1592375780398
226,"web|multi_factor|low|multi_person",-6.95748597095327,30.1592375780398
226,"web|two_factor|medium|multi_person",-9.34404273032868,30.1592375780398
226,"mobile|two_factor|low|one_to_one",-1.18717685314561,30.1592375780398
226,"web|two_factor|high|one_to_one",-8.13183372762874,30.1592375780398
226,"web|two_factor|low|one_to_one",-5.02704202308341,30.1592375780398
227,"web|simple|low|multi_person",-4.63443185052963,27.7751852224219
227,"mobile|two_factor|low|multi_person",-4.42503962673022,27.7751852224219
227,"web|two_factor|low|multi_person",-8.36171026657754,27.7751852224219
227,"mobile|multi_factor|low|multi_person",-4.1812086980862,27.7751852224219
227,"mobile|simple|medium|multi_person",-2.28707742146655,27.7751852224219
227,"mobile|multi_factor|medium|multi_person",-5.77052490887044,27.7751852224219
227,"web|multi_factor|medium|multi_person",-9.70719554871776,27.7751852224219
227,"mobile|simple|high|multi_person",-4.41953229171136,27.7751852224219
227,"web|simple|high|multi_person",-8.35620293155868,27.7751852224219
227,"mobile|two_factor|high|multi_person",-8.14681070775927,27.7751852224219
227,"mobile|multi_factor|high|multi_person",-7.90297977911525,27.7751852224219
227,"mobile|simple|low|one_to_one",2.31917988902501,27.7751852224219
227,"web|simple|low|one_to_one",-1.61749075082231,27.7751852224219
227,"mobile|multi_factor|low|one_to_one",-1.16426759837888,27.7751852224219
227,"web|multi_factor|low|one_to_one",-5.1009382382262,27.7751852224219
227,"mobile|simple|medium|one_to_one",0.729863678240772,27.7751852224219
227,"mobile|two_factor|medium|one_to_one",-2.99741473780714,27.7751852224219
227,"mobile|multi_factor|medium|one_to_one",-2.75358380916312,27.7751852224219
227,"web|multi_factor|medium|one_to_one",-6.69025444901044,27.7751852224219
227,"web|simple|high|one_to_one",-5.33926183185136,27.7751852224219
227,"mobile|two_factor|high|one_to_one",-5.12986960805195,27.7751852224219
227,"mobile|multi_factor|high|one_to_one",-4.88603867940793,27.7751852224219
227,"web|multi_factor|high|one_to_one",-8.82270931925525,27.7751852224219
227,"web|simple|medium|multi_person",-6.22374806131387,27.7751852224219
227,"mobile|two_factor|medium|multi_person",-6.01435583751446,27.7751852224219
227,"web|two_factor|high|multi_person",-12.0834813476066,27.7751852224219
227,"web|multi_factor|high|multi_person",-11.8396504189626,27.7751852224219
227,"web|simple|medium|one_to_one",-3.20680696160655,27.7751852224219
227,"web|two_factor|medium|one_to_one",-6.93408537765446,27.7751852224219
227,"mobile|simple|high|one_to_one",-1.40259119200404,27.7751852224219
227,"mobile|simple|low|multi_person",-0.69776121068231,27.7751852224219
227,"web|multi_factor|low|multi_person",-8.11787933793352,27.7751852224219
227,"web|two_factor|medium|multi_person",-9.95102647736178,27.7751852224219
227,"mobile|two_factor|low|one_to_one",-1.4080985270229,27.7751852224219
227,"web|two_factor|high|one_to_one",-9.06654024789927,27.7751852224219
227,"web|two_factor|low|one_to_one",-5.34476916687022,27.7751852224219
228,"web|simple|low|multi_person",-3.51275347045422,32.1323449619355
228,"mobile|two_factor|low|multi_person",-2.5183336841315,32.1323449619355
228,"web|two_factor|low|multi_person",-5.87430891325322,32.1323449619355
228,"mobile|multi_factor|low|multi_person",-4.16066091165625,32.1323449619355
228,"mobile|simple|medium|multi_person",-2.19468240488101,32.1323449619355
228,"mobile|multi_factor|medium|multi_person",-6.19856507520476,32.1323449619355
228,"web|multi_factor|medium|multi_person",-9.55454030432649,32.1323449619355
228,"mobile|simple|high|multi_person",-2.78663201528419,32.1323449619355
228,"web|simple|high|multi_person",-6.14260724440591,32.1323449619355
228,"mobile|two_factor|high|multi_person",-5.14818745808319,32.1323449619355
228,"mobile|multi_factor|high|multi_person",-6.79051468560794,32.1323449619355
228,"mobile|simple|low|one_to_one",1.75896848140802,32.1323449619355
228,"web|simple|low|one_to_one",-1.5970067477137,32.1323449619355
228,"mobile|multi_factor|low|one_to_one",-2.24491418891573,32.1323449619355
228,"web|multi_factor|low|one_to_one",-5.60088941803745,32.1323449619355
228,"mobile|simple|medium|one_to_one",-0.278935682140496,32.1323449619355
228,"mobile|two_factor|medium|one_to_one",-2.6404911249395,32.1323449619355
228,"mobile|multi_factor|medium|one_to_one",-4.28281835246425,32.1323449619355
228,"web|multi_factor|medium|one_to_one",-7.63879358158597,32.1323449619355
228,"web|simple|high|one_to_one",-4.22686052166539,32.1323449619355
228,"mobile|two_factor|high|one_to_one",-3.23244073534267,32.1323449619355
228,"mobile|multi_factor|high|one_to_one",-4.87476796286742,32.1323449619355
228,"web|multi_factor|high|one_to_one",-8.23074319198914,32.1323449619355
228,"web|simple|medium|multi_person",-5.55065763400273,32.1323449619355
228,"mobile|two_factor|medium|multi_person",-4.55623784768002,32.1323449619355
228,"web|two_factor|high|multi_person",-8.50416268720491,32.1323449619355
228,"web|multi_factor|high|multi_person",-10.1464899147297,32.1323449619355
228,"web|simple|medium|one_to_one",-3.63491091126222,32.1323449619355
228,"web|two_factor|medium|one_to_one",-5.99646635406122,32.1323449619355
228,"mobile|simple|high|one_to_one",-0.870885292543671,32.1323449619355
228,"mobile|simple|low|multi_person",-0.156778241332499,32.1323449619355
228,"web|multi_factor|low|multi_person",-7.51663614077797,32.1323449619355
228,"web|two_factor|medium|multi_person",-7.91221307680174,32.1323449619355
228,"mobile|two_factor|low|one_to_one",-0.602586961390983,32.1323449619355
228,"web|two_factor|high|one_to_one",-6.58841596446439,32.1323449619355
228,"web|two_factor|low|one_to_one",-3.9585621905127,32.1323449619355
230,"web|simple|low|multi_person",-2.5861950247466,26.5179458634425
230,"mobile|two_factor|low|multi_person",-4.44289513938233,26.5179458634425
230,"web|two_factor|low|multi_person",-7.71641074476559,26.5179458634425
230,"mobile|multi_factor|low|multi_person",-5.24450566280875,26.5179458634425
230,"mobile|simple|medium|multi_person",-1.52787069624935,26.5179458634425
230,"mobile|multi_factor|medium|multi_person",-7.45969693969476,26.5179458634425
230,"web|multi_factor|medium|multi_person",-10.733212545078,26.5179458634425
230,"mobile|simple|high|multi_person",-2.35987719489802,26.5179458634425
230,"web|simple|high|multi_person",-5.63339280028128,26.5179458634425
230,"mobile|two_factor|high|multi_person",-7.49009291491701,26.5179458634425
230,"mobile|multi_factor|high|multi_person",-8.29170343834343,26.5179458634425
230,"mobile|simple|low|one_to_one",1.76993349927846,26.5179458634425
230,"web|simple|low|one_to_one",-1.5035821061048,26.5179458634425
230,"mobile|multi_factor|low|one_to_one",-4.16189274416695,26.5179458634425
230,"web|multi_factor|low|one_to_one",-7.43540834955021,26.5179458634425
230,"mobile|simple|medium|one_to_one",-0.445257777607547,26.5179458634425
230,"mobile|two_factor|medium|one_to_one",-5.57547349762654,26.5179458634425
230,"mobile|multi_factor|medium|one_to_one",-6.37708402105296,26.5179458634425
230,"web|multi_factor|medium|one_to_one",-9.65059962643622,26.5179458634425
230,"web|simple|high|one_to_one",-4.55077988163948,26.5179458634425
230,"mobile|two_factor|high|one_to_one",-6.40747999627521,26.5179458634425
230,"mobile|multi_factor|high|one_to_one",-7.20909051970163,26.5179458634425
230,"web|multi_factor|high|one_to_one",-10.4826061250849,26.5179458634425
230,"web|simple|medium|multi_person",-4.80138630163261,26.5179458634425
230,"mobile|two_factor|medium|multi_person",-6.65808641626834,26.5179458634425
230,"web|two_factor|high|multi_person",-10.7636085203003,26.5179458634425
230,"web|multi_factor|high|multi_person",-11.5652190437267,26.5179458634425
230,"web|simple|medium|one_to_one",-3.71877338299081,26.5179458634425
230,"web|two_factor|medium|one_to_one",-8.8489891030098,26.5179458634425
230,"mobile|simple|high|one_to_one",-1.27726427625622,26.5179458634425
230,"mobile|simple|low|multi_person",0.687320580636658,26.5179458634425
230,"web|multi_factor|low|multi_person",-8.51802126819201,26.5179458634425
230,"web|two_factor|medium|multi_person",-9.9316020216516,26.5179458634425
230,"mobile|two_factor|low|one_to_one",-3.36028222074053,26.5179458634425
230,"web|two_factor|high|one_to_one",-9.68099560165847,26.5179458634425
230,"web|two_factor|low|one_to_one",-6.63379782612379,26.5179458634425
231,"web|simple|low|multi_person",-4.15563181125517,28.2803502458202
231,"mobile|two_factor|low|multi_person",-3.83491369582496,28.2803502458202
231,"web|two_factor|low|multi_person",-7.7454589430655,28.2803502458202
231,"mobile|multi_factor|low|multi_person",-5.68430537195116,28.2803502458202
231,"mobile|simple|medium|multi_person",-1.70831066902851,28.2803502458202
231,"mobile|multi_factor|medium|multi_person",-7.14752947696504,28.2803502458202
231,"web|multi_factor|medium|multi_person",-11.0580747242056,28.2803502458202
231,"mobile|simple|high|multi_person",-2.2901296782315,28.2803502458202
231,"web|simple|high|multi_person",-6.20067492547204,28.2803502458202
231,"mobile|two_factor|high|multi_person",-5.87995681004183,28.2803502458202
231,"mobile|multi_factor|high|multi_person",-7.72934848616803,28.2803502458202
231,"mobile|simple|low|one_to_one",1.67766313265739,28.2803502458202
231,"web|simple|low|one_to_one",-2.23288211458315,28.2803502458202
231,"mobile|multi_factor|low|one_to_one",-3.76155567527914,28.2803502458202
231,"web|multi_factor|low|one_to_one",-7.67210092251968,28.2803502458202
231,"mobile|simple|medium|one_to_one",0.214439027643512,28.2803502458202
231,"mobile|two_factor|medium|one_to_one",-3.37538810416682,28.2803502458202
231,"mobile|multi_factor|medium|one_to_one",-5.22477978029302,28.2803502458202
231,"web|multi_factor|medium|one_to_one",-9.13532502753356,28.2803502458202
231,"web|simple|high|one_to_one",-4.27792522880002,28.2803502458202
231,"mobile|two_factor|high|one_to_one",-3.95720711336981,28.2803502458202
231,"mobile|multi_factor|high|one_to_one",-5.80659878949601,28.2803502458202
231,"web|multi_factor|high|one_to_one",-9.71714403673655,28.2803502458202
231,"web|simple|medium|multi_person",-5.61885591626905,28.2803502458202
231,"mobile|two_factor|medium|multi_person",-5.29813780083884,28.2803502458202
231,"web|two_factor|high|multi_person",-9.79050205728237,28.2803502458202
231,"web|multi_factor|high|multi_person",-11.6398937334086,28.2803502458202
231,"web|simple|medium|one_to_one",-3.69610621959703,28.2803502458202
231,"web|two_factor|medium|one_to_one",-7.28593335140736,28.2803502458202
231,"mobile|simple|high|one_to_one",-0.36737998155948,28.2803502458202
231,"mobile|simple|low|multi_person",-0.24508656401463,28.2803502458202
231,"web|multi_factor|low|multi_person",-9.5948506191917,28.2803502458202
231,"web|two_factor|medium|multi_person",-9.20868304807938,28.2803502458202
231,"mobile|two_factor|low|one_to_one",-1.91216399915294,28.2803502458202
231,"web|two_factor|high|one_to_one",-7.86775236061035,28.2803502458202
231,"web|two_factor|low|one_to_one",-5.82270924639348,28.2803502458202
232,"web|simple|low|multi_person",-3.49488781651781,17.9355605624486
232,"mobile|two_factor|low|multi_person",-3.91303911131498,17.9355605624486
232,"web|two_factor|low|multi_person",-7.36768771038972,17.9355605624486
232,"mobile|multi_factor|low|multi_person",-7.9342386364457,17.9355605624486
232,"mobile|simple|medium|multi_person",-2.95187729778366,17.9355605624486
232,"mobile|multi_factor|medium|multi_person",-10.8458767167863,17.9355605624486
232,"web|multi_factor|medium|multi_person",-14.300525315861,17.9355605624486
232,"mobile|simple|high|multi_person",-3.82262930549974,17.9355605624486
232,"web|simple|high|multi_person",-7.27727790457448,17.9355605624486
232,"mobile|two_factor|high|multi_person",-7.69542919937165,17.9355605624486
232,"mobile|multi_factor|high|multi_person",-11.7166287245024,17.9355605624486
232,"mobile|simple|low|one_to_one",0.496017232762687,17.9355605624486
232,"web|simple|low|one_to_one",-2.95863136631205,17.9355605624486
232,"mobile|multi_factor|low|one_to_one",-7.39798218623994,17.9355605624486
232,"web|multi_factor|low|one_to_one",-10.8526307853147,17.9355605624486
232,"mobile|simple|medium|one_to_one",-2.4156208475779,17.9355605624486
232,"mobile|two_factor|medium|one_to_one",-6.28842074144982,17.9355605624486
232,"mobile|multi_factor|medium|one_to_one",-10.3096202665805,17.9355605624486
232,"web|multi_factor|medium|one_to_one",-13.7642688656553,17.9355605624486
232,"web|simple|high|one_to_one",-6.74102145436872,17.9355605624486
232,"mobile|two_factor|high|one_to_one",-7.15917274916589,17.9355605624486
232,"mobile|multi_factor|high|one_to_one",-11.1803722742966,17.9355605624486
232,"web|multi_factor|high|one_to_one",-14.6350208733714,17.9355605624486
232,"web|simple|medium|multi_person",-6.4065258968584,17.9355605624486
232,"mobile|two_factor|medium|multi_person",-6.82467719165557,17.9355605624486
232,"web|two_factor|high|multi_person",-11.1500777984464,17.9355605624486
232,"web|multi_factor|high|multi_person",-15.1712773235771,17.9355605624486
232,"web|simple|medium|one_to_one",-5.87026944665264,17.9355605624486
232,"web|two_factor|medium|one_to_one",-9.74306934052456,17.9355605624486
232,"mobile|simple|high|one_to_one",-3.28637285529398,17.9355605624486
232,"mobile|simple|low|multi_person",-0.0402392174430668,17.9355605624486
232,"web|multi_factor|low|multi_person",-11.3888872355204,17.9355605624486
232,"web|two_factor|medium|multi_person",-10.2793257907303,17.9355605624486
232,"mobile|two_factor|low|one_to_one",-3.37678266110922,17.9355605624486
232,"web|two_factor|high|one_to_one",-10.6138213482406,17.9355605624486
232,"web|two_factor|low|one_to_one",-6.83143126018396,17.9355605624486
233,"web|simple|low|multi_person",-3.65639434963956,24.9493469141495
233,"mobile|two_factor|low|multi_person",-4.30774021194509,24.9493469141495
233,"web|two_factor|low|multi_person",-8.78056015594665,24.9493469141495
233,"mobile|multi_factor|low|multi_person",-6.07343346336802,24.9493469141495
233,"mobile|simple|medium|multi_person",-1.47337983901797,24.9493469141495
233,"mobile|multi_factor|medium|multi_person",-8.36323889674799,24.9493469141495
233,"web|multi_factor|medium|multi_person",-12.8360588407495,24.9493469141495
233,"mobile|simple|high|multi_person",-1.92984880909403,24.9493469141495
233,"web|simple|high|multi_person",-6.40266875309559,24.9493469141495
233,"mobile|two_factor|high|multi_person",-7.05401461540112,24.9493469141495
233,"mobile|multi_factor|high|multi_person",-8.81970786682405,24.9493469141495
233,"mobile|simple|low|one_to_one",2.43673265121226,24.9493469141495
233,"web|simple|low|one_to_one",-2.0360872927893,24.9493469141495
233,"mobile|multi_factor|low|one_to_one",-4.45312640651776,24.9493469141495
233,"web|multi_factor|low|one_to_one",-8.92594635051932,24.9493469141495
233,"mobile|simple|medium|one_to_one",0.146927217832293,24.9493469141495
233,"mobile|two_factor|medium|one_to_one",-4.9772385884748,24.9493469141495
233,"mobile|multi_factor|medium|one_to_one",-6.74293183989773,24.9493469141495
233,"web|multi_factor|medium|one_to_one",-11.2157517838993,24.9493469141495
233,"web|simple|high|one_to_one",-4.78236169624533,24.9493469141495
233,"mobile|two_factor|high|one_to_one",-5.43370755855086,24.9493469141495
233,"mobile|multi_factor|high|one_to_one",-7.19940080997379,24.9493469141495
233,"web|multi_factor|high|one_to_one",-11.6722207539754,24.9493469141495
233,"web|simple|medium|multi_person",-5.94619978301953,24.9493469141495
233,"mobile|two_factor|medium|multi_person",-6.59754564532506,24.9493469141495
233,"web|two_factor|high|multi_person",-11.5268345594027,24.9493469141495
233,"web|multi_factor|high|multi_person",-13.2925278108256,24.9493469141495
233,"web|simple|medium|one_to_one",-4.32589272616927,24.9493469141495
233,"web|two_factor|medium|one_to_one",-9.45005853247636,24.9493469141495
233,"mobile|simple|high|one_to_one",-0.30954175224377,24.9493469141495
233,"mobile|simple|low|multi_person",0.816425594362,24.9493469141495
233,"web|multi_factor|low|multi_person",-10.5462534073696,24.9493469141495
233,"web|two_factor|medium|multi_person",-11.0703655893266,24.9493469141495
233,"mobile|two_factor|low|one_to_one",-2.68743315509483,24.9493469141495
233,"web|two_factor|high|one_to_one",-9.90652750255242,24.9493469141495
233,"web|two_factor|low|one_to_one",-7.16025309909639,24.9493469141495
234,"web|simple|low|multi_person",-4.60201878781068,31.468768859147
234,"mobile|two_factor|low|multi_person",-3.00212931614031,31.468768859147
234,"web|two_factor|low|multi_person",-7.00091024239049,31.468768859147
234,"mobile|multi_factor|low|multi_person",-4.43507961880755,31.468768859147
234,"mobile|simple|medium|multi_person",-2.38191425972642,31.468768859147
234,"mobile|multi_factor|medium|multi_person",-6.21375601697347,31.468768859147
234,"web|multi_factor|medium|multi_person",-10.2125369432236,31.468768859147
234,"mobile|simple|high|multi_person",-2.12303848207519,31.468768859147
234,"web|simple|high|multi_person",-6.12181940832536,31.468768859147
234,"mobile|two_factor|high|multi_person",-4.52192993665499,31.468768859147
234,"mobile|multi_factor|high|multi_person",-5.95488023932224,31.468768859147
234,"mobile|simple|low|one_to_one",1.43694976006782,31.468768859147
234,"web|simple|low|one_to_one",-2.56183116618236,31.468768859147
234,"mobile|multi_factor|low|one_to_one",-2.39489199717923,31.468768859147
234,"web|multi_factor|low|one_to_one",-6.39367292342941,31.468768859147
234,"mobile|simple|medium|one_to_one",-0.341726638098095,31.468768859147
234,"mobile|two_factor|medium|one_to_one",-2.7406180926779,31.468768859147
234,"mobile|multi_factor|medium|one_to_one",-4.17356839534515,31.468768859147
234,"web|multi_factor|medium|one_to_one",-8.17234932159533,31.468768859147
234,"web|simple|high|one_to_one",-4.08163178669705,31.468768859147
234,"mobile|two_factor|high|one_to_one",-2.48174231502667,31.468768859147
234,"mobile|multi_factor|high|one_to_one",-3.91469261769392,31.468768859147
234,"web|multi_factor|high|one_to_one",-7.9134735439441,31.468768859147
234,"web|simple|medium|multi_person",-6.3806951859766,31.468768859147
234,"mobile|two_factor|medium|multi_person",-4.78080571430622,31.468768859147
234,"web|two_factor|high|multi_person",-8.52071086290517,31.468768859147
234,"web|multi_factor|high|multi_person",-9.95366116557241,31.468768859147
234,"web|simple|medium|one_to_one",-4.34050756434828,31.468768859147
234,"web|two_factor|medium|one_to_one",-6.73939901892808,31.468768859147
234,"mobile|simple|high|one_to_one",-0.0828508604468654,31.468768859147
234,"mobile|simple|low|multi_person",-0.603237861560499,31.468768859147
234,"web|multi_factor|low|multi_person",-8.43386054505773,31.468768859147
234,"web|two_factor|medium|multi_person",-8.7795866405564,31.468768859147
234,"mobile|two_factor|low|one_to_one",-0.961941694511987,31.468768859147
234,"web|two_factor|high|one_to_one",-6.48052324127685,31.468768859147
234,"web|two_factor|low|one_to_one",-4.96072262076217,31.468768859147
235,"web|simple|low|multi_person",-4.25166142170407,14.0807611196454
235,"mobile|two_factor|low|multi_person",-5.12170530453398,14.0807611196454
235,"web|two_factor|low|multi_person",-9.41547998125214,14.0807611196454
235,"mobile|multi_factor|low|multi_person",-7.00280777169713,14.0807611196454
235,"mobile|simple|medium|multi_person",-3.5598755262684,14.0807611196454
235,"mobile|multi_factor|medium|multi_person",-10.6047965529796,14.0807611196454
235,"web|multi_factor|medium|multi_person",-14.8985712296978,14.0807611196454
235,"mobile|simple|high|multi_person",-3.92563521784142,14.0807611196454
235,"web|simple|high|multi_person",-8.21940989455958,14.0807611196454
235,"mobile|two_factor|high|multi_person",-9.08945377738949,14.0807611196454
235,"mobile|multi_factor|high|multi_person",-10.9705562445526,14.0807611196454
235,"mobile|simple|low|one_to_one",0.377788008479709,14.0807611196454
235,"web|simple|low|one_to_one",-3.91598666823845,14.0807611196454
235,"mobile|multi_factor|low|one_to_one",-6.66713301823151,14.0807611196454
235,"web|multi_factor|low|one_to_one",-10.9609076949497,14.0807611196454
235,"mobile|simple|medium|one_to_one",-3.22420077280278,14.0807611196454
235,"mobile|two_factor|medium|one_to_one",-8.38801933235085,14.0807611196454
235,"mobile|multi_factor|medium|one_to_one",-10.269121799514,14.0807611196454
235,"web|multi_factor|medium|one_to_one",-14.5628964762322,14.0807611196454
235,"web|simple|high|one_to_one",-7.88373514109396,14.0807611196454
235,"mobile|two_factor|high|one_to_one",-8.75377902392387,14.0807611196454
235,"mobile|multi_factor|high|one_to_one",-10.634881491087,14.0807611196454
235,"web|multi_factor|high|one_to_one",-14.9286561678052,14.0807611196454
235,"web|simple|medium|multi_person",-7.85365020298656,14.0807611196454
235,"mobile|two_factor|medium|multi_person",-8.72369408581647,14.0807611196454
235,"web|two_factor|high|multi_person",-13.3832284541077,14.0807611196454
235,"web|multi_factor|high|multi_person",-15.2643309212708,14.0807611196454
235,"web|simple|medium|one_to_one",-7.51797544952094,14.0807611196454
235,"web|two_factor|medium|one_to_one",-12.681794009069,14.0807611196454
235,"mobile|simple|high|one_to_one",-3.5899604643758,14.0807611196454
235,"mobile|simple|low|multi_person",0.0421132550140877,14.0807611196454
235,"web|multi_factor|low|multi_person",-11.2965824484153,14.0807611196454
235,"web|two_factor|medium|multi_person",-13.0174687625346,14.0807611196454
235,"mobile|two_factor|low|one_to_one",-4.78603055106836,14.0807611196454
235,"web|two_factor|high|one_to_one",-13.047553700642,14.0807611196454
235,"web|two_factor|low|one_to_one",-9.07980522778652,14.0807611196454
236,"web|simple|low|multi_person",-3.00079683335172,25.411193041467
236,"mobile|two_factor|low|multi_person",-4.28430553914851,25.411193041467
236,"web|two_factor|low|multi_person",-8.56944013639832,25.411193041467
236,"mobile|multi_factor|low|multi_person",-5.58836050509028,25.411193041467
236,"mobile|simple|medium|multi_person",-0.977140410323126,25.411193041467
236,"mobile|multi_factor|medium|multi_person",-7.84983867931149,25.411193041467
236,"web|multi_factor|medium|multi_person",-12.1349732765613,25.411193041467
236,"mobile|simple|high|multi_person",-2.12723042919588,25.411193041467
236,"web|simple|high|multi_person",-6.41236502644568,25.411193041467
236,"mobile|two_factor|high|multi_person",-7.69587373224248,25.411193041467
236,"mobile|multi_factor|high|multi_person",-8.99992869818425,25.411193041467
236,"mobile|simple|low|one_to_one",3.27524168856548,25.411193041467
236,"web|simple|low|one_to_one",-1.00989290868432,25.411193041467
236,"mobile|multi_factor|low|one_to_one",-3.59745658042288,25.411193041467
236,"web|multi_factor|low|one_to_one",-7.88259117767268,25.411193041467
236,"mobile|simple|medium|one_to_one",1.01376351434428,25.411193041467
236,"mobile|two_factor|medium|one_to_one",-4.55487978870231,25.411193041467
236,"mobile|multi_factor|medium|one_to_one",-5.85893475464408,25.411193041467
236,"web|multi_factor|medium|one_to_one",-10.1440693518939,25.411193041467
236,"web|simple|high|one_to_one",-4.42146110177828,25.411193041467
236,"mobile|two_factor|high|one_to_one",-5.70496980757507,25.411193041467
236,"mobile|multi_factor|high|one_to_one",-7.00902477351684,25.411193041467
236,"web|multi_factor|high|one_to_one",-11.2941593707666,25.411193041467
236,"web|simple|medium|multi_person",-5.26227500757293,25.411193041467
236,"mobile|two_factor|medium|multi_person",-6.54578371336972,25.411193041467
236,"web|two_factor|high|multi_person",-11.9810083294923,25.411193041467
236,"web|multi_factor|high|multi_person",-13.285063295434,25.411193041467
236,"web|simple|medium|one_to_one",-3.27137108290552,25.411193041467
236,"web|two_factor|medium|one_to_one",-8.84001438595211,25.411193041467
236,"mobile|simple|high|one_to_one",-0.136326504528476,25.411193041467
236,"mobile|simple|low|multi_person",1.28433776389808,25.411193041467
236,"web|multi_factor|low|multi_person",-9.87349510234008,25.411193041467
236,"web|two_factor|medium|multi_person",-10.8309183106195,25.411193041467
236,"mobile|two_factor|low|one_to_one",-2.29340161448111,25.411193041467
236,"web|two_factor|high|one_to_one",-9.99010440482487,25.411193041467
236,"web|two_factor|low|one_to_one",-6.57853621173091,25.411193041467
237,"web|simple|low|multi_person",-3.72870061723187,31.106692945707
237,"mobile|two_factor|low|multi_person",-3.10312019890013,31.106692945707
237,"web|two_factor|low|multi_person",-6.74481557211241,31.106692945707
237,"mobile|multi_factor|low|multi_person",-4.66747963872766,31.106692945707
237,"mobile|simple|medium|multi_person",-1.95247226318658,31.106692945707
237,"mobile|multi_factor|medium|multi_person",-6.53294665789465,31.106692945707
237,"web|multi_factor|medium|multi_person",-10.1746420311069,31.106692945707
237,"mobile|simple|high|multi_person",-2.60222232871797,31.106692945707
237,"web|simple|high|multi_person",-6.24391770193025,31.106692945707
237,"mobile|two_factor|high|multi_person",-5.61833728359851,31.106692945707
237,"mobile|multi_factor|high|multi_person",-7.18269672342604,31.106692945707
237,"mobile|simple|low|one_to_one",2.27313653053003,31.106692945707
237,"web|simple|low|one_to_one",-1.36855884268225,31.106692945707
237,"mobile|multi_factor|low|one_to_one",-2.30733786417804,31.106692945707
237,"web|multi_factor|low|one_to_one",-5.94903323739032,31.106692945707
237,"mobile|simple|medium|one_to_one",0.407669511363039,31.106692945707
237,"mobile|two_factor|medium|one_to_one",-2.6084454435175,31.106692945707
237,"mobile|multi_factor|medium|one_to_one",-4.17280488334503,31.106692945707
237,"web|multi_factor|medium|one_to_one",-7.81450025655731,31.106692945707
237,"web|simple|high|one_to_one",-3.88377592738063,31.106692945707
237,"mobile|two_factor|high|one_to_one",-3.25819550904889,31.106692945707
237,"mobile|multi_factor|high|one_to_one",-4.82255494887642,31.106692945707
237,"web|multi_factor|high|one_to_one",-8.4642503220887,31.106692945707
237,"web|simple|medium|multi_person",-5.59416763639886,31.106692945707
237,"mobile|two_factor|medium|multi_person",-4.96858721806712,31.106692945707
237,"web|two_factor|high|multi_person",-9.26003265681079,31.106692945707
237,"web|multi_factor|high|multi_person",-10.8243920966383,31.106692945707
237,"web|simple|medium|one_to_one",-3.23402586184924,31.106692945707
237,"web|two_factor|medium|one_to_one",-6.25014081672978,31.106692945707
237,"mobile|simple|high|one_to_one",-0.24208055416835,31.106692945707
237,"mobile|simple|low|multi_person",-0.0870052440195894,31.106692945707
237,"web|multi_factor|low|multi_person",-8.30917501193994,31.106692945707
237,"web|two_factor|medium|multi_person",-8.6102825912794,31.106692945707
237,"mobile|two_factor|low|one_to_one",-0.742978424350507,31.106692945707
237,"web|two_factor|high|one_to_one",-6.89989088226117,31.106692945707
237,"web|two_factor|low|one_to_one",-4.38467379756279,31.106692945707
238,"web|simple|low|multi_person",-3.64713511851866,31.7625641406031
238,"mobile|two_factor|low|multi_person",-2.96842021106639,31.7625641406031
238,"web|two_factor|low|multi_person",-6.60970033423893,31.7625641406031
238,"mobile|multi_factor|low|multi_person",-3.99368490041061,31.7625641406031
238,"mobile|simple|medium|multi_person",-2.03476861628965,31.7625641406031
238,"mobile|multi_factor|medium|multi_person",-6.02259852135415,31.7625641406031
238,"web|multi_factor|medium|multi_person",-9.66387864452668,31.7625641406031
238,"mobile|simple|high|multi_person",-2.4904166391873,31.7625641406031
238,"web|simple|high|multi_person",-6.13169676235984,31.7625641406031
238,"mobile|two_factor|high|multi_person",-5.45298185490758,31.7625641406031
238,"mobile|multi_factor|high|multi_person",-6.47824654425179,31.7625641406031
238,"mobile|simple|low|one_to_one",2.0652457871967,31.7625641406031
238,"web|simple|low|one_to_one",-1.57603433597584,31.7625641406031
238,"mobile|multi_factor|low|one_to_one",-1.92258411786779,31.7625641406031
238,"web|multi_factor|low|one_to_one",-5.56386424104033,31.7625641406031
238,"mobile|simple|medium|one_to_one",0.0363321662531648,31.7625641406031
238,"mobile|two_factor|medium|one_to_one",-2.92623304946711,31.7625641406031
238,"mobile|multi_factor|medium|one_to_one",-3.95149773881132,31.7625641406031
238,"web|multi_factor|medium|one_to_one",-7.59277786198386,31.7625641406031
238,"web|simple|high|one_to_one",-4.06059597981702,31.7625641406031
238,"mobile|two_factor|high|one_to_one",-3.38188107236476,31.7625641406031
238,"mobile|multi_factor|high|one_to_one",-4.40714576170897,31.7625641406031
238,"web|multi_factor|high|one_to_one",-8.04842588488151,31.7625641406031
238,"web|simple|medium|multi_person",-5.67604873946219,31.7625641406031
238,"mobile|two_factor|medium|multi_person",-4.99733383200993,31.7625641406031
238,"web|two_factor|high|multi_person",-9.09426197808012,31.7625641406031
238,"web|multi_factor|high|multi_person",-10.1195266674243,31.7625641406031
238,"web|simple|medium|one_to_one",-3.60494795691937,31.7625641406031
238,"web|two_factor|medium|one_to_one",-6.56751317263965,31.7625641406031
238,"mobile|simple|high|one_to_one",-0.419315856644483,31.7625641406031
238,"mobile|simple|low|multi_person",-0.00585499534611955,31.7625641406031
238,"web|multi_factor|low|multi_person",-7.63496502358315,31.7625641406031
238,"web|two_factor|medium|multi_person",-8.63861395518247,31.7625641406031
238,"mobile|two_factor|low|one_to_one",-0.897319428523575,31.7625641406031
238,"web|two_factor|high|one_to_one",-7.0231611955373,31.7625641406031
238,"web|two_factor|low|one_to_one",-4.53859955169612,31.7625641406031
239,"web|simple|low|multi_person",-4.36120511889136,17.6526519079966
239,"mobile|two_factor|low|multi_person",-4.0319864879019,17.6526519079966
239,"web|two_factor|low|multi_person",-9.40654182481534,17.6526519079966
239,"mobile|multi_factor|low|multi_person",-6.18450572008507,17.6526519079966
239,"mobile|simple|medium|multi_person",-1.14393159051796,17.6526519079966
239,"mobile|multi_factor|medium|multi_person",-8.34178752862511,17.6526519079966
239,"web|multi_factor|medium|multi_person",-13.7163428655386,17.6526519079966
239,"mobile|simple|high|multi_person",-3.20153011211216,17.6526519079966
239,"web|simple|high|multi_person",-8.5760854490256,17.6526519079966
239,"mobile|two_factor|high|multi_person",-8.24686681803614,17.6526519079966
239,"mobile|multi_factor|high|multi_person",-10.3993860502193,17.6526519079966
239,"mobile|simple|low|one_to_one",1.30892995950856,17.6526519079966
239,"web|simple|low|one_to_one",-4.06562537740488,17.6526519079966
239,"mobile|multi_factor|low|one_to_one",-5.88892597859859,17.6526519079966
239,"web|multi_factor|low|one_to_one",-11.263481315512,17.6526519079966
239,"mobile|simple|medium|one_to_one",-0.848351849031477,17.6526519079966
239,"mobile|two_factor|medium|one_to_one",-5.89368855495545,17.6526519079966
239,"mobile|multi_factor|medium|one_to_one",-8.04620778713863,17.6526519079966
239,"web|multi_factor|medium|one_to_one",-13.4207631240521,17.6526519079966
239,"web|simple|high|one_to_one",-8.28050570753912,17.6526519079966
239,"mobile|two_factor|high|one_to_one",-7.95128707654965,17.6526519079966
239,"mobile|multi_factor|high|one_to_one",-10.1038063087328,17.6526519079966
239,"web|multi_factor|high|one_to_one",-15.4783616456463,17.6526519079966
239,"web|simple|medium|multi_person",-6.5184869274314,17.6526519079966
239,"mobile|two_factor|medium|multi_person",-6.18926829644194,17.6526519079966
239,"web|two_factor|high|multi_person",-13.6214221549496,17.6526519079966
239,"web|multi_factor|high|multi_person",-15.7739413871328,17.6526519079966
239,"web|simple|medium|one_to_one",-6.22290718594492,17.6526519079966
239,"web|two_factor|medium|one_to_one",-11.2682438918689,17.6526519079966
239,"mobile|simple|high|one_to_one",-2.90595037062568,17.6526519079966
239,"mobile|simple|low|multi_person",1.01335021802208,17.6526519079966
239,"web|multi_factor|low|multi_person",-11.5590610569985,17.6526519079966
239,"web|two_factor|medium|multi_person",-11.5638236333554,17.6526519079966
239,"mobile|two_factor|low|one_to_one",-3.73640674641541,17.6526519079966
239,"web|two_factor|high|one_to_one",-13.3258424134631,17.6526519079966
239,"web|two_factor|low|one_to_one",-9.11096208332885,17.6526519079966
240,"web|simple|low|multi_person",-3.98899848216601,31.9282704663654
240,"mobile|two_factor|low|multi_person",-3.17700796133064,31.9282704663654
240,"web|two_factor|low|multi_person",-6.91221386758752,31.9282704663654
240,"mobile|multi_factor|low|multi_person",-3.83718802260575,31.9282704663654
240,"mobile|simple|medium|multi_person",-2.32352236242843,31.9282704663654
240,"mobile|multi_factor|medium|multi_person",-5.90691780912505,31.9282704663654
240,"web|multi_factor|medium|multi_person",-9.64212371538193,31.9282704663654
240,"mobile|simple|high|multi_person",-3.12505992035834,31.9282704663654
240,"web|simple|high|multi_person",-6.86026582661522,31.9282704663654
240,"mobile|two_factor|high|multi_person",-6.04827530577985,31.9282704663654
240,"mobile|multi_factor|high|multi_person",-6.70845536705496,31.9282704663654
240,"mobile|simple|low|one_to_one",2.31856586607385,31.9282704663654
240,"web|simple|low|one_to_one",-1.41664004018303,31.9282704663654
240,"mobile|multi_factor|low|one_to_one",-1.26482958062277,31.9282704663654
240,"web|multi_factor|low|one_to_one",-5.00003548687965,31.9282704663654
240,"mobile|simple|medium|one_to_one",0.24883607955455,31.9282704663654
240,"mobile|two_factor|medium|one_to_one",-2.67437930586696,31.9282704663654
240,"mobile|multi_factor|medium|one_to_one",-3.33455936714207,31.9282704663654
240,"web|multi_factor|medium|one_to_one",-7.06976527339895,31.9282704663654
240,"web|simple|high|one_to_one",-4.28790738463224,31.9282704663654
240,"mobile|two_factor|high|one_to_one",-3.47591686379687,31.9282704663654
240,"mobile|multi_factor|high|one_to_one",-4.13609692507198,31.9282704663654
240,"web|multi_factor|high|one_to_one",-7.87130283132886,31.9282704663654
240,"web|simple|medium|multi_person",-6.05872826868531,31.9282704663654
240,"mobile|two_factor|medium|multi_person",-5.24673774784994,31.9282704663654
240,"web|two_factor|high|multi_person",-9.78348121203673,31.9282704663654
240,"web|multi_factor|high|multi_person",-10.4436612733118,31.9282704663654
240,"web|simple|medium|one_to_one",-3.48636982670233,31.9282704663654
240,"web|two_factor|medium|one_to_one",-6.40958521212384,31.9282704663654
240,"mobile|simple|high|one_to_one",-0.55270147837536,31.9282704663654
240,"mobile|simple|low|multi_person",-0.25379257590913,31.9282704663654
240,"web|multi_factor|low|multi_person",-7.57239392886263,31.9282704663654
240,"web|two_factor|medium|multi_person",-8.98194365410682,31.9282704663654
240,"mobile|two_factor|low|one_to_one",-0.604649519347661,31.9282704663654
240,"web|two_factor|high|one_to_one",-7.21112277005375,31.9282704663654
240,"web|two_factor|low|one_to_one",-4.33985542560454,31.9282704663654
241,"web|simple|low|multi_person",-4.43294425344766,28.2531995072946
241,"mobile|two_factor|low|multi_person",-3.81586654348732,28.2531995072946
241,"web|two_factor|low|multi_person",-8.3874298258453,28.2531995072946
241,"mobile|multi_factor|low|multi_person",-5.22414401930211,28.2531995072946
241,"mobile|simple|medium|multi_person",-1.83879130090364,28.2531995072946
241,"mobile|multi_factor|medium|multi_person",-7.20155434911607,28.2531995072946
241,"web|multi_factor|medium|multi_person",-11.7731176314741,28.2531995072946
241,"mobile|simple|high|multi_person",-2.17551851046509,28.2531995072946
241,"web|simple|high|multi_person",-6.74708179282307,28.2531995072946
241,"mobile|two_factor|high|multi_person",-6.13000408286273,28.2531995072946
241,"mobile|multi_factor|high|multi_person",-7.53828155867752,28.2531995072946
241,"mobile|simple|low|one_to_one",2.36201560184454,28.2531995072946
241,"web|simple|low|one_to_one",-2.20954768051344,28.2531995072946
241,"mobile|multi_factor|low|one_to_one",-3.00074744636789,28.2531995072946
241,"web|multi_factor|low|one_to_one",-7.57231072872587,28.2531995072946
241,"mobile|simple|medium|one_to_one",0.384605272030578,28.2531995072946
241,"mobile|two_factor|medium|one_to_one",-3.56988030036706,28.2531995072946
241,"mobile|multi_factor|medium|one_to_one",-4.97815777618185,28.2531995072946
241,"web|multi_factor|medium|one_to_one",-9.54972105853983,28.2531995072946
241,"web|simple|high|one_to_one",-4.52368521988885,28.2531995072946
241,"mobile|two_factor|high|one_to_one",-3.90660750992851,28.2531995072946
241,"mobile|multi_factor|high|one_to_one",-5.3148849857433,28.2531995072946
241,"web|multi_factor|high|one_to_one",-9.88644826810128,28.2531995072946
241,"web|simple|medium|multi_person",-6.41035458326162,28.2531995072946
241,"mobile|two_factor|medium|multi_person",-5.79327687330128,28.2531995072946
241,"web|two_factor|high|multi_person",-10.7015673652207,28.2531995072946
241,"web|multi_factor|high|multi_person",-12.1098448410355,28.2531995072946
241,"web|simple|medium|one_to_one",-4.1869580103274,28.2531995072946
241,"web|two_factor|medium|one_to_one",-8.14144358272504,28.2531995072946
241,"mobile|simple|high|one_to_one",0.0478780624691257,28.2531995072946
241,"mobile|simple|low|multi_person",0.13861902891032,28.2531995072946
241,"web|multi_factor|low|multi_person",-9.79570730166009,28.2531995072946
241,"web|two_factor|medium|multi_person",-10.3648401556593,28.2531995072946
241,"mobile|two_factor|low|one_to_one",-1.5924699705531,28.2531995072946
241,"web|two_factor|high|one_to_one",-8.4781707922865,28.2531995072946
241,"web|two_factor|low|one_to_one",-6.16403325291108,28.2531995072946
242,"web|simple|low|multi_person",-3.51011028783225,30.6561841272117
242,"mobile|two_factor|low|multi_person",-2.12829211062523,30.6561841272117
242,"web|two_factor|low|multi_person",-6.26257218358273,30.6561841272117
242,"mobile|multi_factor|low|multi_person",-3.30241694807746,30.6561841272117
242,"mobile|simple|medium|multi_person",-1.45594490645705,30.6561841272117
242,"mobile|multi_factor|medium|multi_person",-5.38253163965976,30.6561841272117
242,"web|multi_factor|medium|multi_person",-9.51681171261726,30.6561841272117
242,"mobile|simple|high|multi_person",-2.52710106639666,30.6561841272117
242,"web|simple|high|multi_person",-6.66138113935416,30.6561841272117
242,"mobile|two_factor|high|multi_person",-5.27956296214714,30.6561841272117
242,"mobile|multi_factor|high|multi_person",-6.45368779959937,30.6561841272117
242,"mobile|simple|low|one_to_one",1.39059087095793,30.6561841272117
242,"web|simple|low|one_to_one",-2.74368920199957,30.6561841272117
242,"mobile|multi_factor|low|one_to_one",-2.53599586224478,30.6561841272117
242,"web|multi_factor|low|one_to_one",-6.67027593520228,30.6561841272117
242,"mobile|simple|medium|one_to_one",-0.689523820624378,30.6561841272117
242,"mobile|two_factor|medium|one_to_one",-3.44198571637486,30.6561841272117
242,"mobile|multi_factor|medium|one_to_one",-4.61611055382709,30.6561841272117
242,"web|multi_factor|medium|one_to_one",-8.75039062678459,30.6561841272117
242,"web|simple|high|one_to_one",-5.89496005352148,30.6561841272117
242,"mobile|two_factor|high|one_to_one",-4.51314187631447,30.6561841272117
242,"mobile|multi_factor|high|one_to_one",-5.68726671376669,30.6561841272117
242,"web|multi_factor|high|one_to_one",-9.82154678672419,30.6561841272117
242,"web|simple|medium|multi_person",-5.59022497941455,30.6561841272117
242,"mobile|two_factor|medium|multi_person",-4.20840680220754,30.6561841272117
242,"web|two_factor|high|multi_person",-9.41384303510464,30.6561841272117
242,"web|multi_factor|high|multi_person",-10.5879678725569,30.6561841272117
242,"web|simple|medium|one_to_one",-4.82380389358188,30.6561841272117
242,"web|two_factor|medium|one_to_one",-7.57626578933236,30.6561841272117
242,"mobile|simple|high|one_to_one",-1.76067998056398,30.6561841272117
242,"mobile|simple|low|multi_person",0.624169785125253,30.6561841272117
242,"web|multi_factor|low|multi_person",-7.43669702103496,30.6561841272117
242,"web|two_factor|medium|multi_person",-8.34268687516504,30.6561841272117
242,"mobile|two_factor|low|one_to_one",-1.36187102479256,30.6561841272117
242,"web|two_factor|high|one_to_one",-8.64742194927197,30.6561841272117
242,"web|two_factor|low|one_to_one",-5.49615109775006,30.6561841272117
243,"web|simple|low|multi_person",-6.65580871316974,13.9795200852011
243,"mobile|two_factor|low|multi_person",-4.67312548559231,13.9795200852011
243,"web|two_factor|low|multi_person",-11.3776096310607,13.9795200852011
243,"mobile|multi_factor|low|multi_person",-7.01000720258731,13.9795200852011
243,"mobile|simple|medium|multi_person",-1.4514624114451,13.9795200852011
243,"mobile|multi_factor|medium|multi_person",-8.51014504633106,13.9795200852011
243,"web|multi_factor|medium|multi_person",-15.2146291917995,13.9795200852011
243,"mobile|simple|high|multi_person",-2.39732402320839,13.9795200852011
243,"web|simple|high|multi_person",-9.10180816867679,13.9795200852011
243,"mobile|two_factor|high|multi_person",-7.11912494109936,13.9795200852011
243,"mobile|multi_factor|high|multi_person",-9.45600665809436,13.9795200852011
243,"mobile|simple|low|one_to_one",0.327118560589942,13.9795200852011
243,"web|simple|low|one_to_one",-6.37736558487846,13.9795200852011
243,"mobile|multi_factor|low|one_to_one",-6.73156407429603,13.9795200852011
243,"web|multi_factor|low|one_to_one",-13.4360482197644,13.9795200852011
243,"mobile|simple|medium|one_to_one",-1.17301928315381,13.9795200852011
243,"mobile|two_factor|medium|one_to_one",-5.89482020104478,13.9795200852011
243,"mobile|multi_factor|medium|one_to_one",-8.23170191803978,13.9795200852011
243,"web|multi_factor|medium|one_to_one",-14.9361860635082,13.9795200852011
243,"web|simple|high|one_to_one",-8.82336504038551,13.9795200852011
243,"mobile|two_factor|high|one_to_one",-6.84068181280808,13.9795200852011
243,"mobile|multi_factor|high|one_to_one",-9.17756352980308,13.9795200852011
243,"web|multi_factor|high|one_to_one",-15.8820476752715,13.9795200852011
243,"web|simple|medium|multi_person",-8.1559465569135,13.9795200852011
243,"mobile|two_factor|medium|multi_person",-6.17326332933607,13.9795200852011
243,"web|two_factor|high|multi_person",-13.8236090865678,13.9795200852011
243,"web|multi_factor|high|multi_person",-16.1604908035628,13.9795200852011
243,"web|simple|medium|one_to_one",-7.87750342862221,13.9795200852011
243,"web|two_factor|medium|one_to_one",-12.5993043465132,13.9795200852011
243,"mobile|simple|high|one_to_one",-2.11888089491711,13.9795200852011
243,"mobile|simple|low|multi_person",0.0486754322986576,13.9795200852011
243,"web|multi_factor|low|multi_person",-13.7144913480557,13.9795200852011
243,"web|two_factor|medium|multi_person",-12.8777474748045,13.9795200852011
243,"mobile|two_factor|low|one_to_one",-4.39468235730103,13.9795200852011
243,"web|two_factor|high|one_to_one",-13.5451659582765,13.9795200852011
243,"web|two_factor|low|one_to_one",-11.0991665027694,13.9795200852011
245,"web|simple|low|multi_person",-2.97166890609075,30.305160424646
245,"mobile|two_factor|low|multi_person",-2.79225101038233,30.305160424646
245,"web|two_factor|low|multi_person",-5.73509766514065,30.305160424646
245,"mobile|multi_factor|low|multi_person",-4.82377811718603,30.305160424646
245,"mobile|simple|medium|multi_person",-1.86165231779998,30.305160424646
245,"mobile|multi_factor|medium|multi_person",-6.65660818365358,30.305160424646
245,"web|multi_factor|medium|multi_person",-9.5994548384119,30.305160424646
245,"mobile|simple|high|multi_person",-2.76312202586599,30.305160424646
245,"web|simple|high|multi_person",-5.70596868062431,30.305160424646
245,"mobile|two_factor|high|multi_person",-5.52655078491589,30.305160424646
245,"mobile|multi_factor|high|multi_person",-7.55807789171959,30.305160424646
245,"mobile|simple|low|one_to_one",0.835729285961347,30.305160424646
245,"web|simple|low|one_to_one",-2.10711736879697,30.305160424646
245,"mobile|multi_factor|low|one_to_one",-3.95922657989225,30.305160424646
245,"web|multi_factor|low|one_to_one",-6.90207323465057,30.305160424646
245,"mobile|simple|medium|one_to_one",-0.997100780506208,30.305160424646
245,"mobile|two_factor|medium|one_to_one",-3.76052953955611,30.305160424646
245,"mobile|multi_factor|medium|one_to_one",-5.79205664635981,30.305160424646
245,"web|multi_factor|medium|one_to_one",-8.73490330111813,30.305160424646
245,"web|simple|high|one_to_one",-4.84141714333053,30.305160424646
245,"mobile|two_factor|high|one_to_one",-4.66199924762211,30.305160424646
245,"mobile|multi_factor|high|one_to_one",-6.69352635442581,30.305160424646
245,"web|multi_factor|high|one_to_one",-9.63637300918413,30.305160424646
245,"web|simple|medium|multi_person",-4.8044989725583,30.305160424646
245,"mobile|two_factor|medium|multi_person",-4.62508107684988,30.305160424646
245,"web|two_factor|high|multi_person",-8.4693974396742,30.305160424646
245,"web|multi_factor|high|multi_person",-10.5009245464779,30.305160424646
245,"web|simple|medium|one_to_one",-3.93994743526453,30.305160424646
245,"web|two_factor|medium|one_to_one",-6.70337619431443,30.305160424646
245,"mobile|simple|high|one_to_one",-1.89857048857221,30.305160424646
245,"mobile|simple|low|multi_person",-0.0288222513324277,30.305160424646
245,"web|multi_factor|low|multi_person",-7.76662477194435,30.305160424646
245,"web|two_factor|medium|multi_person",-7.5679277316082,30.305160424646
245,"mobile|two_factor|low|one_to_one",-1.92769947308855,30.305160424646
245,"web|two_factor|high|one_to_one",-7.60484590238043,30.305160424646
245,"web|two_factor|low|one_to_one",-4.87054612784687,30.305160424646
246,"web|simple|low|multi_person",-4.63171918215481,25.627035570729
246,"mobile|two_factor|low|multi_person",-4.67615767665515,25.627035570729
246,"web|two_factor|low|multi_person",-9.12480856475083,25.627035570729
246,"mobile|multi_factor|low|multi_person",-4.49280807029381,25.627035570729
246,"mobile|simple|medium|multi_person",-2.0519063111665,25.627035570729
246,"mobile|multi_factor|medium|multi_person",-6.36164608740118,25.627035570729
246,"web|multi_factor|medium|multi_person",-10.8102969754969,25.627035570729
246,"mobile|simple|high|multi_person",-2.65299650615651,25.627035570729
246,"web|simple|high|multi_person",-7.10164739425219,25.627035570729
246,"mobile|two_factor|high|multi_person",-7.14608588875253,25.627035570729
246,"mobile|multi_factor|high|multi_person",-6.96273628239119,25.627035570729
246,"mobile|simple|low|one_to_one",1.40534093128245,25.627035570729
246,"web|simple|low|one_to_one",-3.04330995681323,25.627035570729
246,"mobile|multi_factor|low|one_to_one",-2.90439884495223,25.627035570729
246,"web|multi_factor|low|one_to_one",-7.35304973304791,25.627035570729
246,"mobile|simple|medium|one_to_one",-0.463497085824927,25.627035570729
246,"mobile|two_factor|medium|one_to_one",-4.95658646842095,25.627035570729
246,"mobile|multi_factor|medium|one_to_one",-4.77323686205961,25.627035570729
246,"web|multi_factor|medium|one_to_one",-9.22188775015529,25.627035570729
246,"web|simple|high|one_to_one",-5.51323816891061,25.627035570729
246,"mobile|two_factor|high|one_to_one",-5.55767666341095,25.627035570729
246,"mobile|multi_factor|high|one_to_one",-5.37432705704961,25.627035570729
246,"web|multi_factor|high|one_to_one",-9.82297794514529,25.627035570729
246,"web|simple|medium|multi_person",-6.50055719926218,25.627035570729
246,"mobile|two_factor|medium|multi_person",-6.54499569376252,25.627035570729
246,"web|two_factor|high|multi_person",-11.5947367768482,25.627035570729
246,"web|multi_factor|high|multi_person",-11.4113871704869,25.627035570729
246,"web|simple|medium|one_to_one",-4.91214797392061,25.627035570729
246,"web|two_factor|medium|one_to_one",-9.40523735651663,25.627035570729
246,"mobile|simple|high|one_to_one",-1.06458728081493,25.627035570729
246,"mobile|simple|low|multi_person",-0.183068294059127,25.627035570729
246,"web|multi_factor|low|multi_person",-8.94145895838949,25.627035570729
246,"web|two_factor|medium|multi_person",-10.9936465818582,25.627035570729
246,"mobile|two_factor|low|one_to_one",-3.08774845131357,25.627035570729
246,"web|two_factor|high|one_to_one",-10.0063275515066,25.627035570729
246,"web|two_factor|low|one_to_one",-7.53639933940925,25.627035570729
247,"web|simple|low|multi_person",-3.42358153202333,29.7784789206425
247,"mobile|two_factor|low|multi_person",-3.15511304751268,29.7784789206425
247,"web|two_factor|low|multi_person",-7.12254094571294,29.7784789206425
247,"mobile|multi_factor|low|multi_person",-4.25648581459654,29.7784789206425
247,"mobile|simple|medium|multi_person",-1.5972016529895,29.7784789206425
247,"mobile|multi_factor|medium|multi_person",-6.39753383376297,29.7784789206425
247,"web|multi_factor|medium|multi_person",-10.3649617319632,29.7784789206425
247,"mobile|simple|high|multi_person",-2.20610428834049,29.7784789206425
247,"web|simple|high|multi_person",-6.17353218654075,29.7784789206425
247,"mobile|two_factor|high|multi_person",-5.9050637020301,29.7784789206425
247,"mobile|multi_factor|high|multi_person",-7.00643646911396,29.7784789206425
247,"mobile|simple|low|one_to_one",2.38942992055315,29.7784789206425
247,"web|simple|low|one_to_one",-1.57799797764711,29.7784789206425
247,"mobile|multi_factor|low|one_to_one",-2.41090226022032,29.7784789206425
247,"web|multi_factor|low|one_to_one",-6.37833015842058,29.7784789206425
247,"mobile|simple|medium|one_to_one",0.248381901386709,29.7784789206425
247,"mobile|two_factor|medium|one_to_one",-3.4505775123029,29.7784789206425
247,"mobile|multi_factor|medium|one_to_one",-4.55195027938676,29.7784789206425
247,"web|multi_factor|medium|one_to_one",-8.51937817758702,29.7784789206425
247,"web|simple|high|one_to_one",-4.32794863216453,29.7784789206425
247,"mobile|two_factor|high|one_to_one",-4.05948014765389,29.7784789206425
247,"mobile|multi_factor|high|one_to_one",-5.16085291473774,29.7784789206425
247,"web|multi_factor|high|one_to_one",-9.128280812938,29.7784789206425
247,"web|simple|medium|multi_person",-5.56462955118976,29.7784789206425
247,"mobile|two_factor|medium|multi_person",-5.29616106667911,29.7784789206425
247,"web|two_factor|high|multi_person",-9.87249160023036,29.7784789206425
247,"web|multi_factor|high|multi_person",-10.9738643673142,29.7784789206425
247,"web|simple|medium|one_to_one",-3.71904599681355,29.7784789206425
247,"web|two_factor|medium|one_to_one",-7.41800541050316,29.7784789206425
247,"mobile|simple|high|one_to_one",-0.360520733964274,29.7784789206425
247,"mobile|simple|low|multi_person",0.543846366176934,29.7784789206425
247,"web|multi_factor|low|multi_person",-8.2239137127968,29.7784789206425
247,"web|two_factor|medium|multi_person",-9.26358896487937,29.7784789206425
247,"mobile|two_factor|low|one_to_one",-1.30952949313647,29.7784789206425
247,"web|two_factor|high|one_to_one",-8.02690804585415,29.7784789206425
247,"web|two_factor|low|one_to_one",-5.27695739133673,29.7784789206425
248,"web|simple|low|multi_person",-4.74882293938849,30.3888052020944
248,"mobile|two_factor|low|multi_person",-2.83011162468184,30.3888052020944
248,"web|two_factor|low|multi_person",-7.35941020130876,30.3888052020944
248,"mobile|multi_factor|low|multi_person",-4.09291433630012,30.3888052020944
248,"mobile|simple|medium|multi_person",-1.90731364768286,30.3888052020944
248,"mobile|multi_factor|medium|multi_person",-5.78070362122141,30.3888052020944
248,"web|multi_factor|medium|multi_person",-10.3100021978483,30.3888052020944
248,"mobile|simple|high|multi_person",-2.3587798694635,30.3888052020944
248,"web|simple|high|multi_person",-6.88807844609042,30.3888052020944
248,"mobile|two_factor|high|multi_person",-4.96936713138377,30.3888052020944
248,"mobile|multi_factor|high|multi_person",-6.23216984300205,30.3888052020944
248,"mobile|simple|low|one_to_one",1.77381100022841,30.3888052020944
248,"web|simple|low|one_to_one",-2.75548757639851,30.3888052020944
248,"mobile|multi_factor|low|one_to_one",-2.09957897331014,30.3888052020944
248,"web|multi_factor|low|one_to_one",-6.62887754993706,30.3888052020944
248,"mobile|simple|medium|one_to_one",0.0860217153071194,30.3888052020944
248,"mobile|two_factor|medium|one_to_one",-2.52456554661315,30.3888052020944
248,"mobile|multi_factor|medium|one_to_one",-3.78736825823143,30.3888052020944
248,"web|multi_factor|medium|one_to_one",-8.31666683485835,30.3888052020944
248,"web|simple|high|one_to_one",-4.89474308310044,30.3888052020944
248,"mobile|two_factor|high|one_to_one",-2.97603176839378,30.3888052020944
248,"mobile|multi_factor|high|one_to_one",-4.23883448001207,30.3888052020944
248,"web|multi_factor|high|one_to_one",-8.76813305663899,30.3888052020944
248,"web|simple|medium|multi_person",-6.43661222430978,30.3888052020944
248,"mobile|two_factor|medium|multi_person",-4.51790090960313,30.3888052020944
248,"web|two_factor|high|multi_person",-9.49866570801069,30.3888052020944
248,"web|multi_factor|high|multi_person",-10.761468419629,30.3888052020944
248,"web|simple|medium|one_to_one",-4.4432768613198,30.3888052020944
248,"web|two_factor|medium|one_to_one",-7.05386412324007,30.3888052020944
248,"mobile|simple|high|one_to_one",-0.365444506473517,30.3888052020944
248,"mobile|simple|low|multi_person",-0.219524362761571,30.3888052020944
248,"web|multi_factor|low|multi_person",-8.62221291292704,30.3888052020944
248,"web|two_factor|medium|multi_person",-9.04719948623005,30.3888052020944
248,"mobile|two_factor|low|one_to_one",-0.836776261691853,30.3888052020944
248,"web|two_factor|high|one_to_one",-7.5053303450207,30.3888052020944
248,"web|two_factor|low|one_to_one",-5.36607483831877,30.3888052020944
249,"web|simple|low|multi_person",-3.48373636055662,30.9449998223263
249,"mobile|two_factor|low|multi_person",-2.73611156047657,30.9449998223263
249,"web|two_factor|low|multi_person",-6.58019745258297,30.9449998223263
249,"mobile|multi_factor|low|multi_person",-4.08406868435013,30.9449998223263
249,"mobile|simple|medium|multi_person",-1.87094442258257,30.9449998223263
249,"mobile|multi_factor|medium|multi_person",-6.31536263848248,30.9449998223263
249,"web|multi_factor|medium|multi_person",-10.1594485305889,30.9449998223263
249,"mobile|simple|high|multi_person",-2.6322028751059,30.9449998223263
249,"web|simple|high|multi_person",-6.4762887672123,30.9449998223263
249,"mobile|two_factor|high|multi_person",-5.72866396713225,30.9449998223263
249,"mobile|multi_factor|high|multi_person",-7.07662109100581,30.9449998223263
249,"mobile|simple|low|one_to_one",2.55477209405518,30.9449998223263
249,"web|simple|low|one_to_one",-1.28931379805122,30.9449998223263
249,"mobile|multi_factor|low|one_to_one",-1.88964612184473,30.9449998223263
249,"web|multi_factor|low|one_to_one",-5.73373201395113,30.9449998223263
249,"mobile|simple|medium|one_to_one",0.323478139922832,30.9449998223263
249,"mobile|two_factor|medium|one_to_one",-2.77298295210352,30.9449998223263
249,"mobile|multi_factor|medium|one_to_one",-4.12094007597708,30.9449998223263
249,"web|multi_factor|medium|one_to_one",-7.96502596808348,30.9449998223263
249,"web|simple|high|one_to_one",-4.2818662047069,30.9449998223263
249,"mobile|two_factor|high|one_to_one",-3.53424140462685,30.9449998223263
249,"mobile|multi_factor|high|one_to_one",-4.88219852850041,30.9449998223263
249,"web|multi_factor|high|one_to_one",-8.72628442060681,30.9449998223263
249,"web|simple|medium|multi_person",-5.71503031468897,30.9449998223263
249,"mobile|two_factor|medium|multi_person",-4.96740551460892,30.9449998223263
249,"web|two_factor|high|multi_person",-9.57274985923865,30.9449998223263
249,"web|multi_factor|high|multi_person",-10.9207069831122,30.9449998223263
249,"web|simple|medium|one_to_one",-3.52060775218357,30.9449998223263
249,"web|two_factor|medium|one_to_one",-6.61706884420992,30.9449998223263
249,"mobile|simple|high|one_to_one",-0.4377803126005,30.9449998223263
249,"mobile|simple|low|multi_person",0.360349531549781,30.9449998223263
249,"web|multi_factor|low|multi_person",-7.92815457645653,30.9449998223263
249,"web|two_factor|medium|multi_person",-8.81149140671532,30.9449998223263
249,"mobile|two_factor|low|one_to_one",-0.541688997971174,30.9449998223263
249,"web|two_factor|high|one_to_one",-7.37832729673325,30.9449998223263
249,"web|two_factor|low|one_to_one",-4.38577489007757,30.9449998223263
250,"web|simple|low|multi_person",-3.09209496281809,32.4516181698779
250,"mobile|two_factor|low|multi_person",-3.1728017113105,32.4516181698779
250,"web|two_factor|low|multi_person",-6.30501677104264,32.4516181698779
250,"mobile|multi_factor|low|multi_person",-4.34425139192969,32.4516181698779
250,"mobile|simple|medium|multi_person",-1.97401595403306,32.4516181698779
250,"mobile|multi_factor|medium|multi_person",-6.35838744287679,32.4516181698779
250,"web|multi_factor|medium|multi_person",-9.49060250260893,32.4516181698779
250,"mobile|simple|high|multi_person",-2.41519301318637,32.4516181698779
250,"web|simple|high|multi_person",-5.54740807291851,32.4516181698779
250,"mobile|two_factor|high|multi_person",-5.62811482141092,32.4516181698779
250,"mobile|multi_factor|high|multi_person",-6.7995645020301,32.4516181698779
250,"mobile|simple|low|one_to_one",1.73892113694221,32.4516181698779
250,"web|simple|low|one_to_one",-1.39329392278993,32.4516181698779
250,"mobile|multi_factor|low|one_to_one",-2.64545035190152,32.4516181698779
250,"web|multi_factor|low|one_to_one",-5.77766541163366,32.4516181698779
250,"mobile|simple|medium|one_to_one",-0.275214914004889,32.4516181698779
250,"mobile|two_factor|medium|one_to_one",-3.48813672222944,32.4516181698779
250,"mobile|multi_factor|medium|one_to_one",-4.65958640284862,32.4516181698779
250,"web|multi_factor|medium|one_to_one",-7.79180146258076,32.4516181698779
250,"web|simple|high|one_to_one",-3.84860703289034,32.4516181698779
250,"mobile|two_factor|high|one_to_one",-3.92931378138275,32.4516181698779
250,"mobile|multi_factor|high|one_to_one",-5.10076346200193,32.4516181698779
250,"web|multi_factor|high|one_to_one",-8.23297852173407,32.4516181698779
250,"web|simple|medium|multi_person",-5.1062310137652,32.4516181698779
250,"mobile|two_factor|medium|multi_person",-5.18693776225761,32.4516181698779
250,"web|two_factor|high|multi_person",-8.76032988114306,32.4516181698779
250,"web|multi_factor|high|multi_person",-9.93177956176224,32.4516181698779
250,"web|simple|medium|one_to_one",-3.40742997373703,32.4516181698779
250,"web|two_factor|medium|one_to_one",-6.62035178196158,32.4516181698779
250,"mobile|simple|high|one_to_one",-0.7163919731582,32.4516181698779
250,"mobile|simple|low|multi_person",0.0401200969140461,32.4516181698779
250,"web|multi_factor|low|multi_person",-7.47646645166182,32.4516181698779
250,"web|two_factor|medium|multi_person",-8.31915282198975,32.4516181698779
250,"mobile|two_factor|low|one_to_one",-1.47400067128234,32.4516181698779
250,"web|two_factor|high|one_to_one",-7.06152884111489,32.4516181698779
250,"web|two_factor|low|one_to_one",-4.60621573101447,32.4516181698779
251,"web|simple|low|multi_person",-4.49584237061554,18.4175934762183
251,"mobile|two_factor|low|multi_person",-6.03227783152287,18.4175934762183
251,"web|two_factor|low|multi_person",-10.96503146195,18.4175934762183
251,"mobile|multi_factor|low|multi_person",-7.72911936441517,18.4175934762183
251,"mobile|simple|medium|multi_person",-1.65964480392973,18.4175934762183
251,"mobile|multi_factor|medium|multi_person",-9.82567542815645,18.4175934762183
251,"web|multi_factor|medium|multi_person",-14.7584290585835,18.4175934762183
251,"mobile|simple|high|multi_person",-2.39097242795999,18.4175934762183
251,"web|simple|high|multi_person",-7.32372605838708,18.4175934762183
251,"mobile|two_factor|high|multi_person",-8.8601615192944,18.4175934762183
251,"mobile|multi_factor|high|multi_person",-10.5570030521867,18.4175934762183
251,"mobile|simple|low|one_to_one",2.19103393083209,18.4175934762183
251,"web|simple|low|one_to_one",-2.74171969959501,18.4175934762183
251,"mobile|multi_factor|low|one_to_one",-5.97499669339464,18.4175934762183
251,"web|multi_factor|low|one_to_one",-10.9077503238217,18.4175934762183
251,"mobile|simple|medium|one_to_one",0.0944778670908013,18.4175934762183
251,"mobile|two_factor|medium|one_to_one",-6.37471122424362,18.4175934762183
251,"mobile|multi_factor|medium|one_to_one",-8.07155275713592,18.4175934762183
251,"web|multi_factor|medium|one_to_one",-13.004306387563,18.4175934762183
251,"web|simple|high|one_to_one",-5.56960338736655,18.4175934762183
251,"mobile|two_factor|high|one_to_one",-7.10603884827387,18.4175934762183
251,"mobile|multi_factor|high|one_to_one",-8.80288038116618,18.4175934762183
251,"web|multi_factor|high|one_to_one",-13.7356340115933,18.4175934762183
251,"web|simple|medium|multi_person",-6.59239843435683,18.4175934762183
251,"mobile|two_factor|medium|multi_person",-8.12883389526415,18.4175934762183
251,"web|two_factor|high|multi_person",-13.7929151497215,18.4175934762183
251,"web|multi_factor|high|multi_person",-15.4897566826138,18.4175934762183
251,"web|simple|medium|one_to_one",-4.8382757633363,18.4175934762183
251,"web|two_factor|medium|one_to_one",-11.3074648546707,18.4175934762183
251,"mobile|simple|high|one_to_one",-0.636849756939455,18.4175934762183
251,"mobile|simple|low|multi_person",0.436911259811555,18.4175934762183
251,"web|multi_factor|low|multi_person",-12.6618729948423,18.4175934762183
251,"web|two_factor|medium|multi_person",-13.0615875256912,18.4175934762183
251,"mobile|two_factor|low|one_to_one",-4.27815516050233,18.4175934762183
251,"web|two_factor|high|one_to_one",-12.038792478701,18.4175934762183
251,"web|two_factor|low|one_to_one",-9.21090879092943,18.4175934762183
252,"web|simple|low|multi_person",-5.23741803253823,20.4721045186748
252,"mobile|two_factor|low|multi_person",-4.89326053128676,20.4721045186748
252,"web|two_factor|low|multi_person",-10.6505056785498,20.4721045186748
252,"mobile|multi_factor|low|multi_person",-6.09822581669241,20.4721045186748
252,"mobile|simple|medium|multi_person",-1.00879449387487,20.4721045186748
252,"mobile|multi_factor|medium|multi_person",-7.62684742529213,20.4721045186748
252,"web|multi_factor|medium|multi_person",-13.3840925725552,20.4721045186748
252,"mobile|simple|high|multi_person",-1.89180544842462,20.4721045186748
252,"web|simple|high|multi_person",-7.6490505956877,20.4721045186748
252,"mobile|two_factor|high|multi_person",-7.30489309443623,20.4721045186748
252,"mobile|multi_factor|high|multi_person",-8.50985837984188,20.4721045186748
252,"mobile|simple|low|one_to_one",1.33250316596727,20.4721045186748
252,"web|simple|low|one_to_one",-4.42474198129581,20.4721045186748
252,"mobile|multi_factor|low|one_to_one",-5.28554976544999,20.4721045186748
252,"web|multi_factor|low|one_to_one",-11.0427949127131,20.4721045186748
252,"mobile|simple|medium|one_to_one",-0.196118442632451,20.4721045186748
252,"mobile|two_factor|medium|one_to_one",-5.60920608864406,20.4721045186748
252,"mobile|multi_factor|medium|one_to_one",-6.81417137404971,20.4721045186748
252,"web|multi_factor|medium|one_to_one",-12.5714165213128,20.4721045186748
252,"web|simple|high|one_to_one",-6.83637454444528,20.4721045186748
252,"mobile|two_factor|high|one_to_one",-6.49221704319381,20.4721045186748
252,"mobile|multi_factor|high|one_to_one",-7.69718232859946,20.4721045186748
252,"web|multi_factor|high|one_to_one",-13.4544274758625,20.4721045186748
252,"web|simple|medium|multi_person",-6.76603964113795,20.4721045186748
252,"mobile|two_factor|medium|multi_person",-6.42188213988648,20.4721045186748
252,"web|two_factor|high|multi_person",-13.0621382416993,20.4721045186748
252,"web|multi_factor|high|multi_person",-14.267103527105,20.4721045186748
252,"web|simple|medium|one_to_one",-5.95336358989553,20.4721045186748
252,"web|two_factor|medium|one_to_one",-11.3664512359071,20.4721045186748
252,"mobile|simple|high|one_to_one",-1.0791293971822,20.4721045186748
252,"mobile|simple|low|multi_person",0.519827114724852,20.4721045186748
252,"web|multi_factor|low|multi_person",-11.8554709639555,20.4721045186748
252,"web|two_factor|medium|multi_person",-12.1791272871496,20.4721045186748
252,"mobile|two_factor|low|one_to_one",-4.08058448004434,20.4721045186748
252,"web|two_factor|high|one_to_one",-12.2494621904569,20.4721045186748
252,"web|two_factor|low|one_to_one",-9.83782962730742,20.4721045186748
253,"web|simple|low|multi_person",-2.793624680773,32.8284714715613
253,"mobile|two_factor|low|multi_person",-3.18966027670815,32.8284714715613
253,"web|two_factor|low|multi_person",-6.15106465672153,32.8284714715613
253,"mobile|multi_factor|low|multi_person",-4.13523349685092,32.8284714715613
253,"mobile|simple|medium|multi_person",-2.41256588218224,32.8284714715613
253,"mobile|multi_factor|medium|multi_person",-6.71557907827354,32.8284714715613
253,"web|multi_factor|medium|multi_person",-9.67698345828692,32.8284714715613
253,"mobile|simple|high|multi_person",-3.30597360838958,32.8284714715613
253,"web|simple|high|multi_person",-6.26737798840296,32.8284714715613
253,"mobile|two_factor|high|multi_person",-6.6634135843381,32.8284714715613
253,"mobile|multi_factor|high|multi_person",-7.60898680448088,32.8284714715613
253,"mobile|simple|low|one_to_one",3.0389971801669,32.8284714715613
253,"web|simple|low|one_to_one",0.0775928001535195,32.8284714715613
253,"mobile|multi_factor|low|one_to_one",-1.2640160159244,32.8284714715613
253,"web|multi_factor|low|one_to_one",-4.22542039593778,32.8284714715613
253,"mobile|simple|medium|one_to_one",0.458651598744276,32.8284714715613
253,"mobile|two_factor|medium|one_to_one",-2.89878837720425,32.8284714715613
253,"mobile|multi_factor|medium|one_to_one",-3.84436159734702,32.8284714715613
253,"web|multi_factor|medium|one_to_one",-6.8057659773604,32.8284714715613
253,"web|simple|high|one_to_one",-3.39616050747644,32.8284714715613
253,"mobile|two_factor|high|one_to_one",-3.79219610341159,32.8284714715613
253,"mobile|multi_factor|high|one_to_one",-4.73776932355436,32.8284714715613
253,"web|multi_factor|high|one_to_one",-7.69917370356774,32.8284714715613
253,"web|simple|medium|multi_person",-5.37397026219562,32.8284714715613
253,"mobile|two_factor|medium|multi_person",-5.77000585813077,32.8284714715613
253,"web|two_factor|high|multi_person",-9.62481796435149,32.8284714715613
253,"web|multi_factor|high|multi_person",-10.5703911844943,32.8284714715613
253,"web|simple|medium|one_to_one",-2.5027527812691,32.8284714715613
253,"web|two_factor|medium|one_to_one",-5.86019275721763,32.8284714715613
253,"mobile|simple|high|one_to_one",-0.43475612746306,32.8284714715613
253,"mobile|simple|low|multi_person",0.16777969924038,32.8284714715613
253,"web|multi_factor|low|multi_person",-7.0966378768643,32.8284714715613
253,"web|two_factor|medium|multi_person",-8.73141023814415,32.8284714715613
253,"mobile|two_factor|low|one_to_one",-0.318442795781625,32.8284714715613
253,"web|two_factor|high|one_to_one",-6.75360048342497,32.8284714715613
253,"web|two_factor|low|one_to_one",-3.27984717579501,32.8284714715613
254,"web|simple|low|multi_person",-4.54176264071364,31.7219000563923
254,"mobile|two_factor|low|multi_person",-3.31656290455278,31.7219000563923
254,"web|two_factor|low|multi_person",-7.152933217761,31.7219000563923
254,"mobile|multi_factor|low|multi_person",-3.93904378599486,31.7219000563923
254,"mobile|simple|medium|multi_person",-2.73248039017823,31.7219000563923
254,"mobile|multi_factor|medium|multi_person",-5.96613184866767,31.7219000563923
254,"web|multi_factor|medium|multi_person",-9.80250216187589,31.7219000563923
254,"mobile|simple|high|multi_person",-2.71242248665783,31.7219000563923
254,"web|simple|high|multi_person",-6.54879279986605,31.7219000563923
254,"mobile|two_factor|high|multi_person",-5.32359306370519,31.7219000563923
254,"mobile|multi_factor|high|multi_person",-5.94607394514727,31.7219000563923
254,"mobile|simple|low|one_to_one",1.37783714527488,31.7219000563923
254,"web|simple|low|one_to_one",-2.45853316793334,31.7219000563923
254,"mobile|multi_factor|low|one_to_one",-1.85581431321456,31.7219000563923
254,"web|multi_factor|low|one_to_one",-5.69218462642278,31.7219000563923
254,"mobile|simple|medium|one_to_one",-0.649250917397929,31.7219000563923
254,"mobile|two_factor|medium|one_to_one",-3.26042149444529,31.7219000563923
254,"mobile|multi_factor|medium|one_to_one",-3.88290237588737,31.7219000563923
254,"web|multi_factor|medium|one_to_one",-7.71927268909559,31.7219000563923
254,"web|simple|high|one_to_one",-4.46556332708575,31.7219000563923
254,"mobile|two_factor|high|one_to_one",-3.24036359092489,31.7219000563923
254,"mobile|multi_factor|high|one_to_one",-3.86284447236697,31.7219000563923
254,"web|multi_factor|high|one_to_one",-7.69921478557519,31.7219000563923
254,"web|simple|medium|multi_person",-6.56885070338645,31.7219000563923
254,"mobile|two_factor|medium|multi_person",-5.34365096722559,31.7219000563923
254,"web|two_factor|high|multi_person",-9.15996337691341,31.7219000563923
254,"web|multi_factor|high|multi_person",-9.78244425835549,31.7219000563923
254,"web|simple|medium|one_to_one",-4.48562123060615,31.7219000563923
254,"web|two_factor|medium|one_to_one",-7.09679180765351,31.7219000563923
254,"mobile|simple|high|one_to_one",-0.629193013877533,31.7219000563923
254,"mobile|simple|low|multi_person",-0.705392327505421,31.7219000563923
254,"web|multi_factor|low|multi_person",-7.77541409920308,31.7219000563923
254,"web|two_factor|medium|multi_person",-9.18002128043381,31.7219000563923
254,"mobile|two_factor|low|one_to_one",-1.23333343177248,31.7219000563923
254,"web|two_factor|high|one_to_one",-7.07673390413311,31.7219000563923
254,"web|two_factor|low|one_to_one",-5.0697037449807,31.7219000563923
256,"web|simple|low|multi_person",-5.38974988104971,32.2595135046433
256,"mobile|two_factor|low|multi_person",-2.14754752354096,32.2595135046433
256,"web|two_factor|low|multi_person",-6.21189019197564,32.2595135046433
256,"mobile|multi_factor|low|multi_person",-3.4671262940399,32.2595135046433
256,"mobile|simple|medium|multi_person",-2.71174392640745,32.2595135046433
256,"mobile|multi_factor|medium|multi_person",-4.85346300783232,32.2595135046433
256,"web|multi_factor|medium|multi_person",-8.917805676267,32.2595135046433
256,"mobile|simple|high|multi_person",-2.24743492198158,32.2595135046433
256,"web|simple|high|multi_person",-6.31177759041626,32.2595135046433
256,"mobile|two_factor|high|multi_person",-3.06957523290752,32.2595135046433
256,"mobile|multi_factor|high|multi_person",-4.38915400340645,32.2595135046433
256,"mobile|simple|low|one_to_one",0.194175663296745,32.2595135046433
256,"web|simple|low|one_to_one",-3.87016700513794,32.2595135046433
256,"mobile|multi_factor|low|one_to_one",-1.94754341812813,32.2595135046433
256,"web|multi_factor|low|one_to_one",-6.01188608656281,32.2595135046433
256,"mobile|simple|medium|one_to_one",-1.19216105049568,32.2595135046433
256,"mobile|two_factor|medium|one_to_one",-2.01430136142161,32.2595135046433
256,"mobile|multi_factor|medium|one_to_one",-3.33388013192055,32.2595135046433
256,"web|multi_factor|medium|one_to_one",-7.39822280035523,32.2595135046433
256,"web|simple|high|one_to_one",-4.79219471450449,32.2595135046433
256,"mobile|two_factor|high|one_to_one",-1.54999235699574,32.2595135046433
256,"mobile|multi_factor|high|one_to_one",-2.86957112749468,32.2595135046433
256,"web|multi_factor|high|one_to_one",-6.93391379592936,32.2595135046433
256,"web|simple|medium|multi_person",-6.77608659484213,32.2595135046433
256,"mobile|two_factor|medium|multi_person",-3.53388423733339,32.2595135046433
256,"web|two_factor|high|multi_person",-7.1339179013422,32.2595135046433
256,"web|multi_factor|high|multi_person",-8.45349667184113,32.2595135046433
256,"web|simple|medium|one_to_one",-5.25650371893036,32.2595135046433
256,"web|two_factor|medium|one_to_one",-6.07864402985629,32.2595135046433
256,"mobile|simple|high|one_to_one",-0.727852046069806,32.2595135046433
256,"mobile|simple|low|multi_person",-1.32540721261503,32.2595135046433
256,"web|multi_factor|low|multi_person",-7.53146896247458,32.2595135046433
256,"web|two_factor|medium|multi_person",-7.59822690576807,32.2595135046433
256,"mobile|two_factor|low|one_to_one",-0.62796464762919,32.2595135046433
256,"web|two_factor|high|one_to_one",-5.61433502543042,32.2595135046433
256,"web|two_factor|low|one_to_one",-4.69230731606387,32.2595135046433
258,"web|simple|low|multi_person",-3.68898757237448,30.405504098314
258,"mobile|two_factor|low|multi_person",-3.02811387373798,30.405504098314
258,"web|two_factor|low|multi_person",-6.89644160094154,30.405504098314
258,"mobile|multi_factor|low|multi_person",-4.45272074598792,30.405504098314
258,"mobile|simple|medium|multi_person",-2.01483347361208,30.405504098314
258,"mobile|multi_factor|medium|multi_person",-6.64689437442908,30.405504098314
258,"web|multi_factor|medium|multi_person",-10.5152221016326,30.405504098314
258,"mobile|simple|high|multi_person",-2.57246006396039,30.405504098314
258,"web|simple|high|multi_person",-6.44078779116395,30.405504098314
258,"mobile|two_factor|high|multi_person",-5.77991409252745,30.405504098314
258,"mobile|multi_factor|high|multi_person",-7.20452096477739,30.405504098314
258,"mobile|simple|low|one_to_one",2.2248705701006,30.405504098314
258,"web|simple|low|one_to_one",-1.64345715710296,30.405504098314
258,"mobile|multi_factor|low|one_to_one",-2.4071903307164,30.405504098314
258,"web|multi_factor|low|one_to_one",-6.27551805791996,30.405504098314
258,"mobile|simple|medium|one_to_one",0.0306969416594369,30.405504098314
258,"mobile|two_factor|medium|one_to_one",-3.17675708690763,30.405504098314
258,"mobile|multi_factor|medium|one_to_one",-4.60136395915756,30.405504098314
258,"web|multi_factor|medium|one_to_one",-8.46969168636112,30.405504098314
258,"web|simple|high|one_to_one",-4.39525737589243,30.405504098314
258,"mobile|two_factor|high|one_to_one",-3.73438367725593,30.405504098314
258,"mobile|multi_factor|high|one_to_one",-5.15899054950587,30.405504098314
258,"web|multi_factor|high|one_to_one",-9.02731827670943,30.405504098314
258,"web|simple|medium|multi_person",-5.88316120081564,30.405504098314
258,"mobile|two_factor|medium|multi_person",-5.22228750217915,30.405504098314
258,"web|two_factor|high|multi_person",-9.64824181973101,30.405504098314
258,"web|multi_factor|high|multi_person",-11.072848691981,30.405504098314
258,"web|simple|medium|one_to_one",-3.83763078554412,30.405504098314
258,"web|two_factor|medium|one_to_one",-7.04508481411119,30.405504098314
258,"mobile|simple|high|one_to_one",-0.52692964868887,30.405504098314
258,"mobile|simple|low|multi_person",0.17934015482908,30.405504098314
258,"web|multi_factor|low|multi_person",-8.32104847319148,30.405504098314
258,"web|two_factor|medium|multi_person",-9.09061522938271,30.405504098314
258,"mobile|two_factor|low|one_to_one",-0.982583458466463,30.405504098314
258,"web|two_factor|high|one_to_one",-7.60271140445949,30.405504098314
258,"web|two_factor|low|one_to_one",-4.85091118567002,30.405504098314
259,"web|simple|low|multi_person",-4.95635879821778,25.3906142844267
259,"mobile|two_factor|low|multi_person",-2.22069477494388,25.3906142844267
259,"web|two_factor|low|multi_person",-7.59421870444872,25.3906142844267
259,"mobile|multi_factor|low|multi_person",-4.81965686357574,25.3906142844267
259,"mobile|simple|medium|multi_person",-1.87058679269625,25.3906142844267
259,"mobile|multi_factor|medium|multi_person",-7.10740878755905,25.3906142844267
259,"web|multi_factor|medium|multi_person",-12.4809327170639,25.3906142844267
259,"mobile|simple|high|multi_person",-2.38957015003269,25.3906142844267
259,"web|simple|high|multi_person",-7.76309407953753,25.3906142844267
259,"mobile|two_factor|high|multi_person",-5.02743005626363,25.3906142844267
259,"mobile|multi_factor|high|multi_person",-7.62639214489549,25.3906142844267
259,"mobile|simple|low|one_to_one",1.89350562004733,25.3906142844267
259,"web|simple|low|one_to_one",-3.4800183094575,25.3906142844267
259,"mobile|multi_factor|low|one_to_one",-3.34331637481547,25.3906142844267
259,"web|multi_factor|low|one_to_one",-8.7168403043203,25.3906142844267
259,"mobile|simple|medium|one_to_one",-0.394246303935978,25.3906142844267
259,"mobile|two_factor|medium|one_to_one",-3.03210621016692,25.3906142844267
259,"mobile|multi_factor|medium|one_to_one",-5.63106829879878,25.3906142844267
259,"web|multi_factor|medium|one_to_one",-11.0045922283036,25.3906142844267
259,"web|simple|high|one_to_one",-6.28675359077726,25.3906142844267
259,"mobile|two_factor|high|one_to_one",-3.55108956750336,25.3906142844267
259,"mobile|multi_factor|high|one_to_one",-6.15005165613522,25.3906142844267
259,"web|multi_factor|high|one_to_one",-11.5235755856401,25.3906142844267
259,"web|simple|medium|multi_person",-7.24411072220109,25.3906142844267
259,"mobile|two_factor|medium|multi_person",-4.50844669892719,25.3906142844267
259,"web|two_factor|high|multi_person",-10.4009539857685,25.3906142844267
259,"web|multi_factor|high|multi_person",-12.9999160744003,25.3906142844267
259,"web|simple|medium|one_to_one",-5.76777023344082,25.3906142844267
259,"web|two_factor|medium|one_to_one",-8.40563013967176,25.3906142844267
259,"mobile|simple|high|one_to_one",-0.913229661272416,25.3906142844267
259,"mobile|simple|low|multi_person",0.417165131287065,25.3906142844267
259,"web|multi_factor|low|multi_person",-10.1931807930806,25.3906142844267
259,"web|two_factor|medium|multi_person",-9.88197062843203,25.3906142844267
259,"mobile|two_factor|low|one_to_one",-0.744354286183607,25.3906142844267
259,"web|two_factor|high|one_to_one",-8.9246134970082,25.3906142844267
259,"web|two_factor|low|one_to_one",-6.11787821568845,25.3906142844267
260,"web|simple|low|multi_person",-3.44412311951184,31.0382173420665
260,"mobile|two_factor|low|multi_person",-2.82669100752834,31.0382173420665
260,"web|two_factor|low|multi_person",-6.2501736120344,31.0382173420665
260,"mobile|multi_factor|low|multi_person",-4.33433700532363,31.0382173420665
260,"mobile|simple|medium|multi_person",-2.37504333402741,31.0382173420665
260,"mobile|multi_factor|medium|multi_person",-6.68873982434526,31.0382173420665
260,"web|multi_factor|medium|multi_person",-10.1122224288513,31.0382173420665
260,"mobile|simple|high|multi_person",-2.78814539593529,31.0382173420665
260,"web|simple|high|multi_person",-6.21162800044135,31.0382173420665
260,"mobile|two_factor|high|multi_person",-5.59419588845785,31.0382173420665
260,"mobile|multi_factor|high|multi_person",-7.10184188625314,31.0382173420665
260,"mobile|simple|low|one_to_one",2.1006939777798,31.0382173420665
260,"web|simple|low|one_to_one",-1.32278862672626,31.0382173420665
260,"mobile|multi_factor|low|one_to_one",-2.21300251253805,31.0382173420665
260,"web|multi_factor|low|one_to_one",-5.63648511704411,31.0382173420665
260,"mobile|simple|medium|one_to_one",-0.253708841241826,31.0382173420665
260,"mobile|two_factor|medium|one_to_one",-3.05975933376439,31.0382173420665
260,"mobile|multi_factor|medium|one_to_one",-4.56740533155968,31.0382173420665
260,"web|multi_factor|medium|one_to_one",-7.99088793606574,31.0382173420665
260,"web|simple|high|one_to_one",-4.09029350765577,31.0382173420665
260,"mobile|two_factor|high|one_to_one",-3.47286139567227,31.0382173420665
260,"mobile|multi_factor|high|one_to_one",-4.98050739346756,31.0382173420665
260,"web|multi_factor|high|one_to_one",-8.40398999797362,31.0382173420665
260,"web|simple|medium|multi_person",-5.79852593853347,31.0382173420665
260,"mobile|two_factor|medium|multi_person",-5.18109382654997,31.0382173420665
260,"web|two_factor|high|multi_person",-9.01767849296392,31.0382173420665
260,"web|multi_factor|high|multi_person",-10.5253244907592,31.0382173420665
260,"web|simple|medium|one_to_one",-3.67719144574789,31.0382173420665
260,"web|two_factor|medium|one_to_one",-6.48324193827045,31.0382173420665
260,"mobile|simple|high|one_to_one",-0.66681090314971,31.0382173420665
260,"mobile|simple|low|multi_person",-0.02064051500578,31.0382173420665
260,"web|multi_factor|low|multi_person",-7.75781960982969,31.0382173420665
260,"web|two_factor|medium|multi_person",-8.60457643105603,31.0382173420665
260,"mobile|two_factor|low|one_to_one",-0.705356514742765,31.0382173420665
260,"web|two_factor|high|one_to_one",-6.89634400017833,31.0382173420665
260,"web|two_factor|low|one_to_one",-4.12883911924882,31.0382173420665
261,"web|simple|low|multi_person",-3.72023474929693,34.8331261122527
261,"mobile|two_factor|low|multi_person",-2.43820115699312,34.8331261122527
261,"web|two_factor|low|multi_person",-4.99307979296784,34.8331261122527
261,"mobile|multi_factor|low|multi_person",-4.02593631083116,34.8331261122527
261,"mobile|simple|medium|multi_person",-2.47404180773308,34.8331261122527
261,"mobile|multi_factor|medium|multi_person",-5.33462200524203,34.8331261122527
261,"web|multi_factor|medium|multi_person",-7.88950064121675,34.8331261122527
261,"mobile|simple|high|multi_person",-3.03835590805526,34.8331261122527
261,"web|simple|high|multi_person",-5.59323454402998,34.8331261122527
261,"mobile|two_factor|high|multi_person",-4.31120095172617,34.8331261122527
261,"mobile|multi_factor|high|multi_person",-5.89893610556421,34.8331261122527
261,"mobile|simple|low|one_to_one",0.90520857839925,34.8331261122527
261,"web|simple|low|one_to_one",-1.64967005757547,34.8331261122527
261,"mobile|multi_factor|low|one_to_one",-1.9553716191097,34.8331261122527
261,"web|multi_factor|low|one_to_one",-4.51025025508442,34.8331261122527
261,"mobile|simple|medium|one_to_one",-0.40347711601162,34.8331261122527
261,"mobile|two_factor|medium|one_to_one",-1.67632215968253,34.8331261122527
261,"mobile|multi_factor|medium|one_to_one",-3.26405731352057,34.8331261122527
261,"web|multi_factor|medium|one_to_one",-5.81893594949529,34.8331261122527
261,"web|simple|high|one_to_one",-3.52266985230852,34.8331261122527
261,"mobile|two_factor|high|one_to_one",-2.24063626000471,34.8331261122527
261,"mobile|multi_factor|high|one_to_one",-3.82837141384275,34.8331261122527
261,"web|multi_factor|high|one_to_one",-6.38325004981747,34.8331261122527
261,"web|simple|medium|multi_person",-5.0289204437078,34.8331261122527
261,"mobile|two_factor|medium|multi_person",-3.74688685140399,34.8331261122527
261,"web|two_factor|high|multi_person",-6.86607958770089,34.8331261122527
261,"web|multi_factor|high|multi_person",-8.45381474153893,34.8331261122527
261,"web|simple|medium|one_to_one",-2.95835575198634,34.8331261122527
261,"web|two_factor|medium|one_to_one",-4.23120079565725,34.8331261122527
261,"mobile|simple|high|one_to_one",-0.967791216333801,34.8331261122527
261,"mobile|simple|low|multi_person",-1.16535611332221,34.8331261122527
261,"web|multi_factor|low|multi_person",-6.58081494680588,34.8331261122527
261,"web|two_factor|medium|multi_person",-6.30176548737871,34.8331261122527
261,"mobile|two_factor|low|one_to_one",-0.367636465271663,34.8331261122527
261,"web|two_factor|high|one_to_one",-4.79551489597943,34.8331261122527
261,"web|two_factor|low|one_to_one",-2.92251510124638,34.8331261122527
263,"web|simple|low|multi_person",-5.2635978402912,19.688365138987
263,"mobile|two_factor|low|multi_person",-5.97349947817165,19.688365138987
263,"web|two_factor|low|multi_person",-11.0212137190676,19.688365138987
263,"mobile|multi_factor|low|multi_person",-7.82610881224154,19.688365138987
263,"mobile|simple|medium|multi_person",-1.87276852642673,19.688365138987
263,"mobile|multi_factor|medium|multi_person",-9.48299373927305,19.688365138987
263,"web|multi_factor|medium|multi_person",-14.530707980169,19.688365138987
263,"mobile|simple|high|multi_person",-2.23383824047175,19.688365138987
263,"web|simple|high|multi_person",-7.28155248136773,19.688365138987
263,"mobile|two_factor|high|multi_person",-7.99145411924818,19.688365138987
263,"mobile|multi_factor|high|multi_person",-9.84406345331807,19.688365138987
263,"mobile|simple|low|one_to_one",1.84732221128548,19.688365138987
263,"web|simple|low|one_to_one",-3.2003920296105,19.688365138987
263,"mobile|multi_factor|low|one_to_one",-5.76290300156084,19.688365138987
263,"web|multi_factor|low|one_to_one",-10.8106172424568,19.688365138987
263,"mobile|simple|medium|one_to_one",0.190437284253973,19.688365138987
263,"mobile|two_factor|medium|one_to_one",-5.56717859452246,19.688365138987
263,"mobile|multi_factor|medium|one_to_one",-7.41978792859235,19.688365138987
263,"web|multi_factor|medium|one_to_one",-12.4675021694883,19.688365138987
263,"web|simple|high|one_to_one",-5.21834667068703,19.688365138987
263,"mobile|two_factor|high|one_to_one",-5.92824830856748,19.688365138987
263,"mobile|multi_factor|high|one_to_one",-7.78085764263737,19.688365138987
263,"web|multi_factor|high|one_to_one",-12.8285718835334,19.688365138987
263,"web|simple|medium|multi_person",-6.92048276732271,19.688365138987
263,"mobile|two_factor|medium|multi_person",-7.63038440520316,19.688365138987
263,"web|two_factor|high|multi_person",-13.0391683601442,19.688365138987
263,"web|multi_factor|high|multi_person",-14.8917776942141,19.688365138987
263,"web|simple|medium|one_to_one",-4.85727695664201,19.688365138987
263,"web|two_factor|medium|one_to_one",-10.6148928354184,19.688365138987
263,"mobile|simple|high|one_to_one",-0.170632429791055,19.688365138987
263,"mobile|simple|low|multi_person",-0.21588359939522,19.688365138987
263,"web|multi_factor|low|multi_person",-12.8738230531375,19.688365138987
263,"web|two_factor|medium|multi_person",-12.6780986460991,19.688365138987
263,"mobile|two_factor|low|one_to_one",-3.91029366749095,19.688365138987
263,"web|two_factor|high|one_to_one",-10.9759625494635,19.688365138987
263,"web|two_factor|low|one_to_one",-8.95800790838693,19.688365138987
264,"web|simple|low|multi_person",-5.04595266587882,27.8425404068767
264,"mobile|two_factor|low|multi_person",-3.02390013708813,27.8425404068767
264,"web|two_factor|low|multi_person",-7.85330494160927,27.8425404068767
264,"mobile|multi_factor|low|multi_person",-4.47542908797534,27.8425404068767
264,"mobile|simple|medium|multi_person",-2.52082863983493,27.8425404068767
264,"mobile|multi_factor|medium|multi_person",-6.77970986645259,27.8425404068767
264,"web|multi_factor|medium|multi_person",-11.6091146709737,27.8425404068767
264,"mobile|simple|high|multi_person",-1.56774325886973,27.8425404068767
264,"web|simple|high|multi_person",-6.39714806339087,27.8425404068767
264,"mobile|two_factor|high|multi_person",-4.37509553460018,27.8425404068767
264,"mobile|multi_factor|high|multi_person",-5.82662448548739,27.8425404068767
264,"mobile|simple|low|one_to_one",1.2569283900002,27.8425404068767
264,"web|simple|low|one_to_one",-3.57247641452094,27.8425404068767
264,"mobile|multi_factor|low|one_to_one",-3.00195283661746,27.8425404068767
264,"web|multi_factor|low|one_to_one",-7.8313576411386,27.8425404068767
264,"mobile|simple|medium|one_to_one",-1.04735238847705,27.8425404068767
264,"mobile|two_factor|medium|one_to_one",-3.8547046642075,27.8425404068767
264,"mobile|multi_factor|medium|one_to_one",-5.30623361509471,27.8425404068767
264,"web|multi_factor|medium|one_to_one",-10.1356384196159,27.8425404068767
264,"web|simple|high|one_to_one",-4.92367181203299,27.8425404068767
264,"mobile|two_factor|high|one_to_one",-2.9016192832423,27.8425404068767
264,"mobile|multi_factor|high|one_to_one",-4.35314823412951,27.8425404068767
264,"web|multi_factor|high|one_to_one",-9.18255303865065,27.8425404068767
264,"web|simple|medium|multi_person",-7.35023344435607,27.8425404068767
264,"mobile|two_factor|medium|multi_person",-5.32818091556538,27.8425404068767
264,"web|two_factor|high|multi_person",-9.20450033912132,27.8425404068767
264,"web|multi_factor|high|multi_person",-10.6560292900085,27.8425404068767
264,"web|simple|medium|one_to_one",-5.87675719299819,27.8425404068767
264,"web|two_factor|medium|one_to_one",-8.68410946872864,27.8425404068767
264,"mobile|simple|high|one_to_one",-0.0942670075118541,27.8425404068767
264,"mobile|simple|low|multi_person",-0.216547861357678,27.8425404068767
264,"web|multi_factor|low|multi_person",-9.30483389249648,27.8425404068767
264,"web|two_factor|medium|multi_person",-10.1575857200865,27.8425404068767
264,"mobile|two_factor|low|one_to_one",-1.55042388573025,27.8425404068767
264,"web|two_factor|high|one_to_one",-7.73102408776344,27.8425404068767
264,"web|two_factor|low|one_to_one",-6.37982869025139,27.8425404068767
265,"web|simple|low|multi_person",-3.62727584903005,31.0706505385216
265,"mobile|two_factor|low|multi_person",-3.52986532841062,31.0706505385216
265,"web|two_factor|low|multi_person",-6.849917092351,31.0706505385216
265,"mobile|multi_factor|low|multi_person",-4.2745016990365,31.0706505385216
265,"mobile|simple|medium|multi_person",-2.60213334571907,31.0706505385216
265,"mobile|multi_factor|medium|multi_person",-6.5694109596659,31.0706505385216
265,"web|multi_factor|medium|multi_person",-9.88946272360628,31.0706505385216
265,"mobile|simple|high|multi_person",-2.81921979986226,31.0706505385216
265,"web|simple|high|multi_person",-6.13927156380264,31.0706505385216
265,"mobile|two_factor|high|multi_person",-6.04186104318321,31.0706505385216
265,"mobile|multi_factor|high|multi_person",-6.78649741380909,31.0706505385216
265,"mobile|simple|low|one_to_one",1.90305302997251,31.0706505385216
265,"web|simple|low|one_to_one",-1.41699873396787,31.0706505385216
265,"mobile|multi_factor|low|one_to_one",-2.06422458397432,31.0706505385216
265,"web|multi_factor|low|one_to_one",-5.3842763479147,31.0706505385216
265,"mobile|simple|medium|one_to_one",-0.391856230656886,31.0706505385216
265,"mobile|two_factor|medium|one_to_one",-3.61449747397783,31.0706505385216
265,"mobile|multi_factor|medium|one_to_one",-4.35913384460372,31.0706505385216
265,"web|multi_factor|medium|one_to_one",-7.6791856085441,31.0706505385216
265,"web|simple|high|one_to_one",-3.92899444874046,31.0706505385216
265,"mobile|two_factor|high|one_to_one",-3.83158392812103,31.0706505385216
265,"mobile|multi_factor|high|one_to_one",-4.57622029874691,31.0706505385216
265,"web|multi_factor|high|one_to_one",-7.89627206268729,31.0706505385216
265,"web|simple|medium|multi_person",-5.92218510965945,31.0706505385216
265,"mobile|two_factor|medium|multi_person",-5.82477458904001,31.0706505385216
265,"web|two_factor|high|multi_person",-9.36191280712359,31.0706505385216
265,"web|multi_factor|high|multi_person",-10.1065491777495,31.0706505385216
265,"web|simple|medium|one_to_one",-3.71190799459727,31.0706505385216
265,"web|two_factor|medium|one_to_one",-6.93454923791821,31.0706505385216
265,"mobile|simple|high|one_to_one",-0.608942684800084,31.0706505385216
265,"mobile|simple|low|multi_person",-0.30722408508967,31.0706505385216
265,"web|multi_factor|low|multi_person",-7.59455346297688,31.0706505385216
265,"web|two_factor|medium|multi_person",-9.14482635298039,31.0706505385216
265,"mobile|two_factor|low|one_to_one",-1.31958821334844,31.0706505385216
265,"web|two_factor|high|one_to_one",-7.15163569206141,31.0706505385216
265,"web|two_factor|low|one_to_one",-4.63963997728882,31.0706505385216
266,"web|simple|low|multi_person",-5.16837009440333,23.1085260913277
266,"mobile|two_factor|low|multi_person",-5.33052174792284,23.1085260913277
266,"web|two_factor|low|multi_person",-10.6799203750261,23.1085260913277
266,"mobile|multi_factor|low|multi_person",-5.05717371300985,23.1085260913277
266,"mobile|simple|medium|multi_person",-1.75432933152061,23.1085260913277
266,"mobile|multi_factor|medium|multi_person",-6.99253157723037,23.1085260913277
266,"web|multi_factor|medium|multi_person",-12.3419302043336,23.1085260913277
266,"mobile|simple|high|multi_person",-2.85800750522538,23.1085260913277
266,"web|simple|high|multi_person",-8.20740613232862,23.1085260913277
266,"mobile|two_factor|high|multi_person",-8.36955778584813,23.1085260913277
266,"mobile|multi_factor|high|multi_person",-8.09620975093514,23.1085260913277
266,"mobile|simple|low|one_to_one",2.25089409674763,23.1085260913277
266,"web|simple|low|one_to_one",-3.09850453035561,23.1085260913277
266,"mobile|multi_factor|low|one_to_one",-2.98730814896213,23.1085260913277
266,"web|multi_factor|low|one_to_one",-8.33670677606537,23.1085260913277
266,"mobile|simple|medium|one_to_one",0.315536232527115,23.1085260913277
266,"mobile|two_factor|medium|one_to_one",-5.19601404809563,23.1085260913277
266,"mobile|multi_factor|medium|one_to_one",-4.92266601318264,23.1085260913277
266,"web|multi_factor|medium|one_to_one",-10.2720646402859,23.1085260913277
266,"web|simple|high|one_to_one",-6.1375405682809,23.1085260913277
266,"mobile|two_factor|high|one_to_one",-6.29969222180041,23.1085260913277
266,"mobile|multi_factor|high|one_to_one",-6.02634418688742,23.1085260913277
266,"web|multi_factor|high|one_to_one",-11.3757428139907,23.1085260913277
266,"web|simple|medium|multi_person",-7.10372795862385,23.1085260913277
266,"mobile|two_factor|medium|multi_person",-7.26587961214336,23.1085260913277
266,"web|two_factor|high|multi_person",-13.7189564129514,23.1085260913277
266,"web|multi_factor|high|multi_person",-13.4456083780384,23.1085260913277
266,"web|simple|medium|one_to_one",-5.03386239457612,23.1085260913277
266,"web|two_factor|medium|one_to_one",-10.5454126751989,23.1085260913277
266,"mobile|simple|high|one_to_one",-0.788141941177659,23.1085260913277
266,"mobile|simple|low|multi_person",0.18102853269991,23.1085260913277
266,"web|multi_factor|low|multi_person",-10.4065723401131,23.1085260913277
266,"web|two_factor|medium|multi_person",-12.6152782392466,23.1085260913277
266,"mobile|two_factor|low|one_to_one",-3.26065618387512,23.1085260913277
266,"web|two_factor|high|one_to_one",-11.6490908489037,23.1085260913277
266,"web|two_factor|low|one_to_one",-8.61005481097836,23.1085260913277
267,"web|simple|low|multi_person",-4.31211315056878,32.4147486708496
267,"mobile|two_factor|low|multi_person",-2.04951229943731,32.4147486708496
267,"web|two_factor|low|multi_person",-6.12596328438059,32.4147486708496
267,"mobile|multi_factor|low|multi_person",-3.67495657046438,32.4147486708496
267,"mobile|simple|medium|multi_person",-2.48822938171275,32.4147486708496
267,"mobile|multi_factor|medium|multi_person",-5.92752378655163,32.4147486708496
267,"web|multi_factor|medium|multi_person",-10.0039747714949,32.4147486708496
267,"mobile|simple|high|multi_person",-2.55886866132165,32.4147486708496
267,"web|simple|high|multi_person",-6.63531964626493,32.4147486708496
267,"mobile|two_factor|high|multi_person",-4.37271879513346,32.4147486708496
267,"mobile|multi_factor|high|multi_person",-5.99816306616053,32.4147486708496
267,"mobile|simple|low|one_to_one",1.92235053176652,32.4147486708496
267,"web|simple|low|one_to_one",-2.15410045317676,32.4147486708496
267,"mobile|multi_factor|low|one_to_one",-1.51694387307236,32.4147486708496
267,"web|multi_factor|low|one_to_one",-5.59339485801564,32.4147486708496
267,"mobile|simple|medium|one_to_one",-0.330216684320733,32.4147486708496
267,"mobile|two_factor|medium|one_to_one",-2.14406681813255,32.4147486708496
267,"mobile|multi_factor|medium|one_to_one",-3.76951108915961,32.4147486708496
267,"web|multi_factor|medium|one_to_one",-7.84596207410289,32.4147486708496
267,"web|simple|high|one_to_one",-4.47730694887291,32.4147486708496
267,"mobile|two_factor|high|one_to_one",-2.21470609774144,32.4147486708496
267,"mobile|multi_factor|high|one_to_one",-3.84015036876851,32.4147486708496
267,"web|multi_factor|high|one_to_one",-7.91660135371179,32.4147486708496
267,"web|simple|medium|multi_person",-6.56468036665603,32.4147486708496
267,"mobile|two_factor|medium|multi_person",-4.30207951552456,32.4147486708496
267,"web|two_factor|high|multi_person",-8.44916978007674,32.4147486708496
267,"web|multi_factor|high|multi_person",-10.0746140511038,32.4147486708496
267,"web|simple|medium|one_to_one",-4.40666766926401,32.4147486708496
267,"web|two_factor|medium|one_to_one",-6.22051780307583,32.4147486708496
267,"mobile|simple|high|one_to_one",-0.400855963929632,32.4147486708496
267,"mobile|simple|low|multi_person",-0.2356621656255,32.4147486708496
267,"web|multi_factor|low|multi_person",-7.75140755540766,32.4147486708496
267,"web|two_factor|medium|multi_person",-8.37853050046784,32.4147486708496
267,"mobile|two_factor|low|one_to_one",0.108500397954708,32.4147486708496
267,"web|two_factor|high|one_to_one",-6.29115708268472,32.4147486708496
267,"web|two_factor|low|one_to_one",-3.96795058698857,32.4147486708496
268,"web|simple|low|multi_person",-4.32136933033559,23.7403783050713
268,"mobile|two_factor|low|multi_person",-3.06127118474469,23.7403783050713
268,"web|two_factor|low|multi_person",-8.25426376953217,23.7403783050713
268,"mobile|multi_factor|low|multi_person",-5.5978487606064,23.7403783050713
268,"mobile|simple|medium|multi_person",-1.52308014197457,23.7403783050713
268,"mobile|multi_factor|medium|multi_person",-7.99255215703286,23.7403783050713
268,"web|multi_factor|medium|multi_person",-13.1855447418203,23.7403783050713
268,"mobile|simple|high|multi_person",-2.31918417521092,23.7403783050713
268,"web|simple|high|multi_person",-7.5121767599984,23.7403783050713
268,"mobile|two_factor|high|multi_person",-6.25207861440751,23.7403783050713
268,"mobile|multi_factor|high|multi_person",-8.78865619026922,23.7403783050713
268,"mobile|simple|low|one_to_one",2.04298925502588,23.7403783050713
268,"web|simple|low|one_to_one",-3.1500033297616,23.7403783050713
268,"mobile|multi_factor|low|one_to_one",-4.42648276003241,23.7403783050713
268,"web|multi_factor|low|one_to_one",-9.61947534481989,23.7403783050713
268,"mobile|simple|medium|one_to_one",-0.35171414140058,23.7403783050713
268,"mobile|two_factor|medium|one_to_one",-4.28460858059717,23.7403783050713
268,"mobile|multi_factor|medium|one_to_one",-6.82118615645887,23.7403783050713
268,"web|multi_factor|medium|one_to_one",-12.0141787412464,23.7403783050713
268,"web|simple|high|one_to_one",-6.34081075942442,23.7403783050713
268,"mobile|two_factor|high|one_to_one",-5.08071261383353,23.7403783050713
268,"mobile|multi_factor|high|one_to_one",-7.61729018969523,23.7403783050713
268,"web|multi_factor|high|one_to_one",-12.8102827744827,23.7403783050713
268,"web|simple|medium|multi_person",-6.71607272676205,23.7403783050713
268,"mobile|two_factor|medium|multi_person",-5.45597458117116,23.7403783050713
268,"web|two_factor|high|multi_person",-11.445071199195,23.7403783050713
268,"web|multi_factor|high|multi_person",-13.9816487750567,23.7403783050713
268,"web|simple|medium|one_to_one",-5.54470672618806,23.7403783050713
268,"web|two_factor|medium|one_to_one",-9.47760116538465,23.7403783050713
268,"mobile|simple|high|one_to_one",-1.14781817463694,23.7403783050713
268,"mobile|simple|low|multi_person",0.871623254451896,23.7403783050713
268,"web|multi_factor|low|multi_person",-10.7908413453939,23.7403783050713
268,"web|two_factor|medium|multi_person",-10.6489671659586,23.7403783050713
268,"mobile|two_factor|low|one_to_one",-1.88990518417071,23.7403783050713
268,"web|two_factor|high|one_to_one",-10.273705198621,23.7403783050713
268,"web|two_factor|low|one_to_one",-7.08289776895819,23.7403783050713
269,"web|simple|low|multi_person",-3.29390988419615,23.9546028802358
269,"mobile|two_factor|low|multi_person",-4.34248665450558,23.9546028802358
269,"web|two_factor|low|multi_person",-8.26094901820538,23.9546028802358
269,"mobile|multi_factor|low|multi_person",-6.70994268931862,23.9546028802358
269,"mobile|simple|medium|multi_person",-1.9769726245131,23.9546028802358
269,"mobile|multi_factor|medium|multi_person",-9.31146779333537,23.9546028802358
269,"web|multi_factor|medium|multi_person",-13.2299301570352,23.9546028802358
269,"mobile|simple|high|multi_person",-2.40386144133761,23.9546028802358
269,"web|simple|high|multi_person",-6.32232380503741,23.9546028802358
269,"mobile|two_factor|high|multi_person",-7.37090057534684,23.9546028802358
269,"mobile|multi_factor|high|multi_person",-9.73835661015988,23.9546028802358
269,"mobile|simple|low|one_to_one",2.01181047557665,23.9546028802358
269,"web|simple|low|one_to_one",-1.90665188812315,23.9546028802358
269,"mobile|multi_factor|low|one_to_one",-5.32268469324562,23.9546028802358
269,"web|multi_factor|low|one_to_one",-9.24114705694542,23.9546028802358
269,"mobile|simple|medium|one_to_one",-0.589714628440103,23.9546028802358
269,"mobile|two_factor|medium|one_to_one",-5.55675376244933,23.9546028802358
269,"mobile|multi_factor|medium|one_to_one",-7.92420979726237,23.9546028802358
269,"web|multi_factor|medium|one_to_one",-11.8426721609622,23.9546028802358
269,"web|simple|high|one_to_one",-4.93506580896441,23.9546028802358
269,"mobile|two_factor|high|one_to_one",-5.98364257927384,23.9546028802358
269,"mobile|multi_factor|high|one_to_one",-8.35109861408688,23.9546028802358
269,"web|multi_factor|high|one_to_one",-12.2695609777867,23.9546028802358
269,"web|simple|medium|multi_person",-5.8954349882129,23.9546028802358
269,"mobile|two_factor|medium|multi_person",-6.94401175852233,23.9546028802358
269,"web|two_factor|high|multi_person",-11.2893629390466,23.9546028802358
269,"web|multi_factor|high|multi_person",-13.6568189738597,23.9546028802358
269,"web|simple|medium|one_to_one",-4.5081769921399,23.9546028802358
269,"web|two_factor|medium|one_to_one",-9.47521612614913,23.9546028802358
269,"mobile|simple|high|one_to_one",-1.01660344526461,23.9546028802358
269,"mobile|simple|low|multi_person",0.624552479503649,23.9546028802358
269,"web|multi_factor|low|multi_person",-10.6284050530184,23.9546028802358
269,"web|two_factor|medium|multi_person",-10.8624741222221,23.9546028802358
269,"mobile|two_factor|low|one_to_one",-2.95522865843258,23.9546028802358
269,"web|two_factor|high|one_to_one",-9.90210494297364,23.9546028802358
269,"web|two_factor|low|one_to_one",-6.87369102213238,23.9546028802358
270,"web|simple|low|multi_person",-3.20110608030419,35.8044654362111
270,"mobile|two_factor|low|multi_person",-2.74985867330669,35.8044654362111
270,"web|two_factor|low|multi_person",-4.55603230576659,35.8044654362111
270,"mobile|multi_factor|low|multi_person",-2.91489477933459,35.8044654362111
270,"mobile|simple|medium|multi_person",-3.60399783056639,35.8044654362111
270,"mobile|multi_factor|medium|multi_person",-5.1239601620567,35.8044654362111
270,"web|multi_factor|medium|multi_person",-6.9301337945166,35.8044654362111
270,"mobile|simple|high|multi_person",-4.16502775778685,35.8044654362111
270,"web|simple|high|multi_person",-5.97120139024675,35.8044654362111
270,"mobile|two_factor|high|multi_person",-5.51995398324925,35.8044654362111
270,"mobile|multi_factor|high|multi_person",-5.68499008927715,35.8044654362111
270,"mobile|simple|low|one_to_one",1.17850267341175,35.8044654362111
270,"web|simple|low|one_to_one",-0.62767095904815,35.8044654362111
270,"mobile|multi_factor|low|one_to_one",-0.34145965807855,35.8044654362111
270,"web|multi_factor|low|one_to_one",-2.14763329053845,35.8044654362111
270,"mobile|simple|medium|one_to_one",-1.03056270931035,35.8044654362111
270,"mobile|two_factor|medium|one_to_one",-2.38548893477275,35.8044654362111
270,"mobile|multi_factor|medium|one_to_one",-2.55052504080066,35.8044654362111
270,"web|multi_factor|medium|one_to_one",-4.35669867326056,35.8044654362111
270,"web|simple|high|one_to_one",-3.39776626899071,35.8044654362111
270,"mobile|two_factor|high|one_to_one",-2.94651886199321,35.8044654362111
270,"mobile|multi_factor|high|one_to_one",-3.11155496802111,35.8044654362111
270,"web|multi_factor|high|one_to_one",-4.91772860048101,35.8044654362111
270,"web|simple|medium|multi_person",-5.4101714630263,35.8044654362111
270,"mobile|two_factor|medium|multi_person",-4.95892405602879,35.8044654362111
270,"web|two_factor|high|multi_person",-7.32612761570915,35.8044654362111
270,"web|multi_factor|high|multi_person",-7.49116372173705,35.8044654362111
270,"web|simple|medium|one_to_one",-2.83673634177026,35.8044654362111
270,"web|two_factor|medium|one_to_one",-4.19166256723266,35.8044654362111
270,"mobile|simple|high|one_to_one",-1.59159263653081,35.8044654362111
270,"mobile|simple|low|multi_person",-1.39493244784429,35.8044654362111
270,"web|multi_factor|low|multi_person",-4.72106841179449,35.8044654362111
270,"web|two_factor|medium|multi_person",-6.7650976884887,35.8044654362111
270,"mobile|two_factor|low|one_to_one",-0.176423552050648,35.8044654362111
270,"web|two_factor|high|one_to_one",-4.75269249445311,35.8044654362111
270,"web|two_factor|low|one_to_one",-1.98259718451055,35.8044654362111
271,"web|simple|low|multi_person",-3.93411961843735,22.3320528874384
271,"mobile|two_factor|low|multi_person",-3.70581245344405,22.3320528874384
271,"web|two_factor|low|multi_person",-7.62744254143217,22.3320528874384
271,"mobile|multi_factor|low|multi_person",-5.10308658248108,22.3320528874384
271,"mobile|simple|medium|multi_person",-3.42921255703278,22.3320528874384
271,"mobile|multi_factor|medium|multi_person",-8.51980960906463,22.3320528874384
271,"web|multi_factor|medium|multi_person",-12.4414396970528,22.3320528874384
271,"mobile|simple|high|multi_person",-4.01766279998958,22.3320528874384
271,"web|simple|high|multi_person",-7.9392928879777,22.3320528874384
271,"mobile|two_factor|high|multi_person",-7.7109857229844,22.3320528874384
271,"mobile|multi_factor|high|multi_person",-9.10825985202143,22.3320528874384
271,"mobile|simple|low|one_to_one",1.21156816782381,22.3320528874384
271,"web|simple|low|one_to_one",-2.71006192016431,22.3320528874384
271,"mobile|multi_factor|low|one_to_one",-3.87902888420804,22.3320528874384
271,"web|multi_factor|low|one_to_one",-7.80065897219616,22.3320528874384
271,"mobile|simple|medium|one_to_one",-2.20515485875974,22.3320528874384
271,"mobile|two_factor|medium|one_to_one",-5.89847778175455,22.3320528874384
271,"mobile|multi_factor|medium|one_to_one",-7.29575191079159,22.3320528874384
271,"web|multi_factor|medium|one_to_one",-11.2173819987797,22.3320528874384
271,"web|simple|high|one_to_one",-6.71523518970466,22.3320528874384
271,"mobile|two_factor|high|one_to_one",-6.48692802471135,22.3320528874384
271,"mobile|multi_factor|high|one_to_one",-7.88420215374839,22.3320528874384
271,"web|multi_factor|high|one_to_one",-11.8058322417365,22.3320528874384
271,"web|simple|medium|multi_person",-7.3508426450209,22.3320528874384
271,"mobile|two_factor|medium|multi_person",-7.1225354800276,22.3320528874384
271,"web|two_factor|high|multi_person",-11.6326158109725,22.3320528874384
271,"web|multi_factor|high|multi_person",-13.0298899400096,22.3320528874384
271,"web|simple|medium|one_to_one",-6.12678494674786,22.3320528874384
271,"web|two_factor|medium|one_to_one",-9.82010786974267,22.3320528874384
271,"mobile|simple|high|one_to_one",-2.79360510171654,22.3320528874384
271,"mobile|simple|low|multi_person",-0.0124895304492334,22.3320528874384
271,"web|multi_factor|low|multi_person",-9.0247166704692,22.3320528874384
271,"web|two_factor|medium|multi_person",-11.0441655680157,22.3320528874384
271,"mobile|two_factor|low|one_to_one",-2.481754755171,22.3320528874384
271,"web|two_factor|high|one_to_one",-10.4085581126995,22.3320528874384
271,"web|two_factor|low|one_to_one",-6.40338484315912,22.3320528874384
272,"web|simple|low|multi_person",-3.8507087297512,35.3484666125288
272,"mobile|two_factor|low|multi_person",-2.12029774576135,35.3484666125288
272,"web|two_factor|low|multi_person",-5.39090959479073,35.3484666125288
272,"mobile|multi_factor|low|multi_person",-2.59765004454619,35.3484666125288
272,"mobile|simple|medium|multi_person",-2.75279622817986,35.3484666125288
272,"mobile|multi_factor|medium|multi_person",-4.77034939200423,35.3484666125288
272,"web|multi_factor|medium|multi_person",-8.04096124103361,35.3484666125288
272,"mobile|simple|high|multi_person",-3.12007030522571,35.3484666125288
272,"web|simple|high|multi_person",-6.39068215425509,35.3484666125288
272,"mobile|two_factor|high|multi_person",-4.66027117026524,35.3484666125288
272,"mobile|multi_factor|high|multi_person",-5.13762346905008,35.3484666125288
272,"mobile|simple|low|one_to_one",1.75500942631454,35.3484666125288
272,"web|simple|low|one_to_one",-1.51560242271484,35.3484666125288
272,"mobile|multi_factor|low|one_to_one",-0.262543737509829,35.3484666125288
272,"web|multi_factor|low|one_to_one",-3.53315558653921,35.3484666125288
272,"mobile|simple|medium|one_to_one",-0.417689921143501,35.3484666125288
272,"mobile|two_factor|medium|one_to_one",-1.95789078618304,35.3484666125288
272,"mobile|multi_factor|medium|one_to_one",-2.43524308496787,35.3484666125288
272,"web|multi_factor|medium|one_to_one",-5.70585493399725,35.3484666125288
272,"web|simple|high|one_to_one",-4.05557584721873,35.3484666125288
272,"mobile|two_factor|high|one_to_one",-2.32516486322888,35.3484666125288
272,"mobile|multi_factor|high|one_to_one",-2.80251716201372,35.3484666125288
272,"web|multi_factor|high|one_to_one",-6.0731290110431,35.3484666125288
272,"web|simple|medium|multi_person",-6.02340807720924,35.3484666125288
272,"mobile|two_factor|medium|multi_person",-4.2929970932194,35.3484666125288
272,"web|two_factor|high|multi_person",-7.93088301929462,35.3484666125288
272,"web|multi_factor|high|multi_person",-8.40823531807946,35.3484666125288
272,"web|simple|medium|one_to_one",-3.68830177017288,35.3484666125288
272,"web|two_factor|medium|one_to_one",-5.22850263521241,35.3484666125288
272,"mobile|simple|high|one_to_one",-0.784963998189348,35.3484666125288
272,"mobile|simple|low|multi_person",-0.58009688072182,35.3484666125288
272,"web|multi_factor|low|multi_person",-5.86826189357557,35.3484666125288
272,"web|two_factor|medium|multi_person",-7.56360894224878,35.3484666125288
272,"mobile|two_factor|low|one_to_one",0.214808561275006,35.3484666125288
272,"web|two_factor|high|one_to_one",-5.59577671225826,35.3484666125288
272,"web|two_factor|low|one_to_one",-3.05580328775437,35.3484666125288
273,"web|simple|low|multi_person",-4.15728521627531,22.2205350473753
273,"mobile|two_factor|low|multi_person",-3.09731231508181,22.2205350473753
273,"web|two_factor|low|multi_person",-8.08162676339303,22.2205350473753
273,"mobile|multi_factor|low|multi_person",-5.06652728345615,22.2205350473753
273,"mobile|simple|medium|multi_person",-2.43964485414691,22.2205350473753
273,"mobile|multi_factor|medium|multi_person",-8.33320136963897,22.2205350473753
273,"web|multi_factor|medium|multi_person",-13.3175158179502,22.2205350473753
273,"mobile|simple|high|multi_person",-3.08104933484752,22.2205350473753
273,"web|simple|high|multi_person",-8.06536378315874,22.2205350473753
273,"mobile|two_factor|high|multi_person",-7.00539088196524,22.2205350473753
273,"mobile|multi_factor|high|multi_person",-8.97460585033958,22.2205350473753
273,"mobile|simple|low|one_to_one",1.93125443346351,22.2205350473753
273,"web|simple|low|one_to_one",-3.05306001484771,22.2205350473753
273,"mobile|multi_factor|low|one_to_one",-3.96230208202855,22.2205350473753
273,"web|multi_factor|low|one_to_one",-8.94661653033977,22.2205350473753
273,"mobile|simple|medium|one_to_one",-1.33541965271931,22.2205350473753
273,"mobile|two_factor|medium|one_to_one",-5.25976119983703,22.2205350473753
273,"mobile|multi_factor|medium|one_to_one",-7.22897616821137,22.2205350473753
273,"web|multi_factor|medium|one_to_one",-12.2132906165226,22.2205350473753
273,"web|simple|high|one_to_one",-6.96113858173114,22.2205350473753
273,"mobile|two_factor|high|one_to_one",-5.90116568053764,22.2205350473753
273,"mobile|multi_factor|high|one_to_one",-7.87038064891198,22.2205350473753
273,"web|multi_factor|high|one_to_one",-12.8546950972232,22.2205350473753
273,"web|simple|medium|multi_person",-7.42395930245813,22.2205350473753
273,"mobile|two_factor|medium|multi_person",-6.36398640126463,22.2205350473753
273,"web|two_factor|high|multi_person",-11.9897053302765,22.2205350473753
273,"web|multi_factor|high|multi_person",-13.9589202986508,22.2205350473753
273,"web|simple|medium|one_to_one",-6.31973410103053,22.2205350473753
273,"web|two_factor|medium|one_to_one",-10.2440756481482,22.2205350473753
273,"mobile|simple|high|one_to_one",-1.97682413341992,22.2205350473753
273,"mobile|simple|low|multi_person",0.827029232035908,22.2205350473753
273,"web|multi_factor|low|multi_person",-10.0508417317674,22.2205350473753
273,"web|two_factor|medium|multi_person",-11.3483008495759,22.2205350473753
273,"mobile|two_factor|low|one_to_one",-1.99308711365421,22.2205350473753
273,"web|two_factor|high|one_to_one",-10.8854801288489,22.2205350473753
273,"web|two_factor|low|one_to_one",-6.97740156196543,22.2205350473753
274,"web|simple|low|multi_person",-4.43506930184215,25.7124042506356
274,"mobile|two_factor|low|multi_person",-4.23602855478761,25.7124042506356
274,"web|two_factor|low|multi_person",-8.55869769629221,25.7124042506356
274,"mobile|multi_factor|low|multi_person",-6.29195410260491,25.7124042506356
274,"mobile|simple|medium|multi_person",-1.02181877716175,25.7124042506356
274,"mobile|multi_factor|medium|multi_person",-7.20137271942911,25.7124042506356
274,"web|multi_factor|medium|multi_person",-11.5240418609337,25.7124042506356
274,"mobile|simple|high|multi_person",-2.62139501901565,25.7124042506356
274,"web|simple|high|multi_person",-6.94406416052025,25.7124042506356
274,"mobile|two_factor|high|multi_person",-6.74502341346571,25.7124042506356
274,"mobile|multi_factor|high|multi_person",-8.800948961283,25.7124042506356
274,"mobile|simple|low|one_to_one",1.55064717669593,25.7124042506356
274,"web|simple|low|one_to_one",-2.77202196480867,25.7124042506356
274,"mobile|multi_factor|low|one_to_one",-4.62890676557143,25.7124042506356
274,"web|multi_factor|low|one_to_one",-8.95157590707603,25.7124042506356
274,"mobile|simple|medium|one_to_one",0.641228559871725,25.7124042506356
274,"mobile|two_factor|medium|one_to_one",-3.48239983457833,25.7124042506356
274,"mobile|multi_factor|medium|one_to_one",-5.53832538239563,25.7124042506356
274,"web|multi_factor|medium|one_to_one",-9.86099452390024,25.7124042506356
274,"web|simple|high|one_to_one",-5.28101682348677,25.7124042506356
274,"mobile|two_factor|high|one_to_one",-5.08197607643223,25.7124042506356
274,"mobile|multi_factor|high|one_to_one",-7.13790162424953,25.7124042506356
274,"web|multi_factor|high|one_to_one",-11.4605707657541,25.7124042506356
274,"web|simple|medium|multi_person",-5.34448791866635,25.7124042506356
274,"mobile|two_factor|medium|multi_person",-5.14544717161181,25.7124042506356
274,"web|two_factor|high|multi_person",-11.0676925549703,25.7124042506356
274,"web|multi_factor|high|multi_person",-13.1236181027876,25.7124042506356
274,"web|simple|medium|one_to_one",-3.68144058163288,25.7124042506356
274,"web|two_factor|medium|one_to_one",-7.80506897608294,25.7124042506356
274,"mobile|simple|high|one_to_one",-0.958347681982173,25.7124042506356
274,"mobile|simple|low|multi_person",-0.112400160337547,25.7124042506356
274,"web|multi_factor|low|multi_person",-10.6146232441095,25.7124042506356
274,"web|two_factor|medium|multi_person",-9.46811631311641,25.7124042506356
274,"mobile|two_factor|low|one_to_one",-2.57298121775413,25.7124042506356
274,"web|two_factor|high|one_to_one",-9.40464521793684,25.7124042506356
274,"web|two_factor|low|one_to_one",-6.89565035925873,25.7124042506356
275,"web|simple|low|multi_person",-3.31401550687019,30.8606657488537
275,"mobile|two_factor|low|multi_person",-3.64046026253213,30.8606657488537
275,"web|two_factor|low|multi_person",-5.65832861201719,30.8606657488537
275,"mobile|multi_factor|low|multi_person",-5.36070086580513,30.8606657488537
275,"mobile|simple|medium|multi_person",-3.13409539414811,30.8606657488537
275,"mobile|multi_factor|medium|multi_person",-7.19864910256811,30.8606657488537
275,"web|multi_factor|medium|multi_person",-9.21651745205317,30.8606657488537
275,"mobile|simple|high|multi_person",-2.31427226207081,30.8606657488537
275,"web|simple|high|multi_person",-4.33214061155587,30.8606657488537
275,"mobile|two_factor|high|multi_person",-4.65858536721781,30.8606657488537
275,"mobile|multi_factor|high|multi_person",-6.37882597049081,30.8606657488537
275,"mobile|simple|low|one_to_one",-0.561296180741002,30.8606657488537
275,"web|simple|low|one_to_one",-2.57916453022606,30.8606657488537
275,"mobile|multi_factor|low|one_to_one",-4.625849889161,30.8606657488537
275,"web|multi_factor|low|one_to_one",-6.64371823864606,30.8606657488537
275,"mobile|simple|medium|one_to_one",-2.39924441750399,30.8606657488537
275,"mobile|two_factor|medium|one_to_one",-4.74355752265099,30.8606657488537
275,"mobile|multi_factor|medium|one_to_one",-6.46379812592399,30.8606657488537
275,"web|multi_factor|medium|one_to_one",-8.48166647540905,30.8606657488537
275,"web|simple|high|one_to_one",-3.59728963491174,30.8606657488537
275,"mobile|two_factor|high|one_to_one",-3.92373439057369,30.8606657488537
275,"mobile|multi_factor|high|one_to_one",-5.64397499384668,30.8606657488537
275,"web|multi_factor|high|one_to_one",-7.66184334333174,30.8606657488537
275,"web|simple|medium|multi_person",-5.15196374363317,30.8606657488537
275,"mobile|two_factor|medium|multi_person",-5.47840849929512,30.8606657488537
275,"web|two_factor|high|multi_person",-6.67645371670287,30.8606657488537
275,"web|multi_factor|high|multi_person",-8.39669431997587,30.8606657488537
275,"web|simple|medium|one_to_one",-4.41711276698905,30.8606657488537
275,"web|two_factor|medium|one_to_one",-6.76142587213605,30.8606657488537
275,"mobile|simple|high|one_to_one",-1.57942128542668,30.8606657488537
275,"mobile|simple|low|multi_person",-1.29614715738513,30.8606657488537
275,"web|multi_factor|low|multi_person",-7.37856921529019,30.8606657488537
275,"web|two_factor|medium|multi_person",-7.49627684878018,30.8606657488537
275,"mobile|two_factor|low|one_to_one",-2.90560928588801,30.8606657488537
275,"web|two_factor|high|one_to_one",-5.94160274005875,30.8606657488537
275,"web|two_factor|low|one_to_one",-4.92347763537307,30.8606657488537
276,"web|simple|low|multi_person",-3.75464184470742,31.5949776940225
276,"mobile|two_factor|low|multi_person",-3.47862374816967,31.5949776940225
276,"web|two_factor|low|multi_person",-7.05079731360937,31.5949776940225
276,"mobile|multi_factor|low|multi_person",-4.61322366907662,31.5949776940225
276,"mobile|simple|medium|multi_person",-1.94801185549749,31.5949776940225
276,"mobile|multi_factor|medium|multi_person",-6.37876724530639,31.5949776940225
276,"web|multi_factor|medium|multi_person",-9.95094081074609,31.5949776940225
276,"mobile|simple|high|multi_person",-2.97871684226644,31.5949776940225
276,"web|simple|high|multi_person",-6.55089040770614,31.5949776940225
276,"mobile|two_factor|high|multi_person",-6.27487231116839,31.5949776940225
276,"mobile|multi_factor|high|multi_person",-7.40947223207534,31.5949776940225
276,"mobile|simple|low|one_to_one",2.54441653011216,31.5949776940225
276,"web|simple|low|one_to_one",-1.02775703532754,31.5949776940225
276,"mobile|multi_factor|low|one_to_one",-1.88633885969674,31.5949776940225
276,"web|multi_factor|low|one_to_one",-5.45851242513644,31.5949776940225
276,"mobile|simple|medium|one_to_one",0.778872953882389,31.5949776940225
276,"mobile|two_factor|medium|one_to_one",-2.51728251501956,31.5949776940225
276,"mobile|multi_factor|medium|one_to_one",-3.65188243592651,31.5949776940225
276,"web|multi_factor|medium|one_to_one",-7.22405600136621,31.5949776940225
276,"web|simple|high|one_to_one",-3.82400559832626,31.5949776940225
276,"mobile|two_factor|high|one_to_one",-3.54798750178851,31.5949776940225
276,"mobile|multi_factor|high|one_to_one",-4.68258742269546,31.5949776940225
276,"web|multi_factor|high|one_to_one",-8.25476098813516,31.5949776940225
276,"web|simple|medium|multi_person",-5.52018542093719,31.5949776940225
276,"mobile|two_factor|medium|multi_person",-5.24416732439944,31.5949776940225
276,"web|two_factor|high|multi_person",-9.84704587660809,31.5949776940225
276,"web|multi_factor|high|multi_person",-10.981645797515,31.5949776940225
276,"web|simple|medium|one_to_one",-2.79330061155731,31.5949776940225
276,"web|two_factor|medium|one_to_one",-6.08945608045926,31.5949776940225
276,"mobile|simple|high|one_to_one",-0.25183203288656,31.5949776940225
276,"mobile|simple|low|multi_person",-0.182468279267719,31.5949776940225
276,"web|multi_factor|low|multi_person",-8.18539723451632,31.5949776940225
276,"web|two_factor|medium|multi_person",-8.81634088983914,31.5949776940225
276,"mobile|two_factor|low|one_to_one",-0.751738938789792,31.5949776940225
276,"web|two_factor|high|one_to_one",-7.12016106722821,31.5949776940225
276,"web|two_factor|low|one_to_one",-4.32391250422949,31.5949776940225
277,"web|simple|low|multi_person",-4.11204023291512,28.1584253987927
277,"mobile|two_factor|low|multi_person",-3.62092004330641,28.1584253987927
277,"web|two_factor|low|multi_person",-7.34600839744369,28.1584253987927
277,"mobile|multi_factor|low|multi_person",-5.91873001075063,28.1584253987927
277,"mobile|simple|medium|multi_person",-1.5451163004304,28.1584253987927
277,"mobile|multi_factor|medium|multi_person",-7.07689443240319,28.1584253987927
277,"web|multi_factor|medium|multi_person",-10.8019827865405,28.1584253987927
277,"mobile|simple|high|multi_person",-2.05257048130041,28.1584253987927
277,"web|simple|high|multi_person",-5.77765883543769,28.1584253987927
277,"mobile|two_factor|high|multi_person",-5.28653864582898,28.1584253987927
277,"mobile|multi_factor|high|multi_person",-7.5843486132732,28.1584253987927
277,"mobile|simple|low|one_to_one",0.879150031612873,28.1584253987927
277,"web|simple|low|one_to_one",-2.84593832252441,28.1584253987927
277,"mobile|multi_factor|low|one_to_one",-4.65262810035992,28.1584253987927
277,"web|multi_factor|low|one_to_one",-8.3777164544972,28.1584253987927
277,"mobile|simple|medium|one_to_one",-0.27901439003969,28.1584253987927
277,"mobile|two_factor|medium|one_to_one",-3.51298255456827,28.1584253987927
277,"mobile|multi_factor|medium|one_to_one",-5.81079252201248,28.1584253987927
277,"web|multi_factor|medium|one_to_one",-9.53588087614976,28.1584253987927
277,"web|simple|high|one_to_one",-4.51155692504697,28.1584253987927
277,"mobile|two_factor|high|one_to_one",-4.02043673543827,28.1584253987927
277,"mobile|multi_factor|high|one_to_one",-6.31824670288248,28.1584253987927
277,"web|multi_factor|high|one_to_one",-10.0433350570198,28.1584253987927
277,"web|simple|medium|multi_person",-5.27020465456768,28.1584253987927
277,"mobile|two_factor|medium|multi_person",-4.77908446495898,28.1584253987927
277,"web|two_factor|high|multi_person",-9.01162699996626,28.1584253987927
277,"web|multi_factor|high|multi_person",-11.3094369674105,28.1584253987927
277,"web|simple|medium|one_to_one",-4.00410274417697,28.1584253987927
277,"web|two_factor|medium|one_to_one",-7.23807090870555,28.1584253987927
277,"mobile|simple|high|one_to_one",-0.786468570909694,28.1584253987927
277,"mobile|simple|low|multi_person",-0.386951878777839,28.1584253987927
277,"web|multi_factor|low|multi_person",-9.64381836488791,28.1584253987927
277,"web|two_factor|medium|multi_person",-8.50417281909626,28.1584253987927
277,"mobile|two_factor|low|one_to_one",-2.3548181329157,28.1584253987927
277,"web|two_factor|high|one_to_one",-7.74552508957555,28.1584253987927
277,"web|two_factor|low|one_to_one",-6.07990648705298,28.1584253987927
279,"web|simple|low|multi_person",-4.58368751221419,32.8845142622589
279,"mobile|two_factor|low|multi_person",-3.17081441076927,32.8845142622589
279,"web|two_factor|low|multi_person",-7.10533971342859,32.8845142622589
279,"mobile|multi_factor|low|multi_person",-3.63812482810027,32.8845142622589
279,"mobile|simple|medium|multi_person",-2.27458398297135,32.8845142622589
279,"mobile|multi_factor|medium|multi_person",-5.26354660151675,32.8845142622589
279,"web|multi_factor|medium|multi_person",-9.19807190417606,32.8845142622589
279,"mobile|simple|high|multi_person",-2.89011091327582,32.8845142622589
279,"web|simple|high|multi_person",-6.82463621593514,32.8845142622589
279,"mobile|two_factor|high|multi_person",-5.41176311449022,32.8845142622589
279,"mobile|multi_factor|high|multi_person",-5.87907353182122,32.8845142622589
279,"mobile|simple|low|one_to_one",1.92544389903669,32.8845142622589
279,"web|simple|low|one_to_one",-2.00908140362263,32.8845142622589
279,"mobile|multi_factor|low|one_to_one",-1.06351871950871,32.8845142622589
279,"web|multi_factor|low|one_to_one",-4.99804402216803,32.8845142622589
279,"mobile|simple|medium|one_to_one",0.300022125620215,32.8845142622589
279,"mobile|two_factor|medium|one_to_one",-2.22163007559418,32.8845142622589
279,"mobile|multi_factor|medium|one_to_one",-2.68894049292519,32.8845142622589
279,"web|multi_factor|medium|one_to_one",-6.6234657955845,32.8845142622589
279,"web|simple|high|one_to_one",-4.25003010734358,32.8845142622589
279,"mobile|two_factor|high|one_to_one",-2.83715700589866,32.8845142622589
279,"mobile|multi_factor|high|one_to_one",-3.30446742322966,32.8845142622589
279,"web|multi_factor|high|one_to_one",-7.23899272588898,32.8845142622589
279,"web|simple|medium|multi_person",-6.20910928563067,32.8845142622589
279,"mobile|two_factor|medium|multi_person",-4.79623618418574,32.8845142622589
279,"web|two_factor|high|multi_person",-9.34628841714954,32.8845142622589
279,"web|multi_factor|high|multi_person",-9.81359883448054,32.8845142622589
279,"web|simple|medium|one_to_one",-3.63450317703911,32.8845142622589
279,"web|two_factor|medium|one_to_one",-6.1561553782535,32.8845142622589
279,"mobile|simple|high|one_to_one",-0.315504804684261,32.8845142622589
279,"mobile|simple|low|multi_person",-0.64916220955487,32.8845142622589
279,"web|multi_factor|low|multi_person",-7.57265013075959,32.8845142622589
279,"web|two_factor|medium|multi_person",-8.73076148684506,32.8845142622589
279,"mobile|two_factor|low|one_to_one",-0.596208302177709,32.8845142622589
279,"web|two_factor|high|one_to_one",-6.77168230855798,32.8845142622589
279,"web|two_factor|low|one_to_one",-4.53073360483703,32.8845142622589
280,"web|simple|low|multi_person",-2.97049724000172,32.4727628785317
280,"mobile|two_factor|low|multi_person",-3.23480740862866,32.4727628785317
280,"web|two_factor|low|multi_person",-5.83722742387146,32.4727628785317
280,"mobile|multi_factor|low|multi_person",-4.98743928007396,32.4727628785317
280,"mobile|simple|medium|multi_person",-2.44498391375905,32.4727628785317
280,"mobile|multi_factor|medium|multi_person",-7.06434596907409,32.4727628785317
280,"web|multi_factor|medium|multi_person",-9.66676598431689,32.4727628785317
280,"mobile|simple|high|multi_person",-2.77305152462905,32.4727628785317
280,"web|simple|high|multi_person",-5.37547153987185,32.4727628785317
280,"mobile|two_factor|high|multi_person",-5.63978170849879,32.4727628785317
280,"mobile|multi_factor|high|multi_person",-7.39241357994409,32.4727628785317
280,"mobile|simple|low|one_to_one",2.08960938698916,32.4727628785317
280,"web|simple|low|one_to_one",-0.51281062825364,32.4727628785317
280,"mobile|multi_factor|low|one_to_one",-2.52975266832588,32.4727628785317
280,"web|multi_factor|low|one_to_one",-5.13217268356868,32.4727628785317
280,"mobile|simple|medium|one_to_one",0.0127026979890323,32.4727628785317
280,"mobile|two_factor|medium|one_to_one",-2.85402748588071,32.4727628785317
280,"mobile|multi_factor|medium|one_to_one",-4.60665935732601,32.4727628785317
280,"web|multi_factor|medium|one_to_one",-7.20907937256881,32.4727628785317
280,"web|simple|high|one_to_one",-2.91778492812377,32.4727628785317
280,"mobile|two_factor|high|one_to_one",-3.18209509675071,32.4727628785317
280,"mobile|multi_factor|high|one_to_one",-4.934726968196,32.4727628785317
280,"web|multi_factor|high|one_to_one",-7.53714698343881,32.4727628785317
280,"web|simple|medium|multi_person",-5.04740392900185,32.4727628785317
280,"mobile|two_factor|medium|multi_person",-5.31171409762879,32.4727628785317
280,"web|two_factor|high|multi_person",-8.24220172374159,32.4727628785317
280,"web|multi_factor|high|multi_person",-9.99483359518689,32.4727628785317
280,"web|simple|medium|one_to_one",-2.58971731725377,32.4727628785317
280,"web|two_factor|medium|one_to_one",-5.45644750112351,32.4727628785317
280,"mobile|simple|high|one_to_one",-0.315364912880965,32.4727628785317
280,"mobile|simple|low|multi_person",-0.368077224758921,32.4727628785317
280,"web|multi_factor|low|multi_person",-7.58985929531676,32.4727628785317
280,"web|two_factor|medium|multi_person",-7.91413411287159,32.4727628785317
280,"mobile|two_factor|low|one_to_one",-0.777120796880583,32.4727628785317
280,"web|two_factor|high|one_to_one",-5.78451511199351,32.4727628785317
280,"web|two_factor|low|one_to_one",-3.37954081212338,32.4727628785317
281,"web|simple|low|multi_person",-3.75624512744588,34.41623095487
281,"mobile|two_factor|low|multi_person",-2.14696106386176,34.41623095487
281,"web|two_factor|low|multi_person",-5.52284599134754,34.41623095487
281,"mobile|multi_factor|low|multi_person",-1.74217434299086,34.41623095487
281,"mobile|simple|medium|multi_person",-3.08248389116804,34.41623095487
281,"mobile|multi_factor|medium|multi_person",-4.44429803419881,34.41623095487
281,"web|multi_factor|medium|multi_person",-7.82018296168459,34.41623095487
281,"mobile|simple|high|multi_person",-3.9987328447038,34.41623095487
281,"web|simple|high|multi_person",-7.37461777218958,34.41623095487
281,"mobile|two_factor|high|multi_person",-5.76533370860546,34.41623095487
281,"mobile|multi_factor|high|multi_person",-5.36054698773456,34.41623095487
281,"mobile|simple|low|one_to_one",2.60152129928094,34.41623095487
281,"web|simple|low|one_to_one",-0.77436362820484,34.41623095487
281,"mobile|multi_factor|low|one_to_one",1.23970715625018,34.41623095487
281,"web|multi_factor|low|one_to_one",-2.1361777712356,34.41623095487
281,"mobile|simple|medium|one_to_one",-0.100602391927005,34.41623095487
281,"mobile|two_factor|medium|one_to_one",-1.86720325582866,34.41623095487
281,"mobile|multi_factor|medium|one_to_one",-1.46241653495777,34.41623095487
281,"web|multi_factor|medium|one_to_one",-4.83830146244355,34.41623095487
281,"web|simple|high|one_to_one",-4.39273627294854,34.41623095487
281,"mobile|two_factor|high|one_to_one",-2.78345220936442,34.41623095487
281,"mobile|multi_factor|high|one_to_one",-2.37866548849352,34.41623095487
281,"web|multi_factor|high|one_to_one",-5.7545504159793,34.41623095487
281,"web|simple|medium|multi_person",-6.45836881865382,34.41623095487
281,"mobile|two_factor|medium|multi_person",-4.8490847550697,34.41623095487
281,"web|two_factor|high|multi_person",-9.14121863609124,34.41623095487
281,"web|multi_factor|high|multi_person",-8.73643191522034,34.41623095487
281,"web|simple|medium|one_to_one",-3.47648731941278,34.41623095487
281,"web|two_factor|medium|one_to_one",-5.24308818331444,34.41623095487
281,"mobile|simple|high|one_to_one",-1.01685134546276,34.41623095487
281,"mobile|simple|low|multi_person",-0.3803601999601,34.41623095487
281,"web|multi_factor|low|multi_person",-5.11805927047664,34.41623095487
281,"web|two_factor|medium|multi_person",-8.22496968255548,34.41623095487
281,"mobile|two_factor|low|one_to_one",0.834920435379281,34.41623095487
281,"web|two_factor|high|one_to_one",-6.1593371368502,34.41623095487
281,"web|two_factor|low|one_to_one",-2.5409644921065,34.41623095487
282,"web|simple|low|multi_person",-4.36212327167405,29.8188492739291
282,"mobile|two_factor|low|multi_person",-3.29471485521185,29.8188492739291
282,"web|two_factor|low|multi_person",-7.30630800029497,29.8188492739291
282,"mobile|multi_factor|low|multi_person",-5.63878231609039,29.8188492739291
282,"mobile|simple|medium|multi_person",-1.80830328647793,29.8188492739291
282,"mobile|multi_factor|medium|multi_person",-7.09655547597739,29.8188492739291
282,"web|multi_factor|medium|multi_person",-11.1081486210605,29.8188492739291
282,"mobile|simple|high|multi_person",-2.28344058621243,29.8188492739291
282,"web|simple|high|multi_person",-6.29503373129555,29.8188492739291
282,"mobile|two_factor|high|multi_person",-5.22762531483335,29.8188492739291
282,"mobile|multi_factor|high|multi_person",-7.57169277571189,29.8188492739291
282,"mobile|simple|low|one_to_one",1.70854451748489,29.8188492739291
282,"web|simple|low|one_to_one",-2.30304862759823,29.8188492739291
282,"mobile|multi_factor|low|one_to_one",-3.57970767201457,29.8188492739291
282,"web|multi_factor|low|one_to_one",-7.59130081709769,29.8188492739291
282,"mobile|simple|medium|one_to_one",0.250771357597888,29.8188492739291
282,"mobile|two_factor|medium|one_to_one",-2.69341337102303,29.8188492739291
282,"mobile|multi_factor|medium|one_to_one",-5.03748083190157,29.8188492739291
282,"web|multi_factor|medium|one_to_one",-9.04907397698469,29.8188492739291
282,"web|simple|high|one_to_one",-4.23595908721973,29.8188492739291
282,"mobile|two_factor|high|one_to_one",-3.16855067075753,29.8188492739291
282,"mobile|multi_factor|high|one_to_one",-5.51261813163607,29.8188492739291
282,"web|multi_factor|high|one_to_one",-9.52421127671919,29.8188492739291
282,"web|simple|medium|multi_person",-5.81989643156105,29.8188492739291
282,"mobile|two_factor|medium|multi_person",-4.75248801509885,29.8188492739291
282,"web|two_factor|high|multi_person",-9.23921845991647,29.8188492739291
282,"web|multi_factor|high|multi_person",-11.583285920795,29.8188492739291
282,"web|simple|medium|one_to_one",-3.76082178748523,29.8188492739291
282,"web|two_factor|medium|one_to_one",-6.70500651610615,29.8188492739291
282,"mobile|simple|high|one_to_one",-0.22436594213661,29.8188492739291
282,"mobile|simple|low|multi_person",-0.35053012659093,29.8188492739291
282,"web|multi_factor|low|multi_person",-9.65037546117351,29.8188492739291
282,"web|two_factor|medium|multi_person",-8.76408116018197,29.8188492739291
282,"mobile|two_factor|low|one_to_one",-1.23564021113603,29.8188492739291
282,"web|two_factor|high|one_to_one",-7.18014381584065,29.8188492739291
282,"web|two_factor|low|one_to_one",-5.24723335621915,29.8188492739291
283,"web|simple|low|multi_person",-4.1871673335444,16.3344895747862
283,"mobile|two_factor|low|multi_person",-5.08578447360936,16.3344895747862
283,"web|two_factor|low|multi_person",-9.76966637508844,16.3344895747862
283,"mobile|multi_factor|low|multi_person",-8.26799211674632,16.3344895747862
283,"mobile|simple|medium|multi_person",-2.47532424745003,16.3344895747862
283,"mobile|multi_factor|medium|multi_person",-11.240030932131,16.3344895747862
283,"web|multi_factor|medium|multi_person",-15.9239128336101,16.3344895747862
283,"mobile|simple|high|multi_person",-2.71596813475038,16.3344895747862
283,"web|simple|high|multi_person",-7.39985003622946,16.3344895747862
283,"mobile|two_factor|high|multi_person",-8.29846717629442,16.3344895747862
283,"mobile|multi_factor|high|multi_person",-11.4806748194314,16.3344895747862
283,"mobile|simple|low|one_to_one",0.89400476013286,16.3344895747862
283,"web|simple|low|one_to_one",-3.78987714134622,16.3344895747862
283,"mobile|multi_factor|low|one_to_one",-7.87070192454814,16.3344895747862
283,"web|multi_factor|low|one_to_one",-12.5545838260272,16.3344895747862
283,"mobile|simple|medium|one_to_one",-2.07803405525186,16.3344895747862
283,"mobile|two_factor|medium|one_to_one",-7.6605330967959,16.3344895747862
283,"mobile|multi_factor|medium|one_to_one",-10.8427407399329,16.3344895747862
283,"web|multi_factor|medium|one_to_one",-15.5266226414119,16.3344895747862
283,"web|simple|high|one_to_one",-7.00255984403128,16.3344895747862
283,"mobile|two_factor|high|one_to_one",-7.90117698409624,16.3344895747862
283,"mobile|multi_factor|high|one_to_one",-11.0833846272332,16.3344895747862
283,"web|multi_factor|high|one_to_one",-15.7672665287123,16.3344895747862
283,"web|simple|medium|multi_person",-7.15920614892912,16.3344895747862
283,"mobile|two_factor|medium|multi_person",-8.05782328899408,16.3344895747862
283,"web|two_factor|high|multi_person",-12.9823490777735,16.3344895747862
283,"web|multi_factor|high|multi_person",-16.1645567209105,16.3344895747862
283,"web|simple|medium|one_to_one",-6.76191595673094,16.3344895747862
283,"web|two_factor|medium|one_to_one",-12.344414998275,16.3344895747862
283,"mobile|simple|high|one_to_one",-2.3186779425522,16.3344895747862
283,"mobile|simple|low|multi_person",0.496714567934682,16.3344895747862
283,"web|multi_factor|low|multi_person",-12.9518740182254,16.3344895747862
283,"web|two_factor|medium|multi_person",-12.7417051904732,16.3344895747862
283,"mobile|two_factor|low|one_to_one",-4.68849428141118,16.3344895747862
283,"web|two_factor|high|one_to_one",-12.5850588855753,16.3344895747862
283,"web|two_factor|low|one_to_one",-9.37237618289026,16.3344895747862
284,"web|simple|low|multi_person",-3.70618113252448,30.2044664993036
284,"mobile|two_factor|low|multi_person",-3.50625860060499,30.2044664993036
284,"web|two_factor|low|multi_person",-6.93599441270675,30.2044664993036
284,"mobile|multi_factor|low|multi_person",-4.82453142731237,30.2044664993036
284,"mobile|simple|medium|multi_person",-3.22048749808831,30.2044664993036
284,"mobile|multi_factor|medium|multi_person",-7.76857360497796,30.2044664993036
284,"web|multi_factor|medium|multi_person",-11.1983094170797,30.2044664993036
284,"mobile|simple|high|multi_person",-2.94631975650865,30.2044664993036
284,"web|simple|high|multi_person",-6.37605556861041,30.2044664993036
284,"mobile|two_factor|high|multi_person",-6.17613303669092,30.2044664993036
284,"mobile|multi_factor|high|multi_person",-7.4944058633983,30.2044664993036
284,"mobile|simple|low|one_to_one",2.1403408117474,30.2044664993036
284,"web|simple|low|one_to_one",-1.28939500035436,30.2044664993036
284,"mobile|multi_factor|low|one_to_one",-2.40774529514225,30.2044664993036
284,"web|multi_factor|low|one_to_one",-5.83748110724401,30.2044664993036
284,"mobile|simple|medium|one_to_one",-0.80370136591819,30.2044664993036
284,"mobile|two_factor|medium|one_to_one",-4.03351464610046,30.2044664993036
284,"mobile|multi_factor|medium|one_to_one",-5.35178747280784,30.2044664993036
284,"web|multi_factor|medium|one_to_one",-8.7815232849096,30.2044664993036
284,"web|simple|high|one_to_one",-3.95926943644029,30.2044664993036
284,"mobile|two_factor|high|one_to_one",-3.7593469045208,30.2044664993036
284,"mobile|multi_factor|high|one_to_one",-5.07761973122818,30.2044664993036
284,"web|multi_factor|high|one_to_one",-8.50735554332994,30.2044664993036
284,"web|simple|medium|multi_person",-6.65022331019007,30.2044664993036
284,"mobile|two_factor|medium|multi_person",-6.45030077827058,30.2044664993036
284,"web|two_factor|high|multi_person",-9.60586884879267,30.2044664993036
284,"web|multi_factor|high|multi_person",-10.9241416755001,30.2044664993036
284,"web|simple|medium|one_to_one",-4.23343717801995,30.2044664993036
284,"web|two_factor|medium|one_to_one",-7.46325045820222,30.2044664993036
284,"mobile|simple|high|one_to_one",-0.529533624338526,30.2044664993036
284,"mobile|simple|low|multi_person",-0.27644532042272,30.2044664993036
284,"web|multi_factor|low|multi_person",-8.25426723941413,30.2044664993036
284,"web|two_factor|medium|multi_person",-9.88003659037234,30.2044664993036
284,"mobile|two_factor|low|one_to_one",-1.08947246843487,30.2044664993036
284,"web|two_factor|high|one_to_one",-7.18908271662256,30.2044664993036
284,"web|two_factor|low|one_to_one",-4.51920828053663,30.2044664993036
285,"web|simple|low|multi_person",-3.65373314983382,31.4714558101397
285,"mobile|two_factor|low|multi_person",-2.33715012361081,31.4714558101397
285,"web|two_factor|low|multi_person",-6.38401618258125,31.4714558101397
285,"mobile|multi_factor|low|multi_person",-3.50407844391456,31.4714558101397
285,"mobile|simple|medium|multi_person",-1.43021666983755,31.4714558101397
285,"mobile|multi_factor|medium|multi_person",-5.32742802288873,31.4714558101397
285,"web|multi_factor|medium|multi_person",-9.37429408185917,31.4714558101397
285,"mobile|simple|high|multi_person",-3.15595878269651,31.4714558101397
285,"web|simple|high|multi_person",-7.20282484166695,31.4714558101397
285,"mobile|two_factor|high|multi_person",-5.88624181544394,31.4714558101397
285,"mobile|multi_factor|high|multi_person",-7.05317013574769,31.4714558101397
285,"mobile|simple|low|one_to_one",2.45618101507656,31.4714558101397
285,"web|simple|low|one_to_one",-1.59068504389388,31.4714558101397
285,"mobile|multi_factor|low|one_to_one",-1.44103033797462,31.4714558101397
285,"web|multi_factor|low|one_to_one",-5.48789639694506,31.4714558101397
285,"mobile|simple|medium|one_to_one",0.632831436102386,31.4714558101397
285,"mobile|two_factor|medium|one_to_one",-2.09745159664504,31.4714558101397
285,"mobile|multi_factor|medium|one_to_one",-3.26437991694879,31.4714558101397
285,"web|multi_factor|medium|one_to_one",-7.31124597591923,31.4714558101397
285,"web|simple|high|one_to_one",-5.13977673572701,31.4714558101397
285,"mobile|two_factor|high|one_to_one",-3.823193709504,31.4714558101397
285,"mobile|multi_factor|high|one_to_one",-4.99012202980775,31.4714558101397
285,"web|multi_factor|high|one_to_one",-9.03698808877819,31.4714558101397
285,"web|simple|medium|multi_person",-5.47708272880799,31.4714558101397
285,"mobile|two_factor|medium|multi_person",-4.16049970258498,31.4714558101397
285,"web|two_factor|high|multi_person",-9.93310787441438,31.4714558101397
285,"web|multi_factor|high|multi_person",-11.1000361947181,31.4714558101397
285,"web|simple|medium|one_to_one",-3.41403462286805,31.4714558101397
285,"web|two_factor|medium|one_to_one",-6.14431765561548,31.4714558101397
285,"mobile|simple|high|one_to_one",-1.09291067675657,31.4714558101397
285,"mobile|simple|low|multi_person",0.39313290913662,31.4714558101397
285,"web|multi_factor|low|multi_person",-7.550944502885,31.4714558101397
285,"web|two_factor|medium|multi_person",-8.20736576155542,31.4714558101397
285,"mobile|two_factor|low|one_to_one",-0.274102017670869,31.4714558101397
285,"web|two_factor|high|one_to_one",-7.87005976847444,31.4714558101397
285,"web|two_factor|low|one_to_one",-4.32096807664131,31.4714558101397
286,"web|simple|low|multi_person",-2.94955013382848,25.9849063831715
286,"mobile|two_factor|low|multi_person",-4.25157358759084,25.9849063831715
286,"web|two_factor|low|multi_person",-5.35815170603598,25.9849063831715
286,"mobile|multi_factor|low|multi_person",-6.72699946378666,25.9849063831715
286,"mobile|simple|medium|multi_person",-3.52776442246526,25.9849063831715
286,"mobile|multi_factor|medium|multi_person",-8.41179187086859,25.9849063831715
286,"web|multi_factor|medium|multi_person",-9.51836998931373,25.9849063831715
286,"mobile|simple|high|multi_person",-5.18205142687985,25.9849063831715
286,"web|simple|high|multi_person",-6.288629545325,25.9849063831715
286,"mobile|two_factor|high|multi_person",-7.59065299908736,25.9849063831715
286,"mobile|multi_factor|high|multi_person",-10.0660788752832,25.9849063831715
286,"mobile|simple|low|one_to_one",-0.665312095823564,25.9849063831715
286,"web|simple|low|one_to_one",-1.77189021426871,25.9849063831715
286,"mobile|multi_factor|low|one_to_one",-5.54933954422689,25.9849063831715
286,"web|multi_factor|low|one_to_one",-6.65591766267204,25.9849063831715
286,"mobile|simple|medium|one_to_one",-2.35010450290549,25.9849063831715
286,"mobile|two_factor|medium|one_to_one",-4.75870607511299,25.9849063831715
286,"mobile|multi_factor|medium|one_to_one",-7.23413195130882,25.9849063831715
286,"web|multi_factor|medium|one_to_one",-8.34071006975396,25.9849063831715
286,"web|simple|high|one_to_one",-5.11096962576523,25.9849063831715
286,"mobile|two_factor|high|one_to_one",-6.41299307952758,25.9849063831715
286,"mobile|multi_factor|high|one_to_one",-8.88841895572341,25.9849063831715
286,"web|multi_factor|high|one_to_one",-9.99499707416856,25.9849063831715
286,"web|simple|medium|multi_person",-4.6343425409104,25.9849063831715
286,"mobile|two_factor|medium|multi_person",-5.93636599467276,25.9849063831715
286,"web|two_factor|high|multi_person",-8.6972311175325,25.9849063831715
286,"web|multi_factor|high|multi_person",-11.1726569937283,25.9849063831715
286,"web|simple|medium|one_to_one",-3.45668262135063,25.9849063831715
286,"web|two_factor|medium|one_to_one",-5.86528419355813,25.9849063831715
286,"mobile|simple|high|one_to_one",-4.00439150732008,25.9849063831715
286,"mobile|simple|low|multi_person",-1.84297201538333,25.9849063831715
286,"web|multi_factor|low|multi_person",-7.83357758223181,25.9849063831715
286,"web|two_factor|medium|multi_person",-7.0429441131179,25.9849063831715
286,"mobile|two_factor|low|one_to_one",-3.07391366803107,25.9849063831715
286,"web|two_factor|high|one_to_one",-7.51957119797273,25.9849063831715
286,"web|two_factor|low|one_to_one",-4.18049178647621,25.9849063831715
287,"web|simple|low|multi_person",-5.54550053435698,16.2476108609859
287,"mobile|two_factor|low|multi_person",-4.96214178325454,16.2476108609859
287,"web|two_factor|low|multi_person",-8.89858439206392,16.2476108609859
287,"mobile|multi_factor|low|multi_person",-7.9159101331993,16.2476108609859
287,"mobile|simple|medium|multi_person",-4.17860540618711,16.2476108609859
287,"mobile|multi_factor|medium|multi_person",-10.4854576138388,16.2476108609859
287,"web|multi_factor|medium|multi_person",-14.4219002226482,16.2476108609859
287,"mobile|simple|high|multi_person",-3.88706815801989,16.2476108609859
287,"web|simple|high|multi_person",-7.82351076682927,16.2476108609859
287,"mobile|two_factor|high|multi_person",-7.24015201572683,16.2476108609859
287,"mobile|multi_factor|high|multi_person",-10.1939203656716,16.2476108609859
287,"mobile|simple|low|one_to_one",-1.00302312486948,16.2476108609859
287,"web|simple|low|one_to_one",-4.93946573367886,16.2476108609859
287,"mobile|multi_factor|low|one_to_one",-7.30987533252118,16.2476108609859
287,"web|multi_factor|low|one_to_one",-11.2463179413306,16.2476108609859
287,"mobile|simple|medium|one_to_one",-3.572570605509,16.2476108609859
287,"mobile|two_factor|medium|one_to_one",-6.92565446321594,16.2476108609859
287,"mobile|multi_factor|medium|one_to_one",-9.8794228131607,16.2476108609859
287,"web|multi_factor|medium|one_to_one",-13.8158654219701,16.2476108609859
287,"web|simple|high|one_to_one",-7.21747596615116,16.2476108609859
287,"mobile|two_factor|high|one_to_one",-6.63411721504872,16.2476108609859
287,"mobile|multi_factor|high|one_to_one",-9.58788556499348,16.2476108609859
287,"web|multi_factor|high|one_to_one",-13.5243281738029,16.2476108609859
287,"web|simple|medium|multi_person",-8.11504801499649,16.2476108609859
287,"mobile|two_factor|medium|multi_person",-7.53168926389406,16.2476108609859
287,"web|two_factor|high|multi_person",-11.1765946245362,16.2476108609859
287,"web|multi_factor|high|multi_person",-14.130362974481,16.2476108609859
287,"web|simple|medium|one_to_one",-7.50901321431838,16.2476108609859
287,"web|two_factor|medium|one_to_one",-10.8620970720253,16.2476108609859
287,"mobile|simple|high|one_to_one",-3.28103335734178,16.2476108609859
287,"mobile|simple|low|multi_person",-1.6090579255476,16.2476108609859
287,"web|multi_factor|low|multi_person",-11.8523527420087,16.2476108609859
287,"web|two_factor|medium|multi_person",-11.4681318727034,16.2476108609859
287,"mobile|two_factor|low|one_to_one",-4.35610698257643,16.2476108609859
287,"web|two_factor|high|one_to_one",-10.5705598238581,16.2476108609859
287,"web|two_factor|low|one_to_one",-8.2925495913858,16.2476108609859
288,"web|simple|low|multi_person",-6.2203841628395,18.1387642661656
288,"mobile|two_factor|low|multi_person",-4.05326367103735,18.1387642661656
288,"web|two_factor|low|multi_person",-10.3559429799517,18.1387642661656
288,"mobile|multi_factor|low|multi_person",-7.01274146179312,18.1387642661656
288,"mobile|simple|medium|multi_person",-1.48195778644782,18.1387642661656
288,"mobile|multi_factor|medium|multi_person",-8.5769943943158,18.1387642661656
288,"web|multi_factor|medium|multi_person",-14.8796737032302,18.1387642661656
288,"mobile|simple|high|multi_person",-2.33429491474459,18.1387642661656
288,"web|simple|high|multi_person",-8.63697422365895,18.1387642661656
288,"mobile|two_factor|high|multi_person",-6.4698537318568,18.1387642661656
288,"mobile|multi_factor|high|multi_person",-9.42933152261257,18.1387642661656
288,"mobile|simple|low|one_to_one",1.3464250159974,18.1387642661656
288,"web|simple|low|one_to_one",-4.95625429291696,18.1387642661656
288,"mobile|multi_factor|low|one_to_one",-5.74861159187058,18.1387642661656
288,"web|multi_factor|low|one_to_one",-12.0512909007849,18.1387642661656
288,"mobile|simple|medium|one_to_one",-0.21782791652528,18.1387642661656
288,"mobile|two_factor|medium|one_to_one",-4.35338673363749,18.1387642661656
288,"mobile|multi_factor|medium|one_to_one",-7.31286452439326,18.1387642661656
288,"web|multi_factor|medium|one_to_one",-13.6155438333076,18.1387642661656
288,"web|simple|high|one_to_one",-7.37284435373641,18.1387642661656
288,"mobile|two_factor|high|one_to_one",-5.20572386193426,18.1387642661656
288,"mobile|multi_factor|high|one_to_one",-8.16520165269003,18.1387642661656
288,"web|multi_factor|high|one_to_one",-14.4678809616044,18.1387642661656
288,"web|simple|medium|multi_person",-7.78463709536218,18.1387642661656
288,"mobile|two_factor|medium|multi_person",-5.61751660356003,18.1387642661656
288,"web|two_factor|high|multi_person",-12.7725330407712,18.1387642661656
288,"web|multi_factor|high|multi_person",-15.7320108315269,18.1387642661656
288,"web|simple|medium|one_to_one",-6.52050722543964,18.1387642661656
288,"web|two_factor|medium|one_to_one",-10.6560660425518,18.1387642661656
288,"mobile|simple|high|one_to_one",-1.07016504482205,18.1387642661656
288,"mobile|simple|low|multi_person",0.0822951460748595,18.1387642661656
288,"web|multi_factor|low|multi_person",-13.3154207707075,18.1387642661656
288,"web|two_factor|medium|multi_person",-11.9201959124744,18.1387642661656
288,"mobile|two_factor|low|one_to_one",-2.78913380111481,18.1387642661656
288,"web|two_factor|high|one_to_one",-11.5084031708486,18.1387642661656
288,"web|two_factor|low|one_to_one",-9.09181311002916,18.1387642661656
289,"web|simple|low|multi_person",-3.50603106839967,29.7239562034017
289,"mobile|two_factor|low|multi_person",-3.409867908223,29.7239562034017
289,"web|two_factor|low|multi_person",-6.20315082897154,29.7239562034017
289,"mobile|multi_factor|low|multi_person",-5.78751333518372,29.7239562034017
289,"mobile|simple|medium|multi_person",-3.25941635302951,29.7239562034017
289,"mobile|multi_factor|medium|multi_person",-8.3341815405621,29.7239562034017
289,"web|multi_factor|medium|multi_person",-11.1274644613106,29.7239562034017
289,"mobile|simple|high|multi_person",-3.86986721695491,29.7239562034017
289,"web|simple|high|multi_person",-6.66315013770345,29.7239562034017
289,"mobile|two_factor|high|multi_person",-6.56698697752678,29.7239562034017
289,"mobile|multi_factor|high|multi_person",-8.9446324044875,29.7239562034017
289,"mobile|simple|low|one_to_one",2.50875732888469,29.7239562034017
289,"web|simple|low|one_to_one",-0.284525591863851,29.7239562034017
289,"mobile|multi_factor|low|one_to_one",-2.5660078586479,29.7239562034017
289,"web|multi_factor|low|one_to_one",-5.35929077939644,29.7239562034017
289,"mobile|simple|medium|one_to_one",-0.0379108764936902,29.7239562034017
289,"mobile|two_factor|medium|one_to_one",-2.73503063706556,29.7239562034017
289,"mobile|multi_factor|medium|one_to_one",-5.11267606402628,29.7239562034017
289,"web|multi_factor|medium|one_to_one",-7.90595898477482,29.7239562034017
289,"web|simple|high|one_to_one",-3.44164466116763,29.7239562034017
289,"mobile|two_factor|high|one_to_one",-3.34548150099096,29.7239562034017
289,"mobile|multi_factor|high|one_to_one",-5.72312692795168,29.7239562034017
289,"web|multi_factor|high|one_to_one",-8.51640984870022,29.7239562034017
289,"web|simple|medium|multi_person",-6.05269927377805,29.7239562034017
289,"mobile|two_factor|medium|multi_person",-5.95653611360138,29.7239562034017
289,"web|two_factor|high|multi_person",-9.36026989827532,29.7239562034017
289,"web|multi_factor|high|multi_person",-11.737915325236,29.7239562034017
289,"web|simple|medium|one_to_one",-2.83119379724223,29.7239562034017
289,"web|two_factor|medium|one_to_one",-5.5283135578141,29.7239562034017
289,"mobile|simple|high|one_to_one",-0.64836174041909,29.7239562034017
289,"mobile|simple|low|multi_person",-0.71274814765113,29.7239562034017
289,"web|multi_factor|low|multi_person",-8.58079625593226,29.7239562034017
289,"web|two_factor|medium|multi_person",-8.74981903434992,29.7239562034017
289,"mobile|two_factor|low|one_to_one",-0.188362431687179,29.7239562034017
289,"web|two_factor|high|one_to_one",-6.1387644217395,29.7239562034017
289,"web|two_factor|low|one_to_one",-2.98164535243572,29.7239562034017
290,"web|simple|low|multi_person",-3.31742155414411,31.2769219453116
290,"mobile|two_factor|low|multi_person",-3.253512183023,31.2769219453116
290,"web|two_factor|low|multi_person",-6.36510046803076,31.2769219453116
290,"mobile|multi_factor|low|multi_person",-4.74122568786572,31.2769219453116
290,"mobile|simple|medium|multi_person",-1.8304226839219,31.2769219453116
290,"mobile|multi_factor|medium|multi_person",-6.36581510265127,31.2769219453116
290,"web|multi_factor|medium|multi_person",-9.47740338765903,31.2769219453116
290,"mobile|simple|high|multi_person",-3.40987712509206,31.2769219453116
290,"web|simple|high|multi_person",-6.52146541009982,31.2769219453116
290,"mobile|two_factor|high|multi_person",-6.45755603897871,31.2769219453116
290,"mobile|multi_factor|high|multi_person",-7.94526954382143,31.2769219453116
290,"mobile|simple|low|one_to_one",2.28512024190963,31.2769219453116
290,"web|simple|low|one_to_one",-0.82646804309813,31.2769219453116
290,"mobile|multi_factor|low|one_to_one",-2.25027217681974,31.2769219453116
290,"web|multi_factor|low|one_to_one",-5.3618604618275,31.2769219453116
290,"mobile|simple|medium|one_to_one",0.660530827124077,31.2769219453116
290,"mobile|two_factor|medium|one_to_one",-2.38714808676257,31.2769219453116
290,"mobile|multi_factor|medium|one_to_one",-3.87486159160529,31.2769219453116
290,"web|multi_factor|medium|one_to_one",-6.98644987661305,31.2769219453116
290,"web|simple|high|one_to_one",-4.03051189905384,31.2769219453116
290,"mobile|two_factor|high|one_to_one",-3.96660252793273,31.2769219453116
290,"mobile|multi_factor|high|one_to_one",-5.45431603277545,31.2769219453116
290,"web|multi_factor|high|one_to_one",-8.56590431778321,31.2769219453116
290,"web|simple|medium|multi_person",-4.94201096892966,31.2769219453116
290,"mobile|two_factor|medium|multi_person",-4.87810159780855,31.2769219453116
290,"web|two_factor|high|multi_person",-9.56914432398647,31.2769219453116
290,"web|multi_factor|high|multi_person",-11.0568578288292,31.2769219453116
290,"web|simple|medium|one_to_one",-2.45105745788368,31.2769219453116
290,"web|two_factor|medium|one_to_one",-5.49873637177033,31.2769219453116
290,"mobile|simple|high|one_to_one",-0.91892361404608,31.2769219453116
290,"mobile|simple|low|multi_person",-0.20583326913635,31.2769219453116
290,"web|multi_factor|low|multi_person",-7.85281397287348,31.2769219453116
290,"web|two_factor|medium|multi_person",-7.98968988281631,31.2769219453116
290,"mobile|two_factor|low|one_to_one",-0.762558671977022,31.2769219453116
290,"web|two_factor|high|one_to_one",-7.07819081294049,31.2769219453116
290,"web|two_factor|low|one_to_one",-3.87414695698478,31.2769219453116
291,"web|simple|low|multi_person",-5.18527258403538,29.2476431482747
291,"mobile|two_factor|low|multi_person",-2.18311411769759,29.2476431482747
291,"web|two_factor|low|multi_person",-6.89146084845735,29.2476431482747
291,"mobile|multi_factor|low|multi_person",-4.65154519582006,29.2476431482747
291,"mobile|simple|medium|multi_person",-2.33534339029129,29.2476431482747
291,"mobile|multi_factor|medium|multi_person",-6.50996273283572,29.2476431482747
291,"web|multi_factor|medium|multi_person",-11.2183094635955,29.2476431482747
291,"mobile|simple|high|multi_person",-2.09933631808146,29.2476431482747
291,"web|simple|high|multi_person",-6.80768304884122,29.2476431482747
291,"mobile|two_factor|high|multi_person",-3.80552458250342,29.2476431482747
291,"mobile|multi_factor|high|multi_person",-6.27395566062589,29.2476431482747
291,"mobile|simple|low|one_to_one",0.892385342977465,29.2476431482747
291,"web|simple|low|one_to_one",-3.8159613877823,29.2476431482747
291,"mobile|multi_factor|low|one_to_one",-3.28223399956697,29.2476431482747
291,"web|multi_factor|low|one_to_one",-7.99058073032672,29.2476431482747
291,"mobile|simple|medium|one_to_one",-0.966032194038202,29.2476431482747
291,"mobile|two_factor|medium|one_to_one",-2.67222045846016,29.2476431482747
291,"mobile|multi_factor|medium|one_to_one",-5.14065153658263,29.2476431482747
291,"web|multi_factor|medium|one_to_one",-9.84899826734239,29.2476431482747
291,"web|simple|high|one_to_one",-5.43837185258813,29.2476431482747
291,"mobile|two_factor|high|one_to_one",-2.43621338625033,29.2476431482747
291,"mobile|multi_factor|high|one_to_one",-4.9046444643728,29.2476431482747
291,"web|multi_factor|high|one_to_one",-9.61299119513256,29.2476431482747
291,"web|simple|medium|multi_person",-7.04369012105105,29.2476431482747
291,"mobile|two_factor|medium|multi_person",-4.04153165471325,29.2476431482747
291,"web|two_factor|high|multi_person",-8.51387131326318,29.2476431482747
291,"web|multi_factor|high|multi_person",-10.9823023913856,29.2476431482747
291,"web|simple|medium|one_to_one",-5.67437892479796,29.2476431482747
291,"web|two_factor|medium|one_to_one",-7.38056718921992,29.2476431482747
291,"mobile|simple|high|one_to_one",-0.730025121828369,29.2476431482747
291,"mobile|simple|low|multi_person",-0.476925853275625,29.2476431482747
291,"web|multi_factor|low|multi_person",-9.35989192657981,29.2476431482747
291,"web|two_factor|medium|multi_person",-8.74987838547301,29.2476431482747
291,"mobile|two_factor|low|one_to_one",-0.813802921444496,29.2476431482747
291,"web|two_factor|high|one_to_one",-7.14456011701009,29.2476431482747
291,"web|two_factor|low|one_to_one",-5.52214965220426,29.2476431482747
292,"web|simple|low|multi_person",-3.27771742650745,28.5225411122505
292,"mobile|two_factor|low|multi_person",-3.56389635596296,28.5225411122505
292,"web|two_factor|low|multi_person",-7.33694359527678,28.5225411122505
292,"mobile|multi_factor|low|multi_person",-5.39709808490895,28.5225411122505
292,"mobile|simple|medium|multi_person",-1.53505359331913,28.5225411122505
292,"mobile|multi_factor|medium|multi_person",-7.42748149103445,28.5225411122505
292,"web|multi_factor|medium|multi_person",-11.2005287303483,28.5225411122505
292,"mobile|simple|high|multi_person",-2.50282943890298,28.5225411122505
292,"web|simple|high|multi_person",-6.2758766782168,28.5225411122505
292,"mobile|two_factor|high|multi_person",-6.56205560767231,28.5225411122505
292,"mobile|multi_factor|high|multi_person",-8.3952573366183,28.5225411122505
292,"mobile|simple|low|one_to_one",2.36553671474809,28.5225411122505
292,"web|simple|low|one_to_one",-1.40751052456573,28.5225411122505
292,"mobile|multi_factor|low|one_to_one",-3.52689118296723,28.5225411122505
292,"web|multi_factor|low|one_to_one",-7.29993842228105,28.5225411122505
292,"mobile|simple|medium|one_to_one",0.335153308622592,28.5225411122505
292,"mobile|two_factor|medium|one_to_one",-3.72407286014674,28.5225411122505
292,"mobile|multi_factor|medium|one_to_one",-5.55727458909273,28.5225411122505
292,"web|multi_factor|medium|one_to_one",-9.33032182840655,28.5225411122505
292,"web|simple|high|one_to_one",-4.40566977627508,28.5225411122505
292,"mobile|two_factor|high|one_to_one",-4.69184870573059,28.5225411122505
292,"mobile|multi_factor|high|one_to_one",-6.52505043467658,28.5225411122505
292,"web|multi_factor|high|one_to_one",-10.2980976739904,28.5225411122505
292,"web|simple|medium|multi_person",-5.30810083263295,28.5225411122505
292,"mobile|two_factor|medium|multi_person",-5.59427976208846,28.5225411122505
292,"web|two_factor|high|multi_person",-10.3351028469861,28.5225411122505
292,"web|multi_factor|high|multi_person",-12.1683045759321,28.5225411122505
292,"web|simple|medium|one_to_one",-3.43789393069123,28.5225411122505
292,"web|two_factor|medium|one_to_one",-7.49712009946056,28.5225411122505
292,"mobile|simple|high|one_to_one",-0.632622536961262,28.5225411122505
292,"mobile|simple|low|multi_person",0.49532981280637,28.5225411122505
292,"web|multi_factor|low|multi_person",-9.17014532422277,28.5225411122505
292,"web|two_factor|medium|multi_person",-9.36732700140228,28.5225411122505
292,"mobile|two_factor|low|one_to_one",-1.69368945402124,28.5225411122505
292,"web|two_factor|high|one_to_one",-8.46489594504441,28.5225411122505
292,"web|two_factor|low|one_to_one",-5.46673669333506,28.5225411122505
293,"web|simple|low|multi_person",-6.29724874815557,17.7109739821932
293,"mobile|two_factor|low|multi_person",-4.39095354721709,17.7109739821932
293,"web|two_factor|low|multi_person",-10.8152615220756,17.7109739821932
293,"mobile|multi_factor|low|multi_person",-6.36914565665488,17.7109739821932
293,"mobile|simple|medium|multi_person",-2.32945717011274,17.7109739821932
293,"mobile|multi_factor|medium|multi_person",-8.82566205347057,17.7109739821932
293,"web|multi_factor|medium|multi_person",-15.2499700283291,17.7109739821932
293,"mobile|simple|high|multi_person",-2.465972739632,17.7109739821932
293,"web|simple|high|multi_person",-8.89028071449052,17.7109739821932
293,"mobile|two_factor|high|multi_person",-6.98398551355203,17.7109739821932
293,"mobile|multi_factor|high|multi_person",-8.96217762298983,17.7109739821932
293,"mobile|simple|low|one_to_one",1.20209756846039,17.7109739821932
293,"web|simple|low|one_to_one",-5.22221040639813,17.7109739821932
293,"mobile|multi_factor|low|one_to_one",-5.29410731489744,17.7109739821932
293,"web|multi_factor|low|one_to_one",-11.718415289756,17.7109739821932
293,"mobile|simple|medium|one_to_one",-1.2544188283553,17.7109739821932
293,"mobile|two_factor|medium|one_to_one",-5.77243160227534,17.7109739821932
293,"mobile|multi_factor|medium|one_to_one",-7.75062371171313,17.7109739821932
293,"web|multi_factor|medium|one_to_one",-14.1749316865717,17.7109739821932
293,"web|simple|high|one_to_one",-7.81524237273308,17.7109739821932
293,"mobile|two_factor|high|one_to_one",-5.9089471717946,17.7109739821932
293,"mobile|multi_factor|high|one_to_one",-7.88713928123239,17.7109739821932
293,"web|multi_factor|high|one_to_one",-14.3114472560909,17.7109739821932
293,"web|simple|medium|multi_person",-8.75376514497126,17.7109739821932
293,"mobile|two_factor|medium|multi_person",-6.84746994403278,17.7109739821932
293,"web|two_factor|high|multi_person",-13.4082934884106,17.7109739821932
293,"web|multi_factor|high|multi_person",-15.3864855978483,17.7109739821932
293,"web|simple|medium|one_to_one",-7.67872680321382,17.7109739821932
293,"web|two_factor|medium|one_to_one",-12.1967395771339,17.7109739821932
293,"mobile|simple|high|one_to_one",-1.39093439787456,17.7109739821932
293,"mobile|simple|low|multi_person",0.127059226702952,17.7109739821932
293,"web|multi_factor|low|multi_person",-12.7934536315134,17.7109739821932
293,"web|two_factor|medium|multi_person",-13.2717779188913,17.7109739821932
293,"mobile|two_factor|low|one_to_one",-3.31591520545965,17.7109739821932
293,"web|two_factor|high|one_to_one",-12.3332551466531,17.7109739821932
293,"web|two_factor|low|one_to_one",-9.74022318031817,17.7109739821932
294,"web|simple|low|multi_person",-4.27357007776627,34.6220366632248
294,"mobile|two_factor|low|multi_person",-2.67369160610589,34.6220366632248
294,"web|two_factor|low|multi_person",-5.80663817951527,34.6220366632248
294,"mobile|multi_factor|low|multi_person",-2.80849017517016,34.6220366632248
294,"mobile|simple|medium|multi_person",-3.45809609138969,34.6220366632248
294,"mobile|multi_factor|medium|multi_person",-5.12596276220296,34.6220366632248
294,"web|multi_factor|medium|multi_person",-8.25890933561234,34.6220366632248
294,"mobile|simple|high|multi_person",-3.87556473349288,34.6220366632248
294,"web|simple|high|multi_person",-7.00851130690226,34.6220366632248
294,"mobile|two_factor|high|multi_person",-5.40863283524188,34.6220366632248
294,"mobile|multi_factor|high|multi_person",-5.54343140430615,34.6220366632248
294,"mobile|simple|low|one_to_one",1.67696885054589,34.6220366632248
294,"web|simple|low|one_to_one",-1.45597772286349,34.6220366632248
294,"mobile|multi_factor|low|one_to_one",0.00910217973261807,34.6220366632248
294,"web|multi_factor|low|one_to_one",-3.12384439367676,34.6220366632248
294,"mobile|simple|medium|one_to_one",-0.64050373648691,34.6220366632248
294,"mobile|two_factor|medium|one_to_one",-2.17357183823591,34.6220366632248
294,"mobile|multi_factor|medium|one_to_one",-2.30837040730018,34.6220366632248
294,"web|multi_factor|medium|one_to_one",-5.44131698070956,34.6220366632248
294,"web|simple|high|one_to_one",-4.19091895199948,34.6220366632248
294,"mobile|two_factor|high|one_to_one",-2.5910404803391,34.6220366632248
294,"mobile|multi_factor|high|one_to_one",-2.72583904940337,34.6220366632248
294,"web|multi_factor|high|one_to_one",-5.85878562281275,34.6220366632248
294,"web|simple|medium|multi_person",-6.59104266479907,34.6220366632248
294,"mobile|two_factor|medium|multi_person",-4.99116419313869,34.6220366632248
294,"web|two_factor|high|multi_person",-8.54157940865126,34.6220366632248
294,"web|multi_factor|high|multi_person",-8.67637797771553,34.6220366632248
294,"web|simple|medium|one_to_one",-3.77345030989629,34.6220366632248
294,"web|two_factor|medium|one_to_one",-5.30651841164529,34.6220366632248
294,"mobile|simple|high|one_to_one",-1.0579723785901,34.6220366632248
294,"mobile|simple|low|multi_person",-1.14062350435689,34.6220366632248
294,"web|multi_factor|low|multi_person",-5.94143674857954,34.6220366632248
294,"web|two_factor|medium|multi_person",-8.12411076654807,34.6220366632248
294,"mobile|two_factor|low|one_to_one",0.143900748796886,34.6220366632248
294,"web|two_factor|high|one_to_one",-5.72398705374848,34.6220366632248
294,"web|two_factor|low|one_to_one",-2.98904582461249,34.6220366632248
295,"web|simple|low|multi_person",-4.78479000886174,30.6724571058956
295,"mobile|two_factor|low|multi_person",-3.98400033128105,30.6724571058956
295,"web|two_factor|low|multi_person",-7.83852412540479,30.6724571058956
295,"mobile|multi_factor|low|multi_person",-4.91752627698646,30.6724571058956
295,"mobile|simple|medium|multi_person",-2.20944010622519,30.6724571058956
295,"mobile|multi_factor|medium|multi_person",-6.19670016847365,30.6724571058956
295,"web|multi_factor|medium|multi_person",-10.0512239625974,30.6724571058956
295,"mobile|simple|high|multi_person",-2.59826925881896,30.6724571058956
295,"web|simple|high|multi_person",-6.4527930529427,30.6724571058956
295,"mobile|two_factor|high|multi_person",-5.65200337536201,30.6724571058956
295,"mobile|multi_factor|high|multi_person",-6.58552932106742,30.6724571058956
295,"mobile|simple|low|one_to_one",1.77518127781842,30.6724571058956
295,"web|simple|low|one_to_one",-2.07934251630532,30.6724571058956
295,"mobile|multi_factor|low|one_to_one",-2.21207878443004,30.6724571058956
295,"web|multi_factor|low|one_to_one",-6.06660257855378,30.6724571058956
295,"mobile|simple|medium|one_to_one",0.496007386331227,30.6724571058956
295,"mobile|two_factor|medium|one_to_one",-2.55772673021182,30.6724571058956
295,"mobile|multi_factor|medium|one_to_one",-3.49125267591723,30.6724571058956
295,"web|multi_factor|medium|one_to_one",-7.34577647004097,30.6724571058956
295,"web|simple|high|one_to_one",-3.74734556038628,30.6724571058956
295,"mobile|two_factor|high|one_to_one",-2.94655588280559,30.6724571058956
295,"mobile|multi_factor|high|one_to_one",-3.880081828511,30.6724571058956
295,"web|multi_factor|high|one_to_one",-7.73460562263474,30.6724571058956
295,"web|simple|medium|multi_person",-6.06396390034893,30.6724571058956
295,"mobile|two_factor|medium|multi_person",-5.26317422276824,30.6724571058956
295,"web|two_factor|high|multi_person",-9.50652716948575,30.6724571058956
295,"web|multi_factor|high|multi_person",-10.4400531151912,30.6724571058956
295,"web|simple|medium|one_to_one",-3.35851640779251,30.6724571058956
295,"web|two_factor|medium|one_to_one",-6.41225052433556,30.6724571058956
295,"mobile|simple|high|one_to_one",0.107178233737458,30.6724571058956
295,"mobile|simple|low|multi_person",-0.930266214737997,30.6724571058956
295,"web|multi_factor|low|multi_person",-8.7720500711102,30.6724571058956
295,"web|two_factor|medium|multi_person",-9.11769801689198,30.6724571058956
295,"mobile|two_factor|low|one_to_one",-1.27855283872463,30.6724571058956
295,"web|two_factor|high|one_to_one",-6.80107967692933,30.6724571058956
295,"web|two_factor|low|one_to_one",-5.13307663284837,30.6724571058956
296,"web|simple|low|multi_person",-2.89601363968899,26.6423360861985
296,"mobile|two_factor|low|multi_person",-4.2918804040552,26.6423360861985
296,"web|two_factor|low|multi_person",-7.65598607559303,26.6423360861985
296,"mobile|multi_factor|low|multi_person",-6.09168434508929,26.6423360861985
296,"mobile|simple|medium|multi_person",-1.53462413802363,26.6423360861985
296,"mobile|multi_factor|medium|multi_person",-8.09440051496177,26.6423360861985
296,"web|multi_factor|medium|multi_person",-11.4585061864996,26.6423360861985
296,"mobile|simple|high|multi_person",-3.04105718421805,26.6423360861985
296,"web|simple|high|multi_person",-6.40516285575589,26.6423360861985
296,"mobile|two_factor|high|multi_person",-7.8010296201221,26.6423360861985
296,"mobile|multi_factor|high|multi_person",-9.60083356115619,26.6423360861985
296,"mobile|simple|low|one_to_one",2.35575253670083,26.6423360861985
296,"web|simple|low|one_to_one",-1.00835313483701,26.6423360861985
296,"mobile|multi_factor|low|one_to_one",-4.20402384023731,26.6423360861985
296,"web|multi_factor|low|one_to_one",-7.56812951177515,26.6423360861985
296,"mobile|simple|medium|one_to_one",0.353036366828358,26.6423360861985
296,"mobile|two_factor|medium|one_to_one",-4.40693606907568,26.6423360861985
296,"mobile|multi_factor|medium|one_to_one",-6.20674001010978,26.6423360861985
296,"web|multi_factor|medium|one_to_one",-9.57084568164762,26.6423360861985
296,"web|simple|high|one_to_one",-4.51750235090391,26.6423360861985
296,"mobile|two_factor|high|one_to_one",-5.91336911527011,26.6423360861985
296,"mobile|multi_factor|high|one_to_one",-7.71317305630421,26.6423360861985
296,"web|multi_factor|high|one_to_one",-11.077278727842,26.6423360861985
296,"web|simple|medium|multi_person",-4.89872980956147,26.6423360861985
296,"mobile|two_factor|medium|multi_person",-6.29459657392767,26.6423360861985
296,"web|two_factor|high|multi_person",-11.1651352916599,26.6423360861985
296,"web|multi_factor|high|multi_person",-12.964939232694,26.6423360861985
296,"web|simple|medium|one_to_one",-3.01106930470948,26.6423360861985
296,"web|two_factor|medium|one_to_one",-7.77104174061352,26.6423360861985
296,"mobile|simple|high|one_to_one",-1.15339667936607,26.6423360861985
296,"mobile|simple|low|multi_person",0.468092031848846,26.6423360861985
296,"web|multi_factor|low|multi_person",-9.45579001662713,26.6423360861985
296,"web|two_factor|medium|multi_person",-9.65870224546551,26.6423360861985
296,"mobile|two_factor|low|one_to_one",-2.40421989920321,26.6423360861985
296,"web|two_factor|high|one_to_one",-9.27747478680795,26.6423360861985
296,"web|two_factor|low|one_to_one",-5.76832557074105,26.6423360861985
297,"web|simple|low|multi_person",-4.1485343305864,25.2361333845445
297,"mobile|two_factor|low|multi_person",-3.23632049897951,25.2361333845445
297,"web|two_factor|low|multi_person",-8.00370540104013,25.2361333845445
297,"mobile|multi_factor|low|multi_person",-5.76402974815623,25.2361333845445
297,"mobile|simple|medium|multi_person",-1.96097581172223,25.2361333845445
297,"mobile|multi_factor|medium|multi_person",-8.34385613135268,25.2361333845445
297,"web|multi_factor|medium|multi_person",-13.1112410334133,25.2361333845445
297,"mobile|simple|high|multi_person",-2.38289125872825,25.2361333845445
297,"web|simple|high|multi_person",-7.15027616078887,25.2361333845445
297,"mobile|two_factor|high|multi_person",-6.23806232918198,25.2361333845445
297,"mobile|multi_factor|high|multi_person",-8.7657715783587,25.2361333845445
297,"mobile|simple|low|one_to_one",2.4541373220833,25.2361333845445
297,"web|simple|low|one_to_one",-2.31324757997732,25.2361333845445
297,"mobile|multi_factor|low|one_to_one",-3.92874299754715,25.2361333845445
297,"web|multi_factor|low|one_to_one",-8.69612789960777,25.2361333845445
297,"mobile|simple|medium|one_to_one",-0.125689061113154,25.2361333845445
297,"mobile|two_factor|medium|one_to_one",-3.98086013156689,25.2361333845445
297,"mobile|multi_factor|medium|one_to_one",-6.5085693807436,25.2361333845445
297,"web|multi_factor|medium|one_to_one",-11.2759542828042,25.2361333845445
297,"web|simple|high|one_to_one",-5.31498941017979,25.2361333845445
297,"mobile|two_factor|high|one_to_one",-4.4027755785729,25.2361333845445
297,"mobile|multi_factor|high|one_to_one",-6.93048482774962,25.2361333845445
297,"web|multi_factor|high|one_to_one",-11.6978697298102,25.2361333845445
297,"web|simple|medium|multi_person",-6.72836071378285,25.2361333845445
297,"mobile|two_factor|medium|multi_person",-5.81614688217596,25.2361333845445
297,"web|two_factor|high|multi_person",-11.0054472312426,25.2361333845445
297,"web|multi_factor|high|multi_person",-13.5331564804193,25.2361333845445
297,"web|simple|medium|one_to_one",-4.89307396317377,25.2361333845445
297,"web|two_factor|medium|one_to_one",-8.7482450336275,25.2361333845445
297,"mobile|simple|high|one_to_one",-0.547604508119173,25.2361333845445
297,"mobile|simple|low|multi_person",0.618850571474223,25.2361333845445
297,"web|multi_factor|low|multi_person",-10.5314146502168,25.2361333845445
297,"web|two_factor|medium|multi_person",-10.5835317842366,25.2361333845445
297,"mobile|two_factor|low|one_to_one",-1.40103374837044,25.2361333845445
297,"web|two_factor|high|one_to_one",-9.17016048063353,25.2361333845445
297,"web|two_factor|low|one_to_one",-6.16841865043106,25.2361333845445
298,"web|simple|low|multi_person",-4.81861580034972,30.5624463058371
298,"mobile|two_factor|low|multi_person",-4.62142852699949,30.5624463058371
298,"web|two_factor|low|multi_person",-8.12208289895849,30.5624463058371
298,"mobile|multi_factor|low|multi_person",-5.57939351935046,30.5624463058371
298,"mobile|simple|medium|multi_person",-1.22591146035474,30.5624463058371
298,"mobile|multi_factor|medium|multi_person",-5.48734355131448,30.5624463058371
298,"web|multi_factor|medium|multi_person",-8.98799792327348,30.5624463058371
298,"mobile|simple|high|multi_person",-2.30703580430023,30.5624463058371
298,"web|simple|high|multi_person",-5.80769017625923,30.5624463058371
298,"mobile|two_factor|high|multi_person",-5.610502902909,30.5624463058371
298,"mobile|multi_factor|high|multi_person",-6.56846789525997,30.5624463058371
298,"mobile|simple|low|one_to_one",0.40997264327837,30.5624463058371
298,"web|simple|low|one_to_one",-3.09068172868063,30.5624463058371
298,"mobile|multi_factor|low|one_to_one",-3.85145944768137,30.5624463058371
298,"web|multi_factor|low|one_to_one",-7.35211381964037,30.5624463058371
298,"mobile|simple|medium|one_to_one",0.502022611314347,30.5624463058371
298,"mobile|two_factor|medium|one_to_one",-2.80144448729442,30.5624463058371
298,"mobile|multi_factor|medium|one_to_one",-3.75940947964539,30.5624463058371
298,"web|multi_factor|medium|one_to_one",-7.26006385160439,30.5624463058371
298,"web|simple|high|one_to_one",-4.07975610459014,30.5624463058371
298,"mobile|two_factor|high|one_to_one",-3.8825688312399,30.5624463058371
298,"mobile|multi_factor|high|one_to_one",-4.84053382359088,30.5624463058371
298,"web|multi_factor|high|one_to_one",-8.34118819554988,30.5624463058371
298,"web|simple|medium|multi_person",-4.72656583231374,30.5624463058371
298,"mobile|two_factor|medium|multi_person",-4.52937855896351,30.5624463058371
298,"web|two_factor|high|multi_person",-9.11115727486799,30.5624463058371
298,"web|multi_factor|high|multi_person",-10.069122267219,30.5624463058371
298,"web|simple|medium|one_to_one",-2.99863176064465,30.5624463058371
298,"web|two_factor|medium|one_to_one",-6.30209885925342,30.5624463058371
298,"mobile|simple|high|one_to_one",-0.579101732631137,30.5624463058371
298,"mobile|simple|low|multi_person",-1.31796142839072,30.5624463058371
298,"web|multi_factor|low|multi_person",-9.08004789130946,30.5624463058371
298,"web|two_factor|medium|multi_person",-8.03003293092251,30.5624463058371
298,"mobile|two_factor|low|one_to_one",-2.8934944553304,30.5624463058371
298,"web|two_factor|high|one_to_one",-7.3832232031989,30.5624463058371
298,"web|two_factor|low|one_to_one",-6.3941488272894,30.5624463058371
299,"web|simple|low|multi_person",-3.44162571706367,33.5401378595758
299,"mobile|two_factor|low|multi_person",-2.73099308541509,33.5401378595758
299,"web|two_factor|low|multi_person",-6.42798860934835,33.5401378595758
299,"mobile|multi_factor|low|multi_person",-3.07776523948033,33.5401378595758
299,"mobile|simple|medium|multi_person",-1.95661380950652,33.5401378595758
299,"mobile|multi_factor|medium|multi_person",-5.28974885585644,33.5401378595758
299,"web|multi_factor|medium|multi_person",-8.9867443797897,33.5401378595758
299,"mobile|simple|high|multi_person",-3.13302730418971,33.5401378595758
299,"web|simple|high|multi_person",-6.83002282812297,33.5401378595758
299,"mobile|two_factor|high|multi_person",-6.11939019647439,33.5401378595758
299,"mobile|multi_factor|high|multi_person",-6.46616235053963,33.5401378595758
299,"mobile|simple|low|one_to_one",3.03559550995991,33.5401378595758
299,"web|simple|low|one_to_one",-0.66140001397335,33.5401378595758
299,"mobile|multi_factor|low|one_to_one",-0.29753953639001,33.5401378595758
299,"web|multi_factor|low|one_to_one",-3.99453506032327,33.5401378595758
299,"mobile|simple|medium|one_to_one",0.823611893583802,33.5401378595758
299,"mobile|two_factor|medium|one_to_one",-2.16275099870088,33.5401378595758
299,"mobile|multi_factor|medium|one_to_one",-2.50952315276612,33.5401378595758
299,"web|multi_factor|medium|one_to_one",-6.20651867669938,33.5401378595758
299,"web|simple|high|one_to_one",-4.04979712503265,33.5401378595758
299,"mobile|two_factor|high|one_to_one",-3.33916449338407,33.5401378595758
299,"mobile|multi_factor|high|one_to_one",-3.68593664744931,33.5401378595758
299,"web|multi_factor|high|one_to_one",-7.38293217138257,33.5401378595758
299,"web|simple|medium|multi_person",-5.65360933343978,33.5401378595758
299,"mobile|two_factor|medium|multi_person",-4.9429767017912,33.5401378595758
299,"web|two_factor|high|multi_person",-9.81638572040765,33.5401378595758
299,"web|multi_factor|high|multi_person",-10.1631578744729,33.5401378595758
299,"web|simple|medium|one_to_one",-2.87338363034946,33.5401378595758
299,"web|two_factor|medium|one_to_one",-5.85974652263414,33.5401378595758
299,"mobile|simple|high|one_to_one",-0.35280160109939,33.5401378595758
299,"mobile|simple|low|multi_person",0.25536980686959,33.5401378595758
299,"web|multi_factor|low|multi_person",-6.77476076341359,33.5401378595758
299,"web|two_factor|medium|multi_person",-8.63997222572446,33.5401378595758
299,"mobile|two_factor|low|one_to_one",0.0492326176752296,33.5401378595758
299,"web|two_factor|high|one_to_one",-7.03616001731733,33.5401378595758
299,"web|two_factor|low|one_to_one",-3.64776290625803,33.5401378595758
301,"web|simple|low|multi_person",-3.26292554847278,33.5567855499777
301,"mobile|two_factor|low|multi_person",-1.44612217235194,33.5567855499777
301,"web|two_factor|low|multi_person",-4.7207203818539,33.5567855499777
301,"mobile|multi_factor|low|multi_person",-3.50178472666444,33.5567855499777
301,"mobile|simple|medium|multi_person",-1.97183019281922,33.5567855499777
301,"mobile|multi_factor|medium|multi_person",-5.48528758051284,33.5567855499777
301,"web|multi_factor|medium|multi_person",-8.7598857900148,33.5567855499777
301,"mobile|simple|high|multi_person",-3.24022888599104,33.5567855499777
301,"web|simple|high|multi_person",-6.514827095493,33.5567855499777
301,"mobile|two_factor|high|multi_person",-4.69802371937216,33.5567855499777
301,"mobile|multi_factor|high|multi_person",-6.75368627368466,33.5567855499777
301,"mobile|simple|low|one_to_one",1.9289660871989,33.5567855499777
301,"web|simple|low|one_to_one",-1.34563212230306,33.5567855499777
301,"mobile|multi_factor|low|one_to_one",-1.58449130049472,33.5567855499777
301,"web|multi_factor|low|one_to_one",-4.85908950999668,33.5567855499777
301,"mobile|simple|medium|one_to_one",-0.0545367666494987,33.5567855499777
301,"mobile|two_factor|medium|one_to_one",-1.51233160003061,33.5567855499777
301,"mobile|multi_factor|medium|one_to_one",-3.56799415434312,33.5567855499777
301,"web|multi_factor|medium|one_to_one",-6.84259236384508,33.5567855499777
301,"web|simple|high|one_to_one",-4.59753366932328,33.5567855499777
301,"mobile|two_factor|high|one_to_one",-2.78073029320243,33.5567855499777
301,"mobile|multi_factor|high|one_to_one",-4.83639284751494,33.5567855499777
301,"web|multi_factor|high|one_to_one",-8.1109910570169,33.5567855499777
301,"web|simple|medium|multi_person",-5.24642840232118,33.5567855499777
301,"mobile|two_factor|medium|multi_person",-3.42962502620034,33.5567855499777
301,"web|two_factor|high|multi_person",-7.97262192887412,33.5567855499777
301,"web|multi_factor|high|multi_person",-10.0282844831866,33.5567855499777
301,"web|simple|medium|one_to_one",-3.32913497615146,33.5567855499777
301,"web|two_factor|medium|one_to_one",-4.78692980953257,33.5567855499777
301,"mobile|simple|high|one_to_one",-1.32293545982132,33.5567855499777
301,"mobile|simple|low|multi_person",0.0116726610291793,33.5567855499777
301,"web|multi_factor|low|multi_person",-6.7763829361664,33.5567855499777
301,"web|two_factor|medium|multi_person",-6.7042232357023,33.5567855499777
301,"mobile|two_factor|low|one_to_one",0.471171253817785,33.5567855499777
301,"web|two_factor|high|one_to_one",-6.0553285027044,33.5567855499777
301,"web|two_factor|low|one_to_one",-2.80342695568417,33.5567855499777
302,"web|simple|low|multi_person",-5.72199249824684,17.5735691532603
302,"mobile|two_factor|low|multi_person",-5.51953468722516,17.5735691532603
302,"web|two_factor|low|multi_person",-10.7710397474039,17.5735691532603
302,"mobile|multi_factor|low|multi_person",-8.07515858781836,17.5735691532603
302,"mobile|simple|medium|multi_person",-1.35242483156625,17.5735691532603
302,"mobile|multi_factor|medium|multi_person",-8.95709598131655,17.5735691532603
302,"web|multi_factor|medium|multi_person",-14.2086010414953,17.5735691532603
302,"mobile|simple|high|multi_person",-2.00949328358073,17.5735691532603
302,"web|simple|high|multi_person",-7.26099834375951,17.5735691532603
302,"mobile|two_factor|high|multi_person",-7.05854053273783,17.5735691532603
302,"mobile|multi_factor|high|multi_person",-9.61416443333103,17.5735691532603
302,"mobile|simple|low|one_to_one",0.0915195740147943,17.5735691532603
302,"web|simple|low|one_to_one",-5.15998548616399,17.5735691532603
302,"mobile|multi_factor|low|one_to_one",-7.51315157573551,17.5735691532603
302,"web|multi_factor|low|one_to_one",-12.7646566359143,17.5735691532603
302,"mobile|simple|medium|one_to_one",-0.790417819483399,17.5735691532603
302,"mobile|two_factor|medium|one_to_one",-5.8394650686405,17.5735691532603
302,"mobile|multi_factor|medium|one_to_one",-8.3950889692337,17.5735691532603
302,"web|multi_factor|medium|one_to_one",-13.6465940294125,17.5735691532603
302,"web|simple|high|one_to_one",-6.69899133167666,17.5735691532603
302,"mobile|two_factor|high|one_to_one",-6.49653352065498,17.5735691532603
302,"mobile|multi_factor|high|one_to_one",-9.05215742124818,17.5735691532603
302,"web|multi_factor|high|one_to_one",-14.303662481427,17.5735691532603
302,"web|simple|medium|multi_person",-6.60392989174503,17.5735691532603
302,"mobile|two_factor|medium|multi_person",-6.40147208072335,17.5735691532603
302,"web|two_factor|high|multi_person",-12.3100455929166,17.5735691532603
302,"web|multi_factor|high|multi_person",-14.8656694935098,17.5735691532603
302,"web|simple|medium|one_to_one",-6.04192287966218,17.5735691532603
302,"web|two_factor|medium|one_to_one",-11.0909701288193,17.5735691532603
302,"mobile|simple|high|one_to_one",-1.44748627149788,17.5735691532603
302,"mobile|simple|low|multi_person",-0.470487438068058,17.5735691532603
302,"web|multi_factor|low|multi_person",-13.3266636479971,17.5735691532603
302,"web|two_factor|medium|multi_person",-11.6529771409021,17.5735691532603
302,"mobile|two_factor|low|one_to_one",-4.95752767514231,17.5735691532603
302,"web|two_factor|high|one_to_one",-11.7480385808338,17.5735691532603
302,"web|two_factor|low|one_to_one",-10.2090327353211,17.5735691532603
303,"web|simple|low|multi_person",-3.20749249812463,26.2442626237443
303,"mobile|two_factor|low|multi_person",-3.13133061062921,26.2442626237443
303,"web|two_factor|low|multi_person",-7.14891105567521,26.2442626237443
303,"mobile|multi_factor|low|multi_person",-6.00783366201347,26.2442626237443
303,"mobile|simple|medium|multi_person",-1.5898863515463,26.2442626237443
303,"mobile|multi_factor|medium|multi_person",-8.40780796048114,26.2442626237443
303,"web|multi_factor|medium|multi_person",-12.4253884055271,26.2442626237443
303,"mobile|simple|high|multi_person",-2.57153792704165,26.2442626237443
303,"web|simple|high|multi_person",-6.58911837208765,26.2442626237443
303,"mobile|two_factor|high|multi_person",-6.51295648459223,26.2442626237443
303,"mobile|multi_factor|high|multi_person",-9.38945953597649,26.2442626237443
303,"mobile|simple|low|one_to_one",2.80923010476493,26.2442626237443
303,"web|simple|low|one_to_one",-1.20835034028107,26.2442626237443
303,"mobile|multi_factor|low|one_to_one",-4.00869150416991,26.2442626237443
303,"web|multi_factor|low|one_to_one",-8.02627194921591,26.2442626237443
303,"mobile|simple|medium|one_to_one",0.409255806297252,26.2442626237443
303,"mobile|two_factor|medium|one_to_one",-3.53216275125333,26.2442626237443
303,"mobile|multi_factor|medium|one_to_one",-6.40866580263759,26.2442626237443
303,"web|multi_factor|medium|one_to_one",-10.4262462476836,26.2442626237443
303,"web|simple|high|one_to_one",-4.58997621424409,26.2442626237443
303,"mobile|two_factor|high|one_to_one",-4.51381432674867,26.2442626237443
303,"mobile|multi_factor|high|one_to_one",-7.39031737813293,26.2442626237443
303,"web|multi_factor|high|one_to_one",-11.4078978231789,26.2442626237443
303,"web|simple|medium|multi_person",-5.6074667965923,26.2442626237443
303,"mobile|two_factor|medium|multi_person",-5.53130490909688,26.2442626237443
303,"web|two_factor|high|multi_person",-10.5305369296382,26.2442626237443
303,"web|multi_factor|high|multi_person",-13.4070399810225,26.2442626237443
303,"web|simple|medium|one_to_one",-3.60832463874875,26.2442626237443
303,"web|two_factor|medium|one_to_one",-7.54974319629933,26.2442626237443
303,"mobile|simple|high|one_to_one",-0.572395769198093,26.2442626237443
303,"mobile|simple|low|multi_person",0.810087946921372,26.2442626237443
303,"web|multi_factor|low|multi_person",-10.0254141070595,26.2442626237443
303,"web|two_factor|medium|multi_person",-9.54888535414288,26.2442626237443
303,"mobile|two_factor|low|one_to_one",-1.13218845278565,26.2442626237443
303,"web|two_factor|high|one_to_one",-8.53139477179467,26.2442626237443
303,"web|two_factor|low|one_to_one",-5.14976889783165,26.2442626237443
304,"web|simple|low|multi_person",-4.84243005796589,22.2144133678571
304,"mobile|two_factor|low|multi_person",-5.65551511795903,22.2144133678571
304,"web|two_factor|low|multi_person",-10.3636504846583,22.2144133678571
304,"mobile|multi_factor|low|multi_person",-7.01228374894246,22.2144133678571
304,"mobile|simple|medium|multi_person",-1.66155921940987,22.2144133678571
304,"mobile|multi_factor|medium|multi_person",-8.53954827708568,22.2144133678571
304,"web|multi_factor|medium|multi_person",-13.2476836437849,22.2144133678571
304,"mobile|simple|high|multi_person",-3.15368491417702,22.2144133678571
304,"web|simple|high|multi_person",-7.86182028087626,22.2144133678571
304,"mobile|two_factor|high|multi_person",-8.6749053408694,22.2144133678571
304,"mobile|multi_factor|high|multi_person",-10.0316739718528,22.2144133678571
304,"mobile|simple|low|one_to_one",2.66189186418489,22.2144133678571
304,"web|simple|low|one_to_one",-2.04624350251435,22.2144133678571
304,"mobile|multi_factor|low|one_to_one",-4.21609719349092,22.2144133678571
304,"web|multi_factor|low|one_to_one",-8.92423256019016,22.2144133678571
304,"mobile|simple|medium|one_to_one",1.13462733604167,22.2144133678571
304,"mobile|two_factor|medium|one_to_one",-4.38659309065071,22.2144133678571
304,"mobile|multi_factor|medium|one_to_one",-5.74336172163414,22.2144133678571
304,"web|multi_factor|medium|one_to_one",-10.4514970883334,22.2144133678571
304,"web|simple|high|one_to_one",-5.06563372542472,22.2144133678571
304,"mobile|two_factor|high|one_to_one",-5.87871878541786,22.2144133678571
304,"mobile|multi_factor|high|one_to_one",-7.23548741640129,22.2144133678571
304,"web|multi_factor|high|one_to_one",-11.9436227831005,22.2144133678571
304,"web|simple|medium|multi_person",-6.36969458610911,22.2144133678571
304,"mobile|two_factor|medium|multi_person",-7.18277964610225,22.2144133678571
304,"web|two_factor|high|multi_person",-13.3830407075686,22.2144133678571
304,"web|multi_factor|high|multi_person",-14.7398093385521,22.2144133678571
304,"web|simple|medium|one_to_one",-3.57350803065757,22.2144133678571
304,"web|two_factor|medium|one_to_one",-9.09472845734995,22.2144133678571
304,"mobile|simple|high|one_to_one",-0.35749835872548,22.2144133678571
304,"mobile|simple|low|multi_person",-0.134294691266649,22.2144133678571
304,"web|multi_factor|low|multi_person",-11.7204191156417,22.2144133678571
304,"web|two_factor|medium|multi_person",-11.8909150128015,22.2144133678571
304,"mobile|two_factor|low|one_to_one",-2.85932856250749,22.2144133678571
304,"web|two_factor|high|one_to_one",-10.5868541521171,22.2144133678571
304,"web|two_factor|low|one_to_one",-7.56746392920673,22.2144133678571
305,"web|simple|low|multi_person",-3.28716503429965,31.5083816784777
305,"mobile|two_factor|low|multi_person",-2.02539903147024,31.5083816784777
305,"web|two_factor|low|multi_person",-5.93279950842992,31.5083816784777
305,"mobile|multi_factor|low|multi_person",-3.51761714016631,31.5083816784777
305,"mobile|simple|medium|multi_person",-1.70657356831235,31.5083816784777
305,"mobile|multi_factor|medium|multi_person",-5.84442615113869,31.5083816784777
305,"web|multi_factor|medium|multi_person",-9.75182662809837,31.5083816784777
305,"mobile|simple|high|multi_person",-2.35019864440292,31.5083816784777
305,"web|simple|high|multi_person",-6.2575991213626,31.5083816784777
305,"mobile|two_factor|high|multi_person",-4.99583311853319,31.5083816784777
305,"mobile|multi_factor|high|multi_person",-6.48805122722926,31.5083816784777
305,"mobile|simple|low|one_to_one",2.32265577154481,31.5083816784777
305,"web|simple|low|one_to_one",-1.58474470541487,31.5083816784777
305,"mobile|multi_factor|low|one_to_one",-1.81519681128153,31.5083816784777
305,"web|multi_factor|low|one_to_one",-5.72259728824121,31.5083816784777
305,"mobile|simple|medium|one_to_one",-0.00415323942756141,31.5083816784777
305,"mobile|two_factor|medium|one_to_one",-2.64978771355783,31.5083816784777
305,"mobile|multi_factor|medium|one_to_one",-4.1420058222539,31.5083816784777
305,"web|multi_factor|medium|one_to_one",-8.04940629921358,31.5083816784777
305,"web|simple|high|one_to_one",-4.55517879247782,31.5083816784777
305,"mobile|two_factor|high|one_to_one",-3.29341278964841,31.5083816784777
305,"mobile|multi_factor|high|one_to_one",-4.78563089834448,31.5083816784777
305,"web|multi_factor|high|one_to_one",-8.69303137530416,31.5083816784777
305,"web|simple|medium|multi_person",-5.61397404527203,31.5083816784777
305,"mobile|two_factor|medium|multi_person",-4.35220804244261,31.5083816784777
305,"web|two_factor|high|multi_person",-8.90323359549287,31.5083816784777
305,"web|multi_factor|high|multi_person",-10.3954517041889,31.5083816784777
305,"web|simple|medium|one_to_one",-3.91155371638724,31.5083816784777
305,"web|two_factor|medium|one_to_one",-6.55718819051751,31.5083816784777
305,"mobile|simple|high|one_to_one",-0.647778315518137,31.5083816784777
305,"mobile|simple|low|multi_person",0.620235442660029,31.5083816784777
305,"web|multi_factor|low|multi_person",-7.42501761712599,31.5083816784777
305,"web|two_factor|medium|multi_person",-8.25960851940229,31.5083816784777
305,"mobile|two_factor|low|one_to_one",-0.322978702585456,31.5083816784777
305,"web|two_factor|high|one_to_one",-7.20081326660809,31.5083816784777
305,"web|two_factor|low|one_to_one",-4.23037917954514,31.5083816784777
306,"web|simple|low|multi_person",-2.62413689456154,33.758895301793
306,"mobile|two_factor|low|multi_person",-2.36463712576427,33.758895301793
306,"web|two_factor|low|multi_person",-5.08325957724789,33.758895301793
306,"mobile|multi_factor|low|multi_person",-3.75432629928318,33.758895301793
306,"mobile|simple|medium|multi_person",-2.51313351834105,33.758895301793
306,"mobile|multi_factor|medium|multi_person",-6.36194537454632,33.758895301793
306,"web|multi_factor|medium|multi_person",-9.08056782602993,33.758895301793
306,"mobile|simple|high|multi_person",-2.63374317642777,33.758895301793
306,"web|simple|high|multi_person",-5.35236562791139,33.758895301793
306,"mobile|two_factor|high|multi_person",-5.09286585911412,33.758895301793
306,"mobile|multi_factor|high|multi_person",-6.48255503263303,33.758895301793
306,"mobile|simple|low|one_to_one",2.1205451483894,33.758895301793
306,"web|simple|low|one_to_one",-0.59807730309422,33.758895301793
306,"mobile|multi_factor|low|one_to_one",-1.72826670781586,33.758895301793
306,"web|multi_factor|low|one_to_one",-4.44688915929948,33.758895301793
306,"mobile|simple|medium|one_to_one",-0.487073926873735,33.758895301793
306,"mobile|two_factor|medium|one_to_one",-2.94619660956008,33.758895301793
306,"mobile|multi_factor|medium|one_to_one",-4.335885783079,33.758895301793
306,"web|multi_factor|medium|one_to_one",-7.05450823456261,33.758895301793
306,"web|simple|high|one_to_one",-3.32630603644407,33.758895301793
306,"mobile|two_factor|high|one_to_one",-3.0668062676468,33.758895301793
306,"mobile|multi_factor|high|one_to_one",-4.45649544116571,33.758895301793
306,"web|multi_factor|high|one_to_one",-7.17511789264933,33.758895301793
306,"web|simple|medium|multi_person",-5.23175596982468,33.758895301793
306,"mobile|two_factor|medium|multi_person",-4.9722562010274,33.758895301793
306,"web|two_factor|high|multi_person",-7.81148831059774,33.758895301793
306,"web|multi_factor|high|multi_person",-9.20117748411665,33.758895301793
306,"web|simple|medium|one_to_one",-3.20569637835735,33.758895301793
306,"web|two_factor|medium|one_to_one",-5.6648190610437,33.758895301793
306,"mobile|simple|high|one_to_one",-0.607683584960452,33.758895301793
306,"mobile|simple|low|multi_person",0.0944855569220797,33.758895301793
306,"web|multi_factor|low|multi_person",-6.4729487507668,33.758895301793
306,"web|two_factor|medium|multi_person",-7.69087865251102,33.758895301793
306,"mobile|two_factor|low|one_to_one",-0.338577534296948,33.758895301793
306,"web|two_factor|high|one_to_one",-5.78542871913042,33.758895301793
306,"web|two_factor|low|one_to_one",-3.05719998578057,33.758895301793
307,"web|simple|low|multi_person",-5.43221487950157,21.5817620986632
307,"mobile|two_factor|low|multi_person",-4.85126052519024,21.5817620986632
307,"web|two_factor|low|multi_person",-9.5205284945037,21.5817620986632
307,"mobile|multi_factor|low|multi_person",-7.14956251157092,21.5817620986632
307,"mobile|simple|medium|multi_person",-1.22971063698113,21.5817620986632
307,"mobile|multi_factor|medium|multi_person",-7.61632623836394,21.5817620986632
307,"web|multi_factor|medium|multi_person",-12.2855942076774,21.5817620986632
307,"mobile|simple|high|multi_person",-1.43695419889481,21.5817620986632
307,"web|simple|high|multi_person",-6.10622216820827,21.5817620986632
307,"mobile|two_factor|high|multi_person",-5.52526781389694,21.5817620986632
307,"mobile|multi_factor|high|multi_person",-7.82356980027762,21.5817620986632
307,"mobile|simple|low|one_to_one",-0.133546785475583,21.5817620986632
307,"web|simple|low|one_to_one",-4.80281475478904,21.5817620986632
307,"mobile|multi_factor|low|one_to_one",-6.52016238685839,21.5817620986632
307,"web|multi_factor|low|one_to_one",-11.1894303561719,21.5817620986632
307,"mobile|simple|medium|one_to_one",-0.6003105122686,21.5817620986632
307,"mobile|two_factor|medium|one_to_one",-4.68862412727073,21.5817620986632
307,"mobile|multi_factor|medium|one_to_one",-6.98692611365141,21.5817620986632
307,"web|multi_factor|medium|one_to_one",-11.6561940829649,21.5817620986632
307,"web|simple|high|one_to_one",-5.47682204349574,21.5817620986632
307,"mobile|two_factor|high|one_to_one",-4.89586768918441,21.5817620986632
307,"mobile|multi_factor|high|one_to_one",-7.19416967556509,21.5817620986632
307,"web|multi_factor|high|one_to_one",-11.8634376448786,21.5817620986632
307,"web|simple|medium|multi_person",-5.89897860629459,21.5817620986632
307,"mobile|two_factor|medium|multi_person",-5.31802425198326,21.5817620986632
307,"web|two_factor|high|multi_person",-10.1945357832104,21.5817620986632
307,"web|multi_factor|high|multi_person",-12.4928377695911,21.5817620986632
307,"web|simple|medium|one_to_one",-5.26957848158206,21.5817620986632
307,"web|two_factor|medium|one_to_one",-9.35789209658419,21.5817620986632
307,"mobile|simple|high|one_to_one",-0.807554074182282,21.5817620986632
307,"mobile|simple|low|multi_person",-0.762946910188113,21.5817620986632
307,"web|multi_factor|low|multi_person",-11.8188304808844,21.5817620986632
307,"web|two_factor|medium|multi_person",-9.98729222129672,21.5817620986632
307,"mobile|two_factor|low|one_to_one",-4.22186040047771,21.5817620986632
307,"web|two_factor|high|one_to_one",-9.56513565849787,21.5817620986632
307,"web|two_factor|low|one_to_one",-8.89112836979117,21.5817620986632
308,"web|simple|low|multi_person",-4.06028350651797,25.7654097786524
308,"mobile|two_factor|low|multi_person",-3.65863294699176,25.7654097786524
308,"web|two_factor|low|multi_person",-7.74140238558504,25.7654097786524
308,"mobile|multi_factor|low|multi_person",-4.55789952849626,25.7654097786524
308,"mobile|simple|medium|multi_person",-3.14627385567876,25.7654097786524
308,"mobile|multi_factor|medium|multi_person",-7.72665931625033,25.7654097786524
308,"web|multi_factor|medium|multi_person",-11.8094287548436,25.7654097786524
308,"mobile|simple|high|multi_person",-2.59245738710421,25.7654097786524
308,"web|simple|high|multi_person",-6.6752268256975,25.7654097786524
308,"mobile|two_factor|high|multi_person",-6.27357626617129,25.7654097786524
308,"mobile|multi_factor|high|multi_person",-7.17284284767578,25.7654097786524
308,"mobile|simple|low|one_to_one",1.37010170073165,25.7654097786524
308,"web|simple|low|one_to_one",-2.71266773786163,25.7654097786524
308,"mobile|multi_factor|low|one_to_one",-3.21028375983992,25.7654097786524
308,"web|multi_factor|low|one_to_one",-7.2930531984332,25.7654097786524
308,"mobile|simple|medium|one_to_one",-1.79865808702242,25.7654097786524
308,"mobile|two_factor|medium|one_to_one",-5.47977696608949,25.7654097786524
308,"mobile|multi_factor|medium|one_to_one",-6.37904354759399,25.7654097786524
308,"web|multi_factor|medium|one_to_one",-10.4618129861873,25.7654097786524
308,"web|simple|high|one_to_one",-5.32761105704115,25.7654097786524
308,"mobile|two_factor|high|one_to_one",-4.92596049751494,25.7654097786524
308,"mobile|multi_factor|high|one_to_one",-5.82522707901944,25.7654097786524
308,"web|multi_factor|high|one_to_one",-9.90799651761272,25.7654097786524
308,"web|simple|medium|multi_person",-7.22904329427204,25.7654097786524
308,"mobile|two_factor|medium|multi_person",-6.82739273474583,25.7654097786524
308,"web|two_factor|high|multi_person",-10.3563457047646,25.7654097786524
308,"web|multi_factor|high|multi_person",-11.2556122862691,25.7654097786524
308,"web|simple|medium|one_to_one",-5.8814275256157,25.7654097786524
308,"web|two_factor|medium|one_to_one",-9.56254640468277,25.7654097786524
308,"mobile|simple|high|one_to_one",-1.24484161844787,25.7654097786524
308,"mobile|simple|low|multi_person",0.0224859320753077,25.7654097786524
308,"web|multi_factor|low|multi_person",-8.64066896708954,25.7654097786524
308,"web|two_factor|medium|multi_person",-10.9101621733391,25.7654097786524
308,"mobile|two_factor|low|one_to_one",-2.31101717833542,25.7654097786524
308,"web|two_factor|high|one_to_one",-9.00872993610822,25.7654097786524
308,"web|two_factor|low|one_to_one",-6.3937866169287,25.7654097786524
309,"web|simple|low|multi_person",-3.40414669927758,20.2544574539391
309,"mobile|two_factor|low|multi_person",-4.00417693094184,20.2544574539391
309,"web|two_factor|low|multi_person",-9.25131676696866,20.2544574539391
309,"mobile|multi_factor|low|multi_person",-5.89281469854036,20.2544574539391
309,"mobile|simple|medium|multi_person",-1.12962664818493,20.2544574539391
309,"mobile|multi_factor|medium|multi_person",-8.86543448347453,20.2544574539391
309,"web|multi_factor|medium|multi_person",-14.1125743195014,20.2544574539391
309,"mobile|simple|high|multi_person",-1.97819150619788,20.2544574539391
309,"web|simple|high|multi_person",-7.2253313422247,20.2544574539391
309,"mobile|two_factor|high|multi_person",-7.82536157388896,20.2544574539391
309,"mobile|multi_factor|high|multi_person",-9.71399934148748,20.2544574539391
309,"mobile|simple|low|one_to_one",2.19179567350552,20.2544574539391
309,"web|simple|low|one_to_one",-3.0553441625213,20.2544574539391
309,"mobile|multi_factor|low|one_to_one",-5.54401216178408,20.2544574539391
309,"web|multi_factor|low|one_to_one",-10.7911519978109,20.2544574539391
309,"mobile|simple|medium|one_to_one",-0.780824111428648,20.2544574539391
309,"mobile|two_factor|medium|one_to_one",-6.62799417911973,20.2544574539391
309,"mobile|multi_factor|medium|one_to_one",-8.51663194671825,20.2544574539391
309,"web|multi_factor|medium|one_to_one",-13.7637717827451,20.2544574539391
309,"web|simple|high|one_to_one",-6.87652880546842,20.2544574539391
309,"mobile|two_factor|high|one_to_one",-7.47655903713268,20.2544574539391
309,"mobile|multi_factor|high|one_to_one",-9.3651968047312,20.2544574539391
309,"web|multi_factor|high|one_to_one",-14.612336640758,20.2544574539391
309,"web|simple|medium|multi_person",-6.37676648421175,20.2544574539391
309,"mobile|two_factor|medium|multi_person",-6.97679671587601,20.2544574539391
309,"web|two_factor|high|multi_person",-13.0725014099158,20.2544574539391
309,"web|multi_factor|high|multi_person",-14.9611391775143,20.2544574539391
309,"web|simple|medium|one_to_one",-6.02796394745547,20.2544574539391
309,"web|two_factor|medium|one_to_one",-11.8751340151465,20.2544574539391
309,"mobile|simple|high|one_to_one",-1.6293889694416,20.2544574539391
309,"mobile|simple|low|multi_person",1.84299313674924,20.2544574539391
309,"web|multi_factor|low|multi_person",-11.1399545345672,20.2544574539391
309,"web|two_factor|medium|multi_person",-12.2239365519028,20.2544574539391
309,"mobile|two_factor|low|one_to_one",-3.65537439418556,20.2544574539391
309,"web|two_factor|high|one_to_one",-12.7236988731595,20.2544574539391
309,"web|two_factor|low|one_to_one",-8.90251423021238,20.2544574539391
310,"web|simple|low|multi_person",-3.544127016066,25.538312413065
310,"mobile|two_factor|low|multi_person",-2.46882673601294,25.538312413065
310,"web|two_factor|low|multi_person",-6.4344275369676,25.538312413065
310,"mobile|multi_factor|low|multi_person",-5.76397446590461,25.538312413065
310,"mobile|simple|medium|multi_person",-1.99197903805545,25.538312413065
310,"mobile|multi_factor|medium|multi_person",-8.17742728884872,25.538312413065
310,"web|multi_factor|medium|multi_person",-12.1430280898034,25.538312413065
310,"mobile|simple|high|multi_person",-3.20263865602245,25.538312413065
310,"web|simple|high|multi_person",-7.16823945697711,25.538312413065
310,"mobile|two_factor|high|multi_person",-6.09293917692405,25.538312413065
310,"mobile|multi_factor|high|multi_person",-9.38808690681572,25.538312413065
310,"mobile|simple|low|one_to_one",1.73329952203582,25.538312413065
310,"web|simple|low|one_to_one",-2.23230127891884,25.538312413065
310,"mobile|multi_factor|low|one_to_one",-4.45214872875745,25.538312413065
310,"web|multi_factor|low|one_to_one",-8.41774952971211,25.538312413065
310,"mobile|simple|medium|one_to_one",-0.680153300908297,25.538312413065
310,"mobile|two_factor|medium|one_to_one",-3.5704538218099,25.538312413065
310,"mobile|multi_factor|medium|one_to_one",-6.86560155170157,25.538312413065
310,"web|multi_factor|medium|one_to_one",-10.8312023526562,25.538312413065
310,"web|simple|high|one_to_one",-5.85641371982995,25.538312413065
310,"mobile|two_factor|high|one_to_one",-4.7811134397769,25.538312413065
310,"mobile|multi_factor|high|one_to_one",-8.07626116966856,25.538312413065
310,"web|multi_factor|high|one_to_one",-12.0418619706232,25.538312413065
310,"web|simple|medium|multi_person",-5.95757983901011,25.538312413065
310,"mobile|two_factor|medium|multi_person",-4.88227955895706,25.538312413065
310,"web|two_factor|high|multi_person",-10.0585399778787,25.538312413065
310,"web|multi_factor|high|multi_person",-13.3536877077704,25.538312413065
310,"web|simple|medium|one_to_one",-4.64575410186296,25.538312413065
310,"web|two_factor|medium|one_to_one",-7.53605462276456,25.538312413065
310,"mobile|simple|high|one_to_one",-1.89081291887529,25.538312413065
310,"mobile|simple|low|multi_person",0.421473784888664,25.538312413065
310,"web|multi_factor|low|multi_person",-9.72957526685927,25.538312413065
310,"web|two_factor|medium|multi_person",-8.84788035991172,25.538312413065
310,"mobile|two_factor|low|one_to_one",-1.15700099886579,25.538312413065
310,"web|two_factor|high|one_to_one",-8.74671424073156,25.538312413065
310,"web|two_factor|low|one_to_one",-5.12260179982045,25.538312413065
311,"web|simple|low|multi_person",-4.26804654724557,34.5935776021795
311,"mobile|two_factor|low|multi_person",-2.90413206846192,34.5935776021795
311,"web|two_factor|low|multi_person",-5.90886458859336,34.5935776021795
311,"mobile|multi_factor|low|multi_person",-3.54052941065997,34.5935776021795
311,"mobile|simple|medium|multi_person",-2.53337343334372,34.5935776021795
311,"mobile|multi_factor|medium|multi_person",-4.81058881688956,34.5935776021795
311,"web|multi_factor|medium|multi_person",-7.815321337021,34.5935776021795
311,"mobile|simple|high|multi_person",-3.35439649626968,34.5935776021795
311,"web|simple|high|multi_person",-6.35912901640112,34.5935776021795
311,"mobile|two_factor|high|multi_person",-4.99521453761747,34.5935776021795
311,"mobile|multi_factor|high|multi_person",-5.63161187981552,34.5935776021795
311,"mobile|simple|low|one_to_one",1.46053450849675,34.5935776021795
311,"web|simple|low|one_to_one",-1.54419801163469,34.5935776021795
311,"mobile|multi_factor|low|one_to_one",-0.816680875049092,34.5935776021795
311,"web|multi_factor|low|one_to_one",-3.82141339518053,34.5935776021795
311,"mobile|simple|medium|one_to_one",0.19047510226716,34.5935776021795
311,"mobile|two_factor|medium|one_to_one",-1.45034293908063,34.5935776021795
311,"mobile|multi_factor|medium|one_to_one",-2.08674028127868,34.5935776021795
311,"web|multi_factor|medium|one_to_one",-5.09147280141012,34.5935776021795
311,"web|simple|high|one_to_one",-3.63528048079024,34.5935776021795
311,"mobile|two_factor|high|one_to_one",-2.27136600200659,34.5935776021795
311,"mobile|multi_factor|high|one_to_one",-2.90776334420464,34.5935776021795
311,"web|multi_factor|high|one_to_one",-5.91249586433608,34.5935776021795
311,"web|simple|medium|multi_person",-5.53810595347516,34.5935776021795
311,"mobile|two_factor|medium|multi_person",-4.17419147469151,34.5935776021795
311,"web|two_factor|high|multi_person",-7.99994705774891,34.5935776021795
311,"web|multi_factor|high|multi_person",-8.63634439994696,34.5935776021795
311,"web|simple|medium|one_to_one",-2.81425741786428,34.5935776021795
311,"web|two_factor|medium|one_to_one",-4.45507545921207,34.5935776021795
311,"mobile|simple|high|one_to_one",-0.630547960658802,34.5935776021795
311,"mobile|simple|low|multi_person",-1.26331402711413,34.5935776021795
311,"web|multi_factor|low|multi_person",-6.54526193079141,34.5935776021795
311,"web|two_factor|medium|multi_person",-7.17892399482295,34.5935776021795
311,"mobile|two_factor|low|one_to_one",-0.180283532851039,34.5935776021795
311,"web|two_factor|high|one_to_one",-5.27609852213803,34.5935776021795
311,"web|two_factor|low|one_to_one",-3.18501605298248,34.5935776021795
312,"web|simple|low|multi_person",-2.73305676170054,29.1850512830483
312,"mobile|two_factor|low|multi_person",-2.97156337364402,29.1850512830483
312,"web|two_factor|low|multi_person",-6.2626495908251,29.1850512830483
312,"mobile|multi_factor|low|multi_person",-4.42407652188399,29.1850512830483
312,"mobile|simple|medium|multi_person",-2.26154518781435,29.1850512830483
312,"mobile|multi_factor|medium|multi_person",-7.24365116517888,29.1850512830483
312,"web|multi_factor|medium|multi_person",-10.53473738236,29.1850512830483
312,"mobile|simple|high|multi_person",-3.31175173722496,29.1850512830483
312,"web|simple|high|multi_person",-6.60283795440604,29.1850512830483
312,"mobile|two_factor|high|multi_person",-6.84134456634951,29.1850512830483
312,"mobile|multi_factor|high|multi_person",-8.29385771458949,29.1850512830483
312,"mobile|simple|low|one_to_one",2.12139291969442,29.1850512830483
312,"web|simple|low|one_to_one",-1.16969329748666,29.1850512830483
312,"mobile|multi_factor|low|one_to_one",-2.86071305767011,29.1850512830483
312,"web|multi_factor|low|one_to_one",-6.1517992748512,29.1850512830483
312,"mobile|simple|medium|one_to_one",-0.698181723600481,29.1850512830483
312,"mobile|two_factor|medium|one_to_one",-4.22777455272504,29.1850512830483
312,"mobile|multi_factor|medium|one_to_one",-5.68028770096501,29.1850512830483
312,"web|multi_factor|medium|one_to_one",-8.97137391814609,29.1850512830483
312,"web|simple|high|one_to_one",-5.03947449019216,29.1850512830483
312,"mobile|two_factor|high|one_to_one",-5.27798110213564,29.1850512830483
312,"mobile|multi_factor|high|one_to_one",-6.73049425037561,29.1850512830483
312,"web|multi_factor|high|one_to_one",-10.0215804675567,29.1850512830483
312,"web|simple|medium|multi_person",-5.55263140499543,29.1850512830483
312,"mobile|two_factor|medium|multi_person",-5.79113801693891,29.1850512830483
312,"web|two_factor|high|multi_person",-10.1324307835306,29.1850512830483
312,"web|multi_factor|high|multi_person",-11.5849439317706,29.1850512830483
312,"web|simple|medium|one_to_one",-3.98926794078156,29.1850512830483
312,"web|two_factor|medium|one_to_one",-7.51886076990612,29.1850512830483
312,"mobile|simple|high|one_to_one",-1.74838827301108,29.1850512830483
312,"mobile|simple|low|multi_person",0.558029455480544,29.1850512830483
312,"web|multi_factor|low|multi_person",-7.71516273906507,29.1850512830483
312,"web|two_factor|medium|multi_person",-9.08222423411999,29.1850512830483
312,"mobile|two_factor|low|one_to_one",-1.40819990943014,29.1850512830483
312,"web|two_factor|high|one_to_one",-8.56906731931672,29.1850512830483
312,"web|two_factor|low|one_to_one",-4.69928612661122,29.1850512830483
313,"web|simple|low|multi_person",-5.22373420513497,16.2993690813096
313,"mobile|two_factor|low|multi_person",-6.00121769064299,16.2993690813096
313,"web|two_factor|low|multi_person",-10.4175256558198,16.2993690813096
313,"mobile|multi_factor|low|multi_person",-7.81061220123211,16.2993690813096
313,"mobile|simple|medium|multi_person",-2.55329408355904,16.2993690813096
313,"mobile|multi_factor|medium|multi_person",-9.556480044833,16.2993690813096
313,"web|multi_factor|medium|multi_person",-13.9727880100098,16.2993690813096
313,"mobile|simple|high|multi_person",-3.20545236280541,16.2993690813096
313,"web|simple|high|multi_person",-7.62176032798223,16.2993690813096
313,"mobile|two_factor|high|multi_person",-8.39924381349025,16.2993690813096
313,"mobile|multi_factor|high|multi_person",-10.2086383240794,16.2993690813096
313,"mobile|simple|low|one_to_one",-0.325586243975129,16.2993690813096
313,"web|simple|low|one_to_one",-4.74189420915195,16.2993690813096
313,"mobile|multi_factor|low|one_to_one",-7.32877220524909,16.2993690813096
313,"web|multi_factor|low|one_to_one",-11.7450801704259,16.2993690813096
313,"mobile|simple|medium|one_to_one",-2.07145408757602,16.2993690813096
313,"mobile|two_factor|medium|one_to_one",-7.26524553826086,16.2993690813096
313,"mobile|multi_factor|medium|one_to_one",-9.07464004884998,16.2993690813096
313,"web|multi_factor|medium|one_to_one",-13.4909480140268,16.2993690813096
313,"web|simple|high|one_to_one",-7.13992033199921,16.2993690813096
313,"mobile|two_factor|high|one_to_one",-7.91740381750723,16.2993690813096
313,"mobile|multi_factor|high|one_to_one",-9.72679832809635,16.2993690813096
313,"web|multi_factor|high|one_to_one",-14.1431062932732,16.2993690813096
313,"web|simple|medium|multi_person",-6.96960204873586,16.2993690813096
313,"mobile|two_factor|medium|multi_person",-7.74708553424388,16.2993690813096
313,"web|two_factor|high|multi_person",-12.8155517786671,16.2993690813096
313,"web|multi_factor|high|multi_person",-14.6249462892562,16.2993690813096
313,"web|simple|medium|one_to_one",-6.48776205275284,16.2993690813096
313,"web|two_factor|medium|one_to_one",-11.6815535034377,16.2993690813096
313,"mobile|simple|high|one_to_one",-2.72361236682239,16.2993690813096
313,"mobile|simple|low|multi_person",-0.80742623995815,16.2993690813096
313,"web|multi_factor|low|multi_person",-12.2269201664089,16.2993690813096
313,"web|two_factor|medium|multi_person",-12.1633934994207,16.2993690813096
313,"mobile|two_factor|low|one_to_one",-5.51937769465997,16.2993690813096
313,"web|two_factor|high|one_to_one",-12.333711782684,16.2993690813096
313,"web|two_factor|low|one_to_one",-9.93568565983679,16.2993690813096
314,"web|simple|low|multi_person",-3.77066608989148,22.8869513888383
314,"mobile|two_factor|low|multi_person",-4.66593617276445,22.8869513888383
314,"web|two_factor|low|multi_person",-8.62090124535019,22.8869513888383
314,"mobile|multi_factor|low|multi_person",-6.52233988291197,22.8869513888383
314,"mobile|simple|medium|multi_person",-1.39221054432346,22.8869513888383
314,"mobile|multi_factor|medium|multi_person",-8.09884940992969,22.8869513888383
314,"web|multi_factor|medium|multi_person",-12.0538144825154,22.8869513888383
314,"mobile|simple|high|multi_person",-3.84548138981585,22.8869513888383
314,"web|simple|high|multi_person",-7.80044646240159,22.8869513888383
314,"mobile|two_factor|high|multi_person",-8.69571654527456,22.8869513888383
314,"mobile|multi_factor|high|multi_person",-10.5521202554221,22.8869513888383
314,"mobile|simple|low|one_to_one",2.3335449567051,22.8869513888383
314,"web|simple|low|one_to_one",-1.62142011588064,22.8869513888383
314,"mobile|multi_factor|low|one_to_one",-4.37309390890113,22.8869513888383
314,"web|multi_factor|low|one_to_one",-8.32805898148687,22.8869513888383
314,"mobile|simple|medium|one_to_one",0.75703542968738,22.8869513888383
314,"mobile|two_factor|medium|one_to_one",-4.09319972577133,22.8869513888383
314,"mobile|multi_factor|medium|one_to_one",-5.94960343591885,22.8869513888383
314,"web|multi_factor|medium|one_to_one",-9.90456850850459,22.8869513888383
314,"web|simple|high|one_to_one",-5.65120048839075,22.8869513888383
314,"mobile|two_factor|high|one_to_one",-6.54647057126372,22.8869513888383
314,"mobile|multi_factor|high|one_to_one",-8.40287428141124,22.8869513888383
314,"web|multi_factor|high|one_to_one",-12.357839353997,22.8869513888383
314,"web|simple|medium|multi_person",-5.3471756169092,22.8869513888383
314,"mobile|two_factor|medium|multi_person",-6.24244569978217,22.8869513888383
314,"web|two_factor|high|multi_person",-12.6506816178603,22.8869513888383
314,"web|multi_factor|high|multi_person",-14.5070853280078,22.8869513888383
314,"web|simple|medium|one_to_one",-3.19792964289836,22.8869513888383
314,"web|two_factor|medium|one_to_one",-8.04816479835707,22.8869513888383
314,"mobile|simple|high|one_to_one",-1.69623541580501,22.8869513888383
314,"mobile|simple|low|multi_person",0.184298982694259,22.8869513888383
314,"web|multi_factor|low|multi_person",-10.4773049554977,22.8869513888383
314,"web|two_factor|medium|multi_person",-10.1974107723679,22.8869513888383
314,"mobile|two_factor|low|one_to_one",-2.51669019875361,22.8869513888383
314,"web|two_factor|high|one_to_one",-10.5014356438495,22.8869513888383
314,"web|two_factor|low|one_to_one",-6.47165527133935,22.8869513888383
